func_$_0x1000001e4,1045,False
func_$_0x1000001e6,226,False
func_$_0x1000001e8,809,False
func_$_0x1000029cf,-527,True
func_$_0x1000029e2,-531,True
func_$_0x100003048,-555,True
func_$_0x10000304d,-613,False
func_$_0x100003072,-571,True
func_$_0x100003076,-603,True
func_$_0x100003079,-415,False
func_$_0x100003211,1250,False
func_$_0x10000322b,827,True
func_$_0x10000322d,355,False
func_$_0x10000322f,845,False
func_$_0x100003231,1216,False
func_$_0x100003233,539,True
func_$_0x100003235,-5,False
func_$_0x1000032ef,612,False
func_$_0x10000393c,-557,True
func_$_0x100003a10,-40,True
func_$_0x100003a14,600,True
func_$_0x100003a37,-520,True
func_$_0x1000040a0,386,False
func_$_0x1000042c4,499,False
func_$_0x1000042c6,927,True
func_$_0x1000043e2,662,True
func_$_0x100004501,-623,False
func_$_0x10000463c,1298,False
func_$_0x10000463e,-678,True
func_$_0x10000466a,44,True
func_$_0x10000466e,496,False
func_$_0x100004915,627,False
func_$_0x10000494f,-428,False
func_$_0x100004951,465,True
func_$_0x100004953,240,False
func_$_0x100004b3c,-295,False
func_$_0x100004c82,-246,False
func_$_0x100004d42,-373,False
func_$_0x100005249,-674,True
func_$_0x100005274,1298,True
func_$_0x1000052a6,91,True
func_$_0x100005352,-292,False
func_$_0x100005364,1084,False
func_$_0x1000054c7,-626,False
func_$_0x100005cea,-608,False
func_$_0x100005cf1,186,False
func_$_0x100006339,1146,False
func_$_0x100006714,242,False
func_$_0x100006e84,322,False
func_$_0x100006e86,1149,False
func_$_0x100006e88,884,False
func_$_0x100006e8a,472,True
func_$_0x100006e8c,164,True
func_$_0x100007102,1239,False
func_$_0x100007351,7,True
func_$_0x100007359,1103,True
func_$_0x1000073ee,355,True
func_$_0x1000073f0,1168,False
func_$_0x10000763f,1143,False
func_$_0x1000077b7,-26,True
func_$_0x1000077b9,748,True
func_$_0x1000077cb,1235,True
func_$_0x1000077d1,672,True
func_$_0x100007e2b,126,True
func_$_0x100008152,-661,True
func_$_0x100008154,697,True
func_$_0x100008158,-238,True
func_$_0x10000815a,1238,True
func_$_0x100008d0a,-432,True
func_$_0x100008f8f,-164,True
func_$_0x100008fc0,1184,True
func_$_0x1000091f2,-338,False
func_$_0x1000092aa,796,True
func_$_0x1000093d3,-163,True
func_$_0x1000098c2,-653,True
func_$_0x100009d3f,1229,True
func_$_0x100009d41,-74,True
func_$d_0x10000580e,700,False
func_$e_0x100008bed,354,True
func_$e_0x100008bfb,-631,True
func_$e_0x100008c2e,185,False
func_$e_0x100008ed3,490,False
func_$e_0x100008ed9,222,True
func_$e_0x100008edf,1234,False
func_$e_0x100008ee5,359,False
func_$e_0x100008efb,1012,True
func_$e_0x100008f07,188,False
func_$e_0x100008f0d,632,False
func_$e_0x100008f1f,1067,True
func_$e_0x100008f25,-383,True
func_$e_0x100008f2c,-161,True
func_$e_0x100008f32,-247,True
func_$e_0x100008f38,532,False
func_$e_0x100008f3a,-426,False
func_$e_0x100008f40,-106,True
func_$e_0x100008f4c,498,False
func_$e_0x10000a05d,866,True
func_$i_0x1000035dd,579,True
func_$i_0x1000035df,-268,True
func_$n_0x100008c2f,-209,False
func_$n_0x100008c57,271,True
func_$n_0x100008ebe,398,True
func_$n_0x100009fe1,-568,True
func_$n_0x100009fe3,583,False
func_$n_0x10000a063,-114,True
func_$o_0x1000041be,23,True
func_$r_0x1000086ea,1206,False
func_$r_0x100008707,292,False
func_$r_0x10000870f,-662,False
func_$r_0x100008711,771,True
func_$r_0x10000875f,-95,True
func_$r_0x10000879d,341,False
func_$r_0x1000087ce,7,True
func_$r_0x1000087d3,-525,False
func_$r_0x1000087e1,498,False
func_$r_0x1000087ee,1013,True
func_$r_0x100008814,1204,False
func_$r_0x100008818,278,True
func_$r_0x10000882a,337,False
func_$r_0x100008830,-227,True
func_$r_0x10000883d,432,True
func_$r_0x1000088ac,553,True
func_$r_0x1000088b3,-204,True
func_$r_0x1000088b9,797,True
func_$r_0x1000089bf,-325,False
func_$t_0x100003260,559,False
func_$t_0x100003266,1002,True
func_$t_0x10000326a,1142,False
func_$t_0x100003273,-589,True
func_$t_0x1000032b9,243,True
func_$t_0x1000032d9,-365,True
func_$t_0x1000032e1,13,True
func_$t_0x1000032e7,405,False
func_$t_0x1000032e9,907,True
func_$t_0x10000701c,1184,True
func_$t_0x1000070b1,-306,True
func_$t_0x1000070b7,1244,False
func_$t_0x1000070cd,540,True
func_A_0x1000002dc,740,False
func_A_0x1000008e0,553,False
func_A_0x10000091e,406,True
func_A_0x100002da8,-369,True
func_A_0x100002daf,405,False
func_A_0x100002e6c,-385,True
func_A_0x100002e76,1223,True
func_A_0x100002ecc,255,False
func_A_0x100002edd,761,True
func_A_0x10000302b,1181,False
func_A_0x1000030b7,123,True
func_A_0x1000039aa,180,False
func_A_0x1000039ac,-541,False
func_A_0x1000039bc,1140,True
func_A_0x1000039ca,-539,True
func_A_0x100003e87,-454,False
func_A_0x100003ef2,356,True
func_A_0x100004321,333,False
func_A_0x100004468,-387,False
func_A_0x1000045f5,710,True
func_A_0x1000045ff,402,False
func_A_0x1000046db,-171,True
func_A_0x1000046dd,-654,False
func_A_0x100004794,29,False
func_A_0x100004796,837,True
func_A_0x1000047ac,352,True
func_A_0x100004d0d,87,False
func_A_0x100004d38,-435,False
func_A_0x100005459,445,False
func_A_0x100005536,-244,True
func_A_0x100005905,438,True
func_A_0x100005932,1119,False
func_A_0x10000594d,1016,False
func_A_0x10000597f,421,False
func_A_0x100005a13,-644,True
func_A_0x100006219,1191,True
func_A_0x100006225,-579,True
func_A_0x100006231,553,False
func_A_0x10000630c,-117,False
func_A_0x10000650a,1054,False
func_A_0x1000067ea,49,True
func_A_0x100006804,1116,True
func_A_0x100006897,470,True
func_A_0x100006a91,1145,False
func_A_0x100006aa6,744,False
func_A_0x100006ba7,-4,False
func_A_0x100006c75,-658,True
func_A_0x100006f79,1291,False
func_A_0x10000712d,-63,True
func_A_0x100007145,476,False
func_A_0x100007154,-448,False
func_A_0x10000722e,464,True
func_A_0x100007684,15,False
func_A_0x100007aa6,39,False
func_A_0x100007c6c,-205,True
func_A_0x100007c7f,56,False
func_A_0x100007c84,1229,True
func_A_0x100007ca2,-533,True
func_A_0x100007d29,820,True
func_A_0x100007d49,150,True
func_A_0x100007d55,1129,False
func_A_0x100007d5f,1222,False
func_A_0x100007daa,658,False
func_A_0x1000089f2,1278,False
func_A_0x100008a46,-257,False
func_A_0x100008cd8,-161,True
func_A_0x100008f55,1136,False
func_A_0x100009375,-689,True
func_A_0x1000096bc,492,False
func_A_0x100009925,75,False
func_Ae_0x100003337,-289,True
func_Ae_0x100003339,843,False
func_Ae_0x10000333b,-150,False
func_Ae_0x1000033ab,303,True
func_Ae_0x100004db4,533,True
func_Ae_0x100005d06,-33,True
func_Ae_0x1000060c7,1158,False
func_Ae_0x1000066a9,1164,True
func_Ae_0x1000066cf,-123,True
func_Ae_0x1000069fa,1154,True
func_Ae_0x100007640,201,True
func_Ae_0x100007662,-466,True
func_Ae_0x100007664,1295,True
func_Ae_0x100007666,179,True
func_Ae_0x100007f6f,1291,True
func_Ae_0x100007f73,-632,True
func_Ae_0x1000098d3,608,True
func_Ae_0x1000098d9,961,True
func_Ae_0x1000098db,-291,False
func_Ae_0x1000098df,411,True
func_Ae_0x1000098e1,384,False
func_Ae_0x1000098e9,-227,False
func_Ae_0x100009c25,386,True
func_Ae_0x100009eae,-522,False
func_Ae_0x100009eb0,206,True
func_Ae_0x100009eb7,-320,True
func_Ae_0x100009ebf,-536,True
func_Ae_0x100009ec9,-12,False
func_Ae_0x100009ecb,88,True
func_Ae_0x100009ef1,1048,False
func_An_0x100002caa,561,True
func_An_0x100005189,407,True
func_Ao_0x1000037a4,62,False
func_Ar_0x10000078e,22,False
func_Ar_0x10000702f,676,True
func_Ar_0x100009512,818,True
func_Ar_0x1000097a2,1043,True
func_Ar_0x1000097af,-300,True
func_Ar_0x1000097c6,25,True
func_Ar_0x1000097d9,1086,True
func_Ar_0x1000097e4,780,False
func_Ar_0x1000097e6,1092,True
func_Ar_0x100009a2d,916,False
func_At_0x100005555,325,True
func_At_0x100005557,-689,True
func_At_0x10000561f,994,False
func_At_0x100005631,962,True
func_At_0x100005633,1285,True
func_At_0x100005667,145,True
func_At_0x100005677,1093,True
func_At_0x100005679,1103,True
func_At_0x10000567b,1088,True
func_At_0x100005683,-33,True
func_At_0x100005685,280,True
func_At_0x10000568d,-356,True
func_At_0x10000568f,511,True
func_At_0x100005691,879,True
func_At_0x100005695,218,True
func_At_0x100005699,246,False
func_At_0x1000056a1,347,True
func_At_0x1000056a3,1001,False
func_At_0x1000056d5,72,True
func_At_0x1000056d9,374,True
func_At_0x1000056e1,-64,False
func_At_0x1000056e5,844,False
func_At_0x1000056e9,640,True
func_At_0x1000056ef,43,False
func_At_0x1000056f1,1254,False
func_At_0x1000056f3,-275,True
func_At_0x100005707,294,False
func_At_0x100005709,1282,False
func_At_0x100005715,-39,True
func_At_0x100005717,-158,True
func_At_0x10000571f,609,False
func_At_0x100005721,605,True
func_At_0x10000572a,29,False
func_At_0x10000575f,-300,False
func_At_0x10000576a,256,True
func_At_0x10000577f,-496,True
func_At_0x100005782,607,False
func_At_0x100005785,711,False
func_At_0x100005787,182,True
func_At_0x10000578e,324,True
func_At_0x1000057d0,278,False
func_At_0x1000057f9,618,False
func_At_0x10000581a,-274,False
func_At_0x10000581c,1128,True
func_At_0x100005832,536,True
func_At_0x100005836,858,False
func_At_0x10000583e,236,False
func_At_0x100005843,901,False
func_B_0x100000120,-515,True
func_B_0x10000012c,692,True
func_B_0x100000150,261,False
func_B_0x1000001a7,-120,False
func_B_0x1000001db,945,False
func_B_0x100000202,-576,False
func_B_0x100000561,1288,False
func_B_0x1000029c2,1246,False
func_B_0x100002b06,389,False
func_B_0x100002b0b,693,False
func_B_0x100002dd0,-685,False
func_B_0x100002dd2,-149,True
func_B_0x100002dd6,39,False
func_B_0x100002dda,-47,True
func_B_0x100002de1,764,True
func_B_0x100002e88,749,True
func_B_0x100002ed6,78,True
func_B_0x100002ee0,-284,True
func_B_0x100002eef,-322,True
func_B_0x100003014,119,False
func_B_0x100003016,603,True
func_B_0x10000301a,-57,False
func_B_0x1000030ce,1078,False
func_B_0x100003165,1183,False
func_B_0x100003209,-269,False
func_B_0x100003224,776,False
func_B_0x100003e6f,-87,True
func_B_0x1000043ba,-632,True
func_B_0x1000043f8,714,False
func_B_0x100004535,6,False
func_B_0x1000045e5,182,False
func_B_0x1000047e9,434,False
func_B_0x100004890,532,True
func_B_0x100004892,603,False
func_B_0x100004894,-457,True
func_B_0x100004a4a,468,True
func_B_0x100004aff,1081,True
func_B_0x100004b0b,-363,True
func_B_0x100004caa,-113,False
func_B_0x100004cde,943,False
func_B_0x10000512e,996,False
func_B_0x1000052c8,722,True
func_B_0x1000058d6,1284,False
func_B_0x1000058de,-151,False
func_B_0x100005935,991,False
func_B_0x10000593c,571,False
func_B_0x10000598f,-377,True
func_B_0x1000059da,1265,True
func_B_0x100005e13,-515,True
func_B_0x100005e1f,511,False
func_B_0x100005eb9,134,True
func_B_0x100005f5e,1285,True
func_B_0x100005fbe,660,False
func_B_0x100005fde,581,True
func_B_0x100006206,21,False
func_B_0x100006292,-159,True
func_B_0x1000062f1,1036,True
func_B_0x100006342,-39,False
func_B_0x1000065ac,1081,True
func_B_0x100006964,-683,False
func_B_0x100006997,1146,False
func_B_0x100006f2a,588,True
func_B_0x1000071d4,850,False
func_B_0x1000071db,453,True
func_B_0x1000071dd,184,False
func_B_0x10000759c,560,False
func_B_0x100007706,860,True
func_B_0x100007817,804,False
func_B_0x10000781b,161,False
func_B_0x100007835,1062,True
func_B_0x100007837,1290,False
func_B_0x1000078ca,-48,False
func_B_0x1000078ce,-674,True
func_B_0x1000078d0,971,True
func_B_0x1000079ec,1263,False
func_B_0x100007a6d,-35,True
func_B_0x100007a71,-409,False
func_B_0x100007a77,795,False
func_B_0x100007a79,-559,False
func_B_0x100007df0,283,False
func_B_0x100007ed4,-62,True
func_B_0x100008168,-63,True
func_B_0x1000082d1,-36,True
func_B_0x10000832b,668,False
func_B_0x100008f7e,-482,False
func_B_0x1000091cc,81,False
func_B_0x100009446,-317,False
func_B_0x100009475,197,False
func_B_0x100009816,-177,True
func_B_0x100009891,378,False
func_B_0x100009893,892,False
func_B_0x100009907,679,True
func_Be_0x100002f1f,956,True
func_Be_0x100002f23,1179,True
func_Be_0x100002f25,-181,False
func_Be_0x100002f2b,329,False
func_Be_0x100005c33,-567,False
func_Be_0x100005c42,-193,False
func_Be_0x100005c49,478,True
func_Be_0x100005c57,518,False
func_Be_0x100005c79,-326,False
func_Be_0x100005c89,1036,False
func_Be_0x1000065ca,400,False
func_Be_0x1000065d0,-609,True
func_Be_0x1000065d6,658,True
func_Be_0x100006606,1115,True
func_Be_0x100006740,-439,False
func_Be_0x100006c45,-277,False
func_Be_0x100007259,-49,False
func_Be_0x10000725f,-607,False
func_Be_0x1000072a7,5,False
func_Be_0x1000072b7,797,True
func_Be_0x1000072c5,1105,False
func_Be_0x100007899,536,True
func_Be_0x10000795e,-635,True
func_Be_0x100007979,580,False
func_Be_0x10000797d,902,False
func_Be_0x100007983,528,True
func_Be_0x10000798d,980,False
func_Be_0x100007992,988,True
func_Be_0x100007997,254,False
func_Be_0x10000799f,487,False
func_Be_0x1000079a1,92,True
func_Be_0x10000866d,1225,False
func_Be_0x100008675,828,False
func_Be_0x10000867b,72,True
func_Be_0x10000867f,-300,True
func_Be_0x100008681,52,True
func_Be_0x100008687,329,True
func_Be_0x100008692,-688,False
func_Be_0x100008697,1272,False
func_Be_0x10000869a,918,False
func_Be_0x1000086cf,-454,True
func_Be_0x100009858,-405,True
func_Be_0x100009b25,-667,False
func_Be_0x100009c0d,1181,False
func_Bi_0x100008bff,92,True
func_Bi_0x100008c03,921,True
func_Bi_0x100008c09,-353,True
func_Bi_0x100008c0b,735,False
func_Bi_0x10000a00e,819,True
func_Bi_0x10000a056,715,True
func_Bn_0x100003f79,-118,True
func_Bo_0x10000a018,286,True
func_Bo_0x10000a01a,-310,True
func_Br_0x10000074f,829,True
func_Br_0x10000077f,1044,False
func_Br_0x10000411b,891,False
func_Br_0x10000426d,240,True
func_Br_0x1000042b2,330,True
func_Br_0x100008b74,-474,False
func_Br_0x100008b78,325,False
func_Br_0x100008b7a,-392,True
func_Br_0x100008b82,706,True
func_Br_0x100008b84,-413,True
func_Br_0x100008b88,803,False
func_Br_0x100008b8a,536,True
func_Br_0x100008b92,120,True
func_Br_0x100008b94,280,True
func_Br_0x100008b98,393,False
func_Br_0x100008b9a,958,True
func_Br_0x100008b9c,-693,True
func_Br_0x100008b9e,-566,True
func_Br_0x100008ba2,-130,False
func_Br_0x100008ba8,904,True
func_Br_0x100008baa,161,False
func_Br_0x100008bac,311,True
func_Br_0x100008bb2,374,True
func_Br_0x100008bb4,-232,False
func_Br_0x100008bb6,1242,False
func_Br_0x100008bb8,-182,True
func_Br_0x100008bba,-405,False
func_Br_0x100008bbc,-201,False
func_Br_0x100008bc0,1118,True
func_Br_0x100008bd0,-605,False
func_Br_0x100008bd2,1014,False
func_Br_0x100008bd4,451,True
func_Br_0x100008bd6,847,True
func_Br_0x100008bd8,-56,False
func_Br_0x100008bda,1124,True
func_Br_0x100008be2,-659,False
func_Br_0x100008be4,848,True
func_Br_0x100008c80,-299,False
func_Br_0x100009fbe,19,True
func_Br_0x100009fdb,689,False
func_Bt_0x100003db7,-315,False
func_Bt_0x1000089ca,1291,True
func_Bt_0x1000089d6,-249,False
func_Bt_0x1000089e1,-474,False
func_Bt_0x1000089e8,434,False
func_C_0x10000011b,-245,True
func_C_0x1000001af,-84,True
func_C_0x100000206,1238,True
func_C_0x1000029c6,628,True
func_C_0x100002dce,532,False
func_C_0x100002de4,343,True
func_C_0x100002df1,300,False
func_C_0x100002df4,-234,True
func_C_0x100002df6,1184,True
func_C_0x100002dfa,-436,True
func_C_0x100002e8f,1012,False
func_C_0x100002ecd,138,False
func_C_0x100002ecf,191,False
func_C_0x100002ed1,1294,False
func_C_0x100002ef1,1066,True
func_C_0x100002ef6,-163,False
func_C_0x100002efa,82,True
func_C_0x100002f05,-357,False
func_C_0x100003018,144,False
func_C_0x100003035,104,False
func_C_0x1000030b4,-597,False
func_C_0x100003158,-231,False
func_C_0x1000039e7,-312,False
func_C_0x100003e6a,-370,False
func_C_0x100004490,711,True
func_C_0x100004541,-134,False
func_C_0x100004543,612,False
func_C_0x100004545,217,False
func_C_0x100004547,843,True
func_C_0x10000464e,437,False
func_C_0x10000469d,-515,True
func_C_0x1000046c2,777,True
func_C_0x1000046cc,-422,False
func_C_0x100004900,729,True
func_C_0x100004ad4,828,True
func_C_0x100004cac,773,True
func_C_0x100004cb5,644,True
func_C_0x100004ce8,-537,False
func_C_0x100004d1f,132,False
func_C_0x10000510d,-646,False
func_C_0x10000511c,848,True
func_C_0x100005121,-144,True
func_C_0x100005138,-257,False
func_C_0x1000052c4,605,True
func_C_0x10000543a,1282,True
func_C_0x10000550e,-382,False
func_C_0x1000058d4,1180,False
func_C_0x1000058da,-183,False
func_C_0x1000058e7,85,False
func_C_0x1000058f2,433,True
func_C_0x100005933,1186,True
func_C_0x100005940,751,False
func_C_0x1000059fe,345,False
func_C_0x100005c9c,270,False
func_C_0x100005c9e,1243,True
func_C_0x100005e11,975,True
func_C_0x100006197,-292,False
func_C_0x100006204,1209,True
func_C_0x100006208,-24,False
func_C_0x10000620b,34,True
func_C_0x100006215,-376,True
func_C_0x10000642e,1047,False
func_C_0x100006492,59,True
func_C_0x100006494,937,True
func_C_0x1000065a8,199,True
func_C_0x1000065b6,1242,False
func_C_0x1000067d4,-539,False
func_C_0x1000067da,1184,True
func_C_0x1000067f4,-580,False
func_C_0x1000067f6,1150,True
func_C_0x10000689b,-680,True
func_C_0x10000689f,617,True
func_C_0x100006959,206,True
func_C_0x100006966,38,True
func_C_0x100006ab0,476,False
func_C_0x100006ba4,-620,False
func_C_0x100006ca6,454,False
func_C_0x100006cb1,-200,False
func_C_0x100006cbd,1071,False
func_C_0x100006cf9,-412,False
func_C_0x1000071d7,-695,True
func_C_0x1000072ca,1109,False
func_C_0x1000075a3,719,False
func_C_0x1000076e2,605,False
func_C_0x100007720,663,False
func_C_0x1000078c8,-282,False
func_C_0x1000079f5,177,False
func_C_0x100007a5a,423,False
func_C_0x100007a7e,1094,False
func_C_0x100007d2c,242,True
func_C_0x100007e42,99,False
func_C_0x100007ed0,-159,True
func_C_0x100007ed8,426,False
func_C_0x100007eda,-84,False
func_C_0x100007edc,-140,False
func_C_0x100008589,-550,False
func_C_0x10000859e,-242,True
func_C_0x100008a1b,-659,True
func_C_0x100008a1f,120,True
func_C_0x100008a21,694,True
func_C_0x100008a23,245,False
func_C_0x100008a25,895,True
func_C_0x100008af4,574,True
func_C_0x100008c94,1022,True
func_C_0x1000092c2,1165,True
func_C_0x100009441,-16,False
func_C_0x100009569,-642,False
func_C_0x100009813,710,True
func_C_0x10000990a,588,True
func_C_0x100009d67,692,False
func_C_0x100009d7b,115,True
func_C_0x10000a096,-435,False
func_Ce_0x100003b7b,21,True
func_Ce_0x100003bb6,321,True
func_Ce_0x100003bba,1269,False
func_Ce_0x100003bc6,385,False
func_Ce_0x100003c1f,991,False
func_Ce_0x100003cbc,-400,True
func_Ce_0x100003d33,1157,False
func_Ce_0x100003d3f,612,True
func_Ce_0x100003d65,1176,False
func_Ce_0x100003dc9,678,False
func_Ce_0x100003e3c,454,True
func_Ce_0x100005559,682,False
func_Cn_0x100003bcb,-361,False
func_Cn_0x100003be2,-442,True
func_Cn_0x100003c92,415,False
func_Cn_0x100003d01,863,False
func_Cn_0x100003d75,882,True
func_Co_0x100008414,508,False
func_Co_0x100009fea,-691,True
func_Co_0x100009fec,1167,False
func_Co_0x10000a06b,749,False
func_Cr_0x100003b83,-331,True
func_Cr_0x100003dab,56,False
func_Cr_0x100003dae,177,False
func_Cr_0x100003e02,-299,False
func_Cr_0x100003e0a,981,True
func_Cr_0x100004e62,885,False
func_Cr_0x100004e64,797,True
func_Cr_0x100004f9c,-202,True
func_Cr_0x100004faf,157,True
func_Cr_0x100004fbb,582,True
func_Cr_0x100004fd9,512,True
func_Cr_0x100004fe1,-673,True
func_Cr_0x100005011,1067,False
func_Cr_0x10000501f,-329,True
func_Cr_0x100005031,-636,True
func_Ct_0x100004e76,1075,False
func_Cu_0x100008735,-3,False
func_Cu_0x100008884,725,True
func_Cu_0x100008886,429,False
func_Cu_0x100008888,-224,True
func_Cu_0x100008897,-310,True
func_D_0x10000013a,134,True
func_D_0x100000208,1293,False
func_D_0x100000266,961,True
func_D_0x100000268,461,True
func_D_0x10000026c,1234,False
func_D_0x1000002f1,430,True
func_D_0x100002a55,-348,False
func_D_0x100002a59,283,False
func_D_0x100002a5d,802,True
func_D_0x100002e40,-405,True
func_D_0x100002fd4,1067,False
func_D_0x100002fd6,-258,False
func_D_0x100002fd8,918,True
func_D_0x100002fda,596,False
func_D_0x100002fdc,662,False
func_D_0x100003062,945,True
func_D_0x100003066,-195,True
func_D_0x10000308d,492,False
func_D_0x100003097,-180,True
func_D_0x1000030bb,945,False
func_D_0x1000030bd,251,True
func_D_0x1000030d3,928,False
func_D_0x1000030f0,329,False
func_D_0x100003e6d,-298,True
func_D_0x100003eaf,514,False
func_D_0x100003ee3,-419,True
func_D_0x1000043f4,-503,True
func_D_0x10000447a,274,True
func_D_0x1000044b3,1078,False
func_D_0x1000044b9,286,False
func_D_0x1000044bb,631,True
func_D_0x100004536,-220,True
func_D_0x100004895,1052,False
func_D_0x100004bfd,1176,False
func_D_0x100004c09,-454,False
func_D_0x100004cc3,-108,True
func_D_0x100004cdc,-636,False
func_D_0x10000544c,-258,True
func_D_0x100005470,-633,True
func_D_0x100005475,617,False
func_D_0x10000549d,318,False
func_D_0x1000054a3,-508,True
func_D_0x1000054a5,488,False
func_D_0x100005966,-342,True
func_D_0x100005968,-400,True
func_D_0x1000059ee,-313,False
func_D_0x100005ac3,475,False
func_D_0x100005acb,1073,True
func_D_0x100005f66,-616,True
func_D_0x100005fb4,466,True
func_D_0x100005fc3,158,True
func_D_0x1000062b5,-578,False
func_D_0x1000062b7,-641,True
func_D_0x1000062b9,5,True
func_D_0x1000062bb,24,False
func_D_0x1000062bd,-318,True
func_D_0x1000063f0,-20,True
func_D_0x10000641a,819,True
func_D_0x10000641e,853,False
func_D_0x100006422,416,False
func_D_0x100006428,405,False
func_D_0x1000066fd,-442,True
func_D_0x1000066ff,-598,True
func_D_0x100006a42,1210,True
func_D_0x100006a48,1009,True
func_D_0x100006acb,-59,True
func_D_0x100006cdb,-583,False
func_D_0x100006f1b,1100,True
func_D_0x100006f86,990,False
func_D_0x1000071ec,105,False
func_D_0x1000071ef,698,True
func_D_0x1000071f1,-164,True
func_D_0x100007214,1255,False
func_D_0x100007695,592,False
func_D_0x1000076e5,22,True
func_D_0x10000771a,-617,False
func_D_0x100007721,1232,False
func_D_0x100007725,141,True
func_D_0x100007727,-347,True
func_D_0x10000776d,291,False
func_D_0x10000776f,135,True
func_D_0x100007771,603,False
func_D_0x1000077a1,148,False
func_D_0x100007805,444,False
func_D_0x100007811,1008,False
func_D_0x1000078cb,90,False
func_D_0x100007cac,250,False
func_D_0x100007d35,-20,False
func_D_0x100007e1c,331,True
func_D_0x100007ef1,-644,False
func_D_0x1000080ee,624,True
func_D_0x100008169,893,True
func_D_0x10000816b,776,True
func_D_0x100008175,438,True
func_D_0x100009456,811,False
func_D_0x100009648,-482,True
func_D_0x100009955,908,True
func_D_0x10000995e,406,True
func_D_0x100009c64,213,True
func_De_0x100003bee,1,True
func_De_0x100003d50,365,True
func_De_0x100003d52,107,True
func_De_0x100003d6d,1233,True
func_De_0x100003dfb,-685,True
func_De_0x100004e80,-386,True
func_De_0x100004f98,604,True
func_De_0x100004f9a,108,False
func_De_0x100004f9e,543,False
func_De_0x100004fb1,-83,True
func_De_0x100004fb3,-45,False
func_De_0x100004fb9,-438,False
func_De_0x100004fc1,1270,False
func_De_0x100004fc3,369,True
func_De_0x100004fc5,1248,False
func_De_0x100004fcd,-461,False
func_De_0x100004fd1,1080,True
func_De_0x100004fd5,149,True
func_De_0x100004fdf,202,False
func_De_0x100004fe3,-648,True
func_De_0x100004fe9,-114,True
func_De_0x100004feb,-252,True
func_De_0x100005001,-469,False
func_De_0x10000500d,159,True
func_De_0x100005013,-483,True
func_De_0x10000501d,1214,False
func_De_0x100005027,1154,True
func_De_0x100005033,991,True
func_De_0x100005035,-566,True
func_De_0x100005049,941,True
func_De_0x10000504f,668,False
func_De_0x100005055,-218,True
func_De_0x10000505d,-244,True
func_De_0x100005061,268,False
func_De_0x100005065,637,True
func_De_0x100005067,66,False
func_De_0x100005073,1208,False
func_De_0x100005081,1206,False
func_De_0x100005089,408,False
func_De_0x10000508b,1026,True
func_De_0x100005097,1148,False
func_De_0x100005099,-325,False
func_De_0x10000509c,434,False
func_De_0x10000509e,-222,True
func_De_0x1000050a0,-152,False
func_De_0x1000050a7,687,False
func_De_0x1000050b0,568,False
func_De_0x1000050b2,1235,True
func_De_0x1000050ba,631,True
func_De_0x1000050be,629,True
func_De_0x1000050c8,531,False
func_De_0x1000050ca,237,True
func_De_0x1000050d6,1182,True
func_De_0x1000050e6,956,False
func_De_0x1000050e8,-541,False
func_De_0x1000050f8,1048,True
func_Di_0x100004e82,446,True
func_Dn_0x1000037cb,-100,True
func_Dn_0x1000037fd,729,True
func_Dn_0x1000038f1,-468,True
func_Dn_0x1000038f5,-22,True
func_Do_0x100008723,379,False
func_Do_0x100008752,840,False
func_Do_0x10000877c,410,True
func_Do_0x1000087a8,-143,False
func_Do_0x1000087aa,149,True
func_Do_0x1000087ac,920,False
func_Do_0x1000087c9,1111,False
func_Do_0x1000087f7,-417,True
func_Do_0x10000884b,-565,True
func_Do_0x10000884d,-512,True
func_Do_0x100008856,1139,True
func_Do_0x100008864,1210,False
func_Dr_0x1000035a4,1243,False
func_Dr_0x1000035ac,235,False
func_Dr_0x1000035be,536,True
func_Dr_0x1000035d6,-384,True
func_Dr_0x1000035e6,612,False
func_Dr_0x1000035f8,357,False
func_Dr_0x1000035fa,907,False
func_Dr_0x100003600,-598,False
func_Dr_0x10000360a,-410,True
func_Dr_0x10000360c,1050,True
func_Dr_0x10000360e,27,False
func_Dr_0x100003614,768,False
func_Dr_0x100003616,1206,False
func_Dr_0x10000361c,1109,True
func_Dr_0x100003620,4,True
func_Dr_0x100003622,264,False
func_Dr_0x100003624,-393,False
func_Dr_0x100003626,-648,True
func_Dr_0x100003628,1257,True
func_Dr_0x10000362c,877,False
func_Dr_0x10000362e,-493,True
func_Dr_0x100003632,698,False
func_Dr_0x10000363c,1121,False
func_Dr_0x10000363e,392,True
func_Dr_0x100003644,1282,True
func_Dr_0x100003648,-344,False
func_Dr_0x100003654,-156,True
func_Dr_0x10000365a,736,True
func_Dr_0x10000365e,530,False
func_Dr_0x100003662,304,True
func_Dr_0x100003666,-655,False
func_Dr_0x100003668,260,True
func_Dr_0x10000366c,443,True
func_Dr_0x10000366e,-145,False
func_Dr_0x100003670,273,True
func_Dr_0x100003672,24,False
func_Dr_0x100003680,420,False
func_Dr_0x100003682,-189,False
func_Dr_0x100003684,835,False
func_Dr_0x100003696,-318,False
func_Dr_0x100003698,521,True
func_Dr_0x10000369c,469,True
func_Dr_0x1000036a4,-497,True
func_Dr_0x1000036a8,328,True
func_Dr_0x1000036ac,701,False
func_Dr_0x1000036b0,184,True
func_Dr_0x1000036b2,821,False
func_Dr_0x1000036b8,-146,True
func_Dr_0x1000036bc,-252,False
func_Dr_0x1000036c0,1160,False
func_Dr_0x1000036c2,1228,False
func_Dr_0x1000036c6,164,True
func_Dr_0x1000036ce,338,False
func_Dr_0x1000036e0,-453,False
func_Dr_0x1000036e2,91,True
func_Dr_0x1000036e6,305,False
func_Dr_0x1000036e8,-1,False
func_Dr_0x1000036ec,224,True
func_Dr_0x1000036f4,232,True
func_Dr_0x1000036fa,459,False
func_Dr_0x1000036fc,396,False
func_Dr_0x100003700,-689,True
func_Dr_0x100003702,-145,False
func_Dr_0x100003706,1047,True
func_Dr_0x100003708,567,False
func_Dr_0x10000370c,-84,False
func_Dr_0x100003716,-484,False
func_Dr_0x100003718,683,False
func_Dr_0x10000371c,-529,True
func_Dr_0x10000371e,788,True
func_Dr_0x100003724,-366,False
func_Dr_0x100003726,491,False
func_Dr_0x100003728,820,True
func_Dr_0x10000372a,749,True
func_Dr_0x10000372c,-487,True
func_Dr_0x10000372e,450,True
func_Dr_0x100003734,824,True
func_Dr_0x10000373a,-122,False
func_Dr_0x10000373e,963,False
func_Dr_0x100003740,-335,False
func_Dr_0x100003742,-420,False
func_Dr_0x100003746,-209,True
func_Dr_0x10000374a,7,True
func_Dr_0x10000374e,-697,False
func_Dr_0x100003750,-311,False
func_Dr_0x100003756,1086,False
func_Dr_0x10000375a,984,True
func_Dr_0x10000375e,939,False
func_Dr_0x100003764,-368,False
func_Dr_0x100003768,289,True
func_Dr_0x10000376c,15,False
func_Dr_0x100003770,-483,True
func_Dr_0x100003772,-158,True
func_Dr_0x100003786,-111,True
func_Dr_0x1000038fc,-44,False
func_Dr_0x100003908,-314,False
func_Dt_0x100002f3c,866,False
func_Dt_0x100002f48,-434,False
func_Dt_0x1000046f7,-96,True
func_Dt_0x1000046fd,-415,False
func_Dt_0x1000046ff,871,False
func_Dt_0x100004701,123,True
func_Dt_0x10000470b,1095,False
func_Dt_0x100004719,844,False
func_Dt_0x10000471b,507,False
func_Dt_0x10000471f,835,True
func_Dt_0x100004721,-21,False
func_Dt_0x100004723,1008,True
func_Dt_0x100004727,870,True
func_Dt_0x10000472b,511,False
func_Dt_0x10000472d,961,True
func_Dt_0x10000472f,220,False
func_Dt_0x100004733,1152,True
func_Dt_0x100004735,155,True
func_Dt_0x10000473b,-288,True
func_Dt_0x10000473d,959,False
func_Dt_0x100004747,-166,False
func_Dt_0x10000474b,-376,True
func_Dt_0x100004751,710,False
func_Dt_0x10000475b,-140,False
func_Dt_0x10000475d,275,True
func_Dt_0x10000475f,155,False
func_Dt_0x100004765,417,True
func_Dt_0x100004767,485,True
func_Dt_0x100004769,1191,True
func_Dt_0x100005170,-385,False
func_Dt_0x100005192,771,False
func_Dt_0x100005196,-230,True
func_Dt_0x100005198,855,False
func_Dt_0x100005c3f,-305,False
func_Dt_0x100005c5f,598,False
func_Dt_0x100005c6b,467,False
func_Dt_0x100007266,207,False
func_Dt_0x1000094df,39,False
func_Dt_0x1000094e1,961,False
func_Dt_0x1000094e3,723,True
func_Dt_0x1000094e5,-671,True
func_Dt_0x1000094e9,-176,False
func_Dt_0x1000094eb,-55,False
func_Dt_0x1000094ef,-109,True
func_Dt_0x1000094f3,-528,True
func_Dt_0x1000094f5,335,False
func_Dt_0x100009bfe,-583,False
func_Dt_0x100009ce0,-368,False
func_Dt_0x100009cf3,-682,False
func_Dt_0x100009cfa,-442,True
func_Dt_0x100009d09,816,False
func_Dt_0x100009d18,-435,False
func_Dt_0x100009d1d,546,True
func_Dt_0x100009d1f,1046,False
func_Du_0x1000041c3,-429,False
func_E_0x100000127,-30,False
func_E_0x10000014b,232,False
func_E_0x100000263,-231,False
func_E_0x1000002c8,993,True
func_E_0x1000002ca,546,True
func_E_0x1000002ce,1027,True
func_E_0x1000002d2,-150,True
func_E_0x1000002d4,759,False
func_E_0x1000002e5,453,False
func_E_0x1000008b6,800,False
func_E_0x100002992,911,False
func_E_0x1000029c4,505,False
func_E_0x100002ddf,-287,False
func_E_0x100002dea,829,True
func_E_0x100002def,325,False
func_E_0x100002df8,-696,True
func_E_0x100002e01,780,False
func_E_0x100002ed8,626,True
func_E_0x100002eda,-156,True
func_E_0x100002ee2,1250,False
func_E_0x100002ee4,21,True
func_E_0x100002ef8,133,False
func_E_0x100002efc,-366,False
func_E_0x100002efe,759,True
func_E_0x10000315a,1015,False
func_E_0x10000341d,1279,False
func_E_0x1000039cb,265,False
func_E_0x100003e96,-244,True
func_E_0x10000449b,-207,True
func_E_0x10000449d,427,False
func_E_0x1000044a5,363,False
func_E_0x10000453f,298,True
func_E_0x100004549,1191,True
func_E_0x1000045b0,81,True
func_E_0x100004628,565,False
func_E_0x1000046c4,1021,True
func_E_0x1000046c6,-254,True
func_E_0x1000046c8,-638,False
func_E_0x1000046ca,-485,False
func_E_0x100004c3e,270,True
func_E_0x100004cb3,237,True
func_E_0x100005130,1082,False
func_E_0x1000052c6,-81,True
func_E_0x1000052ca,470,False
func_E_0x1000052cc,703,False
func_E_0x100005942,588,False
func_E_0x100005a00,1120,False
func_E_0x100005ca4,-322,False
func_E_0x100006199,317,True
func_E_0x10000629e,145,False
func_E_0x1000063fd,-277,True
func_E_0x100006404,909,True
func_E_0x10000648e,109,True
func_E_0x100006496,-415,True
func_E_0x1000064ad,1264,False
func_E_0x1000067d6,-359,False
func_E_0x1000067e0,1204,True
func_E_0x1000067fa,465,False
func_E_0x100006805,-477,False
func_E_0x1000068a1,367,False
func_E_0x1000068a3,272,False
func_E_0x100006968,1247,False
func_E_0x10000696f,-372,True
func_E_0x100006e79,-298,True
func_E_0x1000070d8,1252,True
func_E_0x100007598,615,False
func_E_0x1000075a5,617,True
func_E_0x1000078c1,443,True
func_E_0x10000792e,557,False
func_E_0x100007930,772,False
func_E_0x100007932,1185,False
func_E_0x1000079ee,897,True
func_E_0x100007a55,-104,True
func_E_0x100007a7c,258,True
func_E_0x100007a95,583,False
func_E_0x100007e48,352,False
func_E_0x10000833f,1127,False
func_E_0x100008349,352,True
func_E_0x10000858b,1036,True
func_E_0x1000085b6,55,True
func_E_0x1000085b8,1003,False
func_E_0x1000089f8,820,True
func_E_0x100008a17,-226,False
func_E_0x100008a19,277,True
func_E_0x100008a1d,492,True
func_E_0x100008a7c,829,False
func_E_0x10000907e,881,True
func_E_0x10000927c,-282,False
func_E_0x10000927f,235,True
func_E_0x1000092f4,-504,True
func_E_0x100009444,278,False
func_E_0x10000945e,-384,False
func_E_0x100009818,150,True
func_E_0x10000981a,74,False
func_E_0x10000990c,270,False
func_E_0x100009922,-78,False
func_E_0x10000993f,-290,False
func_E_0x100009950,1214,True
func_E_0x100009952,-482,False
func_Ee_0x100002a12,1148,False
func_Ee_0x100002ad4,966,False
func_Ee_0x100002b91,436,True
func_Ee_0x100002b93,-145,False
func_Ee_0x100002b99,-8,True
func_Ee_0x100002bf2,555,False
func_Ee_0x1000031d9,1294,False
func_Ee_0x10000394a,546,True
func_Ee_0x100004a81,729,True
func_Ee_0x100004a89,267,True
func_Ee_0x100004aa5,776,False
func_Ee_0x100004d9e,335,True
func_Ee_0x100004da0,-576,True
func_Ee_0x100004da2,592,False
func_Ee_0x100004da6,-663,False
func_Ee_0x100004da8,244,True
func_Ee_0x100004db1,91,True
func_Ee_0x100004db6,515,True
func_Ee_0x100004db9,21,True
func_Ee_0x100004dbb,-701,True
func_Ee_0x100004dbd,664,False
func_Ee_0x100004dc5,187,False
func_Ee_0x100004dc9,339,True
func_Ee_0x100004dcb,648,True
func_Ee_0x100004dd3,-238,False
func_Ee_0x100004dd5,297,False
func_Ee_0x100004dd7,-623,True
func_Ee_0x1000060c5,328,False
func_Ee_0x1000065c0,-341,False
func_Ee_0x1000066a8,-38,False
func_Ee_0x1000069d6,-92,False
func_Ee_0x1000069e3,956,False
func_Ee_0x100007e82,-231,False
func_Ee_0x1000081d4,692,False
func_Ee_0x1000094a6,-487,True
func_Ee_0x100009c1e,-599,True
func_Ei_0x1000035d8,732,False
func_Eo_0x100003d1d,948,True
func_Eo_0x100003d2f,1061,True
func_Eo_0x100003d34,-31,True
func_Eo_0x100003d3b,950,True
func_Eo_0x100003d68,-664,True
func_Eo_0x100003e3d,563,False
func_Et_0x100004411,994,True
func_Et_0x10000498b,741,True
func_Et_0x100004a74,936,True
func_Et_0x1000065ea,-297,True
func_Et_0x100006db0,282,False
func_Et_0x100006dbb,-653,False
func_Et_0x100006dcd,821,False
func_Et_0x100006dd7,-255,False
func_Et_0x100006ddd,575,True
func_Et_0x100006de1,-41,True
func_Et_0x100006de3,531,False
func_Et_0x100006fd3,928,False
func_Et_0x100009698,1212,False
func_Et_0x100009849,937,False
func_Eu_0x10000873b,-27,True
func_F_0x100000293,647,False
func_F_0x100002c1a,-51,False
func_F_0x1000030c5,643,True
func_F_0x100003163,261,False
func_F_0x100003169,-555,True
func_F_0x100003226,1037,False
func_F_0x100003a29,-15,False
func_F_0x100004342,1157,False
func_F_0x1000044b7,-53,False
func_F_0x100004521,-12,False
func_F_0x1000045a3,-263,True
func_F_0x1000045c7,478,True
func_F_0x100004609,197,True
func_F_0x100004611,297,False
func_F_0x10000462c,1070,True
func_F_0x1000047e6,-435,True
func_F_0x1000049f6,24,True
func_F_0x100005384,1181,True
func_F_0x10000538d,450,True
func_F_0x100005397,963,True
func_F_0x100005528,284,True
func_F_0x10000595f,605,False
func_F_0x1000059cb,-422,False
func_F_0x1000059d3,105,False
func_F_0x1000059d5,944,True
func_F_0x1000059d7,1015,False
func_F_0x100005aa6,707,False
func_F_0x100005aa8,-620,True
func_F_0x100005aaa,906,False
func_F_0x100005aac,-365,True
func_F_0x100005aae,1142,True
func_F_0x100005afc,567,False
func_F_0x100006302,-452,True
func_F_0x1000063b2,-398,False
func_F_0x10000641c,257,True
func_F_0x10000699e,1122,False
func_F_0x100006b19,-129,False
func_F_0x1000070f5,-360,True
func_F_0x100007105,-569,False
func_F_0x100007169,-464,True
func_F_0x100007526,720,False
func_F_0x10000752a,1153,True
func_F_0x10000753c,661,False
func_F_0x10000753e,-289,True
func_F_0x100007542,495,False
func_F_0x100007551,772,False
func_F_0x1000076b2,-293,False
func_F_0x1000076b4,749,False
func_F_0x1000076b6,-385,False
func_F_0x1000076b8,332,True
func_F_0x1000076ba,829,True
func_F_0x100007748,273,False
func_F_0x10000779d,-427,False
func_F_0x100007e08,-590,False
func_F_0x1000081e4,-101,True
func_F_0x10000828c,796,False
func_F_0x100008d52,-41,False
func_F_0x100008d5c,1240,False
func_F_0x1000091a0,1214,True
func_F_0x100009402,1028,False
func_F_0x1000095e0,857,True
func_F_0x100009c81,-133,True
func_F_0x100009d48,303,False
func_F_0x100009d54,427,False
func_Fe_0x100002fb6,367,False
func_Fe_0x100005a67,611,False
func_Fe_0x100006c0f,1214,False
func_Fe_0x100006c11,-103,False
func_Fe_0x100006dc1,270,True
func_Fe_0x100006dc5,-195,True
func_Fe_0x100006dd1,579,False
func_Fe_0x100006dd5,565,True
func_Fe_0x100009690,643,True
func_Fe_0x100009847,10,False
func_Fe_0x10000984b,1245,False
func_Fe_0x10000984d,225,False
func_Fe_0x10000985d,-74,True
func_Fe_0x100009a74,-433,True
func_Fi_0x100008753,-503,False
func_Fi_0x100008770,575,False
func_Fi_0x100008783,1092,False
func_Fi_0x100008809,1290,True
func_Fi_0x10000880b,253,True
func_Fi_0x100008866,-490,True
func_Fn_0x100003b84,93,False
func_Fn_0x100003b88,-169,True
func_Fn_0x100003b8a,-496,False
func_Fn_0x100003b90,1006,True
func_Fn_0x100003b92,648,True
func_Fn_0x100003b94,882,False
func_Fn_0x100003b98,-383,False
func_Fn_0x100004e79,-547,False
func_Fn_0x100005037,-231,True
func_Fo_0x100008755,493,True
func_Fo_0x10000877e,1242,False
func_Fo_0x100008780,-10,False
func_Fo_0x1000087c3,962,True
func_Fo_0x100008860,867,True
func_Fo_0x100008862,1069,False
func_Fo_0x100008868,1082,True
func_Fo_0x10000886a,1027,True
func_Fo_0x1000088a2,537,False
func_Fr_0x1000007c1,1181,True
func_Fr_0x1000007d9,337,False
func_Fr_0x100005d0d,893,True
func_Fr_0x1000097c5,223,True
func_Fr_0x100009e71,426,True
func_Ft_0x100003264,286,False
func_Ft_0x1000032eb,1100,False
func_Ft_0x100006fd9,1135,False
func_Ft_0x100007040,965,False
func_Ft_0x1000070ac,-679,False
func_Ft_0x1000070af,388,False
func_Ft_0x1000070b5,16,False
func_Ft_0x1000070c7,-557,True
func_Ft_0x1000070c9,574,True
func_Ft_0x100009bff,-21,True
func_Ft_0x100009cd4,602,True
func_G_0x1000001de,66,False
func_G_0x1000001e0,392,False
func_G_0x1000001e2,480,True
func_G_0x1000029e1,1279,False
func_G_0x10000304f,927,False
func_G_0x100003078,789,False
func_G_0x1000030f2,921,True
func_G_0x1000031c1,754,False
func_G_0x10000391f,-386,False
func_G_0x100003a12,545,True
func_G_0x100003a35,498,True
func_G_0x1000042c8,148,True
func_G_0x1000042e0,106,True
func_G_0x1000042e4,747,False
func_G_0x1000042e6,740,False
func_G_0x1000042ea,502,False
func_G_0x1000042ee,182,False
func_G_0x1000042f0,357,False
func_G_0x1000042f2,487,False
func_G_0x1000042f4,209,False
func_G_0x1000042f8,89,True
func_G_0x100004300,167,True
func_G_0x100004302,1235,True
func_G_0x100004304,865,False
func_G_0x100004306,716,False
func_G_0x100004308,932,True
func_G_0x1000043c8,1097,True
func_G_0x1000044dc,61,False
func_G_0x100004a64,-510,True
func_G_0x100004a66,220,True
func_G_0x100004c72,387,True
func_G_0x10000524f,-277,True
func_G_0x100005258,682,False
func_G_0x1000052b0,578,True
func_G_0x1000052b2,-229,True
func_G_0x1000052b4,1284,True
func_G_0x1000052b8,1128,True
func_G_0x100005331,123,True
func_G_0x10000534c,-299,True
func_G_0x10000534e,-690,False
func_G_0x100005354,-495,True
func_G_0x100005362,172,False
func_G_0x100005cdd,764,True
func_G_0x100005ce8,964,True
func_G_0x100005cec,-362,False
func_G_0x10000626b,243,True
func_G_0x10000628d,731,False
func_G_0x100006712,490,False
func_G_0x100007353,746,False
func_G_0x100007355,1266,True
func_G_0x100007357,651,True
func_G_0x10000735b,-520,True
func_G_0x10000735d,417,False
func_G_0x10000735f,531,False
func_G_0x1000073d5,653,True
func_G_0x10000774b,1287,False
func_G_0x1000077cd,-133,True
func_G_0x1000077cf,-327,True
func_G_0x100007ac9,672,False
func_G_0x100007f12,621,False
func_G_0x100008336,-667,True
func_G_0x100008dbf,-424,False
func_G_0x1000090c1,-524,True
func_G_0x1000092d6,-235,False
func_G_0x1000098bf,178,True
func_G_0x100009b98,874,True
func_Ga_0x10000872d,1200,True
func_Ga_0x10000873c,925,False
func_Ge_0x10000554f,-696,False
func_Ge_0x100005551,429,True
func_Ge_0x100005553,798,False
func_Ge_0x100005561,244,False
func_Ge_0x100005623,-71,True
func_Ge_0x100005627,932,False
func_Ge_0x100005629,55,False
func_Ge_0x10000562b,-597,True
func_Ge_0x10000562d,591,True
func_Ge_0x10000562f,-410,False
func_Ge_0x100005637,161,True
func_Ge_0x100005648,-244,False
func_Ge_0x100005659,-419,True
func_Ge_0x10000565b,424,False
func_Ge_0x10000565f,-435,True
func_Ge_0x100005664,-685,False
func_Ge_0x100005669,951,True
func_Ge_0x10000567d,-614,False
func_Ge_0x10000567f,1006,False
func_Ge_0x100005681,107,False
func_Ge_0x100005687,-493,True
func_Ge_0x100005689,-666,False
func_Ge_0x10000568b,-425,True
func_Ge_0x100005693,1254,True
func_Ge_0x1000056a5,539,False
func_Ge_0x1000056a7,820,True
func_Ge_0x1000056b7,647,False
func_Ge_0x1000056c0,1046,True
func_Ge_0x1000056c3,908,True
func_Ge_0x1000056c9,1196,False
func_Ge_0x1000056eb,918,True
func_Ge_0x1000056ed,40,True
func_Ge_0x1000056f7,166,False
func_Ge_0x1000056f9,-57,True
func_Ge_0x1000056fb,81,False
func_Ge_0x1000056fd,101,True
func_Ge_0x1000056ff,-117,False
func_Ge_0x100005702,-155,True
func_Ge_0x100005705,335,False
func_Ge_0x100005713,995,True
func_Ge_0x100005719,207,False
func_Ge_0x10000571b,251,False
func_Ge_0x100005723,869,False
func_Ge_0x10000572c,-154,False
func_Ge_0x100005732,-442,False
func_Ge_0x10000573c,103,True
func_Ge_0x100005745,363,False
func_Ge_0x10000574a,360,False
func_Ge_0x10000574e,186,True
func_Ge_0x100005752,834,True
func_Ge_0x10000575b,1178,False
func_Ge_0x100005763,857,True
func_Ge_0x10000577b,326,False
func_Ge_0x100005789,678,False
func_Ge_0x100005795,-198,False
func_Ge_0x10000579f,521,True
func_Ge_0x1000057a7,841,False
func_Ge_0x1000057b8,804,True
func_Ge_0x1000057ba,-481,False
func_Ge_0x1000057ce,553,False
func_Ge_0x1000057d2,-26,False
func_Ge_0x1000057d5,649,False
func_Ge_0x1000057d9,-637,False
func_Ge_0x1000057db,925,True
func_Ge_0x1000057fd,144,False
func_Ge_0x100005800,742,False
func_Ge_0x100005816,826,True
func_Ge_0x100005818,-119,False
func_Ge_0x10000581e,320,True
func_Ge_0x100005820,1076,True
func_Ge_0x100005830,-537,False
func_Ge_0x100005834,-300,True
func_Ge_0x10000583a,348,True
func_Ge_0x10000584b,-482,False
func_Ge_0x10000586d,367,True
func_Ge_0x100005873,428,False
func_Ge_0x100005879,41,False
func_Ge_0x100005880,-163,False
func_Ge_0x100005890,885,True
func_Ge_0x1000058a3,953,False
func_Gi_0x1000083d6,777,True
func_Gi_0x1000083e0,927,True
func_Gn_0x1000041c0,506,True
func_Gn_0x1000041ca,1068,False
func_Go_0x1000087ae,646,True
func_Go_0x1000088a0,832,False
func_Go_0x1000088a7,-594,True
func_Gs_0x100003596,-389,True
func_Gt_0x100002f2c,870,False
func_Gt_0x100005167,395,True
func_Gt_0x10000661d,1004,True
func_Gt_0x10000661f,1295,True
func_Gt_0x100006629,898,False
func_Gt_0x100006741,-67,False
func_Gt_0x100006743,-467,False
func_Gt_0x100006749,-271,True
func_Gt_0x100006755,437,False
func_Gt_0x10000675b,-318,True
func_Gt_0x10000675d,-220,True
func_Gt_0x10000675f,350,False
func_Gt_0x100006767,659,False
func_Gt_0x100006769,-5,False
func_Gt_0x100007253,-519,True
func_Gt_0x100007257,600,True
func_Gt_0x100007265,893,False
func_Gt_0x100007989,1197,False
func_Gt_0x1000094dc,-152,True
func_Gt_0x100009b6f,162,False
func_H_0x100002aa6,869,False
func_H_0x100002c22,1273,False
func_H_0x100002c24,-298,True
func_H_0x100002d30,-333,False
func_H_0x10000306b,-292,False
func_H_0x10000316e,185,True
func_H_0x100003170,-521,True
func_H_0x1000031aa,203,True
func_H_0x1000031c4,625,False
func_H_0x1000031c6,2,True
func_H_0x1000031cc,312,False
func_H_0x10000393f,393,True
func_H_0x100003965,-209,False
func_H_0x100003969,604,False
func_H_0x100004637,464,False
func_H_0x10000492b,906,True
func_H_0x100004d77,959,True
func_H_0x100005327,-2,False
func_H_0x100005b98,-374,False
func_H_0x10000624b,-547,False
func_H_0x10000634a,855,True
func_H_0x100006350,-418,False
func_H_0x100006354,27,False
func_H_0x1000063e7,40,False
func_H_0x100006444,1111,True
func_H_0x100006446,151,True
func_H_0x100006454,-680,False
func_H_0x100006673,230,True
func_H_0x100006a67,1261,False
func_H_0x100006a6a,269,False
func_H_0x1000073fb,707,True
func_H_0x10000756b,1209,False
func_H_0x1000077c3,1141,False
func_H_0x1000078e8,895,False
func_H_0x100007f15,468,True
func_H_0x100007f19,-589,False
func_H_0x1000081bc,-354,True
func_H_0x1000081cd,-498,False
func_H_0x100008567,384,False
func_H_0x100008ad4,-535,False
func_H_0x100008adf,300,False
func_H_0x100008b06,281,False
func_H_0x100008c98,703,True
func_H_0x100008d0d,287,True
func_H_0x100008f66,513,False
func_H_0x100008f6e,-618,False
func_H_0x100009037,-666,True
func_H_0x10000903d,-428,False
func_H_0x1000091a5,408,False
func_H_0x1000092ad,805,False
func_H_0x1000092af,449,False
func_H_0x1000092e7,559,False
func_H_0x100009865,-541,False
func_H_0x100009969,-206,False
func_Ha_0x1000035cd,256,False
func_Ha_0x10000373c,562,True
func_He_0x1000007db,1140,False
func_He_0x100002d17,451,True
func_He_0x1000032a1,-124,False
func_He_0x1000032a3,764,False
func_He_0x100007011,285,False
func_He_0x100007017,-75,True
func_He_0x100007019,-186,True
func_He_0x100007021,166,True
func_He_0x100007025,622,False
func_He_0x100007027,107,True
func_He_0x100007029,-24,False
func_He_0x10000702d,1198,False
func_He_0x100007425,-183,False
func_He_0x1000094fe,223,False
func_He_0x10000976f,1110,False
func_He_0x100009771,-546,False
func_He_0x1000097d5,222,False
func_He_0x1000097fe,1112,False
func_He_0x100009807,1007,True
func_He_0x100009e14,1149,True
func_He_0x100009e1a,554,True
func_He_0x100009e1c,-147,False
func_He_0x100009e1e,-11,True
func_He_0x100009e22,864,False
func_He_0x100009e24,-210,False
func_He_0x100009e2e,-216,True
func_He_0x100009e34,1083,True
func_He_0x100009e36,-448,True
func_He_0x100009e38,973,True
func_He_0x100009e40,-558,False
func_He_0x100009e42,586,True
func_He_0x100009e46,283,True
func_He_0x100009e48,-616,True
func_He_0x100009e4a,534,True
func_He_0x100009e52,364,False
func_He_0x100009e56,-160,False
func_He_0x100009e58,-250,True
func_He_0x100009e5a,-560,True
func_He_0x100009e5e,-666,False
func_He_0x100009e7a,185,False
func_Hr_0x100003279,1026,False
func_Hr_0x10000327b,704,False
func_Hr_0x10000327d,-125,False
func_Hr_0x100003281,-493,True
func_Hr_0x100003287,435,True
func_Hr_0x10000328b,1166,True
func_Hr_0x10000328d,946,False
func_Hr_0x10000328f,1031,False
func_Hr_0x100003295,-140,False
func_Hr_0x100003299,542,False
func_Hr_0x10000329b,-374,False
func_Hr_0x100007030,25,False
func_Hr_0x100007506,-155,False
func_Hr_0x10000951e,1180,True
func_Ht_0x1000033a6,-410,False
func_Ht_0x100004413,-424,True
func_Ht_0x1000049c1,4,True
func_Ht_0x1000049c3,1044,True
func_Ht_0x100006c0c,1128,True
func_I_0x10000013c,647,True
func_I_0x10000013e,722,True
func_I_0x100000140,1045,False
func_I_0x100000142,623,True
func_I_0x1000001bd,89,True
func_I_0x100000264,-35,False
func_I_0x100002995,-510,True
func_I_0x1000029b6,313,True
func_I_0x100002a5b,-333,False
func_I_0x100002c39,152,False
func_I_0x100002e42,-143,False
func_I_0x100002fcd,-309,True
func_I_0x100003064,18,True
func_I_0x100003099,1191,True
func_I_0x1000030b9,1188,True
func_I_0x10000320a,445,True
func_I_0x100003a0a,-281,True
func_I_0x100003a3f,555,True
func_I_0x10000432f,156,False
func_I_0x100004331,116,False
func_I_0x100004539,-583,True
func_I_0x10000454d,-517,True
func_I_0x1000045d4,535,False
func_I_0x100004897,-155,True
func_I_0x100004b19,156,False
func_I_0x100004b1d,-246,False
func_I_0x100004b25,297,False
func_I_0x100004c01,413,True
func_I_0x100004c05,673,True
func_I_0x100004cc1,-365,False
func_I_0x100004d12,998,False
func_I_0x100005132,274,True
func_I_0x100005373,391,False
func_I_0x100005468,32,False
func_I_0x10000546a,-390,False
func_I_0x1000054b1,-257,False
func_I_0x1000058ec,24,False
func_I_0x10000590a,543,False
func_I_0x100005920,-437,False
func_I_0x10000592f,-639,False
func_I_0x10000596a,228,True
func_I_0x10000599b,-666,False
func_I_0x100005cc6,-666,False
func_I_0x100005e1d,588,True
func_I_0x100005f02,-35,False
func_I_0x100005fbf,1200,False
func_I_0x100005fc1,-434,True
func_I_0x100005fc5,917,True
func_I_0x1000060f2,933,True
func_I_0x1000061a5,860,True
func_I_0x1000063ea,-688,True
func_I_0x100006420,-560,False
func_I_0x100006424,431,False
func_I_0x100006426,508,True
func_I_0x100006490,802,True
func_I_0x1000064a0,770,False
func_I_0x100006cc2,800,False
func_I_0x100006d2d,-88,True
func_I_0x100006e63,270,False
func_I_0x100007218,1155,True
func_I_0x10000721c,-168,False
func_I_0x100007699,71,True
func_I_0x1000076e3,1040,True
func_I_0x10000771c,644,False
func_I_0x100007779,-360,True
func_I_0x100007807,-373,True
func_I_0x10000780b,-202,False
func_I_0x10000780d,-535,True
func_I_0x100007831,18,False
func_I_0x100007cda,371,True
func_I_0x100007d2d,-140,True
func_I_0x100007d2f,-567,False
func_I_0x100007d33,-557,False
func_I_0x100007e03,-492,False
func_I_0x100007ed1,710,True
func_I_0x1000080f2,49,False
func_I_0x1000080f4,594,False
func_I_0x1000080f6,1097,False
func_I_0x10000816d,1080,True
func_I_0x10000816f,-41,True
func_I_0x100008171,834,False
func_I_0x100008173,181,False
func_I_0x1000082e4,386,False
func_I_0x100008d3a,-188,False
func_I_0x100009946,234,True
func_I_0x100009d69,1155,False
func_I_0x10000a0a5,21,False
func_Ie_0x1000031e0,664,False
func_Ie_0x1000031e2,685,True
func_Ie_0x100003304,883,True
func_Ie_0x10000336f,-11,True
func_Ie_0x10000338b,1292,True
func_Ie_0x1000049a8,-539,True
func_Ie_0x1000049aa,1202,True
func_Ie_0x1000049ac,-236,True
func_Ie_0x1000049b0,-361,False
func_Ie_0x1000049b4,607,True
func_Ie_0x1000049cd,-671,True
func_Ie_0x1000049d7,601,True
func_Ie_0x100004a6f,-607,True
func_Ie_0x100005311,-475,False
func_Ie_0x100005313,456,False
func_Ie_0x1000060c8,123,False
func_Ie_0x1000060cc,-484,False
func_Ie_0x1000061c5,604,True
func_Ie_0x10000671a,182,False
func_Ie_0x100006726,-363,True
func_Ie_0x10000672a,1102,False
func_Ie_0x10000672c,-232,True
func_Ie_0x100006730,1213,False
func_Ie_0x100006732,895,True
func_Ie_0x100006736,354,True
func_Ie_0x100006738,-128,True
func_Ie_0x10000673a,134,False
func_Ie_0x1000071ac,708,True
func_Ie_0x1000071ae,-267,False
func_Ie_0x1000071b0,576,False
func_Ie_0x1000071b4,-238,True
func_Ie_0x1000071c4,999,True
func_Ie_0x100007f60,131,True
func_Ie_0x10000952b,1176,True
func_Ie_0x100009eb2,485,False
func_Ii_0x1000083a0,-113,False
func_Ii_0x1000083a4,-97,False
func_Ii_0x1000083a6,-75,False
func_Ii_0x1000083aa,141,False
func_Ii_0x1000083ae,913,True
func_Ii_0x1000083b0,58,False
func_Ii_0x1000083b4,-365,False
func_Ii_0x1000083b6,-412,False
func_Ii_0x1000083b8,482,True
func_Ii_0x1000083c0,121,True
func_Ii_0x1000083c4,102,False
func_Ii_0x1000083c6,-20,True
func_Ii_0x1000083c8,714,True
func_Ii_0x1000083ca,1298,True
func_Ii_0x1000083cc,-130,True
func_Ii_0x1000083ce,491,True
func_Ii_0x1000083d0,876,False
func_Ii_0x1000083da,-343,True
func_Ii_0x1000083dc,200,True
func_Ii_0x1000083de,731,False
func_In_0x100008b70,-231,False
func_In_0x100008c2c,1237,True
func_In_0x100008c74,-356,True
func_In_0x100009fd1,-366,False
func_In_0x100009fd9,370,True
func_In_0x10000a006,-617,False
func_In_0x10000a03e,1241,True
func_In_0x10000a042,1027,False
func_In_0x10000a044,-645,False
func_In_0x10000a046,-676,True
func_In_0x10000a054,-405,True
func_Io_0x100008bea,-544,True
func_Io_0x10000a010,-444,True
func_Io_0x10000a012,-353,False
func_Ir_0x100007b1a,1026,False
func_Ir_0x10000842e,1088,True
func_Ir_0x10000843a,680,True
func_Ir_0x100008449,889,True
func_Ir_0x100008451,-680,True
func_Ir_0x1000084df,-639,True
func_Ir_0x100009fee,43,False
func_Ir_0x100009ff0,-28,False
func_It_0x100002f5c,487,True
func_It_0x100002f64,292,True
func_It_0x100002f6a,68,False
func_It_0x100002f6e,1044,True
func_It_0x100002f70,-117,True
func_It_0x100002f72,664,False
func_It_0x100004a77,-111,False
func_It_0x10000513b,238,False
func_It_0x100005a5f,152,True
func_It_0x100005a61,1042,True
func_It_0x10000968e,-431,False
func_It_0x100009ade,-463,True
func_It_0x100009b07,443,True
func_It_0x100009c13,71,False
func_It_0x100009c98,-312,True
func_It_0x100009ee5,1040,True
func_Iu_0x100008732,1075,False
func_Iu_0x1000087b0,421,True
func_J_0x1000001f3,118,False
func_J_0x100002aa8,-568,True
func_J_0x100002b7a,775,False
func_J_0x100002b82,476,False
func_J_0x100002b84,1263,True
func_J_0x100002b86,804,False
func_J_0x100002b88,1289,True
func_J_0x100002bf7,-261,True
func_J_0x100002d2d,-160,False
func_J_0x1000040de,-465,True
func_J_0x1000040e2,-567,True
func_J_0x1000040ea,1220,False
func_J_0x1000040ec,1118,False
func_J_0x1000040f8,718,False
func_J_0x100004100,1265,True
func_J_0x100004106,1286,False
func_J_0x100004641,61,True
func_J_0x10000492c,135,False
func_J_0x10000492e,-66,False
func_J_0x100004930,693,True
func_J_0x100004936,1171,False
func_J_0x100004938,226,False
func_J_0x10000493c,329,True
func_J_0x10000495d,1115,False
func_J_0x100004a03,1228,True
func_J_0x100004e04,1138,True
func_J_0x100005b9e,307,False
func_J_0x10000626d,1259,True
func_J_0x10000647b,-481,True
func_J_0x100006fb4,-398,True
func_J_0x100007180,-557,False
func_J_0x100007609,1175,False
func_J_0x10000760f,630,True
func_J_0x10000762d,1082,True
func_J_0x1000077bd,490,False
func_J_0x1000077c6,-615,False
func_J_0x1000077c8,-609,False
func_J_0x100007a00,-259,False
func_J_0x100007a17,620,True
func_J_0x100007f51,375,False
func_J_0x100007f57,-672,False
func_J_0x100008612,-172,False
func_J_0x100008b09,480,False
func_J_0x100008b11,-71,True
func_J_0x100008b13,1178,True
func_J_0x100008cc3,-340,True
func_J_0x100008cc5,351,False
func_J_0x100008ccd,-512,True
func_J_0x10000901f,926,True
func_J_0x100009047,678,False
func_J_0x1000090b7,-312,True
func_J_0x1000090bb,4,False
func_J_0x1000090bf,1121,True
func_J_0x100009112,-81,False
func_J_0x1000092b3,1063,False
func_J_0x1000092fc,765,False
func_J_0x100009336,-543,True
func_J_0x100009338,949,False
func_J_0x100009342,1057,False
func_J_0x100009347,1134,False
func_J_0x10000934d,439,False
func_J_0x10000934f,1107,True
func_J_0x100009351,325,True
func_J_0x100009353,1297,False
func_J_0x100009357,-535,False
func_J_0x10000935a,266,True
func_J_0x10000935c,-656,False
func_Je_0x100003b81,-485,True
func_Je_0x100003b9f,-27,True
func_Je_0x100003ba1,-575,True
func_Je_0x100003ba8,-116,True
func_Je_0x100003bb2,242,True
func_Je_0x100003bc2,469,True
func_Je_0x100003bda,1050,False
func_Je_0x100003bf6,99,True
func_Je_0x100003c04,1200,False
func_Je_0x100003c0a,370,True
func_Je_0x100003c0f,873,False
func_Je_0x100003c14,-97,False
func_Je_0x100003c28,1263,True
func_Je_0x100003c2c,770,False
func_Je_0x100003c32,624,True
func_Je_0x100003c34,125,True
func_Je_0x100003c36,-67,True
func_Je_0x100003c38,-450,True
func_Je_0x100003c3a,149,True
func_Je_0x100003c3c,-489,True
func_Je_0x100003c3e,158,True
func_Je_0x100003c50,-101,True
func_Je_0x100003c52,1004,False
func_Je_0x100003c54,-519,False
func_Je_0x100003c5c,831,False
func_Je_0x100003c6b,212,False
func_Je_0x100003c74,-323,True
func_Je_0x100003c80,708,False
func_Je_0x100003c82,640,True
func_Je_0x100003c88,1136,True
func_Je_0x100003c94,-167,False
func_Je_0x100003c96,-177,True
func_Je_0x100003c98,804,False
func_Je_0x100003c9c,726,True
func_Je_0x100003ca2,-223,False
func_Je_0x100003ca4,-513,False
func_Je_0x100003ca8,504,True
func_Je_0x100003cbe,541,False
func_Je_0x100003cc0,-118,False
func_Je_0x100003cc2,-292,False
func_Je_0x100003cc4,1240,False
func_Je_0x100003cca,678,False
func_Je_0x100003cce,319,False
func_Je_0x100003cfd,1221,True
func_Je_0x100003d13,563,True
func_Je_0x100003d20,161,True
func_Je_0x100003d22,-458,True
func_Je_0x100003d27,-589,False
func_Je_0x100003d2c,488,False
func_Je_0x100003d38,392,True
func_Je_0x100003d5d,538,False
func_Je_0x100003d5f,-429,True
func_Je_0x100003d63,430,True
func_Je_0x100003d86,-518,True
func_Je_0x100003d88,-436,True
func_Je_0x100003da6,-297,False
func_Je_0x100003da9,725,True
func_Je_0x100003dbd,-383,True
func_Je_0x100003dc3,249,True
func_Je_0x100003dc7,-130,False
func_Je_0x100003dce,1287,False
func_Je_0x100003dd2,1243,False
func_Je_0x100003dd7,-458,False
func_Je_0x100003ddf,1018,True
func_Je_0x100003de1,616,False
func_Je_0x100003e1a,60,False
func_Je_0x100003e20,529,True
func_Je_0x100003e37,1166,True
func_Jo_0x100007b47,-2,True
func_Jo_0x1000083a2,196,False
func_Jo_0x1000083a8,267,True
func_Jo_0x1000083ac,387,False
func_Jo_0x1000083b2,663,True
func_Jo_0x1000083ba,1268,True
func_Jo_0x1000083bc,-640,True
func_Jo_0x1000083be,1024,False
func_Jo_0x1000083c2,162,False
func_Jo_0x1000083d2,-365,True
func_Jo_0x1000083d4,487,True
func_Jo_0x1000083d8,-684,False
func_Jo_0x1000083e2,754,False
func_Jt_0x10000836d,1182,False
func_Jt_0x10000836f,596,True
func_Jt_0x100008371,757,True
func_Jt_0x100008373,-333,True
func_Jt_0x100008375,-200,True
func_Jt_0x10000837d,196,False
func_Jt_0x10000837f,192,True
func_Jt_0x100008381,200,False
func_Jt_0x100008383,860,True
func_Jt_0x100008385,692,False
func_Jt_0x10000838d,547,True
func_Jt_0x10000838f,-74,False
func_Jt_0x100008391,786,False
func_Jt_0x100008397,1141,True
func_Ju_0x1000041cb,642,True
func_Ju_0x1000041cd,-560,False
func_Ju_0x1000041cf,318,False
func_K_0x100002c15,551,True
func_K_0x100002c1e,-142,True
func_K_0x100002c2f,855,False
func_K_0x100002e1e,1038,False
func_K_0x100003088,900,True
func_K_0x10000309b,1206,True
func_K_0x100003193,243,True
func_K_0x1000031fc,291,True
func_K_0x100003a26,1103,False
func_K_0x100003a2e,474,True
func_K_0x100003ef8,713,False
func_K_0x100003f04,427,False
func_K_0x1000043c7,45,False
func_K_0x100004581,718,True
func_K_0x100004583,880,False
func_K_0x100004585,132,False
func_K_0x100004587,-297,False
func_K_0x10000459d,19,False
func_K_0x1000045a1,605,False
func_K_0x1000045c3,157,True
func_K_0x10000460d,170,True
func_K_0x10000460f,-606,True
func_K_0x100004613,1036,False
func_K_0x100004615,-599,True
func_K_0x100004617,679,True
func_K_0x100004619,459,False
func_K_0x10000461b,1234,True
func_K_0x100004621,252,True
func_K_0x1000049f4,847,True
func_K_0x1000049fe,-213,True
func_K_0x100004ad5,-367,True
func_K_0x100004af4,787,True
func_K_0x100004b29,571,True
func_K_0x100004b5d,-524,True
func_K_0x100005391,1024,True
func_K_0x100005479,390,False
func_K_0x1000054bf,695,False
func_K_0x1000059bd,863,False
func_K_0x1000059ce,666,True
func_K_0x100005cb5,813,True
func_K_0x100005cb7,-657,True
func_K_0x100005cbb,-39,False
func_K_0x100005cbd,1173,False
func_K_0x1000062fc,-659,False
func_K_0x10000649e,508,True
func_K_0x1000070ff,110,True
func_K_0x100007107,-475,True
func_K_0x100007568,244,False
func_K_0x1000076bc,941,False
func_K_0x1000076be,1009,True
func_K_0x100007746,625,True
func_K_0x10000774a,-214,True
func_K_0x100007791,-51,False
func_K_0x100007793,979,True
func_K_0x100007e1f,-454,True
func_K_0x100007e21,-466,True
func_K_0x100007e23,758,False
func_K_0x100007e29,880,True
func_K_0x100007e45,-241,False
func_K_0x100007f7d,-630,False
func_K_0x100008124,-690,False
func_K_0x100008286,-215,True
func_K_0x10000828e,272,False
func_K_0x100008298,633,False
func_K_0x100008513,1066,True
func_K_0x100008d54,-204,False
func_K_0x100008d56,1146,False
func_K_0x1000091a2,420,True
func_K_0x100009d3a,855,False
func_K_0x100009d3c,550,True
func_K_0x100009d92,787,True
func_K_0x100009db8,114,True
func_K_0x100009dbf,-463,False
func_K_0x100009dc1,-196,False
func_Ke_0x100002aaf,908,False
func_Ke_0x100002ab3,-501,True
func_Ke_0x100002ab5,1209,False
func_Ke_0x100002abb,-345,False
func_Ke_0x100002abd,959,False
func_Ke_0x1000032fa,-31,False
func_Ke_0x100003302,-428,False
func_Ke_0x100003349,-181,True
func_Ke_0x10000436f,-661,False
func_Ke_0x100004371,-137,False
func_Ke_0x100004373,-119,False
func_Ke_0x100004377,368,True
func_Ke_0x100004379,587,True
func_Ke_0x10000437b,-169,False
func_Ke_0x10000437d,-490,True
func_Ke_0x100004389,-346,False
func_Ke_0x10000438d,595,True
func_Ke_0x100004395,608,True
func_Ke_0x100004399,36,True
func_Ke_0x10000439b,-697,True
func_Ke_0x10000439d,758,False
func_Ke_0x1000043a1,638,True
func_Ke_0x1000043a7,942,True
func_Ke_0x1000043a9,-365,True
func_Ke_0x1000043af,-516,False
func_Ke_0x1000043b5,-470,False
func_Ke_0x1000043b7,357,True
func_Ke_0x100004a98,667,True
func_Ke_0x100005b68,-172,False
func_Ke_0x1000069e8,199,True
func_Ke_0x1000069ea,699,True
func_Ke_0x1000069ec,1232,True
func_Ke_0x1000071b8,-141,False
func_Ke_0x1000071bc,809,True
func_Ke_0x1000071be,771,False
func_Ke_0x1000071c0,221,True
func_Ke_0x1000071c6,673,True
func_Ke_0x100007669,491,True
func_Ke_0x10000766b,424,False
func_Ke_0x100007e83,848,True
func_Ke_0x100008f93,482,True
func_Ke_0x100008f9d,359,True
func_Ke_0x100008f9f,175,False
func_Ke_0x100008fa1,977,True
func_Ke_0x100008fad,743,False
func_Ke_0x100008fb3,180,False
func_Ke_0x100008fb9,682,False
func_Ke_0x10000982a,-146,True
func_Ke_0x10000982e,577,False
func_Ke_0x100009830,-149,False
func_Ke_0x100009834,-112,True
func_Ke_0x100009836,453,True
func_Ke_0x100009838,879,True
func_Ke_0x10000983c,153,False
func_Ke_0x10000983e,895,True
func_Ke_0x100009840,-52,False
func_Ke_0x100009c2e,88,False
func_Ki_0x10000836b,-389,True
func_Ki_0x100008377,-32,True
func_Ki_0x100008379,779,True
func_Ki_0x10000837b,450,True
func_Ki_0x100008387,-352,False
func_Ki_0x100008389,349,False
func_Ki_0x10000838b,64,False
func_Ki_0x100008395,501,False
func_Kn_0x10000417a,912,False
func_Kn_0x100004182,462,False
func_Kn_0x100004186,-491,True
func_Kn_0x100004188,-260,True
func_Kn_0x10000418c,212,False
func_Kn_0x10000418e,-674,True
func_Kn_0x100004194,533,True
func_Kn_0x100004198,66,True
func_Kn_0x1000041a0,1019,True
func_Kn_0x1000041a4,-56,False
func_Kn_0x1000041a8,-647,True
func_Kn_0x1000041ae,773,False
func_Kn_0x1000041b0,-534,True
func_Kn_0x1000041b4,848,False
func_Kn_0x1000041b6,-80,False
func_Kn_0x1000041b8,1102,False
func_Kn_0x1000041ba,813,False
func_Kn_0x10000839c,-239,True
func_Ko_0x100008b6d,-97,False
func_Ko_0x100008c23,-223,False
func_Ko_0x10000a04d,1104,False
func_Kr_0x1000086f0,1272,True
func_Kr_0x1000086fb,31,True
func_Kr_0x100008709,7,False
func_Kr_0x10000871d,223,True
func_Kr_0x10000874f,313,True
func_Kr_0x1000087bd,653,True
func_Kr_0x1000087e3,251,False
func_Kr_0x1000087f2,-17,True
func_Kr_0x10000880e,-52,True
func_Kr_0x100008816,1116,True
func_Kr_0x100008845,-590,True
func_Kr_0x10000885d,312,True
func_Kr_0x10000886f,703,True
func_Kt_0x10000077b,409,False
func_Kt_0x100004151,534,False
func_Kt_0x100004165,553,True
func_Kt_0x100004266,809,False
func_Kt_0x100004273,347,False
func_Kt_0x10000427c,191,True
func_Kt_0x100004295,-185,False
func_Kt_0x1000042bf,-341,False
func_Kt_0x1000080d5,-305,False
func_Kt_0x100009fb7,-372,True
func_Kt_0x100009fb9,353,False
func_Kt_0x100009fbd,-629,True
func_Kt_0x10000a02c,157,False
func_L_0x10000011c,-228,False
func_L_0x100000128,496,False
func_L_0x10000014e,-48,True
func_L_0x1000001a2,930,True
func_L_0x1000001a4,-321,False
func_L_0x1000001bf,-579,False
func_L_0x100000288,795,True
func_L_0x1000002e6,-341,False
func_L_0x1000002e8,-110,True
func_L_0x1000002ea,-528,True
func_L_0x1000002ee,-261,True
func_L_0x1000002f0,577,True
func_L_0x100000566,1181,True
func_L_0x100002b08,-201,True
func_L_0x100002e3c,-349,False
func_L_0x100002e3e,-330,True
func_L_0x100002e44,193,False
func_L_0x100002e84,442,True
func_L_0x10000300f,208,True
func_L_0x1000030b8,-613,True
func_L_0x1000030d0,576,True
func_L_0x1000031fa,1128,False
func_L_0x10000325b,128,False
func_L_0x10000341e,89,False
func_L_0x100003424,1046,False
func_L_0x100003a3c,-103,True
func_L_0x1000045ba,603,True
func_L_0x1000047e3,1208,False
func_L_0x100004cbd,12,True
func_L_0x100004d0e,145,True
func_L_0x100004d10,629,False
func_L_0x1000058d2,578,True
func_L_0x1000058f0,1099,False
func_L_0x10000590c,-426,True
func_L_0x100005992,1143,False
func_L_0x100005994,-675,False
func_L_0x100005998,334,True
func_L_0x10000599f,237,True
func_L_0x1000059a1,-116,False
func_L_0x100005a02,-130,True
func_L_0x100005e08,874,False
func_L_0x100005e0c,270,True
func_L_0x100005ea1,623,True
func_L_0x100005ea7,-155,False
func_L_0x100005ead,-141,False
func_L_0x100005fe0,1093,False
func_L_0x1000062d5,891,True
func_L_0x1000062f2,-173,False
func_L_0x100006407,-147,True
func_L_0x10000649a,72,False
func_L_0x1000064ba,-60,False
func_L_0x1000064bc,639,True
func_L_0x1000065b9,927,False
func_L_0x100006706,1018,True
func_L_0x100006ca7,-147,True
func_L_0x100006ca9,1252,True
func_L_0x100006cbe,965,True
func_L_0x100006ea9,258,False
func_L_0x1000071f5,820,False
func_L_0x100007347,599,True
func_L_0x1000075b8,118,False
func_L_0x1000075ba,753,True
func_L_0x100007702,463,True
func_L_0x1000077ff,746,False
func_L_0x100007a5c,870,False
func_L_0x100007a68,1049,False
func_L_0x100007cff,-349,False
func_L_0x100007de3,820,False
func_L_0x100007ded,153,False
func_L_0x100007e05,814,True
func_L_0x10000830c,729,False
func_L_0x10000832d,226,False
func_L_0x10000835d,-491,True
func_L_0x1000089f9,142,True
func_L_0x1000089fb,-582,True
func_L_0x10000919c,910,False
func_L_0x1000091ba,224,False
func_L_0x1000091bc,-360,True
func_L_0x100009277,-34,True
func_L_0x100009447,-232,False
func_L_0x100009465,1138,False
func_L_0x10000946b,1045,False
func_L_0x10000946f,1170,False
func_L_0x100009477,-489,True
func_L_0x1000095df,239,False
func_L_0x10000960a,590,True
func_L_0x10000995a,-544,False
func_L_0x10000995c,514,True
func_L_0x100009d77,1210,False
func_L_0x100009d79,578,True
func_Le_0x100003b75,-321,False
func_Le_0x100003b78,904,False
func_Le_0x100003ba3,-675,True
func_Le_0x100003bb0,-27,False
func_Le_0x100003bb4,556,False
func_Le_0x100003bc8,-17,False
func_Le_0x100003bce,969,False
func_Le_0x100003bd2,40,False
func_Le_0x100003bd6,-654,True
func_Le_0x100003bf8,-616,False
func_Le_0x100003bfa,-555,True
func_Le_0x100003c00,1043,True
func_Le_0x100003c06,743,True
func_Le_0x100003c08,244,False
func_Le_0x100003c12,778,False
func_Le_0x100003c16,1257,True
func_Le_0x100003c18,906,True
func_Le_0x100003c56,330,False
func_Le_0x100003c59,-423,True
func_Le_0x100003c5f,318,False
func_Le_0x100003c62,710,True
func_Le_0x100003c65,373,False
func_Le_0x100003c68,154,True
func_Le_0x100003c6e,-146,False
func_Le_0x100003c71,473,False
func_Le_0x100003c77,504,False
func_Le_0x100003c7a,942,True
func_Le_0x100003c7d,210,False
func_Le_0x100003c84,-208,False
func_Le_0x100003c86,-458,True
func_Le_0x100003caa,-373,True
func_Le_0x100003cb0,-514,False
func_Le_0x100003cd1,186,True
func_Le_0x100003cdd,673,False
func_Le_0x100003ce3,-118,False
func_Le_0x100003ce7,270,True
func_Le_0x100003ceb,922,True
func_Le_0x100003cee,574,False
func_Le_0x100003cf0,683,False
func_Le_0x100003cf3,173,False
func_Le_0x100003cf5,-621,False
func_Le_0x100003d06,-488,True
func_Le_0x100003d11,-188,False
func_Le_0x100003d1a,788,True
func_Le_0x100003d44,1157,True
func_Le_0x100003d58,-76,False
func_Le_0x100003d61,367,True
func_Le_0x100003d7b,-257,False
func_Le_0x100003d82,704,True
func_Le_0x100003d84,301,False
func_Le_0x100003d8d,-54,False
func_Le_0x100003dbf,291,False
func_Le_0x100003ddb,203,False
func_Le_0x100003ddd,1157,True
func_Le_0x100003df7,715,False
func_Le_0x100003e14,-467,False
func_Le_0x100003e16,416,True
func_Le_0x100003e33,-169,True
func_Le_0x100003e4a,-532,False
func_Li_0x100004e5a,1292,False
func_Li_0x100004e6b,907,False
func_Ln_0x100004136,-672,True
func_Ln_0x100008454,-324,True
func_Ln_0x100008c47,886,True
func_Ln_0x100008c5a,-655,True
func_Lr_0x100000588,817,False
func_Lr_0x100005182,492,True
func_Lr_0x100005c2c,627,True
func_Lr_0x100005c2e,-39,False
func_Lr_0x100006fe6,211,False
func_Lr_0x100006fee,-649,True
func_Lr_0x10000705f,324,True
func_Lt_0x100004410,887,True
func_Lt_0x100004426,-451,False
func_Lt_0x100004a70,-493,False
func_Lt_0x100004a72,1095,True
func_Lt_0x100004a7a,503,False
func_Lt_0x100005a58,1079,False
func_Lt_0x1000065be,490,True
func_Lt_0x100009c3a,797,True
func_Lt_0x100009edd,387,True
func_Lt_0x100009edf,-653,False
func_Lu_0x100005805,248,True
func_Lu_0x100005863,518,True
func_M_0x100000211,-371,True
func_M_0x1000029cb,-183,False
func_M_0x1000029df,-62,False
func_M_0x10000309c,-261,True
func_M_0x1000030c6,1016,False
func_M_0x10000395c,1050,True
func_M_0x10000396e,802,False
func_M_0x100003972,448,False
func_M_0x100003974,809,True
func_M_0x100003976,139,False
func_M_0x100003eb2,11,True
func_M_0x1000040a2,868,True
func_M_0x1000040a8,820,False
func_M_0x1000040ac,1226,False
func_M_0x1000040bc,-13,True
func_M_0x1000043ce,-552,False
func_M_0x1000043d2,657,True
func_M_0x1000043d8,780,False
func_M_0x1000043da,944,True
func_M_0x10000461c,1045,False
func_M_0x10000461e,-439,False
func_M_0x100004631,984,True
func_M_0x10000467f,94,True
func_M_0x100004966,-482,True
func_M_0x1000049fb,663,True
func_M_0x100004a61,372,True
func_M_0x100004a63,500,True
func_M_0x100004a69,821,False
func_M_0x100004aac,1026,True
func_M_0x100004b36,-479,False
func_M_0x100004b38,-339,False
func_M_0x100004b3a,1104,False
func_M_0x100004c70,1271,False
func_M_0x100004c76,844,True
func_M_0x100004c78,-30,True
func_M_0x100004c7a,296,True
func_M_0x100004c7c,376,True
func_M_0x1000059be,1055,True
func_M_0x1000059c0,778,False
func_M_0x100005b3c,303,False
func_M_0x100005b3f,24,True
func_M_0x100005eed,-541,False
func_M_0x100005f03,357,True
func_M_0x100005f05,1293,True
func_M_0x1000063d8,397,False
func_M_0x100006d9c,-528,False
func_M_0x1000071e7,-7,False
func_M_0x1000077d5,430,True
func_M_0x100007aa9,352,True
func_M_0x100007e09,86,False
func_M_0x1000080fe,-535,True
func_M_0x100008102,208,False
func_M_0x100008125,567,True
func_M_0x10000812d,-346,False
func_M_0x100008143,935,True
func_M_0x10000823e,-171,False
func_M_0x100008287,320,False
func_M_0x100008334,281,True
func_M_0x100008b00,727,True
func_M_0x100008b04,690,False
func_M_0x100008ca3,-244,True
func_M_0x100008d00,-600,True
func_M_0x100008dbb,-682,False
func_M_0x1000093b5,1191,True
func_M_0x1000093dd,79,True
func_M_0x1000093e6,227,False
func_M_0x100009d90,-635,False
func_Ma_0x100007b4c,-429,False
func_Me_0x10000333d,382,True
func_Me_0x10000337b,801,False
func_Me_0x100003396,-289,True
func_Me_0x10000339d,932,False
func_Me_0x1000043fd,-464,True
func_Me_0x1000043ff,174,False
func_Me_0x100004401,506,False
func_Me_0x100004409,79,False
func_Me_0x100004423,718,True
func_Me_0x100004436,783,False
func_Me_0x100004994,-673,False
func_Me_0x100004998,128,False
func_Me_0x10000499a,1218,False
func_Me_0x1000049a4,950,True
func_Me_0x1000049b2,375,True
func_Me_0x100005b6b,-676,True
func_Me_0x100005b7c,-237,True
func_Me_0x100005b8d,-652,True
func_Me_0x100005b8f,643,True
func_Me_0x100005d04,-178,True
func_Me_0x100005dee,-537,False
func_Me_0x1000061ca,-132,True
func_Me_0x1000061ce,944,True
func_Me_0x1000061d4,766,False
func_Me_0x1000061d6,468,True
func_Me_0x1000061da,357,True
func_Me_0x1000061e0,390,False
func_Me_0x1000061e4,-91,True
func_Me_0x1000061e6,389,False
func_Me_0x1000061e8,924,True
func_Me_0x1000061ea,1025,False
func_Me_0x1000061f2,-535,True
func_Me_0x1000061fa,412,True
func_Me_0x100006bf1,800,True
func_Me_0x100006bf3,-170,True
func_Me_0x100009c2f,-176,False
func_Me_0x100009c33,1210,True
func_Mn_0x100005639,1159,False
func_Mn_0x10000578f,1295,True
func_Mn_0x1000057c8,1189,False
func_Mn_0x1000057f3,-358,False
func_Mn_0x100005881,673,True
func_Mn_0x100005884,1187,True
func_Mo_0x100008750,-228,True
func_Mo_0x1000087a7,1234,False
func_Mo_0x1000088ad,-67,True
func_Mr_0x100000582,-565,True
func_Mr_0x100000787,669,False
func_Mr_0x100008001,138,True
func_Mr_0x100008005,137,True
func_Mr_0x100008007,591,False
func_Mr_0x10000950b,928,False
func_Mr_0x10000950f,-318,True
func_Mr_0x1000097ef,7,False
func_Mr_0x100009e00,822,False
func_Mt_0x100004122,902,False
func_Mt_0x10000412c,-183,True
func_Mt_0x10000412e,-307,False
func_Mt_0x100004130,136,True
func_Mt_0x100004132,426,True
func_Mt_0x100004134,-471,True
func_Mt_0x100008c43,1217,True
func_Mt_0x100008c49,-603,False
func_Mt_0x100008c55,110,True
func_Mt_0x100008c5d,1081,False
func_Mt_0x100008c5f,984,True
func_Mt_0x100008dd3,-229,True
func_Mt_0x100008dd5,1061,False
func_Mt_0x100008e98,-531,False
func_Mt_0x100008e9e,-461,True
func_Mt_0x100008eaf,294,False
func_Mt_0x100008ec9,882,False
func_Mt_0x100008ecf,-118,True
func_Mt_0x100008ed5,467,True
func_Mt_0x100008ee1,204,True
func_Mt_0x100008ee7,-1,False
func_Mt_0x100008eec,-146,True
func_Mt_0x100008eee,29,False
func_Mt_0x100008f09,617,True
func_Mt_0x100008f0f,1150,True
func_Mt_0x100008f11,834,True
func_Mt_0x100008f1b,43,False
func_Mt_0x100008f2e,908,True
func_Mt_0x100008f3e,1108,False
func_Mt_0x100008f42,-300,True
func_Mt_0x100008f48,1242,False
func_Mt_0x10000a059,417,False
func_N_0x100002a80,334,True
func_N_0x100002a82,446,True
func_N_0x100002a85,321,True
func_N_0x100002aa2,999,False
func_N_0x100002d2c,1285,False
func_N_0x100002d34,69,False
func_N_0x10000319d,-450,True
func_N_0x1000031ad,-172,True
func_N_0x10000395f,-166,True
func_N_0x100003963,1296,True
func_N_0x100003967,579,False
func_N_0x1000040d1,-326,True
func_N_0x100004944,699,False
func_N_0x100004964,794,True
func_N_0x100004ba7,-394,False
func_N_0x100004e0b,-624,True
func_N_0x1000052d5,169,False
func_N_0x100005305,-513,True
func_N_0x100005309,-622,True
func_N_0x10000530b,236,True
func_N_0x10000530d,997,True
func_N_0x1000054c8,-623,True
func_N_0x1000054d0,1177,False
func_N_0x1000054d2,776,False
func_N_0x1000054d4,837,False
func_N_0x1000054da,227,False
func_N_0x10000634e,-312,False
func_N_0x100006a6f,-391,True
func_N_0x100006da4,756,False
func_N_0x100006e7a,-508,True
func_N_0x10000716a,-619,False
func_N_0x100007401,1089,True
func_N_0x10000756c,982,True
func_N_0x1000075df,1220,False
func_N_0x100007efb,110,False
func_N_0x100007f03,-165,False
func_N_0x100007f09,-529,True
func_N_0x100008562,916,True
func_N_0x10000860b,125,True
func_N_0x10000860e,546,True
func_N_0x100008621,401,True
func_N_0x100008ad6,426,False
func_N_0x10000902d,1034,True
func_N_0x10000902f,341,True
func_N_0x10000903b,577,True
func_N_0x1000091f7,-186,False
func_N_0x1000091f9,232,True
func_N_0x1000092dd,377,True
func_N_0x1000092df,-130,False
func_Ne_0x100002ab1,-170,True
func_Ne_0x100002ab7,-70,True
func_Ne_0x100002ab9,778,True
func_Ne_0x100002abf,696,True
func_Ne_0x1000031e4,806,False
func_Ne_0x1000032fc,605,True
func_Ne_0x1000032fe,1217,False
func_Ne_0x100003300,-382,False
func_Ne_0x10000334f,796,False
func_Ne_0x10000436d,119,False
func_Ne_0x100004375,400,False
func_Ne_0x10000437f,194,True
func_Ne_0x100004381,579,False
func_Ne_0x100004383,-229,True
func_Ne_0x100004385,569,True
func_Ne_0x100004387,1111,True
func_Ne_0x10000438b,993,False
func_Ne_0x10000438f,64,True
func_Ne_0x100004391,656,True
func_Ne_0x100004393,-105,True
func_Ne_0x100004397,-196,False
func_Ne_0x10000439f,720,False
func_Ne_0x1000043a3,489,True
func_Ne_0x1000043a5,-385,False
func_Ne_0x1000043ab,-404,False
func_Ne_0x1000043ad,1010,True
func_Ne_0x1000043b1,52,True
func_Ne_0x1000043b3,-632,False
func_Ne_0x100004993,1076,False
func_Ne_0x100004a09,500,False
func_Ne_0x100005317,-153,True
func_Ne_0x10000531a,388,True
func_Ne_0x10000671c,135,False
func_Ne_0x100006720,557,False
func_Ne_0x100006722,1001,True
func_Ne_0x100006724,-674,True
func_Ne_0x10000672e,-227,True
func_Ne_0x100006734,-227,True
func_Ne_0x10000673c,227,False
func_Ne_0x1000071b2,560,False
func_Ne_0x1000071ba,456,True
func_Ne_0x1000071cc,203,False
func_Ne_0x100008f99,1221,False
func_Ne_0x100008f9b,-211,True
func_Ne_0x100008fa3,626,False
func_Ne_0x100008fab,1248,True
func_Ne_0x100008fb5,-575,False
func_Ne_0x10000952d,547,True
func_Ne_0x10000982c,-533,False
func_Ne_0x100009832,-671,True
func_Ne_0x10000983a,-308,True
func_Ne_0x100009842,758,True
func_Ne_0x100009844,22,True
func_Ne_0x1000098ef,1156,True
func_Nn_0x100003277,1111,False
func_Nn_0x100003283,697,False
func_Nn_0x100003285,-219,True
func_Nn_0x100003289,1000,True
func_Nn_0x1000074e7,924,True
func_Nn_0x10000951c,-183,True
func_Nn_0x1000097d0,-175,True
func_Nr_0x10000072f,185,True
func_Nr_0x100000731,45,False
func_Nr_0x100000733,-321,True
func_Nr_0x100000735,1194,True
func_Nr_0x100000737,-502,False
func_Nr_0x10000073b,1094,False
func_Nr_0x10000073f,1060,True
func_Nr_0x100000743,-648,False
func_Nr_0x100000749,-229,True
func_Nr_0x10000074d,-449,False
func_Nr_0x100000753,619,True
func_Nr_0x100000755,833,True
func_Nr_0x100000765,1193,False
func_Nr_0x100000767,951,False
func_Nr_0x100000769,-495,True
func_Nr_0x10000076d,1139,True
func_Nr_0x10000076f,-608,True
func_Nr_0x100000771,97,True
func_Nr_0x100000773,1081,True
func_Nr_0x100000777,-677,True
func_Nr_0x100004170,196,False
func_Nr_0x100004278,7,False
func_Nr_0x10000428f,-583,True
func_Nr_0x1000042a0,412,True
func_Nr_0x1000042a2,842,False
func_Nr_0x1000080cf,432,True
func_Nr_0x1000080d7,423,False
func_Nr_0x100008b76,937,False
func_Nr_0x100008b7c,1114,True
func_Nr_0x100008b7e,-476,True
func_Nr_0x100008b80,1245,False
func_Nr_0x100008b86,363,False
func_Nr_0x100008b8c,953,True
func_Nr_0x100008b90,-389,False
func_Nr_0x100008ba0,68,False
func_Nr_0x100008ba4,892,False
func_Nr_0x100008ba6,647,True
func_Nr_0x100008bae,506,True
func_Nr_0x100008bb0,-196,False
func_Nr_0x100008bbe,-34,False
func_Nr_0x100008bc2,721,True
func_Nr_0x100008bc6,1164,False
func_Nr_0x100008bca,327,True
func_Nr_0x100008bcc,896,True
func_Nr_0x100008bce,57,False
func_Nr_0x100008bdc,81,False
func_Nr_0x100008bde,1279,True
func_Nr_0x100008be0,1016,False
func_Nr_0x100008be6,1006,False
func_Nr_0x100008be8,1130,True
func_Nr_0x100008c10,-343,False
func_Nr_0x100008c12,505,True
func_Nr_0x100008c14,122,True
func_Nr_0x100008c1c,675,False
func_Nr_0x100008c6a,-200,False
func_Nr_0x100008c6c,524,True
func_Nr_0x100008c76,150,True
func_Nr_0x100008c78,85,False
func_Nr_0x100008c7a,654,True
func_Nr_0x10000a001,777,True
func_Nt_0x10000440d,9,False
func_Nt_0x10000441b,1013,True
func_Nt_0x1000049d0,-602,True
func_Nt_0x100005b83,256,True
func_Nt_0x100005b85,-500,True
func_Nt_0x100005da5,1107,False
func_Nt_0x100005df2,543,True
func_Nt_0x1000061c6,-408,False
func_Nt_0x1000061cc,-68,True
func_Nt_0x100006bfb,447,True
func_Nt_0x100006c72,831,True
func_Nt_0x100007894,1188,False
func_Nt_0x10000941b,1104,False
func_Nt_0x10000941f,614,False
func_Nt_0x100009421,-671,False
func_Nt_0x1000094b5,-216,True
func_Nt_0x1000095b8,660,False
func_Nt_0x1000095c6,-71,False
func_Nt_0x10000964a,387,False
func_Nt_0x100009be6,697,True
func_Nt_0x100009bea,1075,True
func_O_0x100002bff,1231,False
func_O_0x100002e02,1216,False
func_O_0x100002e04,69,False
func_O_0x100002e19,-206,True
func_O_0x100002e2e,-214,False
func_O_0x100002e38,643,True
func_O_0x100003084,77,True
func_O_0x10000330c,-397,True
func_O_0x100003a0d,-254,True
func_O_0x100003a30,-209,True
func_O_0x100003f21,229,False
func_O_0x1000044d3,-198,True
func_O_0x100004515,1221,False
func_O_0x100004517,349,False
func_O_0x100004519,-305,False
func_O_0x10000451f,-215,False
func_O_0x10000459f,106,False
func_O_0x1000045bb,-143,True
func_O_0x1000045bd,1072,True
func_O_0x1000045bf,-250,True
func_O_0x1000045c1,-450,False
func_O_0x1000045c5,1025,False
func_O_0x10000460b,183,False
func_O_0x100004645,-45,False
func_O_0x1000049f8,1170,True
func_O_0x100004b55,-191,True
func_O_0x100004b5b,-302,False
func_O_0x100004b5f,912,False
func_O_0x100004b61,1112,False
func_O_0x10000532e,1013,True
func_O_0x100005382,255,True
func_O_0x10000538f,-589,False
func_O_0x100005393,212,False
func_O_0x1000059b8,-488,True
func_O_0x1000059ba,-407,False
func_O_0x1000059c5,709,False
func_O_0x100005afd,491,True
func_O_0x100005cbf,876,False
func_O_0x100005fe1,881,True
func_O_0x1000062f8,226,True
func_O_0x1000062fa,1272,False
func_O_0x1000062fe,-613,True
func_O_0x100006300,752,True
func_O_0x10000635c,994,False
func_O_0x10000670a,586,False
func_O_0x10000670c,77,False
func_O_0x10000670e,206,False
func_O_0x10000678c,-258,True
func_O_0x100006a46,182,True
func_O_0x100006b05,-572,False
func_O_0x100006cdc,732,False
func_O_0x1000073f5,902,True
func_O_0x1000073f8,1169,True
func_O_0x100007543,240,True
func_O_0x100007693,60,True
func_O_0x1000076c0,-452,False
func_O_0x100007776,134,False
func_O_0x100007795,-529,True
func_O_0x100007e0e,-354,True
func_O_0x100007e1d,-88,True
func_O_0x100007e25,999,True
func_O_0x100007e27,854,False
func_O_0x100007f4e,-196,False
func_O_0x100007f5c,1059,True
func_O_0x10000822d,237,False
func_O_0x100008292,-200,True
func_O_0x100008294,-645,False
func_O_0x100008331,-487,False
func_O_0x100008d58,1175,True
func_O_0x100008d5a,97,True
func_O_0x100008dc1,491,True
func_O_0x100009295,375,False
func_O_0x100009299,1099,True
func_O_0x100009607,-25,False
func_O_0x100009d36,-14,True
func_O_0x100009d86,50,False
func_O_0x100009dbd,491,True
func_Oe_0x10000337e,843,False
func_Oe_0x10000339f,1246,True
func_Oe_0x10000440f,104,True
func_Oe_0x100004417,-321,True
func_Oe_0x100004430,451,False
func_Oe_0x100005a18,131,True
func_Oe_0x100005d0b,634,False
func_Oe_0x100005da3,1132,True
func_Oe_0x1000061d0,1166,False
func_Oe_0x1000061d8,320,False
func_Oe_0x100006c05,308,True
func_Oe_0x100007865,-635,True
func_Oe_0x100007868,2,True
func_Oe_0x100007872,255,False
func_Oe_0x100007884,1068,False
func_Oe_0x100007886,-513,False
func_Oe_0x100007888,-461,False
func_Oe_0x10000788a,404,True
func_Oe_0x10000788c,192,True
func_Oe_0x100007890,-164,True
func_Oe_0x100007892,-177,True
func_Oe_0x10000941d,663,False
func_Oe_0x1000095b9,-172,True
func_Oe_0x100009be8,847,False
func_On_0x10000384b,-299,False
func_On_0x1000038c3,561,True
func_On_0x1000038eb,-243,False
func_On_0x1000038ed,863,True
func_On_0x1000038f3,445,False
func_Or_0x1000086ee,339,False
func_Or_0x100008705,778,False
func_Or_0x10000870b,1090,True
func_Or_0x100008713,511,False
func_Or_0x100008715,829,True
func_Or_0x100008717,-533,False
func_Or_0x100008749,-228,False
func_Or_0x10000875b,1127,True
func_Or_0x100008763,729,False
func_Or_0x10000876d,450,False
func_Or_0x10000876f,751,False
func_Or_0x100008789,463,True
func_Or_0x100008791,-191,True
func_Or_0x100008795,121,True
func_Or_0x100008797,321,True
func_Or_0x100008799,522,True
func_Or_0x1000087cc,-415,True
func_Or_0x1000087d0,-529,False
func_Or_0x1000087d5,1078,True
func_Or_0x1000087d9,1027,False
func_Or_0x1000087dd,330,False
func_Or_0x1000087df,730,False
func_Or_0x100008812,599,True
func_Or_0x10000881e,1042,True
func_Or_0x100008827,-156,True
func_Or_0x100008843,176,False
func_Or_0x10000884a,335,True
func_Or_0x100008874,29,True
func_Or_0x100008879,-435,True
func_Or_0x1000089b7,-60,False
func_Or_0x1000089d9,466,True
func_Os_0x10000554c,-647,False
func_Ot_0x100005a4a,-173,True
func_Ot_0x100005a4c,-7,True
func_Ot_0x100005a4e,1274,True
func_Ot_0x100006c1b,225,False
func_Ot_0x100009ae5,1271,False
func_Ot_0x100009b05,679,True
func_Ot_0x100009b29,70,False
func_Ot_0x100009b2b,-648,True
func_Ot_0x100009b33,-646,True
func_Ot_0x100009b35,325,False
func_Ot_0x100009b39,842,False
func_Ot_0x100009b3b,-644,True
func_Ot_0x100009b41,-529,True
func_Ot_0x100009b43,1129,True
func_Ot_0x100009b45,-152,False
func_Ot_0x100009b4d,1294,True
func_Ot_0x100009bed,887,False
func_Ot_0x100009bf1,498,True
func_P0_0x100005810,198,False
func_P_0x1000001ef,1149,True
func_P_0x1000001f5,14,False
func_P_0x100002a9e,792,True
func_P_0x100002b7e,1103,True
func_P_0x100002b80,-690,False
func_P_0x100002b8a,90,True
func_P_0x100002b8c,813,False
func_P_0x100002d38,-93,True
func_P_0x100002d53,1042,False
func_P_0x1000031ab,1152,False
func_P_0x100003958,655,False
func_P_0x1000040da,1273,False
func_P_0x1000040dc,1215,True
func_P_0x1000040e0,526,True
func_P_0x1000040e4,443,False
func_P_0x1000040e8,179,False
func_P_0x1000040f0,1292,True
func_P_0x1000040f4,-624,False
func_P_0x1000040fc,-417,False
func_P_0x100004104,1124,False
func_P_0x10000493e,1040,False
func_P_0x10000495a,127,False
func_P_0x1000052d1,571,True
func_P_0x10000532b,962,True
func_P_0x100005ba4,730,True
func_P_0x100005f53,1193,True
func_P_0x100005f55,-416,False
func_P_0x100005f57,444,True
func_P_0x10000613c,362,True
func_P_0x10000613f,-102,False
func_P_0x100006141,301,True
func_P_0x100006252,-595,False
func_P_0x100006451,93,False
func_P_0x100006a6d,-120,True
func_P_0x100006e7f,1171,True
func_P_0x100007176,-702,False
func_P_0x100007178,-179,False
func_P_0x10000717a,1229,False
func_P_0x10000717c,583,False
func_P_0x100007182,293,False
func_P_0x1000073a9,31,False
func_P_0x1000073c2,1116,True
func_P_0x1000073d6,-33,False
func_P_0x1000073da,106,True
func_P_0x1000073fe,1058,True
func_P_0x100007611,-668,False
func_P_0x100007623,349,False
func_P_0x100007625,509,True
func_P_0x100007d92,-242,False
func_P_0x100007d95,946,False
func_P_0x100007d97,1273,True
func_P_0x100007efd,710,False
func_P_0x100007f01,124,False
func_P_0x100007f05,446,False
func_P_0x100007f07,-145,False
func_P_0x100007f17,84,True
func_P_0x100007f53,900,False
func_P_0x10000828f,800,False
func_P_0x10000830d,16,True
func_P_0x100008618,523,False
func_P_0x10000861c,625,True
func_P_0x10000861f,-341,True
func_P_0x100008b15,560,True
func_P_0x1000091f5,-644,False
func_P_0x1000092b5,299,True
func_P_0x100009334,531,True
func_P_0x100009340,-14,True
func_P_0x100009355,616,False
func_P_0x100009bdc,-160,True
func_Pe_0x100002f29,-189,True
func_Pe_0x1000053ee,11,True
func_Pe_0x100005408,11,True
func_Pe_0x100005bfd,-76,False
func_Pe_0x100005c02,-580,False
func_Pe_0x100005c04,1147,True
func_Pe_0x100005c1a,389,False
func_Pe_0x100005c3b,121,False
func_Pe_0x100005c64,-566,True
func_Pe_0x100005c71,485,True
func_Pe_0x100005c82,643,False
func_Pe_0x100005c85,-253,True
func_Pe_0x100005c8b,465,False
func_Pe_0x1000065e3,1093,True
func_Pe_0x1000065e7,162,False
func_Pe_0x100007240,569,False
func_Pe_0x100007242,1198,True
func_Pe_0x10000724b,404,False
func_Pe_0x100007263,-288,True
func_Pe_0x1000072a5,1293,False
func_Pe_0x1000072ab,-461,True
func_Pe_0x1000072ad,113,False
func_Pe_0x1000072af,127,True
func_Pe_0x1000072b3,-62,True
func_Pe_0x1000072b5,450,True
func_Pe_0x1000072c1,-592,True
func_Pe_0x1000072c3,26,False
func_Pe_0x10000789b,804,True
func_Pe_0x10000789d,749,True
func_Pe_0x1000078a2,1259,False
func_Pe_0x1000078a8,143,False
func_Pe_0x100007977,168,False
func_Pe_0x10000797b,1218,False
func_Pe_0x100007994,-94,False
func_Pe_0x10000799b,-634,True
func_Pe_0x10000799d,319,False
func_Pe_0x1000079a3,125,True
func_Pe_0x10000862e,620,False
func_Pe_0x100008634,-539,True
func_Pe_0x10000863c,-523,True
func_Pe_0x100008668,-478,False
func_Pe_0x10000866a,-548,False
func_Pe_0x100008677,-491,True
func_Pe_0x100008679,85,False
func_Pe_0x10000867d,969,True
func_Pe_0x100008683,-412,False
func_Pe_0x100008685,1230,False
func_Pe_0x100008689,-404,False
func_Pe_0x10000868b,-252,True
func_Pe_0x10000868d,-258,True
func_Pe_0x1000086a0,1141,True
func_Pe_0x1000086a3,-122,True
func_Pe_0x1000086d1,-648,False
func_Pe_0x1000086e1,-41,False
func_Pe_0x100009aed,-672,False
func_Pn_0x100008b6c,750,False
func_Pn_0x100008c22,734,True
func_Pn_0x100009fdd,193,True
func_Pn_0x10000a04a,-41,True
func_Pr_0x100000790,1058,True
func_Pr_0x100000792,985,True
func_Pr_0x100000798,486,True
func_Pr_0x100005d12,-112,False
func_Pr_0x100005d14,981,False
func_Pr_0x100005d16,-11,False
func_Pr_0x100005d1e,691,True
func_Pr_0x100005d22,-648,True
func_Pr_0x100005d24,135,True
func_Pr_0x100005d28,1137,True
func_Pr_0x100005d2a,162,True
func_Pr_0x100005d2c,30,True
func_Pr_0x100005d30,928,True
func_Pr_0x100005d32,-80,True
func_Pr_0x100005d34,1141,True
func_Pr_0x100005d38,672,False
func_Pr_0x100005d3a,943,False
func_Pr_0x100005d40,182,True
func_Pr_0x100009516,-685,True
func_Pr_0x100009519,240,True
func_Pr_0x1000097ea,688,False
func_Pr_0x1000097ec,905,True
func_Pr_0x1000097f3,-366,False
func_Pt_0x1000003a8,298,True
func_Pu_0x100008781,339,True
func_Pu_0x100008807,1113,True
func_Q_0x1000029d2,936,False
func_Q_0x1000029d8,72,True
func_Q_0x100002c26,953,False
func_Q_0x100002c28,-613,True
func_Q_0x100002d59,124,True
func_Q_0x100002d63,-352,False
func_Q_0x10000306d,38,False
func_Q_0x1000030f7,253,False
func_Q_0x10000316c,228,False
func_Q_0x1000031b9,12,False
func_Q_0x1000031c2,682,False
func_Q_0x1000031c8,619,False
func_Q_0x1000032f2,-658,True
func_Q_0x100003941,391,True
func_Q_0x1000043cb,-519,False
func_Q_0x1000043e9,328,False
func_Q_0x100004912,-23,False
func_Q_0x100004943,-115,False
func_Q_0x10000494d,-594,True
func_Q_0x100004d40,471,False
func_Q_0x10000527f,616,True
func_Q_0x100005b9a,1109,True
func_Q_0x100005b9c,144,False
func_Q_0x100006071,-514,True
func_Q_0x100006244,579,False
func_Q_0x10000624d,-135,True
func_Q_0x100006250,1209,True
func_Q_0x100006271,64,False
func_Q_0x10000627a,-9,False
func_Q_0x10000634c,110,False
func_Q_0x100006352,624,False
func_Q_0x10000643e,-339,True
func_Q_0x100006442,-515,True
func_Q_0x100006479,-35,True
func_Q_0x100006710,618,False
func_Q_0x1000069da,840,True
func_Q_0x100006a5d,594,True
func_Q_0x100006a6c,181,False
func_Q_0x100006bb4,-387,True
func_Q_0x10000736f,630,True
func_Q_0x100007373,328,False
func_Q_0x1000073ec,1076,True
func_Q_0x1000076c5,42,False
func_Q_0x1000078d5,853,False
func_Q_0x1000078d7,-58,True
func_Q_0x1000078db,607,True
func_Q_0x1000078e6,1250,False
func_Q_0x100008150,383,False
func_Q_0x100008514,-207,False
func_Q_0x100008548,502,True
func_Q_0x100008a80,1013,True
func_Q_0x100008a82,484,True
func_Q_0x100008ada,777,True
func_Q_0x100008d11,1152,True
func_Q_0x100008f64,-391,False
func_Q_0x100008f68,-677,True
func_Q_0x100008f6c,-167,False
func_Q_0x100008f72,1056,False
func_Q_0x100008f76,-491,False
func_Q_0x100008f79,398,True
func_Q_0x100008fcc,515,True
func_Q_0x100009029,520,True
func_Q_0x100009041,394,False
func_Q_0x100009045,155,False
func_Q_0x100009054,-668,True
func_Q_0x100009056,313,True
func_Q_0x1000091a7,1255,True
func_Q_0x1000091f4,-625,False
func_Q_0x100009201,-321,True
func_Q_0x10000929c,-308,True
func_Q_0x1000093d4,-322,False
func_Q_0x1000093d6,1017,True
func_Q_0x100009c1a,1135,False
func_Q_0x100009ef7,340,False
func_Qe_0x100003340,609,True
func_Qe_0x100003342,772,False
func_Qe_0x100003344,-253,False
func_Qe_0x100004418,-574,False
func_Qe_0x100004437,379,False
func_Qe_0x1000049be,537,False
func_Qe_0x100005a6c,447,True
func_Qe_0x100005a78,756,True
func_Qe_0x100005a7a,-94,True
func_Qe_0x100005a82,-181,False
func_Qe_0x100005a90,644,False
func_Qe_0x100005a92,1180,False
func_Qe_0x100006610,1064,False
func_Qe_0x10000666e,40,False
func_Qe_0x100007855,16,True
func_Qe_0x100007857,999,True
func_Qe_0x100007863,508,False
func_Qe_0x100007870,721,True
func_Qe_0x100007878,-353,False
func_Qe_0x10000787c,856,True
func_Qe_0x100009425,821,True
func_Qe_0x100009428,-505,True
func_Qe_0x1000094b6,610,True
func_Qe_0x1000094c2,720,False
func_Qe_0x1000094c6,-228,True
func_Qe_0x1000094ca,-269,False
func_Qe_0x1000094d6,-68,False
func_Qe_0x10000964b,119,False
func_Qe_0x10000964f,617,True
func_Qe_0x100009651,-99,False
func_Qe_0x100009657,864,True
func_Qe_0x10000965b,727,False
func_Qe_0x100009663,515,False
func_Qe_0x100009665,1186,True
func_Qe_0x100009667,-141,True
func_Qe_0x100009669,157,True
func_Qe_0x100009681,165,False
func_Qe_0x100009685,-461,False
func_Qe_0x100009689,-242,True
func_Qe_0x10000968b,724,True
func_Qe_0x10000969b,-625,True
func_Qe_0x100009c37,679,False
func_Qn_0x1000038d3,-308,True
func_Qn_0x1000038e7,1293,False
func_Qn_0x1000038ef,-505,False
func_Qo_0x100003d98,-180,False
func_Qo_0x100003e28,372,True
func_Qo_0x100003e2b,269,True
func_Qr_0x100003dfe,368,True
func_Qr_0x100003e00,900,False
func_Qr_0x100004fb7,488,True
func_Qr_0x100004fc9,1212,True
func_Qr_0x100004fcf,827,False
func_Qr_0x100004fd7,109,False
func_Qr_0x100004fdb,11,False
func_Qr_0x100004ff9,873,False
func_Qr_0x100005009,605,True
func_Qr_0x10000501b,512,True
func_Qr_0x100005059,223,True
func_Qr_0x100005079,-264,False
func_Qr_0x10000507d,310,False
func_Qr_0x1000050aa,749,False
func_Qr_0x1000050ee,-55,False
func_Qu_0x1000087fd,-110,False
func_Qu_0x100008803,864,True
func_Qu_0x10000887d,-87,True
func_R_0x10000304a,1224,False
func_R_0x100003074,-216,False
func_R_0x10000309e,104,False
func_R_0x1000030a0,572,False
func_R_0x1000030c2,1217,True
func_R_0x1000030e7,-578,True
func_R_0x1000030e9,357,False
func_R_0x1000030eb,-271,True
func_R_0x10000316b,-21,True
func_R_0x10000320f,1285,False
func_R_0x100003213,418,False
func_R_0x100003938,-655,False
func_R_0x100003f22,62,True
func_R_0x1000040c6,-125,False
func_R_0x1000042e2,-477,False
func_R_0x1000042e8,-36,True
func_R_0x1000042ec,730,True
func_R_0x1000042f6,1079,False
func_R_0x1000042fa,618,False
func_R_0x1000042fc,936,True
func_R_0x1000042fe,1017,True
func_R_0x100004336,801,True
func_R_0x1000043dd,-60,True
func_R_0x1000044de,-230,False
func_R_0x1000044e0,834,False
func_R_0x1000044e2,-678,True
func_R_0x100004661,13,False
func_R_0x100004665,965,False
func_R_0x100004679,148,True
func_R_0x100004968,2,False
func_R_0x100004c84,1047,True
func_R_0x100004d58,254,False
func_R_0x100004d5a,770,False
func_R_0x100005245,448,True
func_R_0x100005251,-389,True
func_R_0x100005256,670,False
func_R_0x10000525f,1160,False
func_R_0x1000052ae,969,True
func_R_0x10000532f,772,False
func_R_0x10000536c,398,False
func_R_0x100005370,-56,True
func_R_0x100005b32,-285,True
func_R_0x100005b41,1030,False
func_R_0x100005ce0,-52,False
func_R_0x100005ce4,-668,True
func_R_0x100005cee,-13,False
func_R_0x100005cfc,-370,False
func_R_0x100005cfe,1181,True
func_R_0x1000063ae,887,False
func_R_0x1000063b0,-265,True
func_R_0x1000063cf,156,False
func_R_0x1000063d2,-395,True
func_R_0x100006a69,581,False
func_R_0x100006b06,1091,True
func_R_0x100006f8e,368,False
func_R_0x100006f90,-644,False
func_R_0x100006fab,126,True
func_R_0x100007798,-376,True
func_R_0x10000779a,-230,True
func_R_0x100007abf,1228,False
func_R_0x100007ac1,30,False
func_R_0x100007ac3,1005,False
func_R_0x100007ac7,-134,False
func_R_0x100007acb,-547,True
func_R_0x100007acd,-82,True
func_R_0x100007acf,149,True
func_R_0x100007ad6,203,False
func_R_0x100007ada,1184,True
func_R_0x100007ef4,-447,True
func_R_0x100008c97,776,False
func_R_0x100008ca0,1215,True
func_R_0x100008cbd,585,False
func_R_0x10000929b,943,False
func_R_0x1000092cc,1272,True
func_R_0x1000092ce,414,True
func_R_0x1000092d0,-70,False
func_R_0x1000093ac,813,False
func_R_0x100009828,986,False
func_R_0x1000098c6,-365,True
func_R_0x1000098c9,-26,True
func_R_0x100009d8d,1073,True
func_Re_0x10000336d,-402,False
func_Re_0x100003390,-537,False
func_Re_0x10000443a,124,True
func_Re_0x1000049ae,1161,True
func_Re_0x1000049c9,1226,True
func_Re_0x100004a14,-153,False
func_Re_0x100005315,22,False
func_Re_0x100005b7e,692,True
func_Re_0x10000671e,1015,False
func_Re_0x100006728,43,True
func_Re_0x1000071aa,-514,True
func_Re_0x1000071b6,1223,True
func_Re_0x1000071c2,184,True
func_Re_0x1000071c8,43,False
func_Re_0x100007f62,800,False
func_Re_0x100007f64,991,True
func_Re_0x100009529,-702,False
func_Re_0x100009be5,-499,False
func_Rn_0x100003b9a,231,False
func_Rn_0x100004e66,-549,True
func_Rn_0x100005019,250,True
func_Rn_0x10000506f,-102,False
func_Rr_0x10000072d,440,True
func_Rr_0x100000739,1200,True
func_Rr_0x10000073d,314,True
func_Rr_0x100000741,-106,False
func_Rr_0x100000745,719,True
func_Rr_0x10000074b,-484,False
func_Rr_0x100000751,979,True
func_Rr_0x100000757,1178,False
func_Rr_0x100000759,780,True
func_Rr_0x10000075b,-217,False
func_Rr_0x10000075d,-227,False
func_Rr_0x10000075f,1283,False
func_Rr_0x100000761,442,True
func_Rr_0x100000763,11,False
func_Rr_0x10000076b,-556,False
func_Rr_0x100000775,-229,True
func_Rr_0x100000779,-658,True
func_Rr_0x10000414d,161,True
func_Rr_0x10000425f,788,False
func_Rr_0x100004274,1199,False
func_Rr_0x100004282,-334,True
func_Rr_0x1000080ca,-471,True
func_Rr_0x1000080cd,734,False
func_Rr_0x1000080d9,653,True
func_Rr_0x100008b72,347,False
func_Rr_0x100008c16,1207,False
func_Rr_0x100008c18,-269,True
func_Rr_0x100008c62,1156,True
func_Rr_0x100008c64,673,False
func_Rr_0x100008c66,308,True
func_Rr_0x100008c68,518,False
func_Rr_0x100008c7c,570,True
func_Rr_0x100008c7e,639,False
func_Rr_0x100009fc4,854,True
func_Rt_0x100002f33,301,False
func_Rt_0x100005c59,194,True
func_Rt_0x1000065db,452,False
func_Rt_0x100006619,-475,False
func_Rt_0x100006621,-392,True
func_Rt_0x100006747,1155,False
func_Rt_0x10000674b,543,False
func_Rt_0x10000674d,184,True
func_Rt_0x100006751,400,False
func_Rt_0x100006753,756,False
func_Rt_0x100006757,864,False
func_Rt_0x100006759,1277,False
func_Rt_0x100006761,-255,False
func_Rt_0x100006763,611,True
func_Rt_0x10000676b,454,True
func_Rt_0x100006773,-640,False
func_Rt_0x100006c21,854,True
func_Rt_0x10000724f,227,False
func_Rt_0x10000725b,942,True
func_Rt_0x10000725d,251,False
func_Rt_0x10000726d,408,True
func_Rt_0x100007272,212,True
func_Rt_0x10000793b,506,False
func_Rt_0x100007952,1045,False
func_Rt_0x100007958,1214,True
func_Rt_0x100009bf8,-67,False
func_Ru_0x100007b48,751,True
func_Ru_0x1000083e5,-608,True
func_S_0x100000107,91,True
func_S_0x10000010d,832,True
func_S_0x10000010f,18,True
func_S_0x1000001b6,127,True
func_S_0x100000277,794,True
func_S_0x100000291,-169,True
func_S_0x100002e2b,-114,False
func_S_0x100003090,-102,True
func_S_0x100003a21,199,False
func_S_0x100003eb1,-673,True
func_S_0x100003edb,-61,False
func_S_0x100003edf,592,True
func_S_0x100003ee5,1211,True
func_S_0x100004478,1181,False
func_S_0x1000044b5,-442,False
func_S_0x100004560,447,False
func_S_0x10000459c,1051,True
func_S_0x100004608,67,False
func_S_0x100004b7a,712,True
func_S_0x100004cf0,-220,False
func_S_0x100004cf2,79,True
func_S_0x100005440,1290,True
func_S_0x100005442,1291,False
func_S_0x100005452,1004,False
func_S_0x100005454,492,True
func_S_0x1000054c5,446,True
func_S_0x10000551b,650,False
func_S_0x100005520,290,False
func_S_0x100005522,552,True
func_S_0x100005524,809,True
func_S_0x10000591a,-133,False
func_S_0x1000059ab,-351,True
func_S_0x1000059dd,747,True
func_S_0x1000059eb,545,False
func_S_0x100005aa0,-375,False
func_S_0x100005ad3,976,True
func_S_0x100005b02,-245,False
func_S_0x100005b04,831,False
func_S_0x100005ca9,650,False
func_S_0x1000061c2,238,True
func_S_0x1000062c3,-97,True
func_S_0x1000066eb,8,True
func_S_0x1000066ed,-44,False
func_S_0x10000699a,-426,False
func_S_0x100006a44,640,False
func_S_0x100006b11,-565,True
func_S_0x100006b15,-131,True
func_S_0x100006e5e,-667,False
func_S_0x100006f22,945,True
func_S_0x1000070f7,1292,True
func_S_0x1000072dc,-618,True
func_S_0x1000072de,428,True
func_S_0x1000072e2,1170,False
func_S_0x10000734e,525,False
func_S_0x100007709,1129,True
func_S_0x100007723,188,True
func_S_0x100007742,542,False
func_S_0x100007752,-670,False
func_S_0x100007756,765,False
func_S_0x100007caa,541,True
func_S_0x100008d51,1105,False
func_S_0x100009395,243,False
func_S_0x1000093ef,1168,False
func_S_0x100009438,-301,True
func_S_0x100009454,836,True
func_S_0x1000095e4,135,False
func_S_0x1000095e6,-48,False
func_S_0x1000095e8,363,False
func_S_0x100009887,-689,True
func_S_0x10000988a,820,True
func_S_0x100009c6d,-127,True
func_S_0x100009c6f,794,False
func_S_0x100009c73,275,False
func_S_0x100009d6a,-346,True
func_S_0x100009d7e,851,False
func_S_0x100009d80,703,True
func_Se_0x100002a3f,1003,True
func_Se_0x100002ad7,788,True
func_Se_0x100002ad9,-52,False
func_Se_0x1000031df,770,False
func_Se_0x100004dac,714,False
func_Se_0x100004dfd,978,True
func_Se_0x1000069e5,-224,False
func_Se_0x1000069f1,427,False
func_Se_0x1000069f7,-93,False
func_Se_0x100006a08,-331,False
func_Se_0x100006eef,948,True
func_Se_0x1000073e2,198,False
func_Se_0x100007f5f,873,True
func_Se_0x100007f75,483,False
func_Se_0x100007f77,-670,False
func_Se_0x100007f79,5,True
func_Se_0x100008623,-456,True
func_Se_0x100008f92,-627,True
func_Se_0x1000094a7,-169,True
func_Se_0x1000098d1,1168,False
func_Se_0x1000098d5,-323,True
func_Se_0x1000098d7,-492,False
func_Se_0x1000098e3,1144,False
func_Se_0x1000098e5,207,False
func_Se_0x1000098e7,381,True
func_Se_0x1000098eb,1245,True
func_Se_0x1000098f7,178,False
func_Se_0x100009ec7,211,True
func_Se_0x100009ed0,-324,False
func_Se_0x100009ed2,696,False
func_Se_0x100009ed4,-348,True
func_Se_0x100009ef3,532,False
func_Si_0x100003beb,-210,False
func_Sn_0x1000086eb,74,True
func_Sn_0x1000086f9,481,False
func_Sn_0x1000087c2,1057,False
func_Sn_0x100008825,1037,False
func_Sn_0x100008846,748,False
func_Sn_0x100008855,-435,False
func_Sn_0x10000885f,-622,False
func_Sn_0x10000889d,1040,True
func_Sn_0x1000088b4,463,True
func_Sn_0x1000088c0,905,True
func_So_0x100005772,-164,False
func_So_0x100005774,1149,False
func_So_0x1000057e4,-437,False
func_Sr_0x100002f35,563,False
func_Sr_0x100002f4c,973,True
func_Sr_0x10000515b,211,True
func_Sr_0x10000518f,739,False
func_Sr_0x1000053d8,34,True
func_Sr_0x100005401,209,True
func_Sr_0x100005430,1071,True
func_Sr_0x100005bfe,857,False
func_Sr_0x100005c68,1294,False
func_Sr_0x100006745,30,False
func_Sr_0x10000674f,315,True
func_Sr_0x10000676d,-654,True
func_Sr_0x100006771,434,True
func_Sr_0x10000723d,-657,False
func_Sr_0x100007255,182,True
func_St_0x1000086f7,-407,True
func_St_0x1000086ff,387,False
func_St_0x100008701,1079,False
func_St_0x10000870d,616,False
func_St_0x100008719,593,True
func_St_0x10000871f,646,True
func_St_0x100008721,279,True
func_St_0x100008747,753,False
func_St_0x10000874b,-468,True
func_St_0x10000874d,673,False
func_St_0x10000875d,-139,True
func_St_0x100008761,-206,True
func_St_0x100008765,17,True
func_St_0x100008767,1288,False
func_St_0x100008769,518,True
func_St_0x100008777,164,True
func_St_0x100008779,407,False
func_St_0x100008787,1254,True
func_St_0x10000878b,947,True
func_St_0x10000878f,-611,True
func_St_0x10000879b,-366,True
func_St_0x10000879f,48,False
func_St_0x1000087a1,-165,True
func_St_0x1000087a5,856,True
func_St_0x1000087c0,1275,True
func_St_0x1000087db,352,False
func_St_0x1000087ec,676,False
func_St_0x1000087f0,721,True
func_St_0x1000087fa,-232,True
func_St_0x10000881a,1023,True
func_St_0x10000881c,936,True
func_St_0x100008822,405,True
func_St_0x100008836,-488,True
func_St_0x100008838,1020,True
func_St_0x100008872,549,True
func_St_0x1000089b9,948,True
func_St_0x1000089c4,-445,True
func_Su_0x1000041c5,579,True
func_T_0x1000001b3,623,False
func_T_0x100002a6d,432,False
func_T_0x10000303c,983,False
func_T_0x10000303e,-383,False
func_T_0x100003040,1042,False
func_T_0x100003042,397,False
func_T_0x100003044,525,False
func_T_0x100003046,577,False
func_T_0x100003052,126,False
func_T_0x100003081,698,False
func_T_0x10000315d,207,False
func_T_0x10000315f,-488,True
func_T_0x100003161,198,False
func_T_0x100003195,400,True
func_T_0x100003a1d,-189,False
func_T_0x100003a1f,332,True
func_T_0x100003eff,465,False
func_T_0x100003f02,902,True
func_T_0x100003f25,-32,True
func_T_0x100004333,-49,True
func_T_0x100004340,289,True
func_T_0x100004476,255,False
func_T_0x100004963,35,True
func_T_0x100004aab,-29,True
func_T_0x100005374,-66,False
func_T_0x100005526,775,True
func_T_0x100005962,-67,True
func_T_0x1000059b5,-702,False
func_T_0x1000059b7,188,False
func_T_0x1000059c3,1234,False
func_T_0x1000059cd,-312,False
func_T_0x1000059d1,-586,True
func_T_0x100005af3,63,True
func_T_0x100005cb9,28,False
func_T_0x100005cc1,596,False
func_T_0x100006a4b,347,False
func_T_0x100006f24,968,False
func_T_0x1000070d9,551,True
func_T_0x1000070db,459,True
func_T_0x1000070dd,584,True
func_T_0x1000070df,-695,True
func_T_0x1000070f9,494,True
func_T_0x1000072cb,1247,True
func_T_0x100007540,-480,True
func_T_0x100007555,718,False
func_T_0x100007562,-352,False
func_T_0x100007564,110,True
func_T_0x100007744,178,False
func_T_0x10000776b,457,True
func_T_0x10000778f,348,False
func_T_0x100007caf,1025,True
func_T_0x100008296,-633,False
func_T_0x100008504,858,False
func_T_0x100008506,1127,False
func_T_0x100008508,-417,True
func_T_0x10000850e,387,True
func_T_0x100008afb,190,False
func_T_0x1000095e2,-3,False
func_Te_0x100002ac1,657,True
func_Te_0x100003306,-58,False
func_Te_0x100003379,692,True
func_Te_0x100003394,-400,True
func_Te_0x10000339a,-458,False
func_Te_0x1000033ae,-538,False
func_Te_0x100004a9a,-601,False
func_Te_0x1000060ca,42,False
func_Te_0x1000069e6,897,False
func_Te_0x1000069ee,1204,True
func_Te_0x100006a00,789,False
func_Te_0x100006a02,-585,True
func_Te_0x100006a04,350,False
func_Te_0x100006a0c,1215,False
func_Te_0x1000071a8,613,True
func_Te_0x100007e85,744,True
func_Te_0x100008f95,108,False
func_Te_0x100008f97,706,True
func_Te_0x100008fa5,-452,False
func_Te_0x100008fa7,-139,False
func_Te_0x100008fa9,1111,False
func_Te_0x100008faf,-494,False
func_Te_0x100008fb1,1226,True
func_Te_0x100008fb7,321,False
func_Te_0x100008fbb,482,False
func_Te_0x100009247,442,False
func_Te_0x100009249,1264,False
func_Te_0x100009528,669,False
func_Te_0x1000095b5,529,True
func_Te_0x100009c28,715,False
func_Te_0x100009c2c,165,False
func_Te_0x100009ed6,32,False
func_Ti_0x1000041c1,1059,True
func_Ti_0x1000041d1,-488,False
func_Ti_0x1000041d3,341,False
func_Tn_0x100007af6,868,False
func_Tn_0x100007af8,689,True
func_Tn_0x100007afa,-198,False
func_Tn_0x100007b00,822,True
func_Tn_0x100007b03,772,False
func_Tn_0x100007b12,-259,False
func_Tn_0x100007b16,-232,False
func_Tn_0x100007b21,926,False
func_Tn_0x100007b23,968,False
func_Tn_0x100007b2d,-442,True
func_Tn_0x100007b33,1138,False
func_Tn_0x100007b37,-75,True
func_Tn_0x100007b39,1206,False
func_Tn_0x100007b45,541,False
func_Tn_0x100007b4f,-37,False
func_Tn_0x100007b5b,445,True
func_Tn_0x100007b6d,-33,True
func_Tn_0x100007b6f,-446,False
func_Tn_0x100007b71,-218,False
func_Tn_0x100007b77,-83,True
func_Tn_0x100007b7b,1002,True
func_Tn_0x100007b83,30,True
func_Tn_0x100007b93,-201,False
func_Tn_0x100007b95,-473,False
func_Tn_0x100007b97,1038,True
func_Tn_0x100007c1c,1133,True
func_To_0x10000a01c,-260,True
func_Tt_0x100004167,-251,False
func_Tt_0x100005d41,-199,False
func_Tt_0x10000703b,1132,True
func_Tt_0x1000097ab,966,False
func_Tt_0x100009f39,90,False
func_U_0x1000001ee,383,False
func_U_0x1000029d7,1115,True
func_U_0x100002c2c,614,True
func_U_0x100002d37,-586,True
func_U_0x10000304b,1122,True
func_U_0x100003199,331,True
func_U_0x1000031bd,117,True
func_U_0x100003229,584,False
func_U_0x10000395e,-351,False
func_U_0x10000467c,259,False
func_U_0x100004911,-303,True
func_U_0x100004917,-71,False
func_U_0x100004947,1045,True
func_U_0x100004955,617,False
func_U_0x1000052a8,669,True
func_U_0x100005366,1129,True
func_U_0x100005ce1,636,False
func_U_0x100005ce6,937,False
func_U_0x100005cf3,-405,True
func_U_0x100005cf6,-145,False
func_U_0x100006275,899,False
func_U_0x10000627c,1190,False
func_U_0x10000627e,1072,False
func_U_0x10000633b,682,False
func_U_0x100006349,1160,True
func_U_0x100006a7d,-365,False
func_U_0x100006d9d,88,False
func_U_0x100006da2,1062,True
func_U_0x100006e82,950,True
func_U_0x100006e8e,576,False
func_U_0x1000072f3,1080,True
func_U_0x10000734f,54,True
func_U_0x10000755d,348,False
func_U_0x100007569,816,True
func_U_0x100007796,198,False
func_U_0x1000077bb,1167,True
func_U_0x100007ef7,959,False
func_U_0x100007f10,1243,True
func_U_0x100008156,729,True
func_U_0x10000815c,-689,True
func_U_0x1000081ba,702,False
func_U_0x1000081dd,453,True
func_U_0x100008517,497,True
func_U_0x100008c9c,764,False
func_U_0x100008f61,-625,True
func_U_0x100008fce,-456,False
func_U_0x1000091a4,-313,True
func_U_0x1000093ae,988,True
func_U_0x100009405,349,False
func_U_0x100009868,324,True
func_U_0x100009c48,595,True
func_U_0x100009d43,-318,False
func_U_0x100009dc9,412,False
func_Ue_0x100003333,387,True
func_Ue_0x10000334a,199,False
func_Ue_0x10000338c,-217,False
func_Ue_0x10000338e,38,True
func_Ue_0x100004421,715,True
func_Ue_0x100004429,-194,False
func_Ue_0x10000442b,-158,True
func_Ue_0x10000442e,381,True
func_Ue_0x10000443c,71,True
func_Ue_0x100004996,-71,False
func_Ue_0x10000499c,957,False
func_Ue_0x10000499e,-584,False
func_Ue_0x1000049a0,-605,False
func_Ue_0x1000049a2,-407,False
func_Ue_0x1000049b6,-202,False
func_Ue_0x1000049cb,-269,False
func_Ue_0x1000049cf,1245,False
func_Ue_0x1000049d3,637,False
func_Ue_0x100004a12,520,True
func_Ue_0x100005b69,423,True
func_Ue_0x100005b6f,-192,False
func_Ue_0x100005b71,1206,True
func_Ue_0x100005b73,850,True
func_Ue_0x100005b78,1205,False
func_Ue_0x100005b93,297,False
func_Ue_0x100005d09,396,False
func_Ue_0x100005dea,334,True
func_Ue_0x100005dec,1189,False
func_Ue_0x100005df0,292,False
func_Ue_0x100006bef,519,True
func_Ue_0x1000071ca,-245,True
func_Ue_0x100008239,195,False
func_Ue_0x10000941a,-290,True
func_Ue_0x1000095b6,-239,True
func_Un_0x100009a58,1170,False
func_Un_0x100009f97,1049,True
func_Un_0x10000a02b,1097,False
func_Ur_0x100002f53,-531,True
func_Ur_0x100002f55,490,False
func_Ur_0x100004990,1156,True
func_Ur_0x100009b12,106,True
func_Ur_0x100009b4e,382,True
func_Ur_0x100009ee8,-9,True
func_Ut_0x100003db5,1194,False
func_Ut_0x100004e6d,758,False
func_Ut_0x1000088c2,484,False
func_Uu_0x100008399,310,True
func_V_0x100000213,-337,False
func_V_0x1000029c8,1283,True
func_V_0x100002e06,-502,True
func_V_0x100002e08,203,False
func_V_0x100002e14,940,True
func_V_0x100002e20,-132,False
func_V_0x100002e22,968,False
func_V_0x100002e24,734,True
func_V_0x100002e2c,-278,False
func_V_0x100002e31,891,False
func_V_0x100003086,-533,True
func_V_0x1000030c8,981,False
func_V_0x1000030e6,-141,False
func_V_0x100003201,488,False
func_V_0x100003228,-701,False
func_V_0x100003a32,938,True
func_V_0x10000408f,713,True
func_V_0x1000043e0,275,False
func_V_0x10000451d,1050,True
func_V_0x10000462d,125,False
func_V_0x10000462f,581,False
func_V_0x1000049ff,-157,True
func_V_0x100004ad8,923,False
func_V_0x100004b53,422,False
func_V_0x100004b63,-611,False
func_V_0x10000527e,801,True
func_V_0x100005395,12,False
func_V_0x1000054c0,1103,True
func_V_0x10000551d,596,False
func_V_0x100005ed4,901,False
func_V_0x100005eda,-385,False
func_V_0x100005eeb,-657,True
func_V_0x100005eef,1077,False
func_V_0x100005f09,-355,True
func_V_0x100005f0b,-333,True
func_V_0x100005f11,334,True
func_V_0x100006343,198,False
func_V_0x100006371,257,False
func_V_0x100006707,-188,True
func_V_0x100006e2b,-462,False
func_V_0x100006e2e,-63,False
func_V_0x100006e32,381,True
func_V_0x100006e34,-357,False
func_V_0x1000070f1,33,True
func_V_0x100007375,635,False
func_V_0x1000073e7,-503,True
func_V_0x100007527,1007,False
func_V_0x100007774,853,False
func_V_0x100008100,537,True
func_V_0x100008104,150,True
func_V_0x100008106,1065,True
func_V_0x10000812b,47,False
func_V_0x100008131,359,True
func_V_0x10000822f,226,False
func_V_0x100008232,1173,False
func_V_0x100008234,-424,True
func_V_0x100008236,-290,False
func_V_0x100008cfd,301,True
func_V_0x100009297,-224,True
func_V_0x1000092a6,437,False
func_V_0x1000093e3,1135,True
func_V_0x1000093e9,1134,False
func_V_0x100009603,228,False
func_V_0x100009605,685,True
func_V_0x100009d30,646,False
func_V_0x100009d32,938,False
func_V_0x100009d34,784,False
func_V_0x100009d93,-473,True
func_Ve_0x1000029fe,-615,False
func_Ve_0x100002a00,1164,False
func_Ve_0x100002a0e,-591,True
func_Ve_0x100002a10,-383,False
func_Ve_0x100002a14,142,False
func_Ve_0x100002b8f,256,True
func_Ve_0x100002b95,4,True
func_Ve_0x100002b97,86,True
func_Ve_0x1000048d6,1274,False
func_Ve_0x1000048f5,156,False
func_Ve_0x100004a83,-423,False
func_Ve_0x100004a85,-312,True
func_Ve_0x100004a87,595,True
func_Ve_0x100004a8b,802,True
func_Ve_0x100004a91,274,False
func_Ve_0x100004aa8,104,False
func_Ve_0x100004dc7,598,True
func_Ve_0x100004dd1,236,True
func_Ve_0x100004ddd,57,False
func_Ve_0x10000535c,362,True
func_Ve_0x1000069d4,1298,False
func_Ve_0x1000069d8,-195,False
func_Ve_0x1000069db,1160,True
func_Ve_0x1000069df,-382,False
func_Ve_0x1000069e1,185,False
func_Ve_0x100007659,303,True
func_Ve_0x100007e68,747,True
func_Ve_0x100007e72,-137,False
func_Ve_0x1000081d2,794,True
func_Ve_0x10000830e,265,False
func_Ve_0x100009020,-192,False
func_Ve_0x100009022,710,True
func_Ve_0x100009233,-387,False
func_Ve_0x1000095b2,1276,False
func_Ve_0x1000098d0,1090,False
func_Vn_0x10000078a,-117,False
func_Vn_0x100009786,197,True
func_Vn_0x100009788,-502,True
func_Vr_0x10000079d,1037,False
func_Vr_0x100005d10,886,True
func_Vr_0x10000977c,-630,True
func_Vr_0x10000977e,216,False
func_Vr_0x100009780,225,True
func_Vr_0x100009782,-597,False
func_Vr_0x1000097b8,296,True
func_Vr_0x1000097c8,-560,False
func_Vr_0x1000097ca,-399,False
func_Vr_0x1000097e8,401,False
func_Vt_0x100008c05,1017,True
func_Vt_0x100008c07,130,True
func_Vt_0x100008c0d,795,False
func_W_0x10000012a,1239,False
func_W_0x100000139,1112,False
func_W_0x10000014c,-155,True
func_W_0x100000568,-29,True
func_W_0x10000056a,712,False
func_W_0x10000298e,680,False
func_W_0x100002990,890,True
func_W_0x100002a5f,829,False
func_W_0x100002e4a,679,True
func_W_0x100003420,-541,False
func_W_0x100003422,-645,False
func_W_0x100003426,269,True
func_W_0x1000039ff,-677,True
func_W_0x100003a18,-612,False
func_W_0x100003a1a,908,False
func_W_0x100003a25,-231,True
func_W_0x10000432d,557,True
func_W_0x100004506,-668,True
func_W_0x1000045f1,704,True
func_W_0x1000047ec,-54,True
func_W_0x100004af1,785,False
func_W_0x100004af3,447,True
func_W_0x100004af7,216,True
func_W_0x100004b08,-356,False
func_W_0x100004b73,137,True
func_W_0x100004b77,1292,True
func_W_0x100004bff,171,True
func_W_0x100004c07,546,False
func_W_0x100004cbf,129,False
func_W_0x10000510e,955,False
func_W_0x10000546c,-405,True
func_W_0x1000058ea,982,False
func_W_0x1000058f3,-233,False
func_W_0x1000058fc,838,True
func_W_0x100005906,1239,False
func_W_0x100005908,-307,False
func_W_0x100005953,413,True
func_W_0x10000599a,186,True
func_W_0x1000059a5,-269,True
func_W_0x100005e17,-460,True
func_W_0x100005e1b,1261,False
func_W_0x100005ea3,649,False
func_W_0x100005ea9,527,False
func_W_0x100005ed3,1193,False
func_W_0x100005f63,502,True
func_W_0x100005fda,1135,True
func_W_0x1000063f5,37,True
func_W_0x100006409,183,False
func_W_0x100006430,-576,True
func_W_0x1000064b4,136,False
func_W_0x100006c8c,1040,True
func_W_0x100006c95,-328,True
func_W_0x100006d5f,551,False
func_W_0x100006f2c,995,False
func_W_0x100006fb9,-259,False
func_W_0x100007523,300,True
func_W_0x1000076e0,-433,False
func_W_0x100007708,344,True
func_W_0x10000777d,1193,True
func_W_0x100007826,38,False
func_W_0x100007828,204,True
func_W_0x10000782a,596,True
func_W_0x10000782f,-228,True
func_W_0x100007a5d,-180,True
func_W_0x100007c94,420,False
func_W_0x100007c97,-211,True
func_W_0x100007d02,49,True
func_W_0x100007d05,621,True
func_W_0x100007ed5,71,True
func_W_0x100007f4d,-590,True
func_W_0x100007fc6,-128,True
func_W_0x100008180,-29,True
func_W_0x1000082d4,-71,False
func_W_0x1000082e0,-493,False
func_W_0x1000091be,223,False
func_W_0x100009469,-218,True
func_W_0x10000960c,-334,True
func_W_0x10000986d,1268,True
func_W_0x100009944,-80,False
func_W_0x100009d7d,628,True
func_W_0x10000a098,1058,False
func_W_0x10000a09a,-169,True
func_W_0x10000a09c,-663,False
func_W_0x10000a0a1,-447,True
func_W_0x10000a0a3,-33,False
func_We_0x100002a02,-251,False
func_We_0x100002bf4,-687,True
func_We_0x1000031d3,567,False
func_We_0x1000031d5,769,True
func_We_0x100003944,-231,True
func_We_0x1000048d0,777,False
func_We_0x100004a8d,-263,True
func_We_0x100004a93,-324,True
func_We_0x100004a9d,682,True
func_We_0x100004aa1,773,True
func_We_0x100004dfa,-328,True
func_We_0x1000060c0,702,False
func_We_0x1000060c3,605,True
func_We_0x100006146,-292,False
func_We_0x1000066cc,1253,True
func_We_0x10000761a,-326,False
func_We_0x10000761c,652,False
func_We_0x10000761e,955,False
func_We_0x100007628,1021,True
func_We_0x100007e78,-42,True
func_We_0x100007e88,-695,False
func_We_0x1000081d0,958,True
func_We_0x1000081d6,435,False
func_We_0x100009024,276,True
func_We_0x10000949d,-445,False
func_We_0x10000959b,-176,True
func_We_0x1000095a8,-267,False
func_We_0x1000095aa,-264,False
func_We_0x100009c20,212,False
func_Wi_0x100004e67,-534,False
func_Wi_0x100004e6f,-400,False
func_Wn_0x100003268,-524,True
func_Wn_0x1000032af,-221,True
func_Wn_0x1000032b7,824,True
func_Wn_0x1000032bf,53,True
func_Wn_0x1000032c1,-622,True
func_Wn_0x1000032c3,1266,False
func_Wn_0x1000032c9,215,True
func_Wn_0x1000032cb,-419,True
func_Wn_0x1000032d1,665,False
func_Wn_0x1000032d3,202,True
func_Wn_0x1000032d7,1135,True
func_Wn_0x1000032dd,57,False
func_Wn_0x1000032df,-134,True
func_Wn_0x1000032e3,1279,True
func_Wn_0x1000032e5,-175,True
func_Wn_0x100005c27,749,True
func_Wn_0x100006ff9,602,False
func_Wn_0x1000070b3,340,False
func_Wt_0x100002f37,631,False
func_Wt_0x100002f45,-388,True
func_Wt_0x100005400,-88,True
func_Wt_0x100005c4b,396,False
func_Wt_0x100005c52,-271,False
func_Wt_0x1000065dd,-464,True
func_Wt_0x1000065df,-104,True
func_Wt_0x1000065f2,-662,False
func_Wt_0x100006615,-510,True
func_Wt_0x100006617,-55,False
func_Wt_0x10000661b,678,True
func_Wt_0x100006623,-120,False
func_Wt_0x100006625,246,False
func_Wt_0x100006627,1248,False
func_Wt_0x10000662b,-166,True
func_Wt_0x100006775,325,False
func_Wt_0x100006c5d,-510,True
func_Wt_0x100006c5f,-605,False
func_Wt_0x100006c69,-524,False
func_Wt_0x10000723a,-393,False
func_Wt_0x10000724d,-320,True
func_Wt_0x100007261,230,False
func_Wt_0x1000072b1,532,False
func_Wt_0x1000072bd,208,True
func_Wt_0x1000072bf,1172,True
func_Wt_0x10000793e,452,False
func_Wt_0x100007940,-72,False
func_Wt_0x100007942,1207,True
func_Wt_0x100007944,911,False
func_Wt_0x100007946,1201,True
func_Wt_0x10000794c,457,True
func_Wt_0x100007954,-29,False
func_Wt_0x10000795a,-693,True
func_Wt_0x100007960,-698,False
func_Wt_0x100007975,1101,True
func_Wt_0x10000797f,1149,True
func_Wt_0x100007981,-73,True
func_Wt_0x100007987,1298,True
func_Wt_0x100009af0,581,False
func_Wt_0x100009b59,921,False
func_Wt_0x100009b6d,1023,True
func_X_0x1000001f1,548,True
func_X_0x100002add,901,True
func_X_0x100002bf9,-572,False
func_X_0x100002d5b,1190,True
func_X_0x10000319e,457,True
func_X_0x100003238,250,False
func_X_0x1000032f6,963,True
func_X_0x100003955,444,True
func_X_0x1000040cf,558,True
func_X_0x1000040e6,-682,True
func_X_0x1000040ee,1102,True
func_X_0x1000040f2,570,True
func_X_0x1000040f6,296,True
func_X_0x1000040fa,890,False
func_X_0x1000040fe,630,False
func_X_0x100004102,-585,False
func_X_0x100004108,790,True
func_X_0x10000491d,90,False
func_X_0x100004932,137,True
func_X_0x100004934,310,False
func_X_0x10000493a,-474,True
func_X_0x100004de0,463,True
func_X_0x100004df0,-255,False
func_X_0x100004df2,1232,True
func_X_0x100004df4,1066,True
func_X_0x100004e08,243,False
func_X_0x100006247,-42,True
func_X_0x100006448,-264,True
func_X_0x100006465,928,False
func_X_0x100006e7b,134,True
func_X_0x100006eaa,953,True
func_X_0x10000716e,68,False
func_X_0x1000073b9,954,True
func_X_0x1000075c1,1186,False
func_X_0x1000075c3,818,False
func_X_0x1000075c5,-138,True
func_X_0x1000075cb,1072,True
func_X_0x1000075cf,36,False
func_X_0x1000075ff,-117,True
func_X_0x100007606,1086,False
func_X_0x100007a02,585,False
func_X_0x100007a08,674,True
func_X_0x100007a0a,671,False
func_X_0x100007a0c,1158,True
func_X_0x100007a0f,-507,True
func_X_0x100007e7e,1129,True
func_X_0x1000081be,769,True
func_X_0x10000854b,729,True
func_X_0x100008568,960,True
func_X_0x10000861a,128,False
func_X_0x100008b0b,-247,True
func_X_0x100008b0d,-308,True
func_X_0x100008cc1,222,False
func_X_0x100008cc9,869,True
func_X_0x100009033,-459,False
func_X_0x10000904f,-200,False
func_X_0x100009051,349,False
func_X_0x1000090b9,-120,True
func_X_0x1000090ff,288,False
func_X_0x10000911a,1065,True
func_X_0x10000914b,-516,True
func_X_0x100009206,-489,True
func_X_0x1000092fa,-633,True
func_X_0x10000933a,804,False
func_X_0x100009349,-639,True
func_X_0x10000934b,-227,False
func_X_0x10000935e,57,False
func_X_0x100009361,1198,False
func_X_0x1000093c6,-44,True
func_X_0x100009c24,-373,False
func_Xe_0x100002f74,455,False
func_Xe_0x10000441c,-196,True
func_Xe_0x100005a45,-39,False
func_Xe_0x100005a6e,-443,False
func_Xe_0x100005a7e,601,False
func_Xe_0x100005a87,444,False
func_Xe_0x100005b75,-430,True
func_Xe_0x1000065c3,1145,True
func_Xe_0x100006612,-147,False
func_Xe_0x100006bf5,-180,True
func_Xe_0x1000094ce,-467,True
func_Xe_0x10000964d,444,False
func_Xe_0x100009655,-93,False
func_Xe_0x100009659,-360,False
func_Xe_0x100009679,354,False
func_Xe_0x100009c38,1058,True
func_Xe_0x100009c3c,-318,True
func_Xe_0x100009ed9,-377,False
func_Xe_0x100009edb,1084,True
func_Xe_0x100009ee1,-179,False
func_Xe_0x100009ee3,1294,True
func_Xi_0x10000839f,684,True
func_Xn_0x100008c31,761,False
func_Xn_0x100008c33,-34,False
func_Xn_0x100008c35,616,False
func_Xn_0x100008c37,-633,True
func_Xn_0x100008c39,488,False
func_Xn_0x100008c3b,469,True
func_Xn_0x100008c3f,-3,False
func_Xn_0x100008c4d,1010,True
func_Xn_0x100008eb6,925,False
func_Xn_0x100008f1d,1209,False
func_Xn_0x100009ff3,124,False
func_Xo_0x100008c1f,766,True
func_Xo_0x10000a004,311,False
func_Xr_0x10000358e,321,True
func_Xr_0x100003594,473,False
func_Xr_0x10000359a,1280,False
func_Xr_0x10000359c,1147,False
func_Xt_0x10000561b,1189,True
func_Xt_0x100005620,108,False
func_Xt_0x100005635,-392,True
func_Xt_0x100005697,683,False
func_Xt_0x10000569b,470,True
func_Xt_0x10000569d,858,False
func_Xt_0x10000569f,617,True
func_Xt_0x1000056dd,-348,False
func_Xt_0x1000056df,60,False
func_Xt_0x1000056e3,-78,True
func_Xt_0x1000056f5,901,False
func_Xt_0x10000570b,-273,True
func_Xt_0x10000570d,712,False
func_Xt_0x10000570f,539,True
func_Xt_0x10000571d,776,True
func_Xt_0x10000572e,1213,False
func_Xt_0x100005730,-645,False
func_Xt_0x10000575d,1147,False
func_Xt_0x100005761,23,True
func_Xt_0x10000579a,1168,False
func_Xt_0x1000057b4,640,False
func_Xt_0x1000057f7,588,True
func_Xt_0x1000057fb,1249,True
func_Xt_0x10000583c,-220,True
func_Xt_0x100005899,376,False
func_Xt_0x10000589c,-230,False
func_Xu_0x1000038f8,-576,False
func_Y_0x10000020b,239,True
func_Y_0x10000020d,947,False
func_Y_0x10000020f,488,False
func_Y_0x1000029cd,886,False
func_Y_0x100002e0a,12,True
func_Y_0x100002e0c,1142,True
func_Y_0x100002e0f,494,False
func_Y_0x100002e11,973,True
func_Y_0x100002e26,261,True
func_Y_0x100002e29,935,True
func_Y_0x100003082,207,False
func_Y_0x1000030c1,989,True
func_Y_0x1000031fd,1268,True
func_Y_0x1000043ec,-2,False
func_Y_0x10000451b,376,False
func_Y_0x100004622,-387,True
func_Y_0x100004a5f,-535,False
func_Y_0x100004ad6,983,False
func_Y_0x100004adb,-204,True
func_Y_0x100004b57,352,True
func_Y_0x100004b59,215,False
func_Y_0x100004c7e,447,True
func_Y_0x100004c80,-272,True
func_Y_0x10000520e,-466,True
func_Y_0x100005387,-108,False
func_Y_0x1000054c2,1013,False
func_Y_0x1000059c6,27,True
func_Y_0x1000059c8,675,True
func_Y_0x100005ed6,848,False
func_Y_0x100005edc,276,False
func_Y_0x100005ef1,875,False
func_Y_0x100005ef3,496,False
func_Y_0x100005f00,835,False
func_Y_0x100005f0d,657,False
func_Y_0x100006246,174,False
func_Y_0x100006e29,-224,True
func_Y_0x100006e30,-4,True
func_Y_0x100006e36,1107,False
func_Y_0x100006faa,192,False
func_Y_0x1000073f3,171,True
func_Y_0x1000080f8,31,False
func_Y_0x1000080fa,-253,True
func_Y_0x1000080fc,399,False
func_Y_0x100008108,-274,False
func_Y_0x100008127,754,True
func_Y_0x10000812f,743,True
func_Y_0x100008133,273,False
func_Y_0x10000823c,790,False
func_Y_0x100008289,441,False
func_Y_0x10000850a,192,False
func_Y_0x100008afc,-598,False
func_Y_0x100008afe,1183,True
func_Y_0x100008b02,-64,False
func_Y_0x100008c95,-639,False
func_Y_0x100008cbb,970,False
func_Y_0x1000092a8,1135,True
func_Y_0x1000092c9,1213,False
func_Y_0x1000093aa,-360,True
func_Y_0x1000093b2,690,False
func_Y_0x1000093b7,369,True
func_Y_0x1000093ba,-166,False
func_Y_0x100009d38,896,False
func_Ye_0x100002aae,1296,False
func_Ye_0x100003332,196,False
func_Ye_0x100003352,-564,True
func_Ye_0x100003387,-603,False
func_Ye_0x100003389,514,True
func_Ye_0x1000033ad,178,True
func_Ye_0x100004a05,-385,False
func_Ye_0x100004a07,989,False
func_Ye_0x100004dfb,898,False
func_Ye_0x100004dff,430,False
func_Ye_0x100004e01,952,True
func_Ye_0x100006719,188,True
func_Ye_0x1000069f4,-317,True
func_Ye_0x100006ef2,134,True
func_Ye_0x100006ef6,161,True
func_Ye_0x100006efc,826,False
func_Ye_0x100006f00,270,True
func_Ye_0x1000071a7,1023,False
func_Ye_0x100007668,-311,False
func_Ye_0x100007f71,-635,True
func_Ye_0x100009431,-273,False
func_Ye_0x1000094a9,-457,True
func_Ye_0x100009829,409,True
func_Ye_0x1000098f2,-9,True
func_Ye_0x100009eb9,483,False
func_Ye_0x100009ebb,208,False
func_Ye_0x100009ebd,-103,False
func_Ye_0x100009ec1,-447,True
func_Ye_0x100009ec3,704,True
func_Ye_0x100009ecd,-137,True
func_Yi_0x1000057e9,-254,True
func_Yi_0x100005857,699,True
func_Yi_0x100005859,435,False
func_Yi_0x100005861,876,False
func_Yn_0x10000413f,590,True
func_Yn_0x10000840c,746,False
func_Yn_0x10000843d,1073,False
func_Yn_0x100008c4e,642,False
func_Yn_0x10000a064,602,True
func_Yo_0x100008757,4,False
func_Yo_0x100008773,-305,False
func_Yo_0x1000087c5,709,True
func_Yo_0x1000087c7,-39,True
func_Yr_0x100002f39,1115,True
func_Yr_0x100005179,771,True
func_Yr_0x100005420,-674,False
func_Yr_0x100005c36,-178,True
func_Yr_0x100005c38,609,True
func_Yr_0x100005c3d,182,True
func_Yr_0x10000676f,-694,False
func_Yr_0x100006c6b,872,False
func_Yr_0x10000795b,-241,False
func_Yr_0x100009bf9,-597,False
func_Yr_0x100009bfb,905,True
func_Yr_0x100009bfd,-407,False
func_Yt_0x100003bd0,-132,False
func_Yt_0x100003bfc,-652,True
func_Yt_0x100003bfe,640,False
func_Yt_0x100003c02,359,True
func_Yt_0x100003c0d,418,False
func_Yt_0x100003c1a,-212,True
func_Yt_0x100003d8f,505,False
func_Yt_0x100003dcc,1055,True
func_Yt_0x100003dd4,-169,False
func_Yt_0x100003de8,-698,False
func_Yt_0x100003dec,885,False
func_Yt_0x100003df0,-183,True
func_Yt_0x100003df9,602,False
func_Yt_0x100003e1c,1054,False
func_Yt_0x100003e22,2,True
func_Yt_0x100003e2e,710,True
func_Yt_0x100003e39,243,False
func_Yt_0x100003e47,-638,True
func_Z_0x1000001e9,-214,False
func_Z_0x1000029d0,-458,True
func_Z_0x100002aa0,740,True
func_Z_0x100002aa4,-632,False
func_Z_0x100002aab,900,True
func_Z_0x100003069,270,True
func_Z_0x10000393d,398,True
func_Z_0x100003961,108,False
func_Z_0x1000043c9,1147,True
func_Z_0x1000043e5,-639,True
func_Z_0x1000043e7,744,True
func_Z_0x1000044e8,533,False
func_Z_0x100004635,379,False
func_Z_0x10000495c,-363,False
func_Z_0x1000052d3,28,False
func_Z_0x100005329,1250,False
func_Z_0x100005356,229,False
func_Z_0x1000054ca,176,True
func_Z_0x1000054cc,-288,True
func_Z_0x1000054ce,-280,False
func_Z_0x1000054d6,449,False
func_Z_0x1000054d8,983,False
func_Z_0x1000054dc,-403,False
func_Z_0x1000054de,647,False
func_Z_0x100005b96,-38,True
func_Z_0x10000626f,-683,True
func_Z_0x100006440,568,False
func_Z_0x10000644e,-668,True
func_Z_0x100006450,962,True
func_Z_0x100006457,615,True
func_Z_0x100006459,193,False
func_Z_0x100006eae,945,True
func_Z_0x100006eb0,280,True
func_Z_0x100006ee9,1175,False
func_Z_0x100006eeb,727,True
func_Z_0x100006eed,327,True
func_Z_0x100006f92,38,True
func_Z_0x100006fb0,932,True
func_Z_0x100006fb2,881,False
func_Z_0x10000717e,684,True
func_Z_0x1000073fd,959,True
func_Z_0x100007403,1298,False
func_Z_0x100007f0b,-664,True
func_Z_0x10000854d,8,False
func_Z_0x100008609,-165,True
func_Z_0x100008610,710,False
func_Z_0x100008adb,-688,False
func_Z_0x100008d0b,-422,True
func_Z_0x100008d0f,1118,False
func_Z_0x100008f62,150,True
func_Z_0x100008f6a,-359,True
func_Z_0x100008f70,210,False
func_Z_0x100008f74,307,True
func_Z_0x100009027,-210,True
func_Z_0x100009031,-157,True
func_Z_0x100009039,108,True
func_Z_0x10000904e,-78,False
func_Z_0x1000091fb,1072,True
func_Z_0x1000092ab,-504,True
func_Z_0x1000092b1,-501,True
func_Z_0x1000092db,771,True
func_Z_0x1000092e1,64,False
func_Z_0x1000092e3,449,False
func_Z_0x1000092e5,-429,False
func_Z_0x1000093bf,59,True
func_Z_0x1000093c2,21,False
func_Z_0x100009bde,-79,True
func_Ze_0x10000333e,-594,False
func_Ze_0x100003383,951,True
func_Ze_0x10000441e,1297,True
func_Ze_0x100004433,-583,True
func_Ze_0x100004a0b,-153,True
func_Ze_0x100005a54,365,True
func_Ze_0x100005a64,-617,False
func_Ze_0x100005a74,-210,True
func_Ze_0x100005a76,-187,True
func_Ze_0x100005a7c,814,True
func_Ze_0x100005a80,1063,True
func_Ze_0x100005a8a,-169,False
func_Ze_0x100005a8e,56,False
func_Ze_0x1000065c1,329,False
func_Ze_0x100006609,379,False
func_Ze_0x10000660b,-313,True
func_Ze_0x100006630,809,False
func_Ze_0x100006664,1037,False
func_Ze_0x100006668,596,False
func_Ze_0x100006670,462,True
func_Ze_0x100009423,-142,True
func_Ze_0x1000094b8,-232,False
func_Ze_0x1000094ba,803,True
func_Ze_0x1000094c0,-568,True
func_Ze_0x1000094c4,1102,True
func_Ze_0x1000094c8,1286,False
func_Ze_0x1000094cc,-303,True
func_Ze_0x1000094d0,1149,True
func_Ze_0x1000094d2,183,True
func_Ze_0x1000094d4,365,False
func_Ze_0x1000094d8,1291,True
func_Ze_0x1000094da,1024,False
func_Ze_0x10000965d,530,False
func_Ze_0x10000965f,146,False
func_Ze_0x100009661,1222,False
func_Ze_0x100009671,996,False
func_Ze_0x100009846,-22,False
func_Zn_0x10000415c,444,True
func_Zn_0x10000415e,538,False
func_Zn_0x100004160,608,False
func_Zn_0x100008bc4,-658,False
func_Zn_0x100008c6e,-270,False
func_Zn_0x100009fc5,344,False
func_Zn_0x100009fcd,-593,False
func_Zn_0x100009fd7,-540,False
func_Zn_0x10000a002,-331,False
func_Zn_0x10000a008,308,True
func_Zn_0x10000a048,300,False
func_Zo_0x100004121,-416,False
func_Zo_0x100009fde,-49,False
func_Zo_0x10000a00c,575,False
func_Zr_0x100003f73,-688,False
func_Zr_0x100009f3d,285,True
func_Zr_0x100009f96,955,False
func_Zr_0x10000a021,-71,True
func_Zt_0x100008beb,1100,True
func_Zt_0x100008bef,1058,False
func_Zt_0x100008bf1,669,True
func_Zt_0x100008bf3,374,True
func_Zt_0x100008bf7,-311,True
func_Zt_0x100008bf9,1201,False
func_Zt_0x100008bfd,1033,True
func_Zt_0x100008c01,927,True
func_Zt_0x100008e96,88,True
func_Zt_0x100008e9a,-162,False
func_Zt_0x100008e9c,-685,True
func_Zt_0x100008ea0,3,True
func_Zt_0x100008ea7,-465,False
func_Zt_0x100008ead,278,True
func_Zt_0x100008eb3,947,False
func_Zt_0x100008ec7,-455,True
func_Zt_0x100008ecd,801,False
func_Zt_0x100008ed1,-398,False
func_Zt_0x100008ed7,814,True
func_Zt_0x100008ee3,631,False
func_Zt_0x100008ee9,589,True
func_Zt_0x100008ef5,-514,False
func_Zt_0x100008eff,-368,False
func_Zt_0x100008f01,965,True
func_Zt_0x100008f19,727,True
func_Zt_0x100008f36,104,True
func_Zt_0x100008f46,620,False
func_Zt_0x100008f4a,576,True
func_Zt_0x100008f4e,541,True
func_Zt_0x10000a05b,1172,True
func_a_0x1000000fb,1027,True
func_a_0x100000241,-334,False
func_a_0x1000003a1,406,True
func_a_0x1000003d5,940,True
func_a_0x10000056f,298,True
func_a_0x10000085a,488,True
func_a_0x100000884,329,True
func_a_0x1000008b2,-146,False
func_a_0x1000008c3,215,True
func_a_0x100000945,386,False
func_a_0x100002a72,966,True
func_a_0x100002d9f,-652,False
func_a_0x100002dba,-175,True
func_a_0x1000030e2,516,True
func_a_0x10000312a,864,True
func_a_0x10000321c,750,True
func_a_0x10000341c,444,False
func_a_0x10000344c,663,False
func_a_0x100003910,452,False
func_a_0x100003991,-359,False
func_a_0x1000039be,621,True
func_a_0x100003eea,10,False
func_a_0x100004326,1289,False
func_a_0x100004346,-344,True
func_a_0x100004495,-36,True
func_a_0x100004593,373,True
func_a_0x10000459b,-590,False
func_a_0x1000045e4,836,True
func_a_0x10000479b,791,False
func_a_0x1000047f9,466,False
func_a_0x100004856,9,True
func_a_0x1000048fa,828,True
func_a_0x100004ab3,490,False
func_a_0x100004c2e,952,True
func_a_0x100004cd5,361,False
func_a_0x100004d6a,337,True
func_a_0x100005112,31,False
func_a_0x10000597c,892,False
func_a_0x100005e2a,1249,True
func_a_0x100005e7a,959,False
func_a_0x100005e7c,-576,True
func_a_0x100005e9d,648,False
func_a_0x100006007,641,True
func_a_0x100006026,-140,False
func_a_0x100006060,1014,True
func_a_0x1000060e0,-645,True
func_a_0x1000060ec,191,True
func_a_0x1000062c8,93,False
func_a_0x10000642d,-514,True
func_a_0x10000652e,201,False
func_a_0x1000065a4,-179,False
func_a_0x1000067b3,-391,True
func_a_0x100006860,935,False
func_a_0x10000688a,1283,False
func_a_0x10000688d,947,False
func_a_0x1000068f8,1197,False
func_a_0x10000697b,-685,False
func_a_0x100006f6a,-430,False
func_a_0x10000721f,618,True
func_a_0x100007547,505,False
func_a_0x100007850,459,False
func_a_0x100007c21,444,False
func_a_0x100007c8a,-49,True
func_a_0x100007cf9,-344,False
func_a_0x100007ec6,1189,True
func_a_0x100007fba,-469,False
func_a_0x100008318,-467,False
func_a_0x100008ae3,1134,False
func_a_0x100008afa,83,False
func_a_0x100008c91,592,False
func_a_0x100008d27,-125,True
func_a_0x100008d64,-75,False
func_a_0x100008d66,965,False
func_a_0x100008d6b,-64,True
func_a_0x100008d72,1280,True
func_a_0x100008d74,32,True
func_a_0x100008d7b,650,False
func_a_0x100008d84,-145,False
func_a_0x1000091c3,-631,True
func_a_0x100009265,775,True
func_a_0x100009365,-234,False
func_a_0x10000943d,930,True
func_a_0x100009553,-96,True
func_a_0x100009558,-425,False
func_a_0x1000096a3,1199,False
func_a_0x1000096c1,-444,True
func_a_0x1000096cc,-680,True
func_a_0x1000098fe,-679,False
func_a_0x100009917,408,False
func_a_0x100009d71,45,True
func_a_0x10000a0b2,1265,False
func_ae_0x100002f21,646,False
func_ae_0x1000046e2,-182,True
func_ae_0x1000051a7,137,False
func_ae_0x1000051ad,1258,True
func_ae_0x1000051af,-311,True
func_ae_0x1000051b8,793,True
func_ae_0x100005427,123,False
func_ae_0x10000542f,-415,False
func_ae_0x100005c7c,746,True
func_ae_0x100005c7e,-167,False
func_ae_0x100005c80,186,False
func_ae_0x100005c87,78,False
func_ae_0x1000065f1,-56,True
func_ae_0x100006c31,-87,True
func_ae_0x1000072b9,1020,False
func_ae_0x1000072bb,-133,True
func_ae_0x100007897,659,False
func_ae_0x1000078a4,1149,True
func_ae_0x1000078aa,904,False
func_ae_0x10000793d,-359,True
func_ae_0x10000862a,-8,True
func_ae_0x100008638,132,False
func_ae_0x100008671,801,True
func_ae_0x100008673,841,False
func_ae_0x10000869e,-530,True
func_ae_0x1000086b8,-74,False
func_ae_0x1000086ba,-452,False
func_ae_0x1000086c3,957,False
func_ae_0x1000086d3,1248,True
func_ae_0x1000086db,670,True
func_ae_0x100009ae9,-593,False
func_ae_0x100009c0f,960,True
func_ao_0x100004174,384,False
func_ao_0x100008c4b,1247,False
func_ao_0x100008e90,-393,False
func_ao_0x100008ebc,-505,False
func_ao_0x100008ec0,-486,False
func_ao_0x100009fe5,1125,False
func_ao_0x100009fe7,1115,False
func_ar_0x100000785,-224,True
func_ar_0x100007007,-379,True
func_ar_0x100007009,682,False
func_ar_0x100007fce,261,True
func_ar_0x100007fe0,520,False
func_ar_0x100007ffb,-78,False
func_ar_0x100009509,779,True
func_ar_0x10000950d,-394,True
func_ar_0x100009779,-161,False
func_ar_0x1000097df,910,True
func_ar_0x100009e04,583,False
func_at_0x100003346,762,True
func_at_0x100003381,-73,False
func_at_0x100004431,996,False
func_at_0x1000049b8,572,False
func_at_0x100004a0e,-202,False
func_at_0x100004a7c,-32,False
func_at_0x100005a49,146,False
func_at_0x100005a56,489,False
func_at_0x100005a70,837,True
func_at_0x100005a72,-364,False
func_at_0x100005a85,844,False
func_at_0x100005a8c,983,True
func_at_0x10000660d,-656,False
func_at_0x10000662e,406,True
func_at_0x10000666a,-520,False
func_at_0x10000666c,-438,False
func_at_0x100009429,860,False
func_at_0x10000942c,-680,False
func_at_0x1000094be,333,False
func_at_0x1000095be,503,False
func_at_0x1000095c0,724,True
func_at_0x1000095c2,-86,False
func_at_0x10000966b,398,True
func_at_0x10000966d,313,True
func_at_0x10000966f,924,True
func_at_0x100009673,207,True
func_at_0x100009677,711,True
func_b_0x1000001c9,-470,False
func_b_0x100000201,182,True
func_b_0x1000008b9,-516,False
func_b_0x1000008da,-261,False
func_b_0x100000932,-208,False
func_b_0x100002fd1,136,True
func_b_0x100002fe6,-637,True
func_b_0x10000314e,364,False
func_b_0x1000039cf,-170,False
func_b_0x100003ea0,61,True
func_b_0x100003eaa,-556,True
func_b_0x10000434f,756,True
func_b_0x1000045f0,693,True
func_b_0x10000469a,-271,True
func_b_0x100004819,1213,False
func_b_0x100004871,272,False
func_b_0x100004b18,101,False
func_b_0x100004d1d,-27,False
func_b_0x100004d28,-154,False
func_b_0x100004d72,958,False
func_b_0x10000526b,-515,True
func_b_0x1000054ab,1079,False
func_b_0x100005a07,751,False
func_b_0x100005a0a,-380,True
func_b_0x100005b0f,-281,True
func_b_0x100005ebf,280,True
func_b_0x100005ec1,1297,False
func_b_0x100006189,-365,False
func_b_0x100006294,950,False
func_b_0x100006298,1282,False
func_b_0x10000629a,440,False
func_b_0x1000062d3,-333,False
func_b_0x100006331,4,True
func_b_0x1000063dc,969,True
func_b_0x100006412,312,True
func_b_0x100006570,1141,True
func_b_0x1000066d5,-193,True
func_b_0x1000066db,900,False
func_b_0x1000067d8,-213,True
func_b_0x10000697c,715,False
func_b_0x100006f27,672,False
func_b_0x100006f29,281,True
func_b_0x100007222,-99,True
func_b_0x10000734b,500,True
func_b_0x100007839,82,False
func_b_0x100007853,-571,False
func_b_0x100007926,15,True
func_b_0x100007934,-517,True
func_b_0x1000079f0,428,False
func_b_0x100007c3f,953,False
func_b_0x100007c43,782,False
func_b_0x100007c8d,-609,False
func_b_0x100007d2a,710,False
func_b_0x100007dd2,573,False
func_b_0x100007eea,897,True
func_b_0x1000082be,925,True
func_b_0x1000082df,412,False
func_b_0x100008341,-424,False
func_b_0x100008357,606,True
func_b_0x1000085a0,220,True
func_b_0x100008aeb,629,False
func_b_0x100008b20,-676,True
func_b_0x100009077,-226,True
func_b_0x10000907a,-290,True
func_b_0x100009196,522,True
func_b_0x1000091d0,587,True
func_b_0x100009564,53,False
func_b_0x100009d62,728,False
func_b_0x100009d76,-34,True
func_be_0x10000058b,385,True
func_be_0x100000784,1272,False
func_be_0x1000007b9,230,False
func_be_0x1000007ca,39,False
func_be_0x1000007ce,-521,True
func_be_0x1000007e0,128,True
func_be_0x1000007e2,-246,False
func_be_0x1000007e8,-656,False
func_be_0x1000007ea,-10,True
func_be_0x100002cea,-604,False
func_be_0x100002d00,614,True
func_be_0x100002d0c,-178,True
func_be_0x100003450,468,True
func_be_0x10000704b,562,True
func_be_0x10000704d,296,True
func_be_0x100007050,427,False
func_be_0x100007052,-283,False
func_be_0x1000070a6,449,False
func_be_0x10000741f,871,False
func_be_0x100007429,1277,True
func_be_0x10000743a,925,True
func_be_0x10000744d,-615,False
func_be_0x100009804,475,False
func_be_0x100009998,-103,True
func_be_0x100009e6c,-447,True
func_be_0x100009e6e,263,False
func_be_0x100009e76,-144,True
func_be_0x100009e82,1156,False
func_be_0x100009e89,1014,True
func_bi_0x100005640,617,False
func_bn_0x10000079a,238,False
func_bn_0x10000079e,666,False
func_bn_0x1000007a0,-414,False
func_bn_0x1000007a2,808,True
func_bn_0x1000007a6,1056,False
func_bn_0x1000007aa,690,True
func_bn_0x10000327f,-38,False
func_bn_0x100003297,467,True
func_bn_0x100007032,-180,False
func_bn_0x100007034,1015,True
func_bn_0x100007036,-488,True
func_bn_0x100007038,82,False
func_bn_0x10000703a,730,False
func_bn_0x100007502,569,False
func_bn_0x100007504,1235,True
func_bn_0x100007508,-523,True
func_bn_0x10000750c,605,False
func_bn_0x10000951a,458,False
func_bn_0x100009520,-87,True
func_bn_0x1000097a0,790,True
func_bn_0x1000097bb,359,True
func_bn_0x1000097bf,-400,True
func_bo_0x1000035b1,1249,False
func_bo_0x1000035c0,628,False
func_bo_0x1000035c2,965,True
func_bo_0x1000035c4,427,False
func_bo_0x1000036de,-166,True
func_bo_0x100003784,-68,False
func_bo_0x100003902,35,False
func_bo_0x100003906,-216,True
func_br_0x1000083ea,136,True
func_br_0x1000083ec,1288,True
func_br_0x1000083ee,1057,True
func_br_0x1000083f0,576,True
func_br_0x1000083f2,-244,True
func_br_0x1000083f4,581,True
func_br_0x1000083f8,70,False
func_br_0x1000083fa,395,True
func_br_0x1000083fe,-647,False
func_br_0x100008405,-178,False
func_br_0x100008409,161,True
func_br_0x10000841c,-482,False
func_br_0x100008430,516,True
func_br_0x100008432,612,True
func_br_0x100008434,1122,False
func_br_0x100008438,-290,False
func_br_0x100008443,-104,False
func_br_0x100008445,1076,False
func_br_0x10000844d,-93,True
func_br_0x1000084e3,1083,False
func_br_0x1000084e5,635,True
func_br_0x1000084e9,-408,False
func_br_0x1000084eb,564,True
func_br_0x1000084ed,382,True
func_br_0x1000084ef,774,False
func_br_0x1000084f3,9,True
func_br_0x1000084f5,36,False
func_br_0x1000084fb,729,True
func_br_0x1000084fd,354,True
func_br_0x100008c52,-78,False
func_br_0x100009fe9,-695,False
func_br_0x10000a068,1106,False
func_bs_0x10000358a,577,True
func_bs_0x10000358c,962,False
func_bs_0x100003590,666,False
func_bs_0x100003592,-600,True
func_bt_0x100002f44,205,False
func_bt_0x100002f5a,127,True
func_bt_0x10000498c,1275,True
func_bt_0x10000498e,373,True
func_bt_0x10000539e,-412,False
func_bt_0x100005a50,697,True
func_bt_0x100006c0d,209,False
func_bt_0x100006c20,-64,False
func_bt_0x100009afd,180,False
func_bt_0x100009bef,-609,False
func_bt_0x100009bf3,1258,False
func_bt_0x100009c07,-478,False
func_bu_0x100005809,445,False
func_bu_0x100005813,689,True
func_c_0x10000004d,281,False
func_c_0x10000008f,-452,True
func_c_0x1000000f7,922,False
func_c_0x100000326,405,False
func_c_0x100000363,705,True
func_c_0x10000041d,-644,True
func_c_0x1000004bc,1223,False
func_c_0x1000004e7,666,True
func_c_0x10000050c,553,True
func_c_0x100000545,-575,False
func_c_0x100000848,559,True
func_c_0x100000850,115,False
func_c_0x1000008fa,893,True
func_c_0x100002ae8,949,False
func_c_0x100002dc5,1000,True
func_c_0x100002e9a,-630,False
func_c_0x100003435,253,True
func_c_0x100003980,1166,True
func_c_0x100003a66,250,False
func_c_0x100003e82,-322,True
func_c_0x1000044c3,26,False
func_c_0x10000456e,832,False
func_c_0x10000457f,-84,True
func_c_0x1000045d2,1264,True
func_c_0x10000468c,460,True
func_c_0x100004791,245,False
func_c_0x10000482e,656,False
func_c_0x100004830,-27,False
func_c_0x100004c1d,-361,False
func_c_0x100004d1c,-597,True
func_c_0x100004d2b,561,True
func_c_0x100004d37,1151,True
func_c_0x10000596e,-63,True
func_c_0x1000059f5,475,False
func_c_0x100005e3a,958,False
func_c_0x100005e6d,65,False
func_c_0x100005f8a,-275,False
func_c_0x100005fb7,14,False
func_c_0x10000618c,1187,False
func_c_0x1000062aa,1053,False
func_c_0x100006482,-143,False
func_c_0x1000064f7,163,False
func_c_0x1000064fd,928,True
func_c_0x10000651c,-539,False
func_c_0x10000656d,-237,True
func_c_0x100006791,911,True
func_c_0x100006799,-700,False
func_c_0x10000681c,-164,True
func_c_0x100006829,895,False
func_c_0x10000682b,-662,False
func_c_0x100006832,76,False
func_c_0x10000685e,1060,True
func_c_0x100006887,953,True
func_c_0x10000694a,-677,True
func_c_0x100006955,-8,True
func_c_0x100006a90,48,False
func_c_0x100006cb5,-585,True
func_c_0x100006cec,-481,False
func_c_0x100006f67,566,True
func_c_0x100006f7c,979,True
func_c_0x100007115,315,False
func_c_0x100007118,124,False
func_c_0x100007123,777,False
func_c_0x100007126,708,False
func_c_0x1000075d5,51,True
func_c_0x100007a90,844,True
func_c_0x100007c67,635,False
func_c_0x100007c74,-416,False
func_c_0x100007d24,-112,False
func_c_0x100007fa4,-2,True
func_c_0x100007faa,999,False
func_c_0x100008118,451,False
func_c_0x1000082da,63,True
func_c_0x10000859b,1044,True
func_c_0x100008a01,256,False
func_c_0x100009368,165,True
func_c_0x10000937e,659,True
func_c_0x10000944c,-534,True
func_c_0x1000095ed,-601,True
func_c_0x100009b8b,896,True
func_c_0x10000a092,-301,True
func_c_0x10000a0cc,-597,False
func_ce_0x1000007dd,-305,False
func_ce_0x100002d10,-133,True
func_ce_0x100002d19,-463,True
func_ce_0x100002d1b,-696,True
func_ce_0x100006ffe,305,False
func_ce_0x1000070bd,-92,True
func_ce_0x100007427,-511,False
func_ce_0x1000074d5,1005,True
func_ce_0x1000074f7,752,True
func_ce_0x1000094f9,-692,True
func_ce_0x1000096e5,-515,False
func_ce_0x10000976d,467,False
func_ce_0x100009777,-340,False
func_ce_0x100009796,574,False
func_ce_0x10000979a,69,True
func_ce_0x1000097d3,349,True
func_ce_0x1000097dd,1279,True
func_ce_0x1000097fc,365,True
func_ce_0x100009dfc,1068,True
func_ce_0x100009dfe,1242,False
func_ce_0x100009e4e,309,True
func_ce_0x100009e62,-608,True
func_ce_0x100009e66,509,False
func_ce_0x100009e68,-612,True
func_ce_0x100009e78,815,False
func_ce_0x100009e7d,-82,False
func_ce_0x100009e86,991,False
func_ce_0x100009e8e,679,True
func_cn_0x100007b05,188,True
func_cn_0x100007b0e,632,True
func_cn_0x100007b10,782,True
func_cn_0x100007b14,1268,True
func_cn_0x100007b1b,-511,False
func_cn_0x100007b1d,516,True
func_cn_0x100007b29,-323,False
func_cn_0x100007b2b,1253,False
func_cn_0x100007b2f,-23,True
func_cn_0x100007b35,779,False
func_cn_0x100007b3b,531,False
func_cn_0x100007b53,265,True
func_cn_0x100007b55,324,False
func_cn_0x100007b57,64,True
func_cn_0x100007b65,581,True
func_cn_0x100007b7f,-639,False
func_cn_0x100007b85,387,False
func_cn_0x100007b89,422,False
func_cn_0x100007b8b,414,False
func_cn_0x100007b8d,125,True
func_cn_0x100007b91,965,False
func_co_0x100007afe,-698,True
func_co_0x100007b08,473,True
func_co_0x100007b27,876,True
func_co_0x100007b3d,335,True
func_co_0x100007b51,-331,False
func_co_0x100007b5f,692,True
func_co_0x100007b67,-470,False
func_co_0x100007b69,128,False
func_co_0x100007b75,927,True
func_co_0x100007b79,460,False
func_co_0x100007c1e,216,True
func_cr_0x1000007b3,863,False
func_cr_0x100002c6a,150,True
func_cr_0x100002c6e,1133,True
func_cr_0x100002c82,850,False
func_cr_0x100003f5f,749,True
func_cr_0x100009791,558,False
func_cr_0x100009f5e,-351,True
func_cr_0x100009f80,-492,True
func_cr_0x10000a080,-329,False
func_ct_0x100003261,-372,False
func_ct_0x1000032a7,1010,True
func_ct_0x1000032a9,238,False
func_ct_0x1000032ab,387,False
func_ct_0x1000032ad,383,True
func_ct_0x1000032b1,631,False
func_ct_0x1000032b3,464,True
func_ct_0x1000032b5,1153,False
func_ct_0x1000032bb,31,False
func_ct_0x1000032bd,490,False
func_ct_0x1000032c5,-266,False
func_ct_0x1000032c7,900,False
func_ct_0x1000032cd,-178,True
func_ct_0x1000032cf,277,False
func_ct_0x1000032d5,-182,False
func_ct_0x1000032db,-695,True
func_ct_0x100006ffc,136,True
func_ct_0x10000705d,-102,True
func_ct_0x1000070a5,-176,False
func_ct_0x1000070b9,522,False
func_ct_0x1000070c0,260,True
func_ct_0x1000096e9,-185,True
func_ct_0x100009dfb,1047,True
func_cu_0x10000563a,-410,True
func_cu_0x10000563e,-317,True
func_cu_0x1000057c0,-121,False
func_cu_0x1000057c2,397,False
func_d0_0x1000087ff,753,False
func_d_0x100000132,846,False
func_d_0x100000153,783,False
func_d_0x10000022d,-133,True
func_d_0x100000230,1042,False
func_d_0x1000002a6,-241,False
func_d_0x1000002b9,950,True
func_d_0x1000002f6,-677,True
func_d_0x10000030f,252,False
func_d_0x100000345,865,False
func_d_0x100000370,247,False
func_d_0x100000423,437,True
func_d_0x10000046d,1269,False
func_d_0x1000004ab,-303,False
func_d_0x1000004d6,-252,False
func_d_0x10000086d,-496,True
func_d_0x100000872,1259,True
func_d_0x100000949,563,True
func_d_0x100002e59,960,False
func_d_0x100002ea2,-79,True
func_d_0x100002fea,792,False
func_d_0x100003027,-175,True
func_d_0x100003029,-273,False
func_d_0x10000314b,-633,True
func_d_0x100003e73,653,True
func_d_0x10000435e,557,True
func_d_0x100004362,1264,False
func_d_0x1000043f1,340,False
func_d_0x100004456,389,False
func_d_0x10000445c,1155,False
func_d_0x100004462,13,False
func_d_0x1000044c5,81,True
func_d_0x10000450e,497,True
func_d_0x100004556,728,False
func_d_0x1000045b6,705,True
func_d_0x1000045b9,430,False
func_d_0x1000045cf,1150,True
func_d_0x1000045e1,-525,True
func_d_0x10000462b,1253,True
func_d_0x100004651,-16,True
func_d_0x100004655,845,False
func_d_0x1000046a9,926,False
func_d_0x10000476e,703,False
func_d_0x10000477a,957,True
func_d_0x10000478e,18,True
func_d_0x1000047a2,1074,False
func_d_0x1000047b7,550,False
func_d_0x1000047f1,501,True
func_d_0x1000047f6,-121,False
func_d_0x100004847,959,False
func_d_0x1000049dc,-439,False
func_d_0x100004bed,-373,True
func_d_0x100004cb2,415,True
func_d_0x100005104,712,False
func_d_0x100005124,-318,False
func_d_0x10000512d,-263,False
func_d_0x100005262,1103,True
func_d_0x1000058b0,1143,False
func_d_0x100005977,-303,True
func_d_0x100005a15,514,False
func_d_0x100005b09,-246,True
func_d_0x100005e37,595,True
func_d_0x100005e3c,1262,False
func_d_0x100005e42,163,True
func_d_0x100005e97,-133,True
func_d_0x100005ec6,-39,True
func_d_0x100005f5d,1014,True
func_d_0x100005f8c,-296,True
func_d_0x10000600f,-392,False
func_d_0x100006032,-113,False
func_d_0x1000060e9,612,False
func_d_0x1000060ef,-386,True
func_d_0x100006157,838,True
func_d_0x100006175,677,False
func_d_0x10000622b,-406,False
func_d_0x1000062a5,-23,False
func_d_0x10000631e,-345,False
func_d_0x10000637a,-211,False
func_d_0x1000063a8,-473,False
func_d_0x100006515,1255,False
func_d_0x10000657b,438,False
func_d_0x100006581,-198,True
func_d_0x1000067c8,-163,True
func_d_0x100006872,439,True
func_d_0x1000068fa,-700,True
func_d_0x1000068fd,438,False
func_d_0x10000696d,-195,True
func_d_0x100006a3e,790,True
func_d_0x100006f6d,-360,True
func_d_0x100007130,86,False
func_d_0x100007132,690,True
func_d_0x10000714d,-17,False
func_d_0x10000763e,-557,False
func_d_0x100007923,1126,False
func_d_0x1000079cb,966,True
func_d_0x1000079d7,378,False
func_d_0x1000079e8,-250,False
func_d_0x100007af0,1055,True
func_d_0x100007c9a,320,False
func_d_0x100007ca9,956,False
func_d_0x100007d0d,-76,False
func_d_0x100007d71,254,False
func_d_0x100007e41,-156,True
func_d_0x1000082e9,549,True
func_d_0x100008cf1,-281,True
func_d_0x100008d6d,349,True
func_d_0x100008d79,515,False
func_d_0x100008d82,-618,True
func_d_0x100009378,17,True
func_d_0x10000954f,-85,True
func_d_0x1000095f2,807,False
func_d_0x10000961b,-252,False
func_d_0x10000962f,532,True
func_d_0x1000096af,317,True
func_d_0x1000096c8,725,True
func_d_0x10000989e,525,False
func_d_0x100009d5c,15,True
func_de_0x10000072a,83,True
func_de_0x100000782,228,True
func_de_0x1000007b7,-97,False
func_de_0x1000007d3,1269,False
func_de_0x1000007f0,-458,True
func_de_0x1000007f6,1084,False
func_de_0x100002c87,0,False
func_de_0x100002c89,860,False
func_de_0x100002c91,749,False
func_de_0x100002c98,-95,False
func_de_0x100002ca0,1210,False
func_de_0x100002ca6,989,True
func_de_0x100002cec,-126,False
func_de_0x100002cfc,1218,False
func_de_0x100002cfe,1154,True
func_de_0x100002d02,314,True
func_de_0x100002d08,-129,False
func_de_0x100002d0e,-655,True
func_de_0x100002d14,-590,False
func_de_0x10000326e,-451,False
func_de_0x100005185,183,False
func_de_0x100006fe9,-171,True
func_de_0x10000704a,-556,False
func_de_0x100007060,37,True
func_de_0x1000070a8,938,True
func_de_0x10000742b,870,True
func_de_0x10000743f,-389,True
func_de_0x100007445,685,True
func_de_0x1000074cf,219,False
func_de_0x1000074d7,832,True
func_de_0x1000074fb,1233,False
func_de_0x1000074ff,1036,False
func_de_0x100007516,102,False
func_de_0x100007518,-578,True
func_de_0x10000751a,-590,False
func_di_0x10000a04f,1193,True
func_dn_0x1000035a2,-196,True
func_dn_0x1000035cc,440,False
func_dn_0x1000035e4,-108,False
func_dn_0x1000035ea,355,True
func_dn_0x1000035f4,170,False
func_dn_0x100003686,582,True
func_dn_0x10000368a,-343,True
func_dn_0x10000369a,887,False
func_dn_0x100003781,73,False
func_dn_0x100003795,-144,True
func_dn_0x100003904,476,True
func_dr_0x1000084e7,1010,True
func_dr_0x1000084f7,-558,False
func_dr_0x1000084ff,-388,True
func_dr_0x100008501,286,False
func_dt_0x100003be5,813,False
func_dt_0x100003be7,23,False
func_dt_0x100003be9,182,True
func_dt_0x100003d16,-91,True
func_dt_0x100003d4c,126,True
func_dt_0x100003d54,1079,True
func_dt_0x100003d69,952,False
func_dt_0x100004e60,845,True
func_dt_0x100004f96,887,False
func_dt_0x100004fa0,1175,False
func_dt_0x100004fa4,-183,False
func_dt_0x100004fcb,215,True
func_dt_0x100004fdd,621,True
func_dt_0x100004ff1,-318,False
func_dt_0x100004ff5,-564,True
func_dt_0x100004ffb,1088,True
func_dt_0x100004ffd,1138,False
func_dt_0x100005005,-316,True
func_dt_0x100005023,-382,True
func_dt_0x10000502b,977,True
func_dt_0x10000503b,373,True
func_dt_0x100005069,-301,True
func_dt_0x10000506b,1086,True
func_dt_0x100005075,408,False
func_dt_0x10000507f,82,False
func_dt_0x100005085,-312,False
func_dt_0x100005093,806,False
func_dt_0x1000050c6,-372,True
func_dt_0x1000050d0,-141,True
func_dt_0x1000050d2,1286,True
func_dt_0x1000050d8,581,False
func_dt_0x1000050de,-186,False
func_dt_0x1000050f2,1173,True
func_du_0x100005855,598,False
func_du_0x10000585b,201,True
func_e_0x100000019,-386,False
func_e_0x10000036e,1037,False
func_e_0x1000003ba,447,False
func_e_0x1000003da,308,False
func_e_0x1000003df,-74,True
func_e_0x100000404,-46,False
func_e_0x100000472,169,True
func_e_0x100000853,589,True
func_e_0x10000085e,949,False
func_e_0x100000875,796,False
func_e_0x1000008ae,34,True
func_e_0x1000008c6,1218,True
func_e_0x1000008cd,1008,False
func_e_0x1000008d2,1190,True
func_e_0x10000093c,892,True
func_e_0x100000941,557,True
func_e_0x10000298b,-538,True
func_e_0x1000029b9,1130,True
func_e_0x100002d76,1019,False
func_e_0x1000033b7,144,True
func_e_0x1000033bd,941,False
func_e_0x1000033c5,334,False
func_e_0x1000033e2,-295,True
func_e_0x1000033ee,895,True
func_e_0x1000033f6,1283,False
func_e_0x100003983,1148,True
func_e_0x100003995,-561,False
func_e_0x1000039e1,374,True
func_e_0x100003a51,1286,False
func_e_0x100003b9d,822,False
func_e_0x100003bab,-370,True
func_e_0x100003bca,-321,True
func_e_0x100003bd4,382,False
func_e_0x100003bd8,1086,True
func_e_0x100003bdc,362,False
func_e_0x100003be0,1089,False
func_e_0x100003bf3,-677,True
func_e_0x100003c1d,-331,True
func_e_0x100003c22,227,False
func_e_0x100003c24,-244,True
func_e_0x100003c26,325,True
func_e_0x100003c2a,-233,True
func_e_0x100003c2e,428,False
func_e_0x100003c30,1030,True
func_e_0x100003c42,-632,False
func_e_0x100003c44,231,False
func_e_0x100003c46,898,True
func_e_0x100003c48,796,True
func_e_0x100003c4e,691,False
func_e_0x100003c8a,1173,False
func_e_0x100003c8e,-669,True
func_e_0x100003c9a,1104,False
func_e_0x100003c9e,558,True
func_e_0x100003ca6,80,True
func_e_0x100003cad,832,False
func_e_0x100003cb8,781,True
func_e_0x100003cc6,352,True
func_e_0x100003cc8,716,False
func_e_0x100003ccc,-375,True
func_e_0x100003cd7,999,False
func_e_0x100003cd9,300,True
func_e_0x100003cdb,250,True
func_e_0x100003cdf,-70,True
func_e_0x100003cf9,-494,True
func_e_0x100003d08,279,True
func_e_0x100003d0e,-141,False
func_e_0x100003d24,1283,False
func_e_0x100003d2e,-171,False
func_e_0x100003d7d,-677,True
func_e_0x100003d7f,904,False
func_e_0x100003d91,-236,False
func_e_0x100003da2,416,False
func_e_0x100003dc1,1152,False
func_e_0x100003dc5,-172,True
func_e_0x100003dd9,893,False
func_e_0x100003de3,-253,False
func_e_0x100003df2,572,True
func_e_0x100003e43,474,True
func_e_0x100003e8a,-585,False
func_e_0x100004821,-310,True
func_e_0x100005e53,-525,True
func_e_0x100005e57,1081,True
func_e_0x100005e63,-505,True
func_e_0x1000064cc,732,True
func_e_0x1000064d2,1240,False
func_e_0x1000064e5,-108,True
func_e_0x100006525,-553,True
func_e_0x100006556,1103,True
func_e_0x10000655e,1209,False
func_e_0x1000067b6,677,True
func_e_0x1000068a8,753,True
func_e_0x1000068ac,192,True
func_e_0x100007135,116,True
func_e_0x100008a70,1209,False
func_e_0x100009966,-245,True
func_e_0x100009b74,-8,False
func_e_0x100009b7f,371,False
func_e_0x100009b83,-313,True
func_e_0x10000a0d1,789,True
func_ee_0x100002aad,1077,False
func_ee_0x100002ade,91,True
func_ee_0x100002ae1,1257,True
func_ee_0x100002b7c,1159,False
func_ee_0x100002ba2,193,True
func_ee_0x100002bac,918,True
func_ee_0x100002bfb,-259,True
func_ee_0x100002d54,247,False
func_ee_0x100002d5e,-367,False
func_ee_0x100002d69,1038,False
func_ee_0x100003172,477,True
func_ee_0x10000410a,896,False
func_ee_0x1000044ef,210,True
func_ee_0x1000044f8,794,True
func_ee_0x100004a42,208,True
func_ee_0x100004a44,471,False
func_ee_0x100004dec,993,False
func_ee_0x100004dee,988,False
func_ee_0x10000530f,417,True
func_ee_0x100005f59,508,True
func_ee_0x100006145,21,True
func_ee_0x10000668b,-532,False
func_ee_0x1000066ad,1207,True
func_ee_0x1000066b0,-224,True
func_ee_0x100006e7d,-646,True
func_ee_0x10000737b,1098,True
func_ee_0x10000737d,689,False
func_ee_0x10000737f,408,True
func_ee_0x1000073b7,-278,True
func_ee_0x1000075bd,389,False
func_ee_0x1000075cd,-384,True
func_ee_0x1000075d1,-624,False
func_ee_0x100007601,419,True
func_ee_0x100007613,976,False
func_ee_0x10000763b,753,True
func_ee_0x1000077c4,339,False
func_ee_0x1000079fa,805,True
func_ee_0x100007d72,-270,False
func_ee_0x100007f5e,1046,False
func_ee_0x1000081cf,657,False
func_ee_0x1000081d9,1114,True
func_ee_0x100008b07,-414,True
func_ee_0x100008b0f,-122,False
func_ee_0x100008cc7,-139,True
func_ee_0x1000090ee,-321,True
func_ee_0x1000090fd,429,True
func_ee_0x10000911f,1180,True
func_ee_0x10000922f,473,True
func_ee_0x100009238,902,False
func_ee_0x1000092fe,7,True
func_ee_0x100009300,239,False
func_ee_0x10000933c,-253,False
func_ee_0x10000933e,891,True
func_ee_0x100009344,-403,True
func_en_0x100002f46,509,True
func_en_0x100005403,699,False
func_en_0x100005c44,62,True
func_en_0x100006765,98,False
func_en_0x100007245,13,False
func_en_0x100007268,-607,True
func_en_0x10000796d,1204,False
func_er_0x1000033a4,-172,True
func_er_0x1000049c5,-339,False
func_er_0x100006632,587,False
func_er_0x10000968d,900,False
func_et_0x10000078c,-223,True
func_et_0x100002c69,635,False
func_et_0x100009514,1228,False
func_et_0x100009785,265,True
func_et_0x1000097a4,85,False
func_et_0x1000097a6,1257,True
func_et_0x1000097ad,-698,True
func_et_0x1000097b1,889,False
func_et_0x1000097b3,246,True
func_et_0x1000097bd,1186,False
func_et_0x1000097c1,-511,False
func_eu_0x1000083e4,113,True
func_f_0x10000008d,-506,True
func_f_0x1000001ac,693,True
func_f_0x1000002ff,-402,False
func_f_0x1000004c5,1270,False
func_f_0x1000008b5,1253,False
func_f_0x1000008e1,-466,True
func_f_0x100002a7d,252,True
func_f_0x100002da0,1127,True
func_f_0x100002da4,-261,True
func_f_0x100002dc2,1101,True
func_f_0x100002e93,338,False
func_f_0x100002ec1,711,True
func_f_0x100003001,-299,False
func_f_0x100003055,-359,True
func_f_0x100003148,939,False
func_f_0x10000434e,360,True
func_f_0x10000446d,1255,True
func_f_0x10000446f,892,True
func_f_0x100004781,492,True
func_f_0x100004783,1029,False
func_f_0x100004789,-693,False
func_f_0x1000047a8,366,False
func_f_0x100004848,-481,False
func_f_0x100004860,1223,True
func_f_0x1000048a2,536,True
func_f_0x1000049e4,220,True
func_f_0x100004b52,890,False
func_f_0x100004b72,-371,False
func_f_0x10000512a,249,True
func_f_0x10000545b,951,False
func_f_0x10000545f,-663,False
func_f_0x1000058c0,-56,True
func_f_0x100005b1d,328,False
func_f_0x100005ea0,137,False
func_f_0x100006290,77,True
func_f_0x1000062de,1265,True
func_f_0x1000063fc,367,True
func_f_0x1000064c9,-305,True
func_f_0x100006587,-187,True
func_f_0x1000067d3,-637,True
func_f_0x10000698d,390,False
func_f_0x100006a41,-31,True
func_f_0x100006bad,185,True
func_f_0x100006baf,821,False
func_f_0x100006bb1,-273,False
func_f_0x100006d59,-429,False
func_f_0x10000714e,806,True
func_f_0x1000071d6,732,True
func_f_0x1000075d6,1006,False
func_f_0x100007682,5,False
func_f_0x10000768f,819,False
func_f_0x10000776a,636,False
func_f_0x1000079c5,1252,False
func_f_0x1000079cc,609,True
func_f_0x100007ae8,-356,True
func_f_0x100007c22,777,False
func_f_0x100007c26,-191,True
func_f_0x100007c51,386,True
func_f_0x100007c5c,1009,False
func_f_0x100007cde,1052,False
func_f_0x100007dda,-469,True
func_f_0x100007e35,949,False
func_f_0x100007ec7,790,False
func_f_0x100007f42,83,False
func_f_0x100007fb3,1096,False
func_f_0x100008137,1020,True
func_f_0x10000817d,45,True
func_f_0x10000833e,969,True
func_f_0x100008356,519,False
func_f_0x100008a15,-395,True
func_f_0x100008d1d,494,True
func_f_0x10000905b,1279,False
func_f_0x100009622,694,False
func_f_0x1000096b4,-158,True
func_f_0x1000096b6,623,True
func_f_0x100009825,1118,True
func_f_0x10000992f,1000,False
func_f_0x100009d26,-501,True
func_f_0x10000a0b3,-433,True
func_fe_0x100000726,507,False
func_fe_0x100000728,-85,True
func_fe_0x1000007c3,-35,False
func_fe_0x1000007cc,809,True
func_fe_0x1000007d5,113,True
func_fe_0x1000007d7,896,True
func_fe_0x1000007e4,-130,False
func_fe_0x1000007f4,1260,False
func_fe_0x100002c85,851,True
func_fe_0x100002c8d,727,True
func_fe_0x100002c9a,-311,True
func_fe_0x100002cee,-111,False
func_fe_0x100005183,-553,True
func_fe_0x100006fe7,568,True
func_fe_0x100006fef,1,False
func_fe_0x100006ff1,957,True
func_fe_0x100006ff3,-575,True
func_fe_0x100007020,360,False
func_fe_0x10000741b,1275,False
func_fe_0x10000741d,384,False
func_fe_0x10000742d,-96,True
func_fe_0x100007433,930,True
func_fe_0x10000743d,418,False
func_fe_0x100007449,521,True
func_fe_0x10000744b,-74,False
func_fe_0x1000074cb,-26,False
func_fe_0x1000074d1,773,False
func_fe_0x1000074dd,481,False
func_fe_0x1000074df,1217,False
func_fe_0x10000751e,1277,False
func_fi_0x100009f99,142,False
func_fi_0x100009f9b,346,False
func_fn_0x100003db2,699,False
func_fn_0x100003dfc,146,False
func_fn_0x100003e08,73,True
func_fn_0x100004e59,601,True
func_fn_0x100004fab,652,False
func_fn_0x10000500f,72,False
func_fn_0x10000502d,1134,True
func_fn_0x10000504d,-220,False
func_fo_0x100009a31,1049,False
func_fo_0x100009f9d,-549,False
func_fo_0x100009f9f,687,True
func_fo_0x10000a01d,-107,False
func_fo_0x10000a077,800,True
func_ft_0x100003b63,307,False
func_ft_0x100003d6b,493,True
func_ft_0x100003d6f,1144,False
func_ft_0x100003d99,621,True
func_ft_0x100003d9b,-152,True
func_ft_0x100003db1,428,True
func_ft_0x100004e74,154,True
func_ft_0x100004e7b,867,False
func_ft_0x100004fa2,590,False
func_ft_0x100004fd3,-499,False
func_ft_0x100004ff7,704,True
func_ft_0x100004fff,-621,False
func_ft_0x100005003,-438,False
func_ft_0x100005007,1281,False
func_ft_0x10000500b,630,False
func_ft_0x100005029,212,False
func_ft_0x100005039,550,True
func_ft_0x10000503d,-278,True
func_ft_0x10000503f,227,True
func_ft_0x100005041,-244,True
func_ft_0x100005043,645,False
func_ft_0x100005045,-403,False
func_ft_0x100005047,77,True
func_ft_0x100005051,801,True
func_ft_0x100005053,-163,False
func_ft_0x10000505b,1199,False
func_ft_0x100005063,-57,False
func_ft_0x10000506d,-263,True
func_ft_0x100005071,396,False
func_ft_0x100005077,984,True
func_ft_0x100005083,909,False
func_ft_0x100005087,1074,True
func_ft_0x10000508d,-543,True
func_ft_0x10000508f,230,True
func_ft_0x100005091,515,False
func_ft_0x1000050a3,-393,False
func_ft_0x1000050a5,-463,False
func_ft_0x1000050ac,1244,True
func_ft_0x1000050ae,443,True
func_ft_0x1000050b4,13,True
func_ft_0x1000050b6,-315,False
func_ft_0x1000050b8,124,False
func_ft_0x1000050bc,-504,True
func_ft_0x1000050c0,-277,False
func_ft_0x1000050c4,844,True
func_ft_0x1000050cc,345,False
func_ft_0x1000050ce,-666,False
func_ft_0x1000050d4,40,False
func_ft_0x1000050dc,814,False
func_ft_0x1000050e0,-633,True
func_ft_0x1000050e2,261,True
func_ft_0x1000050e4,-687,False
func_ft_0x1000050ea,1295,False
func_ft_0x1000050f0,67,False
func_ft_0x1000050f4,-447,True
func_fu_0x100008742,468,False
func_fu_0x1000087b1,-561,True
func_fu_0x1000087b5,628,True
func_fu_0x1000087b7,674,True
func_fu_0x1000087b9,-151,False
func_fu_0x100008882,-622,False
func_fu_0x10000888c,851,False
func_fu_0x10000888e,518,False
func_g_0x100000123,1168,True
func_g_0x1000001d8,896,True
func_g_0x100000547,-88,True
func_g_0x1000008e3,459,False
func_g_0x100002a78,-62,True
func_g_0x100002d85,475,True
func_g_0x100002d8c,380,True
func_g_0x100002d8e,-517,True
func_g_0x100002d92,509,True
func_g_0x100002d98,43,True
func_g_0x100002d9a,-241,False
func_g_0x100002db2,115,False
func_g_0x100002de3,1004,False
func_g_0x100002e4d,582,False
func_g_0x100002e50,-561,True
func_g_0x100002e56,503,True
func_g_0x100002e5a,379,False
func_g_0x100002e62,-545,True
func_g_0x100002ebc,-681,True
func_g_0x100003039,224,False
func_g_0x1000030ac,737,True
func_g_0x10000311d,-545,True
func_g_0x10000311f,767,True
func_g_0x10000313f,1098,True
func_g_0x100003917,536,True
func_g_0x100003919,-383,False
func_g_0x100003e75,-610,True
func_g_0x100003e77,16,False
func_g_0x100003e79,783,True
func_g_0x100003e98,-167,True
func_g_0x100003e9a,-456,False
func_g_0x100003ea2,576,False
func_g_0x100003ea4,574,False
func_g_0x100003ea6,409,True
func_g_0x100003ea8,518,False
func_g_0x10000432c,704,True
func_g_0x100004579,780,False
func_g_0x1000045af,-598,False
func_g_0x1000045d3,-212,True
func_g_0x1000046bb,14,False
func_g_0x100004811,-358,False
func_g_0x10000481b,-245,True
func_g_0x10000485b,852,True
func_g_0x100004cb9,1181,True
func_g_0x100004d2c,91,False
func_g_0x100004d6f,-439,False
func_g_0x100004d74,366,False
func_g_0x100005461,753,False
func_g_0x1000054ae,756,True
func_g_0x1000058c3,965,False
func_g_0x1000058dd,1222,False
func_g_0x100005b11,798,True
func_g_0x100005b14,-303,False
func_g_0x100005ecc,806,True
func_g_0x10000616d,-693,True
func_g_0x10000629c,-134,True
func_g_0x100006335,487,False
func_g_0x10000637d,-667,False
func_g_0x1000063f4,149,False
func_g_0x10000656e,402,False
func_g_0x1000066d7,-252,False
func_g_0x1000066dd,469,True
func_g_0x100006809,48,False
func_g_0x10000695b,-254,True
func_g_0x10000696e,-106,True
func_g_0x100006976,101,True
func_g_0x100006983,1199,False
func_g_0x100006e73,14,True
func_g_0x100007692,-12,True
func_g_0x100007816,1258,False
func_g_0x1000079c6,470,True
func_g_0x1000079cd,933,True
func_g_0x1000079f7,485,True
func_g_0x100007c23,741,True
func_g_0x100007c27,-683,True
func_g_0x100007dd5,1005,True
func_g_0x100008241,1076,True
func_g_0x1000082d7,-174,False
func_g_0x10000859c,-439,True
func_g_0x100008af3,159,True
func_g_0x100008d50,-497,True
func_g_0x10000907c,781,False
func_g_0x100009083,151,False
func_g_0x100009087,623,False
func_g_0x1000091cb,-655,False
func_g_0x10000936d,649,True
func_g_0x100009391,101,True
func_g_0x100009541,1065,True
func_g_0x10000956c,-345,False
func_g_0x100009921,-490,False
func_g_0x100009b8d,803,True
func_g_0x100009d85,175,False
func_ge_0x100005163,-586,False
func_ge_0x100005175,1193,True
func_ge_0x100005177,-277,False
func_ge_0x1000051a3,110,False
func_ge_0x1000051a5,-616,False
func_ge_0x1000051b4,-679,False
func_ge_0x1000051b6,-209,True
func_ge_0x1000051ba,313,True
func_ge_0x1000051bc,-449,False
func_ge_0x1000051be,263,False
func_ge_0x1000051c0,967,True
func_ge_0x1000051c2,864,True
func_ge_0x1000051c4,-586,False
func_ge_0x1000051c8,-239,True
func_ge_0x1000051cc,615,False
func_ge_0x1000051d2,90,False
func_ge_0x1000051d6,111,False
func_ge_0x1000051da,946,True
func_ge_0x1000051dc,-469,False
func_ge_0x1000051de,1172,False
func_ge_0x1000051e0,794,True
func_ge_0x1000051e2,638,False
func_ge_0x1000051e6,-287,False
func_ge_0x1000051ea,-400,False
func_ge_0x1000051fc,-121,True
func_ge_0x1000053de,-129,False
func_ge_0x1000053e0,-328,True
func_ge_0x1000053e4,-399,False
func_ge_0x1000053e6,816,False
func_ge_0x1000053ec,237,True
func_ge_0x1000053f2,1290,False
func_ge_0x1000053f4,257,True
func_ge_0x1000053f6,-643,False
func_ge_0x10000540a,941,True
func_ge_0x100005414,1062,True
func_ge_0x100005416,1167,False
func_ge_0x10000541c,923,False
func_ge_0x100005423,1031,True
func_ge_0x10000542d,732,True
func_ge_0x1000065f5,-208,False
func_ge_0x1000065f9,-427,True
func_ge_0x1000065fb,64,True
func_ge_0x1000065ff,276,True
func_ge_0x100006603,725,True
func_ge_0x100006614,-21,True
func_ge_0x100006c23,606,False
func_ge_0x100006c25,801,True
func_ge_0x100006c27,-548,False
func_ge_0x100006c29,-668,False
func_ge_0x100006c2b,935,True
func_ge_0x100006c2d,-52,True
func_ge_0x100006c2f,902,False
func_ge_0x100006c33,137,False
func_ge_0x100006c37,-630,True
func_ge_0x100006c3f,1296,True
func_ge_0x100007271,478,True
func_ge_0x100007896,656,False
func_ge_0x1000086c0,830,False
func_ge_0x1000086d9,-578,True
func_ge_0x1000086e4,567,True
func_ge_0x100009b58,-195,True
func_ge_0x100009bf6,1187,False
func_gn_0x10000326d,1067,False
func_gn_0x100006fd5,1293,True
func_gn_0x10000701d,610,False
func_gn_0x100007043,672,True
func_gn_0x100007059,183,False
func_gn_0x10000705b,1024,True
func_gn_0x1000070cb,276,True
func_gr_0x100005d36,156,False
func_gr_0x100005d52,892,False
func_gr_0x100005d54,1089,True
func_gr_0x100005d56,-667,False
func_gr_0x100005d5e,368,False
func_gr_0x100005d60,-511,True
func_gr_0x100005d62,408,False
func_gr_0x100005d64,-263,False
func_gr_0x100005d66,325,False
func_gr_0x100005d6c,279,True
func_gr_0x100005d76,665,True
func_gr_0x100005d78,-382,False
func_gr_0x100005d80,961,False
func_gr_0x100005d82,-235,False
func_gr_0x100005d84,543,True
func_gr_0x100005d86,-371,True
func_gr_0x100005d8a,685,True
func_gr_0x100005d8e,1222,True
func_gr_0x100005d94,583,True
func_gr_0x100005d98,-31,False
func_gr_0x100005d9c,277,True
func_gr_0x10000975f,34,True
func_gr_0x100009761,1132,False
func_gr_0x1000097d6,448,True
func_gr_0x1000097e3,-657,False
func_gr_0x1000097f0,277,True
func_gr_0x1000097f2,-540,True
func_gr_0x10000999b,187,False
func_gr_0x10000999f,-197,True
func_gr_0x1000099a1,1278,False
func_gr_0x1000099a3,118,False
func_gr_0x1000099a9,-549,True
func_gr_0x1000099ad,1020,False
func_gr_0x1000099af,-64,True
func_gr_0x1000099b1,-470,False
func_gr_0x1000099b3,-332,True
func_gr_0x1000099b7,-620,True
func_gr_0x1000099b9,-270,True
func_gr_0x1000099bd,791,True
func_gr_0x1000099bf,247,False
func_gr_0x1000099c5,27,True
func_gr_0x1000099c7,65,False
func_gr_0x1000099cb,1295,True
func_gr_0x1000099cd,-381,False
func_gr_0x1000099d1,322,True
func_gr_0x1000099d3,-179,False
func_gr_0x1000099d7,905,True
func_gr_0x1000099e1,-282,True
func_gr_0x1000099e3,108,True
func_gr_0x1000099e5,893,False
func_gr_0x1000099e9,1277,False
func_gr_0x1000099ef,739,False
func_gr_0x1000099f9,948,False
func_gr_0x1000099fb,-109,True
func_gr_0x1000099fd,805,True
func_gr_0x100009a03,-156,True
func_gr_0x100009a09,1126,True
func_gr_0x100009a0b,-640,True
func_gr_0x100009a0d,1253,True
func_gr_0x100009a15,1163,True
func_gr_0x100009a1b,-70,True
func_gr_0x100009a1d,1107,True
func_gr_0x100009a29,-203,False
func_gt_0x100002c80,-416,True
func_gt_0x100003f28,916,False
func_gt_0x100003f30,1234,True
func_gt_0x100003f32,1115,False
func_gt_0x100003f36,-21,False
func_gt_0x100003f38,405,True
func_gt_0x100003f3e,-464,True
func_gt_0x100003f40,-486,False
func_gt_0x100003f47,510,False
func_gt_0x100003f4d,438,True
func_gt_0x100003f5d,1250,False
func_gt_0x100003f6b,1086,False
func_gt_0x100003f6d,-362,False
func_gt_0x10000405c,7,False
func_gt_0x100004064,-193,True
func_gt_0x10000406c,360,False
func_gt_0x100004074,138,False
func_gt_0x100004078,780,False
func_gt_0x10000407a,-394,True
func_gt_0x10000407e,825,False
func_gt_0x100004086,989,True
func_gt_0x1000074e8,-418,False
func_gt_0x1000074ea,760,True
func_gt_0x1000074ee,-692,True
func_gt_0x100009f37,715,False
func_gt_0x100009f46,1222,False
func_gt_0x100009f50,728,False
func_gt_0x100009f54,-271,True
func_gt_0x100009f5c,816,False
func_gt_0x100009f64,889,True
func_gt_0x100009f6a,-551,True
func_gt_0x100009f74,-388,False
func_gt_0x100009f7c,478,False
func_gt_0x100009f82,-630,False
func_gt_0x100009f86,-383,False
func_gt_0x100009f88,317,True
func_gt_0x100009f90,766,True
func_gt_0x100009f92,-163,True
func_gt_0x100009fac,1026,False
func_gt_0x10000a025,467,False
func_gt_0x10000a033,-223,True
func_gt_0x10000a072,784,True
func_gu_0x100004e7e,-224,True
func_h_0x100000125,652,False
func_h_0x1000001a1,557,False
func_h_0x100000283,487,False
func_h_0x1000002cc,-247,True
func_h_0x1000002d0,-119,True
func_h_0x1000002d6,-158,True
func_h_0x1000004da,727,True
func_h_0x100002b0a,-537,False
func_h_0x100002c33,357,True
func_h_0x100002c37,1226,True
func_h_0x100002ddd,535,True
func_h_0x100002f00,-260,False
func_h_0x100003034,291,False
func_h_0x10000314c,676,True
func_h_0x1000031c0,-619,False
func_h_0x10000449f,1035,True
func_h_0x1000044a1,-678,False
func_h_0x1000044a3,-622,False
func_h_0x100004774,-629,False
func_h_0x1000047bb,-264,True
func_h_0x10000480d,45,True
func_h_0x10000480f,-309,False
func_h_0x100004814,-90,True
func_h_0x10000481e,-249,False
func_h_0x100004858,1152,True
func_h_0x10000488e,345,True
func_h_0x100004b7e,-472,True
func_h_0x100004b81,-636,False
func_h_0x100004bf5,826,True
func_h_0x100004ca8,702,False
func_h_0x100004d06,537,False
func_h_0x100004d3d,607,True
func_h_0x10000510a,425,True
func_h_0x100005919,317,False
func_h_0x100005949,148,False
func_h_0x100005984,-46,True
func_h_0x100005ca0,2,True
func_h_0x100005ca2,-107,True
func_h_0x100005ca6,-11,True
func_h_0x100005dff,-202,True
func_h_0x100005ebb,-564,False
func_h_0x100005ebd,-53,True
func_h_0x100005ec3,-194,True
func_h_0x100005fcb,1039,False
func_h_0x100006296,350,True
func_h_0x1000062d1,126,False
func_h_0x100006333,-578,True
func_h_0x100006434,418,False
func_h_0x1000064fe,-101,False
func_h_0x1000066d9,210,False
func_h_0x1000067de,-211,False
func_h_0x1000067f8,259,False
func_h_0x10000696a,691,True
func_h_0x100006984,508,False
func_h_0x100006ada,33,False
func_h_0x100006b93,446,False
func_h_0x100006cb0,-302,True
func_h_0x1000071d9,827,True
func_h_0x100007589,468,True
func_h_0x100007597,437,False
func_h_0x10000759b,985,True
func_h_0x1000075a2,386,False
func_h_0x100007741,-673,True
func_h_0x100007cfe,1155,True
func_h_0x100007e14,70,True
func_h_0x100007fc5,755,False
func_h_0x10000834b,942,False
func_h_0x10000835c,349,False
func_h_0x100008585,1053,True
func_h_0x100008587,948,False
func_h_0x1000085c7,-263,False
func_h_0x100009440,-422,True
func_h_0x10000953f,-240,False
func_h_0x100009543,214,False
func_h_0x100009614,1158,False
func_h_0x100009633,-671,True
func_h_0x10000981c,-541,True
func_h_0x100009895,521,False
func_h_0x100009910,-496,True
func_h_0x100009941,666,True
func_h_0x10000994c,521,True
func_h_0x10000994e,-389,False
func_ha_0x100007b4a,637,True
func_he_0x1000032f9,-105,True
func_he_0x10000334e,310,True
func_he_0x10000336c,-9,True
func_he_0x100005310,1127,True
func_he_0x1000069fe,1003,False
func_he_0x100006ef4,731,True
func_he_0x100006ef8,-123,False
func_he_0x100006efa,-23,True
func_he_0x100006efe,1119,False
func_he_0x100007642,675,True
func_he_0x100007644,768,True
func_he_0x100008312,34,True
func_he_0x100008fbd,-545,False
func_he_0x10000924b,1169,True
func_he_0x1000098dd,910,True
func_he_0x1000098f5,383,False
func_he_0x100009c26,656,True
func_he_0x100009c2a,853,True
func_hn_0x100003b86,241,True
func_hn_0x100003b8c,-463,False
func_hn_0x100003b8e,541,True
func_hn_0x100003b96,1103,False
func_hn_0x100003db4,675,True
func_hn_0x100003dba,351,True
func_hn_0x100004e5c,519,True
func_hn_0x100004e69,476,True
func_hn_0x100004e71,1245,True
func_hn_0x100004fb5,461,True
func_hn_0x1000050da,-622,False
func_hr_0x10000561d,-523,True
func_hr_0x10000564f,827,False
func_hr_0x100005655,267,True
func_hr_0x100005662,566,False
func_hr_0x10000566b,826,False
func_hr_0x100005748,-414,True
func_hr_0x1000057e0,1045,False
func_hr_0x100005825,-329,False
func_hr_0x10000582d,-184,True
func_hr_0x100005841,545,True
func_hr_0x100005845,-81,False
func_hr_0x100005849,1297,False
func_hr_0x100005850,-566,False
func_hr_0x10000586f,569,True
func_hr_0x100005875,-100,False
func_hr_0x100005892,-601,False
func_hr_0x1000058a0,92,True
func_ht_0x100002f62,326,True
func_ht_0x100005a5b,-440,False
func_ht_0x100005a69,65,False
func_ht_0x1000065f8,865,False
func_ht_0x100006c13,160,True
func_ht_0x100006c15,-593,True
func_ht_0x100006c17,1086,True
func_ht_0x100006c19,-482,True
func_ht_0x100006db5,1274,False
func_ht_0x100006dc7,267,True
func_ht_0x100006ddf,192,True
func_ht_0x10000967e,425,True
func_ht_0x100009693,232,True
func_ht_0x100009695,403,False
func_ht_0x100009b4b,1135,True
func_ht_0x100009bec,-161,False
func_i_0x1000035cf,-344,True
func_ie_0x100002acb,1090,True
func_ie_0x100002bea,427,False
func_ie_0x100002bec,-272,False
func_ie_0x100002bee,1203,False
func_ie_0x1000031cf,476,True
func_ie_0x1000031d1,-13,True
func_ie_0x1000031d7,560,True
func_ie_0x100003946,929,True
func_ie_0x100003948,274,True
func_ie_0x10000394c,195,False
func_ie_0x100004367,445,True
func_ie_0x1000048b6,641,True
func_ie_0x1000048ba,47,True
func_ie_0x1000048be,399,True
func_ie_0x1000048c0,52,True
func_ie_0x1000048c2,1257,True
func_ie_0x1000048e5,642,True
func_ie_0x1000048eb,-552,True
func_ie_0x100004a04,1134,False
func_ie_0x100004a8f,-201,True
func_ie_0x100004a95,1086,False
func_ie_0x100004aa3,-124,False
func_ie_0x100005321,1159,False
func_ie_0x10000535e,-556,True
func_ie_0x100006da6,-568,True
func_ie_0x100006da8,-142,True
func_ie_0x1000073df,757,False
func_ie_0x100007620,-567,False
func_ie_0x100007634,-93,True
func_ie_0x100007e70,-95,False
func_ie_0x100007e76,968,True
func_ie_0x100009232,897,False
func_ie_0x100009252,-169,False
func_ie_0x1000094ae,398,False
func_ie_0x100009c1c,567,False
func_ie_0x100009ead,-553,True
func_ii_0x100003b7c,118,False
func_ii_0x100003b7e,1265,True
func_ii_0x100003be4,680,True
func_ii_0x100003d40,-662,False
func_io_0x1000035b4,-636,False
func_ir_0x100004124,33,False
func_ir_0x100004126,-246,False
func_ir_0x100004128,-189,False
func_ir_0x10000412a,167,False
func_ir_0x100008e94,1027,True
func_ir_0x100008ea3,-238,True
func_ir_0x100008ea5,370,True
func_ir_0x100008ea9,-499,True
func_ir_0x100008eab,923,False
func_ir_0x100008eb1,-667,False
func_ir_0x100008eb5,559,True
func_ir_0x100008ebb,391,True
func_ir_0x100008ecb,-384,True
func_ir_0x100008edb,524,True
func_ir_0x100008ef3,460,True
func_ir_0x100008efd,1260,False
func_ir_0x100008f0b,1006,True
func_ir_0x100008f15,-359,True
func_ir_0x100008f17,-573,False
func_ir_0x100008f23,862,True
func_ir_0x100008f30,375,True
func_ir_0x100008f3c,922,False
func_ir_0x100008f44,950,True
func_ir_0x100008f50,206,True
func_ir_0x100009fe0,1046,False
func_ir_0x10000a057,-341,True
func_ir_0x10000a05f,823,False
func_ir_0x10000a061,-195,True
func_it_0x10000555a,1229,False
func_it_0x100005625,-76,False
func_it_0x10000564b,-315,False
func_it_0x10000564d,119,True
func_it_0x100005651,1276,True
func_it_0x100005653,957,False
func_it_0x100005657,-138,False
func_it_0x10000565d,125,True
func_it_0x10000566d,316,True
func_it_0x10000566f,676,False
func_it_0x1000056a9,444,False
func_it_0x1000056ab,-102,False
func_it_0x1000056ae,-641,False
func_it_0x1000056b1,1182,False
func_it_0x1000056b4,1278,False
func_it_0x1000056ba,522,False
func_it_0x1000056bd,1097,False
func_it_0x1000056c6,1244,False
func_it_0x1000056cc,876,False
func_it_0x1000056cf,1028,False
func_it_0x1000056d2,254,True
func_it_0x1000056d7,599,False
func_it_0x1000056db,244,True
func_it_0x100005726,-655,False
func_it_0x100005734,807,True
func_it_0x100005738,173,False
func_it_0x100005740,-394,False
func_it_0x100005743,-322,True
func_it_0x100005766,991,True
func_it_0x100005768,-66,True
func_it_0x10000576f,751,False
func_it_0x10000577d,114,True
func_it_0x100005793,383,False
func_it_0x1000057af,565,False
func_it_0x1000057b6,-65,False
func_it_0x1000057d7,581,True
func_it_0x1000057e2,198,True
func_it_0x100005827,1231,True
func_it_0x10000582b,929,True
func_it_0x100005838,-467,False
func_it_0x100005852,1076,False
func_it_0x10000587b,-690,True
func_it_0x100005887,-498,True
func_it_0x10000588c,1045,True
func_iu_0x10000553b,638,False
func_iu_0x100005802,-404,False
func_j_0x1000029da,-280,False
func_j_0x1000029dc,1014,False
func_j_0x100002c2a,-417,False
func_j_0x1000030f3,1027,False
func_j_0x1000030f5,611,True
func_j_0x1000030f9,541,False
func_j_0x1000030fb,418,False
func_j_0x1000030ff,-155,True
func_j_0x100003101,-328,True
func_j_0x10000317b,-635,False
func_j_0x1000031b1,943,True
func_j_0x1000031bb,486,True
func_j_0x1000032f0,29,True
func_j_0x1000032f4,-161,True
func_j_0x100003954,-77,True
func_j_0x1000044ff,-666,True
func_j_0x100004640,882,False
func_j_0x100004674,-199,False
func_j_0x100004949,-66,True
func_j_0x10000494b,202,True
func_j_0x100004959,-279,False
func_j_0x100005247,-33,True
func_j_0x10000527c,-4,False
func_j_0x1000052ac,835,False
func_j_0x100005368,899,True
func_j_0x10000536a,999,False
func_j_0x10000536e,1155,False
func_j_0x100005389,509,True
func_j_0x100006242,-71,True
func_j_0x100006267,395,False
func_j_0x100006273,-535,True
func_j_0x100006278,978,False
func_j_0x10000633d,-697,False
func_j_0x1000063b6,806,True
func_j_0x100006716,342,True
func_j_0x100006a59,-129,True
func_j_0x100006a5b,-684,True
func_j_0x100006a5f,-270,False
func_j_0x100006a61,1239,True
func_j_0x100006a65,945,False
func_j_0x100006d9f,587,True
func_j_0x100007371,369,True
func_j_0x1000073d8,279,False
func_j_0x1000073fa,827,True
func_j_0x100007558,1068,True
func_j_0x10000755a,-689,True
func_j_0x10000755f,86,False
func_j_0x1000076c3,771,False
func_j_0x1000077d6,791,False
func_j_0x1000077d8,964,True
func_j_0x1000078df,-430,True
func_j_0x100007efa,1130,False
func_j_0x100007f14,940,False
func_j_0x100007f50,-312,True
func_j_0x100008144,-640,True
func_j_0x100008146,10,False
func_j_0x100008148,457,True
func_j_0x10000814a,1200,True
func_j_0x10000814e,299,True
func_j_0x1000081db,-390,False
func_j_0x1000081e1,849,False
func_j_0x100008551,1173,True
func_j_0x100008553,639,False
func_j_0x100008558,565,False
func_j_0x10000855d,622,False
func_j_0x100008564,1172,False
func_j_0x100008a7e,40,True
func_j_0x100008ad0,155,False
func_j_0x100008ad2,1262,False
func_j_0x100008b25,512,True
func_j_0x1000091e1,-273,False
func_j_0x1000091eb,1181,True
func_j_0x1000091ed,-134,False
func_j_0x1000091fe,-7,False
func_j_0x100009200,-484,True
func_j_0x1000092da,321,True
func_j_0x1000093bc,-250,False
func_j_0x100009b96,-42,True
func_j_0x100009bd0,974,True
func_j_0x100009c44,-365,True
func_j_0x100009c46,647,True
func_j_0x100009c4a,-260,False
func_j_0x100009c4e,214,False
func_j_0x100009c54,333,True
func_j_0x100009c56,203,True
func_j_0x100009c58,1270,True
func_j_0x100009d45,1109,False
func_je_0x100002f5e,546,True
func_je_0x1000051b2,-680,True
func_je_0x1000051e8,799,False
func_je_0x1000051ec,255,False
func_je_0x1000051ee,-411,False
func_je_0x1000051f0,-694,True
func_je_0x1000051f2,605,False
func_je_0x1000051f4,220,True
func_je_0x1000051f8,1112,False
func_je_0x1000051fe,-377,False
func_je_0x10000539c,-466,True
func_je_0x1000053e8,939,False
func_je_0x100005ba7,879,False
func_je_0x100009852,-465,False
func_je_0x100009ae8,-229,True
func_je_0x100009c0a,-48,True
func_jn_0x100005808,-444,False
func_jn_0x100005854,-402,False
func_jo_0x10000a075,34,True
func_jr_0x100002f30,1153,True
func_jr_0x100002f52,521,True
func_jr_0x100002f79,291,True
func_jr_0x1000065c5,985,False
func_jr_0x100006db3,1127,False
func_jr_0x100009b14,58,True
func_jr_0x100009b2f,677,False
func_jr_0x100009b31,1004,True
func_jr_0x100009b37,374,True
func_jr_0x100009b3d,-8,True
func_jr_0x100009b3f,980,False
func_jr_0x100009b47,-402,False
func_jt_0x100004117,-607,True
func_jt_0x100004147,1043,False
func_jt_0x100004149,967,False
func_jt_0x10000414b,-424,True
func_jt_0x10000414f,958,True
func_jt_0x100004153,-308,True
func_jt_0x100004159,820,False
func_jt_0x100004163,808,False
func_jt_0x100004168,-661,True
func_jt_0x10000416e,490,False
func_jt_0x100004261,810,True
func_jt_0x100004264,-170,False
func_jt_0x100004268,98,False
func_jt_0x10000426f,-117,False
func_jt_0x100004277,-14,True
func_jt_0x100004281,-484,False
func_jt_0x10000428d,1226,True
func_jt_0x10000429c,1074,False
func_jt_0x10000429e,-361,True
func_jt_0x1000042ae,-470,False
func_jt_0x1000042b4,-123,False
func_jt_0x1000042b6,313,True
func_jt_0x1000042b8,629,True
func_jt_0x1000042ba,695,True
func_jt_0x1000080dd,186,False
func_jt_0x100009a4e,-98,False
func_jt_0x100009fbb,128,False
func_jt_0x100009ff9,764,True
func_jt_0x10000a030,474,True
func_ju_0x10000873e,729,False
func_ju_0x100008880,1039,True
func_k_0x10000011e,-621,True
func_k_0x1000001a9,503,False
func_k_0x1000001b2,101,True
func_k_0x1000001bc,1279,False
func_k_0x1000001d9,478,False
func_k_0x100000204,-364,True
func_k_0x100000284,318,False
func_k_0x100000286,1066,False
func_k_0x10000028a,-245,False
func_k_0x1000002ec,-247,True
func_k_0x100002b38,1024,True
func_k_0x100002b3a,70,True
func_k_0x100002c38,1157,False
func_k_0x100002dd4,-129,False
func_k_0x100002e46,592,False
func_k_0x100002e86,-115,True
func_k_0x100002ede,226,False
func_k_0x100002ef4,-379,False
func_k_0x100003012,-498,False
func_k_0x100003428,-325,False
func_k_0x100003e6b,1080,True
func_k_0x100004512,-584,True
func_k_0x10000455c,-201,True
func_k_0x100004626,1044,False
func_k_0x1000047d5,599,False
func_k_0x1000047e5,1181,True
func_k_0x100004872,-7,False
func_k_0x10000489e,251,True
func_k_0x100004afb,378,True
func_k_0x100004b03,817,True
func_k_0x100004b05,1277,False
func_k_0x100004cda,725,False
func_k_0x100004d14,675,True
func_k_0x100004d19,1103,False
func_k_0x100005113,-154,False
func_k_0x10000511f,971,True
func_k_0x1000052ce,327,False
func_k_0x100005464,1204,False
func_k_0x100005494,437,True
func_k_0x1000058cf,-547,True
func_k_0x1000058d8,428,False
func_k_0x1000058e0,183,True
func_k_0x100005916,208,False
func_k_0x100005b22,-689,False
func_k_0x100005e0a,-309,False
func_k_0x100005e0e,-615,True
func_k_0x100005e15,-289,True
func_k_0x100005e19,-270,True
func_k_0x100005f83,51,True
func_k_0x10000626a,283,False
func_k_0x1000062af,1048,True
func_k_0x100006405,276,True
func_k_0x1000064b6,1047,True
func_k_0x1000064b8,620,True
func_k_0x1000064be,-261,True
func_k_0x1000064c0,-698,True
func_k_0x1000065a9,-399,False
func_k_0x10000689d,601,True
func_k_0x100006ac9,504,False
func_k_0x100006c91,1286,True
func_k_0x100006c93,-592,True
func_k_0x10000734c,-341,False
func_k_0x100007700,-612,True
func_k_0x100007704,309,False
func_k_0x100007819,-157,True
func_k_0x10000782c,-621,False
func_k_0x100007833,303,False
func_k_0x10000783a,959,True
func_k_0x1000078d2,96,False
func_k_0x1000079d8,962,True
func_k_0x100007a6b,732,True
func_k_0x100007a6f,-539,False
func_k_0x100007cd4,1111,False
func_k_0x100007cd7,157,False
func_k_0x100007d32,665,True
func_k_0x100007de1,-238,True
func_k_0x100007de9,-301,False
func_k_0x100007e44,-214,False
func_k_0x10000830a,-575,True
func_k_0x10000835f,35,False
func_k_0x1000089fd,312,True
func_k_0x100008d39,-293,False
func_k_0x1000091c0,827,False
func_k_0x100009463,5,True
func_k_0x100009467,-540,True
func_k_0x10000946d,-87,True
func_k_0x100009471,-221,True
func_k_0x100009565,666,True
func_k_0x100009567,305,False
func_k_0x1000098a5,858,True
func_k_0x100009943,792,False
func_k_0x100009949,619,True
func_k_0x100009954,1162,False
func_k_0x100009d63,-45,False
func_k_0x100009d65,-676,False
func_k_0x100009e92,487,True
func_ke_0x100000586,884,False
func_ke_0x100000589,-158,False
func_ke_0x1000007bb,-347,True
func_ke_0x1000007ec,1055,False
func_ke_0x100002d05,-312,False
func_ke_0x1000096e7,-295,False
func_ke_0x10000976b,426,False
func_ke_0x100009775,-428,True
func_ke_0x1000097b6,122,True
func_ke_0x1000097fa,-670,False
func_ke_0x100009800,-20,True
func_ke_0x100009802,348,False
func_ke_0x100009809,-479,False
func_ke_0x100009e0a,1114,True
func_ke_0x100009e0c,1021,False
func_ke_0x100009e0e,1032,False
func_ke_0x100009e10,370,False
func_ke_0x100009e12,-690,False
func_ke_0x100009e16,507,False
func_ke_0x100009e18,922,True
func_ke_0x100009e20,-428,False
func_ke_0x100009e26,1086,True
func_ke_0x100009e28,59,False
func_ke_0x100009e2a,38,False
func_ke_0x100009e2c,1127,True
func_ke_0x100009e30,487,True
func_ke_0x100009e3a,519,True
func_ke_0x100009e3c,1022,True
func_ke_0x100009e3e,1062,False
func_ke_0x100009e4c,776,True
func_ke_0x100009e50,829,True
func_ke_0x100009e54,274,False
func_ke_0x100009e5c,-589,False
func_ke_0x100009e60,56,False
func_ke_0x100009e64,464,False
func_ke_0x100009e6a,335,True
func_ke_0x100009e80,516,False
func_ke_0x100009e84,1270,False
func_ke_0x100009e8b,-347,True
func_kn_0x100007b0b,1140,True
func_kn_0x100007b18,216,True
func_kn_0x100007b1f,-247,False
func_kn_0x100007b31,-131,False
func_kn_0x100007b41,-18,True
func_kn_0x100007b43,-555,True
func_kn_0x100007b59,-691,False
func_kn_0x100007b5d,644,False
func_kn_0x100007b61,-468,True
func_kn_0x100007b63,127,True
func_kn_0x100007b73,-637,True
func_kn_0x100007b7d,-567,True
func_kn_0x100007b81,987,False
func_kn_0x100007b87,201,True
func_kn_0x100007b8f,853,False
func_kr_0x1000035a8,-82,False
func_kr_0x1000035c8,-618,False
func_kr_0x1000035d4,-249,True
func_kr_0x100003732,-39,True
func_kr_0x100003762,148,False
func_kr_0x100003789,-146,False
func_kr_0x10000378b,24,True
func_kr_0x10000378e,192,False
func_kr_0x10000379b,143,True
func_kr_0x100003900,-438,True
func_kr_0x10000390a,-517,False
func_kr_0x10000390c,-148,True
func_kt_0x10000a027,-158,True
func_l_0x100000114,82,True
func_l_0x100000165,719,True
func_l_0x10000019d,165,False
func_l_0x10000021d,196,True
func_l_0x1000002b3,868,True
func_l_0x100000301,-371,False
func_l_0x100000310,901,False
func_l_0x10000036b,706,True
func_l_0x100000379,233,False
func_l_0x1000004ca,122,True
func_l_0x100000556,1,False
func_l_0x1000008d7,-16,False
func_l_0x1000029c1,-580,True
func_l_0x100002dac,-21,False
func_l_0x100002dcd,-464,False
func_l_0x100002df3,719,False
func_l_0x100002e4f,-484,False
func_l_0x100002e7a,1110,False
func_l_0x100002e7e,809,True
func_l_0x100002e9b,1090,True
func_l_0x100002eee,-288,False
func_l_0x100002f17,152,True
func_l_0x100002fc9,1186,False
func_l_0x100003128,2,True
func_l_0x10000312b,247,False
func_l_0x100003415,729,False
func_l_0x100003eee,351,False
func_l_0x10000431d,1267,True
func_l_0x10000431f,-10,True
func_l_0x100004571,1018,True
func_l_0x100004573,616,False
func_l_0x100004578,934,True
func_l_0x100004596,-487,True
func_l_0x100004770,1038,True
func_l_0x100004772,348,True
func_l_0x10000479d,1079,False
func_l_0x10000479f,543,True
func_l_0x1000047c9,345,False
func_l_0x1000047d4,-135,False
func_l_0x1000047fb,270,False
func_l_0x1000047fd,-690,True
func_l_0x10000484a,785,False
func_l_0x100004862,397,False
func_l_0x100004ab4,-13,True
func_l_0x100004ceb,11,True
func_l_0x100004d3a,1084,True
func_l_0x1000052bb,223,True
func_l_0x100005488,-164,True
func_l_0x100005508,955,True
func_l_0x100005e31,1141,True
func_l_0x100005e34,-497,True
func_l_0x100005e3e,-554,False
func_l_0x100005e40,-234,False
func_l_0x100005eb5,-153,True
func_l_0x100005efd,717,False
func_l_0x100005f99,-461,True
func_l_0x10000604e,-533,False
func_l_0x1000061a2,-562,True
func_l_0x100006239,536,False
func_l_0x10000631b,849,True
func_l_0x10000637f,257,False
func_l_0x1000063a4,-377,True
func_l_0x1000063e3,-700,True
func_l_0x10000648a,278,False
func_l_0x100006499,264,False
func_l_0x100006573,31,True
func_l_0x100006792,-348,False
func_l_0x100006796,-461,False
func_l_0x1000067f1,1092,True
func_l_0x10000698b,-187,True
func_l_0x100006ad6,-518,False
func_l_0x100006b1f,-435,False
func_l_0x100006b25,103,True
func_l_0x100006bab,972,True
func_l_0x100006c9a,-293,False
func_l_0x100006cf5,1069,False
func_l_0x100006e59,1221,False
func_l_0x100006f7d,190,True
func_l_0x100007148,1065,True
func_l_0x100007548,191,True
func_l_0x100007588,663,True
func_l_0x1000079d0,-311,False
func_l_0x1000079eb,-563,False
func_l_0x100007c36,22,True
func_l_0x100007d50,1191,True
func_l_0x100007d5a,1281,True
func_l_0x100007ecf,851,True
func_l_0x100007ee9,-639,True
func_l_0x100007fb1,678,True
func_l_0x100008115,733,True
func_l_0x10000817b,1145,False
func_l_0x1000082b1,716,True
func_l_0x1000082b4,-536,True
func_l_0x100008a12,-276,True
func_l_0x100008ae8,-620,False
func_l_0x100008cee,288,True
func_l_0x100008d21,589,False
func_l_0x1000091c4,993,True
func_l_0x10000936f,708,True
func_l_0x10000938e,1146,False
func_l_0x10000953e,536,False
func_l_0x100009628,157,False
func_l_0x1000096ac,285,False
func_l_0x1000096b2,-103,True
func_l_0x1000096b8,1002,False
func_l_0x100009b8c,430,False
func_l_0x10000a0b5,76,True
func_ld_0x10000580c,-685,True
func_le_0x1000029f8,1289,True
func_le_0x1000029fc,-563,False
func_le_0x100002ad0,-397,False
func_le_0x100002b9d,-546,True
func_le_0x100002b9f,-643,False
func_le_0x100002ba3,578,False
func_le_0x100002be1,-601,True
func_le_0x100002be9,-46,True
func_le_0x1000031a2,662,True
func_le_0x1000031ce,-55,False
func_le_0x10000323b,-50,True
func_le_0x100003241,-427,True
func_le_0x1000044f3,1275,False
func_le_0x1000048c6,-647,True
func_le_0x1000048ca,393,True
func_le_0x1000048cc,780,False
func_le_0x1000048de,-376,True
func_le_0x100004a3b,-345,False
func_le_0x100004a6e,-326,True
func_le_0x100004bd7,-31,False
func_le_0x100004bdd,-159,False
func_le_0x100004be7,355,False
func_le_0x100004dea,251,True
func_le_0x100006240,237,False
func_le_0x100006460,-444,True
func_le_0x100006462,-13,True
func_le_0x100006674,-12,True
func_le_0x100006687,866,False
func_le_0x10000669c,-445,True
func_le_0x10000669e,444,False
func_le_0x1000066a0,69,True
func_le_0x1000066a2,866,True
func_le_0x1000066a4,698,True
func_le_0x100006fa4,777,False
func_le_0x1000072ef,1235,True
func_le_0x1000073ae,156,True
func_le_0x1000073e1,686,True
func_le_0x100007614,-185,True
func_le_0x100007627,401,False
func_le_0x100007636,-409,False
func_le_0x100007e6c,-496,False
func_le_0x100007e74,874,False
func_le_0x1000081c3,-548,True
func_le_0x10000923a,-480,True
func_le_0x100009251,-594,False
func_le_0x100009332,974,False
func_le_0x1000094a0,-151,True
func_le_0x1000094ac,-248,True
func_le_0x100009535,766,True
func_le_0x100009537,110,False
func_le_0x1000095a4,357,False
func_le_0x1000095b0,850,True
func_li_0x100007b3f,-229,True
func_ln_0x10000413d,-199,True
func_ln_0x100004143,-429,True
func_ln_0x1000083f6,89,True
func_ln_0x1000083fc,661,True
func_ln_0x100008400,445,True
func_ln_0x100008402,905,True
func_ln_0x10000840e,837,True
func_ln_0x100008410,190,True
func_ln_0x100008412,-139,False
func_ln_0x100008416,59,False
func_ln_0x100008418,-6,False
func_ln_0x10000841a,902,True
func_ln_0x100008425,606,True
func_ln_0x100008427,-511,False
func_ln_0x100008429,1169,False
func_ln_0x10000842b,932,False
func_ln_0x100008436,-290,True
func_ln_0x100008441,1074,True
func_ln_0x10000844b,-403,False
func_ln_0x10000844f,668,True
func_ln_0x1000084dd,519,False
func_ln_0x1000084f1,50,True
func_ln_0x1000084f9,305,True
func_ln_0x100008c58,228,True
func_ln_0x100008e91,-345,False
func_lo_0x100003bad,-659,True
func_lo_0x100003d15,604,False
func_lo_0x100003d4f,939,False
func_lo_0x100003d76,416,False
func_lr_0x100007b25,982,True
func_lr_0x100007b6b,-59,True
func_lt_0x10000339b,675,False
func_lt_0x100004403,560,False
func_lt_0x100004405,72,True
func_lt_0x100004407,525,True
func_lt_0x10000440b,336,True
func_lt_0x100004425,832,True
func_lt_0x1000049a6,989,False
func_lt_0x1000049d4,-40,False
func_lt_0x100004a0a,-665,True
func_lt_0x100005b6d,-327,False
func_lt_0x100005b7a,-205,True
func_lt_0x100005b81,1031,True
func_lt_0x100005b87,-588,True
func_lt_0x100005b89,-635,False
func_lt_0x100005b8b,1097,True
func_lt_0x100005b91,503,False
func_lt_0x100005d07,742,False
func_lt_0x1000061c8,992,False
func_lt_0x1000061d2,700,False
func_lt_0x1000061dc,-636,False
func_lt_0x1000061de,1150,True
func_lt_0x1000061e2,1246,True
func_lt_0x1000061ec,269,True
func_lt_0x1000061ee,-107,True
func_lt_0x1000061f0,139,False
func_lt_0x1000061f4,244,True
func_lt_0x1000061f6,-200,True
func_lt_0x1000061f8,-14,True
func_lt_0x10000673e,59,True
func_lt_0x100006bea,596,True
func_lt_0x100006c01,-493,False
func_lt_0x100007854,-23,True
func_lt_0x100009c31,1156,True
func_lt_0x100009c35,-372,True
func_m_0x100000163,-11,False
func_m_0x10000023d,47,False
func_m_0x1000002a3,107,False
func_m_0x1000002df,891,True
func_m_0x1000003ef,437,False
func_m_0x100002ae6,768,False
func_m_0x100002c32,-500,False
func_m_0x100002dc6,-113,False
func_m_0x100002dca,720,False
func_m_0x100002e83,802,False
func_m_0x100002e97,-649,True
func_m_0x100002e9f,1089,True
func_m_0x100002ec7,-645,False
func_m_0x100002ec9,-327,True
func_m_0x100002fb9,316,False
func_m_0x100003004,1138,False
func_m_0x100003025,558,True
func_m_0x1000030e0,1198,True
func_m_0x100003141,-292,False
func_m_0x100003417,934,True
func_m_0x100003438,-630,True
func_m_0x10000343a,982,False
func_m_0x100003e68,192,True
func_m_0x100003e85,431,False
func_m_0x100003ef0,722,True
func_m_0x100004493,613,False
func_m_0x10000453c,351,True
func_m_0x100004598,859,False
func_m_0x10000465e,-176,False
func_m_0x1000046a2,95,False
func_m_0x1000046a4,1250,True
func_m_0x1000046b1,55,True
func_m_0x10000477d,523,True
func_m_0x1000047cb,732,True
func_m_0x1000047cf,411,True
func_m_0x100004afa,-652,True
func_m_0x100004bf1,294,False
func_m_0x100004c19,-598,False
func_m_0x100004c3a,-341,False
func_m_0x100004cbc,-155,True
func_m_0x100004d63,378,True
func_m_0x100004d67,844,True
func_m_0x1000050fc,681,True
func_m_0x1000050fe,1283,True
func_m_0x100005500,1296,False
func_m_0x100005900,291,False
func_m_0x100005c98,1139,True
func_m_0x100005e2f,-409,True
func_m_0x100005f96,-37,True
func_m_0x100006203,-103,False
func_m_0x10000622f,58,False
func_m_0x1000062a8,803,False
func_m_0x100006a8d,715,True
func_m_0x100006a96,-669,True
func_m_0x100006a9b,987,True
func_m_0x100006b2b,519,False
func_m_0x100006b4f,1045,True
func_m_0x100006b96,-629,True
func_m_0x100006cc8,2,True
func_m_0x100006e23,283,False
func_m_0x100006e70,-518,True
func_m_0x100006f0b,-234,False
func_m_0x100006f70,1291,True
func_m_0x100006f75,-406,True
func_m_0x100006f77,347,True
func_m_0x10000711f,1075,False
func_m_0x10000713f,546,True
func_m_0x100007230,632,True
func_m_0x100007596,-251,False
func_m_0x1000075d8,1061,False
func_m_0x100007c32,894,True
func_m_0x100007c4d,-92,False
func_m_0x100007c62,-92,True
func_m_0x100007ce8,1134,False
func_m_0x100007cee,-250,True
func_m_0x100007d1a,1195,True
func_m_0x100007d22,813,True
func_m_0x100007da6,939,False
func_m_0x100007e3a,727,True
func_m_0x100007f44,124,True
func_m_0x100007fa5,818,True
func_m_0x100007fb5,-616,True
func_m_0x100008584,-412,True
func_m_0x1000085c0,304,True
func_m_0x100008d87,629,True
func_m_0x1000090ad,-455,False
func_m_0x1000092c8,-613,False
func_m_0x10000937b,227,False
func_m_0x10000938c,-194,False
func_m_0x10000955b,-604,True
func_m_0x1000095ef,499,False
func_m_0x10000962d,70,True
func_m_0x1000096d3,-405,True
func_m_0x1000096e2,1055,False
func_m_0x100009c5b,900,True
func_me_0x100002a07,1297,False
func_me_0x100002bdf,821,False
func_me_0x100002be7,-234,True
func_me_0x1000048b4,227,True
func_me_0x1000048b8,-392,False
func_me_0x1000048bc,-460,False
func_me_0x1000048ce,1082,True
func_me_0x1000048da,-29,False
func_me_0x1000048dc,-325,True
func_me_0x1000048e2,944,False
func_me_0x1000048e9,-277,True
func_me_0x1000048ef,317,False
func_me_0x10000645c,-337,False
func_me_0x10000645e,1109,True
func_me_0x100006daa,-187,False
func_me_0x1000073b1,1001,False
func_me_0x1000073db,1005,False
func_me_0x1000073dd,395,True
func_me_0x10000762a,440,True
func_me_0x100007632,763,True
func_me_0x100007637,-583,False
func_me_0x100007658,513,True
func_me_0x100007661,1205,False
func_me_0x100007e5e,1083,False
func_me_0x100007e62,175,True
func_me_0x100007e64,-337,False
func_me_0x100007e6e,-638,True
func_me_0x100007e80,-531,True
func_me_0x10000923b,1016,False
func_me_0x100009246,-647,False
func_me_0x100009258,-175,True
func_me_0x100009be0,647,True
func_me_0x100009be2,146,False
func_mn_0x10000563c,1091,False
func_mn_0x100005643,1238,True
func_mn_0x10000576b,139,True
func_mn_0x1000057c9,226,True
func_mn_0x1000057f1,952,False
func_mr_0x100003ba6,1085,True
func_mr_0x100003bb8,868,True
func_mr_0x100003bde,266,True
func_mr_0x100003c40,987,True
func_mr_0x100003c4a,9,True
func_mr_0x100003c4c,566,True
func_mr_0x100003c8c,-17,False
func_mr_0x100003c90,-470,True
func_mr_0x100003ca0,768,False
func_mr_0x100003cb2,1198,False
func_mr_0x100003cb4,-43,False
func_mr_0x100003cb6,928,False
func_mr_0x100003cba,1156,False
func_mr_0x100003cd5,1074,True
func_mr_0x100003d0a,-189,False
func_mr_0x100003d0c,1035,False
func_mr_0x100003d1c,910,True
func_mr_0x100003d2a,389,False
func_mr_0x100003d3a,902,False
func_mr_0x100003d8a,-327,False
func_mr_0x100003da0,1271,True
func_mr_0x100003da4,1070,True
func_mr_0x100003de5,542,False
func_mr_0x100003dea,361,True
func_mr_0x100003e27,697,False
func_mr_0x100003e40,1200,True
func_mt_0x1000086e8,640,True
func_mt_0x100008703,962,False
func_mt_0x10000871b,1244,False
func_mt_0x10000878d,1144,True
func_mt_0x100008793,1025,True
func_mt_0x1000087a3,1019,True
func_mt_0x1000087d7,1106,True
func_mt_0x100008820,-645,True
func_mt_0x10000882d,1170,False
func_mt_0x100008833,-5,False
func_mt_0x10000883b,173,True
func_mt_0x100008841,66,False
func_mt_0x10000889a,612,False
func_mt_0x1000088bd,287,False
func_mt_0x1000089c6,-643,False
func_mt_0x1000089c8,1083,False
func_mt_0x1000089cc,-288,False
func_mt_0x1000089ce,188,True
func_mt_0x1000089d0,154,False
func_mt_0x1000089d2,1233,False
func_mt_0x1000089d4,-331,True
func_mt_0x1000089db,-105,True
func_mt_0x1000089dd,-700,True
func_mt_0x1000089df,1261,False
func_mt_0x1000089e3,847,False
func_mt_0x1000089e6,113,True
func_mt_0x1000089ea,999,False
func_mt_0x1000089ec,151,True
func_mu_0x100003586,-230,True
func_mu_0x100003598,221,True
func_n_0x100000032,1089,False
func_n_0x100000045,-107,False
func_n_0x100000089,195,True
func_n_0x1000000cf,1023,False
func_n_0x10000016b,-368,False
func_n_0x100000175,1161,False
func_n_0x100000179,739,True
func_n_0x100000191,-131,True
func_n_0x100000199,119,False
func_n_0x100000221,515,True
func_n_0x100000247,-450,False
func_n_0x1000002a2,-385,False
func_n_0x1000002bc,271,True
func_n_0x1000002d9,1226,True
func_n_0x100000307,343,False
func_n_0x10000032b,279,False
func_n_0x100000341,874,True
func_n_0x100000390,1151,True
func_n_0x100000397,358,False
func_n_0x10000039f,857,False
func_n_0x1000003c2,176,False
func_n_0x1000003c5,-504,True
func_n_0x1000003e1,-286,True
func_n_0x1000003e7,1178,False
func_n_0x100000401,-357,True
func_n_0x10000040d,-536,False
func_n_0x10000045d,-512,False
func_n_0x100000460,295,True
func_n_0x100000464,-198,True
func_n_0x100000478,564,False
func_n_0x10000047f,244,True
func_n_0x1000004a7,344,True
func_n_0x1000004b8,594,True
func_n_0x1000004c8,606,False
func_n_0x1000004e9,-539,True
func_n_0x100000531,489,True
func_n_0x10000055b,-660,False
func_n_0x10000057d,-176,False
func_n_0x1000007f9,10,False
func_n_0x100000830,-699,False
func_n_0x100000843,332,True
func_n_0x10000084d,9,False
func_n_0x10000089e,638,False
func_n_0x1000008a2,-622,False
func_n_0x1000008ff,-418,True
func_n_0x100000909,1070,True
func_n_0x10000091b,-364,True
func_n_0x100002977,391,True
func_n_0x10000297d,1104,False
func_n_0x1000029ed,1001,False
func_n_0x100002a52,23,False
func_n_0x100002f03,811,True
func_n_0x100002f16,953,False
func_n_0x100002fe5,127,True
func_n_0x100003136,-73,True
func_n_0x1000033b2,928,True
func_n_0x100003442,361,True
func_n_0x10000344b,-46,False
func_n_0x1000039c2,234,True
func_n_0x100003a5d,-370,True
func_n_0x100003ef5,-658,False
func_n_0x100004325,240,True
func_n_0x100004361,730,False
func_n_0x100004461,598,False
func_n_0x10000450d,284,False
func_n_0x10000454c,510,True
func_n_0x100004576,-419,False
func_n_0x1000046ba,-586,False
func_n_0x1000046cf,-585,False
func_n_0x1000046d9,715,True
func_n_0x10000478c,-148,False
func_n_0x1000047ba,-394,True
func_n_0x100004823,307,True
func_n_0x10000484f,1132,False
func_n_0x1000048f9,-165,True
func_n_0x1000048fe,1090,False
func_n_0x100004b8d,1019,False
func_n_0x100004ba5,218,True
func_n_0x100004cd4,676,True
func_n_0x100004d62,-95,False
func_n_0x100005480,-326,True
func_n_0x1000054f0,-124,True
func_n_0x100005503,271,False
func_n_0x100005535,763,False
func_n_0x1000058ff,-317,True
func_n_0x10000596d,-266,False
func_n_0x10000597a,7,True
func_n_0x100005df9,853,False
func_n_0x100005e88,328,True
func_n_0x100005e96,208,True
func_n_0x100005e9c,67,True
func_n_0x100005fe6,-482,False
func_n_0x100006005,547,False
func_n_0x100006014,1115,True
func_n_0x100006035,9,True
func_n_0x10000603f,-240,True
func_n_0x10000614e,-594,False
func_n_0x100006153,-384,False
func_n_0x100006178,906,True
func_n_0x100006218,-541,False
func_n_0x10000621c,-327,True
func_n_0x100006224,-558,False
func_n_0x10000622a,491,True
func_n_0x100006238,751,True
func_n_0x100006399,945,False
func_n_0x1000064dc,1099,False
func_n_0x10000651f,1228,True
func_n_0x100006529,916,False
func_n_0x100006532,-528,True
func_n_0x100006539,1159,False
func_n_0x10000653f,-536,True
func_n_0x100006545,82,False
func_n_0x10000658d,696,False
func_n_0x1000067ff,1268,True
func_n_0x100006820,655,False
func_n_0x100006847,1070,True
func_n_0x100006880,208,True
func_n_0x1000068bd,-578,True
func_n_0x1000068c4,-180,True
func_n_0x100006901,839,False
func_n_0x100006909,912,False
func_n_0x100006910,60,False
func_n_0x100006918,1250,True
func_n_0x100006921,717,False
func_n_0x10000692a,-225,True
func_n_0x100006944,737,False
func_n_0x10000694e,445,False
func_n_0x100006a3c,961,False
func_n_0x100006aa9,-636,False
func_n_0x100006ad1,-36,True
func_n_0x100006b28,-371,True
func_n_0x100006b2e,-371,True
func_n_0x100006b52,1017,False
func_n_0x100006b5e,1282,True
func_n_0x100006b68,-358,True
func_n_0x100006b7d,-482,True
func_n_0x100006ca3,553,True
func_n_0x100006ccb,-302,True
func_n_0x100006d32,648,True
func_n_0x100006d5c,359,True
func_n_0x10000714b,736,False
func_n_0x100007161,672,True
func_n_0x100007234,961,True
func_n_0x1000076fc,-609,True
func_n_0x10000784f,-342,True
func_n_0x100007916,1092,False
func_n_0x1000079e7,1218,True
func_n_0x100007aa5,1065,False
func_n_0x100007c2e,257,True
func_n_0x100007c4a,525,True
func_n_0x100007c5b,477,True
func_n_0x100007c83,433,False
func_n_0x100007ca1,365,False
func_n_0x100007cdd,1274,True
func_n_0x100007ced,-143,False
func_n_0x100007d19,863,False
func_n_0x100007d4c,-98,True
func_n_0x100007d54,1077,True
func_n_0x100007d6d,798,False
func_n_0x100007ecd,395,False
func_n_0x100007fb8,836,True
func_n_0x10000829b,-64,True
func_n_0x10000833b,820,False
func_n_0x10000835b,658,True
func_n_0x1000086f1,413,True
func_n_0x1000086f4,427,True
func_n_0x1000087e6,-226,True
func_n_0x1000087e9,33,True
func_n_0x10000882e,-665,True
func_n_0x10000886d,554,True
func_n_0x10000887a,215,False
func_n_0x1000089c0,-700,True
func_n_0x100008a31,622,False
func_n_0x100008a4f,299,True
func_n_0x100008fc3,-566,False
func_n_0x100008fca,603,False
func_n_0x10000954a,-58,False
func_n_0x100009625,200,False
func_n_0x10000962c,-14,False
func_n_0x1000096bb,-215,False
func_n_0x1000096c4,319,False
func_n_0x1000096cb,-68,True
func_n_0x1000096cf,748,False
func_n_0x10000989d,-610,True
func_n_0x10000a0aa,-102,False
func_ne_0x1000029f6,357,False
func_ne_0x1000029fa,778,False
func_ne_0x100002a0c,382,False
func_ne_0x100002a19,62,False
func_ne_0x100002be5,364,True
func_ne_0x100002d56,-25,False
func_ne_0x100003173,910,False
func_ne_0x1000048b1,-415,True
func_ne_0x100004922,82,True
func_ne_0x100004a1c,-235,False
func_ne_0x100004a1e,696,False
func_ne_0x100004a20,80,False
func_ne_0x100004a22,1139,True
func_ne_0x100004a2f,927,True
func_ne_0x100004a32,-282,False
func_ne_0x100004bb3,-184,False
func_ne_0x100004bc3,-391,True
func_ne_0x10000647c,-189,True
func_ne_0x100006689,-576,True
func_ne_0x10000668d,-560,True
func_ne_0x100006693,774,False
func_ne_0x1000066bc,-321,False
func_ne_0x1000072f1,70,False
func_ne_0x1000072f4,985,True
func_ne_0x1000072f6,871,False
func_ne_0x100007342,623,False
func_ne_0x1000073ac,-203,True
func_ne_0x1000073be,1214,False
func_ne_0x1000073cd,510,False
func_ne_0x100007647,-476,True
func_ne_0x10000764d,558,True
func_ne_0x10000765d,-51,False
func_ne_0x10000765f,983,False
func_ne_0x100007a13,-647,False
func_ne_0x100007a1e,1297,True
func_ne_0x100007a24,222,True
func_ne_0x1000081bf,-653,True
func_ne_0x1000081c1,12,False
func_ne_0x100008238,191,True
func_ne_0x10000923e,913,True
func_ne_0x100009243,-92,False
func_ne_0x100009257,-342,True
func_ne_0x1000092b6,-608,False
func_ne_0x1000093c7,194,True
func_ne_0x1000093c9,-315,True
func_ne_0x100009407,770,True
func_ne_0x100009bdf,-267,False
func_nn_0x100009b55,-196,True
func_nn_0x100009eea,-9,True
func_no_0x10000876b,461,False
func_no_0x10000877b,-202,True
func_no_0x1000088a9,-526,True
func_no_0x1000088b7,-148,True
func_nr_0x100000747,1077,True
func_nr_0x10000077d,543,True
func_nr_0x100004119,-578,False
func_nr_0x100004270,487,True
func_nr_0x100004291,279,True
func_nr_0x100004293,-592,True
func_nr_0x100004297,921,True
func_nr_0x1000080d1,715,False
func_nr_0x1000080d3,268,True
func_nr_0x1000080db,680,True
func_nr_0x100009a2f,633,True
func_nr_0x100009fb3,-613,False
func_nr_0x100009fb5,1003,False
func_nr_0x10000a02e,-603,False
func_nt_0x100002f1e,551,True
func_nt_0x100002f32,44,True
func_nt_0x1000051a9,1035,False
func_nt_0x1000051ab,1083,False
func_nt_0x1000051d0,445,True
func_nt_0x1000051d4,-532,True
func_nt_0x1000051e4,157,True
func_nt_0x1000051f6,-664,False
func_nt_0x1000051fa,297,False
func_nt_0x100005200,33,False
func_nt_0x1000053dc,1187,False
func_nt_0x1000053ea,994,True
func_nt_0x1000053f0,1213,True
func_nt_0x1000053f8,711,True
func_nt_0x1000053fa,-39,True
func_nt_0x1000053fc,1217,False
func_nt_0x100005406,-166,True
func_nt_0x10000540e,-644,True
func_nt_0x100005429,-494,True
func_nt_0x10000542b,282,False
func_nt_0x100005437,-653,True
func_nt_0x1000065eb,32,True
func_nt_0x1000065ef,345,True
func_nt_0x100009854,-363,False
func_nt_0x100009ae1,781,True
func_nt_0x100009bf4,-102,False
func_nt_0x100009c08,335,True
func_nt_0x100009ee6,-182,True
func_o_0x100000002,792,False
func_o_0x10000000b,833,False
func_o_0x10000000f,-567,False
func_o_0x100000011,869,True
func_o_0x100000049,467,False
func_o_0x1000000ab,1158,False
func_o_0x1000000ba,371,True
func_o_0x1000000ef,845,False
func_o_0x10000017e,1034,False
func_o_0x10000018b,684,True
func_o_0x10000018e,0,False
func_o_0x10000024b,654,False
func_o_0x100000250,-1,True
func_o_0x100000255,-501,True
func_o_0x100000257,-502,False
func_o_0x10000027b,59,False
func_o_0x1000002ac,1293,False
func_o_0x100000317,618,True
func_o_0x100000338,-286,True
func_o_0x10000033b,710,False
func_o_0x1000003ae,1109,True
func_o_0x1000003b5,582,False
func_o_0x1000003c8,-481,False
func_o_0x1000003d8,-206,True
func_o_0x1000003f9,312,True
func_o_0x1000003fd,-377,True
func_o_0x100000433,901,True
func_o_0x100000436,-631,False
func_o_0x100000439,779,True
func_o_0x100000442,622,False
func_o_0x100000445,1,True
func_o_0x100000448,397,False
func_o_0x10000044b,1114,True
func_o_0x100000458,409,True
func_o_0x10000045a,557,False
func_o_0x100000476,282,True
func_o_0x10000047d,56,True
func_o_0x100000485,486,True
func_o_0x100000495,-386,False
func_o_0x100000498,277,False
func_o_0x10000049b,-221,True
func_o_0x10000052d,1285,False
func_o_0x10000053e,797,False
func_o_0x10000054a,944,False
func_o_0x100000820,1192,False
func_o_0x100000838,-37,True
func_o_0x100000846,835,False
func_o_0x100000890,-263,False
func_o_0x1000008a4,270,True
func_o_0x1000008a6,191,True
func_o_0x1000008bd,-510,False
func_o_0x1000008f2,-569,False
func_o_0x1000008f8,444,False
func_o_0x100000903,412,False
func_o_0x100000913,1252,False
func_o_0x100000915,-280,True
func_o_0x100000917,168,True
func_o_0x100000919,919,False
func_o_0x10000092d,375,False
func_o_0x1000029bb,637,True
func_o_0x100002d6e,1038,False
func_o_0x100002ded,-658,True
func_o_0x100002e1c,1265,False
func_o_0x100002f0d,587,False
func_o_0x100002f14,-613,False
func_o_0x10000301d,839,True
func_o_0x10000302f,479,True
func_o_0x1000033b5,-140,True
func_o_0x1000033ba,-249,True
func_o_0x1000033c0,68,False
func_o_0x1000033c8,1169,False
func_o_0x1000033cb,443,True
func_o_0x1000033cf,970,True
func_o_0x1000033d3,-248,False
func_o_0x1000033d6,-50,False
func_o_0x1000033db,562,False
func_o_0x1000033de,95,False
func_o_0x1000033e5,-314,False
func_o_0x1000033e9,-319,True
func_o_0x1000033f2,1162,True
func_o_0x100003407,-550,True
func_o_0x10000343f,1023,False
func_o_0x10000397e,1186,False
func_o_0x100003986,1025,False
func_o_0x10000399a,252,False
func_o_0x1000039a0,579,True
func_o_0x1000039d7,45,True
func_o_0x1000039de,1050,False
func_o_0x100003a43,598,True
func_o_0x100003a69,-245,False
func_o_0x100004559,748,True
func_o_0x10000468a,478,True
func_o_0x100004833,-581,True
func_o_0x100004882,1059,True
func_o_0x100005d01,149,False
func_o_0x100005df5,-474,True
func_o_0x100005dfc,-32,True
func_o_0x100005e22,53,True
func_o_0x100005e27,-300,False
func_o_0x100005e46,598,True
func_o_0x100005e4a,863,False
func_o_0x100005e5f,-287,True
func_o_0x100005e66,1173,False
func_o_0x100005e6a,571,False
func_o_0x100005e81,-621,True
func_o_0x100005e85,158,False
func_o_0x100005e90,739,True
func_o_0x100005e92,-400,True
func_o_0x1000064d7,563,True
func_o_0x1000064e1,816,False
func_o_0x1000064ed,-698,True
func_o_0x1000064f0,418,False
func_o_0x100006553,464,False
func_o_0x100006597,871,True
func_o_0x10000678f,652,False
func_o_0x1000067a3,851,True
func_o_0x1000067a7,848,False
func_o_0x1000067ac,504,True
func_o_0x1000067ba,467,False
func_o_0x1000067bd,636,True
func_o_0x1000067c2,1185,True
func_o_0x10000686d,-570,True
func_o_0x1000068e7,1234,True
func_o_0x100006a80,-693,True
func_o_0x100006f36,1143,True
func_o_0x100006f41,722,False
func_o_0x100006f45,-258,False
func_o_0x100007921,1111,False
func_o_0x100007c46,-549,True
func_o_0x100007c70,1212,False
func_o_0x100008626,781,False
func_o_0x100008628,-628,False
func_o_0x100008a28,-72,False
func_o_0x100008a2d,58,True
func_o_0x100008a55,1210,True
func_o_0x100008a65,1266,False
func_o_0x100008f53,-76,False
func_o_0x100009617,1060,True
func_o_0x100009a5d,573,True
func_o_0x100009a71,109,True
func_o_0x100009b79,487,True
func_o_0x100009dc4,18,True
func_o_0x10000a084,-27,False
func_o_0x10000a0c5,1148,False
func_oe_0x100002a17,92,True
func_oe_0x100002ba5,805,False
func_oe_0x100002bdd,1157,True
func_oe_0x100002be3,332,False
func_oe_0x100002d5c,-549,True
func_oe_0x100002d65,739,True
func_oe_0x100003176,60,False
func_oe_0x100003178,1122,True
func_oe_0x100003943,807,True
func_oe_0x1000043fc,752,True
func_oe_0x1000044e9,404,False
func_oe_0x1000044f1,383,True
func_oe_0x1000044fc,576,True
func_oe_0x100004919,-187,False
func_oe_0x10000491b,-452,False
func_oe_0x10000491e,-635,False
func_oe_0x100004926,1187,False
func_oe_0x100004a18,-379,True
func_oe_0x100004a1a,569,True
func_oe_0x100004a24,24,True
func_oe_0x100004a28,434,False
func_oe_0x100004a3a,-566,False
func_oe_0x100004bb7,590,False
func_oe_0x100004bb9,39,False
func_oe_0x100004bbb,593,True
func_oe_0x100004bbd,332,False
func_oe_0x100004bc1,852,False
func_oe_0x100004bc5,-154,False
func_oe_0x100004bc9,-213,True
func_oe_0x100004bcb,833,True
func_oe_0x100004bd3,1099,True
func_oe_0x100004bd5,614,False
func_oe_0x100004bd9,516,False
func_oe_0x100004bdb,108,False
func_oe_0x100004be9,1086,True
func_oe_0x100004de4,-306,True
func_oe_0x100004df6,648,True
func_oe_0x100004e06,855,True
func_oe_0x100006248,595,False
func_oe_0x10000644b,630,False
func_oe_0x100006683,-417,False
func_oe_0x1000066a6,1280,False
func_oe_0x1000066b8,454,True
func_oe_0x1000066c3,-609,False
func_oe_0x100006db2,910,False
func_oe_0x100006eab,-104,True
func_oe_0x100006f93,-362,True
func_oe_0x100006f97,983,True
func_oe_0x100006f99,1041,False
func_oe_0x100006fa2,-496,False
func_oe_0x1000072e9,878,True
func_oe_0x1000072f8,61,False
func_oe_0x1000072fa,-382,False
func_oe_0x1000072fe,327,False
func_oe_0x100007300,478,False
func_oe_0x100007302,840,True
func_oe_0x100007340,1093,True
func_oe_0x100007380,-673,False
func_oe_0x1000073cf,951,True
func_oe_0x100007603,977,False
func_oe_0x10000764f,1211,True
func_oe_0x100007651,593,True
func_oe_0x100007653,-299,False
func_oe_0x100007655,-92,False
func_oe_0x1000077be,1010,False
func_oe_0x100007a04,-418,False
func_oe_0x100007a15,563,True
func_oe_0x100007a1c,1041,True
func_oe_0x100007f58,269,True
func_oe_0x100009034,47,False
func_oe_0x100009048,-693,True
func_oe_0x10000904a,-701,False
func_oe_0x1000090f8,1119,True
func_oe_0x100009123,-689,False
func_oe_0x10000913e,972,True
func_oe_0x10000922d,-91,False
func_oe_0x100009236,713,False
func_oe_0x100009255,206,False
func_oe_0x10000925b,681,True
func_oe_0x10000925e,1129,True
func_oe_0x100009262,449,False
func_oe_0x1000092b8,1128,True
func_oe_0x1000095a2,336,False
func_oe_0x1000095ad,847,True
func_oe_0x1000095d6,1018,False
func_oe_0x100009bd3,1150,False
func_oi_0x10000836a,-211,False
func_on_0x1000037a5,-422,True
func_on_0x1000037a9,-595,True
func_on_0x1000037ab,294,False
func_on_0x1000037b3,1267,False
func_on_0x1000037b7,348,False
func_on_0x1000037b9,985,False
func_on_0x1000037bf,32,False
func_on_0x1000037c1,-286,False
func_on_0x1000037c3,216,False
func_on_0x1000037c7,1287,False
func_on_0x1000037cd,92,False
func_on_0x1000037cf,978,False
func_on_0x1000037d5,95,False
func_on_0x1000037d9,-577,True
func_on_0x1000037db,926,True
func_on_0x1000037e5,670,True
func_on_0x1000037ef,-665,False
func_on_0x1000037f1,117,True
func_on_0x1000037f7,158,False
func_on_0x1000037f9,911,True
func_on_0x1000037fb,28,True
func_on_0x100003803,-582,False
func_on_0x10000380b,-227,False
func_on_0x10000380d,1019,True
func_on_0x100003811,605,False
func_on_0x100003813,1077,True
func_on_0x100003815,239,True
func_on_0x100003817,-292,True
func_on_0x10000381d,1038,True
func_on_0x100003829,596,True
func_on_0x100003833,-83,True
func_on_0x100003835,-369,True
func_on_0x100003837,269,True
func_on_0x100003839,671,True
func_on_0x10000383b,983,False
func_on_0x100003845,-119,True
func_on_0x100003849,790,True
func_on_0x10000384d,1057,False
func_on_0x10000384f,174,True
func_on_0x100003851,-171,True
func_on_0x100003853,-476,True
func_on_0x100003855,155,False
func_on_0x100003859,-297,False
func_on_0x10000385b,-515,True
func_on_0x10000385d,-542,False
func_on_0x100003867,528,True
func_on_0x100003871,-175,False
func_on_0x100003875,-109,False
func_on_0x100003877,1072,False
func_on_0x100003879,1004,True
func_on_0x10000387d,428,False
func_on_0x100003881,920,True
func_on_0x100003883,-258,True
func_on_0x100003887,1092,False
func_on_0x100003889,55,False
func_on_0x100003891,-43,False
func_on_0x10000389b,338,True
func_on_0x10000389d,670,False
func_on_0x1000038a1,409,False
func_on_0x1000038a3,-200,True
func_on_0x1000038a7,962,False
func_on_0x1000038a9,711,True
func_on_0x1000038ab,-657,True
func_on_0x1000038af,966,True
func_on_0x1000038b3,507,False
func_on_0x1000038bf,1225,False
func_on_0x1000038c9,250,True
func_on_0x1000038cb,-396,False
func_on_0x1000038cd,-246,False
func_on_0x1000038d1,1028,True
func_on_0x1000038d9,161,False
func_on_0x1000038dd,1135,False
func_oo_0x1000057e5,-315,False
func_oo_0x1000057e7,639,False
func_oo_0x10000585d,844,True
func_oo_0x10000585f,341,False
func_or_0x1000033a0,-642,True
func_or_0x1000049bf,-130,False
func_or_0x100005a66,-299,False
func_or_0x100006db7,1010,False
func_or_0x100006dc3,-333,False
func_or_0x100006dcb,139,True
func_or_0x100006dcf,-637,False
func_or_0x100006dd3,566,True
func_or_0x100006dd9,439,False
func_or_0x100006ddb,-517,True
func_or_0x100006de5,1137,True
func_or_0x10000967b,-53,True
func_ot_0x100002f27,13,True
func_ot_0x10000541e,368,True
func_ot_0x100005c50,886,True
func_ot_0x100005c62,1069,True
func_ot_0x100005c73,-520,False
func_ot_0x100005c76,-225,False
func_ot_0x1000065c6,207,True
func_ot_0x1000065c8,414,False
func_ot_0x1000065cc,882,False
func_ot_0x1000065ce,232,False
func_ot_0x1000065d2,651,False
func_ot_0x1000065d4,1282,True
func_ot_0x1000065d8,978,False
func_ot_0x1000065e1,-689,False
func_ot_0x1000065e5,-604,True
func_ot_0x100006c4d,41,True
func_ot_0x100006c4f,-451,True
func_ot_0x100006c51,-234,True
func_ot_0x100006c53,1183,True
func_ot_0x100006c55,870,False
func_ot_0x100006c57,293,False
func_ot_0x100006c59,-573,True
func_ot_0x100006c5b,-430,False
func_ot_0x100006c61,564,False
func_ot_0x100006c63,-451,True
func_ot_0x100006c65,-48,True
func_ot_0x100006c67,-72,False
func_ot_0x100007251,901,False
func_ot_0x10000726b,165,True
func_ot_0x10000726f,-130,True
func_ot_0x1000072a8,1048,True
func_ot_0x1000072c7,386,True
func_ot_0x100007948,-168,False
func_ot_0x10000794a,1196,False
func_ot_0x10000794e,6,True
func_ot_0x100007950,-3,True
func_ot_0x100007956,1204,False
func_ot_0x100007962,1064,True
func_ot_0x100007964,-632,True
func_ot_0x100007966,-674,False
func_ot_0x100007968,-211,True
func_ot_0x10000796a,588,False
func_ot_0x10000796c,626,True
func_ot_0x100007971,1056,True
func_ot_0x100007973,341,False
func_ot_0x10000798b,9,True
func_ot_0x10000798f,677,False
func_ot_0x10000863a,-667,True
func_ot_0x1000086cb,-78,True
func_ot_0x100009aee,-637,True
func_p_0x1000002c0,-441,False
func_p_0x100000335,229,False
func_p_0x1000008dc,1131,True
func_p_0x100002a4d,36,False
func_p_0x100002a77,-381,True
func_p_0x100002d90,-391,False
func_p_0x100002d95,890,True
func_p_0x100002e3b,398,False
func_p_0x100002e52,-612,False
func_p_0x100002e5c,1087,True
func_p_0x100002e5e,533,True
func_p_0x100002f04,-367,False
func_p_0x100002f10,738,True
func_p_0x100002fc0,1274,False
func_p_0x100002fff,-120,False
func_p_0x1000030cc,267,False
func_p_0x10000313d,975,False
func_p_0x100003e7b,-28,True
func_p_0x100003e7d,315,True
func_p_0x100003e9e,497,True
func_p_0x100004351,1244,False
func_p_0x10000445d,-203,False
func_p_0x1000044b0,-641,False
func_p_0x100004511,-580,True
func_p_0x1000045fc,185,True
func_p_0x100004657,691,True
func_p_0x100004659,453,False
func_p_0x10000465b,-180,True
func_p_0x10000468d,302,True
func_p_0x100004699,-240,False
func_p_0x1000046b2,853,True
func_p_0x1000046b4,-575,True
func_p_0x1000046c0,-693,True
func_p_0x1000046d0,36,True
func_p_0x1000047bd,-478,True
func_p_0x100004807,890,True
func_p_0x10000488d,-151,True
func_p_0x100004c11,-364,True
func_p_0x100004c13,720,False
func_p_0x100004c21,576,True
func_p_0x100004c87,56,True
func_p_0x100004d30,-701,True
func_p_0x100005125,-368,True
func_p_0x100005269,971,True
func_p_0x100005271,-351,True
func_p_0x100005485,1100,True
func_p_0x1000058bb,-613,True
func_p_0x10000598a,709,False
func_p_0x10000598c,-272,False
func_p_0x100005a06,-516,True
func_p_0x100005add,-645,False
func_p_0x100005ec9,1220,True
func_p_0x100005ece,385,False
func_p_0x100005ed0,-107,False
func_p_0x100005fbc,-518,True
func_p_0x100006069,948,False
func_p_0x10000621d,1215,True
func_p_0x100006483,-288,True
func_p_0x1000066df,1157,True
func_p_0x1000066e1,-656,True
func_p_0x1000067a0,239,True
func_p_0x10000689a,-521,False
func_p_0x100006978,1168,False
func_p_0x100006987,1148,False
func_p_0x100006e53,-612,False
func_p_0x100006e71,196,True
func_p_0x100006f2f,1288,True
func_p_0x100007550,881,True
func_p_0x1000075a9,-286,False
func_p_0x1000079d5,-581,False
func_p_0x1000079da,-115,False
func_p_0x100007a7b,1236,True
func_p_0x100007a93,874,False
func_p_0x100007c75,-196,True
func_p_0x100007eec,-345,True
func_p_0x1000082cf,-531,True
func_p_0x100008348,621,False
func_p_0x100008a0d,289,True
func_p_0x100008a10,600,False
func_p_0x100008cde,208,True
func_p_0x100009075,-182,False
func_p_0x100009080,-90,True
func_p_0x1000090af,608,True
func_p_0x1000090b3,281,True
func_p_0x1000092c1,-509,False
func_p_0x10000938f,-43,False
func_p_0x100009545,488,False
func_p_0x100009547,936,False
func_p_0x10000980c,-134,True
func_p_0x100009890,425,False
func_p_0x100009929,-127,True
func_p_0x100009933,1297,True
func_p_0x100009b8f,702,False
func_pe_0x100002ad5,-62,True
func_pe_0x1000031da,1121,False
func_pe_0x1000048d3,-387,True
func_pe_0x1000048d7,-450,False
func_pe_0x100004a97,-599,True
func_pe_0x100004d80,512,True
func_pe_0x100004daa,578,False
func_pe_0x1000060d1,-350,True
func_pe_0x1000066cd,209,True
func_pe_0x1000069dd,-120,True
func_pe_0x1000069fd,345,True
func_pe_0x100006a39,1167,True
func_pe_0x100007a1f,543,True
func_pe_0x100007f69,585,False
func_pe_0x100007f6b,-44,False
func_pe_0x10000940c,-143,False
func_pe_0x10000940e,54,True
func_pe_0x100009410,-275,False
func_pe_0x100009414,887,True
func_pe_0x100009416,508,True
func_pe_0x100009430,-105,True
func_pe_0x1000095b3,338,False
func_pe_0x100009be4,-139,False
func_pe_0x100009eb4,-320,True
func_pe_0x100009ec5,-124,False
func_pe_0x100009eee,-80,True
func_pn_0x1000038e0,261,False
func_po_0x1000007b0,-448,False
func_po_0x100005d3b,145,False
func_po_0x100005d3d,1197,False
func_po_0x100005d43,1032,True
func_po_0x10000978a,1066,False
func_po_0x10000978c,-579,False
func_po_0x10000978f,1070,False
func_pr_0x10000072c,460,False
func_pr_0x10000427b,-79,True
func_pr_0x10000427f,1251,False
func_pr_0x100004285,215,True
func_pr_0x100009a32,313,True
func_pr_0x100009a36,-609,False
func_pr_0x100009a38,633,False
func_pr_0x100009a3e,-155,True
func_pr_0x100009a44,-263,False
func_pr_0x100009a46,-273,False
func_pr_0x100009a4a,935,False
func_pr_0x100009a4c,233,True
func_pr_0x10000a078,-287,True
func_pt_0x1000003f2,110,False
func_q_0x100000209,781,True
func_q_0x100002c21,-417,True
func_q_0x100003070,609,True
func_q_0x1000030a2,-379,True
func_q_0x1000030a4,-18,False
func_q_0x1000030a6,1291,True
func_q_0x1000030ed,-497,False
func_q_0x10000319c,461,False
func_q_0x100003215,1263,False
func_q_0x100003921,109,False
func_q_0x10000393a,-97,True
func_q_0x10000396c,761,False
func_q_0x10000397a,152,False
func_q_0x100003a0f,1050,True
func_q_0x1000040a4,866,False
func_q_0x1000040b4,60,False
func_q_0x1000040b6,524,False
func_q_0x1000040be,690,False
func_q_0x1000040c2,1135,False
func_q_0x1000040ca,-667,True
func_q_0x100004334,939,True
func_q_0x100004338,963,True
func_q_0x1000043d6,638,True
func_q_0x1000043dc,-71,False
func_q_0x1000044d4,-369,False
func_q_0x1000044d6,-96,True
func_q_0x1000044da,213,False
func_q_0x1000044e4,124,True
func_q_0x1000044e6,496,False
func_q_0x100004633,-25,True
func_q_0x10000465f,111,True
func_q_0x100004663,-289,True
func_q_0x10000466d,-666,False
func_q_0x100004671,1242,True
func_q_0x100004673,441,False
func_q_0x100004677,1195,False
func_q_0x10000496a,524,True
func_q_0x100004a6a,-442,False
func_q_0x100004c74,-165,True
func_q_0x100004d46,490,False
func_q_0x100004d55,1095,True
func_q_0x100004d5c,509,False
func_q_0x100004d5f,1047,False
func_q_0x10000520b,1010,True
func_q_0x100005243,-228,False
func_q_0x10000524b,-143,False
func_q_0x10000524d,-11,True
func_q_0x10000525d,-126,False
func_q_0x100005276,1124,True
func_q_0x100005278,946,True
func_q_0x10000527a,333,True
func_q_0x100005380,906,False
func_q_0x100005b34,-365,False
func_q_0x100005b36,-425,True
func_q_0x100005b38,-27,True
func_q_0x100005b47,-113,False
func_q_0x100005b49,260,True
func_q_0x100005b4b,-76,True
func_q_0x100005b50,-238,True
func_q_0x100005cf9,1027,False
func_q_0x100005ef5,-594,True
func_q_0x100005f07,-626,False
func_q_0x1000063ac,439,True
func_q_0x1000063b8,232,True
func_q_0x1000063d4,-177,True
func_q_0x100006456,262,True
func_q_0x100006b08,286,True
func_q_0x100006b0a,862,False
func_q_0x100006f8c,-490,False
func_q_0x100006fad,-524,True
func_q_0x1000073d3,619,False
func_q_0x1000073e8,-359,True
func_q_0x100007557,-495,False
func_q_0x1000076c2,614,False
func_q_0x10000774d,950,False
func_q_0x10000774f,-315,False
func_q_0x100007a0e,293,True
func_q_0x100007ac5,1042,False
func_q_0x100007ad1,1105,True
func_q_0x100007ad3,347,True
func_q_0x100007ad8,1202,False
func_q_0x100007ae0,802,True
func_q_0x100007ae2,-695,False
func_q_0x100007e0b,-260,False
func_q_0x100007ef2,884,False
func_q_0x100007ef6,-213,True
func_q_0x100008cfe,935,False
func_q_0x100008d06,218,True
func_q_0x100008d08,-674,False
func_q_0x100008dc2,185,False
func_q_0x100008dc7,-18,True
func_q_0x100008dcb,721,True
func_q_0x1000091de,958,True
func_q_0x1000092ca,53,True
func_q_0x1000092d2,-208,False
func_q_0x1000092d4,-214,False
func_q_0x1000092d8,-598,True
func_q_0x100009404,1161,False
func_q_0x1000098c4,-38,False
func_q_0x1000098ce,-264,True
func_q_0x100009d8b,344,True
func_qe_0x10000337c,-697,True
func_qe_0x100003380,-160,True
func_qe_0x1000049b7,-217,False
func_qe_0x1000049bb,142,True
func_qe_0x100004a0d,33,False
func_qe_0x100005da1,-93,False
func_qe_0x1000061fc,454,False
func_qe_0x1000061ff,-570,False
func_qe_0x100006666,-145,False
func_qe_0x100007859,230,False
func_qe_0x10000785b,875,True
func_qe_0x10000785d,-614,True
func_qe_0x10000785f,248,True
func_qe_0x100007861,454,True
func_qe_0x10000786a,906,True
func_qe_0x10000786c,-472,True
func_qe_0x10000786e,-135,True
func_qe_0x100007874,116,False
func_qe_0x100007876,-524,True
func_qe_0x10000787a,774,False
func_qe_0x10000787e,631,True
func_qe_0x100007880,1159,False
func_qe_0x100007882,-389,True
func_qe_0x10000788e,238,True
func_qe_0x1000094bc,18,True
func_qe_0x1000095bd,-641,False
func_qe_0x100009653,-545,True
func_qe_0x100009675,782,False
func_qe_0x100009683,-127,True
func_qe_0x100009687,-178,False
func_qe_0x100009ed8,-294,False
func_qn_0x100004137,470,True
func_qn_0x100004139,1197,True
func_qn_0x10000413b,664,True
func_qn_0x100004141,-334,False
func_qn_0x10000841f,-153,False
func_qn_0x100008421,44,False
func_qn_0x100008423,180,False
func_qn_0x10000843f,923,True
func_qn_0x100008447,491,False
func_qn_0x100008c50,-329,False
func_qn_0x10000a066,-216,False
func_qn_0x10000a06a,155,True
func_qo_0x100005564,1195,False
func_qo_0x100005566,-662,False
func_qo_0x100005568,-628,False
func_qo_0x10000556a,295,False
func_qo_0x100005776,1053,True
func_qo_0x1000057ab,-149,False
func_qo_0x1000057bf,-475,True
func_qr_0x100002c76,-354,False
func_qr_0x100003f49,7,False
func_qr_0x100003f53,1230,False
func_qr_0x100003f57,-560,False
func_qr_0x1000074e1,-353,False
func_qr_0x100009790,-225,True
func_qr_0x100009f3a,-482,False
func_qr_0x100009f42,667,True
func_qr_0x100009f4a,-69,True
func_qr_0x100009f4e,163,True
func_qr_0x100009f6c,-251,False
func_qr_0x100009f70,749,False
func_qr_0x100009f78,-234,True
func_qr_0x100009f8a,411,True
func_qr_0x100009f8e,-472,False
func_qr_0x100009fa2,1132,True
func_qr_0x100009faa,675,False
func_qr_0x100009fb0,384,True
func_qr_0x100009fc2,609,True
func_qr_0x10000a074,389,False
func_qt_0x10000357f,-249,False
func_qt_0x100003582,-530,True
func_qt_0x100003584,339,True
func_qt_0x1000035b8,1172,False
func_qt_0x1000035ca,-159,False
func_qt_0x1000035fe,955,True
func_qt_0x10000361a,210,True
func_qt_0x10000364a,979,True
func_qt_0x10000364c,-405,False
func_qt_0x100003791,900,False
func_qt_0x100003793,1053,False
func_qt_0x100003797,524,True
func_qt_0x10000379d,659,False
func_qt_0x10000379f,158,False
func_qt_0x1000037a2,379,True
func_qt_0x1000038fe,-315,True
func_r_0x100000000,1064,True
func_r_0x100000004,-341,False
func_r_0x100000006,-340,False
func_r_0x100000016,267,False
func_r_0x10000001c,140,False
func_r_0x100000074,-475,False
func_r_0x10000009f,1131,False
func_r_0x1000000b4,1022,False
func_r_0x1000000f5,-563,False
func_r_0x100000156,184,True
func_r_0x100000159,-649,False
func_r_0x100000168,1227,True
func_r_0x100000172,376,False
func_r_0x100000183,612,True
func_r_0x100000187,848,True
func_r_0x100000194,-193,False
func_r_0x100000224,254,True
func_r_0x100000298,-578,True
func_r_0x10000029e,742,False
func_r_0x100000314,158,True
func_r_0x10000034b,-627,True
func_r_0x100000360,-696,True
func_r_0x10000038b,-226,True
func_r_0x1000003ab,-360,False
func_r_0x1000003cc,674,False
func_r_0x1000003ce,1046,False
func_r_0x1000003d0,-291,True
func_r_0x1000003dd,708,True
func_r_0x1000003e4,435,True
func_r_0x1000003ea,857,False
func_r_0x1000003ff,-514,True
func_r_0x100000408,473,True
func_r_0x100000416,595,True
func_r_0x10000043c,197,False
func_r_0x10000043f,766,True
func_r_0x10000044e,-193,False
func_r_0x100000452,607,True
func_r_0x100000454,-267,False
func_r_0x100000481,1271,True
func_r_0x100000492,1049,False
func_r_0x1000004c0,575,True
func_r_0x1000004cd,-499,True
func_r_0x1000004f8,-111,True
func_r_0x1000004fa,754,True
func_r_0x1000004fc,1027,True
func_r_0x1000004fe,522,False
func_r_0x100000503,-14,True
func_r_0x100000542,-67,False
func_r_0x100000579,-376,False
func_r_0x1000007ff,-299,False
func_r_0x100000807,-215,True
func_r_0x100000828,508,False
func_r_0x10000087a,1101,False
func_r_0x10000087e,882,False
func_r_0x10000088d,-182,False
func_r_0x100000898,-682,True
func_r_0x10000089b,914,False
func_r_0x1000008a9,-544,True
func_r_0x1000008b0,554,False
func_r_0x1000008c8,1176,False
func_r_0x1000008cf,733,True
func_r_0x1000008d4,882,False
func_r_0x1000008ee,774,False
func_r_0x1000008f6,-513,False
func_r_0x10000090c,-11,True
func_r_0x100000921,691,True
func_r_0x10000094d,-306,True
func_r_0x100002b02,-578,False
func_r_0x100002d9d,1099,True
func_r_0x100002e81,400,False
func_r_0x100002fc8,494,False
func_r_0x100003432,430,True
func_r_0x100003989,500,False
func_r_0x100003a4b,319,True
func_r_0x10000410f,899,True
func_r_0x10000430b,156,False
func_r_0x100004329,-51,True
func_r_0x100004358,-100,False
func_r_0x1000046a7,124,False
func_r_0x100004799,-162,False
func_r_0x1000047b1,249,True
func_r_0x1000047b3,609,True
func_r_0x100004800,-320,False
func_r_0x10000482c,58,False
func_r_0x100004835,-499,False
func_r_0x10000487a,-523,False
func_r_0x10000487c,396,False
func_r_0x10000487e,-686,True
func_r_0x100004aba,699,False
func_r_0x100004bec,1227,False
func_r_0x100004caf,898,True
func_r_0x100005203,947,True
func_r_0x100005533,1085,True
func_r_0x1000059f3,1258,False
func_r_0x100005b20,1068,False
func_r_0x100005c96,-223,True
func_r_0x100005d58,442,False
func_r_0x100005d7a,1238,False
func_r_0x100005d7e,1085,False
func_r_0x100005d88,723,False
func_r_0x100005d8c,-434,True
func_r_0x100005d90,994,True
func_r_0x100005d92,837,True
func_r_0x100005d96,943,True
func_r_0x100005d9a,967,False
func_r_0x100005d9e,643,True
func_r_0x100005f86,-598,True
func_r_0x100005fe9,795,False
func_r_0x100005feb,-78,False
func_r_0x100005fed,-56,True
func_r_0x100005fef,-563,True
func_r_0x100005ff1,442,False
func_r_0x100005ff3,268,True
func_r_0x100005ff5,-459,False
func_r_0x100005ff7,-325,True
func_r_0x100005ff9,-74,False
func_r_0x100005ffb,469,True
func_r_0x100005ffd,224,False
func_r_0x100005fff,69,True
func_r_0x100006001,468,True
func_r_0x100006003,819,True
func_r_0x100006012,450,False
func_r_0x10000603b,1171,True
func_r_0x10000603d,486,False
func_r_0x100006042,1209,False
func_r_0x10000606e,843,True
func_r_0x1000062a1,-177,True
func_r_0x1000063f3,523,True
func_r_0x1000064f3,983,False
func_r_0x1000064fa,-590,True
func_r_0x100006505,593,True
func_r_0x10000650d,1102,False
func_r_0x100006518,-404,True
func_r_0x10000654a,970,True
func_r_0x100006559,498,True
func_r_0x10000657a,-188,False
func_r_0x100006580,554,False
func_r_0x100006586,825,True
func_r_0x100006599,1048,False
func_r_0x1000067b0,252,False
func_r_0x10000680e,1084,True
func_r_0x100006817,437,False
func_r_0x10000682e,823,True
func_r_0x100006836,-485,False
func_r_0x10000683e,466,True
func_r_0x100006850,91,True
func_r_0x100006863,-345,False
func_r_0x100006877,934,True
func_r_0x1000068b4,180,False
func_r_0x1000068ce,-127,False
func_r_0x1000068d7,1249,False
func_r_0x1000068df,165,False
func_r_0x100006934,524,True
func_r_0x10000693c,-267,True
func_r_0x100006ace,60,False
func_r_0x100006b40,270,False
func_r_0x100006b56,-649,False
func_r_0x100006b5a,-423,True
func_r_0x100006b71,692,False
func_r_0x100006b79,-523,True
func_r_0x100006b81,606,True
func_r_0x100006ce0,-465,False
func_r_0x100006ce4,861,False
func_r_0x100006d4a,77,False
func_r_0x100006d4d,261,True
func_r_0x100006f04,168,True
func_r_0x10000713a,0,False
func_r_0x100007167,437,False
func_r_0x100007238,714,False
func_r_0x100007501,-97,False
func_r_0x100007580,617,True
func_r_0x1000076fa,58,True
func_r_0x1000078be,-474,False
func_r_0x100007937,-65,True
func_r_0x100007c58,708,True
func_r_0x100007cf6,130,True
func_r_0x100007d59,541,True
func_r_0x100007d67,237,False
func_r_0x100007d6a,375,False
func_r_0x100007fca,-65,True
func_r_0x100008345,975,True
func_r_0x100008a40,-333,True
func_r_0x100008a49,484,False
func_r_0x100008a59,-79,False
func_r_0x100009552,-103,True
func_r_0x10000969f,960,True
func_r_0x100009763,749,False
func_r_0x1000098a3,276,True
func_r_0x100009a27,960,False
func_r_0x100009a2b,-112,True
func_r_0x100009a64,485,False
func_r_0x100009b89,234,True
func_r_0x100009c79,814,False
func_r_0x100009c7d,1194,True
func_r_0x100009d58,-6,True
func_r_0x100009e01,-337,True
func_r_0x10000a08c,229,True
func_r_0x10000a0bb,-154,True
func_re_0x10000325f,969,True
func_re_0x100005165,-32,True
func_re_0x100005173,703,False
func_re_0x1000051c6,852,False
func_re_0x1000051ca,1090,True
func_re_0x1000051ce,161,False
func_re_0x1000051d8,-700,False
func_re_0x1000053da,-493,False
func_re_0x1000053e2,1292,True
func_re_0x1000053fe,1130,True
func_re_0x10000540c,-691,False
func_re_0x100005410,362,True
func_re_0x100005412,1132,True
func_re_0x100005418,349,True
func_re_0x10000541a,958,True
func_re_0x100005425,84,False
func_re_0x1000065ed,548,False
func_re_0x1000065fd,-249,True
func_re_0x100006601,-636,False
func_re_0x100006c35,985,True
func_re_0x100006c39,849,True
func_re_0x100006c3b,-600,False
func_re_0x100006c3d,653,True
func_re_0x100006c41,475,True
func_re_0x100006c43,-502,True
func_re_0x100006c4a,998,False
func_re_0x1000078a0,328,True
func_re_0x1000078a6,324,False
func_re_0x10000862c,501,True
func_re_0x100008631,514,True
func_re_0x100008636,-304,False
func_re_0x10000866f,-656,True
func_re_0x1000086b3,1175,True
func_re_0x1000086b5,-665,True
func_re_0x1000086be,800,True
func_re_0x1000086c5,-646,True
func_re_0x1000086c7,264,True
func_re_0x1000086d5,1284,True
func_re_0x1000086d7,1039,True
func_re_0x1000086dd,658,True
func_re_0x100009856,936,False
func_re_0x100009aeb,233,False
func_re_0x100009b16,264,False
func_re_0x100009c0c,1042,False
func_ri_0x100004178,-566,False
func_ri_0x100004180,-201,False
func_ri_0x100004184,253,False
func_ri_0x10000418a,-559,True
func_ri_0x100004190,-58,False
func_ri_0x100004192,444,True
func_ri_0x100004196,94,False
func_ri_0x10000419a,-596,True
func_ri_0x10000419c,-670,False
func_ri_0x1000041a2,252,True
func_ri_0x1000041aa,855,True
func_ri_0x1000041ac,-396,False
func_ri_0x1000041b2,664,True
func_ri_0x10000839a,53,True
func_rn_0x1000080cc,-642,True
func_rn_0x100009fb2,-352,False
func_rn_0x10000a036,-286,False
func_rn_0x10000a038,1191,False
func_rn_0x10000a03a,-93,False
func_ro_0x100004175,-194,True
func_ro_0x100008393,-532,False
func_rr_0x100008bf5,935,False
func_rr_0x100008c41,-428,True
func_rr_0x100008dd7,694,True
func_rr_0x100008eb9,-221,False
func_rr_0x100008ec3,135,True
func_rr_0x100008ec5,1269,False
func_rr_0x100008ef7,857,True
func_rr_0x100008f03,1103,False
func_rr_0x100008f05,1008,True
func_rr_0x100008f13,-3,False
func_rr_0x100008f28,-50,False
func_rr_0x100008f2a,236,True
func_rr_0x100008f34,1059,False
func_rt_0x100000584,865,True
func_rt_0x10000329f,242,True
func_rt_0x10000357d,852,False
func_rt_0x100006fff,-66,True
func_rt_0x10000700b,-374,False
func_rt_0x10000700d,-126,True
func_rt_0x10000700f,1291,True
func_rt_0x100007013,-298,True
func_rt_0x100007015,1094,False
func_rt_0x100007023,-132,False
func_rt_0x10000702b,1265,True
func_rt_0x100007fd0,763,False
func_rt_0x100007fd2,75,False
func_rt_0x100007fd6,-70,True
func_rt_0x100007fda,79,True
func_rt_0x100007fde,588,True
func_rt_0x100007fe9,1296,False
func_rt_0x100007fed,-92,True
func_rt_0x100007ff1,163,True
func_rt_0x100007ff5,1287,False
func_rt_0x100007ffd,268,True
func_rt_0x1000080c8,-692,False
func_rt_0x1000094fa,-359,False
func_rt_0x100009767,1228,False
func_rt_0x100009769,672,True
func_rt_0x100009773,9,True
func_rt_0x100009797,-448,True
func_rt_0x1000097f7,1088,True
func_rt_0x100009e32,1012,True
func_rt_0x100009e44,-75,False
func_ru_0x100007afc,267,False
func_s_0x10000015c,-344,True
func_s_0x100000244,534,False
func_s_0x10000025a,140,True
func_s_0x1000002b6,565,True
func_s_0x10000031b,903,False
func_s_0x100000356,914,True
func_s_0x1000003ca,219,False
func_s_0x1000003ec,945,False
func_s_0x100000419,121,True
func_s_0x10000042a,798,False
func_s_0x1000004a1,719,True
func_s_0x1000004c2,1172,True
func_s_0x1000004d2,642,True
func_s_0x1000004f3,234,True
func_s_0x100000515,-198,True
func_s_0x10000051e,809,False
func_s_0x100000550,1066,False
func_s_0x100000860,89,False
func_s_0x100000877,-572,True
func_s_0x1000008c0,1162,False
func_s_0x100002980,-459,True
func_s_0x100002a47,793,False
func_s_0x100002e6f,142,False
func_s_0x100002e79,650,True
func_s_0x100002e92,560,True
func_s_0x100002ec4,-234,False
func_s_0x100003022,872,True
func_s_0x10000311a,-556,True
func_s_0x100003410,-112,True
func_s_0x1000039af,742,True
func_s_0x1000039c8,-79,True
func_s_0x100003a4e,-226,True
func_s_0x100003e5a,789,False
func_s_0x10000435c,222,False
func_s_0x100004454,-301,False
func_s_0x100004459,255,False
func_s_0x1000044a8,-618,True
func_s_0x10000455b,458,True
func_s_0x1000045b4,-206,True
func_s_0x1000045cd,-158,False
func_s_0x1000046ab,350,False
func_s_0x1000047b5,629,False
func_s_0x1000047c6,29,False
func_s_0x1000047ef,-172,False
func_s_0x10000483c,970,False
func_s_0x100004aca,-570,True
func_s_0x100004b9a,384,True
func_s_0x100004c10,-204,False
func_s_0x100004c2c,361,False
func_s_0x100005b18,60,False
func_s_0x100005e8d,-124,True
func_s_0x100005ef8,-455,True
func_s_0x100005f8f,-437,False
func_s_0x10000600a,838,False
func_s_0x100006048,909,False
func_s_0x1000060d4,725,False
func_s_0x100006170,649,False
func_s_0x10000619c,-35,False
func_s_0x10000622e,508,True
func_s_0x1000062e1,654,True
func_s_0x10000630f,-634,False
func_s_0x100006378,-423,True
func_s_0x10000639d,-650,True
func_s_0x100006522,987,False
func_s_0x100006536,-686,False
func_s_0x100006594,1263,False
func_s_0x100006814,1288,True
func_s_0x10000683b,647,False
func_s_0x100006844,1197,False
func_s_0x10000684d,-247,True
func_s_0x100006854,39,True
func_s_0x10000686a,-559,False
func_s_0x10000687d,1239,True
func_s_0x1000068ba,866,False
func_s_0x1000068c1,1005,False
func_s_0x1000068cb,410,False
func_s_0x1000068d4,117,False
func_s_0x1000068dc,-101,False
func_s_0x1000068e4,918,False
func_s_0x1000068ec,137,True
func_s_0x1000068ef,1221,True
func_s_0x100006906,-576,False
func_s_0x10000690d,715,False
func_s_0x100006915,1097,False
func_s_0x10000691e,1261,False
func_s_0x100006927,715,True
func_s_0x100006931,439,False
func_s_0x100006939,-630,False
func_s_0x100006941,230,False
func_s_0x100006a99,-559,False
func_s_0x100006b1c,306,False
func_s_0x100006b22,481,True
func_s_0x100006b44,66,True
func_s_0x100006b48,627,False
func_s_0x100006b63,310,False
func_s_0x100006b6d,1139,False
func_s_0x100006b75,1263,False
func_s_0x100006c9d,-210,False
func_s_0x100006ce8,1134,True
func_s_0x100006e50,999,False
func_s_0x10000711b,64,True
func_s_0x10000713e,1061,True
func_s_0x10000722c,1182,False
func_s_0x100007587,1080,False
func_s_0x1000079c4,1171,True
func_s_0x100007c53,1095,False
func_s_0x100007cfb,-411,True
func_s_0x100007d5e,369,True
func_s_0x100007ee8,130,True
func_s_0x100007f41,947,True
func_s_0x10000810c,740,True
func_s_0x100008179,1111,False
func_s_0x1000082c5,513,True
func_s_0x10000834f,-565,False
func_s_0x100008598,560,False
func_s_0x100008a3d,157,False
func_s_0x100008a62,705,True
func_s_0x100008af0,-217,True
func_s_0x100008c86,152,True
func_s_0x100008c8d,478,True
func_s_0x100008cd4,534,True
func_s_0x100008cdb,1007,True
func_s_0x100008ce5,1170,True
func_s_0x100008d17,-55,True
func_s_0x100008d43,-540,True
func_s_0x100008d69,-253,True
func_s_0x100008d7e,279,False
func_s_0x10000908b,1293,False
func_s_0x1000092bd,22,False
func_s_0x100009372,1108,True
func_s_0x100009557,813,True
func_s_0x1000095da,-368,False
func_s_0x10000988f,-179,False
func_s_0x100009a6d,1113,True
func_s_0x10000a0c2,935,False
func_sa_0x100008724,-205,False
func_sa_0x100008801,552,False
func_sa_0x100008805,671,True
func_se_0x100002a09,115,True
func_se_0x100002a3e,1036,True
func_se_0x100002ac8,272,False
func_se_0x100002ad2,900,True
func_se_0x100002b8e,-381,False
func_se_0x100003239,-556,False
func_se_0x10000323d,-108,True
func_se_0x10000323f,-587,True
func_se_0x10000394e,-65,True
func_se_0x1000048b2,-365,True
func_se_0x1000048c4,512,True
func_se_0x1000048c8,395,False
func_se_0x1000048e0,-485,False
func_se_0x1000048e7,317,True
func_se_0x1000048ed,1188,True
func_se_0x1000048f1,-61,False
func_se_0x100004a2b,1159,True
func_se_0x100004a37,-360,False
func_se_0x100004a3f,-79,False
func_se_0x100004df8,511,True
func_se_0x10000535b,-118,True
func_se_0x100006685,-31,False
func_se_0x10000716f,697,True
func_se_0x1000073b0,100,False
func_se_0x100007616,72,False
func_se_0x100007a05,498,False
func_se_0x100007a25,927,True
func_se_0x100007e5c,-140,False
func_se_0x100007e6a,447,True
func_se_0x100007e7a,408,False
func_se_0x1000094a3,-295,True
func_se_0x1000094b0,-259,True
func_se_0x1000094b3,-136,True
func_se_0x100009531,178,False
func_se_0x100009533,-630,True
func_se_0x1000095a7,90,False
func_se_0x100009bd4,-452,True
func_se_0x100009bd6,64,True
func_sr_0x1000007b1,525,False
func_sr_0x100002c6c,102,True
func_sr_0x100002c70,-383,True
func_sr_0x100002c72,1265,False
func_sr_0x100002c74,615,False
func_sr_0x100002c7e,253,True
func_sr_0x100003f2a,508,True
func_sr_0x100003f4b,1257,True
func_sr_0x100003f61,-405,True
func_sr_0x100003f75,102,False
func_sr_0x100003f77,1183,True
func_sr_0x10000405a,-593,False
func_sr_0x10000406e,-311,False
func_sr_0x100004070,-48,False
func_sr_0x100004076,-218,False
func_sr_0x100004084,-28,False
func_sr_0x100004088,-369,False
func_sr_0x10000408c,992,True
func_sr_0x1000074f2,76,True
func_sr_0x100009f3c,349,True
func_sr_0x100009f44,1130,True
func_sr_0x100009f48,-497,False
func_sr_0x100009f4c,-610,True
func_sr_0x100009f52,519,True
func_sr_0x100009f56,714,True
func_sr_0x100009f58,-574,False
func_sr_0x100009f5a,-610,False
func_sr_0x100009f60,134,False
func_sr_0x100009f62,9,False
func_sr_0x100009f66,-463,False
func_sr_0x100009f68,-456,False
func_sr_0x100009f6e,447,True
func_sr_0x100009f72,-535,False
func_sr_0x100009f76,-476,True
func_sr_0x100009f7e,714,True
func_sr_0x100009f84,-288,False
func_sr_0x100009f8c,-281,False
func_sr_0x100009f94,557,True
func_sr_0x100009fae,211,False
func_sr_0x10000a07d,765,True
func_st_0x100003b60,1215,False
func_st_0x100003b67,793,False
func_st_0x100003b6d,850,False
func_st_0x100003b6f,1120,True
func_st_0x100003e04,-212,True
func_st_0x100003e06,-17,True
func_st_0x100004e77,1004,False
func_st_0x100004e84,-603,True
func_st_0x100004e86,-361,False
func_st_0x100004fa7,525,True
func_st_0x100004fa9,28,False
func_st_0x100004fad,400,True
func_st_0x100004fbd,-652,True
func_st_0x100004fbf,1234,True
func_st_0x100004fc7,681,True
func_st_0x100004fed,639,True
func_st_0x100004fef,324,False
func_st_0x100004ff3,1259,False
func_st_0x100005015,-702,True
func_st_0x100005017,831,True
func_st_0x100005021,864,True
func_st_0x100005025,923,False
func_st_0x10000502f,982,False
func_st_0x10000504b,-493,True
func_st_0x100005057,689,False
func_st_0x10000505f,1170,True
func_st_0x10000507b,-518,False
func_st_0x1000050c2,-531,False
func_st_0x1000050ec,328,True
func_st_0x1000050f6,322,True
func_t_0x10000555e,-352,False
func_t_0x100005563,263,True
func_t_0x100005617,-663,False
func_t_0x100005672,-166,False
func_t_0x100005674,29,False
func_t_0x100005711,446,True
func_t_0x100005756,-567,True
func_t_0x100005771,337,False
func_t_0x1000057bc,387,False
func_t_0x1000057dd,1222,True
func_t_0x100005822,635,True
func_t_0x100005895,803,True
func_te_0x100002a1d,1284,True
func_te_0x100002ac5,1145,False
func_te_0x100002acf,34,True
func_te_0x100002ae2,-436,False
func_te_0x100002b9c,1153,False
func_te_0x100002ba8,348,False
func_te_0x100002bae,848,True
func_te_0x100002d60,-56,True
func_te_0x1000031a0,1061,True
func_te_0x1000032f7,669,False
func_te_0x10000410c,365,False
func_te_0x1000044eb,426,False
func_te_0x1000044ed,1186,True
func_te_0x1000044fa,-522,False
func_te_0x100004928,1085,False
func_te_0x100004a26,-36,False
func_te_0x100004a2e,214,True
func_te_0x100004a46,780,True
func_te_0x100004bb5,-248,False
func_te_0x100004bbf,-63,True
func_te_0x100004bc7,-568,False
func_te_0x100004bcd,305,False
func_te_0x100004bcf,1004,True
func_te_0x100004bd1,210,True
func_te_0x100004bdf,1221,True
func_te_0x100004be3,767,False
func_te_0x100004be5,968,True
func_te_0x100004de2,970,True
func_te_0x100004de6,-441,False
func_te_0x100004de8,1098,True
func_te_0x100005359,577,False
func_te_0x100005b9f,404,True
func_te_0x100005ba1,772,True
func_te_0x100006143,68,False
func_te_0x100006149,991,False
func_te_0x10000614b,-543,False
func_te_0x10000645b,1254,False
func_te_0x10000647e,929,True
func_te_0x10000668f,-232,True
func_te_0x100006691,37,True
func_te_0x10000669a,1061,False
func_te_0x1000066b3,-174,True
func_te_0x1000066b5,86,True
func_te_0x1000066c1,663,False
func_te_0x1000066c8,119,False
func_te_0x100006f95,-224,False
func_te_0x10000716b,1129,False
func_te_0x1000072e7,245,True
func_te_0x1000072eb,-484,False
func_te_0x1000072ed,1239,False
func_te_0x100007304,286,False
func_te_0x100007344,-643,False
func_te_0x1000073bb,626,True
func_te_0x1000073bd,-382,False
func_te_0x1000075bf,-313,True
func_te_0x1000075c7,-112,True
func_te_0x1000075c9,720,True
func_te_0x10000760b,-522,True
func_te_0x10000760d,1123,False
func_te_0x100007619,-335,True
func_te_0x10000762f,722,True
func_te_0x100007631,-1,False
func_te_0x100007649,-43,True
func_te_0x10000764b,-501,False
func_te_0x1000077c0,151,True
func_te_0x1000079fc,376,True
func_te_0x100007a11,-563,True
func_te_0x100007a19,-178,True
func_te_0x100007f55,-219,True
func_te_0x100008614,1010,False
func_te_0x100008ccb,733,True
func_te_0x100009101,-579,False
func_te_0x100009105,771,False
func_te_0x100009139,345,True
func_te_0x10000922b,1216,False
func_te_0x10000924f,348,True
func_te_0x100009260,1259,False
func_te_0x100009574,-11,True
func_tn_0x100002c78,605,True
func_tn_0x100002c7a,1141,True
func_tn_0x100003f5b,1024,False
func_tn_0x100008b6b,-349,False
func_tn_0x100009ff8,1245,False
func_tn_0x10000a035,-540,False
func_to_0x100008c1a,709,True
func_to_0x100008c6f,357,False
func_to_0x100008c72,-36,True
func_to_0x100008c82,673,True
func_to_0x10000a00a,-680,False
func_to_0x10000a040,1241,True
func_tr_0x10000515c,1123,False
func_tr_0x100005168,22,True
func_tr_0x10000516a,1119,False
func_tr_0x10000516c,-280,False
func_tr_0x10000519c,307,True
func_tr_0x100005c0d,-527,True
func_tr_0x100005c11,705,False
func_tr_0x100005c14,471,False
func_tr_0x100005c5a,55,False
func_tr_0x100007246,-191,False
func_tr_0x100009c99,-325,False
func_tr_0x100009ca3,-249,True
func_tr_0x100009ca5,891,True
func_tr_0x100009ca9,-384,False
func_tr_0x100009caf,199,True
func_tr_0x100009cb5,-614,True
func_tr_0x100009cb9,371,True
func_tr_0x100009cc1,-584,False
func_tr_0x100009cc3,1145,False
func_tr_0x100009cc7,-478,True
func_tr_0x100009cc9,-576,False
func_tr_0x100009ccb,-285,False
func_tr_0x100009ccd,907,False
func_tr_0x100009cda,1059,True
func_tr_0x100009cee,1211,True
func_tr_0x100009cf1,1121,True
func_tr_0x100009cfd,-26,True
func_tr_0x100009d00,105,True
func_tr_0x100009d03,640,False
func_tr_0x100009d10,1281,False
func_tr_0x100009d1b,-551,False
func_tt_0x100002c7c,254,True
func_tt_0x100003f2c,135,True
func_tt_0x100003f2e,1033,True
func_tt_0x100003f34,602,True
func_tt_0x100003f3a,706,True
func_tt_0x100003f3c,-160,True
func_tt_0x100003f42,-157,True
func_tt_0x100003f44,-105,True
func_tt_0x100003f4f,71,False
func_tt_0x100003f51,1156,True
func_tt_0x100003f55,-97,True
func_tt_0x100003f59,1081,False
func_tt_0x100003f63,279,False
func_tt_0x100003f65,-482,True
func_tt_0x100003f67,-399,True
func_tt_0x100003f69,-679,True
func_tt_0x100003f6f,173,True
func_tt_0x100003f71,779,True
func_tt_0x10000405e,445,False
func_tt_0x100004060,80,False
func_tt_0x100004062,-698,True
func_tt_0x100004066,161,False
func_tt_0x100004068,1270,True
func_tt_0x10000406a,448,True
func_tt_0x100004072,1147,True
func_tt_0x10000407c,1004,True
func_tt_0x100004080,837,False
func_tt_0x100004082,-197,False
func_tt_0x10000408a,982,True
func_tt_0x1000074e3,-98,False
func_tt_0x1000074e5,815,False
func_tt_0x1000074ec,1037,True
func_tt_0x1000074f0,-239,False
func_tt_0x100009f7a,-246,False
func_tt_0x100009fa4,1233,True
func_tt_0x100009fa6,-223,True
func_tt_0x100009fa8,282,True
func_tt_0x10000a023,-605,False
func_tt_0x10000a029,19,True
func_u_0x100000013,604,False
func_u_0x10000001f,-525,False
func_u_0x10000006e,709,False
func_u_0x1000000a2,595,False
func_u_0x1000000ae,-448,True
func_u_0x100000146,1179,False
func_u_0x1000001cc,765,False
func_u_0x1000001fc,774,False
func_u_0x10000021a,-32,True
func_u_0x100000227,34,True
func_u_0x100000240,-467,True
func_u_0x10000027f,1175,False
func_u_0x1000002af,80,False
func_u_0x100000321,1194,False
func_u_0x10000033e,810,False
func_u_0x10000037c,-204,True
func_u_0x10000039b,578,True
func_u_0x1000003b1,620,True
func_u_0x1000003bf,1045,False
func_u_0x1000003f6,633,False
func_u_0x1000003fb,540,False
func_u_0x100000411,830,False
func_u_0x100000487,19,True
func_u_0x10000048d,640,False
func_u_0x1000004e1,540,False
func_u_0x1000004ec,1029,False
func_u_0x1000004f0,1202,True
func_u_0x100000500,-131,False
func_u_0x100000506,817,False
func_u_0x100000523,-591,True
func_u_0x10000052a,-594,False
func_u_0x100000534,801,True
func_u_0x10000053b,-141,False
func_u_0x100000552,200,False
func_u_0x100000574,508,True
func_u_0x100000814,-315,True
func_u_0x10000083c,319,False
func_u_0x100000855,488,True
func_u_0x100000901,850,True
func_u_0x100000906,-605,False
func_u_0x100000927,-391,False
func_u_0x10000092f,-138,False
func_u_0x100002a43,126,True
func_u_0x100002d1f,817,False
func_u_0x100002da7,967,True
func_u_0x100002e65,-250,False
func_u_0x100002f0f,-83,False
func_u_0x1000039a1,74,False
func_u_0x1000039a4,-660,True
func_u_0x10000434d,355,False
func_u_0x1000043f0,1009,False
func_u_0x100004554,1177,True
func_u_0x1000045df,340,True
func_u_0x100004653,728,True
func_u_0x1000046a0,-140,False
func_u_0x1000046d7,898,False
func_u_0x1000046e0,233,False
func_u_0x100004778,289,False
func_u_0x1000047ab,393,True
func_u_0x1000047ce,-680,True
func_u_0x1000047f4,883,False
func_u_0x10000488a,140,True
func_u_0x1000049db,-471,False
func_u_0x100004ac7,371,False
func_u_0x100004bf0,1266,True
func_u_0x100004c20,1188,False
func_u_0x100004d03,6,True
func_u_0x1000050fb,308,False
func_u_0x10000594c,966,True
func_u_0x100005972,-493,False
func_u_0x100005a0f,154,False
func_u_0x100005c8f,-626,True
func_u_0x100006018,264,True
func_u_0x10000601b,691,True
func_u_0x100006029,426,False
func_u_0x100006038,503,False
func_u_0x100006051,375,True
func_u_0x1000060e3,197,True
func_u_0x1000062d9,1264,True
func_u_0x100006307,89,True
func_u_0x1000063a7,-586,True
func_u_0x1000063db,-622,True
func_u_0x1000063fb,-515,True
func_u_0x100006403,493,False
func_u_0x1000064c4,802,True
func_u_0x1000065a2,-95,False
func_u_0x100006857,-668,True
func_u_0x10000698a,799,False
func_u_0x100006a86,1095,False
func_u_0x100006a94,702,False
func_u_0x100006a9e,43,False
func_u_0x100006aab,-398,True
func_u_0x100006b35,-438,True
func_u_0x100006b4c,930,True
func_u_0x100006b85,494,True
func_u_0x100006c98,1097,False
func_u_0x100006cad,-94,False
func_u_0x100006cc6,-23,True
func_u_0x100006d50,549,False
func_u_0x100006f5a,39,False
func_u_0x10000710c,1006,False
func_u_0x10000790f,736,False
func_u_0x100007c2b,340,True
func_u_0x100007c61,1217,False
func_u_0x100007c69,580,False
func_u_0x100007c6b,533,False
func_u_0x100007c7e,886,True
func_u_0x100007c89,1265,True
func_u_0x100007ce7,-430,True
func_u_0x100007d46,436,False
func_u_0x100007d9c,-324,True
func_u_0x100007e31,-536,False
func_u_0x100007e39,568,True
func_u_0x100007fbd,797,True
func_u_0x100008160,940,True
func_u_0x10000829f,-686,True
func_u_0x1000082aa,-499,False
func_u_0x1000082c1,83,True
func_u_0x1000085bb,1107,True
func_u_0x100008d61,51,True
func_u_0x100008d70,39,False
func_u_0x100008d77,63,False
func_u_0x100009364,-397,False
func_u_0x10000960f,1274,True
func_u_0x1000096a6,178,False
func_u_0x1000096bf,-112,False
func_u_0x1000096d8,130,True
func_u_0x100009820,420,False
func_ue_0x1000029f4,760,True
func_ue_0x100002a05,885,False
func_ue_0x100002a1b,236,True
func_ue_0x100002ac6,-594,True
func_ue_0x100002aca,460,False
func_ue_0x100002bf1,841,True
func_ue_0x100002d6a,-647,False
func_ue_0x1000031a5,-200,False
func_ue_0x1000031a7,-289,True
func_ue_0x100003243,-378,True
func_ue_0x100003245,1267,True
func_ue_0x10000334d,418,True
func_ue_0x100004920,54,True
func_ue_0x100004a2a,-14,False
func_ue_0x100004a33,-74,True
func_ue_0x100004a36,-422,True
func_ue_0x100004a3e,1107,True
func_ue_0x100004bae,1241,False
func_ue_0x100004bb1,585,True
func_ue_0x100004be1,21,False
func_ue_0x100005307,-16,True
func_ue_0x10000531f,1076,False
func_ue_0x100005357,623,True
func_ue_0x10000623e,-213,True
func_ue_0x100006449,592,False
func_ue_0x100006696,938,False
func_ue_0x100006da5,-186,False
func_ue_0x100007171,841,False
func_ue_0x100007173,746,True
func_ue_0x1000072fc,-495,True
func_ue_0x1000073aa,-146,True
func_ue_0x1000073c3,1176,False
func_ue_0x1000073c5,-37,True
func_ue_0x1000073c7,743,True
func_ue_0x1000073c9,306,True
func_ue_0x1000073cb,781,True
func_ue_0x100007657,-519,False
func_ue_0x100007e7c,-11,True
func_ue_0x1000081c5,-642,True
func_ue_0x1000081c7,59,False
func_ue_0x1000093cb,32,True
func_ue_0x1000093cd,653,False
func_ue_0x100009539,128,True
func_ue_0x10000953b,118,True
func_ue_0x10000959e,1252,True
func_ue_0x1000095ca,-453,True
func_ue_0x1000095cd,1245,True
func_ue_0x1000095cf,-544,False
func_ue_0x1000095d3,912,True
func_ue_0x100009bd8,60,True
func_ue_0x100009c1b,341,True
func_ui_0x100008726,630,False
func_ui_0x100008733,1016,False
func_ui_0x100008740,1010,False
func_ui_0x1000087b3,772,False
func_ui_0x10000887e,-203,False
func_ui_0x10000888a,1295,True
func_ui_0x100008892,-281,False
func_ui_0x100008894,-694,True
func_un_0x1000007a4,715,False
func_un_0x1000007a8,397,False
func_un_0x1000007ac,-335,False
func_un_0x1000007ae,201,False
func_un_0x100003291,-166,True
func_un_0x100003293,-668,True
func_un_0x10000750a,233,False
func_un_0x10000750f,207,False
func_un_0x100009522,220,False
func_un_0x1000097b9,-248,True
func_un_0x1000097d7,-427,True
func_unknown_0x100000103,-613,True
func_unknown_0x100000109,-93,False
func_unknown_0x10000010b,534,True
func_unknown_0x100000111,696,True
func_unknown_0x10000026a,-345,True
func_unknown_0x100002a6f,845,True
func_unknown_0x100002b3d,-5,False
func_unknown_0x100002bab,-326,False
func_unknown_0x100002c35,167,False
func_unknown_0x100002fcf,164,False
func_unknown_0x100002fd2,-313,True
func_unknown_0x10000303b,515,True
func_unknown_0x10000307f,1104,True
func_unknown_0x100003092,874,True
func_unknown_0x10000391e,1046,False
func_unknown_0x100003a00,-612,False
func_unknown_0x100003a0c,1235,True
func_unknown_0x100003a1c,128,False
func_unknown_0x100003ead,-68,True
func_unknown_0x100003edd,-665,False
func_unknown_0x100003ee7,383,False
func_unknown_0x10000433f,966,False
func_unknown_0x100004451,-698,False
func_unknown_0x10000447c,654,True
func_unknown_0x10000447e,-696,True
func_unknown_0x100004507,1276,True
func_unknown_0x10000455d,416,False
func_unknown_0x100004899,-553,False
func_unknown_0x100004cc5,108,False
func_unknown_0x100004cec,688,False
func_unknown_0x100005444,-664,False
func_unknown_0x100005448,606,False
func_unknown_0x10000544a,826,True
func_unknown_0x10000544e,1157,True
func_unknown_0x100005450,200,True
func_unknown_0x100005478,-275,False
func_unknown_0x100005496,1238,True
func_unknown_0x100005499,1020,False
func_unknown_0x10000591c,652,False
func_unknown_0x100005922,1202,True
func_unknown_0x100005964,368,False
func_unknown_0x1000059db,-113,True
func_unknown_0x1000059f0,684,True
func_unknown_0x100005a9e,1274,False
func_unknown_0x100005abf,150,False
func_unknown_0x100005ac7,-484,True
func_unknown_0x100005acd,440,True
func_unknown_0x100005ad6,872,True
func_unknown_0x100005ad9,338,False
func_unknown_0x100005aef,179,True
func_unknown_0x100005af1,768,False
func_unknown_0x100005af9,746,True
func_unknown_0x100005b06,429,False
func_unknown_0x1000062b1,135,False
func_unknown_0x1000062b3,863,True
func_unknown_0x1000062bf,209,True
func_unknown_0x1000062c1,840,False
func_unknown_0x1000062c5,287,False
func_unknown_0x1000063e4,597,False
func_unknown_0x10000642a,872,False
func_unknown_0x1000066e7,975,True
func_unknown_0x1000066e9,212,True
func_unknown_0x1000066f1,-195,True
func_unknown_0x1000066f3,536,True
func_unknown_0x1000066f7,-699,True
func_unknown_0x1000066f9,-7,True
func_unknown_0x1000066fb,696,False
func_unknown_0x100006701,-508,False
func_unknown_0x100006998,120,False
func_unknown_0x100006b0d,-259,False
func_unknown_0x100006b0f,637,True
func_unknown_0x100006e2d,-221,False
func_unknown_0x100006f88,25,False
func_unknown_0x100006f8a,736,True
func_unknown_0x1000071d1,1103,True
func_unknown_0x1000071f3,-253,True
func_unknown_0x1000073f7,451,False
func_unknown_0x100007697,397,False
func_unknown_0x100007754,735,True
func_unknown_0x100007d37,927,True
func_unknown_0x10000851b,635,True
func_unknown_0x10000919f,754,False
func_unknown_0x1000091b2,-567,False
func_unknown_0x100009278,348,True
func_unknown_0x100009458,1276,True
func_unknown_0x10000945a,1198,False
func_unknown_0x10000988c,1013,True
func_unknown_0x10000995f,289,True
func_unknown_0x100009c67,458,True
func_unknown_0x100009c69,1249,True
func_unknown_0x100009c6b,1045,True
func_unknown_0x100009c71,-158,False
func_unknown_0x100009c75,434,False
func_unknown_0x100009d6c,687,False
func_uo_0x100009a52,-528,False
func_uo_0x100009a54,-565,False
func_uo_0x100009a56,-244,True
func_ur_0x10000359f,872,True
func_ur_0x1000035a6,898,True
func_ur_0x1000035aa,-179,False
func_ur_0x1000035ae,114,True
func_ur_0x1000035b0,804,False
func_ur_0x1000035b6,-267,False
func_ur_0x1000035bb,387,False
func_ur_0x1000035c6,79,False
func_ur_0x1000035d2,195,True
func_ur_0x1000035e2,250,True
func_ur_0x1000035e8,-474,True
func_ur_0x1000035ec,854,True
func_ur_0x1000035ee,-271,True
func_ur_0x1000035f0,108,False
func_ur_0x1000035f2,882,True
func_ur_0x1000035f6,-462,False
func_ur_0x1000035fc,718,True
func_ur_0x100003602,-660,True
func_ur_0x100003604,463,False
func_ur_0x100003606,-573,True
func_ur_0x100003608,1023,True
func_ur_0x100003610,965,True
func_ur_0x100003612,-673,True
func_ur_0x100003618,-451,False
func_ur_0x10000361e,1295,True
func_ur_0x10000362a,-247,False
func_ur_0x100003630,934,False
func_ur_0x100003634,-487,True
func_ur_0x100003636,836,True
func_ur_0x100003638,788,False
func_ur_0x10000363a,590,False
func_ur_0x100003640,-644,False
func_ur_0x100003642,1037,False
func_ur_0x100003646,1200,False
func_ur_0x10000364e,-628,True
func_ur_0x100003650,-536,False
func_ur_0x100003652,-420,True
func_ur_0x100003656,-523,True
func_ur_0x100003658,-537,True
func_ur_0x10000365c,1176,False
func_ur_0x100003660,-480,False
func_ur_0x100003664,37,True
func_ur_0x10000366a,-649,True
func_ur_0x100003674,-686,True
func_ur_0x100003676,315,False
func_ur_0x100003678,186,False
func_ur_0x10000367a,1204,False
func_ur_0x10000367c,903,False
func_ur_0x10000367e,652,False
func_ur_0x100003688,-330,False
func_ur_0x10000368c,-204,True
func_ur_0x10000368e,1083,False
func_ur_0x100003690,1243,False
func_ur_0x100003692,81,False
func_ur_0x100003694,719,True
func_ur_0x10000369e,898,False
func_ur_0x1000036a0,-638,False
func_ur_0x1000036a2,-484,False
func_ur_0x1000036a6,159,False
func_ur_0x1000036aa,-291,True
func_ur_0x1000036ae,-393,False
func_ur_0x1000036b4,162,True
func_ur_0x1000036b6,554,False
func_ur_0x1000036ba,366,True
func_ur_0x1000036be,125,False
func_ur_0x1000036c4,1098,False
func_ur_0x1000036c8,-97,False
func_ur_0x1000036ca,588,True
func_ur_0x1000036cc,800,False
func_ur_0x1000036d0,-542,True
func_ur_0x1000036d2,-336,True
func_ur_0x1000036d4,-213,False
func_ur_0x1000036d6,1026,True
func_ur_0x1000036d8,257,True
func_ur_0x1000036da,1087,True
func_ur_0x1000036dc,707,True
func_ur_0x1000036e4,201,True
func_ur_0x1000036ea,624,True
func_ur_0x1000036ee,-128,False
func_ur_0x1000036f0,-556,True
func_ur_0x1000036f2,727,False
func_ur_0x1000036f6,801,True
func_ur_0x1000036f8,-542,False
func_ur_0x1000036fe,-232,False
func_ur_0x100003704,349,True
func_ur_0x10000370a,1128,True
func_ur_0x10000370e,1118,True
func_ur_0x100003710,134,True
func_ur_0x100003712,417,False
func_ur_0x100003714,628,True
func_ur_0x10000371a,-52,False
func_ur_0x100003720,364,True
func_ur_0x100003722,1255,False
func_ur_0x100003730,-431,True
func_ur_0x100003736,-407,True
func_ur_0x100003738,-509,False
func_ur_0x100003744,-75,False
func_ur_0x100003748,-99,False
func_ur_0x10000374c,-343,False
func_ur_0x100003752,-681,True
func_ur_0x100003754,-83,True
func_ur_0x100003758,-273,True
func_ur_0x10000375c,125,False
func_ur_0x100003760,330,True
func_ur_0x100003766,654,True
func_ur_0x10000376a,848,True
func_ur_0x10000376e,55,True
func_ur_0x100003774,-296,False
func_ur_0x100003776,915,True
func_ur_0x100003778,-442,True
func_ur_0x10000377a,-661,False
func_ur_0x10000377c,308,True
func_ur_0x10000377f,282,False
func_us_0x10000553c,-318,True
func_us_0x10000553e,1097,False
func_us_0x100005542,278,False
func_us_0x100005544,771,True
func_us_0x10000554a,-388,True
func_ut_0x100002c93,273,False
func_ut_0x100002c96,1088,False
func_ut_0x100002c9c,-177,False
func_ut_0x100002c9e,1013,False
func_ut_0x100002ca2,944,True
func_ut_0x100002ca4,949,False
func_ut_0x100002ca8,-540,False
func_ut_0x100002cf0,184,True
func_ut_0x100002cf2,-360,True
func_ut_0x100002cf4,817,True
func_ut_0x100002cfa,900,True
func_ut_0x100002d12,658,True
func_ut_0x100003270,822,True
func_ut_0x10000329e,-577,True
func_ut_0x100005187,459,True
func_ut_0x100005c28,-307,False
func_ut_0x100005c2a,-332,False
func_ut_0x100006fe4,933,False
func_ut_0x1000074d9,608,False
func_ut_0x1000074fd,-289,False
func_ut_0x100007512,894,True
func_ut_0x100007514,-627,True
func_ut_0x10000751c,1102,False
func_v_0x100000102,383,True
func_v_0x100000137,-427,False
func_v_0x100000275,-471,False
func_v_0x10000028c,1106,False
func_v_0x100000562,-617,True
func_v_0x100000564,-496,True
func_v_0x100002993,297,True
func_v_0x100002bfe,-13,False
func_v_0x100002e8a,1061,True
func_v_0x1000030bf,101,False
func_v_0x100003106,-270,False
func_v_0x10000320c,-218,False
func_v_0x100003a3e,-447,True
func_v_0x100003eb5,277,True
func_v_0x100003f01,-616,True
func_v_0x10000430c,890,False
func_v_0x1000043c5,583,False
func_v_0x100004473,141,True
func_v_0x1000044b2,-244,False
func_v_0x100004504,-422,True
func_v_0x1000045d6,1105,False
func_v_0x1000045d8,-367,False
func_v_0x100004b1b,-382,False
func_v_0x100004b75,175,True
func_v_0x100004b79,-561,True
func_v_0x100004bfb,-458,False
func_v_0x100004c03,-312,True
func_v_0x100004c0c,514,True
func_v_0x100004cd1,100,True
func_v_0x100004d00,80,True
func_v_0x10000546e,938,True
func_v_0x100005473,635,False
func_v_0x1000058ee,168,False
func_v_0x10000591e,271,False
func_v_0x100005a95,125,False
func_v_0x100005ea5,-491,False
func_v_0x100005f5f,286,True
func_v_0x100005f61,-592,True
func_v_0x100005fae,-524,True
func_v_0x100005fb0,585,False
func_v_0x100005fb2,1054,True
func_v_0x100005fc7,1251,False
func_v_0x100005fdc,347,False
func_v_0x1000063dd,270,True
func_v_0x10000649c,829,True
func_v_0x1000064aa,-153,True
func_v_0x1000066e4,218,False
func_v_0x100006a56,-635,True
func_v_0x100006c8f,366,False
func_v_0x100006cc0,736,False
func_v_0x100006d29,-673,True
func_v_0x100006d2b,17,True
func_v_0x100006d2f,509,True
func_v_0x100006e5a,-93,False
func_v_0x100006e61,-504,False
func_v_0x1000071d0,873,True
func_v_0x10000721a,-696,True
func_v_0x1000076dc,466,False
func_v_0x1000076de,-313,True
func_v_0x10000777b,1033,True
func_v_0x1000077fd,-190,True
func_v_0x100007809,-686,False
func_v_0x10000780f,762,False
func_v_0x100007813,132,False
func_v_0x100007a91,-369,True
func_v_0x100007c8e,841,False
func_v_0x100007c90,-301,False
func_v_0x100007c92,869,True
func_v_0x100007e11,1030,True
func_v_0x1000080f0,585,False
func_v_0x1000082d2,1254,False
func_v_0x1000082e2,-425,True
func_v_0x100008541,922,False
func_v_0x100008d3c,898,True
func_v_0x100008d3e,1120,True
func_v_0x1000091b8,1160,False
func_v_0x100009453,1176,False
func_v_0x100009d2f,785,True
func_v_0x10000a09f,-127,False
func_v_0x10000a0a7,-131,False
func_va_0x100003589,988,True
func_vc_0x100008727,-13,True
func_vc_0x100008729,45,True
func_vc_0x10000872b,678,True
func_vc_0x10000872f,-454,True
func_ve_0x100002c95,1165,False
func_ve_0x100002f4a,266,True
func_ve_0x1000046f9,853,False
func_ve_0x1000046fb,-46,False
func_ve_0x100004703,-379,True
func_ve_0x100004705,282,False
func_ve_0x100004707,-108,True
func_ve_0x100004709,1235,True
func_ve_0x10000470d,-276,True
func_ve_0x10000470f,188,True
func_ve_0x100004711,184,True
func_ve_0x100004713,1293,True
func_ve_0x100004715,652,True
func_ve_0x100004717,1068,False
func_ve_0x10000471d,257,False
func_ve_0x100004725,1256,True
func_ve_0x100004729,-48,True
func_ve_0x100004731,130,True
func_ve_0x100004737,695,False
func_ve_0x100004739,926,True
func_ve_0x10000473f,-512,True
func_ve_0x100004741,967,False
func_ve_0x100004743,1038,True
func_ve_0x100004745,292,True
func_ve_0x100004749,875,True
func_ve_0x10000474d,494,True
func_ve_0x10000474f,942,False
func_ve_0x100004753,1212,True
func_ve_0x100004755,826,True
func_ve_0x100004757,1110,False
func_ve_0x100004759,13,True
func_ve_0x100004761,-78,True
func_ve_0x100004763,-424,True
func_ve_0x10000476b,1253,False
func_ve_0x100005190,-27,True
func_ve_0x100005194,32,False
func_ve_0x10000519a,603,False
func_ve_0x100005c06,1004,True
func_ve_0x100005c1c,732,False
func_ve_0x100005c34,-246,False
func_ve_0x100005c54,-461,False
func_ve_0x100006c4b,638,False
func_ve_0x10000723b,1281,True
func_ve_0x100007435,637,True
func_ve_0x100007fe4,480,False
func_ve_0x1000094e7,883,True
func_ve_0x1000094f7,1021,False
func_vn_0x100008c3d,-655,False
func_vn_0x100008c45,126,False
func_vn_0x100008edd,-625,False
func_vn_0x100008ef1,1168,False
func_vn_0x100008ef9,373,False
func_vn_0x100008f21,-19,False
func_vo_0x100003b5f,-601,True
func_vo_0x100003d93,211,False
func_vt_0x100003a6f,147,True
func_w_0x1000001dd,-379,True
func_w_0x1000029c9,1035,True
func_w_0x1000030a8,1269,False
func_w_0x10000320e,-636,True
func_w_0x10000332d,-404,False
func_w_0x100003970,876,False
func_w_0x100003978,1153,False
func_w_0x1000040a6,-267,False
func_w_0x1000040aa,757,False
func_w_0x1000040ae,1263,True
func_w_0x1000040b0,-167,True
func_w_0x1000040b2,-104,True
func_w_0x1000040b8,1242,True
func_w_0x1000040ba,1068,False
func_w_0x1000040c0,815,True
func_w_0x1000040c4,1149,True
func_w_0x1000040c8,209,False
func_w_0x1000040cc,1251,True
func_w_0x1000042ca,579,True
func_w_0x10000433a,15,False
func_w_0x10000433c,439,False
func_w_0x1000043d0,636,False
func_w_0x1000043d4,155,True
func_w_0x1000044d8,115,True
func_w_0x1000045a5,457,False
func_w_0x10000463b,992,False
func_w_0x100004667,162,True
func_w_0x100004669,-191,True
func_w_0x100004942,-443,True
func_w_0x1000049f9,-121,False
func_w_0x100004b2a,-26,True
func_w_0x100004b2c,-673,True
func_w_0x100004b2e,-67,True
func_w_0x100004b30,-576,True
func_w_0x100004b32,20,False
func_w_0x100004b34,-496,True
func_w_0x100004d3e,4,True
func_w_0x100004d44,1126,True
func_w_0x100005241,342,True
func_w_0x100005254,1252,False
func_w_0x10000525a,481,False
func_w_0x100005b3a,1101,False
func_w_0x100005b43,336,True
func_w_0x100005b45,1029,True
func_w_0x100005b4d,-629,True
func_w_0x100005ed8,-191,True
func_w_0x100005f0f,-352,False
func_w_0x100006338,1036,True
func_w_0x100006358,-614,False
func_w_0x10000635a,-171,False
func_w_0x1000063b3,578,False
func_w_0x1000063d6,1194,True
func_w_0x1000070f2,1108,True
func_w_0x1000071e9,-661,False
func_w_0x1000073eb,842,True
func_w_0x1000075bc,309,False
func_w_0x1000078e3,258,False
func_w_0x10000793a,743,True
func_w_0x100007adc,647,True
func_w_0x100007ade,1018,False
func_w_0x100007f1c,638,True
func_w_0x100008129,1111,True
func_w_0x100008332,50,True
func_w_0x100008c9f,1257,True
func_w_0x100008cd1,1075,False
func_w_0x100008d02,768,True
func_w_0x100008d04,251,False
func_w_0x100008dbd,1205,True
func_w_0x100008dc4,879,False
func_w_0x100008dcd,-482,False
func_w_0x10000947a,-648,False
func_w_0x100009d3e,-144,False
func_w_0x100009d88,864,False
func_w_0x100009d96,-423,True
func_we_0x100002f1c,587,False
func_we_0x100002f42,788,True
func_we_0x100002f50,-281,True
func_we_0x100002f58,-421,False
func_we_0x100002f66,49,True
func_we_0x100002f68,-178,True
func_we_0x100002f6c,146,False
func_we_0x100002f75,-614,False
func_we_0x100002f77,-554,False
func_we_0x100002f7c,297,True
func_we_0x100004a75,773,True
func_we_0x100005a59,-52,True
func_we_0x100005a5d,-317,False
func_we_0x100006db9,50,True
func_we_0x100006dbe,715,True
func_we_0x100006dc9,-158,True
func_we_0x100008633,-116,False
func_we_0x10000967c,276,True
func_we_0x100009851,927,True
func_we_0x10000985f,130,True
func_we_0x100009b03,224,True
func_we_0x100009b09,101,False
func_we_0x100009b10,268,False
func_we_0x100009b49,563,False
func_we_0x100009b51,-358,False
func_we_0x100009b53,714,False
func_wn_0x1000035bd,30,True
func_wo_0x1000087f3,469,True
func_wo_0x1000087f5,851,True
func_wo_0x1000087fc,528,False
func_wo_0x10000884f,990,False
func_wo_0x10000885a,-387,True
func_wo_0x10000889e,1106,False
func_wo_0x1000088a4,1071,True
func_wr_0x1000037a7,-511,False
func_wr_0x1000037ad,761,True
func_wr_0x1000037af,72,True
func_wr_0x1000037b1,787,True
func_wr_0x1000037b5,734,True
func_wr_0x1000037bb,691,True
func_wr_0x1000037bd,370,False
func_wr_0x1000037c5,439,False
func_wr_0x1000037c9,638,False
func_wr_0x1000037d1,240,False
func_wr_0x1000037d3,-657,True
func_wr_0x1000037d7,-155,False
func_wr_0x1000037dd,266,True
func_wr_0x1000037df,966,False
func_wr_0x1000037e1,-594,True
func_wr_0x1000037e3,205,True
func_wr_0x1000037e7,101,True
func_wr_0x1000037e9,-405,False
func_wr_0x1000037eb,-62,False
func_wr_0x1000037ed,1260,True
func_wr_0x1000037f3,1001,True
func_wr_0x1000037f5,916,True
func_wr_0x1000037ff,1140,False
func_wr_0x100003801,-295,True
func_wr_0x100003805,600,False
func_wr_0x100003807,-189,False
func_wr_0x100003809,844,False
func_wr_0x10000380f,1290,False
func_wr_0x100003819,-594,False
func_wr_0x10000381b,769,False
func_wr_0x10000381f,-598,True
func_wr_0x100003821,463,False
func_wr_0x100003823,933,False
func_wr_0x100003825,821,False
func_wr_0x100003827,-634,False
func_wr_0x10000382b,-200,False
func_wr_0x10000382d,759,False
func_wr_0x10000382f,792,True
func_wr_0x100003831,1197,False
func_wr_0x10000383d,613,True
func_wr_0x10000383f,-297,False
func_wr_0x100003841,1101,True
func_wr_0x100003843,698,True
func_wr_0x100003847,1097,True
func_wr_0x100003857,651,False
func_wr_0x10000385f,1250,True
func_wr_0x100003861,930,False
func_wr_0x100003863,-557,False
func_wr_0x100003865,1160,True
func_wr_0x100003869,-639,True
func_wr_0x10000386b,1116,False
func_wr_0x10000386d,948,False
func_wr_0x10000386f,499,True
func_wr_0x100003873,-427,False
func_wr_0x10000387b,59,False
func_wr_0x10000387f,253,False
func_wr_0x100003885,-143,True
func_wr_0x10000388b,868,True
func_wr_0x10000388d,-597,True
func_wr_0x10000388f,164,True
func_wr_0x100003893,-552,True
func_wr_0x100003895,248,False
func_wr_0x100003897,-516,True
func_wr_0x100003899,489,False
func_wr_0x10000389f,627,True
func_wr_0x1000038a5,55,False
func_wr_0x1000038ad,1163,False
func_wr_0x1000038b1,409,False
func_wr_0x1000038b5,417,False
func_wr_0x1000038b7,1151,False
func_wr_0x1000038b9,1101,True
func_wr_0x1000038bb,487,False
func_wr_0x1000038bd,1139,True
func_wr_0x1000038c1,271,True
func_wr_0x1000038c5,1087,False
func_wr_0x1000038c7,-402,True
func_wr_0x1000038cf,816,True
func_wr_0x1000038d5,429,False
func_wr_0x1000038db,892,False
func_wr_0x1000038e2,422,False
func_wr_0x1000038e4,1210,False
func_wr_0x1000038e9,262,True
func_wr_0x1000038f7,1152,True
func_wt_0x100000794,499,False
func_wt_0x100000796,-549,True
func_wt_0x100003276,357,False
func_wt_0x100005d0e,579,True
func_wt_0x100005d18,-277,True
func_wt_0x100005d1a,591,True
func_wt_0x100005d1c,305,False
func_wt_0x100005d20,899,True
func_wt_0x100005d26,-199,False
func_wt_0x100005d2e,665,False
func_wt_0x100005d46,-351,False
func_wt_0x100005d48,451,False
func_wt_0x100005d4a,745,False
func_wt_0x100005d4c,-477,True
func_wt_0x100005d4e,462,True
func_wt_0x100005d50,284,True
func_wt_0x100005d5a,-46,False
func_wt_0x100005d5c,-504,True
func_wt_0x100005d68,-4,True
func_wt_0x100005d6a,-441,True
func_wt_0x100005d6e,175,True
func_wt_0x100005d70,-695,True
func_wt_0x100005d72,923,False
func_wt_0x100005d74,-399,True
func_wt_0x100005d7c,1223,False
func_wt_0x100009511,-229,False
func_wt_0x100009999,412,False
func_wt_0x10000999d,941,True
func_wt_0x1000099a5,635,False
func_wt_0x1000099a7,-639,False
func_wt_0x1000099ab,420,True
func_wt_0x1000099b5,872,True
func_wt_0x1000099bb,402,False
func_wt_0x1000099c1,-322,True
func_wt_0x1000099c3,211,False
func_wt_0x1000099c9,-328,True
func_wt_0x1000099cf,173,False
func_wt_0x1000099d5,-653,True
func_wt_0x1000099d9,338,False
func_wt_0x1000099db,-292,False
func_wt_0x1000099dd,-566,True
func_wt_0x1000099df,-87,False
func_wt_0x1000099e7,-638,False
func_wt_0x1000099eb,-699,False
func_wt_0x1000099ed,236,True
func_wt_0x1000099f1,106,True
func_wt_0x1000099f3,511,False
func_wt_0x1000099f5,1273,False
func_wt_0x1000099f7,373,True
func_wt_0x1000099ff,969,True
func_wt_0x100009a01,835,True
func_wt_0x100009a05,-303,False
func_wt_0x100009a07,536,True
func_wt_0x100009a0f,60,True
func_wt_0x100009a11,148,True
func_wt_0x100009a13,-79,False
func_wt_0x100009a17,-551,False
func_wt_0x100009a19,1234,False
func_wt_0x100009a1f,-298,True
func_wt_0x100009a21,1179,False
func_wt_0x100009a23,-412,False
func_wt_0x100009a25,992,False
func_wt_0x100009e05,304,False
func_wt_0x100009e07,-115,False
func_x_0x1000001bb,1258,True
func_x_0x100000557,-243,True
func_x_0x100000560,925,False
func_x_0x100000930,-232,True
func_x_0x100002a4f,996,False
func_x_0x100002a7b,-582,True
func_x_0x100002d20,268,True
func_x_0x100002d7a,975,True
func_x_0x100002db0,443,False
func_x_0x100002db7,1154,True
func_x_0x100002dbb,61,True
func_x_0x100002dbd,-23,False
func_x_0x100002e66,327,False
func_x_0x100002e70,-699,True
func_x_0x100002ebf,1008,False
func_x_0x100002fc5,74,True
func_x_0x100002ffc,502,False
func_x_0x10000311b,596,False
func_x_0x10000313b,65,False
func_x_0x100003223,239,True
func_x_0x100003448,883,True
func_x_0x100003e8c,861,False
func_x_0x100004322,-696,True
func_x_0x10000446b,948,False
func_x_0x100004472,1121,True
func_x_0x100004498,716,True
func_x_0x1000044c8,1035,True
func_x_0x10000457b,-454,True
func_x_0x1000045f8,588,True
func_x_0x1000045fa,-439,False
func_x_0x1000046af,1291,True
func_x_0x100004785,816,True
func_x_0x100004787,317,True
func_x_0x1000047a4,346,True
func_x_0x1000047a6,1189,True
func_x_0x100004857,1003,True
func_x_0x100004875,-89,True
func_x_0x100004877,-227,False
func_x_0x1000049dd,-637,True
func_x_0x100004acb,-118,False
func_x_0x100004c15,-61,False
func_x_0x100004c27,264,False
func_x_0x100004cd9,1208,True
func_x_0x100004d04,-477,True
func_x_0x100004d2e,163,False
func_x_0x10000526d,-73,True
func_x_0x10000526f,526,False
func_x_0x10000545d,856,True
func_x_0x1000058be,-339,False
func_x_0x10000593f,614,False
func_x_0x100005986,1054,False
func_x_0x100005988,1127,True
func_x_0x1000059fd,376,True
func_x_0x100005ab3,125,True
func_x_0x100005e7e,612,True
func_x_0x100005ef9,-266,False
func_x_0x10000605d,-543,False
func_x_0x100006067,1122,True
func_x_0x10000606b,956,False
func_x_0x10000639e,727,True
func_x_0x100006487,-299,True
func_x_0x1000065a7,803,False
func_x_0x1000066d3,-23,True
func_x_0x10000679c,-550,True
func_x_0x10000679e,1073,True
func_x_0x1000067dd,-229,True
func_x_0x1000067f3,192,False
func_x_0x100006807,573,True
func_x_0x100006b32,491,True
func_x_0x100006b3d,1197,False
func_x_0x100006b60,317,True
func_x_0x100006e1f,970,True
func_x_0x100006e21,1228,True
func_x_0x100006e51,-155,False
func_x_0x100006f83,606,False
func_x_0x100007143,951,True
func_x_0x100007152,792,True
func_x_0x100007220,-238,False
func_x_0x10000754d,-41,False
func_x_0x1000076ff,-573,False
func_x_0x1000078c0,992,True
func_x_0x100007ae5,1084,True
func_x_0x100007af3,491,True
func_x_0x100007c41,-300,True
func_x_0x100007c54,-505,False
func_x_0x100007c7b,-43,False
func_x_0x100007d14,1003,True
func_x_0x100007dd7,897,False
func_x_0x100007ec9,-595,False
func_x_0x1000080e3,288,True
func_x_0x1000082a7,111,True
func_x_0x1000085be,476,True
func_x_0x100008aea,-133,False
func_x_0x100008cea,433,False
func_x_0x100008d37,-430,True
func_x_0x1000093ec,542,True
func_x_0x100009626,-285,False
func_x_0x10000992d,776,True
func_xa_0x1000038d7,844,False
func_xe_0x100000724,965,True
func_xe_0x1000007bd,294,False
func_xe_0x1000007bf,51,True
func_xe_0x1000007c5,-457,False
func_xe_0x1000007c8,839,False
func_xe_0x1000007d0,-562,False
func_xe_0x1000007ee,618,False
func_xe_0x1000007f2,215,False
func_xe_0x100002c8b,-397,True
func_xe_0x100002c8f,541,False
func_xe_0x100002d04,80,False
func_xe_0x100002d0a,1185,False
func_xe_0x100002d16,-579,True
func_xe_0x100006fe1,1243,True
func_xe_0x100006ff5,-275,False
func_xe_0x100007421,891,True
func_xe_0x100007423,444,True
func_xe_0x10000742f,-591,True
func_xe_0x100007431,755,False
func_xe_0x100007436,508,False
func_xe_0x100007438,-247,False
func_xe_0x100007441,-624,False
func_xe_0x100007443,1290,True
func_xe_0x100007447,819,True
func_xe_0x1000074d3,-419,False
func_xe_0x1000074db,1066,False
func_xe_0x1000074f5,692,True
func_xe_0x1000074f9,1250,False
func_xi_0x100005778,501,False
func_xi_0x1000057ec,713,False
func_xn_0x10000415b,761,True
func_xn_0x100008b8e,52,False
func_xn_0x100008b96,-12,False
func_xn_0x100008bc8,1124,True
func_xn_0x100008c1e,1024,False
func_xn_0x100009fc7,172,False
func_xn_0x100009fc9,-371,True
func_xn_0x100009fcb,-620,False
func_xn_0x100009fcf,641,False
func_xn_0x100009fd3,664,False
func_xn_0x100009fd5,-394,True
func_xo_0x10000411c,987,False
func_xo_0x10000411e,-377,False
func_xo_0x100008c27,921,False
func_xo_0x100008c29,-636,False
func_xr_0x100004155,-463,True
func_xr_0x100004157,554,True
func_xr_0x10000416a,67,True
func_xr_0x10000416c,813,False
func_xr_0x100004172,-89,True
func_xr_0x10000426b,355,False
func_xr_0x100004287,-148,True
func_xr_0x100004289,-639,False
func_xr_0x10000428b,1268,False
func_xr_0x10000429a,561,True
func_xr_0x1000042a4,56,False
func_xr_0x1000042a6,-406,True
func_xr_0x1000042a8,-546,False
func_xr_0x1000042aa,44,False
func_xr_0x1000042ac,856,True
func_xr_0x1000042b0,392,True
func_xr_0x1000042bc,-392,False
func_xr_0x1000042c1,734,False
func_xr_0x100009a34,419,True
func_xr_0x100009a3a,-610,False
func_xr_0x100009a3c,-677,True
func_xr_0x100009a40,965,False
func_xr_0x100009a42,1148,False
func_xr_0x100009a48,-305,True
func_xr_0x100009a50,564,False
func_xr_0x10000a03d,1057,False
func_xt_0x100002f3a,-631,True
func_xt_0x1000046f3,939,False
func_xt_0x10000517a,519,False
func_xt_0x10000517e,484,False
func_xt_0x10000519f,58,False
func_xt_0x100005c07,335,False
func_xt_0x100005c09,116,False
func_xt_0x100005c0b,872,True
func_xt_0x100005c0f,250,False
func_xt_0x100005c15,996,False
func_xt_0x100005c1d,609,True
func_xt_0x100005c1f,-355,True
func_xt_0x100005c25,746,True
func_xt_0x100006fd1,-443,True
func_xt_0x100006fd4,289,False
func_xt_0x100006fdf,337,True
func_xt_0x100007045,746,False
func_xt_0x100007047,-366,False
func_xt_0x100007058,476,True
func_xt_0x10000709d,752,False
func_xt_0x1000070c2,-563,False
func_xt_0x1000070d5,-592,True
func_xt_0x100009cdd,-553,True
func_xu_0x1000035d9,1071,True
func_xu_0x1000035db,758,False
func_y_0x100000105,-244,True
func_y_0x1000001b8,1189,True
func_y_0x10000028d,942,False
func_y_0x10000028f,1178,True
func_y_0x100002a57,-600,False
func_y_0x10000308e,-632,True
func_y_0x100003116,1244,False
func_y_0x100003166,700,False
func_y_0x100003a2d,-643,False
func_y_0x100003ee1,562,True
func_y_0x100003ef7,327,True
func_y_0x100003efb,-81,False
func_y_0x100003efd,1077,False
func_y_0x1000043f5,-460,False
func_y_0x1000043f9,-32,True
func_y_0x100004474,601,True
func_y_0x100004480,590,False
func_y_0x1000044bd,555,False
func_y_0x1000044bf,-388,True
func_y_0x100004514,243,False
func_y_0x100004580,-82,False
func_y_0x10000489a,-239,False
func_y_0x100004b1f,1006,True
func_y_0x100004cee,445,True
func_y_0x100005399,163,True
func_y_0x100005446,-265,True
func_y_0x1000054e1,-414,False
func_y_0x1000054e3,958,False
func_y_0x1000054e5,-132,False
func_y_0x1000054e7,916,True
func_y_0x1000054ea,-682,True
func_y_0x1000054ec,627,False
func_y_0x10000550b,448,True
func_y_0x10000552a,-238,True
func_y_0x100005951,-250,True
func_y_0x100005aa4,-372,True
func_y_0x100005ab0,1060,False
func_y_0x100005ad0,731,True
func_y_0x100005af6,-218,False
func_y_0x100005cc3,-563,False
func_y_0x1000062f7,681,True
func_y_0x1000063e6,1088,False
func_y_0x1000066ef,353,True
func_y_0x1000066f5,873,False
func_y_0x10000699c,207,False
func_y_0x1000069a0,-331,False
func_y_0x100006a49,1046,True
func_y_0x100006b13,105,False
func_y_0x100006b17,839,True
func_y_0x100006e5c,-617,False
func_y_0x100006f1c,-369,True
func_y_0x100006f1e,52,True
func_y_0x100006f20,-133,True
func_y_0x100006fa8,266,False
func_y_0x1000070fc,-486,True
func_y_0x100007109,-314,True
func_y_0x1000071e6,-517,False
func_y_0x100007216,915,True
func_y_0x1000072cd,-529,True
func_y_0x1000072cf,1142,True
func_y_0x1000072da,411,True
func_y_0x1000072e0,-615,True
func_y_0x1000072e4,1032,True
func_y_0x100007521,1183,False
func_y_0x100007524,1137,False
func_y_0x10000753a,-622,True
func_y_0x100007566,-184,True
func_y_0x1000076c9,-357,False
func_y_0x10000771e,502,False
func_y_0x100007773,-267,True
func_y_0x10000778d,1113,True
func_y_0x10000779f,286,True
func_y_0x1000077a2,922,False
func_y_0x100007cad,937,True
func_y_0x10000850c,-278,True
func_y_0x100008511,561,True
func_y_0x1000091b4,-530,True
func_y_0x1000093ed,1090,True
func_y_0x10000943a,169,True
func_y_0x100009602,-333,True
func_ye_0x100002d66,1220,True
func_ye_0x1000048d1,-361,True
func_ye_0x100004a7f,127,True
func_ye_0x100004a9e,-304,False
func_ye_0x100004d78,1191,True
func_ye_0x100004d7a,-285,True
func_ye_0x100004da4,702,False
func_ye_0x100004daf,274,False
func_ye_0x100004dbf,-259,False
func_ye_0x100004dc1,518,True
func_ye_0x100004dc3,-481,True
func_ye_0x100004dcd,-133,False
func_ye_0x100004dcf,729,False
func_ye_0x100004dd9,8,True
func_ye_0x100004ddb,984,False
func_ye_0x1000060cf,367,False
func_ye_0x100006a07,-275,False
func_ye_0x100006a0b,230,False
func_ye_0x100006a11,678,True
func_ye_0x100006ef1,186,False
func_ye_0x100007a21,1141,True
func_ye_0x100007e66,359,True
func_ye_0x100007e89,-587,False
func_ye_0x100007f67,-431,False
func_ye_0x100007f6d,-286,True
func_ye_0x100008310,742,True
func_ye_0x100009408,162,False
func_ye_0x10000940a,-489,False
func_ye_0x100009412,677,True
func_ye_0x100009418,575,True
func_yn_0x100005619,-701,False
func_yn_0x1000056e7,1165,False
func_yn_0x10000578a,-97,True
func_yn_0x100005796,27,True
func_yn_0x100005896,61,False
func_yo_0x10000579b,430,True
func_yo_0x1000057a8,-144,True
func_yr_0x100007001,-99,False
func_yr_0x100007003,505,False
func_yr_0x100007005,-205,False
func_yr_0x100007fcc,683,True
func_yr_0x100007fd4,885,True
func_yr_0x100007fd8,1258,True
func_yr_0x100007fdc,768,True
func_yr_0x100007fe2,-1,False
func_yr_0x100007fe5,762,False
func_yr_0x100007fe7,704,False
func_yr_0x100007feb,156,False
func_yr_0x100007fef,765,False
func_yr_0x100007ff3,-526,False
func_yr_0x100007ff7,414,False
func_yr_0x100007ff9,353,True
func_yr_0x100007fff,-205,True
func_yr_0x100008003,-624,False
func_yr_0x1000080e0,190,False
func_yr_0x1000094fc,1267,False
func_yr_0x100009500,153,True
func_yr_0x100009502,-701,False
func_yr_0x100009e70,-59,True
func_yt_0x100002f3d,-699,True
func_yt_0x1000046f0,785,True
func_yt_0x10000517c,909,False
func_yt_0x100005180,520,True
func_yt_0x10000519d,-171,False
func_yt_0x100005c21,741,True
func_yt_0x100005c23,704,False
func_yt_0x100005c4d,1126,True
func_yt_0x100006fdc,-559,True
func_yt_0x100006fec,-395,False
func_yt_0x100006ff8,1109,False
func_yt_0x10000709f,23,True
func_yt_0x1000070a1,-242,True
func_yt_0x1000070a3,-305,True
func_yt_0x1000070d0,-169,True
func_yt_0x1000094f1,973,False
func_yt_0x100009c01,734,True
func_yt_0x100009c9b,-301,False
func_yt_0x100009c9d,-15,True
func_yt_0x100009c9f,330,False
func_yt_0x100009ca1,1092,False
func_yt_0x100009ca7,1270,True
func_yt_0x100009cab,-424,True
func_yt_0x100009cad,-526,True
func_yt_0x100009cb1,521,False
func_yt_0x100009cb3,519,False
func_yt_0x100009cb7,-649,True
func_yt_0x100009cbb,-309,False
func_yt_0x100009cbd,196,True
func_yt_0x100009cbf,382,False
func_yt_0x100009cc5,-561,True
func_yt_0x100009ccf,-304,False
func_z_0x1000029d4,343,False
func_z_0x100002a84,771,False
func_z_0x100002d32,100,True
func_z_0x100003068,-576,False
func_z_0x1000030fd,-261,True
func_z_0x100003103,694,True
func_z_0x1000031b3,180,True
func_z_0x1000031b5,295,True
func_z_0x1000031b7,306,True
func_z_0x1000031ca,189,False
func_z_0x1000043e3,1194,True
func_z_0x100004634,-206,False
func_z_0x10000467a,-576,False
func_z_0x100004956,-180,True
func_z_0x1000052d7,-259,True
func_z_0x100005f52,692,True
func_z_0x100006254,-639,True
func_z_0x10000633f,1170,False
func_z_0x100006a63,9,False
func_z_0x100006faf,1082,False
func_z_0x100007377,708,False
func_z_0x100007379,176,False
func_z_0x1000077d3,218,True
func_z_0x1000078d9,808,True
func_z_0x1000078dd,-645,True
func_z_0x1000078e1,449,False
func_z_0x1000078e4,-600,True
func_z_0x1000078ea,561,False
func_z_0x100007f00,303,True
func_z_0x100007f0e,168,False
func_z_0x10000814c,-472,True
func_z_0x1000081b8,-398,False
func_z_0x1000081ca,879,False
func_z_0x1000081df,1040,False
func_z_0x100008542,1217,True
func_z_0x10000854f,-246,False
func_z_0x10000855b,856,True
func_z_0x100008560,-557,False
func_z_0x100008ad8,546,False
func_z_0x100008ade,-504,False
func_z_0x100008c9a,824,False
func_z_0x100008cc0,251,True
func_z_0x10000902b,1271,True
func_z_0x10000903f,-338,False
func_z_0x100009043,382,False
func_z_0x1000091a9,-31,False
func_z_0x1000091ab,386,False
func_z_0x1000091ae,-627,True
func_z_0x1000091df,-614,False
func_z_0x1000091e3,-69,False
func_z_0x1000091e5,454,False
func_z_0x1000091e7,-135,True
func_z_0x1000091e9,-637,False
func_z_0x1000091ef,456,True
func_z_0x10000929e,31,False
func_z_0x1000092a1,398,False
func_z_0x1000092a3,124,False
func_z_0x1000092f9,678,False
func_z_0x1000093d8,389,True
func_z_0x100009864,523,False
func_z_0x100009bd2,1270,False
func_z_0x100009c4c,-249,True
func_z_0x100009c50,620,True
func_z_0x100009c52,414,True
func_ze_0x100000580,435,True
func_ze_0x1000007e6,-123,False
func_ze_0x100008009,-461,True
func_ze_0x100009505,282,True
func_ze_0x100009507,92,False
func_ze_0x10000975e,-669,True
func_ze_0x10000979c,1072,False
func_ze_0x10000979f,857,True
func_ze_0x1000097ce,1113,True
func_ze_0x1000097e0,1269,False
func_ze_0x100009e73,1161,True
func_zo_0x100004176,-76,False
func_zo_0x10000417c,700,False
func_zo_0x10000417e,735,False
func_zo_0x10000419e,754,False
func_zo_0x1000041a6,-477,False
func_zo_0x1000041bc,1178,True
func_zo_0x1000041c8,125,False
func_zr_0x100008c25,995,True
func_zr_0x100008dd2,512,True
func_zr_0x10000a04b,146,True
func_zt_0x1000046f5,153,True
func_zt_0x10000515e,587,False
func_zt_0x100005160,-498,True
func_zt_0x10000516e,-343,False
func_zt_0x10000518c,-218,True
func_zt_0x100005c46,249,True
func_zt_0x100005c5c,1137,True
func_zt_0x100005c69,1152,False
func_zt_0x100005c6e,863,True
func_zt_0x100007248,-111,True
func_zt_0x1000094dd,-262,True
func_zt_0x1000094ed,694,True
func_zt_0x100009cd6,-151,False
func_zt_0x100009cd8,1154,False
func_zt_0x100009cdc,-82,False
func_zt_0x100009ce8,258,True
func_zt_0x100009cea,1172,False
func_zt_0x100009cec,-157,False
func_zt_0x100009cf5,638,False
func_zt_0x100009cf8,603,True
func_zt_0x100009d0b,238,False
func_zt_0x100009d13,522,True
func_zt_0x100009d16,-76,True
func_zt_0x100009d21,6,False
func_zu_0x100005540,827,False
func_zu_0x100005546,1197,False
func_zu_0x100005548,-37,True
func_zu_0x10000580b,-386,False
