Started two-pass run: 2026-07-31T07:55:00+02:00
Inputs:               23

Preparing run without cache...
Removing resolved-function CSV caches for the cold run:
  removing: /media/tester/black_hat_materials/samples/all/decompiled/03f4e47b9c2283c32bb8f8f042ce6e41.dec.resolved_funcs.csv
  removing: /media/tester/black_hat_materials/samples/all/decompiled/0b8015cbb1ffdc6efe6a306ff5b1115f.dec.resolved_funcs.csv
  removing: /media/tester/black_hat_materials/samples/all/decompiled/1026743185dfa10e9ddc21b5a4c578d5.dec.resolved_funcs.csv
  removing: /media/tester/black_hat_materials/samples/all/decompiled/201f28b5e62e52e269757930f941c774.dec.resolved_funcs.csv
  removing: /media/tester/black_hat_materials/samples/all/decompiled/2fe27eb8c99626e8c02e4bfd02aca962.dec.resolved_funcs.csv
  removing: /media/tester/black_hat_materials/samples/all/decompiled/376ec4dbc3363fa7131367e4c6327a46.dec.resolved_funcs.csv
  removing: /media/tester/black_hat_materials/samples/all/decompiled/462195f7f8033df7371e899fe9bc51de.dec.resolved_funcs.csv
  removing: /media/tester/black_hat_materials/samples/all/decompiled/499184635d56a9827d2059256a35e530.dec.resolved_funcs.csv
  removing: /media/tester/black_hat_materials/samples/all/decompiled/533d0b93ea03cd5bab4eec0f0ebadd03.dec.resolved_funcs.csv
  removing: /media/tester/black_hat_materials/samples/all/decompiled/68ac84a8470d1f365f0bb2f37b6256d5.dec.resolved_funcs.csv
  removing: /media/tester/black_hat_materials/samples/all/decompiled/6e023b9b3097a2dba311cb06a91fe259.dec.resolved_funcs.csv
  removing: /media/tester/black_hat_materials/samples/all/decompiled/7b659fa5c93af29c4e11d8c8be437058.dec.resolved_funcs.csv
  removing: /media/tester/black_hat_materials/samples/all/decompiled/8fb3e6acb2024601eba0ba484091ff3d.dec.resolved_funcs.csv
  removing: /media/tester/black_hat_materials/samples/all/decompiled/af105a6d4dc10b2bfefd75e917245523.dec.resolved_funcs.csv
  removing: /media/tester/black_hat_materials/samples/all/decompiled/b2dad3f88b7f6870f83eb1ad852b7f7e.dec.resolved_funcs.csv
  removing: /media/tester/black_hat_materials/samples/all/decompiled/d064dfaaef30c057b832c79996c35e89.dec.resolved_funcs.csv
  removing: /media/tester/black_hat_materials/samples/all/decompiled/d5b4137135cf121e3ea07b1c81fe1108.dec.resolved_funcs.csv
  removing: /media/tester/black_hat_materials/samples/all/decompiled/e26687982d924ffebef6fbf2d9d43350.dec.resolved_funcs.csv
  removing: /media/tester/black_hat_materials/samples/all/decompiled/e27ae65977287bdfb7b0e15fd3603f85.dec.resolved_funcs.csv
  removing: /media/tester/black_hat_materials/samples/all/decompiled/e711a90b5ece5380e1acaed56827e8d5.dec.resolved_funcs.csv
  removing: /media/tester/black_hat_materials/samples/all/decompiled/e81b35b76b4d97751c0724bc0c7f3b83.dec.resolved_funcs.csv
  removing: /media/tester/black_hat_materials/samples/all/decompiled/e8b5448b4f7b013e8c6191b20d3f8291.dec.resolved_funcs.csv
  removing: /media/tester/black_hat_materials/samples/all/decompiled/fd4494c555adda2eb54b88f5c9c08801.dec.resolved_funcs.csv

################################################################
### RUN NO CACHE ###
################################################################
Started: 2026-07-31T07:55:00+02:00
Inputs:  23

============================================================
Processing: /media/tester/black_hat_materials/samples/all/decompiled/03f4e47b9c2283c32bb8f8f042ce6e41.dec.pkl
Output:     /media/tester/black_hat_materials/samples/all/deobfuscated/03f4e47b9c2283c32bb8f8f042ce6e41.deobf.txt
Started:    2026-07-31T07:55:00+02:00
Reading from serialized, already decompiled input: /media/tester/black_hat_materials/samples/all/decompiled/03f4e47b9c2283c32bb8f8f042ce6e41.dec.pkl
Replace global scope done. Changed: False
Propagating values by scopes: Done. Changed: True
Propagating values by local variables. Done. Changed: True
Propagating func variables: Done. Changed: True
Start Func: func_start_0x1000079b2
All Deobf functions found: 8230
Checking: func_ut_0x1000000ef
Deobf root: func_ut_0x1000000ef
Inner root: func_lt_0x1000008a3
Strings loaded from: func_IA_0x1000003a7
Loaded string chunks: 211556
Warning: CSV file '/media/tester/black_hat_materials/samples/all/decompiled/03f4e47b9c2283c32bb8f8f042ce6e41.dec.resolved_funcs.csv' not found
Missing 8230 required cached decoder functions
Trying to brutforce values of the initial function: {'func_ut_0x1000000ef'}
Searching for all deobf funcs...
Searching finished, total: 8231
Resolving functions finished, total: 8231
Saved 8231 function configurations to /media/tester/black_hat_materials/samples/all/decompiled/03f4e47b9c2283c32bb8f8f042ce6e41.dec.resolved_funcs.csv
String deobfuscation OK
Strings loaded from: func_IA_0x1000003a7
Hidden the strings definitions
Hidden 8231 functions
Deobfuscated strings in: 220.00891251303256 s. = 3.6668152085505428 min
Replacement round: 0
Replacement round: 1
Replacement round: 2
Replacement round: 3
Replacement round: 4
Replacement round: 5
Replacement round: 6
Refreshing decoded strings after unflattening...
String refresh: 15/123 candidate function(s); inlined 0 decoder argument(s); replaced 0 decoder call(s); 0.107 s
Hidden: 11727 op functions
Propagating globals...
Inlining temporary values...
Applied strict local final-pass cleanup: 15302 change(s) in 4904 function(s)
Final refresh of decoded strings...
String refresh: 85/7447 candidate function(s); inlined 0 decoder argument(s); replaced 0 decoder call(s); 4.014 s
Deobfuscation OK. Total time: 383.6193610149785 s. = 6.393656016916308 min
Serializing to file: /media/tester/black_hat_materials/samples/all/deobfuscated/03f4e47b9c2283c32bb8f8f042ce6e41.deobf.pkl
Exporting to file /media/tester/black_hat_materials/samples/all/deobfuscated/03f4e47b9c2283c32bb8f8f042ce6e41.deobf.txt
Saved string list (total: 97464) to: /media/tester/black_hat_materials/samples/all/deobfuscated/03f4e47b9c2283c32bb8f8f042ce6e41.deobf.txt.strings.txt
Done.
Finished:   /media/tester/black_hat_materials/samples/all/decompiled/03f4e47b9c2283c32bb8f8f042ce6e41.dec.pkl
Completed:  2026-07-31T08:01:39+02:00
============================================================
Processing: /media/tester/black_hat_materials/samples/all/decompiled/0b8015cbb1ffdc6efe6a306ff5b1115f.dec.pkl
Output:     /media/tester/black_hat_materials/samples/all/deobfuscated/0b8015cbb1ffdc6efe6a306ff5b1115f.deobf.txt
Started:    2026-07-31T08:01:39+02:00
Reading from serialized, already decompiled input: /media/tester/black_hat_materials/samples/all/decompiled/0b8015cbb1ffdc6efe6a306ff5b1115f.dec.pkl
Replace global scope done. Changed: False
Propagating values by scopes: Done. Changed: True
Propagating values by local variables. Done. Changed: True
Propagating func variables: Done. Changed: True
Start Func: func_start_0x10000d3fe
All Deobf functions found: 12609
Checking: func_gt_0x100000446
Deobf root: func_gt_0x100000446
Inner root: func_Wt_0x100000428
Strings loaded from: func_lg_0x10000025a
Loaded string chunks: 123135
Warning: CSV file '/media/tester/black_hat_materials/samples/all/decompiled/0b8015cbb1ffdc6efe6a306ff5b1115f.dec.resolved_funcs.csv' not found
Missing 12609 required cached decoder functions
Trying to brutforce values of the initial function: {'func_gt_0x100000446'}
Searching for all deobf funcs...
Searching finished, total: 12610
Resolving functions finished, total: 12610
Saved 12610 function configurations to /media/tester/black_hat_materials/samples/all/decompiled/0b8015cbb1ffdc6efe6a306ff5b1115f.dec.resolved_funcs.csv
String deobfuscation OK
Strings loaded from: func_lg_0x10000025a
Hidden the strings definitions
Hidden 12610 functions
Deobfuscated strings in: 106.34350484400056 s. = 1.7723917474000095 min
Replacement round: 0
Replacement round: 1
Replacement round: 2
Replacement round: 3
Replacement round: 4
Replacement round: 5
Refreshing decoded strings after unflattening...
String refresh: 18/197 candidate function(s); inlined 0 decoder argument(s); replaced 0 decoder call(s); 0.253 s
Hidden: 18028 op functions
Propagating globals...
Inlining temporary values...
Applied strict local final-pass cleanup: 27150 change(s) in 9117 function(s)
Final refresh of decoded strings...
String refresh: 134/13742 candidate function(s); inlined 0 decoder argument(s); replaced 0 decoder call(s); 2.254 s
Deobfuscation OK. Total time: 291.5465035790112 s. = 4.8591083929835195 min
Serializing to file: /media/tester/black_hat_materials/samples/all/deobfuscated/0b8015cbb1ffdc6efe6a306ff5b1115f.deobf.pkl
Exporting to file /media/tester/black_hat_materials/samples/all/deobfuscated/0b8015cbb1ffdc6efe6a306ff5b1115f.deobf.txt
Saved string list (total: 84850) to: /media/tester/black_hat_materials/samples/all/deobfuscated/0b8015cbb1ffdc6efe6a306ff5b1115f.deobf.txt.strings.txt
Done.
Finished:   /media/tester/black_hat_materials/samples/all/decompiled/0b8015cbb1ffdc6efe6a306ff5b1115f.dec.pkl
Completed:  2026-07-31T08:06:50+02:00
============================================================
Processing: /media/tester/black_hat_materials/samples/all/decompiled/1026743185dfa10e9ddc21b5a4c578d5.dec.pkl
Output:     /media/tester/black_hat_materials/samples/all/deobfuscated/1026743185dfa10e9ddc21b5a4c578d5.deobf.txt
Started:    2026-07-31T08:06:50+02:00
Reading from serialized, already decompiled input: /media/tester/black_hat_materials/samples/all/decompiled/1026743185dfa10e9ddc21b5a4c578d5.dec.pkl
Replace global scope done. Changed: False
Propagating values by scopes: Done. Changed: True
Propagating values by local variables. Done. Changed: True
Propagating func variables: Done. Changed: True
Start Func: func_start_0x100005fbc
All Deobf functions found: 2230
Checking: func_V_0x100000422
Deobf root: func_V_0x100000422
Inner root: func_jt_0x100000537
Strings loaded from: func_WZ_0x100000736
Loaded string chunks: 19363
Warning: CSV file '/media/tester/black_hat_materials/samples/all/decompiled/1026743185dfa10e9ddc21b5a4c578d5.dec.resolved_funcs.csv' not found
Missing 2230 required cached decoder functions
Trying to brutforce values of the initial function: {'func_V_0x100000422'}
Searching for all deobf funcs...
Searching finished, total: 2231
Resolving functions finished, total: 2231
Saved 2231 function configurations to /media/tester/black_hat_materials/samples/all/decompiled/1026743185dfa10e9ddc21b5a4c578d5.dec.resolved_funcs.csv
String deobfuscation OK
Strings loaded from: func_WZ_0x100000736
Hidden the strings definitions
Hidden 2231 functions
Deobfuscated strings in: 36.47103196801618 s. = 0.6078505328002696 min
Replacement round: 0
Replacement round: 1
Replacement round: 2
Replacement round: 3
Refreshing decoded strings after unflattening...
String refresh: 1/57 candidate function(s); inlined 0 decoder argument(s); replaced 0 decoder call(s); 0.011 s
Hidden: 2577 op functions
Propagating globals...
Inlining temporary values...
Applied strict local final-pass cleanup: 9211 change(s) in 3988 function(s)
Final refresh of decoded strings...
String refresh: 21/8294 candidate function(s); inlined 0 decoder argument(s); replaced 0 decoder call(s); 0.378 s
Deobfuscation OK. Total time: 97.20839162002085 s. = 1.6201398603336807 min
Serializing to file: /media/tester/black_hat_materials/samples/all/deobfuscated/1026743185dfa10e9ddc21b5a4c578d5.deobf.pkl
Exporting to file /media/tester/black_hat_materials/samples/all/deobfuscated/1026743185dfa10e9ddc21b5a4c578d5.deobf.txt
Saved string list (total: 10004) to: /media/tester/black_hat_materials/samples/all/deobfuscated/1026743185dfa10e9ddc21b5a4c578d5.deobf.txt.strings.txt
Done.
Finished:   /media/tester/black_hat_materials/samples/all/decompiled/1026743185dfa10e9ddc21b5a4c578d5.dec.pkl
Completed:  2026-07-31T08:08:35+02:00
============================================================
Processing: /media/tester/black_hat_materials/samples/all/decompiled/201f28b5e62e52e269757930f941c774.dec.pkl
Output:     /media/tester/black_hat_materials/samples/all/deobfuscated/201f28b5e62e52e269757930f941c774.deobf.txt
Started:    2026-07-31T08:08:35+02:00
Reading from serialized, already decompiled input: /media/tester/black_hat_materials/samples/all/decompiled/201f28b5e62e52e269757930f941c774.dec.pkl
Replace global scope done. Changed: False
Propagating values by scopes: Done. Changed: True
Propagating values by local variables. Done. Changed: True
Propagating func variables: Done. Changed: True
Start Func: func_start_0x10000b941
All Deobf functions found: 11693
Checking: func_mt_0x10000032d
Deobf root: func_mt_0x10000032d
Inner root: func_Et_0x1000003df
Strings loaded from: func_q8_0x1000003c2
Loaded string chunks: 115466
Warning: CSV file '/media/tester/black_hat_materials/samples/all/decompiled/201f28b5e62e52e269757930f941c774.dec.resolved_funcs.csv' not found
Missing 11693 required cached decoder functions
Trying to brutforce values of the initial function: {'func_mt_0x10000032d'}
Searching for all deobf funcs...
Searching finished, total: 11694
Resolving functions finished, total: 11694
Saved 11694 function configurations to /media/tester/black_hat_materials/samples/all/decompiled/201f28b5e62e52e269757930f941c774.dec.resolved_funcs.csv
String deobfuscation OK
Strings loaded from: func_q8_0x1000003c2
Hidden the strings definitions
Hidden 11694 functions
Deobfuscated strings in: 94.7348426610115 s. = 1.5789140443501917 min
Replacement round: 0
Replacement round: 1
Replacement round: 2
Replacement round: 3
Replacement round: 4
Replacement round: 5
Refreshing decoded strings after unflattening...
String refresh: 21/169 candidate function(s); inlined 0 decoder argument(s); replaced 0 decoder call(s); 0.190 s
Hidden: 16611 op functions
Propagating globals...
Inlining temporary values...
Applied strict local final-pass cleanup: 24144 change(s) in 8052 function(s)
Final refresh of decoded strings...
String refresh: 120/11934 candidate function(s); inlined 0 decoder argument(s); replaced 0 decoder call(s); 2.188 s
Deobfuscation OK. Total time: 260.22924422699725 s. = 4.337154070449954 min
Serializing to file: /media/tester/black_hat_materials/samples/all/deobfuscated/201f28b5e62e52e269757930f941c774.deobf.pkl
Exporting to file /media/tester/black_hat_materials/samples/all/deobfuscated/201f28b5e62e52e269757930f941c774.deobf.txt
Saved string list (total: 79823) to: /media/tester/black_hat_materials/samples/all/deobfuscated/201f28b5e62e52e269757930f941c774.deobf.txt.strings.txt
Done.
Finished:   /media/tester/black_hat_materials/samples/all/decompiled/201f28b5e62e52e269757930f941c774.dec.pkl
Completed:  2026-07-31T08:13:12+02:00
============================================================
Processing: /media/tester/black_hat_materials/samples/all/decompiled/2fe27eb8c99626e8c02e4bfd02aca962.dec.pkl
Output:     /media/tester/black_hat_materials/samples/all/deobfuscated/2fe27eb8c99626e8c02e4bfd02aca962.deobf.txt
Started:    2026-07-31T08:13:12+02:00
Reading from serialized, already decompiled input: /media/tester/black_hat_materials/samples/all/decompiled/2fe27eb8c99626e8c02e4bfd02aca962.dec.pkl
Replace global scope done. Changed: False
Propagating values by scopes: Done. Changed: True
Propagating values by local variables. Done. Changed: True
Propagating func variables: Done. Changed: True
Start Func: func_start_0x10000a0d4
All Deobf functions found: 9676
Checking: func_pt_0x1000003f2
Deobf root: func_pt_0x1000003f2
Inner root: func_Pt_0x1000003a8
Strings loaded from: func_j6_0x100000254
Loaded string chunks: 98593
Warning: CSV file '/media/tester/black_hat_materials/samples/all/decompiled/2fe27eb8c99626e8c02e4bfd02aca962.dec.resolved_funcs.csv' not found
Missing 9676 required cached decoder functions
Trying to brutforce values of the initial function: {'func_pt_0x1000003f2'}
Searching for all deobf funcs...
Searching finished, total: 9677
Resolving functions finished, total: 9677
Saved 9677 function configurations to /media/tester/black_hat_materials/samples/all/decompiled/2fe27eb8c99626e8c02e4bfd02aca962.dec.resolved_funcs.csv
String deobfuscation OK
Strings loaded from: func_j6_0x100000254
Hidden the strings definitions
Hidden 9677 functions
Deobfuscated strings in: 88.18397770699812 s. = 1.469732961783302 min
Replacement round: 0
Replacement round: 1
Replacement round: 2
Replacement round: 3
Replacement round: 4
Replacement round: 5
Refreshing decoded strings after unflattening...
String refresh: 20/176 candidate function(s); inlined 0 decoder argument(s); replaced 0 decoder call(s); 0.214 s
Hidden: 13610 op functions
Propagating globals...
Inlining temporary values...
Applied strict local final-pass cleanup: 20517 change(s) in 7004 function(s)
Final refresh of decoded strings...
String refresh: 112/10769 candidate function(s); inlined 0 decoder argument(s); replaced 0 decoder call(s); 1.073 s
Deobfuscation OK. Total time: 228.36493596900254 s. = 3.8060822661500424 min
Serializing to file: /media/tester/black_hat_materials/samples/all/deobfuscated/2fe27eb8c99626e8c02e4bfd02aca962.deobf.pkl
Exporting to file /media/tester/black_hat_materials/samples/all/deobfuscated/2fe27eb8c99626e8c02e4bfd02aca962.deobf.txt
Saved string list (total: 70241) to: /media/tester/black_hat_materials/samples/all/deobfuscated/2fe27eb8c99626e8c02e4bfd02aca962.deobf.txt.strings.txt
Done.
Finished:   /media/tester/black_hat_materials/samples/all/decompiled/2fe27eb8c99626e8c02e4bfd02aca962.dec.pkl
Completed:  2026-07-31T08:17:17+02:00
============================================================
Processing: /media/tester/black_hat_materials/samples/all/decompiled/376ec4dbc3363fa7131367e4c6327a46.dec.pkl
Output:     /media/tester/black_hat_materials/samples/all/deobfuscated/376ec4dbc3363fa7131367e4c6327a46.deobf.txt
Started:    2026-07-31T08:17:17+02:00
Reading from serialized, already decompiled input: /media/tester/black_hat_materials/samples/all/decompiled/376ec4dbc3363fa7131367e4c6327a46.dec.pkl
Replace global scope done. Changed: False
Propagating values by scopes: Done. Changed: True
Propagating values by local variables. Done. Changed: True
Propagating func variables: Done. Changed: True
Start Func: func_start_0x10000bb50
All Deobf functions found: 11838
Checking: func_bt_0x10000004e
Deobf root: func_bt_0x10000004e
Inner root: func_Bt_0x100000994
Strings loaded from: func_EE_0x1000009d5
Loaded string chunks: 116486
Warning: CSV file '/media/tester/black_hat_materials/samples/all/decompiled/376ec4dbc3363fa7131367e4c6327a46.dec.resolved_funcs.csv' not found
Missing 11838 required cached decoder functions
Trying to brutforce values of the initial function: {'func_bt_0x10000004e'}
Searching for all deobf funcs...
Searching finished, total: 11839
Resolving functions finished, total: 11839
Saved 11839 function configurations to /media/tester/black_hat_materials/samples/all/decompiled/376ec4dbc3363fa7131367e4c6327a46.dec.resolved_funcs.csv
String deobfuscation OK
Strings loaded from: func_EE_0x1000009d5
Hidden the strings definitions
Hidden 11839 functions
Deobfuscated strings in: 109.29307608801173 s. = 1.8215512681335289 min
Replacement round: 0
Replacement round: 1
Replacement round: 2
Replacement round: 3
Replacement round: 4
Replacement round: 5
Refreshing decoded strings after unflattening...
String refresh: 19/172 candidate function(s); inlined 0 decoder argument(s); replaced 0 decoder call(s); 0.170 s
Hidden: 16839 op functions
Propagating globals...
Inlining temporary values...
Applied strict local final-pass cleanup: 24232 change(s) in 8094 function(s)
Final refresh of decoded strings...
String refresh: 131/12051 candidate function(s); inlined 0 decoder argument(s); replaced 1 decoder call(s); 1.575 s
Deobfuscation OK. Total time: 275.28308903297875 s. = 4.588051483882979 min
Serializing to file: /media/tester/black_hat_materials/samples/all/deobfuscated/376ec4dbc3363fa7131367e4c6327a46.deobf.pkl
Exporting to file /media/tester/black_hat_materials/samples/all/deobfuscated/376ec4dbc3363fa7131367e4c6327a46.deobf.txt
Saved string list (total: 80259) to: /media/tester/black_hat_materials/samples/all/deobfuscated/376ec4dbc3363fa7131367e4c6327a46.deobf.txt.strings.txt
Done.
Finished:   /media/tester/black_hat_materials/samples/all/decompiled/376ec4dbc3363fa7131367e4c6327a46.dec.pkl
Completed:  2026-07-31T08:22:08+02:00
============================================================
Processing: /media/tester/black_hat_materials/samples/all/decompiled/462195f7f8033df7371e899fe9bc51de.dec.pkl
Output:     /media/tester/black_hat_materials/samples/all/deobfuscated/462195f7f8033df7371e899fe9bc51de.deobf.txt
Started:    2026-07-31T08:22:08+02:00
Reading from serialized, already decompiled input: /media/tester/black_hat_materials/samples/all/decompiled/462195f7f8033df7371e899fe9bc51de.dec.pkl
Replace global scope done. Changed: False
Propagating values by scopes: Done. Changed: True
Propagating values by local variables. Done. Changed: True
Propagating func variables: Done. Changed: True
Start Func: func_start_0x100007b37
All Deobf functions found: 8401
Checking: func_xt_0x100000955
Deobf root: func_xt_0x100000955
Inner root: func_Qt_0x1000004af
Strings loaded from: func_Pf_0x100000018
Loaded string chunks: 211937
Warning: CSV file '/media/tester/black_hat_materials/samples/all/decompiled/462195f7f8033df7371e899fe9bc51de.dec.resolved_funcs.csv' not found
Missing 8401 required cached decoder functions
Trying to brutforce values of the initial function: {'func_xt_0x100000955'}
Searching for all deobf funcs...
Searching finished, total: 8402
Resolving functions finished, total: 8402
Saved 8402 function configurations to /media/tester/black_hat_materials/samples/all/decompiled/462195f7f8033df7371e899fe9bc51de.dec.resolved_funcs.csv
String deobfuscation OK
Strings loaded from: func_Pf_0x100000018
Hidden the strings definitions
Hidden 8402 functions
Deobfuscated strings in: 257.9176359749981 s. = 4.2986272662499685 min
Replacement round: 0
Replacement round: 1
Replacement round: 2
Replacement round: 3
Replacement round: 4
Replacement round: 5
Refreshing decoded strings after unflattening...
String refresh: 8/124 candidate function(s); inlined 0 decoder argument(s); replaced 0 decoder call(s); 0.115 s
Hidden: 11904 op functions
Propagating globals...
Inlining temporary values...
Applied strict local final-pass cleanup: 15365 change(s) in 4934 function(s)
Final refresh of decoded strings...
String refresh: 81/7463 candidate function(s); inlined 0 decoder argument(s); replaced 0 decoder call(s); 1.937 s
Deobfuscation OK. Total time: 417.1703350979951 s. = 6.952838918299919 min
Serializing to file: /media/tester/black_hat_materials/samples/all/deobfuscated/462195f7f8033df7371e899fe9bc51de.deobf.pkl
Exporting to file /media/tester/black_hat_materials/samples/all/deobfuscated/462195f7f8033df7371e899fe9bc51de.deobf.txt
Saved string list (total: 97666) to: /media/tester/black_hat_materials/samples/all/deobfuscated/462195f7f8033df7371e899fe9bc51de.deobf.txt.strings.txt
Done.
Finished:   /media/tester/black_hat_materials/samples/all/decompiled/462195f7f8033df7371e899fe9bc51de.dec.pkl
Completed:  2026-07-31T08:29:20+02:00
============================================================
Processing: /media/tester/black_hat_materials/samples/all/decompiled/499184635d56a9827d2059256a35e530.dec.pkl
Output:     /media/tester/black_hat_materials/samples/all/deobfuscated/499184635d56a9827d2059256a35e530.deobf.txt
Started:    2026-07-31T08:29:20+02:00
Reading from serialized, already decompiled input: /media/tester/black_hat_materials/samples/all/decompiled/499184635d56a9827d2059256a35e530.dec.pkl
Replace global scope done. Changed: False
Propagating values by scopes: Done. Changed: True
Propagating values by local variables. Done. Changed: True
Propagating func variables: Done. Changed: True
Start Func: func_start_0x10000b1f0
All Deobf functions found: 11186
Checking: func_St_0x100000419
Deobf root: func_St_0x100000419
Inner root: func_Dt_0x1000003ec
Strings loaded from: func_Wh_0x1000008db
Loaded string chunks: 110542
Warning: CSV file '/media/tester/black_hat_materials/samples/all/decompiled/499184635d56a9827d2059256a35e530.dec.resolved_funcs.csv' not found
Missing 11186 required cached decoder functions
Trying to brutforce values of the initial function: {'func_St_0x100000419'}
Searching for all deobf funcs...
Searching finished, total: 11187
Resolving functions finished, total: 11187
Saved 11187 function configurations to /media/tester/black_hat_materials/samples/all/decompiled/499184635d56a9827d2059256a35e530.dec.resolved_funcs.csv
String deobfuscation OK
Strings loaded from: func_Wh_0x1000008db
Hidden the strings definitions
Hidden 11187 functions
Deobfuscated strings in: 89.8225294680451 s. = 1.4970421578007518 min
Replacement round: 0
Replacement round: 1
Replacement round: 2
Replacement round: 3
Replacement round: 4
Replacement round: 5
Refreshing decoded strings after unflattening...
String refresh: 12/153 candidate function(s); inlined 0 decoder argument(s); replaced 0 decoder call(s); 0.130 s
Hidden: 15905 op functions
Propagating globals...
Inlining temporary values...
Applied strict local final-pass cleanup: 22794 change(s) in 7682 function(s)
Final refresh of decoded strings...
String refresh: 112/11458 candidate function(s); inlined 0 decoder argument(s); replaced 0 decoder call(s); 1.064 s
Deobfuscation OK. Total time: 251.01919460803038 s. = 4.183653243467173 min
Serializing to file: /media/tester/black_hat_materials/samples/all/deobfuscated/499184635d56a9827d2059256a35e530.deobf.pkl
Exporting to file /media/tester/black_hat_materials/samples/all/deobfuscated/499184635d56a9827d2059256a35e530.deobf.txt
Saved string list (total: 75318) to: /media/tester/black_hat_materials/samples/all/deobfuscated/499184635d56a9827d2059256a35e530.deobf.txt.strings.txt
Done.
Finished:   /media/tester/black_hat_materials/samples/all/decompiled/499184635d56a9827d2059256a35e530.dec.pkl
Completed:  2026-07-31T08:33:45+02:00
============================================================
Processing: /media/tester/black_hat_materials/samples/all/decompiled/533d0b93ea03cd5bab4eec0f0ebadd03.dec.pkl
Output:     /media/tester/black_hat_materials/samples/all/deobfuscated/533d0b93ea03cd5bab4eec0f0ebadd03.deobf.txt
Started:    2026-07-31T08:33:45+02:00
Reading from serialized, already decompiled input: /media/tester/black_hat_materials/samples/all/decompiled/533d0b93ea03cd5bab4eec0f0ebadd03.dec.pkl
Replace global scope done. Changed: False
Propagating values by scopes: Done. Changed: True
Propagating values by local variables. Done. Changed: True
Propagating func variables: Done. Changed: True
Start Func: func_start_0x10000c882
All Deobf functions found: 11969
Checking: func_At_0x1000005f7
Deobf root: func_At_0x1000005f7
Inner root: func_gt_0x10000048e
Strings loaded from: func_$h_0x100000554
Loaded string chunks: 116934
Warning: CSV file '/media/tester/black_hat_materials/samples/all/decompiled/533d0b93ea03cd5bab4eec0f0ebadd03.dec.resolved_funcs.csv' not found
Missing 11969 required cached decoder functions
Trying to brutforce values of the initial function: {'func_At_0x1000005f7'}
Searching for all deobf funcs...
Searching finished, total: 11970
Resolving functions finished, total: 11970
Saved 11970 function configurations to /media/tester/black_hat_materials/samples/all/decompiled/533d0b93ea03cd5bab4eec0f0ebadd03.dec.resolved_funcs.csv
String deobfuscation OK
Strings loaded from: func_$h_0x100000554
Hidden the strings definitions
Hidden 11970 functions
Deobfuscated strings in: 106.57641914801206 s. = 1.7762736524668676 min
Replacement round: 0
Replacement round: 1
Replacement round: 2
Replacement round: 3
Replacement round: 4
Replacement round: 5
Refreshing decoded strings after unflattening...
String refresh: 19/176 candidate function(s); inlined 0 decoder argument(s); replaced 0 decoder call(s); 0.246 s
Hidden: 16913 op functions
Propagating globals...
Inlining temporary values...
Applied strict local final-pass cleanup: 25386 change(s) in 8650 function(s)
Final refresh of decoded strings...
String refresh: 118/13019 candidate function(s); inlined 0 decoder argument(s); replaced 0 decoder call(s); 0.824 s
Deobfuscation OK. Total time: 284.3515851770062 s. = 4.739193086283437 min
Serializing to file: /media/tester/black_hat_materials/samples/all/deobfuscated/533d0b93ea03cd5bab4eec0f0ebadd03.deobf.pkl
Exporting to file /media/tester/black_hat_materials/samples/all/deobfuscated/533d0b93ea03cd5bab4eec0f0ebadd03.deobf.txt
Saved string list (total: 80532) to: /media/tester/black_hat_materials/samples/all/deobfuscated/533d0b93ea03cd5bab4eec0f0ebadd03.deobf.txt.strings.txt
Done.
Finished:   /media/tester/black_hat_materials/samples/all/decompiled/533d0b93ea03cd5bab4eec0f0ebadd03.dec.pkl
Completed:  2026-07-31T08:38:46+02:00
============================================================
Processing: /media/tester/black_hat_materials/samples/all/decompiled/68ac84a8470d1f365f0bb2f37b6256d5.dec.pkl
Output:     /media/tester/black_hat_materials/samples/all/deobfuscated/68ac84a8470d1f365f0bb2f37b6256d5.deobf.txt
Started:    2026-07-31T08:38:46+02:00
Reading from serialized, already decompiled input: /media/tester/black_hat_materials/samples/all/decompiled/68ac84a8470d1f365f0bb2f37b6256d5.dec.pkl
Replace global scope done. Changed: False
Propagating values by scopes: Done. Changed: True
Propagating values by local variables. Done. Changed: True
Propagating func variables: Done. Changed: True
Start Func: func_start_0x10000d0df
All Deobf functions found: 12439
Checking: func_gt_0x10000046b
Deobf root: func_gt_0x10000046b
Inner root: func_pt_0x1000008ef
Strings loaded from: func_rh_0x1000002b6
Loaded string chunks: 122268
Warning: CSV file '/media/tester/black_hat_materials/samples/all/decompiled/68ac84a8470d1f365f0bb2f37b6256d5.dec.resolved_funcs.csv' not found
Missing 12439 required cached decoder functions
Trying to brutforce values of the initial function: {'func_gt_0x10000046b'}
Searching for all deobf funcs...
Searching finished, total: 12440
Resolving functions finished, total: 12440
Saved 12440 function configurations to /media/tester/black_hat_materials/samples/all/decompiled/68ac84a8470d1f365f0bb2f37b6256d5.dec.resolved_funcs.csv
String deobfuscation OK
Strings loaded from: func_rh_0x1000002b6
Hidden the strings definitions
Hidden 12440 functions
Deobfuscated strings in: 102.48211824597092 s. = 1.7080353040995153 min
Replacement round: 0
Replacement round: 1
Replacement round: 2
Replacement round: 3
Replacement round: 4
Replacement round: 5
Replacement round: 6
Refreshing decoded strings after unflattening...
String refresh: 21/188 candidate function(s); inlined 0 decoder argument(s); replaced 0 decoder call(s); 0.258 s
Hidden: 18133 op functions
Propagating globals...
Inlining temporary values...
Applied strict local final-pass cleanup: 26632 change(s) in 8934 function(s)
Final refresh of decoded strings...
String refresh: 119/13418 candidate function(s); inlined 0 decoder argument(s); replaced 0 decoder call(s); 1.525 s
Deobfuscation OK. Total time: 297.7820773400017 s. = 4.963034622333362 min
Serializing to file: /media/tester/black_hat_materials/samples/all/deobfuscated/68ac84a8470d1f365f0bb2f37b6256d5.deobf.pkl
Exporting to file /media/tester/black_hat_materials/samples/all/deobfuscated/68ac84a8470d1f365f0bb2f37b6256d5.deobf.txt
Saved string list (total: 84100) to: /media/tester/black_hat_materials/samples/all/deobfuscated/68ac84a8470d1f365f0bb2f37b6256d5.deobf.txt.strings.txt
Done.
Finished:   /media/tester/black_hat_materials/samples/all/decompiled/68ac84a8470d1f365f0bb2f37b6256d5.dec.pkl
Completed:  2026-07-31T08:44:01+02:00
============================================================
Processing: /media/tester/black_hat_materials/samples/all/decompiled/6e023b9b3097a2dba311cb06a91fe259.dec.pkl
Output:     /media/tester/black_hat_materials/samples/all/deobfuscated/6e023b9b3097a2dba311cb06a91fe259.deobf.txt
Started:    2026-07-31T08:44:01+02:00
Reading from serialized, already decompiled input: /media/tester/black_hat_materials/samples/all/decompiled/6e023b9b3097a2dba311cb06a91fe259.dec.pkl
Replace global scope done. Changed: False
Propagating values by scopes: Done. Changed: True
Propagating values by local variables. Done. Changed: True
Propagating func variables: Done. Changed: True
Start Func: func_start_0x1000033dc
All Deobf functions found: 3731
Checking: func_$e_0x10000023a
Deobf root: func_$e_0x10000023a
Inner root: func_qt_0x1000001c2
Strings loaded from: func_qu_0x100000365
Loaded string chunks: 37850
Warning: CSV file '/media/tester/black_hat_materials/samples/all/decompiled/6e023b9b3097a2dba311cb06a91fe259.dec.resolved_funcs.csv' not found
Missing 3731 required cached decoder functions
Trying to brutforce values of the initial function: {'func_$e_0x10000023a'}
Searching for all deobf funcs...
Searching finished, total: 3732
Resolving functions finished, total: 3732
Saved 3732 function configurations to /media/tester/black_hat_materials/samples/all/decompiled/6e023b9b3097a2dba311cb06a91fe259.dec.resolved_funcs.csv
String deobfuscation OK
Strings loaded from: func_qu_0x100000365
Hidden the strings definitions
Hidden 3732 functions
Deobfuscated strings in: 42.30831603502156 s. = 0.7051386005836927 min
Replacement round: 0
Replacement round: 1
Replacement round: 2
Replacement round: 3
Refreshing decoded strings after unflattening...
String refresh: 8/76 candidate function(s); inlined 0 decoder argument(s); replaced 0 decoder call(s); 0.068 s
Hidden: 4739 op functions
Propagating globals...
Inlining temporary values...
Applied strict local final-pass cleanup: 6137 change(s) in 1972 function(s)
Final refresh of decoded strings...
String refresh: 36/3059 candidate function(s); inlined 0 decoder argument(s); replaced 0 decoder call(s); 0.198 s
Deobfuscation OK. Total time: 84.3680377290002 s. = 1.4061339621500035 min
Serializing to file: /media/tester/black_hat_materials/samples/all/deobfuscated/6e023b9b3097a2dba311cb06a91fe259.deobf.pkl
Exporting to file /media/tester/black_hat_materials/samples/all/deobfuscated/6e023b9b3097a2dba311cb06a91fe259.deobf.txt
Saved string list (total: 27195) to: /media/tester/black_hat_materials/samples/all/deobfuscated/6e023b9b3097a2dba311cb06a91fe259.deobf.txt.strings.txt
Done.
Finished:   /media/tester/black_hat_materials/samples/all/decompiled/6e023b9b3097a2dba311cb06a91fe259.dec.pkl
Completed:  2026-07-31T08:45:31+02:00
============================================================
Processing: /media/tester/black_hat_materials/samples/all/decompiled/7b659fa5c93af29c4e11d8c8be437058.dec.pkl
Output:     /media/tester/black_hat_materials/samples/all/deobfuscated/7b659fa5c93af29c4e11d8c8be437058.deobf.txt
Started:    2026-07-31T08:45:31+02:00
Reading from serialized, already decompiled input: /media/tester/black_hat_materials/samples/all/decompiled/7b659fa5c93af29c4e11d8c8be437058.dec.pkl
Replace global scope done. Changed: False
Propagating values by scopes: Done. Changed: True
Propagating values by local variables. Done. Changed: True
Propagating func variables: Done. Changed: True
Start Func: func_start_0x10000c732
All Deobf functions found: 11843
Checking: func_gt_0x10000000f
Deobf root: func_gt_0x10000000f
Inner root: func_ht_0x100000962
Strings loaded from: func_X2_0x10000056c
Loaded string chunks: 116648
Warning: CSV file '/media/tester/black_hat_materials/samples/all/decompiled/7b659fa5c93af29c4e11d8c8be437058.dec.resolved_funcs.csv' not found
Missing 11843 required cached decoder functions
Trying to brutforce values of the initial function: {'func_gt_0x10000000f'}
Searching for all deobf funcs...
Searching finished, total: 11844
Resolving functions finished, total: 11844
Saved 11844 function configurations to /media/tester/black_hat_materials/samples/all/decompiled/7b659fa5c93af29c4e11d8c8be437058.dec.resolved_funcs.csv
String deobfuscation OK
Strings loaded from: func_X2_0x10000056c
Hidden the strings definitions
Hidden 11844 functions
Deobfuscated strings in: 98.86616343999049 s. = 1.647769390666508 min
Replacement round: 0
Replacement round: 1
Replacement round: 2
Replacement round: 3
Replacement round: 4
Refreshing decoded strings after unflattening...
String refresh: 20/175 candidate function(s); inlined 0 decoder argument(s); replaced 0 decoder call(s); 0.220 s
Hidden: 16706 op functions
Propagating globals...
Inlining temporary values...
Applied strict local final-pass cleanup: 25382 change(s) in 8653 function(s)
Final refresh of decoded strings...
String refresh: 118/13026 candidate function(s); inlined 0 decoder argument(s); replaced 0 decoder call(s); 1.793 s
Deobfuscation OK. Total time: 264.69915802701144 s. = 4.411652633783524 min
Serializing to file: /media/tester/black_hat_materials/samples/all/deobfuscated/7b659fa5c93af29c4e11d8c8be437058.deobf.pkl
Exporting to file /media/tester/black_hat_materials/samples/all/deobfuscated/7b659fa5c93af29c4e11d8c8be437058.deobf.txt
Saved string list (total: 80501) to: /media/tester/black_hat_materials/samples/all/deobfuscated/7b659fa5c93af29c4e11d8c8be437058.deobf.txt.strings.txt
Done.
Finished:   /media/tester/black_hat_materials/samples/all/decompiled/7b659fa5c93af29c4e11d8c8be437058.dec.pkl
Completed:  2026-07-31T08:50:13+02:00
============================================================
Processing: /media/tester/black_hat_materials/samples/all/decompiled/8fb3e6acb2024601eba0ba484091ff3d.dec.pkl
Output:     /media/tester/black_hat_materials/samples/all/deobfuscated/8fb3e6acb2024601eba0ba484091ff3d.deobf.txt
Started:    2026-07-31T08:50:13+02:00
Reading from serialized, already decompiled input: /media/tester/black_hat_materials/samples/all/decompiled/8fb3e6acb2024601eba0ba484091ff3d.dec.pkl
Replace global scope done. Changed: False
Propagating values by scopes: Done. Changed: True
Propagating values by local variables. Done. Changed: True
Propagating func variables: Done. Changed: True
Start Func: func_start_0x10000b1b3
All Deobf functions found: 11077
Checking: func_Dt_0x10000000b
Deobf root: func_Dt_0x10000000b
Inner root: func_yt_0x100000459
Strings loaded from: func_A6_0x100000830
Loaded string chunks: 110601
Warning: CSV file '/media/tester/black_hat_materials/samples/all/decompiled/8fb3e6acb2024601eba0ba484091ff3d.dec.resolved_funcs.csv' not found
Missing 11077 required cached decoder functions
Trying to brutforce values of the initial function: {'func_Dt_0x10000000b'}
Searching for all deobf funcs...
Searching finished, total: 11078
Resolving functions finished, total: 11078
Saved 11078 function configurations to /media/tester/black_hat_materials/samples/all/decompiled/8fb3e6acb2024601eba0ba484091ff3d.dec.resolved_funcs.csv
String deobfuscation OK
Strings loaded from: func_A6_0x100000830
Hidden the strings definitions
Hidden 11078 functions
Deobfuscated strings in: 93.50032976595685 s. = 1.5583388294326141 min
Replacement round: 0
Replacement round: 1
Replacement round: 2
Replacement round: 3
Replacement round: 4
Replacement round: 5
Replacement round: 6
Refreshing decoded strings after unflattening...
String refresh: 13/151 candidate function(s); inlined 0 decoder argument(s); replaced 0 decoder call(s); 0.162 s
Hidden: 15933 op functions
Propagating globals...
Inlining temporary values...
Applied strict local final-pass cleanup: 22792 change(s) in 7677 function(s)
Final refresh of decoded strings...
String refresh: 119/11426 candidate function(s); inlined 0 decoder argument(s); replaced 0 decoder call(s); 1.184 s
Deobfuscation OK. Total time: 259.79524782899534 s. = 4.3299207971499225 min
Serializing to file: /media/tester/black_hat_materials/samples/all/deobfuscated/8fb3e6acb2024601eba0ba484091ff3d.deobf.pkl
Exporting to file /media/tester/black_hat_materials/samples/all/deobfuscated/8fb3e6acb2024601eba0ba484091ff3d.deobf.txt
Saved string list (total: 75320) to: /media/tester/black_hat_materials/samples/all/deobfuscated/8fb3e6acb2024601eba0ba484091ff3d.deobf.txt.strings.txt
Done.
Finished:   /media/tester/black_hat_materials/samples/all/decompiled/8fb3e6acb2024601eba0ba484091ff3d.dec.pkl
Completed:  2026-07-31T08:54:47+02:00
============================================================
Processing: /media/tester/black_hat_materials/samples/all/decompiled/af105a6d4dc10b2bfefd75e917245523.dec.pkl
Output:     /media/tester/black_hat_materials/samples/all/deobfuscated/af105a6d4dc10b2bfefd75e917245523.deobf.txt
Started:    2026-07-31T08:54:47+02:00
Reading from serialized, already decompiled input: /media/tester/black_hat_materials/samples/all/decompiled/af105a6d4dc10b2bfefd75e917245523.dec.pkl
Replace global scope done. Changed: False
Propagating values by scopes: Done. Changed: True
Propagating values by local variables. Done. Changed: True
Propagating func variables: Done. Changed: True
Start Func: func_start_0x10000b19d
All Deobf functions found: 11111
Checking: func_Dt_0x10000099b
Deobf root: func_Dt_0x10000099b
Inner root: func_Ot_0x1000004d9
Strings loaded from: func_pE_0x100000154
Loaded string chunks: 110622
Warning: CSV file '/media/tester/black_hat_materials/samples/all/decompiled/af105a6d4dc10b2bfefd75e917245523.dec.resolved_funcs.csv' not found
Missing 11111 required cached decoder functions
Trying to brutforce values of the initial function: {'func_Dt_0x10000099b'}
Searching for all deobf funcs...
Searching finished, total: 11112
Resolving functions finished, total: 11112
Saved 11112 function configurations to /media/tester/black_hat_materials/samples/all/decompiled/af105a6d4dc10b2bfefd75e917245523.dec.resolved_funcs.csv
String deobfuscation OK
Strings loaded from: func_pE_0x100000154
Hidden the strings definitions
Hidden 11112 functions
Deobfuscated strings in: 92.70631743496051 s. = 1.5451052905826752 min
Replacement round: 0
Replacement round: 1
Replacement round: 2
Replacement round: 3
Replacement round: 4
Replacement round: 5
Refreshing decoded strings after unflattening...
String refresh: 15/151 candidate function(s); inlined 0 decoder argument(s); replaced 0 decoder call(s); 0.142 s
Hidden: 15892 op functions
Propagating globals...
Inlining temporary values...
Applied strict local final-pass cleanup: 22789 change(s) in 7681 function(s)
Final refresh of decoded strings...
String refresh: 114/11410 candidate function(s); inlined 0 decoder argument(s); replaced 0 decoder call(s); 1.809 s
Deobfuscation OK. Total time: 254.28578657796606 s. = 4.238096442966101 min
Serializing to file: /media/tester/black_hat_materials/samples/all/deobfuscated/af105a6d4dc10b2bfefd75e917245523.deobf.pkl
Exporting to file /media/tester/black_hat_materials/samples/all/deobfuscated/af105a6d4dc10b2bfefd75e917245523.deobf.txt
Saved string list (total: 75313) to: /media/tester/black_hat_materials/samples/all/deobfuscated/af105a6d4dc10b2bfefd75e917245523.deobf.txt.strings.txt
Done.
Finished:   /media/tester/black_hat_materials/samples/all/decompiled/af105a6d4dc10b2bfefd75e917245523.dec.pkl
Completed:  2026-07-31T08:59:17+02:00
============================================================
Processing: /media/tester/black_hat_materials/samples/all/decompiled/b2dad3f88b7f6870f83eb1ad852b7f7e.dec.pkl
Output:     /media/tester/black_hat_materials/samples/all/deobfuscated/b2dad3f88b7f6870f83eb1ad852b7f7e.deobf.txt
Started:    2026-07-31T08:59:17+02:00
Reading from serialized, already decompiled input: /media/tester/black_hat_materials/samples/all/decompiled/b2dad3f88b7f6870f83eb1ad852b7f7e.dec.pkl
Replace global scope done. Changed: False
Propagating values by scopes: Done. Changed: True
Propagating values by local variables. Done. Changed: True
Propagating func variables: Done. Changed: True
Start Func: func_start_0x10000d56b
All Deobf functions found: 12804
Checking: func_gt_0x10000000c
Deobf root: func_gt_0x10000000c
Inner root: func_xt_0x100000500
Strings loaded from: func_f7_0x100000233
Loaded string chunks: 123501
Warning: CSV file '/media/tester/black_hat_materials/samples/all/decompiled/b2dad3f88b7f6870f83eb1ad852b7f7e.dec.resolved_funcs.csv' not found
Missing 12804 required cached decoder functions
Trying to brutforce values of the initial function: {'func_gt_0x10000000c'}
Searching for all deobf funcs...
Searching finished, total: 12805
Resolving functions finished, total: 12805
Saved 12805 function configurations to /media/tester/black_hat_materials/samples/all/decompiled/b2dad3f88b7f6870f83eb1ad852b7f7e.dec.resolved_funcs.csv
String deobfuscation OK
Strings loaded from: func_f7_0x100000233
Hidden the strings definitions
Hidden 12805 functions
Deobfuscated strings in: 128.13888309901813 s. = 2.135648051650302 min
Replacement round: 0
Replacement round: 1
Replacement round: 2
Replacement round: 3
Replacement round: 4
Replacement round: 5
Refreshing decoded strings after unflattening...
String refresh: 18/197 candidate function(s); inlined 0 decoder argument(s); replaced 0 decoder call(s); 0.243 s
Hidden: 18194 op functions
Propagating globals...
Inlining temporary values...
Applied strict local final-pass cleanup: 27199 change(s) in 9124 function(s)
Final refresh of decoded strings...
String refresh: 124/13746 candidate function(s); inlined 0 decoder argument(s); replaced 0 decoder call(s); 1.739 s
Deobfuscation OK. Total time: 307.5494820859749 s. = 5.125824701432915 min
Serializing to file: /media/tester/black_hat_materials/samples/all/deobfuscated/b2dad3f88b7f6870f83eb1ad852b7f7e.deobf.pkl
Exporting to file /media/tester/black_hat_materials/samples/all/deobfuscated/b2dad3f88b7f6870f83eb1ad852b7f7e.deobf.txt
Saved string list (total: 84968) to: /media/tester/black_hat_materials/samples/all/deobfuscated/b2dad3f88b7f6870f83eb1ad852b7f7e.deobf.txt.strings.txt
Done.
Finished:   /media/tester/black_hat_materials/samples/all/decompiled/b2dad3f88b7f6870f83eb1ad852b7f7e.dec.pkl
Completed:  2026-07-31T09:04:42+02:00
============================================================
Processing: /media/tester/black_hat_materials/samples/all/decompiled/d064dfaaef30c057b832c79996c35e89.dec.pkl
Output:     /media/tester/black_hat_materials/samples/all/deobfuscated/d064dfaaef30c057b832c79996c35e89.deobf.txt
Started:    2026-07-31T09:04:42+02:00
Reading from serialized, already decompiled input: /media/tester/black_hat_materials/samples/all/decompiled/d064dfaaef30c057b832c79996c35e89.dec.pkl
Replace global scope done. Changed: False
Propagating values by scopes: Done. Changed: True
Propagating values by local variables. Done. Changed: True
Propagating func variables: Done. Changed: True
Start Func: func_start_0x10000b747
All Deobf functions found: 11440
Checking: func_bt_0x10000094d
Deobf root: func_bt_0x10000094d
Inner root: func_Ft_0x100000469
Strings loaded from: func_yg_0x100000948
Loaded string chunks: 114695
Warning: CSV file '/media/tester/black_hat_materials/samples/all/decompiled/d064dfaaef30c057b832c79996c35e89.dec.resolved_funcs.csv' not found
Missing 11440 required cached decoder functions
Trying to brutforce values of the initial function: {'func_bt_0x10000094d'}
Searching for all deobf funcs...
Searching finished, total: 11441
Resolving functions finished, total: 11441
Saved 11441 function configurations to /media/tester/black_hat_materials/samples/all/decompiled/d064dfaaef30c057b832c79996c35e89.dec.resolved_funcs.csv
String deobfuscation OK
Strings loaded from: func_yg_0x100000948
Hidden the strings definitions
Hidden 11441 functions
Deobfuscated strings in: 91.69756885402603 s. = 1.5282928142337673 min
Replacement round: 0
Replacement round: 1
Replacement round: 2
Replacement round: 3
Replacement round: 4
Refreshing decoded strings after unflattening...
String refresh: 20/165 candidate function(s); inlined 0 decoder argument(s); replaced 0 decoder call(s); 0.230 s
Hidden: 16508 op functions
Propagating globals...
Inlining temporary values...
Applied strict local final-pass cleanup: 23868 change(s) in 7981 function(s)
Final refresh of decoded strings...
String refresh: 121/11830 candidate function(s); inlined 0 decoder argument(s); replaced 0 decoder call(s); 0.822 s
Deobfuscation OK. Total time: 246.2888766399701 s. = 4.1048146106661685 min
Serializing to file: /media/tester/black_hat_materials/samples/all/deobfuscated/d064dfaaef30c057b832c79996c35e89.deobf.pkl
Exporting to file /media/tester/black_hat_materials/samples/all/deobfuscated/d064dfaaef30c057b832c79996c35e89.deobf.txt
Saved string list (total: 78893) to: /media/tester/black_hat_materials/samples/all/deobfuscated/d064dfaaef30c057b832c79996c35e89.deobf.txt.strings.txt
Done.
Finished:   /media/tester/black_hat_materials/samples/all/decompiled/d064dfaaef30c057b832c79996c35e89.dec.pkl
Completed:  2026-07-31T09:09:03+02:00
============================================================
Processing: /media/tester/black_hat_materials/samples/all/decompiled/d5b4137135cf121e3ea07b1c81fe1108.dec.pkl
Output:     /media/tester/black_hat_materials/samples/all/deobfuscated/d5b4137135cf121e3ea07b1c81fe1108.deobf.txt
Started:    2026-07-31T09:09:03+02:00
Reading from serialized, already decompiled input: /media/tester/black_hat_materials/samples/all/decompiled/d5b4137135cf121e3ea07b1c81fe1108.dec.pkl
Replace global scope done. Changed: False
Propagating values by scopes: Done. Changed: True
Propagating values by local variables. Done. Changed: True
Propagating func variables: Done. Changed: True
Start Func: func_start_0x100007888
All Deobf functions found: 8116
Checking: func_st_0x10000095d
Deobf root: func_st_0x10000095d
Inner root: func_Ct_0x100000384
Strings loaded from: func_dA_0x10000091f
Loaded string chunks: 209449
Warning: CSV file '/media/tester/black_hat_materials/samples/all/decompiled/d5b4137135cf121e3ea07b1c81fe1108.dec.resolved_funcs.csv' not found
Missing 8116 required cached decoder functions
Trying to brutforce values of the initial function: {'func_st_0x10000095d'}
Searching for all deobf funcs...
Searching finished, total: 8117
Resolving functions finished, total: 8117
Saved 8117 function configurations to /media/tester/black_hat_materials/samples/all/decompiled/d5b4137135cf121e3ea07b1c81fe1108.dec.resolved_funcs.csv
String deobfuscation OK
Strings loaded from: func_dA_0x10000091f
Hidden the strings definitions
Hidden 8117 functions
Deobfuscated strings in: 225.07800935499836 s. = 3.7513001559166392 min
Replacement round: 0
Replacement round: 1
Replacement round: 2
Replacement round: 3
Replacement round: 4
Replacement round: 5
Refreshing decoded strings after unflattening...
String refresh: 10/128 candidate function(s); inlined 0 decoder argument(s); replaced 0 decoder call(s); 0.090 s
Hidden: 11642 op functions
Propagating globals...
Inlining temporary values...
Applied strict local final-pass cleanup: 15073 change(s) in 4857 function(s)
Final refresh of decoded strings...
String refresh: 73/7380 candidate function(s); inlined 0 decoder argument(s); replaced 0 decoder call(s); 2.426 s
Deobfuscation OK. Total time: 389.5710223229835 s. = 6.492850372049725 min
Serializing to file: /media/tester/black_hat_materials/samples/all/deobfuscated/d5b4137135cf121e3ea07b1c81fe1108.deobf.pkl
Exporting to file /media/tester/black_hat_materials/samples/all/deobfuscated/d5b4137135cf121e3ea07b1c81fe1108.deobf.txt
Saved string list (total: 96643) to: /media/tester/black_hat_materials/samples/all/deobfuscated/d5b4137135cf121e3ea07b1c81fe1108.deobf.txt.strings.txt
Done.
Finished:   /media/tester/black_hat_materials/samples/all/decompiled/d5b4137135cf121e3ea07b1c81fe1108.dec.pkl
Completed:  2026-07-31T09:15:49+02:00
============================================================
Processing: /media/tester/black_hat_materials/samples/all/decompiled/e26687982d924ffebef6fbf2d9d43350.dec.pkl
Output:     /media/tester/black_hat_materials/samples/all/deobfuscated/e26687982d924ffebef6fbf2d9d43350.deobf.txt
Started:    2026-07-31T09:15:49+02:00
Reading from serialized, already decompiled input: /media/tester/black_hat_materials/samples/all/decompiled/e26687982d924ffebef6fbf2d9d43350.dec.pkl
Replace global scope done. Changed: False
Propagating values by scopes: Done. Changed: True
Propagating values by local variables. Done. Changed: True
Propagating func variables: Done. Changed: True
Start Func: func_start_0x100009155
All Deobf functions found: 7838
Checking: func_ht_0x100000822
Deobf root: func_ht_0x100000822
Inner root: func_Mt_0x100000401
Strings loaded from: func_t6_0x100000336
Loaded string chunks: 77664
Warning: CSV file '/media/tester/black_hat_materials/samples/all/decompiled/e26687982d924ffebef6fbf2d9d43350.dec.resolved_funcs.csv' not found
Missing 7838 required cached decoder functions
Trying to brutforce values of the initial function: {'func_ht_0x100000822'}
Searching for all deobf funcs...
Searching finished, total: 7839
Resolving functions finished, total: 7839
Saved 7839 function configurations to /media/tester/black_hat_materials/samples/all/decompiled/e26687982d924ffebef6fbf2d9d43350.dec.resolved_funcs.csv
String deobfuscation OK
Strings loaded from: func_t6_0x100000336
Hidden the strings definitions
Hidden 7839 functions
Deobfuscated strings in: 74.88218373799464 s. = 1.2480363956332439 min
Replacement round: 0
Replacement round: 1
Replacement round: 2
Replacement round: 3
Replacement round: 4
Replacement round: 5
Refreshing decoded strings after unflattening...
String refresh: 12/131 candidate function(s); inlined 0 decoder argument(s); replaced 0 decoder call(s); 0.092 s
Hidden: 10616 op functions
Propagating globals...
Inlining temporary values...
Applied strict local final-pass cleanup: 17615 change(s) in 6407 function(s)
Final refresh of decoded strings...
String refresh: 83/10277 candidate function(s); inlined 0 decoder argument(s); replaced 0 decoder call(s); 0.731 s
Deobfuscation OK. Total time: 198.18072248098906 s. = 3.3030120413498176 min
Serializing to file: /media/tester/black_hat_materials/samples/all/deobfuscated/e26687982d924ffebef6fbf2d9d43350.deobf.pkl
Exporting to file /media/tester/black_hat_materials/samples/all/deobfuscated/e26687982d924ffebef6fbf2d9d43350.deobf.txt
Saved string list (total: 54681) to: /media/tester/black_hat_materials/samples/all/deobfuscated/e26687982d924ffebef6fbf2d9d43350.deobf.txt.strings.txt
Done.
Finished:   /media/tester/black_hat_materials/samples/all/decompiled/e26687982d924ffebef6fbf2d9d43350.dec.pkl
Completed:  2026-07-31T09:19:21+02:00
============================================================
Processing: /media/tester/black_hat_materials/samples/all/decompiled/e27ae65977287bdfb7b0e15fd3603f85.dec.pkl
Output:     /media/tester/black_hat_materials/samples/all/deobfuscated/e27ae65977287bdfb7b0e15fd3603f85.deobf.txt
Started:    2026-07-31T09:19:21+02:00
Reading from serialized, already decompiled input: /media/tester/black_hat_materials/samples/all/decompiled/e27ae65977287bdfb7b0e15fd3603f85.dec.pkl
Replace global scope done. Changed: False
Propagating values by scopes: Done. Changed: True
Propagating values by local variables. Done. Changed: True
Propagating func variables: Done. Changed: True
Start Func: func_start_0x10000d2ff
All Deobf functions found: 13027
Checking: func_xt_0x1000004fc
Deobf root: func_xt_0x1000004fc
Inner root: func_Et_0x1000005c3
Strings loaded from: func_KV_0x100000636
Loaded string chunks: 125138
Warning: CSV file '/media/tester/black_hat_materials/samples/all/decompiled/e27ae65977287bdfb7b0e15fd3603f85.dec.resolved_funcs.csv' not found
Missing 13027 required cached decoder functions
Trying to brutforce values of the initial function: {'func_xt_0x1000004fc'}
Searching for all deobf funcs...
Searching finished, total: 13028
Resolving functions finished, total: 13028
Saved 13028 function configurations to /media/tester/black_hat_materials/samples/all/decompiled/e27ae65977287bdfb7b0e15fd3603f85.dec.resolved_funcs.csv
String deobfuscation OK
Strings loaded from: func_KV_0x100000636
Hidden the strings definitions
Hidden 13028 functions
Deobfuscated strings in: 104.89418702200055 s. = 1.7482364503666759 min
Replacement round: 0
Replacement round: 1
Replacement round: 2
Replacement round: 3
Replacement round: 4
Refreshing decoded strings after unflattening...
String refresh: 17/206 candidate function(s); inlined 0 decoder argument(s); replaced 0 decoder call(s); 0.228 s
Hidden: 18450 op functions
Propagating globals...
Inlining temporary values...
Applied strict local final-pass cleanup: 26391 change(s) in 8899 function(s)
Final refresh of decoded strings...
String refresh: 128/13454 candidate function(s); inlined 0 decoder argument(s); replaced 0 decoder call(s); 0.996 s
Deobfuscation OK. Total time: 276.3200954819913 s. = 4.605334924699855 min
Serializing to file: /media/tester/black_hat_materials/samples/all/deobfuscated/e27ae65977287bdfb7b0e15fd3603f85.deobf.pkl
Exporting to file /media/tester/black_hat_materials/samples/all/deobfuscated/e27ae65977287bdfb7b0e15fd3603f85.deobf.txt
Saved string list (total: 87162) to: /media/tester/black_hat_materials/samples/all/deobfuscated/e27ae65977287bdfb7b0e15fd3603f85.deobf.txt.strings.txt
Done.
Finished:   /media/tester/black_hat_materials/samples/all/decompiled/e27ae65977287bdfb7b0e15fd3603f85.dec.pkl
Completed:  2026-07-31T09:24:16+02:00
============================================================
Processing: /media/tester/black_hat_materials/samples/all/decompiled/e711a90b5ece5380e1acaed56827e8d5.dec.pkl
Output:     /media/tester/black_hat_materials/samples/all/deobfuscated/e711a90b5ece5380e1acaed56827e8d5.deobf.txt
Started:    2026-07-31T09:24:16+02:00
Reading from serialized, already decompiled input: /media/tester/black_hat_materials/samples/all/decompiled/e711a90b5ece5380e1acaed56827e8d5.dec.pkl
Replace global scope done. Changed: False
Propagating values by scopes: Done. Changed: True
Propagating values by local variables. Done. Changed: True
Propagating func variables: Done. Changed: True
Start Func: func_start_0x10000b96e
All Deobf functions found: 11686
Checking: func_Et_0x10000045a
Deobf root: func_Et_0x10000045a
Inner root: func_vt_0x100000993
Strings loaded from: func_q2_0x10000092c
Loaded string chunks: 115735
Warning: CSV file '/media/tester/black_hat_materials/samples/all/decompiled/e711a90b5ece5380e1acaed56827e8d5.dec.resolved_funcs.csv' not found
Missing 11686 required cached decoder functions
Trying to brutforce values of the initial function: {'func_Et_0x10000045a'}
Searching for all deobf funcs...
Searching finished, total: 11687
Resolving functions finished, total: 11687
Saved 11687 function configurations to /media/tester/black_hat_materials/samples/all/decompiled/e711a90b5ece5380e1acaed56827e8d5.dec.resolved_funcs.csv
String deobfuscation OK
Strings loaded from: func_q2_0x10000092c
Hidden the strings definitions
Hidden 11687 functions
Deobfuscated strings in: 94.54040453699417 s. = 1.575673408949903 min
Replacement round: 0
Replacement round: 1
Replacement round: 2
Replacement round: 3
Replacement round: 4
Replacement round: 5
Replacement round: 6
Refreshing decoded strings after unflattening...
String refresh: 18/168 candidate function(s); inlined 0 decoder argument(s); replaced 0 decoder call(s); 0.230 s
Hidden: 16628 op functions
Propagating globals...
Inlining temporary values...
Applied strict local final-pass cleanup: 24182 change(s) in 8068 function(s)
Final refresh of decoded strings...
String refresh: 127/11968 candidate function(s); inlined 0 decoder argument(s); replaced 0 decoder call(s); 2.093 s
Deobfuscation OK. Total time: 276.1559829660109 s. = 4.602599716100182 min
Serializing to file: /media/tester/black_hat_materials/samples/all/deobfuscated/e711a90b5ece5380e1acaed56827e8d5.deobf.pkl
Exporting to file /media/tester/black_hat_materials/samples/all/deobfuscated/e711a90b5ece5380e1acaed56827e8d5.deobf.txt
Saved string list (total: 79969) to: /media/tester/black_hat_materials/samples/all/deobfuscated/e711a90b5ece5380e1acaed56827e8d5.deobf.txt.strings.txt
Done.
Finished:   /media/tester/black_hat_materials/samples/all/decompiled/e711a90b5ece5380e1acaed56827e8d5.dec.pkl
Completed:  2026-07-31T09:29:07+02:00
============================================================
Processing: /media/tester/black_hat_materials/samples/all/decompiled/e81b35b76b4d97751c0724bc0c7f3b83.dec.pkl
Output:     /media/tester/black_hat_materials/samples/all/deobfuscated/e81b35b76b4d97751c0724bc0c7f3b83.deobf.txt
Started:    2026-07-31T09:29:07+02:00
Reading from serialized, already decompiled input: /media/tester/black_hat_materials/samples/all/decompiled/e81b35b76b4d97751c0724bc0c7f3b83.dec.pkl
Replace global scope done. Changed: False
Propagating values by scopes: Done. Changed: True
Propagating values by local variables. Done. Changed: True
Propagating func variables: Done. Changed: True
Start Func: func_start_0x10000cdd4
All Deobf functions found: 12523
Checking: func_ot_0x100000559
Deobf root: func_ot_0x100000559
Inner root: func_at_0x100000668
Strings loaded from: func_um_0x1000005d9
Loaded string chunks: 119315
Warning: CSV file '/media/tester/black_hat_materials/samples/all/decompiled/e81b35b76b4d97751c0724bc0c7f3b83.dec.resolved_funcs.csv' not found
Missing 12523 required cached decoder functions
Trying to brutforce values of the initial function: {'func_ot_0x100000559'}
Searching for all deobf funcs...
Searching finished, total: 12524
Resolving functions finished, total: 12524
Saved 12524 function configurations to /media/tester/black_hat_materials/samples/all/decompiled/e81b35b76b4d97751c0724bc0c7f3b83.dec.resolved_funcs.csv
String deobfuscation OK
Strings loaded from: func_um_0x1000005d9
Hidden the strings definitions
Hidden 12524 functions
Deobfuscated strings in: 104.00802476599347 s. = 1.7334670794332245 min
Replacement round: 0
Replacement round: 1
Replacement round: 2
Replacement round: 3
Replacement round: 4
Replacement round: 5
Refreshing decoded strings after unflattening...
String refresh: 23/204 candidate function(s); inlined 0 decoder argument(s); replaced 0 decoder call(s); 0.281 s
Hidden: 17626 op functions
Propagating globals...
Inlining temporary values...
Applied strict local final-pass cleanup: 25258 change(s) in 8693 function(s)
Final refresh of decoded strings...
String refresh: 128/13272 candidate function(s); inlined 0 decoder argument(s); replaced 0 decoder call(s); 1.271 s
Deobfuscation OK. Total time: 282.7252690840396 s. = 4.712087818067327 min
Serializing to file: /media/tester/black_hat_materials/samples/all/deobfuscated/e81b35b76b4d97751c0724bc0c7f3b83.deobf.pkl
Exporting to file /media/tester/black_hat_materials/samples/all/deobfuscated/e81b35b76b4d97751c0724bc0c7f3b83.deobf.txt
Saved string list (total: 83332) to: /media/tester/black_hat_materials/samples/all/deobfuscated/e81b35b76b4d97751c0724bc0c7f3b83.deobf.txt.strings.txt
Done.
Finished:   /media/tester/black_hat_materials/samples/all/decompiled/e81b35b76b4d97751c0724bc0c7f3b83.dec.pkl
Completed:  2026-07-31T09:34:08+02:00
============================================================
Processing: /media/tester/black_hat_materials/samples/all/decompiled/e8b5448b4f7b013e8c6191b20d3f8291.dec.pkl
Output:     /media/tester/black_hat_materials/samples/all/deobfuscated/e8b5448b4f7b013e8c6191b20d3f8291.deobf.txt
Started:    2026-07-31T09:34:08+02:00
Reading from serialized, already decompiled input: /media/tester/black_hat_materials/samples/all/decompiled/e8b5448b4f7b013e8c6191b20d3f8291.dec.pkl
Replace global scope done. Changed: False
Propagating values by scopes: Done. Changed: True
Propagating values by local variables. Done. Changed: True
Propagating func variables: Done. Changed: True
Start Func: func_start_0x10000782b
All Deobf functions found: 8077
Checking: func_dt_0x100000784
Deobf root: func_dt_0x100000784
Inner root: func_gt_0x1000008e0
Strings loaded from: func_E1_0x10000091a
Loaded string chunks: 209278
Warning: CSV file '/media/tester/black_hat_materials/samples/all/decompiled/e8b5448b4f7b013e8c6191b20d3f8291.dec.resolved_funcs.csv' not found
Missing 8077 required cached decoder functions
Trying to brutforce values of the initial function: {'func_dt_0x100000784'}
Searching for all deobf funcs...
Searching finished, total: 8078
Resolving functions finished, total: 8078
Saved 8078 function configurations to /media/tester/black_hat_materials/samples/all/decompiled/e8b5448b4f7b013e8c6191b20d3f8291.dec.resolved_funcs.csv
String deobfuscation OK
Strings loaded from: func_E1_0x10000091a
Hidden the strings definitions
Hidden 8078 functions
Deobfuscated strings in: 228.64122776000295 s. = 3.8106871293333824 min
Replacement round: 0
Replacement round: 1
Replacement round: 2
Replacement round: 3
Replacement round: 4
Replacement round: 5
Refreshing decoded strings after unflattening...
String refresh: 7/124 candidate function(s); inlined 0 decoder argument(s); replaced 0 decoder call(s); 0.064 s
Hidden: 11631 op functions
Propagating globals...
Inlining temporary values...
Applied strict local final-pass cleanup: 15033 change(s) in 4854 function(s)
Final refresh of decoded strings...
String refresh: 80/7380 candidate function(s); inlined 0 decoder argument(s); replaced 0 decoder call(s); 2.494 s
Deobfuscation OK. Total time: 383.8957767559914 s. = 6.3982629459331894 min
Serializing to file: /media/tester/black_hat_materials/samples/all/deobfuscated/e8b5448b4f7b013e8c6191b20d3f8291.deobf.pkl
Exporting to file /media/tester/black_hat_materials/samples/all/deobfuscated/e8b5448b4f7b013e8c6191b20d3f8291.deobf.txt
Saved string list (total: 96522) to: /media/tester/black_hat_materials/samples/all/deobfuscated/e8b5448b4f7b013e8c6191b20d3f8291.deobf.txt.strings.txt
Done.
Finished:   /media/tester/black_hat_materials/samples/all/decompiled/e8b5448b4f7b013e8c6191b20d3f8291.dec.pkl
Completed:  2026-07-31T09:40:50+02:00
============================================================
Processing: /media/tester/black_hat_materials/samples/all/decompiled/fd4494c555adda2eb54b88f5c9c08801.dec.pkl
Output:     /media/tester/black_hat_materials/samples/all/deobfuscated/fd4494c555adda2eb54b88f5c9c08801.deobf.txt
Started:    2026-07-31T09:40:50+02:00
Reading from serialized, already decompiled input: /media/tester/black_hat_materials/samples/all/decompiled/fd4494c555adda2eb54b88f5c9c08801.dec.pkl
Replace global scope done. Changed: False
Propagating values by scopes: Done. Changed: True
Propagating values by local variables. Done. Changed: True
Propagating func variables: Done. Changed: True
Start Func: func_start_0x100008306
All Deobf functions found: 8920
Checking: func_xt_0x100000239
Deobf root: func_xt_0x100000239
Inner root: func_Qt_0x100000753
Strings loaded from: func_cp_0x10000019f
Loaded string chunks: 216854
Warning: CSV file '/media/tester/black_hat_materials/samples/all/decompiled/fd4494c555adda2eb54b88f5c9c08801.dec.resolved_funcs.csv' not found
Missing 8920 required cached decoder functions
Trying to brutforce values of the initial function: {'func_xt_0x100000239'}
Searching for all deobf funcs...
Searching finished, total: 8921
Resolving functions finished, total: 8921
Saved 8921 function configurations to /media/tester/black_hat_materials/samples/all/decompiled/fd4494c555adda2eb54b88f5c9c08801.dec.resolved_funcs.csv
String deobfuscation OK
Strings loaded from: func_cp_0x10000019f
Hidden the strings definitions
Hidden 8921 functions
Deobfuscated strings in: 289.33448735199636 s. = 4.822241455866606 min
Replacement round: 0
Replacement round: 1
Replacement round: 2
Replacement round: 3
Replacement round: 4
Replacement round: 5
Replacement round: 6
Refreshing decoded strings after unflattening...
String refresh: 12/135 candidate function(s); inlined 0 decoder argument(s); replaced 0 decoder call(s); 0.132 s
Hidden: 12538 op functions
Propagating globals...
Inlining temporary values...
Applied strict local final-pass cleanup: 16908 change(s) in 5557 function(s)
Final refresh of decoded strings...
String refresh: 89/8219 candidate function(s); inlined 0 decoder argument(s); replaced 0 decoder call(s); 3.302 s
Deobfuscation OK. Total time: 470.50136587698944 s. = 7.841689431283157 min
Serializing to file: /media/tester/black_hat_materials/samples/all/deobfuscated/fd4494c555adda2eb54b88f5c9c08801.deobf.pkl
Exporting to file /media/tester/black_hat_materials/samples/all/deobfuscated/fd4494c555adda2eb54b88f5c9c08801.deobf.txt
Saved string list (total: 103242) to: /media/tester/black_hat_materials/samples/all/deobfuscated/fd4494c555adda2eb54b88f5c9c08801.deobf.txt.strings.txt
Done.
Finished:   /media/tester/black_hat_materials/samples/all/decompiled/fd4494c555adda2eb54b88f5c9c08801.dec.pkl
Completed:  2026-07-31T09:48:59+02:00
All files deobfuscated successfully.

============================================================
Validating generated output: RUN NO CACHE

------------------------------------------------------------
Input:  /media/tester/black_hat_materials/samples/all/decompiled/03f4e47b9c2283c32bb8f8f042ce6e41.dec.pkl
Output: /media/tester/black_hat_materials/samples/all/deobfuscated/03f4e47b9c2283c32bb8f8f042ce6e41.deobf.txt
CSV:    /media/tester/black_hat_materials/samples/all/decompiled/03f4e47b9c2283c32bb8f8f042ce6e41.dec.resolved_funcs.csv
Unresolved decoder references: 0

------------------------------------------------------------
Input:  /media/tester/black_hat_materials/samples/all/decompiled/0b8015cbb1ffdc6efe6a306ff5b1115f.dec.pkl
Output: /media/tester/black_hat_materials/samples/all/deobfuscated/0b8015cbb1ffdc6efe6a306ff5b1115f.deobf.txt
CSV:    /media/tester/black_hat_materials/samples/all/decompiled/0b8015cbb1ffdc6efe6a306ff5b1115f.dec.resolved_funcs.csv
Unresolved decoder references: 0

------------------------------------------------------------
Input:  /media/tester/black_hat_materials/samples/all/decompiled/1026743185dfa10e9ddc21b5a4c578d5.dec.pkl
Output: /media/tester/black_hat_materials/samples/all/deobfuscated/1026743185dfa10e9ddc21b5a4c578d5.deobf.txt
CSV:    /media/tester/black_hat_materials/samples/all/decompiled/1026743185dfa10e9ddc21b5a4c578d5.dec.resolved_funcs.csv
Unresolved decoder references: 0

------------------------------------------------------------
Input:  /media/tester/black_hat_materials/samples/all/decompiled/201f28b5e62e52e269757930f941c774.dec.pkl
Output: /media/tester/black_hat_materials/samples/all/deobfuscated/201f28b5e62e52e269757930f941c774.deobf.txt
CSV:    /media/tester/black_hat_materials/samples/all/decompiled/201f28b5e62e52e269757930f941c774.dec.resolved_funcs.csv
Unresolved decoder references: 0

------------------------------------------------------------
Input:  /media/tester/black_hat_materials/samples/all/decompiled/2fe27eb8c99626e8c02e4bfd02aca962.dec.pkl
Output: /media/tester/black_hat_materials/samples/all/deobfuscated/2fe27eb8c99626e8c02e4bfd02aca962.deobf.txt
CSV:    /media/tester/black_hat_materials/samples/all/decompiled/2fe27eb8c99626e8c02e4bfd02aca962.dec.resolved_funcs.csv
Unresolved decoder references: 0

------------------------------------------------------------
Input:  /media/tester/black_hat_materials/samples/all/decompiled/376ec4dbc3363fa7131367e4c6327a46.dec.pkl
Output: /media/tester/black_hat_materials/samples/all/deobfuscated/376ec4dbc3363fa7131367e4c6327a46.deobf.txt
CSV:    /media/tester/black_hat_materials/samples/all/decompiled/376ec4dbc3363fa7131367e4c6327a46.dec.resolved_funcs.csv
Unresolved decoder references: 0

------------------------------------------------------------
Input:  /media/tester/black_hat_materials/samples/all/decompiled/462195f7f8033df7371e899fe9bc51de.dec.pkl
Output: /media/tester/black_hat_materials/samples/all/deobfuscated/462195f7f8033df7371e899fe9bc51de.deobf.txt
CSV:    /media/tester/black_hat_materials/samples/all/decompiled/462195f7f8033df7371e899fe9bc51de.dec.resolved_funcs.csv
Unresolved decoder references: 0

------------------------------------------------------------
Input:  /media/tester/black_hat_materials/samples/all/decompiled/499184635d56a9827d2059256a35e530.dec.pkl
Output: /media/tester/black_hat_materials/samples/all/deobfuscated/499184635d56a9827d2059256a35e530.deobf.txt
CSV:    /media/tester/black_hat_materials/samples/all/decompiled/499184635d56a9827d2059256a35e530.dec.resolved_funcs.csv
Unresolved decoder references: 0

------------------------------------------------------------
Input:  /media/tester/black_hat_materials/samples/all/decompiled/533d0b93ea03cd5bab4eec0f0ebadd03.dec.pkl
Output: /media/tester/black_hat_materials/samples/all/deobfuscated/533d0b93ea03cd5bab4eec0f0ebadd03.deobf.txt
CSV:    /media/tester/black_hat_materials/samples/all/decompiled/533d0b93ea03cd5bab4eec0f0ebadd03.dec.resolved_funcs.csv
Unresolved decoder references: 0

------------------------------------------------------------
Input:  /media/tester/black_hat_materials/samples/all/decompiled/68ac84a8470d1f365f0bb2f37b6256d5.dec.pkl
Output: /media/tester/black_hat_materials/samples/all/deobfuscated/68ac84a8470d1f365f0bb2f37b6256d5.deobf.txt
CSV:    /media/tester/black_hat_materials/samples/all/decompiled/68ac84a8470d1f365f0bb2f37b6256d5.dec.resolved_funcs.csv
Unresolved decoder references: 0

------------------------------------------------------------
Input:  /media/tester/black_hat_materials/samples/all/decompiled/6e023b9b3097a2dba311cb06a91fe259.dec.pkl
Output: /media/tester/black_hat_materials/samples/all/deobfuscated/6e023b9b3097a2dba311cb06a91fe259.deobf.txt
CSV:    /media/tester/black_hat_materials/samples/all/decompiled/6e023b9b3097a2dba311cb06a91fe259.dec.resolved_funcs.csv
Unresolved decoder references: 0

------------------------------------------------------------
Input:  /media/tester/black_hat_materials/samples/all/decompiled/7b659fa5c93af29c4e11d8c8be437058.dec.pkl
Output: /media/tester/black_hat_materials/samples/all/deobfuscated/7b659fa5c93af29c4e11d8c8be437058.deobf.txt
CSV:    /media/tester/black_hat_materials/samples/all/decompiled/7b659fa5c93af29c4e11d8c8be437058.dec.resolved_funcs.csv
Unresolved decoder references: 0

------------------------------------------------------------
Input:  /media/tester/black_hat_materials/samples/all/decompiled/8fb3e6acb2024601eba0ba484091ff3d.dec.pkl
Output: /media/tester/black_hat_materials/samples/all/deobfuscated/8fb3e6acb2024601eba0ba484091ff3d.deobf.txt
CSV:    /media/tester/black_hat_materials/samples/all/decompiled/8fb3e6acb2024601eba0ba484091ff3d.dec.resolved_funcs.csv
Unresolved decoder references: 0

------------------------------------------------------------
Input:  /media/tester/black_hat_materials/samples/all/decompiled/af105a6d4dc10b2bfefd75e917245523.dec.pkl
Output: /media/tester/black_hat_materials/samples/all/deobfuscated/af105a6d4dc10b2bfefd75e917245523.deobf.txt
CSV:    /media/tester/black_hat_materials/samples/all/decompiled/af105a6d4dc10b2bfefd75e917245523.dec.resolved_funcs.csv
Unresolved decoder references: 0

------------------------------------------------------------
Input:  /media/tester/black_hat_materials/samples/all/decompiled/b2dad3f88b7f6870f83eb1ad852b7f7e.dec.pkl
Output: /media/tester/black_hat_materials/samples/all/deobfuscated/b2dad3f88b7f6870f83eb1ad852b7f7e.deobf.txt
CSV:    /media/tester/black_hat_materials/samples/all/decompiled/b2dad3f88b7f6870f83eb1ad852b7f7e.dec.resolved_funcs.csv
Unresolved decoder references: 0

------------------------------------------------------------
Input:  /media/tester/black_hat_materials/samples/all/decompiled/d064dfaaef30c057b832c79996c35e89.dec.pkl
Output: /media/tester/black_hat_materials/samples/all/deobfuscated/d064dfaaef30c057b832c79996c35e89.deobf.txt
CSV:    /media/tester/black_hat_materials/samples/all/decompiled/d064dfaaef30c057b832c79996c35e89.dec.resolved_funcs.csv
Unresolved decoder references: 0

------------------------------------------------------------
Input:  /media/tester/black_hat_materials/samples/all/decompiled/d5b4137135cf121e3ea07b1c81fe1108.dec.pkl
Output: /media/tester/black_hat_materials/samples/all/deobfuscated/d5b4137135cf121e3ea07b1c81fe1108.deobf.txt
CSV:    /media/tester/black_hat_materials/samples/all/decompiled/d5b4137135cf121e3ea07b1c81fe1108.dec.resolved_funcs.csv
Unresolved decoder references: 0

------------------------------------------------------------
Input:  /media/tester/black_hat_materials/samples/all/decompiled/e26687982d924ffebef6fbf2d9d43350.dec.pkl
Output: /media/tester/black_hat_materials/samples/all/deobfuscated/e26687982d924ffebef6fbf2d9d43350.deobf.txt
CSV:    /media/tester/black_hat_materials/samples/all/decompiled/e26687982d924ffebef6fbf2d9d43350.dec.resolved_funcs.csv
Unresolved decoder references: 0

------------------------------------------------------------
Input:  /media/tester/black_hat_materials/samples/all/decompiled/e27ae65977287bdfb7b0e15fd3603f85.dec.pkl
Output: /media/tester/black_hat_materials/samples/all/deobfuscated/e27ae65977287bdfb7b0e15fd3603f85.deobf.txt
CSV:    /media/tester/black_hat_materials/samples/all/decompiled/e27ae65977287bdfb7b0e15fd3603f85.dec.resolved_funcs.csv
Unresolved decoder references: 0

------------------------------------------------------------
Input:  /media/tester/black_hat_materials/samples/all/decompiled/e711a90b5ece5380e1acaed56827e8d5.dec.pkl
Output: /media/tester/black_hat_materials/samples/all/deobfuscated/e711a90b5ece5380e1acaed56827e8d5.deobf.txt
CSV:    /media/tester/black_hat_materials/samples/all/decompiled/e711a90b5ece5380e1acaed56827e8d5.dec.resolved_funcs.csv
Unresolved decoder references: 0

------------------------------------------------------------
Input:  /media/tester/black_hat_materials/samples/all/decompiled/e81b35b76b4d97751c0724bc0c7f3b83.dec.pkl
Output: /media/tester/black_hat_materials/samples/all/deobfuscated/e81b35b76b4d97751c0724bc0c7f3b83.deobf.txt
CSV:    /media/tester/black_hat_materials/samples/all/decompiled/e81b35b76b4d97751c0724bc0c7f3b83.dec.resolved_funcs.csv
Unresolved decoder references: 0

------------------------------------------------------------
Input:  /media/tester/black_hat_materials/samples/all/decompiled/e8b5448b4f7b013e8c6191b20d3f8291.dec.pkl
Output: /media/tester/black_hat_materials/samples/all/deobfuscated/e8b5448b4f7b013e8c6191b20d3f8291.deobf.txt
CSV:    /media/tester/black_hat_materials/samples/all/decompiled/e8b5448b4f7b013e8c6191b20d3f8291.dec.resolved_funcs.csv
Unresolved decoder references: 0

------------------------------------------------------------
Input:  /media/tester/black_hat_materials/samples/all/decompiled/fd4494c555adda2eb54b88f5c9c08801.dec.pkl
Output: /media/tester/black_hat_materials/samples/all/deobfuscated/fd4494c555adda2eb54b88f5c9c08801.deobf.txt
CSV:    /media/tester/black_hat_materials/samples/all/decompiled/fd4494c555adda2eb54b88f5c9c08801.dec.resolved_funcs.csv
Unresolved decoder references: 0

============================================================
RUN NO CACHE summary
Deobfuscation command failures: 0
Missing output files:           0
Validation failures:            0
Completed: 2026-07-31T09:49:14+02:00

Preparing run with cache...
Keeping the CSV caches generated by the cold run.
Deleting every item from: /media/tester/black_hat_materials/samples/all/deobfuscated

################################################################
### RUN WITH CACHE ###
################################################################
Started: 2026-07-31T09:49:15+02:00
Inputs:  23

============================================================
Processing: /media/tester/black_hat_materials/samples/all/decompiled/03f4e47b9c2283c32bb8f8f042ce6e41.dec.pkl
Output:     /media/tester/black_hat_materials/samples/all/deobfuscated/03f4e47b9c2283c32bb8f8f042ce6e41.deobf.txt
Started:    2026-07-31T09:49:15+02:00
Reading from serialized, already decompiled input: /media/tester/black_hat_materials/samples/all/decompiled/03f4e47b9c2283c32bb8f8f042ce6e41.dec.pkl
Replace global scope done. Changed: False
Propagating values by scopes: Done. Changed: True
Propagating values by local variables. Done. Changed: True
Propagating func variables: Done. Changed: True
Start Func: func_start_0x1000079b2
All Deobf functions found: 8230
Checking: func_ut_0x1000000ef
Deobf root: func_ut_0x1000000ef
Inner root: func_lt_0x1000008a3
Strings loaded from: func_IA_0x1000003a7
Loaded string chunks: 211556
Loaded 8231 current-payload function configurations from /media/tester/black_hat_materials/samples/all/decompiled/03f4e47b9c2283c32bb8f8f042ce6e41.dec.resolved_funcs.csv
String deobfuscation OK
Strings loaded from: func_IA_0x1000003a7
Hidden the strings definitions
Hidden 8231 functions
Deobfuscated strings in: 182.2493690259871 s. = 3.0374894837664517 min
Replacement round: 0
Replacement round: 1
Replacement round: 2
Replacement round: 3
Replacement round: 4
Replacement round: 5
Replacement round: 6
Refreshing decoded strings after unflattening...
String refresh: 15/123 candidate function(s); inlined 0 decoder argument(s); replaced 0 decoder call(s); 0.140 s
Hidden: 11727 op functions
Propagating globals...
Inlining temporary values...
Applied strict local final-pass cleanup: 15302 change(s) in 4904 function(s)
Final refresh of decoded strings...
String refresh: 85/7447 candidate function(s); inlined 0 decoder argument(s); replaced 0 decoder call(s); 3.253 s
Deobfuscation OK. Total time: 352.23228216695134 s. = 5.870538036115856 min
Serializing to file: /media/tester/black_hat_materials/samples/all/deobfuscated/03f4e47b9c2283c32bb8f8f042ce6e41.deobf.pkl
Exporting to file /media/tester/black_hat_materials/samples/all/deobfuscated/03f4e47b9c2283c32bb8f8f042ce6e41.deobf.txt
Saved string list (total: 97464) to: /media/tester/black_hat_materials/samples/all/deobfuscated/03f4e47b9c2283c32bb8f8f042ce6e41.deobf.txt.strings.txt
Done.
Finished:   /media/tester/black_hat_materials/samples/all/decompiled/03f4e47b9c2283c32bb8f8f042ce6e41.dec.pkl
Completed:  2026-07-31T09:55:22+02:00
============================================================
Processing: /media/tester/black_hat_materials/samples/all/decompiled/0b8015cbb1ffdc6efe6a306ff5b1115f.dec.pkl
Output:     /media/tester/black_hat_materials/samples/all/deobfuscated/0b8015cbb1ffdc6efe6a306ff5b1115f.deobf.txt
Started:    2026-07-31T09:55:22+02:00
Reading from serialized, already decompiled input: /media/tester/black_hat_materials/samples/all/decompiled/0b8015cbb1ffdc6efe6a306ff5b1115f.dec.pkl
Replace global scope done. Changed: False
Propagating values by scopes: Done. Changed: True
Propagating values by local variables. Done. Changed: True
Propagating func variables: Done. Changed: True
Start Func: func_start_0x10000d3fe
All Deobf functions found: 12609
Checking: func_gt_0x100000446
Deobf root: func_gt_0x100000446
Inner root: func_Wt_0x100000428
Strings loaded from: func_lg_0x10000025a
Loaded string chunks: 123135
Loaded 12610 current-payload function configurations from /media/tester/black_hat_materials/samples/all/decompiled/0b8015cbb1ffdc6efe6a306ff5b1115f.dec.resolved_funcs.csv
String deobfuscation OK
Strings loaded from: func_lg_0x10000025a
Hidden the strings definitions
Hidden 12610 functions
Deobfuscated strings in: 80.55193804902956 s. = 1.3425323008171592 min
Replacement round: 0
Replacement round: 1
Replacement round: 2
Replacement round: 3
Replacement round: 4
Replacement round: 5
Refreshing decoded strings after unflattening...
String refresh: 18/197 candidate function(s); inlined 0 decoder argument(s); replaced 0 decoder call(s); 0.251 s
Hidden: 18028 op functions
Propagating globals...
Inlining temporary values...
Applied strict local final-pass cleanup: 27150 change(s) in 9117 function(s)
Final refresh of decoded strings...
String refresh: 134/13742 candidate function(s); inlined 0 decoder argument(s); replaced 0 decoder call(s); 1.730 s
Deobfuscation OK. Total time: 267.90400184399914 s. = 4.465066697399986 min
Serializing to file: /media/tester/black_hat_materials/samples/all/deobfuscated/0b8015cbb1ffdc6efe6a306ff5b1115f.deobf.pkl
Exporting to file /media/tester/black_hat_materials/samples/all/deobfuscated/0b8015cbb1ffdc6efe6a306ff5b1115f.deobf.txt
Saved string list (total: 84850) to: /media/tester/black_hat_materials/samples/all/deobfuscated/0b8015cbb1ffdc6efe6a306ff5b1115f.deobf.txt.strings.txt
Done.
Finished:   /media/tester/black_hat_materials/samples/all/decompiled/0b8015cbb1ffdc6efe6a306ff5b1115f.dec.pkl
Completed:  2026-07-31T10:00:08+02:00
============================================================
Processing: /media/tester/black_hat_materials/samples/all/decompiled/1026743185dfa10e9ddc21b5a4c578d5.dec.pkl
Output:     /media/tester/black_hat_materials/samples/all/deobfuscated/1026743185dfa10e9ddc21b5a4c578d5.deobf.txt
Started:    2026-07-31T10:00:08+02:00
Reading from serialized, already decompiled input: /media/tester/black_hat_materials/samples/all/decompiled/1026743185dfa10e9ddc21b5a4c578d5.dec.pkl
Replace global scope done. Changed: False
Propagating values by scopes: Done. Changed: True
Propagating values by local variables. Done. Changed: True
Propagating func variables: Done. Changed: True
Start Func: func_start_0x100005fbc
All Deobf functions found: 2230
Checking: func_V_0x100000422
Deobf root: func_V_0x100000422
Inner root: func_jt_0x100000537
Strings loaded from: func_WZ_0x100000736
Loaded string chunks: 19363
Loaded 2231 current-payload function configurations from /media/tester/black_hat_materials/samples/all/decompiled/1026743185dfa10e9ddc21b5a4c578d5.dec.resolved_funcs.csv
String deobfuscation OK
Strings loaded from: func_WZ_0x100000736
Hidden the strings definitions
Hidden 2231 functions
Deobfuscated strings in: 39.83300677902298 s. = 0.6638834463170497 min
Replacement round: 0
Replacement round: 1
Replacement round: 2
Replacement round: 3
Refreshing decoded strings after unflattening...
String refresh: 1/57 candidate function(s); inlined 0 decoder argument(s); replaced 0 decoder call(s); 0.009 s
Hidden: 2577 op functions
Propagating globals...
Inlining temporary values...
Applied strict local final-pass cleanup: 9211 change(s) in 3988 function(s)
Final refresh of decoded strings...
String refresh: 21/8294 candidate function(s); inlined 0 decoder argument(s); replaced 0 decoder call(s); 0.380 s
Deobfuscation OK. Total time: 93.63703093898948 s. = 1.5606171823164914 min
Serializing to file: /media/tester/black_hat_materials/samples/all/deobfuscated/1026743185dfa10e9ddc21b5a4c578d5.deobf.pkl
Exporting to file /media/tester/black_hat_materials/samples/all/deobfuscated/1026743185dfa10e9ddc21b5a4c578d5.deobf.txt
Saved string list (total: 10004) to: /media/tester/black_hat_materials/samples/all/deobfuscated/1026743185dfa10e9ddc21b5a4c578d5.deobf.txt.strings.txt
Done.
Finished:   /media/tester/black_hat_materials/samples/all/decompiled/1026743185dfa10e9ddc21b5a4c578d5.dec.pkl
Completed:  2026-07-31T10:01:49+02:00
============================================================
Processing: /media/tester/black_hat_materials/samples/all/decompiled/201f28b5e62e52e269757930f941c774.dec.pkl
Output:     /media/tester/black_hat_materials/samples/all/deobfuscated/201f28b5e62e52e269757930f941c774.deobf.txt
Started:    2026-07-31T10:01:49+02:00
Reading from serialized, already decompiled input: /media/tester/black_hat_materials/samples/all/decompiled/201f28b5e62e52e269757930f941c774.dec.pkl
Replace global scope done. Changed: False
Propagating values by scopes: Done. Changed: True
Propagating values by local variables. Done. Changed: True
Propagating func variables: Done. Changed: True
Start Func: func_start_0x10000b941
All Deobf functions found: 11693
Checking: func_mt_0x10000032d
Deobf root: func_mt_0x10000032d
Inner root: func_Et_0x1000003df
Strings loaded from: func_q8_0x1000003c2
Loaded string chunks: 115466
Loaded 11694 current-payload function configurations from /media/tester/black_hat_materials/samples/all/decompiled/201f28b5e62e52e269757930f941c774.dec.resolved_funcs.csv
String deobfuscation OK
Strings loaded from: func_q8_0x1000003c2
Hidden the strings definitions
Hidden 11694 functions
Deobfuscated strings in: 66.15727544901893 s. = 1.1026212574836487 min
Replacement round: 0
Replacement round: 1
Replacement round: 2
Replacement round: 3
Replacement round: 4
Replacement round: 5
Refreshing decoded strings after unflattening...
String refresh: 21/169 candidate function(s); inlined 0 decoder argument(s); replaced 0 decoder call(s); 0.187 s
Hidden: 16611 op functions
Propagating globals...
Inlining temporary values...
Applied strict local final-pass cleanup: 24144 change(s) in 8052 function(s)
Final refresh of decoded strings...
String refresh: 120/11934 candidate function(s); inlined 0 decoder argument(s); replaced 0 decoder call(s); 2.158 s
Deobfuscation OK. Total time: 234.91349448199617 s. = 3.9152249080332693 min
Serializing to file: /media/tester/black_hat_materials/samples/all/deobfuscated/201f28b5e62e52e269757930f941c774.deobf.pkl
Exporting to file /media/tester/black_hat_materials/samples/all/deobfuscated/201f28b5e62e52e269757930f941c774.deobf.txt
Saved string list (total: 79823) to: /media/tester/black_hat_materials/samples/all/deobfuscated/201f28b5e62e52e269757930f941c774.deobf.txt.strings.txt
Done.
Finished:   /media/tester/black_hat_materials/samples/all/decompiled/201f28b5e62e52e269757930f941c774.dec.pkl
Completed:  2026-07-31T10:06:04+02:00
============================================================
Processing: /media/tester/black_hat_materials/samples/all/decompiled/2fe27eb8c99626e8c02e4bfd02aca962.dec.pkl
Output:     /media/tester/black_hat_materials/samples/all/deobfuscated/2fe27eb8c99626e8c02e4bfd02aca962.deobf.txt
Started:    2026-07-31T10:06:04+02:00
Reading from serialized, already decompiled input: /media/tester/black_hat_materials/samples/all/decompiled/2fe27eb8c99626e8c02e4bfd02aca962.dec.pkl
Replace global scope done. Changed: False
Propagating values by scopes: Done. Changed: True
Propagating values by local variables. Done. Changed: True
Propagating func variables: Done. Changed: True
Start Func: func_start_0x10000a0d4
All Deobf functions found: 9676
Checking: func_pt_0x1000003f2
Deobf root: func_pt_0x1000003f2
Inner root: func_Pt_0x1000003a8
Strings loaded from: func_j6_0x100000254
Loaded string chunks: 98593
Loaded 9677 current-payload function configurations from /media/tester/black_hat_materials/samples/all/decompiled/2fe27eb8c99626e8c02e4bfd02aca962.dec.resolved_funcs.csv
String deobfuscation OK
Strings loaded from: func_j6_0x100000254
Hidden the strings definitions
Hidden 9677 functions
Deobfuscated strings in: 64.33973906101892 s. = 1.0723289843503152 min
Replacement round: 0
Replacement round: 1
Replacement round: 2
Replacement round: 3
Replacement round: 4
Replacement round: 5
Refreshing decoded strings after unflattening...
String refresh: 20/176 candidate function(s); inlined 0 decoder argument(s); replaced 0 decoder call(s); 0.210 s
Hidden: 13610 op functions
Propagating globals...
Inlining temporary values...
Applied strict local final-pass cleanup: 20517 change(s) in 7004 function(s)
Final refresh of decoded strings...
String refresh: 112/10769 candidate function(s); inlined 0 decoder argument(s); replaced 0 decoder call(s); 1.063 s
Deobfuscation OK. Total time: 206.8601038630004 s. = 3.4476683977166735 min
Serializing to file: /media/tester/black_hat_materials/samples/all/deobfuscated/2fe27eb8c99626e8c02e4bfd02aca962.deobf.pkl
Exporting to file /media/tester/black_hat_materials/samples/all/deobfuscated/2fe27eb8c99626e8c02e4bfd02aca962.deobf.txt
Saved string list (total: 70241) to: /media/tester/black_hat_materials/samples/all/deobfuscated/2fe27eb8c99626e8c02e4bfd02aca962.deobf.txt.strings.txt
Done.
Finished:   /media/tester/black_hat_materials/samples/all/decompiled/2fe27eb8c99626e8c02e4bfd02aca962.dec.pkl
Completed:  2026-07-31T10:09:45+02:00
============================================================
Processing: /media/tester/black_hat_materials/samples/all/decompiled/376ec4dbc3363fa7131367e4c6327a46.dec.pkl
Output:     /media/tester/black_hat_materials/samples/all/deobfuscated/376ec4dbc3363fa7131367e4c6327a46.deobf.txt
Started:    2026-07-31T10:09:45+02:00
Reading from serialized, already decompiled input: /media/tester/black_hat_materials/samples/all/decompiled/376ec4dbc3363fa7131367e4c6327a46.dec.pkl
Replace global scope done. Changed: False
Propagating values by scopes: Done. Changed: True
Propagating values by local variables. Done. Changed: True
Propagating func variables: Done. Changed: True
Start Func: func_start_0x10000bb50
All Deobf functions found: 11838
Checking: func_bt_0x10000004e
Deobf root: func_bt_0x10000004e
Inner root: func_Bt_0x100000994
Strings loaded from: func_EE_0x1000009d5
Loaded string chunks: 116486
Loaded 11839 current-payload function configurations from /media/tester/black_hat_materials/samples/all/decompiled/376ec4dbc3363fa7131367e4c6327a46.dec.resolved_funcs.csv
String deobfuscation OK
Strings loaded from: func_EE_0x1000009d5
Hidden the strings definitions
Hidden 11839 functions
Deobfuscated strings in: 72.8757099659997 s. = 1.214595166099995 min
Replacement round: 0
Replacement round: 1
Replacement round: 2
Replacement round: 3
Replacement round: 4
Replacement round: 5
Refreshing decoded strings after unflattening...
String refresh: 19/172 candidate function(s); inlined 0 decoder argument(s); replaced 0 decoder call(s); 0.223 s
Hidden: 16839 op functions
Propagating globals...
Inlining temporary values...
Applied strict local final-pass cleanup: 24232 change(s) in 8094 function(s)
Final refresh of decoded strings...
String refresh: 131/12051 candidate function(s); inlined 0 decoder argument(s); replaced 1 decoder call(s); 1.202 s
Deobfuscation OK. Total time: 238.17902920296183 s. = 3.9696504867160303 min
Serializing to file: /media/tester/black_hat_materials/samples/all/deobfuscated/376ec4dbc3363fa7131367e4c6327a46.deobf.pkl
Exporting to file /media/tester/black_hat_materials/samples/all/deobfuscated/376ec4dbc3363fa7131367e4c6327a46.deobf.txt
Saved string list (total: 80259) to: /media/tester/black_hat_materials/samples/all/deobfuscated/376ec4dbc3363fa7131367e4c6327a46.deobf.txt.strings.txt
Done.
Finished:   /media/tester/black_hat_materials/samples/all/decompiled/376ec4dbc3363fa7131367e4c6327a46.dec.pkl
Completed:  2026-07-31T10:13:58+02:00
============================================================
Processing: /media/tester/black_hat_materials/samples/all/decompiled/462195f7f8033df7371e899fe9bc51de.dec.pkl
Output:     /media/tester/black_hat_materials/samples/all/deobfuscated/462195f7f8033df7371e899fe9bc51de.deobf.txt
Started:    2026-07-31T10:13:58+02:00
Reading from serialized, already decompiled input: /media/tester/black_hat_materials/samples/all/decompiled/462195f7f8033df7371e899fe9bc51de.dec.pkl
Replace global scope done. Changed: False
Propagating values by scopes: Done. Changed: True
Propagating values by local variables. Done. Changed: True
Propagating func variables: Done. Changed: True
Start Func: func_start_0x100007b37
All Deobf functions found: 8401
Checking: func_xt_0x100000955
Deobf root: func_xt_0x100000955
Inner root: func_Qt_0x1000004af
Strings loaded from: func_Pf_0x100000018
Loaded string chunks: 211937
Loaded 8402 current-payload function configurations from /media/tester/black_hat_materials/samples/all/decompiled/462195f7f8033df7371e899fe9bc51de.dec.resolved_funcs.csv
String deobfuscation OK
Strings loaded from: func_Pf_0x100000018
Hidden the strings definitions
Hidden 8402 functions
Deobfuscated strings in: 182.19963877799455 s. = 3.036660646299909 min
Replacement round: 0
Replacement round: 1
Replacement round: 2
Replacement round: 3
Replacement round: 4
Replacement round: 5
Refreshing decoded strings after unflattening...
String refresh: 8/124 candidate function(s); inlined 0 decoder argument(s); replaced 0 decoder call(s); 0.115 s
Hidden: 11904 op functions
Propagating globals...
Inlining temporary values...
Applied strict local final-pass cleanup: 15365 change(s) in 4934 function(s)
Final refresh of decoded strings...
String refresh: 81/7463 candidate function(s); inlined 0 decoder argument(s); replaced 0 decoder call(s); 2.446 s
Deobfuscation OK. Total time: 347.676913842035 s. = 5.794615230700583 min
Serializing to file: /media/tester/black_hat_materials/samples/all/deobfuscated/462195f7f8033df7371e899fe9bc51de.deobf.pkl
Exporting to file /media/tester/black_hat_materials/samples/all/deobfuscated/462195f7f8033df7371e899fe9bc51de.deobf.txt
Saved string list (total: 97666) to: /media/tester/black_hat_materials/samples/all/deobfuscated/462195f7f8033df7371e899fe9bc51de.deobf.txt.strings.txt
Done.
Finished:   /media/tester/black_hat_materials/samples/all/decompiled/462195f7f8033df7371e899fe9bc51de.dec.pkl
Completed:  2026-07-31T10:20:01+02:00
============================================================
Processing: /media/tester/black_hat_materials/samples/all/decompiled/499184635d56a9827d2059256a35e530.dec.pkl
Output:     /media/tester/black_hat_materials/samples/all/deobfuscated/499184635d56a9827d2059256a35e530.deobf.txt
Started:    2026-07-31T10:20:01+02:00
Reading from serialized, already decompiled input: /media/tester/black_hat_materials/samples/all/decompiled/499184635d56a9827d2059256a35e530.dec.pkl
Replace global scope done. Changed: False
Propagating values by scopes: Done. Changed: True
Propagating values by local variables. Done. Changed: True
Propagating func variables: Done. Changed: True
Start Func: func_start_0x10000b1f0
All Deobf functions found: 11186
Checking: func_St_0x100000419
Deobf root: func_St_0x100000419
Inner root: func_Dt_0x1000003ec
Strings loaded from: func_Wh_0x1000008db
Loaded string chunks: 110542
Loaded 11187 current-payload function configurations from /media/tester/black_hat_materials/samples/all/decompiled/499184635d56a9827d2059256a35e530.dec.resolved_funcs.csv
String deobfuscation OK
Strings loaded from: func_Wh_0x1000008db
Hidden the strings definitions
Hidden 11187 functions
Deobfuscated strings in: 70.65069388301345 s. = 1.1775115647168908 min
Replacement round: 0
Replacement round: 1
Replacement round: 2
Replacement round: 3
Replacement round: 4
Replacement round: 5
Refreshing decoded strings after unflattening...
String refresh: 12/153 candidate function(s); inlined 0 decoder argument(s); replaced 0 decoder call(s); 0.133 s
Hidden: 15905 op functions
Propagating globals...
Inlining temporary values...
Applied strict local final-pass cleanup: 22794 change(s) in 7682 function(s)
Final refresh of decoded strings...
String refresh: 112/11458 candidate function(s); inlined 0 decoder argument(s); replaced 0 decoder call(s); 1.412 s
Deobfuscation OK. Total time: 222.5113263989915 s. = 3.7085221066498586 min
Serializing to file: /media/tester/black_hat_materials/samples/all/deobfuscated/499184635d56a9827d2059256a35e530.deobf.pkl
Exporting to file /media/tester/black_hat_materials/samples/all/deobfuscated/499184635d56a9827d2059256a35e530.deobf.txt
Saved string list (total: 75318) to: /media/tester/black_hat_materials/samples/all/deobfuscated/499184635d56a9827d2059256a35e530.deobf.txt.strings.txt
Done.
Finished:   /media/tester/black_hat_materials/samples/all/decompiled/499184635d56a9827d2059256a35e530.dec.pkl
Completed:  2026-07-31T10:23:59+02:00
============================================================
Processing: /media/tester/black_hat_materials/samples/all/decompiled/533d0b93ea03cd5bab4eec0f0ebadd03.dec.pkl
Output:     /media/tester/black_hat_materials/samples/all/deobfuscated/533d0b93ea03cd5bab4eec0f0ebadd03.deobf.txt
Started:    2026-07-31T10:23:59+02:00
Reading from serialized, already decompiled input: /media/tester/black_hat_materials/samples/all/decompiled/533d0b93ea03cd5bab4eec0f0ebadd03.dec.pkl
Replace global scope done. Changed: False
Propagating values by scopes: Done. Changed: True
Propagating values by local variables. Done. Changed: True
Propagating func variables: Done. Changed: True
Start Func: func_start_0x10000c882
All Deobf functions found: 11969
Checking: func_At_0x1000005f7
Deobf root: func_At_0x1000005f7
Inner root: func_gt_0x10000048e
Strings loaded from: func_$h_0x100000554
Loaded string chunks: 116934
Loaded 11970 current-payload function configurations from /media/tester/black_hat_materials/samples/all/decompiled/533d0b93ea03cd5bab4eec0f0ebadd03.dec.resolved_funcs.csv
String deobfuscation OK
Strings loaded from: func_$h_0x100000554
Hidden the strings definitions
Hidden 11970 functions
Deobfuscated strings in: 77.8878103470197 s. = 1.2981301724503282 min
Replacement round: 0
Replacement round: 1
Replacement round: 2
Replacement round: 3
Replacement round: 4
Replacement round: 5
Refreshing decoded strings after unflattening...
String refresh: 19/176 candidate function(s); inlined 0 decoder argument(s); replaced 0 decoder call(s); 0.185 s
Hidden: 16913 op functions
Propagating globals...
Inlining temporary values...
Applied strict local final-pass cleanup: 25386 change(s) in 8650 function(s)
Final refresh of decoded strings...
String refresh: 118/13019 candidate function(s); inlined 0 decoder argument(s); replaced 0 decoder call(s); 1.084 s
Deobfuscation OK. Total time: 262.386124518991 s. = 4.373102075316516 min
Serializing to file: /media/tester/black_hat_materials/samples/all/deobfuscated/533d0b93ea03cd5bab4eec0f0ebadd03.deobf.pkl
Exporting to file /media/tester/black_hat_materials/samples/all/deobfuscated/533d0b93ea03cd5bab4eec0f0ebadd03.deobf.txt
Saved string list (total: 80532) to: /media/tester/black_hat_materials/samples/all/deobfuscated/533d0b93ea03cd5bab4eec0f0ebadd03.deobf.txt.strings.txt
Done.
Finished:   /media/tester/black_hat_materials/samples/all/decompiled/533d0b93ea03cd5bab4eec0f0ebadd03.dec.pkl
Completed:  2026-07-31T10:28:40+02:00
============================================================
Processing: /media/tester/black_hat_materials/samples/all/decompiled/68ac84a8470d1f365f0bb2f37b6256d5.dec.pkl
Output:     /media/tester/black_hat_materials/samples/all/deobfuscated/68ac84a8470d1f365f0bb2f37b6256d5.deobf.txt
Started:    2026-07-31T10:28:40+02:00
Reading from serialized, already decompiled input: /media/tester/black_hat_materials/samples/all/decompiled/68ac84a8470d1f365f0bb2f37b6256d5.dec.pkl
Replace global scope done. Changed: False
Propagating values by scopes: Done. Changed: True
Propagating values by local variables. Done. Changed: True
Propagating func variables: Done. Changed: True
Start Func: func_start_0x10000d0df
All Deobf functions found: 12439
Checking: func_gt_0x10000046b
Deobf root: func_gt_0x10000046b
Inner root: func_pt_0x1000008ef
Strings loaded from: func_rh_0x1000002b6
Loaded string chunks: 122268
Loaded 12440 current-payload function configurations from /media/tester/black_hat_materials/samples/all/decompiled/68ac84a8470d1f365f0bb2f37b6256d5.dec.resolved_funcs.csv
String deobfuscation OK
Strings loaded from: func_rh_0x1000002b6
Hidden the strings definitions
Hidden 12440 functions
Deobfuscated strings in: 78.40899173001526 s. = 1.3068165288335876 min
Replacement round: 0
Replacement round: 1
Replacement round: 2
Replacement round: 3
Replacement round: 4
Replacement round: 5
Replacement round: 6
Refreshing decoded strings after unflattening...
String refresh: 21/188 candidate function(s); inlined 0 decoder argument(s); replaced 0 decoder call(s); 0.257 s
Hidden: 18133 op functions
Propagating globals...
Inlining temporary values...
Applied strict local final-pass cleanup: 26632 change(s) in 8934 function(s)
Final refresh of decoded strings...
String refresh: 119/13418 candidate function(s); inlined 0 decoder argument(s); replaced 0 decoder call(s); 1.534 s
Deobfuscation OK. Total time: 271.1232772010262 s. = 4.51872128668377 min
Serializing to file: /media/tester/black_hat_materials/samples/all/deobfuscated/68ac84a8470d1f365f0bb2f37b6256d5.deobf.pkl
Exporting to file /media/tester/black_hat_materials/samples/all/deobfuscated/68ac84a8470d1f365f0bb2f37b6256d5.deobf.txt
Saved string list (total: 84100) to: /media/tester/black_hat_materials/samples/all/deobfuscated/68ac84a8470d1f365f0bb2f37b6256d5.deobf.txt.strings.txt
Done.
Finished:   /media/tester/black_hat_materials/samples/all/decompiled/68ac84a8470d1f365f0bb2f37b6256d5.dec.pkl
Completed:  2026-07-31T10:33:28+02:00
============================================================
Processing: /media/tester/black_hat_materials/samples/all/decompiled/6e023b9b3097a2dba311cb06a91fe259.dec.pkl
Output:     /media/tester/black_hat_materials/samples/all/deobfuscated/6e023b9b3097a2dba311cb06a91fe259.deobf.txt
Started:    2026-07-31T10:33:28+02:00
Reading from serialized, already decompiled input: /media/tester/black_hat_materials/samples/all/decompiled/6e023b9b3097a2dba311cb06a91fe259.dec.pkl
Replace global scope done. Changed: False
Propagating values by scopes: Done. Changed: True
Propagating values by local variables. Done. Changed: True
Propagating func variables: Done. Changed: True
Start Func: func_start_0x1000033dc
All Deobf functions found: 3731
Checking: func_$e_0x10000023a
Deobf root: func_$e_0x10000023a
Inner root: func_qt_0x1000001c2
Strings loaded from: func_qu_0x100000365
Loaded string chunks: 37850
Loaded 3732 current-payload function configurations from /media/tester/black_hat_materials/samples/all/decompiled/6e023b9b3097a2dba311cb06a91fe259.dec.resolved_funcs.csv
String deobfuscation OK
Strings loaded from: func_qu_0x100000365
Hidden the strings definitions
Hidden 3732 functions
Deobfuscated strings in: 32.70088007498998 s. = 0.5450146679164997 min
Replacement round: 0
Replacement round: 1
Replacement round: 2
Replacement round: 3
Refreshing decoded strings after unflattening...
String refresh: 8/76 candidate function(s); inlined 0 decoder argument(s); replaced 0 decoder call(s); 0.070 s
Hidden: 4739 op functions
Propagating globals...
Inlining temporary values...
Applied strict local final-pass cleanup: 6137 change(s) in 1972 function(s)
Final refresh of decoded strings...
String refresh: 36/3059 candidate function(s); inlined 0 decoder argument(s); replaced 0 decoder call(s); 0.199 s
Deobfuscation OK. Total time: 75.60184117802419 s. = 1.2600306863004032 min
Serializing to file: /media/tester/black_hat_materials/samples/all/deobfuscated/6e023b9b3097a2dba311cb06a91fe259.deobf.pkl
Exporting to file /media/tester/black_hat_materials/samples/all/deobfuscated/6e023b9b3097a2dba311cb06a91fe259.deobf.txt
Saved string list (total: 27195) to: /media/tester/black_hat_materials/samples/all/deobfuscated/6e023b9b3097a2dba311cb06a91fe259.deobf.txt.strings.txt
Done.
Finished:   /media/tester/black_hat_materials/samples/all/decompiled/6e023b9b3097a2dba311cb06a91fe259.dec.pkl
Completed:  2026-07-31T10:34:49+02:00
============================================================
Processing: /media/tester/black_hat_materials/samples/all/decompiled/7b659fa5c93af29c4e11d8c8be437058.dec.pkl
Output:     /media/tester/black_hat_materials/samples/all/deobfuscated/7b659fa5c93af29c4e11d8c8be437058.deobf.txt
Started:    2026-07-31T10:34:49+02:00
Reading from serialized, already decompiled input: /media/tester/black_hat_materials/samples/all/decompiled/7b659fa5c93af29c4e11d8c8be437058.dec.pkl
Replace global scope done. Changed: False
Propagating values by scopes: Done. Changed: True
Propagating values by local variables. Done. Changed: True
Propagating func variables: Done. Changed: True
Start Func: func_start_0x10000c732
All Deobf functions found: 11843
Checking: func_gt_0x10000000f
Deobf root: func_gt_0x10000000f
Inner root: func_ht_0x100000962
Strings loaded from: func_X2_0x10000056c
Loaded string chunks: 116648
Loaded 11844 current-payload function configurations from /media/tester/black_hat_materials/samples/all/decompiled/7b659fa5c93af29c4e11d8c8be437058.dec.resolved_funcs.csv
String deobfuscation OK
Strings loaded from: func_X2_0x10000056c
Hidden the strings definitions
Hidden 11844 functions
Deobfuscated strings in: 75.44255692599108 s. = 1.2573759487665181 min
Replacement round: 0
Replacement round: 1
Replacement round: 2
Replacement round: 3
Replacement round: 4
Refreshing decoded strings after unflattening...
String refresh: 20/175 candidate function(s); inlined 0 decoder argument(s); replaced 0 decoder call(s); 0.164 s
Hidden: 16706 op functions
Propagating globals...
Inlining temporary values...
Applied strict local final-pass cleanup: 25382 change(s) in 8653 function(s)
Final refresh of decoded strings...
String refresh: 118/13026 candidate function(s); inlined 0 decoder argument(s); replaced 0 decoder call(s); 1.812 s
Deobfuscation OK. Total time: 256.23718305904185 s. = 4.270619717650698 min
Serializing to file: /media/tester/black_hat_materials/samples/all/deobfuscated/7b659fa5c93af29c4e11d8c8be437058.deobf.pkl
Exporting to file /media/tester/black_hat_materials/samples/all/deobfuscated/7b659fa5c93af29c4e11d8c8be437058.deobf.txt
Saved string list (total: 80501) to: /media/tester/black_hat_materials/samples/all/deobfuscated/7b659fa5c93af29c4e11d8c8be437058.deobf.txt.strings.txt
Done.
Finished:   /media/tester/black_hat_materials/samples/all/decompiled/7b659fa5c93af29c4e11d8c8be437058.dec.pkl
Completed:  2026-07-31T10:39:26+02:00
============================================================
Processing: /media/tester/black_hat_materials/samples/all/decompiled/8fb3e6acb2024601eba0ba484091ff3d.dec.pkl
Output:     /media/tester/black_hat_materials/samples/all/deobfuscated/8fb3e6acb2024601eba0ba484091ff3d.deobf.txt
Started:    2026-07-31T10:39:26+02:00
Reading from serialized, already decompiled input: /media/tester/black_hat_materials/samples/all/decompiled/8fb3e6acb2024601eba0ba484091ff3d.dec.pkl
Replace global scope done. Changed: False
Propagating values by scopes: Done. Changed: True
Propagating values by local variables. Done. Changed: True
Propagating func variables: Done. Changed: True
Start Func: func_start_0x10000b1b3
All Deobf functions found: 11077
Checking: func_Dt_0x10000000b
Deobf root: func_Dt_0x10000000b
Inner root: func_yt_0x100000459
Strings loaded from: func_A6_0x100000830
Loaded string chunks: 110601
Loaded 11078 current-payload function configurations from /media/tester/black_hat_materials/samples/all/decompiled/8fb3e6acb2024601eba0ba484091ff3d.dec.resolved_funcs.csv
String deobfuscation OK
Strings loaded from: func_A6_0x100000830
Hidden the strings definitions
Hidden 11078 functions
Deobfuscated strings in: 66.05172144295648 s. = 1.1008620240492746 min
Replacement round: 0
Replacement round: 1
Replacement round: 2
Replacement round: 3
Replacement round: 4
Replacement round: 5
Replacement round: 6
Refreshing decoded strings after unflattening...
String refresh: 13/151 candidate function(s); inlined 0 decoder argument(s); replaced 0 decoder call(s); 0.166 s
Hidden: 15933 op functions
Propagating globals...
Inlining temporary values...
Applied strict local final-pass cleanup: 22792 change(s) in 7677 function(s)
Final refresh of decoded strings...
String refresh: 119/11426 candidate function(s); inlined 0 decoder argument(s); replaced 0 decoder call(s); 1.528 s
Deobfuscation OK. Total time: 236.64474747201893 s. = 3.944079124533649 min
Serializing to file: /media/tester/black_hat_materials/samples/all/deobfuscated/8fb3e6acb2024601eba0ba484091ff3d.deobf.pkl
Exporting to file /media/tester/black_hat_materials/samples/all/deobfuscated/8fb3e6acb2024601eba0ba484091ff3d.deobf.txt
Saved string list (total: 75320) to: /media/tester/black_hat_materials/samples/all/deobfuscated/8fb3e6acb2024601eba0ba484091ff3d.deobf.txt.strings.txt
Done.
Finished:   /media/tester/black_hat_materials/samples/all/decompiled/8fb3e6acb2024601eba0ba484091ff3d.dec.pkl
Completed:  2026-07-31T10:43:38+02:00
============================================================
Processing: /media/tester/black_hat_materials/samples/all/decompiled/af105a6d4dc10b2bfefd75e917245523.dec.pkl
Output:     /media/tester/black_hat_materials/samples/all/deobfuscated/af105a6d4dc10b2bfefd75e917245523.deobf.txt
Started:    2026-07-31T10:43:38+02:00
Reading from serialized, already decompiled input: /media/tester/black_hat_materials/samples/all/decompiled/af105a6d4dc10b2bfefd75e917245523.dec.pkl
Replace global scope done. Changed: False
Propagating values by scopes: Done. Changed: True
Propagating values by local variables. Done. Changed: True
Propagating func variables: Done. Changed: True
Start Func: func_start_0x10000b19d
All Deobf functions found: 11111
Checking: func_Dt_0x10000099b
Deobf root: func_Dt_0x10000099b
Inner root: func_Ot_0x1000004d9
Strings loaded from: func_pE_0x100000154
Loaded string chunks: 110622
Loaded 11112 current-payload function configurations from /media/tester/black_hat_materials/samples/all/decompiled/af105a6d4dc10b2bfefd75e917245523.dec.resolved_funcs.csv
String deobfuscation OK
Strings loaded from: func_pE_0x100000154
Hidden the strings definitions
Hidden 11112 functions
Deobfuscated strings in: 68.93957207800122 s. = 1.148992867966687 min
Replacement round: 0
Replacement round: 1
Replacement round: 2
Replacement round: 3
Replacement round: 4
Replacement round: 5
Refreshing decoded strings after unflattening...
String refresh: 15/151 candidate function(s); inlined 0 decoder argument(s); replaced 0 decoder call(s); 0.138 s
Hidden: 15892 op functions
Propagating globals...
Inlining temporary values...
Applied strict local final-pass cleanup: 22789 change(s) in 7681 function(s)
Final refresh of decoded strings...
String refresh: 114/11410 candidate function(s); inlined 0 decoder argument(s); replaced 0 decoder call(s); 1.387 s
Deobfuscation OK. Total time: 222.89684649999253 s. = 3.7149474416665424 min
Serializing to file: /media/tester/black_hat_materials/samples/all/deobfuscated/af105a6d4dc10b2bfefd75e917245523.deobf.pkl
Exporting to file /media/tester/black_hat_materials/samples/all/deobfuscated/af105a6d4dc10b2bfefd75e917245523.deobf.txt
Saved string list (total: 75313) to: /media/tester/black_hat_materials/samples/all/deobfuscated/af105a6d4dc10b2bfefd75e917245523.deobf.txt.strings.txt
Done.
Finished:   /media/tester/black_hat_materials/samples/all/decompiled/af105a6d4dc10b2bfefd75e917245523.dec.pkl
Completed:  2026-07-31T10:47:35+02:00
============================================================
Processing: /media/tester/black_hat_materials/samples/all/decompiled/b2dad3f88b7f6870f83eb1ad852b7f7e.dec.pkl
Output:     /media/tester/black_hat_materials/samples/all/deobfuscated/b2dad3f88b7f6870f83eb1ad852b7f7e.deobf.txt
Started:    2026-07-31T10:47:35+02:00
Reading from serialized, already decompiled input: /media/tester/black_hat_materials/samples/all/decompiled/b2dad3f88b7f6870f83eb1ad852b7f7e.dec.pkl
Replace global scope done. Changed: False
Propagating values by scopes: Done. Changed: True
Propagating values by local variables. Done. Changed: True
Propagating func variables: Done. Changed: True
Start Func: func_start_0x10000d56b
All Deobf functions found: 12804
Checking: func_gt_0x10000000c
Deobf root: func_gt_0x10000000c
Inner root: func_xt_0x100000500
Strings loaded from: func_f7_0x100000233
Loaded string chunks: 123501
Loaded 12805 current-payload function configurations from /media/tester/black_hat_materials/samples/all/decompiled/b2dad3f88b7f6870f83eb1ad852b7f7e.dec.resolved_funcs.csv
String deobfuscation OK
Strings loaded from: func_f7_0x100000233
Hidden the strings definitions
Hidden 12805 functions
Deobfuscated strings in: 84.17370435601333 s. = 1.4028950726002223 min
Replacement round: 0
Replacement round: 1
Replacement round: 2
Replacement round: 3
Replacement round: 4
Replacement round: 5
Refreshing decoded strings after unflattening...
String refresh: 18/197 candidate function(s); inlined 0 decoder argument(s); replaced 0 decoder call(s); 0.238 s
Hidden: 18194 op functions
Propagating globals...
Inlining temporary values...
Applied strict local final-pass cleanup: 27199 change(s) in 9124 function(s)
Final refresh of decoded strings...
String refresh: 124/13746 candidate function(s); inlined 0 decoder argument(s); replaced 0 decoder call(s); 1.777 s
Deobfuscation OK. Total time: 283.4060604359838 s. = 4.72343434059973 min
Serializing to file: /media/tester/black_hat_materials/samples/all/deobfuscated/b2dad3f88b7f6870f83eb1ad852b7f7e.deobf.pkl
Exporting to file /media/tester/black_hat_materials/samples/all/deobfuscated/b2dad3f88b7f6870f83eb1ad852b7f7e.deobf.txt
Saved string list (total: 84968) to: /media/tester/black_hat_materials/samples/all/deobfuscated/b2dad3f88b7f6870f83eb1ad852b7f7e.deobf.txt.strings.txt
Done.
Finished:   /media/tester/black_hat_materials/samples/all/decompiled/b2dad3f88b7f6870f83eb1ad852b7f7e.dec.pkl
Completed:  2026-07-31T10:52:35+02:00
============================================================
Processing: /media/tester/black_hat_materials/samples/all/decompiled/d064dfaaef30c057b832c79996c35e89.dec.pkl
Output:     /media/tester/black_hat_materials/samples/all/deobfuscated/d064dfaaef30c057b832c79996c35e89.deobf.txt
Started:    2026-07-31T10:52:35+02:00
Reading from serialized, already decompiled input: /media/tester/black_hat_materials/samples/all/decompiled/d064dfaaef30c057b832c79996c35e89.dec.pkl
Replace global scope done. Changed: False
Propagating values by scopes: Done. Changed: True
Propagating values by local variables. Done. Changed: True
Propagating func variables: Done. Changed: True
Start Func: func_start_0x10000b747
All Deobf functions found: 11440
Checking: func_bt_0x10000094d
Deobf root: func_bt_0x10000094d
Inner root: func_Ft_0x100000469
Strings loaded from: func_yg_0x100000948
Loaded string chunks: 114695
Loaded 11441 current-payload function configurations from /media/tester/black_hat_materials/samples/all/decompiled/d064dfaaef30c057b832c79996c35e89.dec.resolved_funcs.csv
String deobfuscation OK
Strings loaded from: func_yg_0x100000948
Hidden the strings definitions
Hidden 11441 functions
Deobfuscated strings in: 67.142028657021 s. = 1.11903381095035 min
Replacement round: 0
Replacement round: 1
Replacement round: 2
Replacement round: 3
Replacement round: 4
Refreshing decoded strings after unflattening...
String refresh: 20/165 candidate function(s); inlined 0 decoder argument(s); replaced 0 decoder call(s); 0.170 s
Hidden: 16508 op functions
Propagating globals...
Inlining temporary values...
Applied strict local final-pass cleanup: 23868 change(s) in 7981 function(s)
Final refresh of decoded strings...
String refresh: 121/11830 candidate function(s); inlined 0 decoder argument(s); replaced 0 decoder call(s); 1.052 s
Deobfuscation OK. Total time: 222.9802726759808 s. = 3.7163378779330136 min
Serializing to file: /media/tester/black_hat_materials/samples/all/deobfuscated/d064dfaaef30c057b832c79996c35e89.deobf.pkl
Exporting to file /media/tester/black_hat_materials/samples/all/deobfuscated/d064dfaaef30c057b832c79996c35e89.deobf.txt
Saved string list (total: 78893) to: /media/tester/black_hat_materials/samples/all/deobfuscated/d064dfaaef30c057b832c79996c35e89.deobf.txt.strings.txt
Done.
Finished:   /media/tester/black_hat_materials/samples/all/decompiled/d064dfaaef30c057b832c79996c35e89.dec.pkl
Completed:  2026-07-31T10:56:34+02:00
============================================================
Processing: /media/tester/black_hat_materials/samples/all/decompiled/d5b4137135cf121e3ea07b1c81fe1108.dec.pkl
Output:     /media/tester/black_hat_materials/samples/all/deobfuscated/d5b4137135cf121e3ea07b1c81fe1108.deobf.txt
Started:    2026-07-31T10:56:34+02:00
Reading from serialized, already decompiled input: /media/tester/black_hat_materials/samples/all/decompiled/d5b4137135cf121e3ea07b1c81fe1108.dec.pkl
Replace global scope done. Changed: False
Propagating values by scopes: Done. Changed: True
Propagating values by local variables. Done. Changed: True
Propagating func variables: Done. Changed: True
Start Func: func_start_0x100007888
All Deobf functions found: 8116
Checking: func_st_0x10000095d
Deobf root: func_st_0x10000095d
Inner root: func_Ct_0x100000384
Strings loaded from: func_dA_0x10000091f
Loaded string chunks: 209449
Loaded 8117 current-payload function configurations from /media/tester/black_hat_materials/samples/all/decompiled/d5b4137135cf121e3ea07b1c81fe1108.dec.resolved_funcs.csv
String deobfuscation OK
Strings loaded from: func_dA_0x10000091f
Hidden the strings definitions
Hidden 8117 functions
Deobfuscated strings in: 197.20771155197872 s. = 3.2867951925329786 min
Replacement round: 0
Replacement round: 1
Replacement round: 2
Replacement round: 3
Replacement round: 4
Replacement round: 5
Refreshing decoded strings after unflattening...
String refresh: 10/128 candidate function(s); inlined 0 decoder argument(s); replaced 0 decoder call(s); 0.093 s
Hidden: 11642 op functions
Propagating globals...
Inlining temporary values...
Applied strict local final-pass cleanup: 15073 change(s) in 4857 function(s)
Final refresh of decoded strings...
String refresh: 73/7380 candidate function(s); inlined 0 decoder argument(s); replaced 0 decoder call(s); 2.422 s
Deobfuscation OK. Total time: 355.3545277870144 s. = 5.922575463116906 min
Serializing to file: /media/tester/black_hat_materials/samples/all/deobfuscated/d5b4137135cf121e3ea07b1c81fe1108.deobf.pkl
Exporting to file /media/tester/black_hat_materials/samples/all/deobfuscated/d5b4137135cf121e3ea07b1c81fe1108.deobf.txt
Saved string list (total: 96643) to: /media/tester/black_hat_materials/samples/all/deobfuscated/d5b4137135cf121e3ea07b1c81fe1108.deobf.txt.strings.txt
Done.
Finished:   /media/tester/black_hat_materials/samples/all/decompiled/d5b4137135cf121e3ea07b1c81fe1108.dec.pkl
Completed:  2026-07-31T11:02:46+02:00
============================================================
Processing: /media/tester/black_hat_materials/samples/all/decompiled/e26687982d924ffebef6fbf2d9d43350.dec.pkl
Output:     /media/tester/black_hat_materials/samples/all/deobfuscated/e26687982d924ffebef6fbf2d9d43350.deobf.txt
Started:    2026-07-31T11:02:46+02:00
Reading from serialized, already decompiled input: /media/tester/black_hat_materials/samples/all/decompiled/e26687982d924ffebef6fbf2d9d43350.dec.pkl
Replace global scope done. Changed: False
Propagating values by scopes: Done. Changed: True
Propagating values by local variables. Done. Changed: True
Propagating func variables: Done. Changed: True
Start Func: func_start_0x100009155
All Deobf functions found: 7838
Checking: func_ht_0x100000822
Deobf root: func_ht_0x100000822
Inner root: func_Mt_0x100000401
Strings loaded from: func_t6_0x100000336
Loaded string chunks: 77664
Loaded 7839 current-payload function configurations from /media/tester/black_hat_materials/samples/all/decompiled/e26687982d924ffebef6fbf2d9d43350.dec.resolved_funcs.csv
String deobfuscation OK
Strings loaded from: func_t6_0x100000336
Hidden the strings definitions
Hidden 7839 functions
Deobfuscated strings in: 55.76348268397851 s. = 0.9293913780663084 min
Replacement round: 0
Replacement round: 1
Replacement round: 2
Replacement round: 3
Replacement round: 4
Replacement round: 5
Refreshing decoded strings after unflattening...
String refresh: 12/131 candidate function(s); inlined 0 decoder argument(s); replaced 0 decoder call(s); 0.090 s
Hidden: 10616 op functions
Propagating globals...
Inlining temporary values...
Applied strict local final-pass cleanup: 17615 change(s) in 6407 function(s)
Final refresh of decoded strings...
String refresh: 83/10277 candidate function(s); inlined 0 decoder argument(s); replaced 0 decoder call(s); 0.711 s
Deobfuscation OK. Total time: 184.5172579479986 s. = 3.075287632466643 min
Serializing to file: /media/tester/black_hat_materials/samples/all/deobfuscated/e26687982d924ffebef6fbf2d9d43350.deobf.pkl
Exporting to file /media/tester/black_hat_materials/samples/all/deobfuscated/e26687982d924ffebef6fbf2d9d43350.deobf.txt
Saved string list (total: 54681) to: /media/tester/black_hat_materials/samples/all/deobfuscated/e26687982d924ffebef6fbf2d9d43350.deobf.txt.strings.txt
Done.
Finished:   /media/tester/black_hat_materials/samples/all/decompiled/e26687982d924ffebef6fbf2d9d43350.dec.pkl
Completed:  2026-07-31T11:06:06+02:00
============================================================
Processing: /media/tester/black_hat_materials/samples/all/decompiled/e27ae65977287bdfb7b0e15fd3603f85.dec.pkl
Output:     /media/tester/black_hat_materials/samples/all/deobfuscated/e27ae65977287bdfb7b0e15fd3603f85.deobf.txt
Started:    2026-07-31T11:06:06+02:00
Reading from serialized, already decompiled input: /media/tester/black_hat_materials/samples/all/decompiled/e27ae65977287bdfb7b0e15fd3603f85.dec.pkl
Replace global scope done. Changed: False
Propagating values by scopes: Done. Changed: True
Propagating values by local variables. Done. Changed: True
Propagating func variables: Done. Changed: True
Start Func: func_start_0x10000d2ff
All Deobf functions found: 13027
Checking: func_xt_0x1000004fc
Deobf root: func_xt_0x1000004fc
Inner root: func_Et_0x1000005c3
Strings loaded from: func_KV_0x100000636
Loaded string chunks: 125138
Loaded 13028 current-payload function configurations from /media/tester/black_hat_materials/samples/all/decompiled/e27ae65977287bdfb7b0e15fd3603f85.dec.resolved_funcs.csv
String deobfuscation OK
Strings loaded from: func_KV_0x100000636
Hidden the strings definitions
Hidden 13028 functions
Deobfuscated strings in: 81.99750800302718 s. = 1.3666251333837862 min
Replacement round: 0
Replacement round: 1
Replacement round: 2
Replacement round: 3
Replacement round: 4
Refreshing decoded strings after unflattening...
String refresh: 17/206 candidate function(s); inlined 0 decoder argument(s); replaced 0 decoder call(s); 0.232 s
Hidden: 18450 op functions
Propagating globals...
Inlining temporary values...
Applied strict local final-pass cleanup: 26391 change(s) in 8899 function(s)
Final refresh of decoded strings...
String refresh: 128/13454 candidate function(s); inlined 0 decoder argument(s); replaced 0 decoder call(s); 1.145 s
Deobfuscation OK. Total time: 257.45075078099035 s. = 4.290845846349839 min
Serializing to file: /media/tester/black_hat_materials/samples/all/deobfuscated/e27ae65977287bdfb7b0e15fd3603f85.deobf.pkl
Exporting to file /media/tester/black_hat_materials/samples/all/deobfuscated/e27ae65977287bdfb7b0e15fd3603f85.deobf.txt
Saved string list (total: 87162) to: /media/tester/black_hat_materials/samples/all/deobfuscated/e27ae65977287bdfb7b0e15fd3603f85.deobf.txt.strings.txt
Done.
Finished:   /media/tester/black_hat_materials/samples/all/decompiled/e27ae65977287bdfb7b0e15fd3603f85.dec.pkl
Completed:  2026-07-31T11:10:42+02:00
============================================================
Processing: /media/tester/black_hat_materials/samples/all/decompiled/e711a90b5ece5380e1acaed56827e8d5.dec.pkl
Output:     /media/tester/black_hat_materials/samples/all/deobfuscated/e711a90b5ece5380e1acaed56827e8d5.deobf.txt
Started:    2026-07-31T11:10:42+02:00
Reading from serialized, already decompiled input: /media/tester/black_hat_materials/samples/all/decompiled/e711a90b5ece5380e1acaed56827e8d5.dec.pkl
Replace global scope done. Changed: False
Propagating values by scopes: Done. Changed: True
Propagating values by local variables. Done. Changed: True
Propagating func variables: Done. Changed: True
Start Func: func_start_0x10000b96e
All Deobf functions found: 11686
Checking: func_Et_0x10000045a
Deobf root: func_Et_0x10000045a
Inner root: func_vt_0x100000993
Strings loaded from: func_q2_0x10000092c
Loaded string chunks: 115735
Loaded 11687 current-payload function configurations from /media/tester/black_hat_materials/samples/all/decompiled/e711a90b5ece5380e1acaed56827e8d5.dec.resolved_funcs.csv
String deobfuscation OK
Strings loaded from: func_q2_0x10000092c
Hidden the strings definitions
Hidden 11687 functions
Deobfuscated strings in: 71.2318094149814 s. = 1.1871968235830233 min
Replacement round: 0
Replacement round: 1
Replacement round: 2
Replacement round: 3
Replacement round: 4
Replacement round: 5
Replacement round: 6
Refreshing decoded strings after unflattening...
String refresh: 18/168 candidate function(s); inlined 0 decoder argument(s); replaced 0 decoder call(s); 0.230 s
Hidden: 16628 op functions
Propagating globals...
Inlining temporary values...
Applied strict local final-pass cleanup: 24182 change(s) in 8068 function(s)
Final refresh of decoded strings...
String refresh: 127/11968 candidate function(s); inlined 0 decoder argument(s); replaced 0 decoder call(s); 1.754 s
Deobfuscation OK. Total time: 254.60636830999283 s. = 4.243439471833214 min
Serializing to file: /media/tester/black_hat_materials/samples/all/deobfuscated/e711a90b5ece5380e1acaed56827e8d5.deobf.pkl
Exporting to file /media/tester/black_hat_materials/samples/all/deobfuscated/e711a90b5ece5380e1acaed56827e8d5.deobf.txt
Saved string list (total: 79969) to: /media/tester/black_hat_materials/samples/all/deobfuscated/e711a90b5ece5380e1acaed56827e8d5.deobf.txt.strings.txt
Done.
Finished:   /media/tester/black_hat_materials/samples/all/decompiled/e711a90b5ece5380e1acaed56827e8d5.dec.pkl
Completed:  2026-07-31T11:15:12+02:00
============================================================
Processing: /media/tester/black_hat_materials/samples/all/decompiled/e81b35b76b4d97751c0724bc0c7f3b83.dec.pkl
Output:     /media/tester/black_hat_materials/samples/all/deobfuscated/e81b35b76b4d97751c0724bc0c7f3b83.deobf.txt
Started:    2026-07-31T11:15:12+02:00
Reading from serialized, already decompiled input: /media/tester/black_hat_materials/samples/all/decompiled/e81b35b76b4d97751c0724bc0c7f3b83.dec.pkl
Replace global scope done. Changed: False
Propagating values by scopes: Done. Changed: True
Propagating values by local variables. Done. Changed: True
Propagating func variables: Done. Changed: True
Start Func: func_start_0x10000cdd4
All Deobf functions found: 12523
Checking: func_ot_0x100000559
Deobf root: func_ot_0x100000559
Inner root: func_at_0x100000668
Strings loaded from: func_um_0x1000005d9
Loaded string chunks: 119315
Loaded 12524 current-payload function configurations from /media/tester/black_hat_materials/samples/all/decompiled/e81b35b76b4d97751c0724bc0c7f3b83.dec.resolved_funcs.csv
String deobfuscation OK
Strings loaded from: func_um_0x1000005d9
Hidden the strings definitions
Hidden 12524 functions
Deobfuscated strings in: 72.69487960601691 s. = 1.2115813267669486 min
Replacement round: 0
Replacement round: 1
Replacement round: 2
Replacement round: 3
Replacement round: 4
Replacement round: 5
Refreshing decoded strings after unflattening...
String refresh: 23/204 candidate function(s); inlined 0 decoder argument(s); replaced 0 decoder call(s); 0.214 s
Hidden: 17626 op functions
Propagating globals...
Inlining temporary values...
Applied strict local final-pass cleanup: 25258 change(s) in 8693 function(s)
Final refresh of decoded strings...
String refresh: 128/13272 candidate function(s); inlined 0 decoder argument(s); replaced 0 decoder call(s); 1.289 s
Deobfuscation OK. Total time: 251.3922510339762 s. = 4.18987085056627 min
Serializing to file: /media/tester/black_hat_materials/samples/all/deobfuscated/e81b35b76b4d97751c0724bc0c7f3b83.deobf.pkl
Exporting to file /media/tester/black_hat_materials/samples/all/deobfuscated/e81b35b76b4d97751c0724bc0c7f3b83.deobf.txt
Saved string list (total: 83332) to: /media/tester/black_hat_materials/samples/all/deobfuscated/e81b35b76b4d97751c0724bc0c7f3b83.deobf.txt.strings.txt
Done.
Finished:   /media/tester/black_hat_materials/samples/all/decompiled/e81b35b76b4d97751c0724bc0c7f3b83.dec.pkl
Completed:  2026-07-31T11:19:42+02:00
============================================================
Processing: /media/tester/black_hat_materials/samples/all/decompiled/e8b5448b4f7b013e8c6191b20d3f8291.dec.pkl
Output:     /media/tester/black_hat_materials/samples/all/deobfuscated/e8b5448b4f7b013e8c6191b20d3f8291.deobf.txt
Started:    2026-07-31T11:19:42+02:00
Reading from serialized, already decompiled input: /media/tester/black_hat_materials/samples/all/decompiled/e8b5448b4f7b013e8c6191b20d3f8291.dec.pkl
Replace global scope done. Changed: False
Propagating values by scopes: Done. Changed: True
Propagating values by local variables. Done. Changed: True
Propagating func variables: Done. Changed: True
Start Func: func_start_0x10000782b
All Deobf functions found: 8077
Checking: func_dt_0x100000784
Deobf root: func_dt_0x100000784
Inner root: func_gt_0x1000008e0
Strings loaded from: func_E1_0x10000091a
Loaded string chunks: 209278
Loaded 8078 current-payload function configurations from /media/tester/black_hat_materials/samples/all/decompiled/e8b5448b4f7b013e8c6191b20d3f8291.dec.resolved_funcs.csv
String deobfuscation OK
Strings loaded from: func_E1_0x10000091a
Hidden the strings definitions
Hidden 8078 functions
Deobfuscated strings in: 195.94958244700683 s. = 3.2658263741167803 min
Replacement round: 0
Replacement round: 1
Replacement round: 2
Replacement round: 3
Replacement round: 4
Replacement round: 5
Refreshing decoded strings after unflattening...
String refresh: 7/124 candidate function(s); inlined 0 decoder argument(s); replaced 0 decoder call(s); 0.088 s
Hidden: 11631 op functions
Propagating globals...
Inlining temporary values...
Applied strict local final-pass cleanup: 15033 change(s) in 4854 function(s)
Final refresh of decoded strings...
String refresh: 80/7380 candidate function(s); inlined 0 decoder argument(s); replaced 0 decoder call(s); 1.957 s
Deobfuscation OK. Total time: 356.31610481999815 s. = 5.938601746999969 min
Serializing to file: /media/tester/black_hat_materials/samples/all/deobfuscated/e8b5448b4f7b013e8c6191b20d3f8291.deobf.pkl
Exporting to file /media/tester/black_hat_materials/samples/all/deobfuscated/e8b5448b4f7b013e8c6191b20d3f8291.deobf.txt
Saved string list (total: 96522) to: /media/tester/black_hat_materials/samples/all/deobfuscated/e8b5448b4f7b013e8c6191b20d3f8291.deobf.txt.strings.txt
Done.
Finished:   /media/tester/black_hat_materials/samples/all/decompiled/e8b5448b4f7b013e8c6191b20d3f8291.dec.pkl
Completed:  2026-07-31T11:25:53+02:00
============================================================
Processing: /media/tester/black_hat_materials/samples/all/decompiled/fd4494c555adda2eb54b88f5c9c08801.dec.pkl
Output:     /media/tester/black_hat_materials/samples/all/deobfuscated/fd4494c555adda2eb54b88f5c9c08801.deobf.txt
Started:    2026-07-31T11:25:53+02:00
Reading from serialized, already decompiled input: /media/tester/black_hat_materials/samples/all/decompiled/fd4494c555adda2eb54b88f5c9c08801.dec.pkl
Replace global scope done. Changed: False
Propagating values by scopes: Done. Changed: True
Propagating values by local variables. Done. Changed: True
Propagating func variables: Done. Changed: True
Start Func: func_start_0x100008306
All Deobf functions found: 8920
Checking: func_xt_0x100000239
Deobf root: func_xt_0x100000239
Inner root: func_Qt_0x100000753
Strings loaded from: func_cp_0x10000019f
Loaded string chunks: 216854
Loaded 8921 current-payload function configurations from /media/tester/black_hat_materials/samples/all/decompiled/fd4494c555adda2eb54b88f5c9c08801.dec.resolved_funcs.csv
String deobfuscation OK
Strings loaded from: func_cp_0x10000019f
Hidden the strings definitions
Hidden 8921 functions
Deobfuscated strings in: 181.56910807697568 s. = 3.026151801282928 min
Replacement round: 0
Replacement round: 1
Replacement round: 2
Replacement round: 3
Replacement round: 4
Replacement round: 5
Replacement round: 6
Refreshing decoded strings after unflattening...
String refresh: 12/135 candidate function(s); inlined 0 decoder argument(s); replaced 0 decoder call(s); 0.096 s
Hidden: 12538 op functions
Propagating globals...
Inlining temporary values...
Applied strict local final-pass cleanup: 16908 change(s) in 5557 function(s)
Final refresh of decoded strings...
String refresh: 89/8219 candidate function(s); inlined 0 decoder argument(s); replaced 0 decoder call(s); 5.342 s
Deobfuscation OK. Total time: 374.18697478302056 s. = 6.236449579717009 min
Serializing to file: /media/tester/black_hat_materials/samples/all/deobfuscated/fd4494c555adda2eb54b88f5c9c08801.deobf.pkl
Exporting to file /media/tester/black_hat_materials/samples/all/deobfuscated/fd4494c555adda2eb54b88f5c9c08801.deobf.txt
Saved string list (total: 103242) to: /media/tester/black_hat_materials/samples/all/deobfuscated/fd4494c555adda2eb54b88f5c9c08801.deobf.txt.strings.txt
Done.
Finished:   /media/tester/black_hat_materials/samples/all/decompiled/fd4494c555adda2eb54b88f5c9c08801.dec.pkl
Completed:  2026-07-31T11:32:28+02:00
All files deobfuscated successfully.

============================================================
Validating generated output: RUN WITH CACHE

------------------------------------------------------------
Input:  /media/tester/black_hat_materials/samples/all/decompiled/03f4e47b9c2283c32bb8f8f042ce6e41.dec.pkl
Output: /media/tester/black_hat_materials/samples/all/deobfuscated/03f4e47b9c2283c32bb8f8f042ce6e41.deobf.txt
CSV:    /media/tester/black_hat_materials/samples/all/decompiled/03f4e47b9c2283c32bb8f8f042ce6e41.dec.resolved_funcs.csv
Unresolved decoder references: 0

------------------------------------------------------------
Input:  /media/tester/black_hat_materials/samples/all/decompiled/0b8015cbb1ffdc6efe6a306ff5b1115f.dec.pkl
Output: /media/tester/black_hat_materials/samples/all/deobfuscated/0b8015cbb1ffdc6efe6a306ff5b1115f.deobf.txt
CSV:    /media/tester/black_hat_materials/samples/all/decompiled/0b8015cbb1ffdc6efe6a306ff5b1115f.dec.resolved_funcs.csv
Unresolved decoder references: 0

------------------------------------------------------------
Input:  /media/tester/black_hat_materials/samples/all/decompiled/1026743185dfa10e9ddc21b5a4c578d5.dec.pkl
Output: /media/tester/black_hat_materials/samples/all/deobfuscated/1026743185dfa10e9ddc21b5a4c578d5.deobf.txt
CSV:    /media/tester/black_hat_materials/samples/all/decompiled/1026743185dfa10e9ddc21b5a4c578d5.dec.resolved_funcs.csv
Unresolved decoder references: 0

------------------------------------------------------------
Input:  /media/tester/black_hat_materials/samples/all/decompiled/201f28b5e62e52e269757930f941c774.dec.pkl
Output: /media/tester/black_hat_materials/samples/all/deobfuscated/201f28b5e62e52e269757930f941c774.deobf.txt
CSV:    /media/tester/black_hat_materials/samples/all/decompiled/201f28b5e62e52e269757930f941c774.dec.resolved_funcs.csv
Unresolved decoder references: 0

------------------------------------------------------------
Input:  /media/tester/black_hat_materials/samples/all/decompiled/2fe27eb8c99626e8c02e4bfd02aca962.dec.pkl
Output: /media/tester/black_hat_materials/samples/all/deobfuscated/2fe27eb8c99626e8c02e4bfd02aca962.deobf.txt
CSV:    /media/tester/black_hat_materials/samples/all/decompiled/2fe27eb8c99626e8c02e4bfd02aca962.dec.resolved_funcs.csv
Unresolved decoder references: 0

------------------------------------------------------------
Input:  /media/tester/black_hat_materials/samples/all/decompiled/376ec4dbc3363fa7131367e4c6327a46.dec.pkl
Output: /media/tester/black_hat_materials/samples/all/deobfuscated/376ec4dbc3363fa7131367e4c6327a46.deobf.txt
CSV:    /media/tester/black_hat_materials/samples/all/decompiled/376ec4dbc3363fa7131367e4c6327a46.dec.resolved_funcs.csv
Unresolved decoder references: 0

------------------------------------------------------------
Input:  /media/tester/black_hat_materials/samples/all/decompiled/462195f7f8033df7371e899fe9bc51de.dec.pkl
Output: /media/tester/black_hat_materials/samples/all/deobfuscated/462195f7f8033df7371e899fe9bc51de.deobf.txt
CSV:    /media/tester/black_hat_materials/samples/all/decompiled/462195f7f8033df7371e899fe9bc51de.dec.resolved_funcs.csv
Unresolved decoder references: 0

------------------------------------------------------------
Input:  /media/tester/black_hat_materials/samples/all/decompiled/499184635d56a9827d2059256a35e530.dec.pkl
Output: /media/tester/black_hat_materials/samples/all/deobfuscated/499184635d56a9827d2059256a35e530.deobf.txt
CSV:    /media/tester/black_hat_materials/samples/all/decompiled/499184635d56a9827d2059256a35e530.dec.resolved_funcs.csv
Unresolved decoder references: 0

------------------------------------------------------------
Input:  /media/tester/black_hat_materials/samples/all/decompiled/533d0b93ea03cd5bab4eec0f0ebadd03.dec.pkl
Output: /media/tester/black_hat_materials/samples/all/deobfuscated/533d0b93ea03cd5bab4eec0f0ebadd03.deobf.txt
CSV:    /media/tester/black_hat_materials/samples/all/decompiled/533d0b93ea03cd5bab4eec0f0ebadd03.dec.resolved_funcs.csv
Unresolved decoder references: 0

------------------------------------------------------------
Input:  /media/tester/black_hat_materials/samples/all/decompiled/68ac84a8470d1f365f0bb2f37b6256d5.dec.pkl
Output: /media/tester/black_hat_materials/samples/all/deobfuscated/68ac84a8470d1f365f0bb2f37b6256d5.deobf.txt
CSV:    /media/tester/black_hat_materials/samples/all/decompiled/68ac84a8470d1f365f0bb2f37b6256d5.dec.resolved_funcs.csv
Unresolved decoder references: 0

------------------------------------------------------------
Input:  /media/tester/black_hat_materials/samples/all/decompiled/6e023b9b3097a2dba311cb06a91fe259.dec.pkl
Output: /media/tester/black_hat_materials/samples/all/deobfuscated/6e023b9b3097a2dba311cb06a91fe259.deobf.txt
CSV:    /media/tester/black_hat_materials/samples/all/decompiled/6e023b9b3097a2dba311cb06a91fe259.dec.resolved_funcs.csv
Unresolved decoder references: 0

------------------------------------------------------------
Input:  /media/tester/black_hat_materials/samples/all/decompiled/7b659fa5c93af29c4e11d8c8be437058.dec.pkl
Output: /media/tester/black_hat_materials/samples/all/deobfuscated/7b659fa5c93af29c4e11d8c8be437058.deobf.txt
CSV:    /media/tester/black_hat_materials/samples/all/decompiled/7b659fa5c93af29c4e11d8c8be437058.dec.resolved_funcs.csv
Unresolved decoder references: 0

------------------------------------------------------------
Input:  /media/tester/black_hat_materials/samples/all/decompiled/8fb3e6acb2024601eba0ba484091ff3d.dec.pkl
Output: /media/tester/black_hat_materials/samples/all/deobfuscated/8fb3e6acb2024601eba0ba484091ff3d.deobf.txt
CSV:    /media/tester/black_hat_materials/samples/all/decompiled/8fb3e6acb2024601eba0ba484091ff3d.dec.resolved_funcs.csv
Unresolved decoder references: 0

------------------------------------------------------------
Input:  /media/tester/black_hat_materials/samples/all/decompiled/af105a6d4dc10b2bfefd75e917245523.dec.pkl
Output: /media/tester/black_hat_materials/samples/all/deobfuscated/af105a6d4dc10b2bfefd75e917245523.deobf.txt
CSV:    /media/tester/black_hat_materials/samples/all/decompiled/af105a6d4dc10b2bfefd75e917245523.dec.resolved_funcs.csv
Unresolved decoder references: 0

------------------------------------------------------------
Input:  /media/tester/black_hat_materials/samples/all/decompiled/b2dad3f88b7f6870f83eb1ad852b7f7e.dec.pkl
Output: /media/tester/black_hat_materials/samples/all/deobfuscated/b2dad3f88b7f6870f83eb1ad852b7f7e.deobf.txt
CSV:    /media/tester/black_hat_materials/samples/all/decompiled/b2dad3f88b7f6870f83eb1ad852b7f7e.dec.resolved_funcs.csv
Unresolved decoder references: 0

------------------------------------------------------------
Input:  /media/tester/black_hat_materials/samples/all/decompiled/d064dfaaef30c057b832c79996c35e89.dec.pkl
Output: /media/tester/black_hat_materials/samples/all/deobfuscated/d064dfaaef30c057b832c79996c35e89.deobf.txt
CSV:    /media/tester/black_hat_materials/samples/all/decompiled/d064dfaaef30c057b832c79996c35e89.dec.resolved_funcs.csv
Unresolved decoder references: 0

------------------------------------------------------------
Input:  /media/tester/black_hat_materials/samples/all/decompiled/d5b4137135cf121e3ea07b1c81fe1108.dec.pkl
Output: /media/tester/black_hat_materials/samples/all/deobfuscated/d5b4137135cf121e3ea07b1c81fe1108.deobf.txt
CSV:    /media/tester/black_hat_materials/samples/all/decompiled/d5b4137135cf121e3ea07b1c81fe1108.dec.resolved_funcs.csv
Unresolved decoder references: 0

------------------------------------------------------------
Input:  /media/tester/black_hat_materials/samples/all/decompiled/e26687982d924ffebef6fbf2d9d43350.dec.pkl
Output: /media/tester/black_hat_materials/samples/all/deobfuscated/e26687982d924ffebef6fbf2d9d43350.deobf.txt
CSV:    /media/tester/black_hat_materials/samples/all/decompiled/e26687982d924ffebef6fbf2d9d43350.dec.resolved_funcs.csv
Unresolved decoder references: 0

------------------------------------------------------------
Input:  /media/tester/black_hat_materials/samples/all/decompiled/e27ae65977287bdfb7b0e15fd3603f85.dec.pkl
Output: /media/tester/black_hat_materials/samples/all/deobfuscated/e27ae65977287bdfb7b0e15fd3603f85.deobf.txt
CSV:    /media/tester/black_hat_materials/samples/all/decompiled/e27ae65977287bdfb7b0e15fd3603f85.dec.resolved_funcs.csv
Unresolved decoder references: 0

------------------------------------------------------------
Input:  /media/tester/black_hat_materials/samples/all/decompiled/e711a90b5ece5380e1acaed56827e8d5.dec.pkl
Output: /media/tester/black_hat_materials/samples/all/deobfuscated/e711a90b5ece5380e1acaed56827e8d5.deobf.txt
CSV:    /media/tester/black_hat_materials/samples/all/decompiled/e711a90b5ece5380e1acaed56827e8d5.dec.resolved_funcs.csv
Unresolved decoder references: 0

------------------------------------------------------------
Input:  /media/tester/black_hat_materials/samples/all/decompiled/e81b35b76b4d97751c0724bc0c7f3b83.dec.pkl
Output: /media/tester/black_hat_materials/samples/all/deobfuscated/e81b35b76b4d97751c0724bc0c7f3b83.deobf.txt
CSV:    /media/tester/black_hat_materials/samples/all/decompiled/e81b35b76b4d97751c0724bc0c7f3b83.dec.resolved_funcs.csv
Unresolved decoder references: 0

------------------------------------------------------------
Input:  /media/tester/black_hat_materials/samples/all/decompiled/e8b5448b4f7b013e8c6191b20d3f8291.dec.pkl
Output: /media/tester/black_hat_materials/samples/all/deobfuscated/e8b5448b4f7b013e8c6191b20d3f8291.deobf.txt
CSV:    /media/tester/black_hat_materials/samples/all/decompiled/e8b5448b4f7b013e8c6191b20d3f8291.dec.resolved_funcs.csv
Unresolved decoder references: 0

------------------------------------------------------------
Input:  /media/tester/black_hat_materials/samples/all/decompiled/fd4494c555adda2eb54b88f5c9c08801.dec.pkl
Output: /media/tester/black_hat_materials/samples/all/deobfuscated/fd4494c555adda2eb54b88f5c9c08801.deobf.txt
CSV:    /media/tester/black_hat_materials/samples/all/decompiled/fd4494c555adda2eb54b88f5c9c08801.dec.resolved_funcs.csv
Unresolved decoder references: 0

============================================================
RUN WITH CACHE summary
Deobfuscation command failures: 0
Missing output files:           0
Validation failures:            0
Completed: 2026-07-31T11:32:48+02:00

################################################################
Two-pass summary
Run without cache failures: 0
Run with cache failures: 0
Final output directory contains only the run-with-cache artifacts:
  /media/tester/black_hat_materials/samples/all/deobfuscated
Completed two-pass run: 2026-07-31T11:32:48+02:00
