func_$0_0x10000241b,360,True
func_$0_0x100002425,-118,True
func_$0_0x100002431,-366,True
func_$_0x100000206,763,True
func_$_0x10000173e,1003,True
func_$_0x100001742,-258,False
func_$_0x100001751,-141,True
func_$_0x1000017a1,-903,False
func_$_0x100001c1b,-647,True
func_$_0x100001c21,320,True
func_$_0x100001d52,419,True
func_$_0x100002499,-277,False
func_$_0x10000323d,-242,True
func_$_0x100003508,214,False
func_$_0x100003616,-632,True
func_$_0x10000361a,-898,False
func_$_0x1000037a7,-550,False
func_$_0x1000037ab,366,True
func_$_0x1000037b3,-550,False
func_$_0x1000037b5,300,True
func_$_0x1000037b7,-57,True
func_$_0x1000037b9,-601,True
func_$_0x1000037bb,-203,True
func_$_0x1000037bf,695,False
func_$_0x1000037c3,-250,False
func_$_0x1000037c5,665,True
func_$_0x1000037d1,291,True
func_$_0x10000394b,-669,True
func_$_0x10000394e,953,True
func_$_0x10000395b,560,False
func_$_0x100003b76,663,False
func_$_0x100003bd3,280,True
func_$_0x1000043fc,537,True
func_$_0x1000046b5,766,True
func_$_0x100004897,685,True
func_$_0x100004971,8,False
func_$_0x100004b88,25,False
func_$_0x100004ba5,864,True
func_$_0x100004e34,358,False
func_$_0x100004e49,699,True
func_$_0x100004e4d,741,True
func_$_0x100004e4f,644,False
func_$_0x10000516c,-540,False
func_$_0x100005722,-81,False
func_$_0x10000573e,-57,True
func_$_0x100005e63,794,False
func_$_0x100005f80,-869,False
func_$_0x100005fbe,548,False
func_$_0x100005fd3,-764,False
func_$_0x100005fdb,608,False
func_$_0x100006bbe,584,True
func_$_0x100006bc0,997,True
func_$_0x100006bc2,-863,False
func_$_0x100006cf5,-811,True
func_$_0x100006cf7,-716,True
func_$_0x100006d01,238,True
func_$_0x100006d03,785,True
func_$_0x100006d05,-819,True
func_$_0x100006d07,-599,False
func_$_0x100006d09,-6,True
func_$_0x100006ee4,126,True
func_$_0x1000072f0,211,False
func_$_0x100007928,756,False
func_$_0x100007938,596,True
func_$_0x10000793c,-243,True
func_$_0x100007940,333,False
func_$_0x100007948,-329,False
func_$_0x10000794c,639,True
func_$_0x100007999,-495,True
func_$_0x10000799b,547,True
func_$_0x1000079bd,-409,True
func_$_0x100007b12,-68,False
func_$e_0x100001ae7,566,False
func_$e_0x100001b2f,883,False
func_$e_0x100001b3d,511,True
func_$e_0x100004465,381,True
func_$e_0x1000044c9,-351,True
func_$e_0x1000044e1,65,False
func_$e_0x1000044e3,866,False
func_$e_0x1000044e5,-124,True
func_$e_0x1000044e7,543,False
func_$e_0x1000044ea,657,False
func_$e_0x1000044ec,602,False
func_$e_0x1000044ee,-240,True
func_$e_0x1000044f0,-429,True
func_$e_0x1000054d1,348,True
func_$e_0x10000554d,353,False
func_$e_0x100005ca7,302,True
func_$e_0x100007083,787,False
func_$e_0x100007187,-434,True
func_$e_0x100007da2,-253,False
func_$r_0x1000029d5,500,False
func_$r_0x1000029d7,101,True
func_$r_0x100002a46,-406,True
func_$r_0x100002a4e,931,True
func_$r_0x100002a50,460,False
func_$t_0x100002d6b,-99,False
func_$t_0x100002da0,787,False
func_$t_0x100002da2,-267,False
func_$t_0x100002da4,-902,False
func_$t_0x100002eaa,444,False
func_$t_0x100002ec1,-870,True
func_$t_0x100005d83,464,False
func_$t_0x100005d8e,-944,True
func_$t_0x100005d9a,-257,False
func_$t_0x100005db0,-848,False
func_$t_0x100005db6,689,True
func_$t_0x100005dc6,-942,True
func_$t_0x100005dce,567,False
func_$t_0x100005dd2,795,False
func_$t_0x100005dd4,776,True
func_$t_0x100005dd7,-556,False
func_$t_0x100005df4,-417,True
func_$t_0x100005dfc,433,True
func_$t_0x100005e02,958,True
func_$t_0x100005e13,-137,True
func_$t_0x100005e29,-824,True
func_$t_0x100005e39,-850,True
func_$t_0x100005e3b,431,True
func_0_0x1000066e6,277,True
func_0_0x100006703,-608,False
func_0_0x100006f4a,554,True
func_0_0x100006f9f,-561,False
func_0_0x100007031,223,True
func_0_0x100007038,700,True
func_0_0x10000703c,-90,True
func_A0_0x100001ae3,-620,False
func_A0_0x100001e33,-791,False
func_A0_0x100001e37,367,True
func_A0_0x100001e3d,-388,True
func_A0_0x100001e3f,723,False
func_A0_0x100001e45,-379,False
func_A0_0x1000032e6,-655,True
func_A0_0x100003c65,-457,False
func_A0_0x1000044ad,449,True
func_A0_0x100005777,561,False
func_A0_0x1000057c5,-126,True
func_A0_0x100005826,1023,False
func_A0_0x100005828,-484,False
func_A0_0x100007065,331,False
func_A0_0x10000706f,-340,False
func_A0_0x100007071,919,False
func_A0_0x100007e47,919,False
func_A_0x1000002aa,-44,True
func_A_0x1000002d0,-778,False
func_A_0x100000396,977,True
func_A_0x1000007c1,-17,True
func_A_0x100000929,-498,False
func_A_0x100001957,842,False
func_A_0x1000019ff,716,False
func_A_0x100001a28,-669,True
func_A_0x100001a7e,-91,False
func_A_0x100001a81,575,True
func_A_0x100001b9b,-779,True
func_A_0x100001bf7,86,True
func_A_0x100001bf9,-240,True
func_A_0x100001c97,-408,False
func_A_0x1000024e6,-104,True
func_A_0x100002acf,-618,True
func_A_0x100002ad1,-728,False
func_A_0x100002f8f,859,False
func_A_0x100003127,-554,False
func_A_0x100003279,1029,True
func_A_0x100003284,-486,True
func_A_0x1000032d3,12,True
func_A_0x1000032d5,828,False
func_A_0x10000343e,303,False
func_A_0x100003962,-489,False
func_A_0x100003984,992,False
func_A_0x100003d8a,-323,False
func_A_0x1000040f9,1,False
func_A_0x100004583,417,True
func_A_0x1000045ad,-278,False
func_A_0x100004721,41,True
func_A_0x10000479e,331,True
func_A_0x10000492c,-622,True
func_A_0x100004942,-752,False
func_A_0x10000494e,-796,False
func_A_0x100004958,-769,True
func_A_0x1000049f7,-387,False
func_A_0x100004a3b,478,False
func_A_0x100004c31,-552,False
func_A_0x100004d60,88,True
func_A_0x100004f81,-59,False
func_A_0x100005019,1017,True
func_A_0x10000507e,382,False
func_A_0x100005080,985,False
func_A_0x100005083,41,False
func_A_0x100005111,-835,True
func_A_0x100005217,668,False
func_A_0x10000521b,489,False
func_A_0x100005231,-422,False
func_A_0x100005319,-483,False
func_A_0x10000532a,-774,False
func_A_0x1000058b2,176,False
func_A_0x10000598d,930,True
func_A_0x100005994,829,False
func_A_0x100005bc1,-623,True
func_A_0x100006090,-917,True
func_A_0x10000651a,-175,True
func_A_0x1000065c3,-359,True
func_A_0x1000065cf,-906,False
func_A_0x1000065e6,507,False
func_A_0x100007b9c,-614,True
func_A_0x100007c11,102,False
func_A_0x100007dcd,-277,True
func_A_0x1000082e3,55,False
func_Ae_0x10000159f,-511,True
func_Ae_0x1000015a1,668,False
func_Ae_0x100003675,-789,True
func_Ae_0x100003679,469,False
func_Ae_0x10000367d,-366,True
func_Ae_0x10000368b,634,False
func_Ae_0x100004822,417,False
func_Ae_0x100004828,-925,True
func_Ae_0x100005386,434,True
func_Ae_0x100005732,249,False
func_Ae_0x100006117,590,False
func_Ae_0x1000063b6,112,False
func_Ae_0x1000063bf,430,True
func_Ae_0x10000645e,-361,False
func_Ae_0x100006588,-335,False
func_Ae_0x100006b97,-152,False
func_Ae_0x100006b9b,-585,False
func_Ae_0x100006b9f,67,False
func_Ae_0x100006ba1,765,False
func_Ae_0x100006bad,135,True
func_Ae_0x100006c68,-604,False
func_Ae_0x100006ee9,917,True
func_Ae_0x100006f0f,-605,False
func_Ae_0x100006f1a,384,True
func_Ae_0x100006f1c,657,False
func_Ae_0x10000736d,-568,False
func_Ae_0x100007373,551,True
func_Ae_0x1000074a9,979,True
func_Ae_0x1000074b2,-145,False
func_Ae_0x1000074b4,951,False
func_Ae_0x1000074b8,-276,True
func_Ae_0x1000074c9,-192,True
func_Ae_0x1000079b4,-464,True
func_Ae_0x1000079b8,880,False
func_Ae_0x100007c81,-843,True
func_An_0x100001af4,370,False
func_An_0x10000576c,-138,True
func_An_0x1000057ca,733,False
func_An_0x1000063fc,-956,True
func_An_0x100006400,589,True
func_An_0x100006402,-603,False
func_An_0x100006404,-765,True
func_An_0x100006406,713,False
func_An_0x10000640a,-133,False
func_An_0x10000640c,-247,False
func_Ar_0x100002821,795,False
func_Ar_0x100002826,432,False
func_Ar_0x1000029a3,-766,True
func_Ar_0x1000029a7,630,True
func_Ar_0x1000029a9,340,True
func_Ar_0x1000029ec,-366,True
func_Ar_0x100002a4a,-322,False
func_Ar_0x100002a4c,44,False
func_Ar_0x100002a85,-260,False
func_At_0x100000656,950,False
func_At_0x100002d71,625,True
func_At_0x100002d9f,462,True
func_At_0x100002eaf,507,True
func_At_0x100005a92,-933,True
func_At_0x100005d81,61,False
func_At_0x100005d85,-479,False
func_At_0x100005d87,744,False
func_At_0x100005d90,-407,False
func_At_0x100005d96,889,True
func_At_0x100005d98,501,False
func_At_0x100005d9c,-289,True
func_At_0x100005db2,-25,True
func_At_0x100005db8,-381,False
func_At_0x100005dbc,-123,False
func_At_0x100005dc4,62,False
func_At_0x100005dc8,794,True
func_At_0x100005dd9,-563,False
func_At_0x100005dea,-733,True
func_At_0x100005df6,433,False
func_At_0x100005df8,-727,True
func_At_0x100005e04,544,True
func_At_0x100005e0a,-269,True
func_At_0x100005e17,973,False
func_At_0x100005e1b,-607,True
func_At_0x100005e1d,44,False
func_At_0x100005e25,-237,False
func_At_0x100005e2b,-843,True
func_At_0x100005e31,-110,True
func_At_0x100005e37,-22,False
func_At_0x100008285,323,False
func_B0_0x100003db3,1040,False
func_B0_0x100003e56,-336,False
func_B0_0x100003f26,829,True
func_B0_0x100003f46,-145,False
func_B0_0x100003f50,218,False
func_B0_0x10000406d,-342,True
func_B0_0x1000040c7,288,True
func_B_0x100001637,-766,False
func_B_0x100001654,-673,True
func_B_0x10000165a,122,False
func_B_0x10000165c,342,False
func_B_0x1000017d0,-684,True
func_B_0x1000017d2,-896,False
func_B_0x100001c14,-231,True
func_B_0x100001c38,-813,True
func_B_0x100001c6e,123,True
func_B_0x100001d2a,-469,False
func_B_0x10000247f,-378,True
func_B_0x1000024ab,1023,False
func_B_0x1000024ad,498,False
func_B_0x1000024af,-157,False
func_B_0x1000024b1,657,False
func_B_0x100002f0b,910,True
func_B_0x100003008,884,True
func_B_0x100003233,-876,False
func_B_0x100003541,-421,True
func_B_0x100003543,-97,True
func_B_0x1000035fe,-69,True
func_B_0x100003b8c,68,False
func_B_0x100003bec,-564,True
func_B_0x100004279,762,False
func_B_0x1000043fa,322,False
func_B_0x100004974,938,False
func_B_0x100004976,-506,False
func_B_0x100004a6b,-52,False
func_B_0x100004a77,-544,False
func_B_0x1000051f4,-463,False
func_B_0x100005711,233,False
func_B_0x1000059a2,-503,False
func_B_0x100005efc,-226,False
func_B_0x100005f00,359,True
func_B_0x100005f04,-917,False
func_B_0x100005f1d,824,True
func_B_0x1000060b8,-174,False
func_B_0x100006c50,-386,False
func_B_0x100006e8e,710,False
func_B_0x1000070ed,-715,False
func_B_0x100007217,-913,False
func_B_0x10000724d,277,False
func_B_0x100007538,515,False
func_B_0x10000753c,-663,True
func_B_0x100007c72,355,True
func_B_0x100007c74,340,False
func_B_0x100007c7a,416,False
func_B_0x100007c7c,-64,False
func_B_0x100007e92,892,True
func_B_0x100007ea0,-644,False
func_Ba_0x100002236,84,True
func_Ba_0x100002246,-826,False
func_Be_0x10000180f,-55,True
func_Be_0x100001b29,429,True
func_Be_0x1000032da,-440,True
func_Be_0x100004486,-422,True
func_Be_0x100004488,222,False
func_Be_0x100004490,-659,False
func_Be_0x1000044a0,1001,True
func_Be_0x1000044a7,430,True
func_Be_0x1000044d0,-107,False
func_Be_0x1000044d3,747,True
func_Be_0x100007117,-231,True
func_Be_0x100008036,170,True
func_Be_0x10000804c,330,True
func_Be_0x100008052,-722,False
func_Be_0x100008058,151,True
func_Be_0x100008066,-621,False
func_Br_0x100002d73,-382,True
func_Br_0x100002d7b,-713,False
func_Br_0x100002d7f,-651,False
func_Br_0x100008214,474,False
func_Bt_0x1000027b7,-533,True
func_Bt_0x10000287c,352,True
func_Bt_0x100002882,-284,False
func_Bt_0x100002884,-5,True
func_Bt_0x1000028c2,-686,True
func_Bt_0x1000028c8,427,False
func_Bt_0x1000028d8,583,True
func_Bt_0x1000028e5,70,True
func_Bt_0x1000028ea,62,True
func_Bt_0x1000028f2,228,False
func_Bt_0x10000290d,-568,False
func_Bt_0x100002913,-567,True
func_Bt_0x100002942,-320,False
func_Bt_0x100002944,92,True
func_Bt_0x100002954,-499,False
func_Bt_0x10000296b,194,False
func_Bt_0x100002977,-949,True
func_Bt_0x1000029c2,804,False
func_Bt_0x1000029c6,-383,True
func_Bt_0x1000029cd,765,False
func_Bt_0x1000029de,691,True
func_Bt_0x100002a13,-81,False
func_Bt_0x100002a2f,359,False
func_Bt_0x100002a34,-573,False
func_Bt_0x100002a6d,-565,True
func_C0_0x100003e5c,-858,True
func_C0_0x100003e94,728,False
func_C0_0x100003eae,-23,False
func_C0_0x100003ff6,-931,True
func_C0_0x100004025,461,True
func_C0_0x100004027,-288,True
func_C0_0x10000408c,724,True
func_C0_0x100004090,-123,True
func_C0_0x100004094,-632,False
func_C0_0x10000409b,-713,True
func_C0_0x10000409d,87,True
func_C0_0x1000040b6,-430,False
func_C0_0x1000040bc,-914,True
func_C0_0x1000040c2,380,True
func_C0_0x1000040ce,-278,True
func_C_0x10000012a,931,True
func_C_0x10000012c,1037,True
func_C_0x100000139,-414,False
func_C_0x100000155,-699,True
func_C_0x1000001f2,174,False
func_C_0x1000001f6,-442,True
func_C_0x1000002b2,-617,True
func_C_0x1000002bb,1031,False
func_C_0x1000002bd,783,True
func_C_0x100000849,-190,False
func_C_0x10000152d,405,False
func_C_0x100001532,-309,False
func_C_0x100001559,462,True
func_C_0x100001611,362,False
func_C_0x1000016c1,980,True
func_C_0x1000019a1,421,False
func_C_0x1000019a3,-280,True
func_C_0x1000019a5,-601,True
func_C_0x1000019a9,-473,False
func_C_0x1000019b0,-67,False
func_C_0x1000019ee,-834,True
func_C_0x1000019f8,-581,True
func_C_0x100001a3c,287,True
func_C_0x100001aad,224,False
func_C_0x100001ab1,571,True
func_C_0x100001ab3,-464,False
func_C_0x100001c01,833,True
func_C_0x100001cbe,795,True
func_C_0x100001d72,166,False
func_C_0x10000310d,471,True
func_C_0x100003115,-737,False
func_C_0x100003167,-557,False
func_C_0x1000031a3,-379,True
func_C_0x1000031ec,321,True
func_C_0x10000348c,-367,False
func_C_0x1000036bf,453,False
func_C_0x100003903,-823,False
func_C_0x100003909,13,True
func_C_0x10000396f,-488,True
func_C_0x10000411e,-74,False
func_C_0x100004120,481,True
func_C_0x100004124,912,False
func_C_0x100004128,258,False
func_C_0x100004139,327,False
func_C_0x10000413d,-11,False
func_C_0x100004164,-381,False
func_C_0x100004193,409,False
func_C_0x10000425a,561,True
func_C_0x10000425e,44,True
func_C_0x1000042fc,-897,False
func_C_0x100004385,-461,False
func_C_0x100004605,-912,False
func_C_0x100004634,-552,True
func_C_0x1000046bb,364,False
func_C_0x100004719,-360,True
func_C_0x100004732,-266,False
func_C_0x1000049e4,-343,False
func_C_0x1000049e6,1034,False
func_C_0x1000049f2,-573,True
func_C_0x100004b18,585,False
func_C_0x100004b34,-673,False
func_C_0x100004b38,7,False
func_C_0x100004bc1,630,False
func_C_0x100004ca6,749,True
func_C_0x100004d3a,449,True
func_C_0x100004d72,9,False
func_C_0x100004f6e,862,False
func_C_0x100004f72,317,True
func_C_0x100005120,57,True
func_C_0x100005256,-631,False
func_C_0x1000056bb,-680,True
func_C_0x100005ba3,244,False
func_C_0x100005bf0,782,False
func_C_0x100006158,-850,False
func_C_0x100006166,562,False
func_C_0x1000061d1,-642,True
func_C_0x10000637d,-183,False
func_C_0x100006381,-755,False
func_C_0x100006383,575,True
func_C_0x10000638b,571,False
func_C_0x100006856,297,True
func_C_0x10000685c,833,True
func_C_0x1000069f5,536,True
func_C_0x1000069f7,-374,True
func_C_0x100006b95,503,False
func_C_0x100006bf7,-693,False
func_C_0x100006c0b,554,False
func_C_0x100006c1b,-862,True
func_C_0x1000070c7,-363,False
func_C_0x100007552,100,False
func_C_0x10000755f,146,True
func_C_0x1000076d1,363,True
func_Ce_0x1000006e2,-765,False
func_Ce_0x1000006e9,-455,False
func_Ce_0x1000006ed,286,True
func_Ce_0x100000706,915,True
func_Ce_0x10000182c,-896,False
func_Ce_0x100001836,601,True
func_Ce_0x100001838,172,False
func_Ce_0x100001846,-885,True
func_Ce_0x100001848,536,False
func_Ce_0x10000184a,-429,False
func_Ce_0x10000184c,-830,False
func_Ce_0x100001896,12,False
func_Ce_0x100001898,-220,True
func_Ce_0x1000018a0,882,False
func_Ce_0x1000018a2,-459,False
func_Ce_0x1000018a4,-462,True
func_Ce_0x1000018ae,-958,False
func_Ce_0x1000018b4,18,False
func_Ce_0x100005784,-777,True
func_Ce_0x100005842,-140,True
func_Cn_0x10000063e,12,True
func_Cn_0x100000640,-285,True
func_Cn_0x100000642,847,False
func_Cn_0x100000644,311,False
func_Cn_0x100000650,797,True
func_Cn_0x1000006bc,969,True
func_Cn_0x1000006be,540,False
func_Cn_0x1000006c0,554,False
func_Cn_0x1000006c4,902,True
func_Cn_0x1000006c6,232,False
func_Cn_0x1000057bb,78,True
func_Cn_0x100006674,991,False
func_Cn_0x100006678,366,False
func_Cn_0x100006700,-397,True
func_Co_0x100002df8,411,False
func_Cr_0x100005aec,-290,True
func_Cr_0x100008200,39,False
func_Cr_0x10000828c,-451,False
func_Cr_0x100008292,-735,False
func_Ct_0x100001f0c,740,True
func_Ct_0x10000259a,-895,True
func_Ct_0x1000025a0,-870,True
func_Ct_0x1000034c3,883,False
func_Ct_0x1000034c9,-616,False
func_Ct_0x1000034cb,-451,False
func_Ct_0x10000357f,-682,True
func_Ct_0x100003589,-340,False
func_Ct_0x10000358b,337,True
func_Ct_0x1000035be,-542,True
func_Ct_0x1000035f3,445,True
func_Ct_0x100003680,-107,False
func_Ct_0x100005172,162,False
func_Ct_0x100005174,447,True
func_Ct_0x100005180,-262,True
func_Ct_0x100005182,-650,False
func_Ct_0x100005188,-289,True
func_Ct_0x10000518a,-519,True
func_Ct_0x10000519b,483,True
func_Ct_0x1000053a7,-38,True
func_Ct_0x10000610c,-6,False
func_Ct_0x10000610e,-496,True
func_Ct_0x100006458,573,True
func_Ct_0x10000659f,587,False
func_Ct_0x100007361,82,False
func_Ct_0x1000074e0,-929,False
func_Ct_0x1000074e6,276,False
func_Ct_0x1000079ae,136,True
func_Ct_0x100007af7,-23,False
func_Ct_0x100007afb,974,True
func_Ct_0x100007afd,633,False
func_Ct_0x100007aff,-424,False
func_Ct_0x100007b03,493,False
func_Ct_0x100007b05,-768,False
func_Ct_0x100007b0b,-115,True
func_Ct_0x100007e7e,522,True
func_D_0x100000212,-937,True
func_D_0x100001561,-838,True
func_D_0x100001563,406,False
func_D_0x100001567,-13,True
func_D_0x100001569,-52,False
func_D_0x10000156d,707,False
func_D_0x100001652,-533,True
func_D_0x100001693,-56,True
func_D_0x10000172a,-495,False
func_D_0x100001730,33,True
func_D_0x100001734,-590,False
func_D_0x100001736,27,False
func_D_0x10000173a,-665,False
func_D_0x1000018d4,-47,False
func_D_0x1000018de,-952,True
func_D_0x100001c70,855,False
func_D_0x100001c72,417,False
func_D_0x100001d6f,669,True
func_D_0x100001dd7,660,False
func_D_0x100002463,388,False
func_D_0x100002d21,116,False
func_D_0x100002f07,429,True
func_D_0x100002f09,-663,True
func_D_0x100002f25,448,True
func_D_0x100002f29,26,False
func_D_0x100002f2d,-164,True
func_D_0x100002f3d,-955,True
func_D_0x100002f41,-381,False
func_D_0x100002f45,289,True
func_D_0x100002f49,-651,True
func_D_0x100002f4b,980,False
func_D_0x100003507,-780,False
func_D_0x10000350f,-275,False
func_D_0x100003515,667,False
func_D_0x100003530,667,False
func_D_0x10000353b,925,False
func_D_0x10000354a,-555,False
func_D_0x1000035ff,987,True
func_D_0x10000360d,1023,True
func_D_0x100003798,-655,False
func_D_0x100003b3e,-295,False
func_D_0x100003b74,528,True
func_D_0x100003b90,433,False
func_D_0x100003bb3,-623,False
func_D_0x100003bee,919,True
func_D_0x1000043f6,-431,False
func_D_0x1000046af,923,False
func_D_0x1000046b3,196,False
func_D_0x100004a78,-414,False
func_D_0x100004a80,-172,True
func_D_0x100004a82,-751,True
func_D_0x100004e32,517,False
func_D_0x100004e38,446,False
func_D_0x100004e3e,640,False
func_D_0x100004e40,-269,True
func_D_0x100004e59,-481,True
func_D_0x100004e68,-745,True
func_D_0x1000051f5,-859,True
func_D_0x100005712,-380,False
func_D_0x10000571c,-509,True
func_D_0x10000596e,1005,False
func_D_0x100005970,887,False
func_D_0x1000059a5,-149,False
func_D_0x1000059a7,-827,False
func_D_0x100005eec,-574,True
func_D_0x100005f18,-124,False
func_D_0x100006182,838,True
func_D_0x100006190,-180,False
func_D_0x100006192,657,True
func_D_0x1000061c1,-519,False
func_D_0x1000062d3,-442,False
func_D_0x100006ccc,-606,True
func_D_0x100006cd0,-201,False
func_D_0x100006cd6,574,False
func_D_0x100006cd8,-949,False
func_D_0x100006cde,894,True
func_D_0x1000070ee,58,False
func_D_0x1000071ce,-345,True
func_D_0x1000071d1,-102,False
func_D_0x1000071d8,-205,True
func_D_0x100007406,-634,False
func_D_0x100007916,-425,True
func_D_0x100007a5f,-809,False
func_De_0x1000027b4,-897,True
func_De_0x1000027bd,866,False
func_De_0x1000027d7,-942,True
func_De_0x1000027e0,312,True
func_De_0x1000027ea,740,False
func_De_0x1000027ec,726,True
func_De_0x1000027fa,-862,False
func_De_0x100002806,160,False
func_De_0x10000280e,-829,False
func_De_0x100002810,-696,True
func_De_0x10000282e,341,True
func_De_0x100002830,-564,False
func_De_0x100002834,-296,True
func_De_0x100002836,628,True
func_De_0x100002838,255,False
func_De_0x10000283c,97,False
func_De_0x100002850,-315,False
func_De_0x10000288c,-692,False
func_De_0x100002891,772,True
func_De_0x100002897,-630,True
func_De_0x10000289d,201,True
func_De_0x1000028a0,-280,True
func_De_0x1000028b2,223,True
func_De_0x100002926,990,False
func_De_0x100002931,599,True
func_De_0x100002935,982,False
func_De_0x100002958,425,False
func_De_0x10000295a,724,True
func_De_0x10000299b,19,True
func_De_0x10000299d,502,False
func_De_0x1000029c4,-385,False
func_De_0x1000029c9,-941,False
func_De_0x100002a07,-402,True
func_De_0x100002a09,1003,True
func_De_0x100002a16,515,True
func_De_0x100002a25,-807,True
func_De_0x100002a41,914,False
func_De_0x100002a5c,206,False
func_De_0x100002a60,706,False
func_De_0x100002a68,-938,True
func_De_0x100002a91,-786,True
func_De_0x100002a94,604,False
func_Dn_0x100003da7,625,True
func_Dn_0x100003fa9,-308,True
func_Dt_0x100001815,169,True
func_Dt_0x100001817,-178,False
func_Dt_0x10000643a,627,False
func_Dt_0x10000669c,362,True
func_Dt_0x100006933,-76,False
func_Dt_0x100006fa1,-122,False
func_Dx_0x10000224a,807,False
func_Dx_0x100002250,-283,False
func_E0_0x100003e5a,-660,False
func_E0_0x100003eb3,394,False
func_E0_0x100003ed4,-6,True
func_E0_0x100003ed6,-164,False
func_E0_0x100003ede,706,False
func_E0_0x100003ee0,981,True
func_E0_0x100003f1e,613,True
func_E0_0x100003f20,-335,False
func_E0_0x100003f22,815,True
func_E0_0x100003f24,234,False
func_E0_0x100003f48,775,True
func_E0_0x100003f4a,676,True
func_E0_0x100003f4e,684,False
func_E0_0x100003f5c,782,False
func_E0_0x100003f6d,-96,True
func_E0_0x100003f6f,432,False
func_E0_0x100003f9c,-918,False
func_E0_0x100003f9e,359,True
func_E0_0x100003fa0,-313,False
func_E0_0x100003fc8,-644,False
func_E0_0x100004006,331,False
func_E0_0x100004022,553,True
func_E0_0x100004040,378,False
func_E0_0x100004042,-905,False
func_E0_0x100004044,779,False
func_E0_0x100004087,87,True
func_E0_0x1000040e5,-479,True
func_E_0x100000113,118,True
func_E_0x10000013a,495,True
func_E_0x10000013e,-476,False
func_E_0x10000014d,256,False
func_E_0x100000151,-405,False
func_E_0x100000153,-75,False
func_E_0x1000001d5,278,True
func_E_0x100000309,-339,True
func_E_0x10000030b,-442,False
func_E_0x100000311,49,False
func_E_0x10000160d,262,False
func_E_0x10000160f,-573,False
func_E_0x1000017df,-786,True
func_E_0x100001c8c,791,True
func_E_0x100001cd4,967,False
func_E_0x100001dc9,-15,False
func_E_0x100002ab7,303,False
func_E_0x100002b04,522,True
func_E_0x1000030ad,-591,False
func_E_0x1000030af,-710,False
func_E_0x1000030e6,-319,False
func_E_0x100003116,319,False
func_E_0x1000033d6,765,True
func_E_0x1000038c0,739,True
func_E_0x1000038cb,-820,False
func_E_0x100003933,-260,True
func_E_0x100004119,906,False
func_E_0x10000411c,781,False
func_E_0x100004154,-914,True
func_E_0x100004529,-221,False
func_E_0x10000491b,-534,False
func_E_0x100004bb8,-341,True
func_E_0x100004bc3,-908,False
func_E_0x100004d42,-762,True
func_E_0x100004e8a,882,False
func_E_0x100004e8e,691,True
func_E_0x100004e96,644,True
func_E_0x100004e9c,319,False
func_E_0x100004e9e,731,True
func_E_0x100004ea0,197,False
func_E_0x100004eb2,63,True
func_E_0x1000051cf,786,False
func_E_0x100005258,944,True
func_E_0x1000053e0,-384,True
func_E_0x10000546d,734,True
func_E_0x1000056af,-769,True
func_E_0x1000056b1,-747,False
func_E_0x10000585d,-352,False
func_E_0x100006062,-667,False
func_E_0x100006162,647,False
func_E_0x100006164,712,True
func_E_0x10000637f,-461,False
func_E_0x10000649b,760,False
func_E_0x100006534,964,True
func_E_0x10000685e,-498,True
func_E_0x100006bf5,865,False
func_E_0x100006c11,-743,True
func_E_0x1000071f8,1024,False
func_E_0x10000738a,-35,False
func_E_0x1000073d1,-505,True
func_E_0x100007486,-658,False
func_E_0x10000755b,957,False
func_E_0x1000076cf,-38,False
func_E_0x100007b3f,32,True
func_E_0x100007b41,638,False
func_E_0x100007fc8,793,False
func_E_0x1000082c7,-924,True
func_E_0x1000082cb,991,False
func_E_0x1000082d2,534,False
func_Ee_0x100001e12,660,True
func_Ee_0x100001e54,-638,False
func_Ee_0x100003655,590,True
func_Ee_0x1000039a7,-170,False
func_Ee_0x100004da5,-25,True
func_Ee_0x100004da7,443,True
func_Ee_0x100004da9,-19,True
func_Ee_0x100004daf,-803,True
func_Ee_0x100004db1,589,False
func_Ee_0x100004dc7,-329,True
func_Ee_0x100004dcd,-216,False
func_Ee_0x100004dd3,-167,False
func_Ee_0x100004ef0,-470,True
func_Ee_0x100004efa,552,False
func_Ee_0x10000556e,-514,False
func_Ee_0x100005c56,-865,False
func_Ee_0x100005c5a,707,False
func_Ee_0x100005c62,316,False
func_Ee_0x100005c64,1033,False
func_Ee_0x100005c66,-668,False
func_Ee_0x100005c6c,-805,True
func_Ee_0x100005c74,28,True
func_Ee_0x100005c7a,287,True
func_Ee_0x100005c7c,-6,True
func_Ee_0x100005c7e,111,False
func_Ee_0x100005c86,-282,True
func_Ee_0x100005c8a,811,False
func_Ee_0x100005c90,555,True
func_Ee_0x100005c98,255,True
func_Ee_0x100005c9c,40,False
func_Ee_0x100005c9e,1014,True
func_Ee_0x100005ca4,558,True
func_Ee_0x100005cad,107,False
func_Ee_0x10000632a,-500,True
func_Ee_0x10000632c,-782,False
func_Ee_0x100006333,-448,False
func_Ee_0x100007044,782,True
func_Ee_0x100007082,287,False
func_Ee_0x100007180,-154,False
func_Ee_0x10000731f,162,False
func_Ee_0x100007d3f,778,True
func_Ee_0x100007d75,-790,True
func_Ee_0x100007d7b,87,False
func_Ee_0x100007d7d,566,True
func_Ee_0x100007d85,642,True
func_Ee_0x100007d89,578,False
func_Ee_0x100007d8b,390,False
func_Ee_0x100007d8d,898,False
func_Ee_0x100007d8f,-607,False
func_Ee_0x100007e32,-7,False
func_Ee_0x100007e38,706,False
func_En_0x100006676,-518,False
func_En_0x10000668e,530,True
func_En_0x1000066f3,1022,True
func_Er_0x100003e79,992,True
func_Er_0x100003e7d,744,False
func_Er_0x100003fea,-840,False
func_Er_0x100003ff2,-357,False
func_Er_0x10000402c,-136,True
func_Er_0x10000402e,-615,True
func_Er_0x100004030,32,False
func_Er_0x1000040dd,-434,True
func_Et_0x100001ae9,173,True
func_Et_0x100001afd,167,True
func_Et_0x100001b10,609,False
func_Et_0x100001e2a,-803,False
func_Et_0x1000039ce,276,True
func_Et_0x100003c52,-359,True
func_Et_0x100003c62,59,False
func_Et_0x100003c72,1041,True
func_Et_0x100003c95,-287,False
func_Et_0x10000448e,-719,True
func_Et_0x100004492,600,False
func_Et_0x1000044b9,567,True
func_Et_0x1000054d6,-214,True
func_Et_0x1000054d8,330,True
func_Et_0x1000054da,-264,True
func_Et_0x1000054e0,827,False
func_Et_0x1000054e4,238,True
func_Et_0x1000054e8,625,True
func_Et_0x1000054ea,344,True
func_Et_0x1000054f0,-600,False
func_Et_0x1000054f2,768,False
func_Et_0x1000054f4,808,True
func_Et_0x1000054f6,221,False
func_Et_0x1000054fc,350,False
func_Et_0x1000054fe,-549,True
func_Et_0x100005506,-415,False
func_Et_0x100005508,-132,False
func_Et_0x10000550a,962,True
func_Et_0x100005512,-599,True
func_Et_0x100005518,262,True
func_Et_0x10000551c,-19,False
func_Et_0x10000551e,831,False
func_Et_0x100005520,259,False
func_Et_0x100005526,695,False
func_Et_0x100005528,220,True
func_Et_0x10000552a,-431,False
func_Et_0x10000552d,-176,False
func_Et_0x100007d5b,-923,True
func_Et_0x100007d5f,172,True
func_Et_0x100007db9,328,True
func_Et_0x100007e53,151,True
func_Et_0x100008034,236,False
func_Et_0x10000803e,121,False
func_Et_0x100008054,-881,True
func_Et_0x100008068,-458,False
func_Et_0x10000806c,-281,False
func_Et_0x10000807c,495,False
func_Et_0x100008096,-578,False
func_Et_0x10000809a,936,False
func_Et_0x1000080a1,-550,False
func_F0_0x1000039f1,102,False
func_F0_0x100003a02,870,False
func_F0_0x100003c67,-804,False
func_F0_0x10000575d,278,False
func_F0_0x100005764,138,False
func_F0_0x100005767,208,False
func_F0_0x1000057c0,-241,True
func_F0_0x1000057c7,-192,True
func_F0_0x100005822,-7,True
func_F0_0x100005834,-262,False
func_F0_0x100005847,-155,False
func_F0_0x10000584c,-785,False
func_F0_0x100005850,11,False
func_F0_0x100005855,-803,True
func_F0_0x10000585a,434,False
func_F0_0x10000706d,883,False
func_F0_0x100007077,-352,False
func_F0_0x100007079,-830,False
func_F0_0x10000707b,489,True
func_F0_0x100007e45,283,False
func_F0_0x100008116,836,False
func_F0_0x100008118,529,False
func_F0_0x10000811a,-835,True
func_F_0x100000129,-589,False
func_F_0x100000135,32,False
func_F_0x1000001bf,508,False
func_F_0x10000021f,-114,True
func_F_0x100000287,-353,False
func_F_0x100000289,-940,False
func_F_0x10000029a,952,True
func_F_0x100000842,21,True
func_F_0x100000846,900,True
func_F_0x1000016bf,-40,True
func_F_0x1000016c3,238,False
func_F_0x1000016ec,770,False
func_F_0x10000197f,924,True
func_F_0x100001a37,-254,False
func_F_0x100001a82,-115,True
func_F_0x100001a86,846,False
func_F_0x100001a97,-934,False
func_F_0x100001aba,-256,False
func_F_0x100001be5,641,False
func_F_0x100001be7,-79,False
func_F_0x100001be9,637,False
func_F_0x100001beb,501,False
func_F_0x100001c86,266,False
func_F_0x100001d16,-773,False
func_F_0x100001d18,543,True
func_F_0x100001d1d,-494,False
func_F_0x100002ab5,-137,False
func_F_0x100002aef,-155,False
func_F_0x100002b4a,-802,True
func_F_0x1000030c4,168,True
func_F_0x100003145,1030,False
func_F_0x1000031ce,-945,False
func_F_0x100003249,-108,True
func_F_0x1000032ba,542,False
func_F_0x1000032c0,-686,False
func_F_0x1000033d3,306,False
func_F_0x1000033e3,798,True
func_F_0x100003462,-618,False
func_F_0x1000034f4,-621,True
func_F_0x100003629,780,True
func_F_0x1000036f3,-43,True
func_F_0x1000037f1,888,False
func_F_0x1000038e0,-495,False
func_F_0x10000397c,-751,True
func_F_0x100003987,-807,False
func_F_0x100003989,-358,True
func_F_0x100003b34,-93,True
func_F_0x100003b36,773,False
func_F_0x100003cd1,-584,False
func_F_0x100004191,934,False
func_F_0x1000041e8,675,True
func_F_0x1000041f9,515,False
func_F_0x100004230,405,True
func_F_0x100004265,451,False
func_F_0x100004267,-444,False
func_F_0x10000426a,-244,True
func_F_0x100004508,-570,True
func_F_0x1000046ba,-544,False
func_F_0x1000046be,75,True
func_F_0x100004734,64,False
func_F_0x10000492d,-799,False
func_F_0x10000492f,47,True
func_F_0x100004931,-168,True
func_F_0x100004934,-877,True
func_F_0x1000049fe,-565,True
func_F_0x100004bdc,-863,False
func_F_0x100004bde,680,False
func_F_0x100004be0,-139,False
func_F_0x100004be2,-438,False
func_F_0x100004be4,-446,True
func_F_0x100004cc2,85,False
func_F_0x100004cc4,267,False
func_F_0x100004ce3,754,True
func_F_0x100004d20,-356,True
func_F_0x100004d6f,-788,False
func_F_0x100004f45,775,True
func_F_0x100005021,-480,False
func_F_0x1000050ff,459,True
func_F_0x1000053f8,-333,True
func_F_0x100005401,-14,False
func_F_0x10000598e,241,False
func_F_0x10000605f,-881,True
func_F_0x100006079,563,False
func_F_0x100006153,-488,True
func_F_0x1000061ca,754,False
func_F_0x100006355,-22,False
func_F_0x100006357,714,True
func_F_0x100006725,400,True
func_F_0x100006728,-673,False
func_F_0x100007197,964,True
func_F_0x100007199,-232,True
func_F_0x10000719b,-469,False
func_F_0x10000719d,-691,False
func_F_0x1000071a3,1033,False
func_F_0x1000071b5,-620,False
func_F_0x1000073d4,625,False
func_F_0x1000075ad,850,False
func_F_0x1000075af,460,False
func_F_0x1000075b1,-285,False
func_F_0x1000075b7,-173,False
func_F_0x1000075bb,-163,True
func_F_0x1000075ec,-148,False
func_F_0x1000079cd,847,True
func_F_0x100007a2f,-418,True
func_F_0x100007c16,454,True
func_F_0x1000082c5,-596,False
func_Fe_0x10000248d,-810,False
func_Fe_0x100002664,408,True
func_Fe_0x100002666,998,False
func_Fe_0x100002668,-636,False
func_Fe_0x1000026b2,-343,False
func_Fe_0x100002faf,-797,False
func_Fe_0x100002fb1,-807,False
func_Fe_0x100002fb3,744,False
func_Fe_0x100002fb7,628,True
func_Fe_0x100002fb9,-262,True
func_Fe_0x100002fbb,-412,False
func_Fe_0x100002fbf,-16,False
func_Fe_0x100002fc3,-20,True
func_Fe_0x100002fc5,-811,True
func_Fe_0x100002fc7,177,False
func_Fe_0x100002fc9,838,True
func_Fe_0x100002fcb,935,False
func_Fe_0x100002fd1,-113,False
func_Fe_0x100002fd5,113,True
func_Fe_0x100002fdd,945,False
func_Fe_0x100002fdf,317,False
func_Fe_0x100002fe5,-76,True
func_Fe_0x100002fe7,-776,True
func_Fe_0x100002feb,-72,True
func_Fe_0x100002fef,66,True
func_Fe_0x100002ff5,-94,True
func_Fe_0x1000034c1,-834,False
func_Fe_0x1000034c5,703,True
func_Fe_0x1000034c7,147,False
func_Fe_0x100003581,1006,True
func_Fe_0x100003583,-498,False
func_Fe_0x100003585,718,True
func_Fe_0x100003587,-517,False
func_Fe_0x10000358d,906,False
func_Fe_0x10000358f,-587,True
func_Fe_0x10000359b,-106,False
func_Fe_0x10000364d,-381,True
func_Fe_0x100004823,-143,True
func_Fe_0x100005184,-479,True
func_Fe_0x10000519f,-369,False
func_Fe_0x10000658d,-340,False
func_Fe_0x1000065a1,743,True
func_Fe_0x1000065a3,-32,True
func_Fe_0x1000067d9,929,True
func_Fe_0x1000067db,-676,True
func_Fe_0x1000067dd,186,True
func_Fe_0x1000067e1,335,False
func_Fe_0x1000067e5,-901,True
func_Fe_0x1000067e7,605,False
func_Fe_0x1000067e9,-662,False
func_Fe_0x1000067fb,866,False
func_Fe_0x1000067fd,-143,True
func_Fe_0x100006f15,-920,False
func_Fe_0x10000735f,702,False
func_Fe_0x1000074cd,443,False
func_Fe_0x1000074e2,980,False
func_Fe_0x1000074e4,-328,True
func_Fe_0x100007b07,-256,True
func_Fe_0x100007b0d,-782,True
func_Fe_0x100007bb1,-265,False
func_Fn_0x100005ae4,-304,True
func_Fn_0x100005aea,423,False
func_Fn_0x100005af6,138,True
func_Fn_0x100005d75,351,True
func_Fn_0x100005e08,794,True
func_Fn_0x100008234,295,True
func_Fn_0x10000823e,221,False
func_Fn_0x10000828b,-597,False
func_Fo_0x100002435,-143,True
func_Ft_0x100006d1d,-874,True
func_Ft_0x100006d21,963,True
func_Ft_0x100006d2e,911,True
func_Ft_0x100006d32,-347,True
func_Ft_0x100006d57,283,False
func_Ft_0x100006d59,-718,True
func_Ft_0x100006d5b,-194,True
func_Ft_0x100006da3,616,True
func_Ft_0x100006e1b,-790,True
func_Ft_0x100006e1e,135,True
func_Ft_0x100006e20,-384,False
func_Ft_0x1000077a1,-682,False
func_Ft_0x1000077ab,61,True
func_Ft_0x1000077ad,914,False
func_Ft_0x1000081cd,-715,True
func_G0_0x100005535,-616,True
func_G0_0x10000577a,-324,False
func_G0_0x10000577e,317,True
func_G0_0x1000057dd,509,True
func_G0_0x1000057df,-122,True
func_G0_0x1000057e1,-372,False
func_G0_0x10000583e,697,True
func_G0_0x100006410,58,False
func_G0_0x100007074,204,True
func_G_0x10000020c,-774,False
func_G_0x100000210,-2,False
func_G_0x100001565,-381,False
func_G_0x100001583,343,True
func_G_0x100001681,72,True
func_G_0x100001738,-311,False
func_G_0x10000173c,-806,False
func_G_0x100001905,608,True
func_G_0x10000190f,-295,True
func_G_0x100001d2c,-931,True
func_G_0x100001dd1,586,False
func_G_0x100001dd3,-870,False
func_G_0x100001dd5,242,True
func_G_0x100002481,638,False
func_G_0x100002d31,-71,True
func_G_0x100002d33,482,True
func_G_0x100002d35,-863,False
func_G_0x100002d49,259,True
func_G_0x100002d51,874,False
func_G_0x100002d55,256,True
func_G_0x100002f05,1039,False
func_G_0x100003546,927,False
func_G_0x100003601,470,True
func_G_0x100003611,-571,False
func_G_0x100003954,346,True
func_G_0x100003956,793,True
func_G_0x10000395d,-565,True
func_G_0x100003b3c,-893,False
func_G_0x1000046b1,-906,False
func_G_0x100004970,191,True
func_G_0x10000497b,666,False
func_G_0x100004a7a,-643,False
func_G_0x100004a7e,682,True
func_G_0x100004b6d,-774,False
func_G_0x100004b6f,67,False
func_G_0x100004b71,786,False
func_G_0x100004b81,464,True
func_G_0x100004e27,-939,False
func_G_0x100004e3c,690,False
func_G_0x100004e47,-912,True
func_G_0x100004e61,885,False
func_G_0x100004e66,-349,True
func_G_0x100004e6d,-663,True
func_G_0x1000051ef,-164,False
func_G_0x1000051f7,945,False
func_G_0x100005714,-242,False
func_G_0x100005716,-798,False
func_G_0x10000571a,-171,False
func_G_0x10000571e,331,True
func_G_0x100005720,-288,True
func_G_0x10000590a,-155,True
func_G_0x10000596a,-803,True
func_G_0x100005b61,-139,False
func_G_0x100006180,-90,True
func_G_0x100006188,692,False
func_G_0x10000618a,690,False
func_G_0x1000062c1,-153,True
func_G_0x100006773,250,False
func_G_0x100006b32,-590,False
func_G_0x100006b3e,753,False
func_G_0x100006cdc,-301,True
func_G_0x1000071e1,-186,True
func_G_0x100007250,47,False
func_G_0x10000753e,-369,True
func_G_0x1000078d8,-898,False
func_G_0x100007a45,-156,False
func_G_0x100007a53,-364,True
func_G_0x100007b14,-674,False
func_G_0x100007b19,-619,True
func_G_0x100007e10,-710,False
func_G_0x100007e66,928,False
func_Ge_0x100005cb2,-87,True
func_Ge_0x100006445,895,True
func_Ge_0x100006447,5,True
func_Ge_0x100006449,-216,True
func_Ge_0x10000644b,709,False
func_Ge_0x10000775a,229,False
func_Ge_0x100007778,351,True
func_Ge_0x10000777a,365,True
func_Ge_0x100007780,480,False
func_Ge_0x100007782,515,True
func_Ge_0x100008168,-945,False
func_Ge_0x100008178,-675,False
func_Ge_0x100008182,217,True
func_Ge_0x100008186,999,False
func_Ge_0x10000819c,-175,True
func_Ge_0x10000819e,-700,True
func_Ge_0x1000081ba,-360,True
func_Ge_0x1000081c4,122,False
func_Ge_0x1000081c8,468,False
func_Ge_0x1000081ca,730,False
func_Ge_0x1000081dc,394,False
func_Ge_0x1000082ac,997,False
func_Ge_0x1000082af,261,False
func_Gr_0x100002db8,202,False
func_Gr_0x100002dc4,-91,True
func_Gr_0x100002dcc,-940,True
func_Gr_0x100002dd4,-335,False
func_Gr_0x100002dd8,-319,True
func_Gr_0x100002dda,-297,False
func_Gr_0x100002de0,516,False
func_Gr_0x100002de2,142,True
func_Gr_0x100002de8,-235,True
func_Gr_0x100002dea,-514,False
func_Gr_0x100002df0,-321,True
func_Gr_0x100002df2,109,False
func_Gr_0x100002df4,759,True
func_Gr_0x1000077bc,-228,False
func_Gr_0x1000077c0,-523,True
func_Gt_0x100002b95,-527,True
func_Gt_0x100002ba6,632,False
func_Gt_0x100006429,743,True
func_Gt_0x10000642e,-382,False
func_Gt_0x100006432,-564,False
func_Gt_0x100006436,927,False
func_Gt_0x100006693,-184,True
func_Gt_0x100006697,514,True
func_Gt_0x100006699,423,False
func_Gt_0x1000066b5,-266,True
func_Gt_0x1000066c2,-11,False
func_Gt_0x100006f4b,584,True
func_Gt_0x100006f50,465,True
func_Gt_0x100006f53,270,False
func_Gt_0x10000815d,-63,True
func_H0_0x10000281a,-380,True
func_H0_0x1000028ca,-631,False
func_H0_0x100002939,635,False
func_H0_0x100002966,617,False
func_H0_0x10000299f,279,True
func_H0_0x1000029b1,997,False
func_H_0x1000001fd,-693,False
func_H_0x10000020b,914,False
func_H_0x100001581,769,False
func_H_0x10000165f,-276,True
func_H_0x100001661,899,True
func_H_0x1000017c8,-451,True
func_H_0x1000017ca,236,False
func_H_0x1000017cc,-143,True
func_H_0x1000018d3,503,False
func_H_0x1000018db,-129,True
func_H_0x10000190d,632,True
func_H_0x100001c74,-822,True
func_H_0x100001c78,-554,True
func_H_0x100001e85,-893,False
func_H_0x100002497,-852,True
func_H_0x1000024a9,461,False
func_H_0x100002f23,-726,False
func_H_0x100002f27,-864,True
func_H_0x100002f2b,422,False
func_H_0x100002f2f,1004,True
func_H_0x100002f31,817,True
func_H_0x100002f33,340,False
func_H_0x100002f35,254,True
func_H_0x100002f37,612,True
func_H_0x100002f39,983,False
func_H_0x100002f3b,984,False
func_H_0x100002f3f,-662,True
func_H_0x100002f43,-486,False
func_H_0x100002f47,-235,False
func_H_0x10000350d,240,False
func_H_0x100003511,229,True
func_H_0x100003513,521,True
func_H_0x100003539,-569,True
func_H_0x100003603,-363,False
func_H_0x100003605,-127,True
func_H_0x100003607,-728,False
func_H_0x100003621,999,True
func_H_0x100003625,753,False
func_H_0x100003b40,-126,True
func_H_0x100003b6c,18,True
func_H_0x100003b8e,-753,False
func_H_0x100003b93,1036,True
func_H_0x100003b95,-870,True
func_H_0x100003bb9,574,False
func_H_0x100003bc7,957,True
func_H_0x100003bc9,-390,False
func_H_0x100003bd1,-950,True
func_H_0x1000043f4,-38,False
func_H_0x10000499f,-432,False
func_H_0x100004e5b,-112,False
func_H_0x100005647,831,False
func_H_0x100005649,169,False
func_H_0x100005683,-69,True
func_H_0x100005718,-870,False
func_H_0x10000590e,714,True
func_H_0x100005968,190,False
func_H_0x10000596c,144,False
func_H_0x1000059a9,393,False
func_H_0x1000059ab,-857,False
func_H_0x100005ef0,502,True
func_H_0x100005ef8,788,False
func_H_0x100005f06,969,False
func_H_0x100005f10,164,True
func_H_0x1000060b4,-714,False
func_H_0x100006184,-820,False
func_H_0x100006186,607,True
func_H_0x10000618c,-844,False
func_H_0x10000618e,-317,False
func_H_0x1000062d5,971,False
func_H_0x1000062d7,151,False
func_H_0x1000062d9,-817,False
func_H_0x100006772,571,True
func_H_0x1000070f0,482,False
func_H_0x10000743c,325,False
func_H_0x10000795f,-777,True
func_H_0x100007a49,885,False
func_H_0x100007a4d,-229,True
func_H_0x100007a61,676,True
func_H_0x100007a65,-201,True
func_H_0x100007b95,983,True
func_H_0x100007e0e,-378,False
func_H_0x100007e8e,130,False
func_H_0x100007e94,72,False
func_H_0x100007e9c,86,True
func_H_0x100007e9e,141,True
func_He_0x100003db2,-348,True
func_Hn_0x10000298e,717,False
func_Hn_0x1000029a2,33,False
func_Hn_0x1000029cf,825,True
func_Hn_0x100002a6e,-932,False
func_Ht_0x10000643d,752,True
func_Ht_0x10000669d,240,False
func_Ht_0x10000695a,-88,False
func_Ht_0x100006f6f,-613,False
func_Ht_0x100006f8a,549,False
func_Ht_0x100006f8e,1041,False
func_Ht_0x100006f97,184,False
func_Ht_0x100007755,460,False
func_Ht_0x10000776f,68,False
func_Ht_0x1000077b4,-189,False
func_I0_0x100001ad6,-557,True
func_I0_0x100001ada,659,False
func_I0_0x100001adc,85,True
func_I0_0x100001ade,-540,True
func_I0_0x100001ae0,-480,False
func_I0_0x100001ae2,852,True
func_I0_0x100001aee,850,True
func_I0_0x100001b00,-656,True
func_I0_0x1000039d1,-712,True
func_I0_0x1000039d3,-186,True
func_I0_0x1000039eb,366,False
func_I0_0x1000039ed,-85,True
func_I0_0x100004468,-371,True
func_I0_0x10000446e,-342,False
func_I0_0x100004470,357,True
func_I0_0x100004472,375,True
func_I0_0x100004478,-411,True
func_I0_0x10000447a,-926,False
func_I0_0x10000447d,987,False
func_I0_0x100007e5b,790,True
func_I0_0x100008115,825,False
func_I_0x1000019d7,-216,False
func_I_0x1000019dd,-868,True
func_I_0x1000019df,106,True
func_I_0x1000019e2,-235,False
func_I_0x1000019ea,-16,False
func_I_0x100001c51,-479,False
func_I_0x100001c53,1022,False
func_I_0x100001c67,-580,True
func_I_0x100001c69,557,False
func_I_0x100001d1b,327,False
func_I_0x100001d1e,-144,False
func_I_0x100001d22,-18,False
func_I_0x100001d4b,961,True
func_I_0x100001e7f,169,True
func_I_0x100002552,959,True
func_I_0x100002554,-885,False
func_I_0x10000255e,340,False
func_I_0x100002f76,-45,True
func_I_0x10000300d,-898,False
func_I_0x10000302b,130,False
func_I_0x100003209,-874,False
func_I_0x10000320b,-802,True
func_I_0x100003213,277,True
func_I_0x10000326c,-211,False
func_I_0x100003276,793,False
func_I_0x100003524,891,True
func_I_0x100003551,-1,False
func_I_0x1000035e1,-665,False
func_I_0x1000035e9,231,False
func_I_0x1000036e4,-215,True
func_I_0x10000370a,-496,True
func_I_0x100003761,-884,False
func_I_0x100003d20,649,True
func_I_0x100003d22,904,False
func_I_0x1000041ae,-492,True
func_I_0x1000041b1,298,False
func_I_0x10000420f,-896,True
func_I_0x100004217,-415,True
func_I_0x10000421f,998,False
func_I_0x100004227,-646,True
func_I_0x100004229,809,False
func_I_0x100004a2a,217,False
func_I_0x100004a2c,-294,True
func_I_0x100004a2e,-360,True
func_I_0x10000561a,887,True
func_I_0x10000587b,3,False
func_I_0x10000588b,-952,True
func_I_0x100005995,-892,True
func_I_0x100005c29,258,True
func_I_0x10000617f,-831,True
func_I_0x1000061ac,875,True
func_I_0x10000636c,-536,False
func_I_0x100006370,-550,True
func_I_0x10000652a,-96,False
func_I_0x100006e88,647,True
func_I_0x1000072a2,-268,True
func_I_0x1000072a8,-124,True
func_I_0x1000072ac,525,False
func_I_0x1000073b6,-326,False
func_I_0x1000073c4,-484,True
func_I_0x1000073df,180,False
func_I_0x100007baa,558,True
func_I_0x100007fc6,-189,False
func_I_0x100007fd3,-390,True
func_I_0x100007ff4,417,True
func_I_0x100007ffb,831,False
func_I_0x100007ffd,327,True
func_Ie_0x100002ead,967,False
func_Ie_0x100002ec3,-722,False
func_Ie_0x100005a90,864,False
func_Ie_0x100005a98,82,False
func_Ie_0x100005cb3,833,False
func_Ie_0x100005d89,761,False
func_Ie_0x100005d8b,743,False
func_Ie_0x100005d94,929,False
func_Ie_0x100005da0,724,False
func_Ie_0x100005db4,-731,True
func_Ie_0x100005dba,404,False
func_Ie_0x100005dc0,535,False
func_Ie_0x100005dcc,-146,True
func_Ie_0x100005ddc,-662,True
func_Ie_0x100005dde,817,False
func_Ie_0x100005de2,4,True
func_Ie_0x100005de4,655,False
func_Ie_0x100005dfa,-379,True
func_Ie_0x100005e00,697,False
func_Ie_0x100005e06,962,False
func_Ie_0x100005e0c,757,True
func_Ie_0x100005e0e,-322,False
func_Ie_0x100005e21,196,True
func_Ie_0x100005e35,97,False
func_Ie_0x1000081fe,-614,False
func_In_0x1000027ab,-201,False
func_In_0x100002823,248,True
func_In_0x10000298c,-19,True
func_In_0x100002a45,-89,True
func_In_0x100002a87,199,True
func_Ir_0x100002e04,257,True
func_J0_0x1000081e1,-132,False
func_J0_0x1000081f1,726,False
func_J0_0x10000821c,220,True
func_J_0x100000228,-406,False
func_J_0x100001560,-310,False
func_J_0x1000018d9,229,True
func_J_0x100001c37,807,False
func_J_0x100001c47,511,True
func_J_0x100001d74,740,False
func_J_0x100001d78,568,False
func_J_0x100001d7e,-359,False
func_J_0x100001d80,-236,False
func_J_0x100001d82,797,False
func_J_0x100002563,-621,False
func_J_0x10000300a,-269,True
func_J_0x100003232,-808,True
func_J_0x100003238,-301,True
func_J_0x10000323c,472,True
func_J_0x100003528,435,False
func_J_0x100003534,-944,False
func_J_0x100003556,-215,True
func_J_0x100003648,432,True
func_J_0x100003abe,485,False
func_J_0x100003ae3,671,True
func_J_0x100003d28,682,True
func_J_0x100003d2a,-110,False
func_J_0x100003d2c,-205,True
func_J_0x100003d30,-557,True
func_J_0x100003d34,-840,False
func_J_0x10000455d,-939,True
func_J_0x1000046ae,232,False
func_J_0x100004925,531,False
func_J_0x10000496e,415,True
func_J_0x10000497d,-453,True
func_J_0x100004997,-832,False
func_J_0x1000049a1,-904,False
func_J_0x1000049a8,-74,True
func_J_0x1000049ae,-506,True
func_J_0x1000051e1,710,False
func_J_0x1000051e5,-451,False
func_J_0x1000051e7,575,True
func_J_0x1000051e9,380,True
func_J_0x1000054a2,294,True
func_J_0x10000560f,850,False
func_J_0x100005739,-59,True
func_J_0x10000573d,27,False
func_J_0x100005888,-338,False
func_J_0x100005b5e,-484,True
func_J_0x100005e9d,887,True
func_J_0x100005f02,920,True
func_J_0x100005f0a,342,False
func_J_0x100005f0e,963,True
func_J_0x100005f1b,-214,True
func_J_0x1000061be,-651,True
func_J_0x1000067bf,-481,False
func_J_0x1000067c2,-661,False
func_J_0x10000686c,558,True
func_J_0x100006e8c,917,False
func_J_0x1000071fc,206,True
func_J_0x10000722a,340,False
func_J_0x100007264,-567,True
func_J_0x1000073b7,65,True
func_J_0x1000073b9,913,False
func_J_0x100007400,-734,True
func_J_0x100007430,-463,True
func_J_0x100007dd6,26,False
func_Je_0x100003c3c,-716,True
func_Je_0x100003c42,-860,True
func_Je_0x100003c44,-489,True
func_Je_0x100003c48,-262,False
func_Je_0x100003c4e,-941,False
func_Je_0x100003c50,-726,False
func_Je_0x100003c56,515,False
func_Je_0x100003c58,-232,False
func_Je_0x100003c60,891,True
func_Je_0x100003c78,894,True
func_Je_0x100003c7e,675,False
func_Je_0x100003c80,140,False
func_Je_0x100003c82,-280,True
func_Je_0x100003c8b,-173,True
func_Je_0x100003c8f,980,False
func_Je_0x100003c93,363,False
func_Je_0x10000445f,-340,False
func_Je_0x100007e3f,335,False
func_Je_0x100007e43,-401,True
func_Je_0x100007ee2,20,False
func_Je_0x100007ee4,-744,True
func_Je_0x100007ee6,-778,True
func_Je_0x100007ee8,-406,False
func_Je_0x100007eea,38,False
func_Je_0x100007eec,-212,True
func_Je_0x100007eee,-181,False
func_Je_0x100007ef0,-620,True
func_Je_0x100007ef4,633,True
func_Je_0x100007f02,592,False
func_Je_0x100007f04,26,False
func_Je_0x100007f0a,-51,True
func_Je_0x100007f27,996,True
func_Je_0x100007f2b,678,False
func_Je_0x100007f2e,755,False
func_Je_0x100007f35,-52,False
func_Je_0x100007f4d,-714,True
func_Je_0x100007f50,350,True
func_Je_0x100007f58,117,False
func_Je_0x100008032,490,False
func_Je_0x100008074,-190,False
func_Je_0x10000807e,-19,False
func_Je_0x10000808e,312,True
func_Je_0x100008093,435,True
func_Je_0x10000809c,-834,False
func_Je_0x10000809f,-397,False
func_Ji_0x100002dfb,-253,False
func_Ji_0x100002e03,534,False
func_Jn_0x1000077dd,360,False
func_Jn_0x1000077fe,532,False
func_Jt_0x100001b02,746,True
func_Jt_0x1000032f1,-159,True
func_Jt_0x1000032f7,-809,True
func_Jt_0x1000032fb,595,False
func_Jt_0x1000032ff,-426,False
func_Jt_0x100003303,421,True
func_Jt_0x100003305,255,False
func_Jt_0x100003309,-644,False
func_Jt_0x10000330b,625,True
func_Jt_0x10000330d,-141,True
func_Jt_0x100003313,-359,False
func_Jt_0x100003317,-16,False
func_Jt_0x100003319,-92,True
func_Jt_0x10000331d,220,True
func_Jt_0x100003321,-377,False
func_Jt_0x100003327,142,True
func_Jt_0x10000332b,-419,True
func_Jt_0x10000332d,-674,True
func_Jt_0x100003331,-703,False
func_Jt_0x100003335,494,True
func_Jt_0x10000333b,-588,False
func_Jt_0x10000333d,-31,True
func_Jt_0x100003341,584,True
func_Jt_0x100003345,-544,True
func_Jt_0x100003347,-870,True
func_Jt_0x100003355,-200,True
func_Jt_0x10000335d,839,False
func_Jt_0x100003361,453,False
func_Jt_0x1000039cf,617,False
func_Jt_0x1000039ef,232,True
func_Jt_0x100003a00,967,False
func_Jt_0x1000044ac,490,True
func_Jt_0x100007064,632,False
func_Jt_0x100007e44,-709,False
func_Jt_0x100007e54,-571,False
func_Jt_0x100007e56,-772,True
func_Jt_0x100007f18,-628,False
func_K0_0x100006442,-655,False
func_K0_0x100006f71,901,True
func_K0_0x100006f93,-177,True
func_K0_0x100007758,285,False
func_K0_0x1000081d6,171,True
func_K0_0x10000825d,514,False
func_K_0x10000161f,859,False
func_K_0x100001ba4,849,True
func_K_0x100001ba6,-168,False
func_K_0x100001ba8,-465,False
func_K_0x100001baa,999,True
func_K_0x100001c07,-516,True
func_K_0x100001c55,615,True
func_K_0x100001c64,1018,True
func_K_0x100001c8d,225,False
func_K_0x100001c91,474,True
func_K_0x100001cb5,-519,False
func_K_0x100001cbb,-608,True
func_K_0x100002533,361,True
func_K_0x10000254f,78,True
func_K_0x100002f70,234,True
func_K_0x100002f80,-262,False
func_K_0x1000030f5,865,True
func_K_0x100003189,-61,True
func_K_0x10000318d,871,False
func_K_0x100003241,693,False
func_K_0x10000371a,262,True
func_K_0x100003999,-895,False
func_K_0x100003ca9,763,True
func_K_0x100003cad,819,False
func_K_0x1000041b3,-246,False
func_K_0x10000430c,-882,False
func_K_0x100004310,813,False
func_K_0x100004336,726,False
func_K_0x100004339,-85,False
func_K_0x10000435c,-731,False
func_K_0x100004518,-289,False
func_K_0x100004522,472,False
func_K_0x100004b4a,-139,False
func_K_0x100005121,-526,False
func_K_0x1000051d2,-704,False
func_K_0x1000051d4,-376,True
func_K_0x10000528b,36,False
func_K_0x10000529b,513,True
func_K_0x100005860,-613,False
func_K_0x10000587d,-775,True
func_K_0x100005882,-716,True
func_K_0x10000588f,758,True
func_K_0x100005908,-375,True
func_K_0x100005bd5,-436,True
func_K_0x100005bd7,623,False
func_K_0x100005bd9,244,False
func_K_0x100005bfe,281,False
func_K_0x1000060a1,-152,False
func_K_0x100006506,917,False
func_K_0x100006b92,354,True
func_K_0x10000739b,692,False
func_K_0x1000073bc,-737,False
func_K_0x1000073c0,805,False
func_K_0x10000740b,77,True
func_K_0x10000740d,-528,False
func_K_0x100007488,860,True
func_K_0x100007f6c,-217,True
func_K_0x100007f70,-533,False
func_K_0x100007f74,759,False
func_K_0x100007fad,-307,False
func_K_0x100007fbd,212,True
func_Ke_0x100001b48,164,True
func_Ke_0x100001e14,408,False
func_Ke_0x100001e22,-729,True
func_Ke_0x100003657,-713,False
func_Ke_0x100004dc3,-43,True
func_Ke_0x100004dc5,-394,True
func_Ke_0x100004dc9,-563,True
func_Ke_0x100004dcf,236,False
func_Ke_0x100004dd1,323,True
func_Ke_0x100004ef2,828,True
func_Ke_0x100004ef8,-85,True
func_Ke_0x100005540,-489,False
func_Ke_0x100005560,-645,False
func_Ke_0x10000556c,-824,False
func_Ke_0x100005c4a,-923,False
func_Ke_0x100005c4c,-857,False
func_Ke_0x100006328,-161,True
func_Ke_0x10000632e,-297,True
func_Ke_0x100006330,-659,False
func_Ke_0x1000063df,190,False
func_Ke_0x100007182,403,True
func_Ke_0x1000076d8,328,False
func_Ke_0x1000076e0,-801,False
func_Ke_0x10000774f,-588,True
func_Ke_0x100007d49,568,True
func_Ke_0x100007d79,887,True
func_Ke_0x100007d7f,-657,True
func_Ke_0x100007d81,-175,True
func_Ke_0x100007d83,-369,False
func_Ke_0x100007d87,-670,True
func_Ke_0x100007d91,308,True
func_Ke_0x100007e34,-548,True
func_Ke_0x100007e36,-796,False
func_Kn_0x100002d6c,-61,True
func_Kn_0x100005ae2,-375,False
func_Kn_0x100005af8,-506,True
func_Kn_0x100005afe,-385,True
func_Kn_0x100005d7f,959,True
func_Kr_0x100002dfd,-374,True
func_Kr_0x100002e07,-516,True
func_Kt_0x100003051,782,True
func_Kt_0x1000035ab,542,False
func_Kt_0x1000042cd,292,False
func_Kt_0x1000053a8,575,True
func_Kt_0x1000064df,-484,True
func_Kt_0x100006edd,81,True
func_Kt_0x100006eee,225,False
func_Kt_0x100006ef0,-21,False
func_Kt_0x10000705e,878,True
func_Kt_0x10000737e,292,True
func_Kt_0x100007384,906,True
func_Kt_0x100007be0,-436,False
func_Kt_0x100007e86,-521,True
func_L0_0x100006412,166,True
func_L0_0x1000066cc,-381,False
func_L0_0x1000066d5,846,False
func_L0_0x1000066d7,930,True
func_L0_0x100006701,-255,True
func_L0_0x100006f9c,510,True
func_L0_0x100007814,111,True
func_L_0x100000114,-681,False
func_L_0x10000011a,824,True
func_L_0x10000011c,-140,False
func_L_0x100000312,-764,False
func_L_0x100001607,394,True
func_L_0x1000017a4,-834,False
func_L_0x100001c31,-126,True
func_L_0x100001c5d,-783,True
func_L_0x100001cb4,-945,True
func_L_0x100001cc1,-765,True
func_L_0x100001db7,756,True
func_L_0x100002532,-370,False
func_L_0x10000254d,-945,True
func_L_0x100002afe,968,True
func_L_0x100002b27,564,False
func_L_0x100002b2b,1036,False
func_L_0x100002b31,105,True
func_L_0x100002b33,285,False
func_L_0x100003036,962,True
func_L_0x1000030a9,864,False
func_L_0x1000030e7,680,True
func_L_0x1000030f3,950,False
func_L_0x100003168,976,False
func_L_0x1000031c2,-98,True
func_L_0x1000031d1,548,True
func_L_0x1000031d3,-443,False
func_L_0x100003206,-296,True
func_L_0x100003483,-318,True
func_L_0x100003485,865,True
func_L_0x100003487,546,True
func_L_0x1000036c0,874,False
func_L_0x1000038ad,-577,True
func_L_0x100003995,767,True
func_L_0x100003cff,-353,True
func_L_0x100003d74,46,False
func_L_0x100003d78,-441,True
func_L_0x100004231,1016,False
func_L_0x100004245,-738,True
func_L_0x10000432e,-921,True
func_L_0x100004355,784,False
func_L_0x10000451c,-30,False
func_L_0x100004526,423,False
func_L_0x10000470c,94,True
func_L_0x10000491e,368,True
func_L_0x100004b58,571,False
func_L_0x100004bc8,714,True
func_L_0x100004c9c,573,False
func_L_0x100004c9e,-220,True
func_L_0x100004ca2,6,False
func_L_0x100004ca7,89,False
func_L_0x100004d3e,578,True
func_L_0x100004e98,542,True
func_L_0x10000511e,124,True
func_L_0x1000051cd,676,False
func_L_0x10000528f,423,True
func_L_0x100005426,245,True
func_L_0x100005bf1,700,False
func_L_0x100005bf5,852,False
func_L_0x100005bf7,836,False
func_L_0x100005bfb,-140,False
func_L_0x100005e4d,954,True
func_L_0x100006063,842,True
func_L_0x1000061d6,246,True
func_L_0x100006290,257,False
func_L_0x10000685f,325,False
func_L_0x100006861,-200,True
func_L_0x100006e2d,-594,False
func_L_0x100006e37,-594,True
func_L_0x100006e3d,-631,True
func_L_0x100006e43,-486,True
func_L_0x100006e45,502,True
func_L_0x100006e47,380,True
func_L_0x10000710d,-795,True
func_L_0x100007467,644,False
func_L_0x1000075d4,279,True
func_L_0x1000079df,512,True
func_L_0x1000079e4,-689,False
func_L_0x1000079e8,-461,False
func_L_0x1000079ea,-871,False
func_L_0x100007eb0,-329,False
func_L_0x100007eb6,-630,False
func_L_0x100007ebc,728,False
func_L_0x100007ebe,712,True
func_L_0x100007fba,-74,False
func_Le_0x1000015f0,743,False
func_Le_0x10000167b,919,False
func_Le_0x100001e87,41,False
func_Le_0x100001e8d,796,False
func_Le_0x100001e8f,-66,False
func_Le_0x1000043cb,-437,True
func_Le_0x1000043dc,668,False
func_Le_0x100005166,301,False
func_Le_0x100005376,-98,True
func_Le_0x10000568a,-459,False
func_Le_0x100005690,838,True
func_Le_0x1000069d5,-223,True
func_Le_0x100006c42,-917,False
func_Le_0x100007331,96,False
func_Le_0x100007369,669,True
func_Le_0x1000074b6,539,False
func_Le_0x100007622,302,True
func_Le_0x10000762c,245,False
func_Le_0x10000762e,129,True
func_Le_0x100007635,380,True
func_Le_0x10000763c,1027,True
func_Le_0x10000763e,-397,True
func_Le_0x100007646,973,True
func_Le_0x10000764a,-306,False
func_Le_0x1000079b2,804,False
func_Le_0x100007a88,-817,True
func_Le_0x100007a8a,-536,True
func_Le_0x100007a9a,-862,True
func_Le_0x100007a9f,-556,True
func_Le_0x100007aa3,-443,False
func_Le_0x100007aa7,526,False
func_Le_0x100007c82,982,True
func_Le_0x100007c84,930,False
func_Le_0x100007c8a,592,True
func_Li_0x100002230,688,False
func_Ln_0x100003fcd,-775,True
func_Ln_0x100003fde,390,False
func_Ln_0x10000400d,165,True
func_Ln_0x10000401e,1023,True
func_Lt_0x100002609,-360,True
func_Lt_0x10000260f,986,False
func_Lt_0x100002613,-567,False
func_Lt_0x100002617,-653,False
func_Lt_0x10000261b,-856,False
func_Lt_0x10000261d,999,False
func_Lt_0x100002621,-234,False
func_Lt_0x100002623,-712,False
func_Lt_0x100002627,-385,False
func_Lt_0x100002629,-857,False
func_Lt_0x10000262b,-315,True
func_Lt_0x10000262d,852,True
func_Lt_0x10000262f,-49,True
func_Lt_0x100002633,620,True
func_Lt_0x100002637,-561,True
func_Lt_0x10000263d,910,True
func_Lt_0x100002645,896,False
func_Lt_0x100002647,1000,True
func_Lt_0x100002649,-273,False
func_Lt_0x10000264f,-908,True
func_Lt_0x100002657,-736,True
func_Lt_0x10000265b,86,False
func_Lt_0x10000265d,-596,False
func_Lt_0x10000265f,-369,True
func_Lt_0x100002661,210,True
func_Lt_0x100005a17,454,False
func_Lt_0x100005a1d,-385,True
func_Lt_0x100005a1f,696,True
func_Lt_0x100005a25,412,True
func_Lt_0x100005a27,785,False
func_Lt_0x100005a2b,-704,False
func_Lt_0x100005a2f,-168,True
func_Lt_0x100005a33,-704,False
func_Lt_0x100005a3b,-282,True
func_Lt_0x100005a3d,589,False
func_Lt_0x100005a3f,263,True
func_Lt_0x100005a45,-802,True
func_Lt_0x100005a47,955,True
func_Lt_0x100005a49,874,False
func_Lt_0x100005a4b,-618,False
func_Lt_0x100005a4f,923,True
func_Lt_0x100005a57,491,False
func_Lt_0x100005a59,-483,True
func_Lt_0x100005a5b,-771,False
func_Lt_0x100005a5f,271,False
func_Lt_0x100005a63,154,True
func_Lt_0x100005a6d,525,False
func_Lt_0x100005a71,-682,False
func_Lt_0x100005a73,-850,False
func_Lt_0x100005a79,-496,False
func_Lt_0x100005a7b,-201,True
func_Lt_0x100005a7d,1035,True
func_Lt_0x100005a7f,-691,True
func_Lt_0x100005a83,1007,True
func_Lt_0x100005a85,-641,False
func_Lt_0x100005a87,-266,True
func_Lt_0x100005a8b,199,False
func_Lt_0x100005aa9,144,True
func_Lt_0x100005aab,861,False
func_Lt_0x100005aaf,-917,False
func_Lt_0x100005ac9,-735,True
func_Lt_0x100005b05,-303,True
func_Lt_0x100005b17,582,True
func_Lt_0x100005b1b,-401,False
func_Lt_0x100005b1d,26,True
func_Lt_0x100006d1f,-497,True
func_Lt_0x100006d2c,-937,True
func_Lt_0x100006da1,932,True
func_Lt_0x10000778f,-752,False
func_Lt_0x100007793,-697,False
func_Lt_0x10000779b,-320,False
func_Lt_0x1000077a3,76,True
func_Lt_0x10000824e,-437,False
func_Lt_0x1000082a6,-502,False
func_M0_0x100003d8f,25,True
func_M0_0x100003e58,469,False
func_M0_0x100003e5f,-60,True
func_M0_0x100003fd2,-933,False
func_M0_0x100003fd9,187,False
func_M0_0x100004003,302,False
func_M0_0x100004029,-287,True
func_M0_0x10000409f,104,True
func_M_0x1000001ca,593,True
func_M_0x1000001cd,112,False
func_M_0x1000001cf,-36,True
func_M_0x100000225,279,False
func_M_0x1000019cf,627,True
func_M_0x1000019d5,808,False
func_M_0x100001cb7,57,False
func_M_0x100001cb9,914,False
func_M_0x100001d20,-872,False
func_M_0x100001d24,204,True
func_M_0x100001d4d,337,True
func_M_0x100001db9,545,False
func_M_0x100002b43,91,True
func_M_0x100002b4d,-923,False
func_M_0x100003017,-835,False
func_M_0x10000301d,1038,False
func_M_0x100003023,664,False
func_M_0x1000030eb,669,False
func_M_0x1000030ef,516,True
func_M_0x10000318b,730,False
func_M_0x1000031a4,1026,False
func_M_0x100003207,-261,False
func_M_0x10000320d,-285,True
func_M_0x10000320f,598,True
func_M_0x10000382c,-458,False
func_M_0x10000399c,703,True
func_M_0x100003cab,-925,False
func_M_0x100003cb7,-256,False
func_M_0x100003d60,-596,True
func_M_0x100003d7a,-340,True
func_M_0x100003d7c,803,True
func_M_0x100003d7e,124,True
func_M_0x100004207,26,False
func_M_0x10000422b,836,False
func_M_0x10000422d,760,True
func_M_0x100004333,68,True
func_M_0x10000451e,-556,False
func_M_0x10000496b,28,True
func_M_0x10000585e,-625,True
func_M_0x100005862,-514,True
func_M_0x100005864,895,True
func_M_0x100005885,894,True
func_M_0x100005bd1,446,False
func_M_0x100005bd3,-681,True
func_M_0x100005bdb,-247,False
func_M_0x1000061ae,-253,True
func_M_0x1000061b0,-640,False
func_M_0x1000061b9,941,True
func_M_0x1000061da,-236,False
func_M_0x100006301,-668,False
func_M_0x100006508,56,True
func_M_0x100007403,-727,True
func_M_0x100007409,-810,True
func_M_0x100007f6e,236,True
func_M_0x100007f72,507,True
func_M_0x100007f76,-349,True
func_M_0x100007f78,-702,True
func_M_0x100007fbb,-920,False
func_Me_0x1000039d8,590,False
func_Me_0x1000039e4,-132,False
func_Me_0x1000039e8,-244,False
func_Me_0x100003a13,902,True
func_Me_0x100003a19,992,False
func_Me_0x100003a20,144,True
func_Me_0x100003a26,-161,True
func_Me_0x100003a28,-864,True
func_Me_0x100003a32,950,True
func_Me_0x100003a36,-794,True
func_Me_0x100003a3a,218,True
func_Me_0x100003a3e,-511,True
func_Me_0x100003a46,191,False
func_Me_0x100003c02,787,True
func_Me_0x100003c4c,48,False
func_Me_0x100003c74,-373,True
func_Me_0x1000044be,710,False
func_Me_0x10000708d,-722,True
func_Me_0x100007113,-443,True
func_Me_0x100007f13,-371,True
func_Me_0x100007f1d,1018,True
func_Me_0x100007f37,410,False
func_Me_0x100007f5c,912,False
func_Me_0x10000810f,-92,True
func_Me_0x100008111,473,True
func_Mr_0x100005aee,435,False
func_Mr_0x100005d76,842,False
func_Mr_0x100005d78,809,True
func_Mr_0x100005d7a,273,True
func_Mr_0x100005d7c,852,False
func_Mt_0x100006956,-745,True
func_Mt_0x100007756,-376,True
func_Mt_0x10000815e,-307,False
func_Mt_0x100008160,-471,True
func_Mt_0x10000818a,769,True
func_Mt_0x1000081b8,70,False
func_Mt_0x1000081da,-446,True
func_Mt_0x100008259,-379,True
func_Mt_0x10000825b,-237,False
func_Mt_0x10000825f,-681,False
func_N0_0x100001af3,782,True
func_N0_0x100003c69,918,True
func_N0_0x10000576a,385,False
func_N0_0x100005779,812,False
func_N0_0x1000057a0,-344,False
func_N0_0x10000582a,-871,False
func_N0_0x100005831,1004,False
func_N0_0x100005838,1041,False
func_N0_0x10000583a,377,False
func_N0_0x10000584e,163,True
func_N0_0x100005852,784,True
func_N0_0x1000063fb,253,True
func_N0_0x100006d1c,312,True
func_N0_0x100007069,-701,False
func_N0_0x10000706b,924,True
func_N0_0x100007e49,-691,False
func_N_0x1000017a5,1037,False
func_N_0x1000018d2,-662,False
func_N_0x1000019b1,373,True
func_N_0x1000019b3,242,True
func_N_0x1000019b9,776,True
func_N_0x100001c0c,-950,False
func_N_0x100001c10,1000,True
func_N_0x100001eb5,607,True
func_N_0x100002540,170,False
func_N_0x10000255f,93,False
func_N_0x10000301a,524,True
func_N_0x10000302c,601,True
func_N_0x10000321b,609,False
func_N_0x100003272,-110,False
func_N_0x1000035e2,-740,False
func_N_0x1000035e4,-303,True
func_N_0x100003693,684,True
func_N_0x100003721,-694,True
func_N_0x100003723,-372,False
func_N_0x100003725,347,True
func_N_0x10000373d,-387,True
func_N_0x100003741,645,True
func_N_0x10000374d,-239,False
func_N_0x100003764,-819,False
func_N_0x100003766,-658,True
func_N_0x100003768,203,False
func_N_0x100003bf8,888,False
func_N_0x100003d27,-588,True
func_N_0x10000421a,-805,True
func_N_0x10000421c,-206,True
func_N_0x100004221,-391,False
func_N_0x100004639,-287,False
func_N_0x10000463d,155,False
func_N_0x10000464d,79,True
func_N_0x100004669,-284,False
func_N_0x10000466b,-845,True
func_N_0x10000466d,-42,False
func_N_0x100004847,614,True
func_N_0x100004adf,943,False
func_N_0x100004ae1,227,False
func_N_0x100004ae5,126,True
func_N_0x100004ae8,-735,False
func_N_0x100004b05,805,True
func_N_0x100004eb5,-227,False
func_N_0x1000055c4,711,True
func_N_0x1000055c9,-680,False
func_N_0x1000055cd,10,False
func_N_0x10000570a,-859,False
func_N_0x10000570d,-126,True
func_N_0x10000570f,318,False
func_N_0x100005ba4,310,False
func_N_0x100005ba8,-86,True
func_N_0x1000060b1,661,True
func_N_0x1000060bd,-934,True
func_N_0x1000062b4,-289,False
func_N_0x1000062b6,834,False
func_N_0x1000062b9,-583,False
func_N_0x10000652b,845,False
func_N_0x10000652d,299,True
func_N_0x10000652f,-447,False
func_N_0x100006b76,863,True
func_N_0x100006be5,-326,True
func_N_0x100006be9,719,False
func_N_0x100006e4b,825,False
func_N_0x100006e66,741,True
func_N_0x1000071f6,547,False
func_N_0x1000072a0,-791,False
func_N_0x1000072f9,327,True
func_N_0x100007531,-519,False
func_Ne_0x100002b74,-794,False
func_Ne_0x100002b7a,-358,True
func_Ne_0x100002b7e,-215,True
func_Ne_0x100002b80,-935,True
func_Ne_0x100002b82,-956,False
func_Ne_0x100002b88,537,False
func_Ne_0x100002b8a,275,True
func_Ne_0x100002b8e,339,False
func_Ne_0x100002b90,91,True
func_Ne_0x100002b93,-739,False
func_Ne_0x100002b9b,345,False
func_Ne_0x100002bb2,-6,True
func_Ne_0x100002bb6,-2,True
func_Ne_0x100002bba,-158,False
func_Ne_0x100002bbc,-43,False
func_Ne_0x100002bbe,-746,True
func_Ne_0x100002cb9,705,False
func_Ne_0x100002cbb,424,True
func_Ne_0x100002cc3,53,True
func_Ne_0x100002cc5,-670,True
func_Ne_0x100002cc9,-509,False
func_Ne_0x100002cd1,-835,True
func_Ne_0x100006413,994,True
func_Ne_0x100006415,217,True
func_Ne_0x100006419,111,False
func_Ne_0x10000641b,-470,False
func_Ne_0x10000641f,-755,False
func_Ne_0x100006421,-414,False
func_Ne_0x100006423,-472,True
func_Ne_0x100006425,-295,False
func_Ne_0x1000066e9,-647,True
func_Ne_0x100006f87,502,False
func_Ne_0x100007753,-461,False
func_Ne_0x100007761,-958,True
func_Ne_0x10000778b,916,False
func_Ne_0x1000077b0,-927,True
func_Ne_0x1000078b4,442,False
func_Nn_0x10000294d,243,False
func_Nn_0x100002985,589,False
func_Nn_0x100002a82,956,True
func_Nr_0x100008297,829,False
func_Nt_0x100001eff,901,False
func_Nt_0x10000305a,-102,False
func_Nt_0x100003065,270,False
func_Nt_0x1000035a0,164,True
func_Nt_0x1000035a7,606,True
func_Nt_0x1000042df,-647,False
func_Nt_0x1000042e7,216,False
func_Nt_0x1000042ee,-381,False
func_Nt_0x1000042f5,-794,False
func_Nt_0x1000042f7,-240,False
func_Nt_0x1000042f9,-119,False
func_Nt_0x100005392,524,True
func_Nt_0x10000539a,585,True
func_Nt_0x10000631b,-60,False
func_Nt_0x100006321,-466,True
func_Nt_0x100006ee1,-823,True
func_Nt_0x100006eeb,-925,True
func_Nt_0x100007bb4,604,True
func_Nt_0x100007bde,-611,False
func_Nt_0x100007bf5,428,True
func_Nt_0x100007c05,19,True
func_Nt_0x100007c08,76,False
func_Nu_0x100004057,-956,False
func_O0_0x100001b04,-330,True
func_O0_0x100001b1f,-530,True
func_O0_0x100001b21,-194,True
func_O0_0x100001b23,1037,True
func_O0_0x100001b25,51,False
func_O0_0x100001b27,61,False
func_O0_0x100003c64,-543,True
func_O0_0x100003c96,146,True
func_O0_0x100004467,298,False
func_O0_0x100004493,1039,False
func_O0_0x1000044c1,638,True
func_O0_0x1000044ce,-903,True
func_O0_0x100007119,-303,False
func_O0_0x10000711b,-800,True
func_O0_0x100007f1a,-479,True
func_O0_0x10000806a,464,True
func_O_0x10000012e,337,True
func_O_0x10000014c,-867,True
func_O_0x100000160,460,False
func_O_0x1000001ba,-504,True
func_O_0x100000221,79,False
func_O_0x10000155b,641,False
func_O_0x10000155d,713,False
func_O_0x1000016ee,-668,False
func_O_0x10000199f,-860,False
func_O_0x1000019f0,-317,True
func_O_0x1000019f6,227,False
func_O_0x100001be3,-943,False
func_O_0x100001c8a,-577,True
func_O_0x100001c9a,278,True
func_O_0x100001dea,-617,False
func_O_0x100002ae5,-804,True
func_O_0x10000310f,-672,True
func_O_0x100003220,-488,True
func_O_0x100003292,-59,False
func_O_0x1000033e6,749,False
func_O_0x10000347e,-487,False
func_O_0x100003482,300,False
func_O_0x1000036fc,-24,True
func_O_0x100003896,-899,True
func_O_0x1000038c9,-846,False
func_O_0x1000038cd,-951,False
func_O_0x100003905,-657,True
func_O_0x10000390f,128,True
func_O_0x100003974,882,True
func_O_0x10000397f,890,False
func_O_0x100003985,54,False
func_O_0x100003b3b,820,False
func_O_0x100003bd8,-488,True
func_O_0x100003ccf,929,False
func_O_0x100003cd5,856,False
func_O_0x100003cd8,-414,False
func_O_0x100003cf7,-852,False
func_O_0x100004122,-19,False
func_O_0x10000415b,-29,False
func_O_0x1000041e6,346,True
func_O_0x1000041ec,-84,True
func_O_0x1000041f3,-390,False
func_O_0x1000041ff,787,False
func_O_0x100004601,-860,False
func_O_0x100004603,906,False
func_O_0x100004607,805,False
func_O_0x100004609,-436,True
func_O_0x10000460d,418,True
func_O_0x1000046df,-385,True
func_O_0x10000471d,-837,True
func_O_0x1000049c1,897,True
func_O_0x1000049e0,-59,True
func_O_0x1000049e8,618,True
func_O_0x1000049ea,64,True
func_O_0x1000049ec,566,True
func_O_0x1000049ee,970,False
func_O_0x1000049f0,132,True
func_O_0x1000049f4,-892,False
func_O_0x100004a70,734,False
func_O_0x100004b0c,760,True
func_O_0x100004ce1,767,False
func_O_0x100004f4f,522,False
func_O_0x100004f70,-698,False
func_O_0x10000501f,-802,False
func_O_0x100005107,-748,True
func_O_0x10000540e,-866,True
func_O_0x1000056b9,122,False
func_O_0x10000570c,-618,True
func_O_0x100006077,421,True
func_O_0x100006154,-873,False
func_O_0x10000617b,708,True
func_O_0x100006352,48,False
func_O_0x100006387,332,False
func_O_0x10000638d,-457,True
func_O_0x100006505,-556,False
func_O_0x10000680e,-211,True
func_O_0x100006811,110,False
func_O_0x100006844,10,True
func_O_0x1000069f3,-228,False
func_O_0x1000072b2,1032,False
func_O_0x1000073ce,-603,True
func_O_0x10000746c,512,False
func_O_0x1000075e2,-618,True
func_O_0x1000079d1,931,True
func_O_0x1000079d3,-476,False
func_O_0x100007a27,-303,False
func_O_0x100007a2a,-625,False
func_O_0x100007aee,-3,True
func_O_0x100007b9d,772,False
func_O_0x100007b9f,820,False
func_O_0x100007c39,325,True
func_O_0x100007c3d,-465,False
func_O_0x100007c3f,-486,False
func_O_0x100007c45,717,False
func_O_0x100007eac,-257,False
func_O_0x100007fa6,-58,True
func_O_0x1000080a8,-529,False
func_Oe_0x100000637,-63,True
func_Oe_0x100000639,404,False
func_Oe_0x1000006eb,-195,False
func_Oe_0x10000070c,-415,False
func_Oe_0x10000182a,144,False
func_Oe_0x10000182e,161,False
func_Oe_0x10000183c,-326,False
func_Oe_0x10000183e,118,False
func_Oe_0x100001840,497,False
func_Oe_0x100001842,-599,True
func_Oe_0x100001844,-143,True
func_Oe_0x10000184e,848,False
func_Oe_0x100001892,611,False
func_Oe_0x10000189a,276,True
func_Oe_0x1000018a8,-45,True
func_Oe_0x1000018b8,531,False
func_Oe_0x1000018ba,604,False
func_Oe_0x100002ba3,872,False
func_Oe_0x1000057af,-578,False
func_On_0x100002601,1008,False
func_On_0x100005ab6,59,True
func_On_0x100006d5d,302,False
func_On_0x1000081f5,475,False
func_On_0x100008262,-222,False
func_Or_0x100002d75,410,False
func_Or_0x100002d77,-472,False
func_Or_0x100002d79,140,False
func_Or_0x100002d7d,348,False
func_Or_0x100002db7,480,True
func_Or_0x100008210,1020,True
func_Or_0x10000829c,1029,True
func_Ot_0x10000048a,107,False
func_Ot_0x100000652,558,True
func_Ot_0x1000006d7,-152,True
func_Ot_0x1000006ef,237,False
func_Ot_0x1000006fc,660,True
func_Ot_0x1000057b2,802,False
func_Ot_0x1000057b4,-316,True
func_Ot_0x1000057b6,341,True
func_Ot_0x1000057b8,510,False
func_Ot_0x1000057ba,-409,False
func_Ot_0x1000066f0,-696,False
func_Ot_0x100006a33,727,False
func_Ot_0x100007019,-923,True
func_Ot_0x10000701b,425,True
func_Ot_0x100007029,-265,False
func_Ox_0x100002436,-207,False
func_Ox_0x100002438,308,False
func_P0_0x100002100,-814,False
func_P0_0x100002122,489,False
func_P0_0x100002212,-380,False
func_P0_0x100002346,-573,False
func_P0_0x100002386,-606,True
func_P0_0x10000238d,-850,True
func_P0_0x100002448,553,True
func_P_0x100000120,681,False
func_P_0x10000013c,-536,False
func_P_0x1000001d3,690,False
func_P_0x1000002b6,693,False
func_P_0x100001534,-206,False
func_P_0x10000160b,-617,False
func_P_0x100001621,-953,True
func_P_0x1000017db,777,False
func_P_0x1000019f2,-928,False
func_P_0x1000019f4,-622,True
func_P_0x100001aa9,-498,False
func_P_0x100001c4e,806,True
func_P_0x100001c5f,-357,True
func_P_0x100001ca1,410,True
func_P_0x100001e0d,589,True
func_P_0x100002558,758,True
func_P_0x10000256d,-784,True
func_P_0x10000256f,465,True
func_P_0x100002afc,-370,False
func_P_0x100002b2f,126,True
func_P_0x100002b46,-432,True
func_P_0x100002b48,-255,False
func_P_0x1000031b9,557,True
func_P_0x100003226,-137,True
func_P_0x1000036ec,-211,True
func_P_0x10000375f,346,True
func_P_0x1000038ab,-152,False
func_P_0x1000038de,-150,True
func_P_0x1000038e1,-170,True
func_P_0x1000039a4,386,False
func_P_0x100003cf8,119,False
func_P_0x100003cfb,-369,False
func_P_0x100003d25,-411,False
func_P_0x100003d3b,933,False
func_P_0x100003d41,759,False
func_P_0x100003d46,-279,True
func_P_0x10000412a,2,True
func_P_0x10000417a,-464,True
func_P_0x100004233,728,False
func_P_0x100004302,929,False
func_P_0x100004304,-499,False
func_P_0x100004361,-656,False
func_P_0x100004363,-7,False
func_P_0x1000043af,473,False
func_P_0x100004a02,521,True
func_P_0x100004a1e,-498,True
func_P_0x100004b48,-619,True
func_P_0x100004b4c,666,False
func_P_0x100004b4e,-879,True
func_P_0x100004b52,-651,False
func_P_0x100004b56,830,False
func_P_0x100004ca0,520,False
func_P_0x100004ca4,672,False
func_P_0x100004ca9,-348,True
func_P_0x100004cad,-319,False
func_P_0x100004e90,-128,True
func_P_0x1000051cb,-430,False
func_P_0x100005337,1041,False
func_P_0x100005471,518,True
func_P_0x1000055f3,100,False
func_P_0x100005bd0,614,True
func_P_0x1000062f1,-623,False
func_P_0x100006792,-179,True
func_P_0x100006857,-665,False
func_P_0x100006aea,774,False
func_P_0x100006b5a,265,True
func_P_0x100006c22,-548,False
func_P_0x100006c2e,416,False
func_P_0x100006c31,-420,True
func_P_0x100006e3f,-333,True
func_P_0x100006e41,-592,True
func_P_0x10000739a,-21,False
func_P_0x1000073de,-193,True
func_P_0x100007482,278,True
func_P_0x1000079dd,701,True
func_P_0x1000079e6,567,True
func_P_0x100007eb2,-840,True
func_P_0x100007eb4,-762,False
func_P_0x100007eb8,-306,False
func_P_0x100007eba,349,False
func_P_0x1000082d4,-233,False
func_Pe_0x1000015ac,189,False
func_Pe_0x1000015ae,371,True
func_Pe_0x1000015b0,961,True
func_Pe_0x1000015b2,265,True
func_Pe_0x1000015b4,-538,False
func_Pe_0x100001d88,686,True
func_Pe_0x100001d8a,614,False
func_Pe_0x100001d8e,558,False
func_Pe_0x100001d92,-371,False
func_Pe_0x100001e89,-205,False
func_Pe_0x100001eb8,-141,True
func_Pe_0x100001ecd,210,False
func_Pe_0x100001f30,496,False
func_Pe_0x100003576,-956,True
func_Pe_0x1000035ee,-417,True
func_Pe_0x1000035f0,-211,True
func_Pe_0x1000035f8,511,True
func_Pe_0x100003686,212,False
func_Pe_0x100003b7c,-285,False
func_Pe_0x1000043c9,-745,True
func_Pe_0x1000043d8,82,False
func_Pe_0x1000043df,238,True
func_Pe_0x1000043e5,-831,True
func_Pe_0x1000043e9,664,False
func_Pe_0x1000043ed,-691,False
func_Pe_0x1000043ef,-375,True
func_Pe_0x1000043f1,682,False
func_Pe_0x10000516f,94,True
func_Pe_0x100005187,-834,False
func_Pe_0x10000519a,-572,False
func_Pe_0x1000063c0,830,False
func_Pe_0x100006455,-729,False
func_Pe_0x1000064cf,-285,False
func_Pe_0x1000067d0,-806,False
func_Pe_0x100006f11,-93,False
func_Pe_0x10000732d,192,False
func_Pe_0x1000074c1,-190,True
func_Pe_0x10000762a,716,False
func_Pe_0x100007648,-312,True
func_Pe_0x100007a92,927,True
func_Po_0x1000029d9,195,True
func_Pr_0x1000077be,130,True
func_Pr_0x1000077cd,1021,True
func_Pt_0x1000020f1,986,False
func_Pt_0x1000020f4,971,True
func_Pt_0x100002108,-355,False
func_Pt_0x10000210c,193,False
func_Pt_0x100002114,659,False
func_Pt_0x100002116,-500,True
func_Pt_0x100002119,-198,False
func_Pt_0x10000211b,806,True
func_Pt_0x10000216a,-738,True
func_Pt_0x1000021ce,-216,True
func_Pt_0x10000226c,-674,True
func_Pt_0x100002389,-774,True
func_Pt_0x10000238f,-747,False
func_Pt_0x10000239a,-212,False
func_Q_0x10000014a,435,True
func_Q_0x10000014f,-190,True
func_Q_0x1000001c9,67,True
func_Q_0x1000001ee,960,False
func_Q_0x1000001f0,-367,False
func_Q_0x1000001f4,150,True
func_Q_0x1000002ac,479,False
func_Q_0x1000002ae,-535,False
func_Q_0x1000002b0,273,False
func_Q_0x1000002b4,56,True
func_Q_0x100000307,502,False
func_Q_0x10000030d,808,False
func_Q_0x10000030f,404,True
func_Q_0x10000152f,-586,False
func_Q_0x100001552,-957,False
func_Q_0x1000019a7,482,True
func_Q_0x1000019fc,-912,True
func_Q_0x100001aa6,118,True
func_Q_0x100001aab,-829,True
func_Q_0x100001aaf,-165,False
func_Q_0x100001ab5,-779,True
func_Q_0x100001dc7,-778,True
func_Q_0x10000251e,198,False
func_Q_0x1000030a8,147,False
func_Q_0x100003142,-853,False
func_Q_0x100003188,-379,False
func_Q_0x1000038a7,1007,True
func_Q_0x1000038ee,-172,False
func_Q_0x100003cda,-30,False
func_Q_0x100004133,590,True
func_Q_0x100004136,1011,True
func_Q_0x10000413b,385,False
func_Q_0x10000413f,319,False
func_Q_0x10000414b,980,False
func_Q_0x100004156,-712,True
func_Q_0x1000041ef,569,True
func_Q_0x10000425c,784,False
func_Q_0x100004738,-19,False
func_Q_0x100004b1f,-74,False
func_Q_0x100004b24,156,True
func_Q_0x100004b36,747,True
func_Q_0x100004b3a,283,False
func_Q_0x100004bd1,-303,True
func_Q_0x100004cde,283,False
func_Q_0x100004e9a,589,False
func_Q_0x100004ea2,-107,True
func_Q_0x1000051de,315,True
func_Q_0x1000053e2,476,True
func_Q_0x1000055f1,-907,False
func_Q_0x1000055f6,-611,True
func_Q_0x100005e4b,836,False
func_Q_0x100006168,-140,False
func_Q_0x100006379,575,False
func_Q_0x10000637b,693,True
func_Q_0x100006385,617,False
func_Q_0x100006532,646,True
func_Q_0x100006579,-31,False
func_Q_0x100006c0d,-630,False
func_Q_0x100007463,773,False
func_Q_0x10000754e,-454,False
func_Q_0x1000075e6,672,False
func_Q_0x100007b43,-437,True
func_Q_0x100007c3b,691,True
func_Q_0x1000082d0,-539,False
func_Qe_0x100001f29,-902,True
func_Qe_0x100003047,748,False
func_Qe_0x10000305b,-287,False
func_Qe_0x1000042b6,-612,False
func_Qe_0x10000633b,-49,True
func_Qe_0x100006751,65,True
func_Qe_0x100006755,926,False
func_Qe_0x10000675b,-485,False
func_Qe_0x10000675d,22,False
func_Qe_0x10000675f,163,True
func_Qe_0x10000676d,-408,False
func_Qe_0x100006ed9,-777,True
func_Qe_0x100006eec,-582,True
func_Qe_0x100006ef2,-846,True
func_Qe_0x100006f08,888,True
func_Qe_0x100007041,-776,True
func_Qe_0x10000705a,1010,False
func_Qe_0x100007060,613,False
func_Qe_0x100007cbb,-917,False
func_Qt_0x100000753,41,False
func_R0_0x100000655,218,True
func_R0_0x100005ab5,928,True
func_R0_0x100006d78,-446,False
func_R0_0x1000077a4,-351,True
func_R0_0x10000824f,71,True
func_R0_0x1000082a7,-909,False
func_R_0x1000017d5,220,False
func_R_0x1000019ca,-733,True
func_R_0x1000019d1,-865,False
func_R_0x1000019d3,514,False
func_R_0x1000019db,925,False
func_R_0x100001c12,-830,True
func_R_0x100001c26,344,False
func_R_0x100001c6b,259,True
func_R_0x100001c8e,320,False
func_R_0x100001d27,98,True
func_R_0x100001dcc,-661,True
func_R_0x100002550,636,False
func_R_0x100002b00,-123,True
func_R_0x100002b6d,556,True
func_R_0x100002ce0,-524,True
func_R_0x100002f81,-536,True
func_R_0x10000300f,185,True
func_R_0x100003015,-1,True
func_R_0x100003019,252,False
func_R_0x10000301f,-76,True
func_R_0x100003211,-305,True
func_R_0x100003215,444,False
func_R_0x10000321d,-734,True
func_R_0x100003227,-868,False
func_R_0x100003229,984,True
func_R_0x10000322b,-631,False
func_R_0x10000325a,-839,True
func_R_0x10000325c,814,False
func_R_0x100003270,38,True
func_R_0x1000035e7,-958,False
func_R_0x100003727,267,True
func_R_0x100003749,536,False
func_R_0x10000385e,181,True
func_R_0x100003ae5,965,True
func_R_0x100003bd9,202,True
func_R_0x100003be5,154,True
func_R_0x100003bfc,-649,False
func_R_0x100003bfe,457,False
func_R_0x10000419f,1010,True
func_R_0x100004209,601,False
func_R_0x100004219,316,True
func_R_0x10000464b,-308,False
func_R_0x10000473a,278,False
func_R_0x100004a24,-857,True
func_R_0x100004a26,-720,False
func_R_0x100004a28,791,True
func_R_0x100004a30,-439,True
func_R_0x10000528c,168,False
func_R_0x100005427,-832,False
func_R_0x100005ba6,99,True
func_R_0x100005baa,518,False
func_R_0x1000061bb,-868,True
func_R_0x1000061dd,790,True
func_R_0x1000061df,-57,False
func_R_0x100006368,-113,True
func_R_0x10000636e,-714,False
func_R_0x100006abb,-139,False
func_R_0x100006e35,-433,True
func_R_0x100006e5f,291,True
func_R_0x100006e6d,-185,False
func_R_0x10000723a,499,True
func_R_0x10000729e,-24,True
func_R_0x1000072ae,136,True
func_R_0x1000072b3,593,True
func_R_0x1000073ff,891,False
func_R_0x10000752d,346,True
func_R_0x10000752f,31,True
func_R_0x100007535,-373,False
func_R_0x100007ec9,123,True
func_R_0x100007ff9,590,True
func_Re_0x1000027b1,758,False
func_Re_0x1000027d5,42,False
func_Re_0x1000027d9,-309,False
func_Re_0x1000027db,662,False
func_Re_0x1000027e8,-912,False
func_Re_0x10000280a,271,True
func_Re_0x100002812,148,False
func_Re_0x100002816,966,False
func_Re_0x10000282b,97,True
func_Re_0x10000283e,-345,False
func_Re_0x100002840,-753,False
func_Re_0x100002847,-469,False
func_Re_0x10000284a,-298,True
func_Re_0x10000284c,612,True
func_Re_0x10000285a,-386,False
func_Re_0x10000285c,-258,False
func_Re_0x10000285e,67,True
func_Re_0x100002860,-564,True
func_Re_0x100002864,-764,False
func_Re_0x100002866,765,False
func_Re_0x10000286a,-791,True
func_Re_0x100002870,798,True
func_Re_0x100002876,1006,False
func_Re_0x100002888,-749,True
func_Re_0x10000288a,281,True
func_Re_0x10000288e,476,False
func_Re_0x100002894,656,False
func_Re_0x10000289a,-341,True
func_Re_0x1000028a3,804,True
func_Re_0x1000028a6,951,False
func_Re_0x1000028a9,-703,True
func_Re_0x1000028ac,-890,True
func_Re_0x1000028af,-543,True
func_Re_0x1000028b5,-727,True
func_Re_0x1000028be,430,False
func_Re_0x1000028c0,181,True
func_Re_0x1000028cc,928,True
func_Re_0x1000028d2,753,True
func_Re_0x1000028d4,881,False
func_Re_0x1000028de,393,False
func_Re_0x1000028e2,1012,True
func_Re_0x1000028e8,268,False
func_Re_0x1000028fa,-882,True
func_Re_0x1000028fc,-375,False
func_Re_0x100002902,497,False
func_Re_0x100002904,110,True
func_Re_0x100002909,621,True
func_Re_0x10000290f,836,True
func_Re_0x100002915,-857,True
func_Re_0x10000291b,-16,False
func_Re_0x10000291f,797,True
func_Re_0x100002923,-415,True
func_Re_0x100002928,867,True
func_Re_0x10000292d,-172,False
func_Re_0x10000293e,329,True
func_Re_0x100002949,-842,False
func_Re_0x10000294b,494,True
func_Re_0x100002952,574,False
func_Re_0x10000295c,247,False
func_Re_0x100002970,-137,False
func_Re_0x10000297c,974,True
func_Re_0x100002999,985,True
func_Re_0x1000029b7,-164,True
func_Re_0x1000029b9,840,False
func_Re_0x1000029be,-892,True
func_Re_0x1000029c0,-832,True
func_Re_0x1000029e4,-290,False
func_Re_0x1000029e7,585,True
func_Re_0x100002a0b,465,True
func_Re_0x100002a0f,960,True
func_Re_0x100002a18,88,True
func_Re_0x100002a1c,947,True
func_Re_0x100002a21,546,True
func_Re_0x100002a23,232,True
func_Re_0x100002a29,-934,True
func_Re_0x100002a2b,1026,True
func_Re_0x100002a3c,938,True
func_Re_0x100002a5a,777,True
func_Re_0x100002a79,508,True
func_Rn_0x10000239d,-563,True
func_Rn_0x10000239f,-465,True
func_Rn_0x1000023a1,959,True
func_Rn_0x1000023a3,-192,False
func_Rn_0x1000023a9,374,False
func_Rn_0x1000023ad,798,True
func_Rn_0x1000023b1,-512,False
func_Rn_0x1000023b3,722,False
func_Rn_0x1000023b5,864,False
func_Rn_0x1000023b9,-29,False
func_Rn_0x1000023bf,-703,True
func_Rn_0x1000023c1,-269,True
func_Rn_0x1000023c7,-557,True
func_Rn_0x1000023c9,264,True
func_Rn_0x1000023cb,266,True
func_Rn_0x1000023cf,241,False
func_Rn_0x1000023d5,-769,False
func_Rn_0x1000023dd,-243,True
func_Rn_0x1000023df,427,False
func_Rn_0x1000023e1,505,False
func_Rn_0x1000023e3,-439,False
func_Rn_0x1000023eb,-586,False
func_Rn_0x1000023f3,810,True
func_Rn_0x1000023f5,382,False
func_Rn_0x1000023f7,-165,False
func_Rn_0x1000023f9,-267,True
func_Rn_0x100002401,464,False
func_Rn_0x100002407,-48,True
func_Rn_0x100002409,808,False
func_Rn_0x10000240b,-557,True
func_Rn_0x100002411,-825,True
func_Rn_0x100002415,-410,True
func_Rn_0x100002417,-529,True
func_Rn_0x100002427,-16,True
func_Rn_0x10000242d,300,True
func_Rn_0x10000242f,705,False
func_Rr_0x100003d90,916,True
func_Rr_0x100003d92,612,False
func_Rr_0x100003d98,830,True
func_Rr_0x100003d9a,746,True
func_Rr_0x100003d9c,-122,False
func_Rr_0x10000403b,-945,False
func_Rt_0x100001d9d,688,True
func_Rt_0x100001e20,549,False
func_Rt_0x100001f02,-492,True
func_Rt_0x100001f04,-299,False
func_Rt_0x100003053,372,False
func_Rt_0x100003066,855,False
func_Rt_0x100003068,-175,False
func_Rt_0x100003577,-275,False
func_Rt_0x1000042c7,812,True
func_Rt_0x1000042e5,-550,True
func_Rt_0x1000064de,-229,True
func_Rt_0x100006750,-762,False
func_Rt_0x100006f03,953,False
func_Rt_0x100006f07,-802,False
func_Rt_0x100007382,342,False
func_Rt_0x100007bd7,-145,False
func_S_0x1000016f1,-683,False
func_S_0x1000019da,412,False
func_S_0x100001aa4,932,True
func_S_0x100001c5a,993,False
func_S_0x1000030b1,-308,True
func_S_0x1000030b3,-221,True
func_S_0x100003110,-279,False
func_S_0x100003112,-107,True
func_S_0x100003159,-448,False
func_S_0x1000036e2,-109,True
func_S_0x10000370c,564,True
func_S_0x10000370e,55,False
func_S_0x100003716,25,False
func_S_0x10000375b,-160,True
func_S_0x10000375d,-676,False
func_S_0x1000038a9,-857,False
func_S_0x1000038af,560,True
func_S_0x1000038da,-796,False
func_S_0x100003907,-482,True
func_S_0x100003cdd,-419,False
func_S_0x100003d05,-68,False
func_S_0x100003d07,-762,True
func_S_0x100003d3d,-684,True
func_S_0x100003d3f,-916,True
func_S_0x10000416c,221,False
func_S_0x10000416e,-33,True
func_S_0x100004248,603,False
func_S_0x100004317,498,True
func_S_0x10000434e,213,False
func_S_0x100004350,1039,True
func_S_0x100004358,58,True
func_S_0x100004365,-80,False
func_S_0x100004706,-555,False
func_S_0x100004708,839,True
func_S_0x10000470a,924,True
func_S_0x100004a1d,-718,True
func_S_0x100004a5f,-680,True
func_S_0x100004b12,122,True
func_S_0x100004b50,263,True
func_S_0x100004b54,869,False
func_S_0x100004bc5,179,False
func_S_0x100004d3c,-898,True
func_S_0x100004e8c,-242,False
func_S_0x100004e92,-395,True
func_S_0x100004e94,-509,True
func_S_0x100004ea4,-852,False
func_S_0x1000053dd,968,False
func_S_0x1000053e4,741,False
func_S_0x1000053e6,357,True
func_S_0x10000546b,-3,True
func_S_0x10000546f,66,False
func_S_0x1000055f8,-20,True
func_S_0x100006073,-693,True
func_S_0x100006365,818,True
func_S_0x100006c09,322,True
func_S_0x100006c0f,774,True
func_S_0x100006c24,-849,False
func_S_0x100006c26,93,False
func_S_0x100006c28,105,True
func_S_0x100006c2a,58,False
func_S_0x100006c2c,458,False
func_S_0x1000073cf,-673,True
func_S_0x10000744e,949,False
func_S_0x10000745f,618,False
func_S_0x100007461,869,False
func_S_0x10000746d,-155,True
func_S_0x100007484,-903,True
func_S_0x1000075d2,-769,True
func_S_0x100007af2,-102,False
func_S_0x100007ba9,705,True
func_S_0x1000082c9,-397,True
func_S_0x1000082ce,-539,False
func_S_0x1000082d6,-757,False
func_Se_0x100001b19,39,False
func_Se_0x100001b1d,-227,True
func_Se_0x100001b35,-557,True
func_Se_0x100001b37,-605,False
func_Se_0x100001b43,-359,True
func_Se_0x100004463,523,False
func_Se_0x10000449c,404,True
func_Se_0x100004d7d,454,True
func_Se_0x100005781,544,True
func_Se_0x100006764,103,True
func_Se_0x10000704c,539,True
func_Se_0x100007057,347,True
func_Se_0x100007085,14,False
func_Se_0x10000708a,-351,True
func_Se_0x100007127,485,True
func_Se_0x100007185,-847,True
func_Se_0x100007d28,-867,False
func_Se_0x100007d58,100,True
func_Se_0x100007d98,-487,False
func_Se_0x100008031,-911,False
func_So_0x100003fb9,-848,True
func_St_0x100000682,758,True
func_St_0x100000684,-364,True
func_St_0x100002604,597,True
func_St_0x100002eba,-305,True
func_St_0x100002ec8,305,True
func_St_0x100005a0d,-846,True
func_St_0x100006d3f,-740,False
func_St_0x100006d75,907,True
func_St_0x1000081e6,-705,False
func_St_0x10000821d,-245,True
func_St_0x100008221,-438,False
func_St_0x100008229,324,True
func_T0_0x100000646,323,False
func_T0_0x100000648,398,True
func_T0_0x1000066cb,164,False
func_T0_0x100006a44,-563,True
func_T0_0x100007021,-224,True
func_T0_0x10000703e,158,False
func_T_0x1000017bb,938,True
func_T_0x1000017c0,910,True
func_T_0x1000017c4,67,False
func_T_0x1000019b5,-741,False
func_T_0x1000019be,93,True
func_T_0x100001c08,-220,False
func_T_0x100001c0a,-97,True
func_T_0x100001c0e,-892,True
func_T_0x100001c65,396,False
func_T_0x100002462,-580,False
func_T_0x10000255a,641,False
func_T_0x100002b4b,75,True
func_T_0x100003011,-665,False
func_T_0x100003013,-524,True
func_T_0x10000322d,648,True
func_T_0x10000325e,-605,True
func_T_0x100003264,26,True
func_T_0x10000326a,87,True
func_T_0x10000371b,858,False
func_T_0x10000371d,156,False
func_T_0x10000371f,881,True
func_T_0x10000373f,-67,False
func_T_0x100003745,-836,False
func_T_0x100003747,-447,False
func_T_0x10000374b,1036,False
func_T_0x100003858,-554,False
func_T_0x100003860,-320,True
func_T_0x100003862,-259,False
func_T_0x100003864,724,False
func_T_0x100003866,870,False
func_T_0x100003868,-50,True
func_T_0x100003be9,-332,False
func_T_0x100003bf2,131,False
func_T_0x100003bf6,-200,False
func_T_0x100004637,994,True
func_T_0x10000463b,3,True
func_T_0x10000464f,-872,True
func_T_0x100004651,490,True
func_T_0x100004653,160,True
func_T_0x100004655,-517,False
func_T_0x100004a8a,573,False
func_T_0x100004b03,663,True
func_T_0x100004b07,917,False
func_T_0x1000055c0,103,False
func_T_0x1000055c2,-598,True
func_T_0x1000055c7,-641,True
func_T_0x1000055cb,-282,True
func_T_0x100005877,752,False
func_T_0x100005bac,-854,False
func_T_0x1000061db,-524,False
func_T_0x1000062b1,579,True
func_T_0x1000062e4,-428,True
func_T_0x1000062ea,796,True
func_T_0x100006366,-643,False
func_T_0x10000636a,561,True
func_T_0x100006bcd,264,False
func_T_0x100006bed,409,False
func_T_0x100006bef,70,False
func_T_0x100006e63,453,False
func_T_0x100006e69,146,True
func_T_0x100006e74,909,True
func_T_0x1000072a6,-439,False
func_T_0x1000072aa,-299,True
func_T_0x1000072e8,-402,True
func_T_0x1000072ec,995,True
func_T_0x1000072ee,128,True
func_T_0x1000072f5,758,True
func_T_0x1000072f7,842,False
func_T_0x10000739c,865,True
func_T_0x100007414,-749,True
func_T_0x10000752b,622,True
func_T_0x100007541,209,True
func_T_0x100007543,-680,False
func_T_0x100007545,860,False
func_T_0x100007fd4,-442,True
func_Te_0x100001e59,-941,False
func_Te_0x100001e5b,-114,True
func_Te_0x100001e5d,-624,False
func_Te_0x100001e61,821,False
func_Te_0x100001e63,-738,False
func_Te_0x100001e65,-368,True
func_Te_0x100001e6b,-273,True
func_Te_0x100001e6d,-715,True
func_Te_0x100001e6f,873,True
func_Te_0x100003578,-660,True
func_Te_0x100003652,1038,False
func_Te_0x100003654,-486,True
func_Te_0x1000042d0,-871,True
func_Te_0x1000064e6,-223,True
func_Te_0x100007662,1040,True
func_Te_0x100007e31,-437,False
func_Te_0x1000080c4,780,True
func_Te_0x1000080fb,-501,True
func_Te_0x1000080fd,-937,False
func_Te_0x1000080ff,-80,False
func_Te_0x100008123,21,True
func_Tn_0x100005af1,-505,True
func_Tn_0x1000077d7,-863,True
func_Tn_0x1000077db,760,False
func_Tn_0x1000077e1,-578,False
func_Tn_0x1000077e5,-435,False
func_Tn_0x1000077eb,828,False
func_Tn_0x1000077ed,681,True
func_Tn_0x1000077f1,436,False
func_Tn_0x1000077f3,14,False
func_Tn_0x100008201,620,False
func_Tn_0x100008203,527,True
func_Tn_0x100008207,427,True
func_Tn_0x100008294,75,True
func_Tt_0x100000491,-543,True
func_Tt_0x10000064d,-138,True
func_Tt_0x1000006d1,-857,False
func_Tt_0x1000006f3,-280,True
func_Tt_0x1000018b0,994,False
func_Tt_0x1000018b2,-36,False
func_Tt_0x1000018bf,389,False
func_Tt_0x100005795,-112,True
func_Tt_0x1000068a7,795,False
func_Tt_0x1000068a9,759,False
func_Tt_0x1000068ab,-145,True
func_Tt_0x1000068b1,-290,True
func_Tt_0x1000068b3,-138,True
func_Tt_0x1000068b5,-236,False
func_Tt_0x1000068b7,287,False
func_Tt_0x1000068b9,559,False
func_Tt_0x1000068bb,904,True
func_Tt_0x1000068bd,668,False
func_Tt_0x1000068bf,359,False
func_Tt_0x1000068c1,226,True
func_Tt_0x1000068c3,-389,True
func_Tt_0x1000068c7,300,True
func_Tt_0x1000068c9,151,True
func_Tt_0x1000068cd,295,True
func_Tt_0x1000068cf,77,True
func_Tt_0x1000068d7,1013,True
func_Tt_0x1000068db,68,False
func_Tt_0x1000068dd,700,True
func_Tt_0x1000068e3,727,True
func_Tt_0x1000068e7,-77,False
func_Tt_0x1000068e9,-787,False
func_Tt_0x1000068eb,334,True
func_Tt_0x1000068ed,339,False
func_Tt_0x1000068f1,-517,True
func_Tt_0x1000068f9,353,False
func_Tt_0x100006905,-633,True
func_Tt_0x100006909,446,True
func_Tt_0x10000690d,-930,True
func_Tt_0x10000690f,-770,True
func_Tt_0x100006911,-112,False
func_Tt_0x100006913,949,False
func_Tt_0x100006917,440,True
func_Tt_0x10000691b,498,True
func_Tt_0x100006923,-383,True
func_Tt_0x100006925,-643,True
func_Tt_0x100006927,-725,True
func_Tt_0x10000692f,301,False
func_Tt_0x100006a09,148,False
func_Tt_0x100006a11,-183,False
func_Tt_0x100006a1a,-667,False
func_Tt_0x100006a1c,701,True
func_Tt_0x100006a20,-37,True
func_Tt_0x100006a2c,-179,False
func_Tt_0x100006a2e,-372,True
func_Tt_0x100006a35,475,True
func_Tt_0x100006a39,-599,False
func_Tt_0x100006a3b,1015,True
func_Tt_0x100006a3d,90,False
func_Tt_0x100006a3f,-258,True
func_Tt_0x100006a4b,-148,True
func_Tt_0x100006a59,769,False
func_Tt_0x100006ab8,-20,False
func_U0_0x10000211d,-479,True
func_U_0x100000118,282,True
func_U_0x100001ba0,709,True
func_U_0x100001ba2,-756,False
func_U_0x100001bac,248,True
func_U_0x100001bae,-66,False
func_U_0x100001c35,-121,False
func_U_0x100001c93,-896,True
func_U_0x100001dcb,677,False
func_U_0x100001deb,362,True
func_U_0x10000253d,-562,False
func_U_0x10000253f,1019,True
func_U_0x100002b2d,339,False
func_U_0x100002b42,-529,True
func_U_0x100002f6e,-810,False
func_U_0x100002f72,978,True
func_U_0x100002f74,-373,False
func_U_0x1000030ab,408,True
func_U_0x1000030e9,-569,True
func_U_0x1000030ed,104,True
func_U_0x10000316b,559,True
func_U_0x1000031bc,-407,False
func_U_0x1000031c0,60,True
func_U_0x1000033dd,-233,True
func_U_0x100003488,-699,False
func_U_0x1000035dd,530,False
func_U_0x1000035df,957,False
func_U_0x100003ca5,495,False
func_U_0x100003ca7,721,False
func_U_0x100003caf,210,True
func_U_0x100003cb9,-749,False
func_U_0x100003d1f,40,True
func_U_0x100003d44,94,True
func_U_0x100004158,-292,True
func_U_0x10000416a,366,True
func_U_0x1000041b7,-55,False
func_U_0x1000041bb,745,False
func_U_0x10000430a,-224,False
func_U_0x10000432a,595,False
func_U_0x100004330,33,True
func_U_0x10000451a,380,True
func_U_0x100004520,-495,False
func_U_0x100004a23,-479,True
func_U_0x100004b14,440,True
func_U_0x100004eae,111,True
func_U_0x100005123,-534,True
func_U_0x100005125,11,True
func_U_0x1000051d1,468,True
func_U_0x100005297,-100,True
func_U_0x100005299,201,True
func_U_0x10000587f,-847,False
func_U_0x100005bdd,837,True
func_U_0x100005bdf,905,True
func_U_0x100005bf9,929,False
func_U_0x1000062ef,576,False
func_U_0x100006349,-269,False
func_U_0x10000634b,-701,False
func_U_0x10000650a,581,False
func_U_0x10000650e,-772,False
func_U_0x10000678d,142,True
func_U_0x100006b90,956,False
func_U_0x1000073c2,-507,False
func_U_0x100007468,-452,False
func_U_0x10000746e,307,True
func_U_0x10000748b,-528,True
func_U_0x1000078f0,-845,True
func_U_0x1000079e2,690,True
func_U_0x100007bac,592,False
func_U_0x100007f7a,-89,False
func_U_0x100007f7c,668,False
func_U_0x100007f88,-618,False
func_U_0x100007f94,-132,False
func_U_0x100007fa9,-718,True
func_U_0x100007fbf,-208,True
func_U_0x100008004,190,False
func_Ue_0x1000027e3,387,False
func_Ue_0x1000027f0,131,True
func_Ue_0x1000027f2,-170,False
func_Ue_0x100002802,-933,True
func_Ue_0x10000280c,-251,False
func_Ue_0x100002814,-527,True
func_Ue_0x100002818,65,False
func_Ue_0x100002842,827,True
func_Ue_0x100002862,-370,True
func_Ue_0x100002868,-315,False
func_Ue_0x10000286c,-903,True
func_Ue_0x10000286e,875,False
func_Ue_0x100002872,-339,False
func_Ue_0x100002874,733,True
func_Ue_0x100002878,-420,False
func_Ue_0x10000287a,-845,False
func_Ue_0x10000287e,997,False
func_Ue_0x100002880,309,False
func_Ue_0x100002886,615,False
func_Ue_0x1000028b8,707,True
func_Ue_0x1000028ba,246,False
func_Ue_0x1000028bc,190,False
func_Ue_0x1000028c4,-347,False
func_Ue_0x1000028c6,-58,False
func_Ue_0x1000028ce,640,False
func_Ue_0x1000028d0,648,True
func_Ue_0x1000028d6,-897,True
func_Ue_0x1000028da,515,False
func_Ue_0x1000028dc,992,True
func_Ue_0x1000028e0,-688,True
func_Ue_0x1000028ec,-761,True
func_Ue_0x1000028ee,-809,False
func_Ue_0x1000028f0,-478,True
func_Ue_0x1000028f6,57,True
func_Ue_0x1000028f8,655,False
func_Ue_0x1000028fe,-823,False
func_Ue_0x100002900,755,True
func_Ue_0x100002906,722,True
func_Ue_0x100002911,939,False
func_Ue_0x100002917,971,False
func_Ue_0x100002940,78,False
func_Ue_0x100002946,170,False
func_Ue_0x10000295f,-704,True
func_Ue_0x100002962,-786,False
func_Ue_0x100002964,621,True
func_Ue_0x100002984,-358,False
func_Ue_0x100002997,-654,False
func_Ue_0x1000029bb,-797,False
func_Ue_0x1000029e0,-533,False
func_Ue_0x1000029e2,-650,True
func_Ue_0x100002a0d,-299,True
func_Ue_0x100002a11,-718,False
func_Ue_0x100002a27,-366,False
func_Ue_0x100002a2d,-450,False
func_Ue_0x100002a66,434,True
func_Ue_0x100002a7d,1033,True
func_Ue_0x100002a8a,-678,True
func_Ue_0x100002a8d,-503,False
func_Un_0x10000240f,-788,False
func_Un_0x10000241e,-879,True
func_Un_0x100002420,231,True
func_Uo_0x100002135,579,True
func_Ut_0x100001fcb,489,False
func_Ut_0x10000644d,-898,True
func_Ut_0x10000776c,544,True
func_Ut_0x100008162,-698,False
func_Ut_0x10000816a,-115,False
func_Ut_0x10000816e,-582,True
func_Ut_0x10000817c,361,True
func_Ut_0x100008180,985,True
func_Ut_0x100008184,-658,True
func_Ut_0x100008192,-762,True
func_Ut_0x100008194,-458,True
func_Ut_0x100008196,100,False
func_Ut_0x10000819a,-382,True
func_Ut_0x1000081a0,527,False
func_Ut_0x1000081a2,463,True
func_Ut_0x1000081a6,188,True
func_Ut_0x1000081a8,-742,False
func_Ut_0x1000081ac,614,True
func_Ut_0x1000081b0,-340,True
func_Ut_0x1000081b2,-890,False
func_Ut_0x1000081c0,852,True
func_Ut_0x1000081c6,648,False
func_Ut_0x1000081d4,-106,True
func_Ut_0x100008265,-635,False
func_Ut_0x1000082a3,-412,False
func_V0_0x100001aea,322,False
func_V0_0x100001af2,1019,True
func_V0_0x100001b07,-161,False
func_V0_0x100001e2d,1003,False
func_V0_0x100001e31,918,False
func_V0_0x100001e43,884,False
func_V0_0x100001e47,-641,False
func_V0_0x100001e49,-81,True
func_V0_0x100001e51,28,True
func_V0_0x1000032eb,-666,False
func_V0_0x1000039db,239,False
func_V0_0x1000039dd,-625,True
func_V0_0x1000039df,133,False
func_V0_0x10000446a,223,False
func_V0_0x10000446c,-11,True
func_V0_0x100004474,495,True
func_V0_0x100004476,-141,False
func_V0_0x1000044af,52,False
func_V0_0x10000803b,787,False
func_V0_0x100008083,-385,True
func_V0_0x100008087,36,False
func_V0_0x100008089,6,False
func_V_0x1000001f9,-389,False
func_V_0x100000232,-275,True
func_V_0x100001c3f,-526,True
func_V_0x100001d29,-885,True
func_V_0x100001d73,-839,False
func_V_0x100001dbe,80,True
func_V_0x100001e80,-444,False
func_V_0x100002544,-481,False
func_V_0x100002cfe,239,True
func_V_0x100002d02,-398,True
func_V_0x100002d0a,445,False
func_V_0x100002d0e,113,False
func_V_0x100002d16,-325,True
func_V_0x100002d1a,857,False
func_V_0x100002f7d,315,True
func_V_0x100003007,-728,True
func_V_0x100003020,48,False
func_V_0x100003031,-920,False
func_V_0x100003237,828,True
func_V_0x100003261,824,True
func_V_0x100003267,1007,False
func_V_0x100003554,365,True
func_V_0x100003694,-430,True
func_V_0x1000036c8,-672,True
func_V_0x10000386a,154,False
func_V_0x10000386c,-626,False
func_V_0x100003ad9,-319,False
func_V_0x100003b18,11,False
func_V_0x100003b1c,656,False
func_V_0x100003b22,432,False
func_V_0x100004222,-26,True
func_V_0x100004391,985,True
func_V_0x100004393,160,False
func_V_0x100004395,781,False
func_V_0x100004399,339,True
func_V_0x1000043a6,612,True
func_V_0x1000043a8,-954,False
func_V_0x1000043aa,-133,True
func_V_0x100004560,894,True
func_V_0x10000466f,364,True
func_V_0x100004921,-616,False
func_V_0x100004a86,-865,True
func_V_0x100004afe,126,False
func_V_0x1000051f1,311,True
func_V_0x100005616,-816,True
func_V_0x100005618,179,False
func_V_0x10000561b,-574,True
func_V_0x10000561f,79,True
func_V_0x100005998,-151,True
func_V_0x10000599a,888,True
func_V_0x10000599c,194,False
func_V_0x1000059a0,451,False
func_V_0x1000060bf,150,True
func_V_0x100006adf,653,True
func_V_0x100006b8d,-6,False
func_V_0x100006e70,46,False
func_V_0x100006e78,-882,False
func_V_0x1000070c8,-953,True
func_V_0x1000070f4,-939,True
func_V_0x1000070f8,1021,True
func_V_0x100007100,564,False
func_V_0x100007259,50,True
func_V_0x10000725d,-125,True
func_V_0x1000073c7,273,True
func_V_0x100007405,827,True
func_V_0x100007412,464,True
func_V_0x10000742a,566,False
func_V_0x10000742e,470,False
func_V_0x100007537,899,False
func_V_0x100007587,-141,False
func_V_0x1000078f5,-840,False
func_V_0x100007b90,348,False
func_V_0x100007fc9,397,True
func_Ve_0x100001810,988,True
func_Ve_0x100002b78,-790,True
func_Ve_0x100002b7c,-544,True
func_Ve_0x100002b84,-321,True
func_Ve_0x100002b86,196,False
func_Ve_0x100002b8c,906,False
func_Ve_0x100002b97,-605,True
func_Ve_0x100002b99,-381,False
func_Ve_0x100002b9d,1012,True
func_Ve_0x100002ba1,-877,True
func_Ve_0x100002baa,-903,False
func_Ve_0x100002bac,-422,True
func_Ve_0x100002bb0,-840,True
func_Ve_0x100002bb4,376,False
func_Ve_0x100002bb8,-346,False
func_Ve_0x100002bc2,-68,True
func_Ve_0x100002bc4,-115,False
func_Ve_0x100002cab,54,True
func_Ve_0x100002caf,-133,True
func_Ve_0x100002cb1,-283,False
func_Ve_0x100002cb3,671,True
func_Ve_0x100002cb5,707,True
func_Ve_0x100002cb7,707,False
func_Ve_0x100002cbf,573,False
func_Ve_0x100002ccb,-110,False
func_Ve_0x100002ccd,996,False
func_Ve_0x100002ccf,535,True
func_Ve_0x100002cd3,654,True
func_Ve_0x100002cdb,-936,True
func_Ve_0x100002cdd,-802,True
func_Ve_0x10000641d,478,True
func_Ve_0x100006427,700,False
func_Ve_0x10000642b,922,True
func_Ve_0x1000066da,847,False
func_Vn_0x1000020f9,754,True
func_Vn_0x100002124,869,False
func_Vn_0x10000212b,-363,False
func_Vs_0x10000405b,-222,False
func_Vt_0x10000212a,-887,True
func_Vt_0x10000212e,795,True
func_Vt_0x10000213c,-639,False
func_Vt_0x10000213e,795,False
func_Vt_0x100002140,316,False
func_Vt_0x100002142,562,True
func_Vt_0x100002148,-844,True
func_Vt_0x10000214c,357,False
func_Vt_0x100002150,749,False
func_Vt_0x100002152,-956,False
func_Vt_0x100002154,951,False
func_Vt_0x10000215c,-90,False
func_Vt_0x10000215e,-513,True
func_Vt_0x100002170,935,False
func_Vt_0x100002172,724,True
func_Vt_0x100002174,1031,True
func_Vt_0x100002176,295,True
func_Vt_0x10000217a,675,False
func_Vt_0x10000217c,-565,False
func_Vt_0x100002182,-586,True
func_Vt_0x10000218a,-884,False
func_Vt_0x100002192,293,False
func_Vt_0x100002194,121,True
func_Vt_0x100002198,-93,True
func_Vt_0x10000219c,-138,True
func_Vt_0x1000021a4,-925,False
func_Vt_0x1000021ac,990,True
func_Vt_0x1000021b4,-633,True
func_Vt_0x1000021b8,596,False
func_Vt_0x1000021be,-707,False
func_Vt_0x1000021c2,836,False
func_Vt_0x1000021c6,920,True
func_Vt_0x1000021d0,782,False
func_Vt_0x1000021d2,500,True
func_Vt_0x1000021d4,327,True
func_Vt_0x1000021d6,-747,False
func_Vt_0x1000021dc,-815,False
func_Vt_0x1000021de,49,False
func_Vt_0x1000021e0,-91,False
func_Vt_0x1000021ea,442,False
func_Vt_0x1000021ee,977,True
func_Vt_0x1000021f0,637,True
func_Vt_0x1000021f4,-934,False
func_Vt_0x1000021fc,-59,True
func_Vt_0x1000021fe,837,True
func_Vt_0x10000220c,-497,True
func_Vt_0x10000220e,-531,False
func_Vt_0x100002216,-825,False
func_Vt_0x10000221c,-831,True
func_Vt_0x100002220,610,False
func_Vt_0x100002224,221,False
func_Vt_0x100002228,416,False
func_Vt_0x100002232,167,False
func_Vt_0x100002238,595,False
func_Vt_0x10000223c,231,True
func_Vt_0x10000223e,-417,True
func_Vt_0x100002242,349,False
func_Vt_0x100002244,83,False
func_Vt_0x10000224c,24,True
func_Vt_0x100002252,-893,False
func_Vt_0x10000225a,167,True
func_Vt_0x10000225c,-906,False
func_Vt_0x10000225e,505,True
func_Vt_0x100002260,607,True
func_Vt_0x100002264,-578,False
func_Vt_0x100002274,-682,False
func_Vt_0x100002278,895,False
func_Vt_0x10000227a,-633,False
func_Vt_0x100002282,-606,True
func_Vt_0x100002284,17,False
func_Vt_0x100002290,-510,False
func_Vt_0x100002292,-533,False
func_Vt_0x100002298,-780,False
func_Vt_0x10000229c,959,True
func_Vt_0x1000022a2,414,True
func_Vt_0x1000022a4,748,False
func_Vt_0x1000022ac,978,True
func_Vt_0x1000022b2,704,True
func_Vt_0x1000022b4,490,False
func_Vt_0x1000022bc,-504,True
func_Vt_0x1000022c2,-139,False
func_Vt_0x1000022c4,81,True
func_Vt_0x1000022c6,1040,True
func_Vt_0x1000022ca,72,False
func_Vt_0x1000022d2,-218,False
func_Vt_0x1000022d8,-906,True
func_Vt_0x1000022e4,324,False
func_Vt_0x1000022ea,66,False
func_Vt_0x1000022ee,-624,False
func_Vt_0x1000022f2,618,True
func_Vt_0x1000022f4,979,False
func_Vt_0x1000022f8,-678,True
func_Vt_0x1000022fa,-214,True
func_Vt_0x1000022fc,546,True
func_Vt_0x100002300,412,True
func_Vt_0x100002304,1011,True
func_Vt_0x100002308,-685,False
func_Vt_0x10000230a,971,True
func_Vt_0x10000230c,-725,False
func_Vt_0x10000230e,452,True
func_Vt_0x100002312,-237,True
func_Vt_0x100002314,-530,False
func_Vt_0x100002316,146,True
func_Vt_0x100002318,-636,True
func_Vt_0x10000231a,-42,True
func_Vt_0x100002320,491,False
func_Vt_0x100002322,853,False
func_Vt_0x100002324,-357,False
func_Vt_0x100002326,-231,False
func_Vt_0x10000232c,-464,True
func_Vt_0x10000232e,-484,True
func_Vt_0x100002336,1010,False
func_Vt_0x100002338,-873,False
func_Vt_0x10000233a,-602,True
func_Vt_0x10000233e,-187,True
func_Vt_0x100002340,964,True
func_Vt_0x100002348,525,False
func_Vt_0x100002350,543,False
func_Vt_0x100002356,811,False
func_Vt_0x100002358,132,True
func_Vt_0x10000235e,-428,True
func_Vt_0x100002362,-469,False
func_Vt_0x100002364,25,False
func_Vt_0x100002366,757,False
func_Vt_0x10000236a,-609,False
func_Vt_0x10000236e,532,True
func_Vt_0x100002370,84,False
func_Vt_0x100002377,411,True
func_Vt_0x100002381,765,True
func_Vt_0x100002383,449,False
func_Vt_0x10000244a,-377,False
func_W0_0x1000025a9,131,True
func_W0_0x1000025ad,-615,True
func_W0_0x1000025d1,616,False
func_W0_0x1000025d5,892,False
func_W0_0x1000025d7,-595,True
func_W0_0x1000025d9,232,False
func_W0_0x1000025db,488,False
func_W0_0x1000025df,-635,True
func_W0_0x1000025e3,467,False
func_W0_0x1000025e5,-775,False
func_W0_0x1000025e7,-393,False
func_W0_0x1000025ed,-125,True
func_W0_0x1000025ef,931,False
func_W0_0x1000025f1,-135,False
func_W0_0x100005a77,-889,False
func_W0_0x100005b0d,-886,False
func_W0_0x100005b13,-133,False
func_W0_0x100005b21,-383,False
func_W0_0x100006d36,-290,False
func_W0_0x100006d46,4,True
func_W0_0x1000077a6,-284,False
func_W0_0x1000081ec,379,True
func_W0_0x100008261,-382,True
func_W0_0x100008268,-265,False
func_W_0x1000002c0,-105,False
func_W_0x100000362,652,True
func_W_0x10000162d,-529,False
func_W_0x1000018c6,624,True
func_W_0x10000192a,-393,True
func_W_0x10000196a,-837,False
func_W_0x1000019ed,-236,False
func_W_0x100001a00,13,False
func_W_0x100001a02,89,True
func_W_0x100001a18,-331,True
func_W_0x100001a45,-572,True
func_W_0x100001a71,-515,True
func_W_0x100001ab9,363,True
func_W_0x100001b9f,-623,True
func_W_0x100001c98,-749,True
func_W_0x100001d0d,905,True
func_W_0x100001de9,-876,True
func_W_0x10000245b,-951,True
func_W_0x10000245d,-573,True
func_W_0x100002503,-606,False
func_W_0x100002ab4,707,False
func_W_0x100002ac5,487,False
func_W_0x10000311a,-165,False
func_W_0x100003184,-582,False
func_W_0x1000032aa,4,False
func_W_0x10000337f,317,False
func_W_0x100003416,618,True
func_W_0x10000344b,83,True
func_W_0x1000036ff,380,False
func_W_0x100003771,964,True
func_W_0x100003926,-348,False
func_W_0x10000396b,-401,False
func_W_0x100003ad2,-822,True
func_W_0x100003ad4,-12,True
func_W_0x100003ce8,-882,True
func_W_0x100003d10,568,False
func_W_0x100004109,154,True
func_W_0x1000041d8,-910,False
func_W_0x100004371,-438,True
func_W_0x100004374,-494,True
func_W_0x1000045b1,-58,False
func_W_0x100004659,736,True
func_W_0x100004716,-10,False
func_W_0x1000047bd,-290,True
func_W_0x1000047c7,-16,False
func_W_0x100004a63,271,True
func_W_0x100004bd4,-388,False
func_W_0x100004cb8,809,True
func_W_0x100004cef,658,False
func_W_0x100004d2e,311,False
func_W_0x100004d30,809,True
func_W_0x100004f44,48,True
func_W_0x100004f4e,-812,False
func_W_0x10000501c,340,True
func_W_0x1000050f9,-421,True
func_W_0x100005327,121,True
func_W_0x100005334,641,False
func_W_0x1000053f7,624,True
func_W_0x100005400,-871,False
func_W_0x10000540d,-356,False
func_W_0x10000549c,-502,False
func_W_0x1000055ba,813,True
func_W_0x1000055e6,-449,False
func_W_0x1000055e9,-116,False
func_W_0x100005605,844,True
func_W_0x1000056b4,-108,False
func_W_0x1000056c0,245,False
func_W_0x100005984,764,True
func_W_0x100005b83,-207,False
func_W_0x100005f42,-481,True
func_W_0x100005f47,-949,False
func_W_0x100005f4b,-490,True
func_W_0x100005f52,-877,True
func_W_0x100005f78,-100,False
func_W_0x10000608b,1005,False
func_W_0x1000061ea,-699,False
func_W_0x100006493,619,True
func_W_0x10000654e,-729,True
func_W_0x100006796,624,False
func_W_0x10000683a,1005,False
func_W_0x100006bf4,-731,False
func_W_0x100007106,-150,False
func_W_0x10000756b,-550,True
func_W_0x10000756f,-200,False
func_W_0x1000078c7,474,True
func_W_0x1000078cb,-155,False
func_W_0x100007b34,-441,True
func_W_0x100007c12,440,True
func_W_0x100007c14,-663,True
func_W_0x100007fa3,-392,False
func_W_0x100007fb7,-126,True
func_We_0x100001f20,448,False
func_We_0x10000259c,-897,True
func_We_0x100002fab,-768,False
func_We_0x100002fad,-920,False
func_We_0x100002fb5,-153,False
func_We_0x100002fbd,-957,False
func_We_0x100002fc1,351,False
func_We_0x100002fcd,705,True
func_We_0x100002fcf,-913,False
func_We_0x100002fd3,614,True
func_We_0x100002fd7,578,True
func_We_0x100002fd9,-275,False
func_We_0x100002fdb,902,True
func_We_0x100002fe1,-406,False
func_We_0x100002fe3,-197,False
func_We_0x100002fe9,762,False
func_We_0x100002fed,198,False
func_We_0x100002ff1,410,True
func_We_0x100002ff3,-710,False
func_We_0x10000306f,-651,False
func_We_0x100003071,-142,False
func_We_0x1000035ba,-855,False
func_We_0x1000035bf,-524,False
func_We_0x1000035f4,609,False
func_We_0x100003c01,627,False
func_We_0x1000043d3,-277,False
func_We_0x100004db7,860,True
func_We_0x100004e17,-896,True
func_We_0x100004e19,409,False
func_We_0x100004e21,772,False
func_We_0x10000519d,983,False
func_We_0x1000067d1,-582,False
func_We_0x1000067d3,-451,True
func_We_0x1000067d5,-319,False
func_We_0x1000067e3,682,False
func_We_0x1000067eb,1030,True
func_We_0x1000067f5,783,True
func_We_0x100006baf,369,True
func_We_0x10000730e,672,True
func_We_0x1000079a0,-554,True
func_We_0x1000079a8,796,False
func_We_0x100007e80,843,True
func_Wr_0x100005acb,-494,False
func_Wr_0x100005ace,-595,False
func_Wr_0x100005ad0,-469,True
func_Wr_0x100005ad2,-856,False
func_Wr_0x100005ad6,-327,False
func_Wr_0x100005ada,644,True
func_Wr_0x100005adc,438,False
func_Wr_0x100005ade,159,False
func_Wr_0x100005ae6,-882,True
func_Wt_0x100001b16,-462,True
func_Wt_0x100003c40,-188,False
func_Wt_0x100003c46,-6,False
func_Wt_0x100003c54,-798,True
func_Wt_0x100003c5a,901,True
func_Wt_0x100003c5c,-419,True
func_Wt_0x100003c5e,-238,True
func_Wt_0x100003c70,-943,True
func_Wt_0x100003c91,-549,True
func_Wt_0x100003c9d,-623,True
func_Wt_0x100004485,-302,False
func_Wt_0x100004499,-764,False
func_Wt_0x1000044cd,-479,True
func_Wt_0x100007da3,-119,False
func_Wt_0x100007e5f,912,True
func_Wt_0x100007f0f,-79,True
func_Wt_0x100007f11,415,True
func_Wt_0x100007f15,1025,False
func_Wt_0x100007f25,651,True
func_Wt_0x100007f29,-829,True
func_Wt_0x100007f30,1040,True
func_Wt_0x100007f32,107,True
func_Wt_0x100007f3a,-371,False
func_Wt_0x100007f3d,701,False
func_Wt_0x100007f40,677,True
func_Wt_0x100007f46,351,False
func_Wt_0x100007f48,925,True
func_Wt_0x100007f53,155,False
func_Wt_0x100007f55,953,True
func_Wt_0x100007f5a,684,True
func_Wt_0x100007f5e,-803,False
func_X0_0x10000063b,756,True
func_X0_0x1000057b1,728,False
func_X0_0x1000065f8,1016,True
func_X0_0x100006680,960,False
func_X0_0x10000668a,673,True
func_X0_0x1000066ff,87,True
func_X0_0x10000670a,261,True
func_X0_0x10000670e,100,False
func_X0_0x10000692b,48,False
func_X0_0x100006a27,11,True
func_X_0x100001656,-677,False
func_X_0x1000018d7,-212,False
func_X_0x100001912,18,False
func_X_0x100001c3c,937,False
func_X_0x100001c48,546,False
func_X_0x100001d35,162,False
func_X_0x100001e83,-656,False
func_X_0x10000249d,-738,False
func_X_0x1000024b3,-672,True
func_X_0x1000024b5,1007,False
func_X_0x1000024b7,-544,False
func_X_0x100002566,1029,False
func_X_0x100003525,740,False
func_X_0x10000352a,896,False
func_X_0x10000353f,-179,False
func_X_0x100003642,804,True
func_X_0x100003644,-444,True
func_X_0x100003aaf,-213,True
func_X_0x100003b97,-711,True
func_X_0x100004548,696,True
func_X_0x100004928,-91,True
func_X_0x100004979,1011,True
func_X_0x100004a6d,-372,True
func_X_0x1000051e3,-425,True
func_X_0x1000051eb,687,False
func_X_0x1000051ed,531,True
func_X_0x10000564b,-761,False
func_X_0x10000573b,-819,False
func_X_0x100005b36,54,True
func_X_0x100005b3a,682,True
func_X_0x100005ef2,983,True
func_X_0x100005ef4,929,False
func_X_0x100005f08,389,False
func_X_0x100005f0c,-863,True
func_X_0x100005f17,-123,True
func_X_0x100006066,429,False
func_X_0x1000060b3,243,False
func_X_0x1000061b4,939,False
func_X_0x1000061b6,544,False
func_X_0x1000061c0,-665,True
func_X_0x1000062ad,328,True
func_X_0x100006776,-502,True
func_X_0x100006e7c,-844,True
func_X_0x10000728b,-337,False
func_X_0x100007a40,882,True
func_X_0x100007b8d,-383,False
func_X_0x100007c69,939,False
func_X_0x100007c70,663,False
func_X_0x100007c76,-113,False
func_Xe_0x100000633,-261,False
func_Xe_0x10000064f,-589,False
func_Xe_0x1000006cf,588,True
func_Xe_0x1000006db,-713,False
func_Xe_0x1000006de,363,False
func_Xe_0x1000006e0,500,False
func_Xe_0x1000006e6,-288,False
func_Xe_0x1000006f8,651,False
func_Xe_0x1000006fe,617,False
func_Xe_0x100000702,721,True
func_Xe_0x100000704,118,True
func_Xe_0x100001830,-841,False
func_Xe_0x100001832,-132,False
func_Xe_0x100001890,513,False
func_Xe_0x1000018a6,-441,True
func_Xe_0x1000018aa,-262,True
func_Xe_0x1000018b6,-293,True
func_Xe_0x1000057a7,543,False
func_Xe_0x1000057ad,899,True
func_Xn_0x100003fed,-911,True
func_Xn_0x100004007,377,True
func_Xn_0x10000400e,235,True
func_Xn_0x100004033,-854,True
func_Xn_0x1000040a6,991,False
func_Xo_0x1000029f6,883,True
func_Xr_0x10000820d,40,False
func_Xr_0x100008295,-18,False
func_Xt_0x100006443,-955,False
func_Xt_0x1000066a5,666,False
func_Xt_0x10000816c,903,False
func_Xt_0x100008170,267,False
func_Xt_0x100008172,923,False
func_Xt_0x100008174,481,False
func_Xt_0x100008176,953,False
func_Xt_0x10000817a,845,True
func_Xt_0x10000817e,-28,True
func_Xt_0x100008188,-484,False
func_Xt_0x10000818c,847,False
func_Xt_0x10000818e,75,True
func_Xt_0x100008190,81,True
func_Xt_0x100008198,89,True
func_Xt_0x1000081a4,161,True
func_Xt_0x1000081aa,-692,False
func_Xt_0x1000081ae,-456,True
func_Xt_0x1000081b4,-296,False
func_Xt_0x1000081b6,-554,False
func_Xt_0x1000081bc,310,False
func_Xt_0x1000081be,781,True
func_Xt_0x1000081c2,-749,False
func_Xt_0x1000081d0,-597,False
func_Xt_0x1000081d2,-298,False
func_Xt_0x1000081d8,-375,False
func_Xt_0x1000081ea,1040,True
func_Y0_0x100001811,458,True
func_Y0_0x10000181f,221,True
func_Y0_0x100006f84,-386,False
func_Y0_0x100006f90,780,True
func_Y0_0x100006fa4,-214,True
func_Y0_0x100006fa6,-745,False
func_Y0_0x100006faa,-139,True
func_Y0_0x100007766,-247,True
func_Y_0x100000200,-344,True
func_Y_0x100000202,-765,True
func_Y_0x100001571,639,True
func_Y_0x100001584,-709,True
func_Y_0x10000172c,-172,True
func_Y_0x100001754,1006,True
func_Y_0x10000179f,938,False
func_Y_0x100001907,-462,True
func_Y_0x100001c15,706,True
func_Y_0x100001c23,-538,False
func_Y_0x100001d30,-246,True
func_Y_0x100001d32,617,True
func_Y_0x100001d62,-483,False
func_Y_0x100001d69,369,False
func_Y_0x100001d6b,888,False
func_Y_0x100001d86,-79,True
func_Y_0x1000024a2,-18,True
func_Y_0x1000024a6,737,False
func_Y_0x100002d1f,-363,True
func_Y_0x100002d2b,133,False
func_Y_0x100002d37,360,False
func_Y_0x100002d3b,-354,False
func_Y_0x100002d3f,-391,True
func_Y_0x100002d4b,442,False
func_Y_0x100002d59,435,False
func_Y_0x10000350a,9,True
func_Y_0x100003531,154,False
func_Y_0x10000360a,-518,False
func_Y_0x100003615,-197,False
func_Y_0x10000361d,798,True
func_Y_0x1000037a9,512,False
func_Y_0x1000037ad,834,True
func_Y_0x1000037af,-505,False
func_Y_0x1000037b1,-551,True
func_Y_0x1000037bd,72,True
func_Y_0x1000037c1,446,False
func_Y_0x1000037cd,221,True
func_Y_0x1000037d5,-549,False
func_Y_0x1000037d7,-937,False
func_Y_0x100003b84,318,True
func_Y_0x100003bcb,-689,False
func_Y_0x10000489a,-649,False
func_Y_0x10000499d,404,True
func_Y_0x100004a7c,301,False
func_Y_0x100004b73,-846,True
func_Y_0x100004b7b,116,False
func_Y_0x100004b7d,-58,True
func_Y_0x100004e43,-427,True
func_Y_0x100004e4b,44,False
func_Y_0x100004e51,33,False
func_Y_0x10000590c,-20,False
func_Y_0x100006303,-312,True
func_Y_0x100006b2c,-729,False
func_Y_0x100006b40,567,False
func_Y_0x100006bc5,629,True
func_Y_0x100007252,752,True
func_Y_0x1000072e5,-393,True
func_Y_0x100007431,711,False
func_Y_0x100007435,637,False
func_Y_0x10000743f,-395,True
func_Y_0x100007443,-497,False
func_Y_0x100007926,872,True
func_Y_0x10000792c,556,True
func_Y_0x100007934,-385,False
func_Y_0x100007942,-32,True
func_Y_0x100007944,214,False
func_Y_0x10000799d,378,False
func_Y_0x100007c95,-863,True
func_Ye_0x100001d98,980,False
func_Ye_0x100001eca,-886,False
func_Ye_0x100001f0f,-836,True
func_Ye_0x100001f11,-252,True
func_Ye_0x100001f13,315,True
func_Ye_0x100003056,-39,False
func_Ye_0x100003060,857,False
func_Ye_0x100003063,-634,False
func_Ye_0x10000306b,-482,True
func_Ye_0x10000359f,-934,True
func_Ye_0x1000035bb,-216,False
func_Ye_0x100004d79,-445,True
func_Ye_0x100004dbb,746,True
func_Ye_0x100004dbe,-886,False
func_Ye_0x100004dd9,-636,True
func_Ye_0x100004e1b,57,False
func_Ye_0x10000538d,1030,False
func_Ye_0x1000067df,893,False
func_Ye_0x1000067ed,-299,False
func_Ye_0x1000067ef,573,False
func_Ye_0x100006f12,609,False
func_Ye_0x100007654,-349,False
func_Ye_0x1000079a2,-501,False
func_Ye_0x1000079a4,-118,True
func_Ye_0x1000079a6,133,True
func_Yn_0x100007807,-845,True
func_Yn_0x100007811,-73,False
func_Yr_0x100002d72,-935,False
func_Yr_0x100008240,86,True
func_Yr_0x100008244,-412,False
func_Yr_0x100008246,986,True
func_Yr_0x100008248,136,True
func_Yr_0x100008299,259,False
func_Yt_0x100001d99,-848,True
func_Yt_0x100001d9b,707,True
func_Yt_0x1000035a1,-745,True
func_Yt_0x1000042b2,-778,False
func_Yt_0x1000042f3,-810,True
func_Yt_0x10000539c,-176,True
func_Yt_0x100006323,-388,False
func_Yt_0x1000064da,-743,True
func_Yt_0x1000064dc,-391,False
func_Yt_0x1000064ec,741,False
func_Yt_0x100006f00,-111,True
func_Yt_0x100006f05,-900,False
func_Yt_0x100006f0b,706,True
func_Yt_0x100007380,402,True
func_Z0_0x10000669f,873,False
func_Z0_0x100006934,55,False
func_Z0_0x10000693a,732,False
func_Z0_0x100006942,112,True
func_Z0_0x100006948,85,True
func_Z0_0x10000694a,-688,True
func_Z0_0x10000694e,-357,False
func_Z0_0x100006950,-781,False
func_Z0_0x100006954,-298,True
func_Z0_0x100006958,440,False
func_Z0_0x10000695c,948,False
func_Z0_0x100006f5f,900,True
func_Z0_0x100006f61,175,True
func_Z0_0x100006f63,-548,True
func_Z0_0x100006f67,-289,True
func_Z0_0x100006f6b,120,False
func_Z0_0x100006f74,869,True
func_Z0_0x100006f78,510,True
func_Z0_0x100006f7a,-931,True
func_Z0_0x100006f88,28,False
func_Z0_0x100006f8c,754,False
func_Z0_0x100006f92,721,True
func_Z_0x100000226,-768,True
func_Z_0x10000022a,594,False
func_Z_0x10000022e,608,False
func_Z_0x1000017c7,456,False
func_Z_0x100001c41,-920,True
func_Z_0x100001c43,445,True
func_Z_0x100001d7c,580,True
func_Z_0x100001dce,700,False
func_Z_0x100001df1,606,False
func_Z_0x100001df5,984,True
func_Z_0x100001df7,-127,True
func_Z_0x100002545,140,True
func_Z_0x100002cf0,-659,False
func_Z_0x100003230,977,True
func_Z_0x100003647,-548,True
func_Z_0x100003ab3,-607,True
func_Z_0x100003aba,370,True
func_Z_0x100003ac0,-671,True
func_Z_0x100003ac3,444,True
func_Z_0x100003ac5,365,True
func_Z_0x100003b10,713,False
func_Z_0x100003b12,739,False
func_Z_0x100003b1e,137,False
func_Z_0x100003d36,-829,True
func_Z_0x100004547,-614,True
func_Z_0x10000454f,574,False
func_Z_0x100004553,499,True
func_Z_0x10000491f,6,True
func_Z_0x10000499b,542,True
func_Z_0x1000049a5,539,True
func_Z_0x1000049bc,-60,False
func_Z_0x100004e26,-334,False
func_Z_0x100004eb7,704,True
func_Z_0x10000561d,-74,False
func_Z_0x100005b39,677,False
func_Z_0x100005b3d,403,False
func_Z_0x100005b5c,132,False
func_Z_0x100005e9f,174,True
func_Z_0x1000062ab,747,False
func_Z_0x1000067ce,173,False
func_Z_0x100006ad7,-86,False
func_Z_0x100006ad9,-881,True
func_Z_0x100006b77,-751,True
func_Z_0x100006b79,697,False
func_Z_0x100006b85,513,False
func_Z_0x100006b8b,-576,False
func_Z_0x100006e7a,862,True
func_Z_0x100006e89,-710,True
func_Z_0x1000070ca,355,False
func_Z_0x1000070cc,-433,True
func_Z_0x1000070fa,-657,True
func_Z_0x100007228,47,False
func_Z_0x10000728d,-216,True
func_Z_0x100007585,-791,False
func_Z_0x10000758f,-334,False
func_Z_0x100007591,875,True
func_Z_0x100007593,442,True
func_Z_0x10000759b,-438,True
func_Z_0x1000078f3,807,False
func_Z_0x100007b8a,214,False
func_Z_0x100007f7f,-195,False
func_Z_0x100007f83,752,True
func_Z_0x100007f85,558,False
func_Z_0x100007fcb,-708,False
func_Ze_0x100001b0d,1017,False
func_Ze_0x1000039e6,488,False
func_Ze_0x100003a0f,836,False
func_Ze_0x100003a11,509,False
func_Ze_0x100003a15,844,False
func_Ze_0x100003a1b,150,True
func_Ze_0x100003a22,-676,True
func_Ze_0x100003a2a,-705,True
func_Ze_0x100003a38,-93,False
func_Ze_0x100003a3c,-326,True
func_Ze_0x100003a40,-625,False
func_Ze_0x100003a42,659,True
func_Ze_0x100003a44,58,True
func_Ze_0x100003a48,935,False
func_Ze_0x100003a58,-324,False
func_Ze_0x100003a5a,82,False
func_Ze_0x100003a5c,-204,False
func_Ze_0x1000044b7,-296,True
func_Ze_0x100004d87,-454,False
func_Ze_0x100004d8b,-738,True
func_Ze_0x10000708f,486,True
func_Ze_0x100007091,220,False
func_Ze_0x100007115,-784,True
func_Ze_0x100007725,-691,True
func_Ze_0x100007d30,-612,True
func_Ze_0x100007d32,433,True
func_Ze_0x100007e3a,-117,True
func_Ze_0x100007ee1,364,False
func_Ze_0x100008113,213,False
func_Zn_0x10000296c,-157,False
func_Zn_0x100002978,-134,False
func_Zn_0x1000029d4,-225,False
func_Zo_0x100002e0a,368,True
func_Zo_0x100002e0c,-273,True
func_Zo_0x100002e0e,538,False
func_Zo_0x100002e12,533,False
func_Zt_0x100002b76,-382,False
func_Zt_0x100002b9f,986,False
func_Zt_0x100002bae,181,False
func_Zt_0x100002cad,-858,False
func_Zt_0x100002cbd,-901,True
func_Zt_0x100002cc1,926,False
func_Zt_0x100002cc7,-506,True
func_Zt_0x100002cd5,-216,False
func_Zt_0x100002cd7,-693,False
func_Zt_0x100002cd9,163,True
func_Zt_0x100006434,667,True
func_Zt_0x100006438,239,True
func_Zt_0x100006695,-810,True
func_Zt_0x1000066b9,910,False
func_Zt_0x1000066c0,-34,True
func_Zt_0x1000066c4,921,False
func_Zt_0x1000066c6,34,True
func_Zt_0x1000066d8,-464,False
func_Zt_0x1000066e7,-416,False
func_Zt_0x100006f4d,-304,False
func_Zt_0x100006fa3,915,True
func_a0_0x1000025a2,855,True
func_a0_0x100006d23,127,False
func_a0_0x100006d25,993,True
func_a0_0x100008267,-308,True
func_a_0x100000004,-814,True
func_a_0x10000001b,502,True
func_a_0x100000073,1003,True
func_a_0x10000018f,347,True
func_a_0x100000219,491,False
func_a_0x100000291,660,True
func_a_0x100000317,143,False
func_a_0x1000003ee,-140,True
func_a_0x1000003f0,-167,False
func_a_0x1000003f5,-527,True
func_a_0x100000444,641,True
func_a_0x10000071d,593,False
func_a_0x100000754,209,False
func_a_0x10000076d,628,True
func_a_0x10000078f,461,False
func_a_0x1000007b1,589,False
func_a_0x1000007cb,-848,False
func_a_0x1000007ec,-721,False
func_a_0x1000007f3,108,True
func_a_0x100000807,1037,False
func_a_0x10000083a,-21,True
func_a_0x10000085b,-668,True
func_a_0x10000086e,-819,True
func_a_0x100000885,-794,False
func_a_0x1000008f7,545,True
func_a_0x1000008ff,128,True
func_a_0x100000905,226,True
func_a_0x100000911,354,True
func_a_0x100000914,411,False
func_a_0x100000926,426,False
func_a_0x100001520,-24,True
func_a_0x1000015f4,779,True
func_a_0x100001974,-919,True
func_a_0x1000019cd,528,False
func_a_0x100001ab8,-745,True
func_a_0x1000024dd,343,True
func_a_0x1000024eb,708,False
func_a_0x100002f65,410,True
func_a_0x100002f8e,584,True
func_a_0x100002f9f,663,False
func_a_0x100003027,1023,False
func_a_0x1000030f9,-905,False
func_a_0x100003166,-883,False
func_a_0x10000317f,738,False
func_a_0x1000031b3,-518,True
func_a_0x1000031cd,313,False
func_a_0x1000032a1,-933,True
func_a_0x1000032b1,729,True
func_a_0x100003387,70,False
func_a_0x1000033c4,-102,True
func_a_0x1000033ee,-483,False
func_a_0x10000346e,-286,False
func_a_0x1000036b1,-684,True
func_a_0x1000038c3,227,False
func_a_0x100003a6f,-699,False
func_a_0x100003d89,-190,False
func_a_0x100004188,136,False
func_a_0x1000041c6,-48,False
func_a_0x1000041ce,-115,True
func_a_0x100004378,-7,True
func_a_0x1000045cc,-328,True
func_a_0x1000045ec,-641,False
func_a_0x1000045ef,129,True
func_a_0x10000473e,306,False
func_a_0x100004770,344,True
func_a_0x100004783,-686,False
func_a_0x10000482b,-785,False
func_a_0x100004841,302,False
func_a_0x1000048c5,-361,True
func_a_0x1000048cd,431,False
func_a_0x1000048f5,-289,False
func_a_0x100004945,160,True
func_a_0x100004953,-874,True
func_a_0x100004a06,-868,True
func_a_0x100004aaa,-31,True
func_a_0x100004ad9,-277,True
func_a_0x100004b22,-663,False
func_a_0x100004b2a,677,False
func_a_0x100004cf8,-894,True
func_a_0x100004d0a,-95,False
func_a_0x100004d56,-700,False
func_a_0x100004f7b,1011,True
func_a_0x100004fd9,-822,False
func_a_0x100005001,-875,True
func_a_0x1000052d1,-589,True
func_a_0x1000052e3,-428,True
func_a_0x1000053e9,-654,False
func_a_0x1000053f4,1010,True
func_a_0x100005405,883,False
func_a_0x100005491,551,False
func_a_0x10000549f,757,False
func_a_0x1000056f2,-82,False
func_a_0x1000058a1,-491,True
func_a_0x1000058be,92,False
func_a_0x100005b8a,-209,True
func_a_0x100005e3e,45,True
func_a_0x100005e86,888,True
func_a_0x10000626e,456,False
func_a_0x100006482,-608,True
func_a_0x100006795,-658,False
func_a_0x10000748f,-288,False
func_a_0x10000759e,-944,False
func_a_0x1000075ca,-795,True
func_a_0x100007dcc,787,True
func_ae_0x1000015a8,765,True
func_ae_0x100001676,-424,True
func_ae_0x10000168e,464,True
func_ae_0x10000179a,410,True
func_ae_0x100001d5d,-633,False
func_ae_0x1000034a6,-505,True
func_ae_0x1000034aa,401,False
func_ae_0x1000034d0,943,True
func_ae_0x1000034d9,894,False
func_ae_0x1000034db,-130,False
func_ae_0x1000034e3,-811,True
func_ae_0x10000364c,-864,False
func_ae_0x100003bc0,-867,True
func_ae_0x100004b76,-770,False
func_ae_0x100004ec1,902,True
func_ae_0x100004ec3,979,False
func_ae_0x100004ec7,-872,False
func_ae_0x100005370,-629,False
func_ae_0x100005e6c,131,True
func_ae_0x100005e78,-28,False
func_ae_0x1000060ff,6,True
func_ae_0x10000611c,722,True
func_ae_0x1000061f4,-234,True
func_ae_0x10000625d,612,False
func_ae_0x1000063b9,-758,False
func_ae_0x1000063bc,137,False
func_ae_0x1000063c3,-402,True
func_ae_0x100006466,598,True
func_ae_0x1000064c6,1007,True
func_ae_0x100006594,-203,False
func_ae_0x1000065b0,-433,False
func_ae_0x100006c44,-802,False
func_ae_0x100006c4c,-926,True
func_ae_0x100006c4e,-295,True
func_ae_0x100006c5e,-174,False
func_ae_0x100006cea,568,True
func_ae_0x1000071c6,74,False
func_ae_0x100007e16,969,False
func_ae_0x100007e1f,135,False
func_ae_0x100007e23,714,True
func_ae_0x100007e25,407,True
func_an_0x10000065c,-255,False
func_an_0x10000065e,30,True
func_an_0x100000660,-423,False
func_an_0x100000662,207,False
func_an_0x100000664,642,False
func_an_0x100000666,549,True
func_an_0x100000668,817,True
func_an_0x10000066c,187,True
func_an_0x100000670,874,False
func_an_0x100000674,-170,False
func_an_0x100000678,50,False
func_an_0x10000067a,161,True
func_an_0x10000067c,636,True
func_an_0x10000067e,79,True
func_an_0x10000068c,-946,False
func_an_0x10000068e,971,True
func_an_0x1000006a4,712,True
func_an_0x1000006a6,20,False
func_an_0x1000006a8,-693,False
func_an_0x1000006aa,1016,True
func_an_0x100005ac4,-471,False
func_an_0x100006d3b,840,True
func_an_0x100006d60,-798,True
func_an_0x100006d6f,-892,True
func_an_0x100006d71,664,True
func_an_0x1000081ed,983,True
func_an_0x100008270,-616,True
func_an_0x100008272,930,False
func_ar_0x100005aef,1011,True
func_ar_0x1000077d1,182,False
func_ar_0x1000077d5,621,True
func_ar_0x1000077d9,554,False
func_ar_0x1000077df,612,False
func_ar_0x1000077e3,899,True
func_ar_0x1000077e7,140,True
func_ar_0x1000077e9,751,True
func_ar_0x1000077f5,-872,False
func_ar_0x1000077f7,-452,False
func_ar_0x1000077f9,-276,True
func_ar_0x1000077fb,1003,True
func_ar_0x10000780f,-519,False
func_ar_0x100008209,-955,True
func_ar_0x10000820b,38,True
func_at_0x100003da3,-147,False
func_at_0x100003db0,958,True
func_at_0x100003e5e,862,False
func_at_0x100003e6e,647,True
func_at_0x100003e70,413,False
func_at_0x100003e72,-473,True
func_at_0x100003e74,-422,False
func_at_0x100003e76,-695,False
func_at_0x100003e87,861,True
func_at_0x100003ebc,-598,False
func_at_0x100003ec0,688,False
func_at_0x100003ec2,-111,True
func_at_0x100003ec4,989,True
func_at_0x100003ec6,696,True
func_at_0x100003ec8,497,False
func_at_0x100003eca,208,False
func_at_0x100003ecc,-302,False
func_at_0x100003ece,778,False
func_at_0x100003ed0,129,False
func_at_0x100003ed2,221,False
func_at_0x100003ed8,718,True
func_at_0x100003eda,890,False
func_at_0x100003edc,-538,True
func_at_0x100003f28,-596,False
func_at_0x100003f2c,814,True
func_at_0x100003f34,1016,True
func_at_0x100003f36,-30,True
func_at_0x100003f38,-14,False
func_at_0x100003f4c,258,False
func_at_0x100003f54,320,False
func_at_0x100003f56,-920,False
func_at_0x100003f58,136,False
func_at_0x100003f5a,-585,False
func_at_0x100003f71,346,True
func_at_0x100003f73,-736,True
func_at_0x100003fa2,612,True
func_at_0x100003fc2,652,False
func_at_0x100003fc5,576,True
func_at_0x100003fcc,-500,False
func_at_0x100003fd1,739,False
func_at_0x100003fd8,-765,True
func_at_0x100003fdd,-84,False
func_at_0x100003ffb,964,True
func_at_0x100004046,444,True
func_at_0x100004065,841,False
func_at_0x100004067,52,False
func_at_0x100004069,-68,True
func_at_0x10000407d,1024,False
func_at_0x100004081,510,True
func_at_0x100004083,884,False
func_at_0x100004089,-877,False
func_at_0x10000408e,490,False
func_at_0x1000040e2,-138,False
func_b0_0x100001d9f,863,False
func_b0_0x10000304d,-243,False
func_b0_0x10000306c,1039,True
func_b0_0x1000035a9,725,True
func_b0_0x1000042c5,715,False
func_b0_0x1000042cb,-841,False
func_b0_0x1000042d5,891,False
func_b0_0x1000042d7,217,False
func_b0_0x1000042d9,463,True
func_b0_0x1000042e3,310,False
func_b0_0x1000042ec,-436,False
func_b0_0x1000042f1,0,True
func_b0_0x100004d96,34,False
func_b0_0x100005398,901,True
func_b0_0x100005c49,268,True
func_b0_0x10000631d,947,True
func_b0_0x10000631f,442,False
func_b0_0x100006bb4,-202,False
func_b0_0x100006ed1,57,False
func_b0_0x100006ed3,280,True
func_b0_0x10000737b,-784,False
func_b0_0x100007e29,473,True
func_b0_0x100007e2b,-329,False
func_b0_0x100007e2d,315,False
func_b0_0x100007e2f,-927,False
func_b0_0x100007e83,-949,True
func_b0_0x100007e85,767,True
func_b_0x100000131,-271,True
func_b_0x100000166,39,True
func_b_0x100000168,-475,True
func_b_0x1000001b9,-498,False
func_b_0x1000001ed,-481,False
func_b_0x1000002f3,-950,False
func_b_0x1000002f5,-126,True
func_b_0x1000007ba,853,False
func_b_0x1000008c5,813,False
func_b_0x100001531,-661,True
func_b_0x10000162a,-308,True
func_b_0x100001a99,-669,False
func_b_0x100001a9b,134,True
func_b_0x100001c89,391,False
func_b_0x100001cfe,702,True
func_b_0x100001fa1,423,False
func_b_0x100001fa3,-106,False
func_b_0x100002ab9,-171,False
func_b_0x100002ac1,-483,True
func_b_0x100002ae9,493,True
func_b_0x100002af1,876,True
func_b_0x100002af7,-507,False
func_b_0x1000030cf,-68,False
func_b_0x1000030d3,867,True
func_b_0x1000030d7,-782,True
func_b_0x1000030e4,-264,False
func_b_0x10000311b,2,True
func_b_0x10000314b,150,False
func_b_0x10000336a,100,True
func_b_0x10000340f,-305,True
func_b_0x100003709,895,False
func_b_0x1000037f7,261,False
func_b_0x1000037fa,-877,False
func_b_0x100003892,334,True
func_b_0x10000398f,410,True
func_b_0x10000417e,177,False
func_b_0x100004185,996,True
func_b_0x10000419e,817,True
func_b_0x100004504,1016,True
func_b_0x100004506,857,False
func_b_0x10000461c,-359,True
func_b_0x100004624,828,False
func_b_0x1000049c3,-7,False
func_b_0x1000049c5,749,True
func_b_0x1000049cb,-572,False
func_b_0x100004a00,-101,True
func_b_0x100004a61,-106,False
func_b_0x100004b5d,810,True
func_b_0x100004b62,-558,False
func_b_0x100004bbe,226,True
func_b_0x100004c26,394,False
func_b_0x100004cca,-944,False
func_b_0x100004ce9,-42,False
func_b_0x100004d03,809,True
func_b_0x100004d65,444,False
func_b_0x100004e78,-337,False
func_b_0x100004e7a,561,True
func_b_0x100004e7e,881,True
func_b_0x100004e80,675,False
func_b_0x100004e82,-73,True
func_b_0x100004f51,900,False
func_b_0x100004f82,-809,True
func_b_0x100005023,748,False
func_b_0x100005106,33,True
func_b_0x100005267,-229,True
func_b_0x1000052c2,-122,True
func_b_0x100005316,520,True
func_b_0x100005985,-538,True
func_b_0x100005e40,435,False
func_b_0x100006145,777,True
func_b_0x100006196,-43,True
func_b_0x10000646e,-434,True
func_b_0x10000648b,-707,True
func_b_0x10000653c,-797,True
func_b_0x10000679b,852,False
func_b_0x10000684e,191,False
func_b_0x100006b54,787,True
func_b_0x100006e4a,246,False
func_b_0x100007515,-450,False
func_b_0x1000075c3,-813,False
func_b_0x1000075d8,-605,False
func_b_0x1000078c5,-711,False
func_b_0x100007a12,469,False
func_b_0x100007b3c,896,True
func_b_0x100007fa4,779,False
func_be_0x1000042bf,-467,True
func_be_0x100004d97,-871,False
func_be_0x100004d9f,440,True
func_be_0x100004da2,175,True
func_be_0x100004ed6,260,False
func_be_0x100004edc,-283,True
func_be_0x100004ede,64,False
func_be_0x100004ee2,520,True
func_be_0x100004eea,-697,False
func_be_0x100004ef6,-376,False
func_be_0x100005542,-51,True
func_be_0x10000555c,267,False
func_be_0x10000555e,987,False
func_be_0x100005566,-786,False
func_be_0x100005568,320,False
func_be_0x10000556a,240,False
func_be_0x100005572,-949,True
func_be_0x1000063d1,-391,True
func_be_0x1000063d5,-679,True
func_be_0x1000063d9,-682,False
func_be_0x1000063e3,787,False
func_be_0x1000063e9,-939,True
func_be_0x1000063ed,-636,False
func_be_0x1000063ef,-899,False
func_be_0x1000063f1,-657,True
func_be_0x1000063f3,340,True
func_be_0x1000063f5,174,False
func_be_0x1000063f7,24,False
func_be_0x100006ef7,-335,False
func_be_0x100006ef9,665,False
func_be_0x100006efb,219,True
func_be_0x100006efd,-595,True
func_be_0x100007088,436,True
func_be_0x100007171,487,True
func_be_0x100007173,-703,False
func_be_0x100007179,-98,False
func_be_0x10000717b,659,True
func_be_0x10000765d,283,True
func_be_0x1000076dc,-548,False
func_be_0x100007727,462,False
func_be_0x10000772b,-356,True
func_be_0x10000772d,565,False
func_be_0x10000772f,-534,True
func_be_0x100007733,-206,True
func_be_0x10000773d,-482,False
func_be_0x100007743,-367,True
func_be_0x100007745,281,False
func_be_0x100007749,-70,True
func_be_0x10000774b,132,True
func_be_0x100007d25,-355,False
func_be_0x100007d45,122,True
func_be_0x100007d47,259,True
func_be_0x100007d52,565,False
func_be_0x100007d93,-615,True
func_be_0x100007d9d,258,False
func_be_0x1000080cd,1031,True
func_be_0x1000080db,391,True
func_be_0x1000080dd,-453,True
func_be_0x1000080e1,-434,False
func_be_0x1000080e3,888,True
func_be_0x1000080e5,162,False
func_be_0x1000080e9,-575,False
func_be_0x1000080eb,273,True
func_be_0x1000080ed,-135,False
func_be_0x1000080ef,453,False
func_be_0x1000080f1,-637,True
func_be_0x1000080f7,676,True
func_bn_0x1000025c3,429,False
func_bn_0x100005a69,-925,False
func_bn_0x100005b0e,-905,True
func_bn_0x100008251,-2,True
func_bn_0x100008253,630,False
func_br_0x100003db4,458,True
func_br_0x1000040c8,-39,True
func_br_0x1000040dc,-62,True
func_bt_0x10000048f,706,True
func_bt_0x100000635,-559,False
func_bt_0x1000018ab,616,False
func_bt_0x1000018c1,-525,True
func_bt_0x100005787,-449,True
func_bt_0x10000578d,-316,False
func_bt_0x1000066ab,347,False
func_bt_0x1000066af,-817,False
func_bt_0x100006710,536,True
func_bt_0x100006714,-162,True
func_bt_0x100006a0d,376,True
func_bt_0x100006a0f,-685,True
func_bt_0x100006a37,624,True
func_bt_0x100006a4d,-368,True
func_bt_0x100006a5b,473,True
func_bt_0x100006a5d,-553,False
func_c0_0x100001ad5,-137,True
func_c0_0x100003c3e,556,False
func_c0_0x100003c6e,-891,True
func_c0_0x100003c84,-230,False
func_c0_0x100003c89,610,True
func_c0_0x10000448a,-459,True
func_c0_0x10000448c,-252,True
func_c0_0x100007d59,-802,False
func_c0_0x100007d5d,1032,True
func_c0_0x100007d6f,-140,True
func_c0_0x100007f17,925,True
func_c0_0x10000803a,-540,False
func_c0_0x100008044,-43,False
func_c0_0x100008046,-637,True
func_c0_0x100008048,976,True
func_c0_0x10000804a,985,False
func_c0_0x10000804e,345,False
func_c0_0x100008050,1004,False
func_c0_0x100008056,170,False
func_c0_0x10000805a,-763,False
func_c0_0x10000805c,-718,True
func_c0_0x10000805e,-929,True
func_c0_0x100008060,-286,False
func_c0_0x100008062,300,True
func_c0_0x100008064,-198,True
func_c0_0x10000806e,-319,True
func_c0_0x100008070,467,True
func_c0_0x100008072,-907,False
func_c_0x100000109,159,True
func_c_0x100000172,1002,True
func_c_0x1000001e4,267,True
func_c_0x100000250,-842,False
func_c_0x1000002f8,814,True
func_c_0x10000032d,119,False
func_c_0x100000390,-629,True
func_c_0x1000003cd,-819,False
func_c_0x10000040c,153,False
func_c_0x10000042d,-541,True
func_c_0x100000438,-936,False
func_c_0x100000448,-157,True
func_c_0x100000744,-93,False
func_c_0x10000079f,357,True
func_c_0x1000007c6,-14,False
func_c_0x100000801,-365,True
func_c_0x10000082d,-462,True
func_c_0x10000085e,318,True
func_c_0x1000008ea,-821,True
func_c_0x100001969,348,False
func_c_0x1000024bd,-915,True
func_c_0x1000024f8,900,False
func_c_0x100002596,1005,False
func_c_0x100002aa4,903,False
func_c_0x100002acc,-872,True
func_c_0x100002f5d,805,False
func_c_0x100003089,639,False
func_c_0x10000308e,699,False
func_c_0x100003177,-32,True
func_c_0x10000319c,79,True
func_c_0x1000031c8,-91,True
func_c_0x1000031df,953,True
func_c_0x1000031f0,-460,True
func_c_0x1000032a7,697,True
func_c_0x100003364,388,True
func_c_0x1000033bd,951,True
func_c_0x100003428,816,False
func_c_0x10000343d,210,False
func_c_0x100003478,-771,True
func_c_0x100003699,650,True
func_c_0x1000037de,445,True
func_c_0x10000386f,149,True
func_c_0x10000389c,630,False
func_c_0x100003912,129,True
func_c_0x100003921,664,False
func_c_0x100003966,-295,True
func_c_0x100003d57,-876,True
func_c_0x100004368,-540,True
func_c_0x100004627,553,True
func_c_0x1000047c4,-514,True
func_c_0x1000049d9,-779,False
func_c_0x100004b11,1004,True
func_c_0x100004c1e,-53,False
func_c_0x100004c38,642,False
func_c_0x100004c94,-447,True
func_c_0x100004d2b,-610,True
func_c_0x100004f5d,-832,True
func_c_0x100004fa4,-629,False
func_c_0x100004fa6,600,True
func_c_0x100004fde,6,True
func_c_0x100005009,42,True
func_c_0x100005059,-158,False
func_c_0x1000050cd,242,True
func_c_0x1000050d7,-820,False
func_c_0x1000051c4,512,False
func_c_0x10000521e,524,False
func_c_0x100005223,37,True
func_c_0x100005228,139,True
func_c_0x1000053fc,-418,True
func_c_0x1000055b7,-866,True
func_c_0x100005604,195,True
func_c_0x1000056fa,551,True
func_c_0x1000056fc,-87,True
func_c_0x1000056ff,-852,True
func_c_0x10000589d,-648,True
func_c_0x1000058a8,763,True
func_c_0x1000058c1,-704,True
func_c_0x10000597d,-410,True
func_c_0x10000598a,211,False
func_c_0x100005c0b,-463,True
func_c_0x100005c20,443,False
func_c_0x100005f56,-756,True
func_c_0x10000612a,523,True
func_c_0x1000061d0,807,True
func_c_0x100006500,-585,True
func_c_0x100006515,-914,False
func_c_0x1000071ec,438,True
func_c_0x100007494,-314,False
func_c_0x100007549,-130,True
func_c_0x100007555,383,False
func_c_0x100007562,626,True
func_c_0x100007569,641,False
func_c_0x100007a0f,565,False
func_c_0x100007ea5,171,True
func_c_0x1000082c1,-198,True
func_c_0x1000082e2,-1,False
func_c_0x1000082fb,-421,True
func_ce_0x1000015a3,-566,True
func_ce_0x1000015ba,810,True
func_ce_0x1000015bc,723,True
func_ce_0x100001d5a,111,True
func_ce_0x100003677,695,False
func_ce_0x10000367b,-265,False
func_ce_0x100003b77,-519,True
func_ce_0x100003bbc,-580,False
func_ce_0x100003bbe,-417,True
func_ce_0x100003bc2,396,False
func_ce_0x1000043c8,-349,True
func_ce_0x100004405,-236,False
func_ce_0x100004820,10,True
func_ce_0x100004826,-622,True
func_ce_0x1000048a1,-922,True
func_ce_0x10000536b,-386,True
func_ce_0x1000053a1,154,False
func_ce_0x1000060f7,-753,True
func_ce_0x100006100,224,True
func_ce_0x10000622e,556,False
func_ce_0x1000063c5,994,False
func_ce_0x10000657c,625,False
func_ce_0x100006586,484,True
func_ce_0x100006592,-414,True
func_ce_0x100006c46,-278,False
func_ce_0x100006c51,-714,False
func_ce_0x100006c59,62,False
func_ce_0x100006f18,-806,False
func_ce_0x100006f47,-848,False
func_ce_0x1000074ab,590,False
func_ce_0x1000074c7,890,True
func_ce_0x1000075fa,-449,True
func_ce_0x1000078e4,156,False
func_ce_0x1000078e6,-56,False
func_ce_0x1000078e8,404,False
func_ce_0x10000799f,-687,False
func_ce_0x100007e75,172,True
func_cn_0x100006d73,-331,False
func_cn_0x1000081ef,95,False
func_cn_0x1000081f3,-492,True
func_cn_0x1000081f7,-486,False
func_cn_0x1000081f9,-871,True
func_cn_0x1000081fb,-218,False
func_cn_0x100008276,-269,True
func_cn_0x100008280,377,True
func_ct_0x1000026c2,599,True
func_d0_0x100000694,-263,True
func_d0_0x1000006a0,471,True
func_d0_0x100002d67,-695,True
func_d0_0x100002db5,-460,True
func_d0_0x100002e9e,157,True
func_d0_0x100002ea1,361,False
func_d0_0x100002eb2,169,True
func_d0_0x100002ebe,103,False
func_d0_0x100002ec6,-11,True
func_d0_0x100002edb,-307,False
func_d0_0x100002ee1,-456,True
func_d0_0x100002ee7,761,True
func_d0_0x100002ee9,-595,True
func_d0_0x100002eed,-179,False
func_d0_0x100002eef,-522,True
func_d0_0x100002ef1,734,False
func_d0_0x100002efb,-458,True
func_d0_0x100005aba,-30,True
func_d0_0x100005abc,90,True
func_d0_0x100005abe,77,True
func_d0_0x100005ac6,969,False
func_d0_0x100006d6d,830,False
func_d0_0x1000081fd,-608,False
func_d0_0x10000821f,471,False
func_d0_0x100008223,-942,True
func_d0_0x100008225,522,True
func_d0_0x100008227,-717,True
func_d_0x100000144,536,True
func_d_0x1000001b2,-60,False
func_d_0x10000023c,-495,True
func_d_0x10000024d,-198,False
func_d_0x1000002d6,151,True
func_d_0x1000002fc,-712,True
func_d_0x1000002ff,-683,False
func_d_0x10000039b,-944,True
func_d_0x1000003f8,-187,True
func_d_0x10000040f,681,True
func_d_0x10000044c,-899,True
func_d_0x1000007ae,397,False
func_d_0x10000087b,851,True
func_d_0x1000008bf,53,True
func_d_0x10000093a,174,False
func_d_0x100001624,698,False
func_d_0x10000194e,550,False
func_d_0x100001960,-288,True
func_d_0x10000198c,-68,True
func_d_0x100001a2b,-53,False
func_d_0x100001b89,-504,False
func_d_0x100001cf9,419,False
func_d_0x100001fb1,539,False
func_d_0x100002501,845,True
func_d_0x100002b36,169,False
func_d_0x100002f6c,-606,True
func_d_0x100002f9c,-117,False
func_d_0x100002fa0,779,True
func_d_0x100003028,-289,False
func_d_0x10000308b,-937,False
func_d_0x100003091,-38,True
func_d_0x100003099,699,True
func_d_0x10000309e,-51,True
func_d_0x1000030dc,762,True
func_d_0x1000030fb,750,False
func_d_0x100003161,0,True
func_d_0x1000031b5,701,True
func_d_0x1000031ca,667,True
func_d_0x1000031dc,295,False
func_d_0x100003225,-12,False
func_d_0x10000324d,498,True
func_d_0x1000032a2,184,True
func_d_0x100003370,346,True
func_d_0x100003384,843,False
func_d_0x10000338b,955,False
func_d_0x10000338d,350,True
func_d_0x1000033a5,129,True
func_d_0x1000033b0,76,False
func_d_0x1000033eb,171,True
func_d_0x1000033f0,540,True
func_d_0x1000035c7,102,True
func_d_0x10000381d,321,True
func_d_0x100004127,82,True
func_d_0x1000041cb,938,False
func_d_0x1000041d3,43,True
func_d_0x100004274,457,True
func_d_0x100004276,962,False
func_d_0x10000457e,-786,True
func_d_0x100004589,257,True
func_d_0x1000046b9,848,True
func_d_0x1000046e8,854,False
func_d_0x100004767,419,True
func_d_0x10000478a,-357,True
func_d_0x1000047b5,352,False
func_d_0x100004833,123,True
func_d_0x10000483e,-511,False
func_d_0x100004844,296,False
func_d_0x1000048ca,695,True
func_d_0x100004954,-6,False
func_d_0x100004aac,-208,True
func_d_0x100004ada,-637,True
func_d_0x100004b0a,464,True
func_d_0x100004bb3,975,False
func_d_0x100004c4d,122,False
func_d_0x100004d39,905,False
func_d_0x100004f3c,-453,False
func_d_0x100004f6b,-220,True
func_d_0x100004ff3,-665,False
func_d_0x1000051c7,-47,False
func_d_0x100005443,-90,False
func_d_0x1000058a4,-635,True
func_d_0x100005b80,263,False
func_d_0x100005c06,-754,False
func_d_0x100005c0d,-877,False
func_d_0x100005c0f,524,False
func_d_0x100005c14,440,True
func_d_0x100005c1b,242,False
func_d_0x100005c1d,-337,True
func_d_0x100005c24,-886,False
func_d_0x100005c26,775,True
func_d_0x100005e91,-580,False
func_d_0x100006084,-125,False
func_d_0x10000627a,960,True
func_d_0x10000647a,706,False
func_d_0x100006486,-757,True
func_d_0x100006517,883,True
func_d_0x1000065db,81,False
func_d_0x10000671c,967,True
func_d_0x1000067a4,-698,False
func_d_0x1000072fe,259,False
func_d_0x100007389,883,False
func_d_0x1000073cb,507,True
func_d_0x1000078d4,-636,True
func_d_0x100007c20,81,True
func_de_0x10000166b,591,False
func_de_0x10000166f,704,True
func_de_0x100001685,920,True
func_de_0x100001687,885,True
func_de_0x100001798,82,True
func_de_0x100001915,-185,True
func_de_0x100001d5f,-392,True
func_de_0x100002fa6,-430,False
func_de_0x100004ebb,487,True
func_de_0x100004ebd,655,True
func_de_0x100004ebf,-848,False
func_de_0x100004ec5,867,False
func_de_0x100005372,-444,True
func_de_0x100005374,-300,False
func_de_0x100005382,-522,True
func_de_0x100005725,-95,True
func_de_0x100005730,-31,True
func_de_0x100006116,-791,False
func_de_0x10000611d,-356,False
func_de_0x10000645c,-472,True
func_de_0x100006462,459,False
func_de_0x100006582,743,False
func_de_0x10000659a,487,True
func_de_0x10000659c,-390,False
func_de_0x10000673b,745,False
func_de_0x100006c48,197,True
func_de_0x100006c57,1014,False
func_de_0x100006c64,-315,True
func_de_0x1000071ca,-580,False
func_de_0x1000074ed,78,False
func_de_0x1000078ec,888,False
func_de_0x100007e12,-101,False
func_de_0x100007e14,185,False
func_de_0x100007e1d,677,True
func_de_0x100007e21,-370,True
func_de_0x100007e27,-458,True
func_de_0x100007e71,929,True
func_dn_0x100002254,266,True
func_dr_0x10000210f,-514,False
func_dr_0x100002134,822,True
func_dr_0x100002214,966,True
func_dr_0x10000221e,-747,False
func_dr_0x100002446,334,True
func_dt_0x100001f23,326,True
func_dt_0x1000035b0,932,False
func_dt_0x100004dc0,-532,False
func_dt_0x100006753,-560,True
func_dt_0x100006757,-94,True
func_dt_0x100006759,166,False
func_dt_0x10000676b,323,True
func_dt_0x10000705c,804,False
func_dt_0x1000074dd,-694,True
func_dt_0x1000076aa,-744,True
func_dt_0x1000076ac,460,False
func_dt_0x1000076b6,217,True
func_dt_0x1000076b8,-153,True
func_dt_0x1000076ba,177,False
func_e0_0x100000658,636,True
func_e0_0x10000065a,371,True
func_e0_0x10000068a,-543,True
func_e0_0x100000698,-584,True
func_e0_0x10000069a,-343,False
func_e0_0x1000006ae,-387,False
func_e0_0x100002602,-193,True
func_e0_0x100002d8b,1024,False
func_e0_0x100002d8d,-531,False
func_e0_0x100002d8f,902,False
func_e0_0x100002d91,952,True
func_e0_0x100002d93,636,False
func_e0_0x100002d95,542,False
func_e0_0x100002d99,130,False
func_e0_0x100002d9b,-813,False
func_e0_0x100002d9d,-706,True
func_e0_0x100002da9,-768,True
func_e0_0x100002dad,625,False
func_e0_0x100002daf,-266,False
func_e0_0x100002db1,-274,False
func_e0_0x100002e9c,-725,True
func_e0_0x100002ea5,-376,False
func_e0_0x100002ea8,-645,False
func_e0_0x100002eb6,-39,True
func_e0_0x100002eca,840,False
func_e0_0x100002ed6,171,True
func_e0_0x100002edd,-560,False
func_e0_0x100002edf,247,True
func_e0_0x100002ee5,-939,True
func_e0_0x100002eeb,388,True
func_e0_0x100002ef5,285,False
func_e0_0x100002ef7,884,True
func_e0_0x100002ef9,379,False
func_e0_0x100002efd,648,True
func_e0_0x100002f02,-631,True
func_e0_0x100005a8d,327,False
func_e0_0x100006d67,-241,True
func_e0_0x100006d88,-554,True
func_e0_0x1000081e2,86,True
func_e0_0x1000081e4,-276,True
func_e0_0x100008278,807,False
func_e0_0x100008282,-483,True
func_e_0x100000011,-807,True
func_e_0x100000047,-386,True
func_e_0x100000266,918,True
func_e_0x100000399,862,False
func_e_0x1000003e0,987,False
func_e_0x1000003ff,-949,False
func_e_0x100000428,843,False
func_e_0x100000861,526,False
func_e_0x10000086c,-934,True
func_e_0x100000883,760,False
func_e_0x1000008bb,-725,True
func_e_0x1000008d5,-339,False
func_e_0x1000008dc,-388,False
func_e_0x1000008de,-368,False
func_e_0x1000008e5,711,False
func_e_0x1000008fb,204,False
func_e_0x100000932,655,False
func_e_0x1000015aa,-712,True
func_e_0x10000191d,761,True
func_e_0x100001bee,38,False
func_e_0x100001ec9,-146,True
func_e_0x100001efc,561,False
func_e_0x100001efe,-646,True
func_e_0x100001f17,346,True
func_e_0x100001f31,562,False
func_e_0x100001f3a,-860,True
func_e_0x100001f3d,-3,False
func_e_0x100001f40,-703,False
func_e_0x100001f58,597,False
func_e_0x100001f5c,-717,False
func_e_0x100001f5f,748,True
func_e_0x10000248b,-488,True
func_e_0x10000248f,813,False
func_e_0x100002491,65,False
func_e_0x100002517,-310,False
func_e_0x1000026ba,921,False
func_e_0x1000033fa,935,False
func_e_0x1000034c0,-100,False
func_e_0x1000043e3,494,False
func_e_0x1000043e7,-888,True
func_e_0x10000456c,139,False
func_e_0x10000458d,-233,False
func_e_0x100004592,1000,True
func_e_0x100004595,-245,True
func_e_0x10000459c,-312,False
func_e_0x1000045be,373,True
func_e_0x1000045c1,39,True
func_e_0x1000045d3,-132,True
func_e_0x100004c6f,354,True
func_e_0x100004dd6,633,False
func_e_0x10000502a,709,False
func_e_0x10000502e,-191,True
func_e_0x100005177,-397,False
func_e_0x100005191,-9,False
func_e_0x100005197,-53,False
func_e_0x10000610b,439,True
func_e_0x100006453,79,True
func_e_0x100006457,-277,False
func_e_0x10000732a,915,True
func_e_0x10000735a,230,False
func_e_0x100007a8f,794,True
func_e_0x100007c92,-152,True
func_e_0x100008300,-802,True
func_ee_0x100001683,113,True
func_ee_0x10000178f,-61,True
func_ee_0x100001792,-933,False
func_ee_0x100002599,631,True
func_ee_0x1000034a4,561,False
func_ee_0x1000034a8,-560,True
func_ee_0x1000034ac,-742,False
func_ee_0x1000034b8,-81,True
func_ee_0x1000034df,886,False
func_ee_0x1000034e9,-666,True
func_ee_0x100003518,-408,True
func_ee_0x10000351c,96,False
func_ee_0x10000351e,-746,True
func_ee_0x100003520,760,True
func_ee_0x100003b86,-736,True
func_ee_0x100003bbb,-636,False
func_ee_0x10000563e,-583,False
func_ee_0x100005640,-857,False
func_ee_0x100005642,-162,True
func_ee_0x100005644,72,True
func_ee_0x100005743,225,True
func_ee_0x100005e66,-420,True
func_ee_0x100005e68,31,False
func_ee_0x100005e6a,588,False
func_ee_0x100005e6e,-13,True
func_ee_0x100005e70,-404,False
func_ee_0x100005e76,-276,True
func_ee_0x100005e7c,71,True
func_ee_0x100005e7e,526,False
func_ee_0x100005eed,802,True
func_ee_0x1000060f4,228,True
func_ee_0x10000611a,590,False
func_ee_0x100006240,-292,True
func_ee_0x10000624d,714,False
func_ee_0x10000625a,18,True
func_ee_0x100006460,-726,False
func_ee_0x100006464,-411,True
func_ee_0x10000657b,1034,True
func_ee_0x100006c4a,100,False
func_ee_0x100006c5c,321,False
func_ee_0x100006c62,-826,True
func_ee_0x100006c6a,426,True
func_ee_0x100006ce6,490,False
func_ee_0x100006ce8,226,False
func_ee_0x100007287,-516,False
func_ee_0x1000078e3,-950,False
func_ei_0x1000029f2,-383,False
func_en_0x1000025f8,788,False
func_en_0x1000025fa,745,False
func_en_0x100002ed2,-684,False
func_en_0x100002ed4,107,True
func_en_0x100002f00,770,False
func_en_0x100006d91,-703,True
func_er_0x10000576f,-409,False
func_er_0x100005771,-31,False
func_er_0x1000057cb,398,False
func_er_0x1000057cd,-496,True
func_er_0x1000057d1,-33,True
func_er_0x1000057d6,62,True
func_er_0x1000057e4,-541,False
func_et_0x1000018bd,-23,False
func_et_0x1000065f6,-733,False
func_et_0x100006682,-354,True
func_et_0x10000668c,694,True
func_et_0x1000066c9,626,False
func_et_0x1000066e3,-430,True
func_et_0x1000066ed,-135,True
func_et_0x10000670c,903,True
func_et_0x100006712,958,True
func_et_0x100006719,753,True
func_et_0x100006a01,5,True
func_et_0x100006a26,-387,False
func_et_0x100006a41,-230,True
func_et_0x100006a61,-537,False
func_f_0x100000096,-930,False
func_f_0x100000163,-373,True
func_f_0x1000002dd,-387,True
func_f_0x100000836,-717,False
func_f_0x1000008c2,559,True
func_f_0x10000162f,-652,True
func_f_0x100001961,1027,True
func_f_0x100001971,-137,False
func_f_0x10000199e,61,True
func_f_0x100001a22,757,True
func_f_0x100001a39,491,False
func_f_0x100001a74,-136,True
func_f_0x100001ac5,272,True
func_f_0x100001b92,718,True
func_f_0x100001bcd,1017,False
func_f_0x100001bd0,1004,True
func_f_0x100001bd5,-162,True
func_f_0x100001cd8,26,False
func_f_0x100001d06,-874,True
func_f_0x100001fc3,90,False
func_f_0x100003092,-395,False
func_f_0x1000030a2,168,False
func_f_0x1000031ae,-940,True
func_f_0x1000031f4,348,True
func_f_0x1000031f8,-457,True
func_f_0x1000031fb,595,True
func_f_0x1000032ac,-941,False
func_f_0x100003377,816,True
func_f_0x100003379,587,False
func_f_0x10000339f,-723,False
func_f_0x1000033a1,580,False
func_f_0x1000033b4,-179,True
func_f_0x100003401,-461,True
func_f_0x100003467,-543,False
func_f_0x1000035c8,717,False
func_f_0x1000036b5,873,True
func_f_0x10000373c,900,True
func_f_0x1000037e1,-453,True
func_f_0x1000037e7,491,True
func_f_0x100003804,227,False
func_f_0x100003816,-337,True
func_f_0x1000038a3,329,False
func_f_0x1000038f2,946,False
func_f_0x100003cc0,-436,False
func_f_0x100003cc2,-17,False
func_f_0x100003cc4,-125,False
func_f_0x100003d0d,-631,True
func_f_0x100003d5f,-65,False
func_f_0x100004189,-638,False
func_f_0x10000418b,423,True
func_f_0x100004190,-900,True
func_f_0x1000041da,-197,False
func_f_0x1000041de,372,False
func_f_0x1000041e0,-184,True
func_f_0x10000462d,-584,False
func_f_0x1000047b2,399,False
func_f_0x1000047bf,-641,False
func_f_0x1000047c1,-864,False
func_f_0x1000048c2,1040,False
func_f_0x100004ad0,-860,False
func_f_0x100004b2b,362,True
func_f_0x100004bb0,-543,True
func_f_0x100004cf9,-365,True
func_f_0x100004d05,857,False
func_f_0x100004e76,-830,True
func_f_0x100004f86,-611,True
func_f_0x1000050dd,753,True
func_f_0x1000050fb,-851,True
func_f_0x10000510f,744,True
func_f_0x100005263,764,False
func_f_0x1000052b4,-29,False
func_f_0x1000052e5,-811,True
func_f_0x100005332,156,True
func_f_0x1000055b8,-208,False
func_f_0x100005707,476,False
func_f_0x100005b8f,970,True
func_f_0x100005e97,164,True
func_f_0x100005f40,737,True
func_f_0x100006057,-427,False
func_f_0x10000616c,223,True
func_f_0x1000061c9,54,True
func_f_0x1000065c7,-492,True
func_f_0x1000065cb,75,True
func_f_0x100006828,-581,True
func_f_0x1000075c2,475,True
func_f_0x1000076c5,561,True
func_f_0x100007a29,-564,False
func_fe_0x100001599,588,False
func_fe_0x1000015a6,-649,True
func_fe_0x100001662,268,True
func_fe_0x100001674,-227,True
func_fe_0x10000168c,392,False
func_fe_0x100001794,958,True
func_fe_0x100001d58,764,True
func_fe_0x1000034b4,915,True
func_fe_0x1000034ce,-141,False
func_fe_0x1000034d6,859,False
func_fe_0x1000034dd,36,True
func_fe_0x1000034e1,711,True
func_fe_0x10000351a,20,False
func_fe_0x100004b78,-278,True
func_fe_0x100004e72,-236,False
func_fe_0x10000553b,608,True
func_fe_0x100005e64,-371,False
func_fe_0x100005e72,495,True
func_fe_0x100005e74,221,True
func_fe_0x100005e7a,-857,True
func_fe_0x100005e80,885,True
func_fe_0x1000060f2,432,False
func_fe_0x100006103,-791,True
func_fe_0x100006108,285,False
func_fe_0x1000061ef,999,False
func_fe_0x1000061f6,-80,False
func_fe_0x100006236,-493,True
func_fe_0x10000623a,755,False
func_fe_0x100006247,-388,False
func_fe_0x100006256,-585,True
func_fe_0x1000064c3,-856,True
func_fe_0x100006b96,1032,True
func_fe_0x100006ce4,46,True
func_fe_0x100007328,-111,True
func_fe_0x1000079b1,-484,False
func_fe_0x1000079b7,935,True
func_fe_0x1000079be,51,False
func_fe_0x100007c60,375,True
func_fe_0x100007e67,-335,True
func_fe_0x100007e6d,643,True
func_fn_0x100007770,132,True
func_fn_0x100007774,656,True
func_fn_0x100007776,-114,True
func_fn_0x10000777c,718,True
func_fn_0x10000777e,-705,True
func_fn_0x1000081cc,-186,False
func_fn_0x1000081de,-128,False
func_fn_0x1000081e0,-492,True
func_fn_0x1000082a5,662,True
func_fo_0x10000404b,35,False
func_fo_0x10000404e,695,True
func_fr_0x10000279c,-843,False
func_fr_0x10000279f,-638,False
func_fr_0x1000027a9,947,False
func_fr_0x10000281d,-448,False
func_fr_0x10000281f,-801,True
func_fr_0x100002955,-720,False
func_fr_0x1000029ab,225,True
func_ft_0x100001d93,692,False
func_ft_0x100001eb9,563,True
func_ft_0x100001ec6,959,True
func_ft_0x100001ece,-194,True
func_ft_0x1000026aa,859,False
func_ft_0x1000026ac,-418,False
func_ft_0x1000026ae,53,False
func_ft_0x1000026b0,775,True
func_ft_0x100003591,265,False
func_ft_0x100003597,-302,True
func_ft_0x10000359d,62,True
func_ft_0x1000035b6,-818,True
func_ft_0x1000035c2,98,True
func_ft_0x100003682,817,False
func_ft_0x100005170,226,True
func_ft_0x10000517e,-33,True
func_ft_0x10000518c,1003,False
func_ft_0x10000518e,-57,False
func_ft_0x100005195,579,False
func_ft_0x100006110,415,True
func_ft_0x1000065a8,-110,False
func_ft_0x100006b29,11,True
func_ft_0x100007043,-729,True
func_ft_0x10000737a,-682,True
func_ft_0x100007af9,7,False
func_ft_0x100007b01,466,True
func_ft_0x100007b09,-721,True
func_ft_0x100007e7a,539,True
func_ft_0x100007e7c,535,True
func_g_0x100000133,-651,False
func_g_0x100000137,-614,True
func_g_0x10000015f,-611,False
func_g_0x100000164,716,True
func_g_0x100000223,535,False
func_g_0x1000002e7,680,True
func_g_0x1000002e9,870,True
func_g_0x1000002eb,1003,True
func_g_0x1000002ed,632,True
func_g_0x1000002ef,967,False
func_g_0x1000002f1,-619,False
func_g_0x100000840,774,True
func_g_0x100000844,-636,False
func_g_0x100000848,-731,True
func_g_0x1000008c3,58,False
func_g_0x1000008c8,870,False
func_g_0x10000155f,473,True
func_g_0x100001a41,403,False
func_g_0x100001a84,115,True
func_g_0x100001a8f,-862,True
func_g_0x100001a91,341,True
func_g_0x100001aa3,871,False
func_g_0x100001c05,620,True
func_g_0x100001de5,-580,True
func_g_0x100002504,260,False
func_g_0x100002ae7,-639,False
func_g_0x100002aed,90,False
func_g_0x100002af3,44,True
func_g_0x100002af5,-185,False
func_g_0x100002af9,-320,False
func_g_0x100003004,-381,False
func_g_0x1000030d1,360,False
func_g_0x1000030d5,-933,True
func_g_0x1000030d9,-489,False
func_g_0x10000311d,-554,True
func_g_0x100003128,635,False
func_g_0x10000314d,0,False
func_g_0x10000314f,-401,True
func_g_0x100003151,327,False
func_g_0x100003153,1013,True
func_g_0x100003155,893,True
func_g_0x100003222,795,True
func_g_0x1000032bc,199,False
func_g_0x1000032be,110,False
func_g_0x1000032c2,118,False
func_g_0x1000032c4,871,True
func_g_0x10000340a,68,False
func_g_0x10000347c,-215,True
func_g_0x100003490,-861,True
func_g_0x1000036ef,415,True
func_g_0x1000036f7,876,True
func_g_0x1000036f9,177,False
func_g_0x100003700,706,False
func_g_0x10000376c,-190,True
func_g_0x1000037ef,-193,False
func_g_0x1000037fc,95,False
func_g_0x100003894,834,False
func_g_0x10000389d,711,True
func_g_0x100003915,-190,True
func_g_0x10000396e,-416,True
func_g_0x100003b2e,-333,False
func_g_0x100003b30,780,False
func_g_0x10000410e,408,False
func_g_0x10000415a,341,True
func_g_0x100004180,-775,False
func_g_0x10000419b,-774,True
func_g_0x1000041e3,638,True
func_g_0x100004500,659,True
func_g_0x100004502,-476,False
func_g_0x10000450a,-758,True
func_g_0x1000048f0,-809,False
func_g_0x1000048f2,-334,True
func_g_0x10000493e,-270,True
func_g_0x1000049c9,307,True
func_g_0x1000049cd,463,True
func_g_0x1000049de,64,True
func_g_0x100004b5b,-48,False
func_g_0x100004bb6,-948,True
func_g_0x100004bba,233,False
func_g_0x100004bbc,-678,True
func_g_0x100004be6,905,True
func_g_0x100004cc6,609,True
func_g_0x100004cc8,-354,True
func_g_0x100004ccc,402,True
func_g_0x100004cce,-132,True
func_g_0x100004cd0,-458,False
func_g_0x100004d1e,292,False
func_g_0x100004d61,474,False
func_g_0x100004e7c,274,True
func_g_0x100004f47,-20,True
func_g_0x100004f49,925,True
func_g_0x100004f4b,-190,False
func_g_0x10000501d,492,True
func_g_0x100005025,336,True
func_g_0x1000050db,97,True
func_g_0x1000050e7,1025,True
func_g_0x1000050e9,170,True
func_g_0x1000050f1,380,False
func_g_0x1000051ca,539,False
func_g_0x1000059b9,766,False
func_g_0x10000607f,389,True
func_g_0x10000646a,-404,False
func_g_0x10000672c,592,False
func_g_0x100006829,-674,False
func_g_0x10000684b,-337,False
func_g_0x100006850,980,False
func_g_0x1000069fd,386,True
func_g_0x100006e2c,764,False
func_g_0x10000719f,796,True
func_g_0x1000071a1,-666,False
func_g_0x1000071a7,-210,False
func_g_0x1000073cc,882,False
func_g_0x10000756c,737,True
func_g_0x1000075ab,489,True
func_g_0x1000075b3,851,True
func_g_0x1000075b5,-215,False
func_g_0x1000075b9,646,True
func_g_0x1000079d7,-680,True
func_g_0x100007adc,-140,True
func_g_0x100007c18,-603,False
func_g_0x100007fb8,177,False
func_gc_0x1000029fd,-139,False
func_ge_0x100001b0e,635,True
func_ge_0x100001b12,-516,False
func_ge_0x100001b14,514,True
func_ge_0x1000039ea,829,False
func_ge_0x100003c4a,445,False
func_ge_0x100003c6c,962,True
func_ge_0x100003c76,-11,False
func_ge_0x100003c7a,-593,True
func_ge_0x100003c7c,-226,False
func_ge_0x1000054d2,57,False
func_ge_0x1000054d4,417,True
func_ge_0x1000054dc,-831,False
func_ge_0x1000054de,367,True
func_ge_0x1000054e2,436,True
func_ge_0x1000054e6,214,True
func_ge_0x1000054ec,991,True
func_ge_0x1000054ee,-663,False
func_ge_0x1000054f8,-934,False
func_ge_0x1000054fa,342,False
func_ge_0x100005500,-636,False
func_ge_0x100005502,989,True
func_ge_0x100005504,283,False
func_ge_0x10000550c,405,True
func_ge_0x10000550e,-304,True
func_ge_0x100005510,-390,False
func_ge_0x100005514,-177,True
func_ge_0x100005516,-61,True
func_ge_0x10000551a,550,False
func_ge_0x100005522,-538,False
func_ge_0x100005524,-205,False
func_ge_0x100007db7,10,False
func_ge_0x100007e3b,266,True
func_ge_0x100007e3d,-528,False
func_ge_0x100007e41,-166,False
func_ge_0x100007ef2,1015,True
func_ge_0x100007ef6,-718,True
func_ge_0x100007ef8,-719,False
func_ge_0x100007efa,748,False
func_ge_0x100007efc,566,True
func_ge_0x100007efe,-236,True
func_ge_0x100007f00,834,False
func_ge_0x100007f06,-301,False
func_ge_0x100007f08,756,False
func_ge_0x100008040,309,False
func_ge_0x100008076,-116,False
func_ge_0x100008078,256,True
func_ge_0x10000807a,133,False
func_ge_0x100008080,573,True
func_ge_0x10000808c,565,False
func_ge_0x100008090,-466,False
func_ge_0x100008098,374,True
func_ge_0x1000080a4,-751,False
func_gn_0x100002d6e,716,False
func_gn_0x100005acd,-251,True
func_gn_0x100005da1,-667,True
func_gn_0x100005da6,-740,True
func_gn_0x10000823a,-456,True
func_gr_0x100002dba,-42,True
func_gr_0x100002dbe,898,False
func_gr_0x100002dc0,-109,True
func_gr_0x100002dc2,76,True
func_gr_0x100002dc6,905,True
func_gr_0x100002dc8,621,False
func_gr_0x100002dce,-462,False
func_gr_0x100002dd0,682,True
func_gr_0x100002dd2,-885,True
func_gr_0x100002dd6,-47,False
func_gr_0x100002ddc,967,True
func_gr_0x100002dde,-689,True
func_gr_0x100002de4,1004,False
func_gr_0x100002de6,-309,True
func_gr_0x100002dec,-533,True
func_gr_0x100002dee,417,False
func_gr_0x100002df6,-281,True
func_gr_0x1000077c7,-366,True
func_gr_0x1000077cb,1002,True
func_gt_0x10000048c,-886,False
func_gt_0x1000066ac,-486,True
func_gt_0x1000066e5,-334,False
func_gt_0x10000692d,568,False
func_gt_0x100006a48,44,True
func_gt_0x100006f5c,315,True
func_gt_0x100006f7f,837,False
func_gt_0x100006f81,-614,False
func_gt_0x10000701f,144,False
func_gt_0x100007023,-454,True
func_gt_0x100007025,906,False
func_gt_0x10000702b,-399,False
func_gt_0x10000702f,-607,False
func_gt_0x100007033,537,True
func_h0_0x1000006c9,626,False
func_h0_0x100001821,-469,False
func_h0_0x100001823,-509,True
func_h0_0x100002ba4,292,True
func_h0_0x100002ba8,-138,True
func_h0_0x100006430,854,False
func_h0_0x10000668f,-666,True
func_h0_0x1000066b7,733,False
func_h0_0x100006f55,100,True
func_h0_0x100006f58,-622,True
func_h0_0x1000077b2,963,True
func_h_0x1000001bd,681,True
func_h_0x1000001c6,411,False
func_h_0x1000001d2,548,False
func_h_0x1000001e1,-60,True
func_h_0x10000027d,692,False
func_h_0x100000306,310,True
func_h_0x1000017de,281,True
func_h_0x10000197d,-393,False
func_h_0x100001981,542,True
func_h_0x100001983,138,True
func_h_0x100001985,-755,True
func_h_0x100001989,-676,True
func_h_0x100001a35,-296,True
func_h_0x100001a3a,-906,True
func_h_0x100001a8d,186,False
func_h_0x100001a95,-775,True
func_h_0x100001be0,557,False
func_h_0x100001c00,853,False
func_h_0x100001c9c,1041,False
func_h_0x100001c9e,140,True
func_h_0x100001dc6,-492,False
func_h_0x100002f6d,-613,True
func_h_0x10000310b,-590,False
func_h_0x10000312b,457,True
func_h_0x1000031e0,-74,False
func_h_0x100003480,-358,True
func_h_0x1000038d7,-808,True
func_h_0x100003981,-636,True
func_h_0x100003b32,564,True
func_h_0x100003b38,-562,False
func_h_0x100003ca0,-178,False
func_h_0x100003ccd,838,True
func_h_0x100003cd3,311,False
func_h_0x100003d13,-794,True
func_h_0x1000041ee,55,False
func_h_0x1000041f5,-874,False
func_h_0x100004263,-351,True
func_h_0x10000461a,-469,True
func_h_0x10000471b,1023,True
func_h_0x100004736,441,True
func_h_0x10000499a,315,False
func_h_0x1000049e2,484,False
func_h_0x100004ade,-584,True
func_h_0x100004b2c,1023,True
func_h_0x100004bc7,-444,True
func_h_0x100004bda,-165,False
func_h_0x100004ce5,97,True
func_h_0x100004ce7,373,False
func_h_0x100004d0b,1026,True
func_h_0x100004d62,540,False
func_h_0x100004e87,-932,False
func_h_0x100004f74,664,True
func_h_0x100004f76,-740,True
func_h_0x100005109,996,False
func_h_0x10000523b,872,False
func_h_0x1000056b7,494,False
func_h_0x1000056bd,1008,False
func_h_0x10000607b,339,False
func_h_0x10000607d,436,True
func_h_0x10000608c,968,True
func_h_0x100006157,1015,True
func_h_0x100006161,59,True
func_h_0x10000617d,-669,True
func_h_0x100006358,34,True
func_h_0x100006374,479,True
func_h_0x10000648c,-522,False
func_h_0x10000648e,695,True
func_h_0x100006490,-470,True
func_h_0x100006797,-426,True
func_h_0x100006799,-328,True
func_h_0x100006813,294,False
func_h_0x100006817,321,False
func_h_0x100006848,-640,False
func_h_0x100006854,1002,False
func_h_0x1000069fb,-561,True
func_h_0x1000071a5,82,False
func_h_0x1000075c5,-232,False
func_h_0x1000075e4,413,False
func_h_0x1000075e8,267,False
func_h_0x1000075ea,453,True
func_h_0x1000076ce,252,False
func_h_0x1000079cf,511,False
func_h_0x1000079d5,-305,True
func_h_0x100007a2c,687,True
func_h_0x100007af0,954,False
func_h_0x100007b3e,-449,True
func_h_0x100007ba6,-426,True
func_h_0x100007c41,1025,True
func_he_0x100006417,909,True
func_he_0x1000066ce,-463,True
func_he_0x1000066de,-732,False
func_he_0x1000066f4,-337,True
func_he_0x100007788,-118,False
func_he_0x1000078b6,-386,False
func_he_0x1000078b8,-497,False
func_hn_0x100001af6,872,False
func_hn_0x1000039f2,868,False
func_hn_0x100003a03,385,False
func_hn_0x100003a07,-158,True
func_hn_0x100005774,613,False
func_hn_0x1000057a1,49,True
func_hn_0x100007073,420,True
func_ht_0x100000493,-57,True
func_ht_0x1000006b7,317,False
func_ht_0x1000006f1,522,True
func_ht_0x1000006f6,-163,False
func_ht_0x100005785,289,False
func_ht_0x100005789,311,True
func_ht_0x10000578b,-645,False
func_ht_0x10000578f,109,False
func_ht_0x100005791,783,True
func_ht_0x100005793,-318,False
func_ht_0x100005797,-350,False
func_ht_0x100005799,54,True
func_ht_0x10000579b,-779,False
func_ht_0x10000579d,-732,True
func_ht_0x1000068a5,-277,False
func_ht_0x1000068ad,820,False
func_ht_0x1000068af,-425,True
func_ht_0x1000068c5,-125,False
func_ht_0x1000068cb,-518,False
func_ht_0x1000068d1,904,False
func_ht_0x1000068d3,318,True
func_ht_0x1000068d5,-190,True
func_ht_0x1000068d9,126,False
func_ht_0x1000068df,-403,True
func_ht_0x1000068e1,-676,True
func_ht_0x1000068e5,445,False
func_ht_0x1000068ef,126,False
func_ht_0x1000068f3,-870,False
func_ht_0x1000068f5,804,True
func_ht_0x1000068f7,323,True
func_ht_0x1000068fb,-836,False
func_ht_0x1000068fd,-347,True
func_ht_0x1000068ff,1027,False
func_ht_0x100006901,433,False
func_ht_0x100006903,-468,False
func_ht_0x100006907,-108,True
func_ht_0x10000690b,723,False
func_ht_0x100006915,-781,False
func_ht_0x100006919,695,False
func_ht_0x10000691d,805,True
func_ht_0x10000691f,408,True
func_ht_0x100006921,741,False
func_ht_0x100006929,-85,True
func_ht_0x100006a0b,-453,True
func_ht_0x100006a13,852,False
func_ht_0x100006a15,-523,False
func_ht_0x100006a17,117,True
func_ht_0x100006a1e,409,False
func_ht_0x100006a22,259,True
func_ht_0x100006a24,694,True
func_ht_0x100006a2a,306,False
func_ht_0x100006a30,552,True
func_ht_0x100006a51,673,True
func_ht_0x100006a53,-472,False
func_ht_0x100006a55,256,True
func_ht_0x100006a57,326,False
func_ht_0x100006a5f,-35,False
func_ht_0x100006f9e,-71,True
func_hx_0x10000243a,943,True
func_hx_0x10000243c,162,True
func_i0_0x1000027de,328,True
func_i0_0x1000027ee,149,True
func_i0_0x1000027fe,-215,False
func_i0_0x100002803,-941,False
func_i0_0x100002855,772,False
func_i0_0x100002857,414,True
func_i0_0x1000028f4,767,True
func_i0_0x100002972,-505,True
func_i_0x100000002,-12,False
func_i_0x100000013,597,True
func_i_0x1000000b4,598,True
func_i_0x1000000c4,-251,True
func_i_0x10000017e,150,False
func_i_0x1000001a7,46,True
func_i_0x100000269,-122,False
func_i_0x10000026d,664,False
func_i_0x100000270,197,False
func_i_0x10000029f,179,False
func_i_0x1000002ca,-363,False
func_i_0x10000033a,637,False
func_i_0x100000345,763,False
func_i_0x100000365,381,True
func_i_0x100000368,809,False
func_i_0x1000003d8,-713,False
func_i_0x1000003dd,-757,False
func_i_0x1000003e8,899,True
func_i_0x1000003fa,1030,True
func_i_0x1000003fd,648,False
func_i_0x100000418,284,False
func_i_0x10000041a,304,True
func_i_0x10000041c,-268,True
func_i_0x10000041e,826,False
func_i_0x100000422,-546,True
func_i_0x10000042a,786,False
func_i_0x100000446,-674,True
func_i_0x100000464,-66,True
func_i_0x100000467,-8,False
func_i_0x10000046f,-440,False
func_i_0x100000472,-903,False
func_i_0x100000475,-281,False
func_i_0x100000478,-345,True
func_i_0x10000047e,-680,True
func_i_0x10000070f,-397,True
func_i_0x10000074c,-263,True
func_i_0x10000075d,5,False
func_i_0x100000764,566,False
func_i_0x10000077b,207,True
func_i_0x100000786,-865,False
func_i_0x1000007da,-161,False
func_i_0x1000007dc,285,False
func_i_0x1000007e0,-522,False
func_i_0x1000007e3,-733,True
func_i_0x10000080a,469,False
func_i_0x100000819,-183,True
func_i_0x100000854,-727,True
func_i_0x1000008b1,390,True
func_i_0x1000008bd,512,False
func_i_0x1000008cc,-388,False
func_i_0x100000903,-822,True
func_i_0x10000090e,-261,False
func_i_0x10000091e,867,True
func_i_0x100000920,65,True
func_i_0x100000922,-488,False
func_i_0x100000924,349,True
func_i_0x10000152a,-878,False
func_i_0x100001555,968,True
func_i_0x100001926,-735,False
func_i_0x10000194c,956,False
func_i_0x100001f38,297,False
func_i_0x100001f43,257,True
func_i_0x100001f48,-342,True
func_i_0x100001f4b,-462,True
func_i_0x100001f4e,-442,False
func_i_0x100001f51,-950,False
func_i_0x100001f55,289,False
func_i_0x100001f62,913,True
func_i_0x100001f65,-553,True
func_i_0x100001f6a,340,True
func_i_0x100001f6e,812,True
func_i_0x100001f71,-42,True
func_i_0x100001f75,-847,True
func_i_0x1000024c0,249,False
func_i_0x1000024c3,-932,True
func_i_0x1000024d2,-19,True
func_i_0x1000024d8,84,True
func_i_0x10000251a,-445,True
func_i_0x100002582,866,True
func_i_0x1000026b5,375,False
func_i_0x100002ad4,-848,False
func_i_0x100002f69,248,True
func_i_0x100003282,528,True
func_i_0x10000341c,543,False
func_i_0x10000342b,804,True
func_i_0x100003472,708,True
func_i_0x1000041be,636,True
func_i_0x100004568,-29,False
func_i_0x1000045a0,24,False
func_i_0x1000045a3,9,True
func_i_0x1000045b7,-502,False
func_i_0x1000045ba,-105,False
func_i_0x1000045d6,131,False
func_i_0x1000045de,-706,False
func_i_0x100004bf2,628,True
func_i_0x100004bf7,-317,True
func_i_0x100004bfc,-943,False
func_i_0x100004c04,450,False
func_i_0x100004c08,-23,True
func_i_0x100004c13,258,True
func_i_0x100004c16,-664,False
func_i_0x100004c48,-594,False
func_i_0x100004c56,-696,True
func_i_0x100004c66,-261,False
func_i_0x100004c75,373,False
func_i_0x100004c78,460,True
func_i_0x100004c83,-220,False
func_i_0x100004f36,102,True
func_i_0x1000056c7,226,True
func_i_0x1000056d2,496,True
func_i_0x1000056d6,975,False
func_i_0x1000058ba,-470,False
func_i_0x1000058d0,652,False
func_i_0x1000058d7,955,False
func_i_0x1000058df,173,False
func_i_0x100006868,-634,True
func_i_0x100006963,360,True
func_i_0x100006979,-490,False
func_i_0x100007dbe,954,False
func_i_0x100008000,746,True
func_i_0x1000082b3,-532,False
func_i_0x1000082b9,336,False
func_ie_0x1000015be,378,True
func_ie_0x1000015c0,-167,True
func_ie_0x1000015ef,-447,True
func_ie_0x100001663,-690,True
func_ie_0x100001665,653,False
func_ie_0x100001667,930,False
func_ie_0x100001669,-336,False
func_ie_0x10000166d,137,False
func_ie_0x100001678,604,True
func_ie_0x1000034ba,-432,True
func_ie_0x10000481b,546,False
func_ie_0x10000481e,-74,True
func_ie_0x100004ec9,-761,True
func_ie_0x10000537c,906,False
func_ie_0x1000053c3,483,False
func_ie_0x100005687,939,False
func_ie_0x100005723,743,True
func_ie_0x100005727,955,False
func_ie_0x1000063c7,1032,False
func_ie_0x1000063ca,-738,True
func_ie_0x1000064c4,-785,False
func_ie_0x100006580,-768,False
func_ie_0x100006596,257,False
func_ie_0x100006598,-591,True
func_ie_0x100006c53,844,True
func_ie_0x100006c60,-506,False
func_ie_0x1000071c3,-886,True
func_ie_0x1000071c8,-351,False
func_ie_0x1000078ea,-655,True
func_ie_0x1000079ba,654,False
func_ie_0x100007e68,-431,True
func_ie_0x100007e73,-743,False
func_ie_0x100007e77,-539,False
func_io_0x1000029a5,-512,True
func_io_0x100002a48,-834,False
func_io_0x100002a83,-707,False
func_ir_0x100003d94,-299,False
func_ir_0x100003d96,-858,True
func_ir_0x100003e82,-757,False
func_ir_0x100003fee,-956,False
func_ir_0x100003ff0,-759,False
func_ir_0x100004039,88,False
func_ir_0x100004051,588,True
func_ir_0x1000040a0,183,True
func_ir_0x1000040a2,443,False
func_ir_0x1000040a8,-626,True
func_ir_0x1000040aa,156,False
func_it_0x10000048e,110,False
func_it_0x1000057e3,47,True
func_it_0x10000582b,-785,True
func_it_0x1000063fe,748,False
func_it_0x1000065fa,-237,True
func_j0_0x10000181d,779,False
func_j0_0x100005a0c,857,False
func_j0_0x10000643b,-560,True
func_j0_0x10000695e,-198,True
func_j0_0x100006f6d,224,False
func_j0_0x100006f76,-195,False
func_j0_0x100006f7c,265,True
func_j0_0x100007764,-115,True
func_j0_0x100007768,-935,False
func_j_0x10000156f,20,True
func_j_0x100001632,-543,False
func_j_0x100001634,55,True
func_j_0x100001658,633,False
func_j_0x100001753,214,True
func_j_0x1000017ce,945,False
func_j_0x100001904,-84,False
func_j_0x10000190c,684,True
func_j_0x100001c3a,-192,False
func_j_0x100001c76,164,False
func_j_0x100001c7a,230,False
func_j_0x100002465,417,True
func_j_0x10000247d,-487,True
func_j_0x100002568,-644,False
func_j_0x100003535,-538,False
func_j_0x100003537,171,True
func_j_0x100003545,445,False
func_j_0x100003549,-680,False
func_j_0x100003623,-500,True
func_j_0x100003ae1,-324,True
func_j_0x100003b70,-308,True
func_j_0x100003bd5,62,False
func_j_0x1000043f8,-802,True
func_j_0x1000049aa,40,True
func_j_0x100004b15,-93,False
func_j_0x1000051f2,163,False
func_j_0x10000567f,985,False
func_j_0x100005681,36,False
func_j_0x100005966,-572,True
func_j_0x1000059ad,-856,True
func_j_0x1000059be,-860,False
func_j_0x100005ef6,437,True
func_j_0x100005efa,-917,False
func_j_0x1000060b6,921,True
func_j_0x1000060ba,-393,True
func_j_0x100006bbd,-236,True
func_j_0x100006ca1,-356,True
func_j_0x10000753a,-769,True
func_j_0x100007a47,-406,False
func_j_0x100007a4b,655,False
func_j_0x100007a4f,816,False
func_j_0x100007a58,370,False
func_j_0x100007a5a,344,True
func_j_0x100007a5c,862,True
func_j_0x100007a63,-747,True
func_j_0x100007a67,-36,False
func_j_0x100007a69,-384,False
func_j_0x100007c6b,-836,True
func_j_0x100007c78,-64,False
func_j_0x100007dd4,-284,True
func_j_0x100007e90,-471,True
func_j_0x100007e96,-724,False
func_j_0x100007e98,-160,True
func_j_0x100007ea2,218,True
func_je_0x100001e24,938,True
func_je_0x100004ecc,549,False
func_je_0x100004ece,-184,False
func_je_0x100004ed0,-259,False
func_je_0x100004ed2,-909,True
func_je_0x100004ed4,250,True
func_je_0x100004ed8,491,False
func_je_0x100004eda,-479,True
func_je_0x100004ee0,899,False
func_je_0x100004ee4,-250,False
func_je_0x100004ee6,732,True
func_je_0x100004ee8,336,True
func_je_0x100004eec,-910,True
func_je_0x100004ef4,214,True
func_je_0x100004efc,-765,True
func_je_0x100004efe,-139,False
func_je_0x100005546,876,False
func_je_0x100005550,374,True
func_je_0x100005552,194,True
func_je_0x100005554,833,False
func_je_0x100005556,275,False
func_je_0x10000555a,-419,False
func_je_0x100005562,520,False
func_je_0x100005564,-526,True
func_je_0x100005570,58,False
func_je_0x100005574,345,True
func_je_0x100006326,-417,True
func_je_0x1000063cd,-772,True
func_je_0x1000063cf,-410,True
func_je_0x1000063d3,627,False
func_je_0x1000063d7,-257,True
func_je_0x1000063db,818,True
func_je_0x1000063dd,982,False
func_je_0x1000063e1,-816,False
func_je_0x1000063e5,375,True
func_je_0x1000063e7,75,False
func_je_0x1000063eb,-926,False
func_je_0x1000063f9,-57,False
func_je_0x10000710e,260,True
func_je_0x100007110,-417,False
func_je_0x100007121,1041,True
func_je_0x100007123,466,True
func_je_0x100007321,-359,True
func_je_0x100007323,-447,False
func_je_0x1000074ce,-458,False
func_je_0x10000765f,717,False
func_je_0x1000076de,687,True
func_je_0x100007723,-434,True
func_je_0x10000774d,-341,False
func_je_0x100007d4b,1013,False
func_je_0x100007d56,243,False
func_je_0x100007d9b,-543,True
func_je_0x10000810c,-335,True
func_jo_0x100008242,-942,False
func_jo_0x10000829b,432,True
func_jt_0x1000006b4,-581,False
func_jt_0x1000025fc,781,True
func_jt_0x1000025fe,142,True
func_jt_0x100002d69,283,False
func_jt_0x100002d97,-254,False
func_jt_0x100002da7,-378,False
func_jt_0x100002dab,-486,False
func_jt_0x100002db3,-567,True
func_jt_0x100002ea3,982,False
func_jt_0x100002ebb,690,True
func_jt_0x100002ec0,-861,False
func_jt_0x100002ecc,855,True
func_jt_0x100002ece,-388,False
func_jt_0x100002ed8,29,True
func_jt_0x100005a0e,177,True
func_jt_0x100005a12,-861,True
func_k0_0x100005a94,918,False
func_k0_0x100005cb5,-114,False
func_k0_0x100005cb7,738,True
func_k0_0x100005da4,257,False
func_k0_0x100005dae,-53,False
func_k0_0x100005dc2,156,False
func_k0_0x100005de8,398,True
func_k0_0x100005dee,-823,False
func_k0_0x100005e19,-421,False
func_k0_0x100005e27,-60,False
func_k0_0x100005e2d,28,False
func_k0_0x100005e2f,876,True
func_k0_0x1000077b6,-729,False
func_k0_0x100008236,609,True
func_k0_0x100008238,-678,False
func_k0_0x10000823c,135,True
func_k_0x100000297,172,False
func_k_0x100000299,-166,False
func_k_0x1000002ab,587,True
func_k_0x100001629,-882,True
func_k_0x1000017dd,-957,True
func_k_0x100001934,-322,True
func_k_0x10000193d,150,True
func_k_0x10000193f,272,False
func_k_0x100001944,-898,True
func_k_0x100001947,350,False
func_k_0x100001991,-227,True
func_k_0x100001993,21,True
func_k_0x100001999,704,True
func_k_0x100001a08,500,False
func_k_0x100001a0b,-62,True
func_k_0x100001a0e,610,False
func_k_0x100001a10,835,False
func_k_0x100001a14,973,False
func_k_0x100001bb7,-396,True
func_k_0x100001d09,620,True
func_k_0x100001d0b,-91,True
func_k_0x100001fa5,-76,False
func_k_0x100002508,-162,True
func_k_0x100002abf,3,True
func_k_0x100002ad6,294,False
func_k_0x100003094,394,False
func_k_0x10000312a,580,True
func_k_0x100003141,173,True
func_k_0x100003295,536,True
func_k_0x1000033b5,1010,False
func_k_0x100003408,-262,True
func_k_0x100003419,-916,True
func_k_0x10000344d,-252,True
func_k_0x10000347b,750,True
func_k_0x10000376f,-350,True
func_k_0x10000389f,563,False
func_k_0x1000038f4,-615,True
func_k_0x100003913,-916,False
func_k_0x100003922,243,True
func_k_0x100003ad0,821,True
func_k_0x100003cc6,414,False
func_k_0x100004138,-175,False
func_k_0x100004262,882,False
func_k_0x10000436f,525,True
func_k_0x10000461e,-146,True
func_k_0x100004620,945,False
func_k_0x100004622,-674,False
func_k_0x100004718,-442,False
func_k_0x1000048e1,222,False
func_k_0x1000049c7,-404,False
func_k_0x100004aaf,903,False
func_k_0x100004b23,345,True
func_k_0x100004b42,396,True
func_k_0x100004d2c,-481,True
func_k_0x100004e84,-449,False
func_k_0x100004f2a,443,True
func_k_0x100004f53,767,False
func_k_0x1000050ed,-849,False
func_k_0x1000050f0,104,True
func_k_0x100005417,-454,True
func_k_0x1000056ae,-137,False
func_k_0x1000056b6,998,False
func_k_0x100005f49,219,True
func_k_0x100006140,935,False
func_k_0x100006269,973,False
func_k_0x10000628a,663,True
func_k_0x10000646c,-317,False
func_k_0x10000672a,366,True
func_k_0x10000672e,-16,False
func_k_0x100006804,-164,True
func_k_0x100006846,-752,True
func_k_0x100006852,-123,False
func_k_0x100006b4a,-566,False
func_k_0x100006b4c,-103,True
func_k_0x100006b4e,-334,False
func_k_0x100006b50,1022,False
func_k_0x100006b56,330,False
func_k_0x10000718d,41,False
func_k_0x1000071fb,789,True
func_k_0x100007260,-197,True
func_k_0x100007292,-236,True
func_k_0x1000076c8,385,True
func_k_0x1000076cc,188,True
func_k_0x100007953,-398,True
func_k_0x100007a10,994,True
func_ke_0x100001b39,4,True
func_ke_0x100001b3b,385,True
func_ke_0x100001b3f,918,True
func_ke_0x100001b46,-12,True
func_ke_0x100001e55,77,True
func_ke_0x100004d99,456,False
func_ke_0x100004dcb,32,True
func_ke_0x10000553e,27,False
func_ke_0x100005558,-417,False
func_ke_0x100006334,754,False
func_ke_0x100006337,1023,False
func_ke_0x100006a19,-330,True
func_ke_0x100007d97,-856,False
func_ke_0x100007d9f,725,True
func_kn_0x10000582d,579,True
func_kn_0x1000068a4,803,False
func_kn_0x100007e4b,-288,False
func_kt_0x1000020f6,424,False
func_kt_0x100002102,-944,False
func_kt_0x100002104,-741,True
func_kt_0x100002120,-472,True
func_kt_0x100002128,507,False
func_kt_0x100002146,927,False
func_kt_0x10000214a,559,False
func_kt_0x10000214e,-170,True
func_kt_0x100002156,-839,True
func_kt_0x100002158,-675,True
func_kt_0x10000215a,412,False
func_kt_0x100002162,942,True
func_kt_0x100002164,732,True
func_kt_0x100002166,113,True
func_kt_0x100002168,-388,False
func_kt_0x10000216c,-812,True
func_kt_0x10000216e,-37,False
func_kt_0x100002178,-128,False
func_kt_0x10000217e,566,True
func_kt_0x100002180,-521,False
func_kt_0x100002184,-145,False
func_kt_0x100002186,620,True
func_kt_0x100002188,276,True
func_kt_0x10000218c,269,True
func_kt_0x10000218e,788,False
func_kt_0x100002190,728,True
func_kt_0x100002196,-97,True
func_kt_0x10000219a,223,False
func_kt_0x10000219e,421,True
func_kt_0x1000021a0,259,True
func_kt_0x1000021a2,-570,False
func_kt_0x1000021a6,1038,False
func_kt_0x1000021a8,-581,True
func_kt_0x1000021aa,898,True
func_kt_0x1000021ae,285,True
func_kt_0x1000021b0,408,True
func_kt_0x1000021b2,335,True
func_kt_0x1000021b6,679,False
func_kt_0x1000021ba,471,True
func_kt_0x1000021bc,-933,False
func_kt_0x1000021c0,62,True
func_kt_0x1000021c4,-607,True
func_kt_0x1000021c8,478,False
func_kt_0x1000021ca,177,True
func_kt_0x1000021cc,-1,True
func_kt_0x1000021da,-630,True
func_kt_0x1000021e2,-680,False
func_kt_0x1000021e4,-439,True
func_kt_0x1000021e6,-432,False
func_kt_0x1000021e8,-784,False
func_kt_0x1000021ec,934,False
func_kt_0x1000021f2,1026,True
func_kt_0x1000021f6,-936,True
func_kt_0x1000021f8,104,False
func_kt_0x1000021fa,-162,True
func_kt_0x100002200,-616,True
func_kt_0x100002202,-683,True
func_kt_0x100002204,-689,True
func_kt_0x100002208,801,True
func_kt_0x10000220a,-787,True
func_kt_0x100002210,226,False
func_kt_0x100002218,-918,False
func_kt_0x10000221a,-502,True
func_kt_0x100002226,665,True
func_kt_0x10000222e,364,True
func_kt_0x100002234,110,False
func_kt_0x10000223a,-310,False
func_kt_0x100002240,-714,True
func_kt_0x100002248,94,False
func_kt_0x10000224e,847,False
func_kt_0x100002256,-826,True
func_kt_0x100002258,-731,True
func_kt_0x100002262,-927,True
func_kt_0x100002266,-611,False
func_kt_0x100002268,2,True
func_kt_0x10000226a,109,True
func_kt_0x10000226e,-903,True
func_kt_0x100002270,34,True
func_kt_0x100002272,-914,False
func_kt_0x100002276,645,True
func_kt_0x10000227c,-562,True
func_kt_0x10000227e,698,False
func_kt_0x100002280,764,True
func_kt_0x100002286,435,True
func_kt_0x10000228a,-877,False
func_kt_0x10000228c,63,True
func_kt_0x10000228e,664,True
func_kt_0x100002294,-485,True
func_kt_0x100002296,901,False
func_kt_0x10000229a,-393,True
func_kt_0x10000229e,256,False
func_kt_0x1000022a0,973,False
func_kt_0x1000022a6,397,False
func_kt_0x1000022a8,324,False
func_kt_0x1000022aa,276,True
func_kt_0x1000022ae,522,False
func_kt_0x1000022b0,785,True
func_kt_0x1000022b6,-172,True
func_kt_0x1000022b8,857,False
func_kt_0x1000022ba,344,True
func_kt_0x1000022be,126,False
func_kt_0x1000022c0,420,False
func_kt_0x1000022c8,-272,True
func_kt_0x1000022cc,-97,False
func_kt_0x1000022ce,-454,False
func_kt_0x1000022d0,438,True
func_kt_0x1000022d4,-163,False
func_kt_0x1000022d6,676,False
func_kt_0x1000022da,-50,True
func_kt_0x1000022dc,-407,False
func_kt_0x1000022de,-290,False
func_kt_0x1000022e0,132,True
func_kt_0x1000022e2,-573,False
func_kt_0x1000022e6,224,True
func_kt_0x1000022e8,-694,True
func_kt_0x1000022ec,270,True
func_kt_0x1000022f0,-891,True
func_kt_0x1000022f6,-825,True
func_kt_0x1000022fe,-147,False
func_kt_0x100002302,727,True
func_kt_0x100002306,-809,True
func_kt_0x100002310,-694,True
func_kt_0x10000231c,532,True
func_kt_0x10000231e,149,False
func_kt_0x100002328,892,True
func_kt_0x10000232a,-435,True
func_kt_0x100002330,127,True
func_kt_0x100002332,505,True
func_kt_0x100002334,248,False
func_kt_0x10000233c,-155,False
func_kt_0x100002342,-484,False
func_kt_0x100002344,635,True
func_kt_0x10000234a,-415,True
func_kt_0x10000234c,668,False
func_kt_0x100002352,633,False
func_kt_0x100002354,-44,True
func_kt_0x10000235a,621,False
func_kt_0x10000235c,846,False
func_kt_0x100002360,-425,False
func_kt_0x100002368,-717,True
func_kt_0x10000236c,-710,False
func_kt_0x100002374,680,True
func_kt_0x100002395,443,True
func_kt_0x100002397,-879,False
func_kt_0x100002440,-154,True
func_kt_0x100002442,-465,False
func_kt_0x10000244c,402,False
func_l0_0x100001b0b,98,True
func_l0_0x100001b1b,143,False
func_l0_0x100004483,278,True
func_l0_0x100004498,730,True
func_l0_0x1000044a3,63,False
func_l0_0x1000044aa,-375,False
func_l0_0x1000044d6,-808,True
func_l0_0x1000044d8,928,False
func_l0_0x1000044db,-601,False
func_l0_0x1000044de,75,False
func_l0_0x100004d91,-866,False
func_l0_0x100004d9c,986,False
func_l0_0x100005549,-271,True
func_l0_0x10000554b,-342,False
func_l0_0x100006766,736,True
func_l0_0x10000704a,-687,False
func_l0_0x10000704e,795,True
func_l0_0x100007051,-500,False
func_l0_0x100007054,-643,False
func_l0_0x100007112,-92,True
func_l0_0x10000810e,527,True
func_l_0x10000004b,829,False
func_l_0x1000000da,-2,False
func_l_0x100000123,68,True
func_l_0x10000017b,-721,True
func_l_0x1000001c2,-405,True
func_l_0x100000294,756,True
func_l_0x100000320,659,False
func_l_0x10000032e,-886,False
func_l_0x100000835,230,True
func_l_0x10000194f,385,False
func_l_0x10000197c,657,True
func_l_0x100001a30,867,False
func_l_0x100001a4d,16,True
func_l_0x100001a51,-266,False
func_l_0x100001a76,-890,True
func_l_0x100001a7c,419,False
func_l_0x100001acd,592,True
func_l_0x100001bd2,284,False
func_l_0x100001bf5,-172,False
func_l_0x100001bfb,358,False
func_l_0x100001bfe,-762,False
func_l_0x100001cdf,578,True
func_l_0x100001ce6,-918,True
func_l_0x100001ce9,-898,False
func_l_0x100001f98,1026,False
func_l_0x100002f4f,518,True
func_l_0x100002f60,924,True
func_l_0x100002f90,-703,True
func_l_0x100002ff8,445,False
func_l_0x1000030cc,-606,True
func_l_0x100003148,691,True
func_l_0x10000317a,-910,False
func_l_0x100003181,254,False
func_l_0x100003192,247,False
func_l_0x10000319e,-549,True
func_l_0x1000031a0,910,False
func_l_0x1000031a7,-398,True
func_l_0x10000329a,-39,False
func_l_0x10000329c,220,False
func_l_0x1000032b7,-259,True
func_l_0x1000032c9,389,True
func_l_0x100003366,-179,False
func_l_0x100003368,605,False
func_l_0x100003396,-20,False
func_l_0x1000033bf,273,False
func_l_0x1000033ca,-873,True
func_l_0x1000033f7,994,False
func_l_0x1000035cf,131,True
func_l_0x10000369c,478,False
func_l_0x1000038a6,-686,True
func_l_0x1000038ff,217,False
func_l_0x100003992,317,True
func_l_0x100003b25,255,True
func_l_0x100003cbe,-56,True
func_l_0x100003ceb,-590,True
func_l_0x100003d5c,489,True
func_l_0x1000044fc,-490,True
func_l_0x100004587,-872,True
func_l_0x1000045f2,898,True
func_l_0x100004615,805,False
func_l_0x100004631,-589,True
func_l_0x10000465d,225,False
func_l_0x1000047a3,-134,False
func_l_0x100004962,-267,True
func_l_0x100004a4a,-884,False
func_l_0x100004b61,1037,True
func_l_0x100004c95,708,True
func_l_0x100004c99,-931,True
func_l_0x100004cc0,768,True
func_l_0x100004f1d,-210,False
func_l_0x100004f21,181,True
func_l_0x1000050f4,650,True
func_l_0x1000052a1,197,True
func_l_0x1000052d4,-195,True
func_l_0x10000530a,22,False
func_l_0x1000053eb,-758,False
func_l_0x1000055e8,-804,False
func_l_0x100005700,542,False
func_l_0x1000058f0,543,True
func_l_0x100005b93,-843,True
func_l_0x100005bbb,691,True
func_l_0x100005e95,482,False
func_l_0x100005f22,120,False
func_l_0x100006082,-32,False
func_l_0x10000626b,827,False
func_l_0x100006287,707,True
func_l_0x100006289,-652,True
func_l_0x100006469,975,True
func_l_0x100006555,-795,False
func_l_0x1000065c5,175,False
func_l_0x100006736,263,True
func_l_0x10000682c,-664,True
func_l_0x100006830,-313,True
func_l_0x1000069e1,-522,True
func_l_0x100006b43,906,True
func_l_0x100007566,390,True
func_l_0x1000075cd,-285,True
func_l_0x1000079c6,-359,True
func_la_0x100004052,-157,False
func_la_0x100004054,849,True
func_le_0x100001e11,403,False
func_le_0x100001e21,-185,True
func_le_0x10000357c,-813,True
func_le_0x100004eee,-918,False
func_le_0x100004f00,59,False
func_le_0x100006325,-58,False
func_le_0x100007080,-452,False
func_le_0x100007175,-74,False
func_le_0x100007177,645,True
func_le_0x10000731e,383,True
func_le_0x1000076a6,82,True
func_le_0x100007729,718,False
func_le_0x100007731,-828,True
func_le_0x100007735,53,True
func_le_0x100007737,-860,False
func_le_0x100007739,-205,False
func_le_0x10000773b,461,True
func_le_0x10000773f,-488,True
func_le_0x100007741,882,False
func_le_0x100007747,250,False
func_le_0x100007d95,-131,True
func_le_0x1000080cf,-821,True
func_le_0x1000080d1,641,True
func_le_0x1000080d3,583,False
func_le_0x1000080d5,99,False
func_le_0x1000080d7,-375,True
func_le_0x1000080d9,-794,False
func_le_0x1000080df,-874,False
func_le_0x1000080e7,358,False
func_le_0x1000080f3,867,True
func_le_0x1000080f5,-342,False
func_le_0x1000080f9,348,False
func_le_0x100008101,636,False
func_le_0x100008103,-686,False
func_le_0x100008106,13,False
func_le_0x100008108,383,True
func_le_0x10000810a,-931,False
func_ln_0x1000020ef,941,False
func_ln_0x1000066a6,418,True
func_ln_0x100007772,-817,False
func_ln_0x100007785,132,False
func_ln_0x10000778e,896,True
func_ln_0x100008163,-65,False
func_ln_0x100008257,-655,False
func_lr_0x1000023bb,-417,True
func_lt_0x100002619,-642,True
func_lt_0x10000263b,-443,False
func_lt_0x100002641,1014,True
func_lt_0x100002643,-191,True
func_lt_0x10000264b,466,False
func_lt_0x10000264d,667,True
func_lt_0x100002651,-458,True
func_lt_0x100002653,81,True
func_lt_0x100002655,110,True
func_lt_0x100002659,-422,False
func_lt_0x100005aa7,670,False
func_lt_0x100005aad,664,True
func_lt_0x100005b01,578,True
func_lt_0x100005b03,-957,False
func_lt_0x100005b07,331,True
func_lt_0x100005b09,-852,True
func_lt_0x100005b19,343,False
func_lt_0x100006d0c,-894,False
func_lt_0x100006d10,207,False
func_lt_0x100006d12,745,False
func_lt_0x100006d14,-70,False
func_lt_0x100006d16,-754,False
func_lt_0x100006d18,12,True
func_lt_0x100006d1a,-870,True
func_lt_0x100006d27,-523,True
func_lt_0x100006d29,300,False
func_lt_0x100006d30,784,True
func_lt_0x100006d34,-892,False
func_lt_0x100006d38,-651,True
func_lt_0x100006d4a,-391,False
func_lt_0x100006d4e,570,True
func_lt_0x100006d51,350,True
func_lt_0x100006d55,887,False
func_lt_0x100006d7a,380,False
func_lt_0x100006d7c,-472,True
func_lt_0x100006d7e,-544,False
func_lt_0x100006d82,-832,True
func_lt_0x100006d84,281,True
func_lt_0x100006d86,-870,True
func_lt_0x100006d9b,275,False
func_lt_0x100006d9d,520,True
func_lt_0x100007791,-598,False
func_lt_0x100007795,-699,True
func_lt_0x100007797,-558,False
func_lt_0x10000779d,-572,True
func_lt_0x10000779f,-683,False
func_m_0x1000001c5,-595,True
func_m_0x10000021e,658,True
func_m_0x10000027f,-237,True
func_m_0x100000295,615,True
func_m_0x100000822,-624,False
func_m_0x10000083f,-163,False
func_m_0x1000008ed,-192,False
func_m_0x1000015fe,228,False
func_m_0x1000017d9,294,True
func_m_0x10000193b,32,False
func_m_0x100001941,56,False
func_m_0x100001949,-199,False
func_m_0x10000198d,721,False
func_m_0x10000198f,596,True
func_m_0x100001a04,203,True
func_m_0x100001b97,896,False
func_m_0x100001c7e,-472,True
func_m_0x100001cc0,51,False
func_m_0x100001cda,310,True
func_m_0x100001cdc,-718,False
func_m_0x100001cfa,-328,False
func_m_0x100001cfc,815,False
func_m_0x100002ac3,-942,False
func_m_0x100002ac7,176,False
func_m_0x100003182,179,False
func_m_0x1000031af,-417,True
func_m_0x1000031eb,-268,False
func_m_0x100003285,-513,True
func_m_0x100003291,-478,True
func_m_0x1000032b2,352,True
func_m_0x1000032c7,405,False
func_m_0x10000337b,144,False
func_m_0x10000337d,700,False
func_m_0x10000340c,-372,True
func_m_0x100003414,-848,True
func_m_0x100003461,-285,True
func_m_0x100003465,-57,True
func_m_0x100003800,458,False
func_m_0x100003802,-810,True
func_m_0x10000391e,397,False
func_m_0x100003924,92,False
func_m_0x100003973,646,False
func_m_0x100003ace,-421,False
func_m_0x100003ad6,-294,True
func_m_0x100004106,453,False
func_m_0x1000048de,539,False
func_m_0x1000049bf,617,True
func_m_0x100004b0b,473,False
func_m_0x100004b33,647,False
func_m_0x100004bab,-537,True
func_m_0x100004cbb,755,True
func_m_0x100004ced,-488,False
func_m_0x100004d22,188,True
func_m_0x100004f28,-683,False
func_m_0x100004f2c,-863,False
func_m_0x100004f6d,-950,True
func_m_0x100004f84,421,False
func_m_0x1000050eb,-873,True
func_m_0x10000510c,811,False
func_m_0x100005330,201,True
func_m_0x10000543f,-322,True
func_m_0x100005607,-783,False
func_m_0x100005bce,150,True
func_m_0x100005e52,424,True
func_m_0x100005f45,587,False
func_m_0x100005f4e,-856,True
func_m_0x10000613b,-325,True
func_m_0x10000628c,-412,True
func_m_0x100006351,-53,False
func_m_0x100006470,351,True
func_m_0x100006472,894,False
func_m_0x10000655b,-257,True
func_m_0x100006834,856,True
func_m_0x100007104,-94,True
func_m_0x100007302,-85,True
func_m_0x100007573,622,False
func_m_0x1000075a8,825,False
func_m_0x1000076ca,-31,False
func_m_0x1000076d5,-200,False
func_m_0x1000078c9,-817,False
func_m_0x100007955,-55,False
func_m_0x1000079e1,234,False
func_m_0x100007af5,950,False
func_me_0x100001d8c,-456,False
func_me_0x100001d90,408,False
func_me_0x100001e8b,34,False
func_me_0x100001e91,314,True
func_me_0x100001ebf,-169,True
func_me_0x100001ec5,-627,True
func_me_0x100001ed1,-420,True
func_me_0x100001ef1,-640,True
func_me_0x100001f08,900,True
func_me_0x100001f0a,344,True
func_me_0x10000248a,927,False
func_me_0x1000035fa,320,False
func_me_0x100003b7f,-234,False
func_me_0x1000043cd,480,False
func_me_0x1000043cf,-926,False
func_me_0x1000043d1,-323,True
func_me_0x1000043d6,-703,False
func_me_0x1000043da,531,False
func_me_0x1000043eb,-40,False
func_me_0x100005168,-152,False
func_me_0x10000517d,543,True
func_me_0x1000051a4,271,False
func_me_0x1000051c1,-55,True
func_me_0x1000064d3,151,True
func_me_0x1000064d5,644,False
func_me_0x1000064d7,474,True
func_me_0x10000658c,202,True
func_me_0x1000069bb,-931,False
func_me_0x1000069d9,-519,False
func_me_0x1000069db,-748,True
func_me_0x100006b24,-854,False
func_me_0x100007329,-343,True
func_me_0x100007367,793,True
func_me_0x1000074ba,-37,True
func_me_0x1000075f6,523,True
func_me_0x100007624,-667,False
func_me_0x100007628,683,True
func_me_0x100007640,-369,False
func_me_0x100007642,496,False
func_me_0x100007644,703,True
func_me_0x100007651,-210,False
func_me_0x100007c86,-874,True
func_me_0x100007c88,-291,True
func_me_0x100007c8c,69,False
func_me_0x100007c8e,-815,True
func_me_0x100007e79,600,True
func_mn_0x100007800,-292,True
func_mn_0x100007802,972,True
func_mn_0x100007804,888,True
func_mo_0x100002df9,280,False
func_mo_0x100002dff,953,False
func_mo_0x100002e01,838,False
func_mr_0x10000576d,-724,False
func_mr_0x1000057cf,46,True
func_mr_0x1000057d4,909,True
func_mt_0x100001f22,-509,True
func_mt_0x100003042,202,True
func_mt_0x100003044,343,False
func_mt_0x10000304c,289,True
func_mt_0x100003050,633,True
func_mt_0x1000035a4,-103,True
func_mt_0x1000042c3,275,False
func_mt_0x1000042db,-124,True
func_mt_0x1000042dd,-99,True
func_mt_0x1000042e1,-509,True
func_mt_0x1000042e9,-895,True
func_mt_0x100004d77,867,False
func_mt_0x100005390,927,False
func_mt_0x100005394,-410,True
func_mt_0x100005396,909,False
func_mt_0x1000053ba,-199,False
func_mt_0x100006319,-77,False
func_mt_0x100006bb0,-290,True
func_mt_0x100006bb2,388,True
func_mt_0x100006bb9,-729,False
func_mt_0x100006edb,-513,False
func_mt_0x10000730f,934,True
func_mt_0x100007be9,842,False
func_mt_0x100007bf3,1037,False
func_mt_0x100007bf9,841,False
func_mt_0x100007bfb,-81,False
func_mt_0x100007bfd,-365,True
func_mt_0x100007bff,-50,True
func_mt_0x100007c01,-75,True
func_mt_0x100007c03,-69,True
func_mt_0x100007e81,785,False
func_n0_0x10000183a,-872,False
func_n0_0x1000057a4,-413,True
func_n_0x100000006,-119,False
func_n_0x100000031,329,True
func_n_0x100000043,582,False
func_n_0x100000091,-222,True
func_n_0x100000107,-60,True
func_n_0x10000023a,239,False
func_n_0x100000240,456,True
func_n_0x100000247,1004,True
func_n_0x10000025f,-684,True
func_n_0x100000263,-124,False
func_n_0x1000002a6,472,False
func_n_0x1000002cd,364,True
func_n_0x100000332,836,True
func_n_0x10000033d,-57,True
func_n_0x100000342,-319,True
func_n_0x10000036e,693,False
func_n_0x10000038d,-728,True
func_n_0x1000003be,-739,False
func_n_0x1000003c5,576,False
func_n_0x1000003c9,-879,True
func_n_0x1000003e5,991,False
func_n_0x1000003ea,-455,True
func_n_0x1000003ec,-146,False
func_n_0x100000401,-101,False
func_n_0x100000404,-177,True
func_n_0x100000407,101,False
func_n_0x100000425,642,False
func_n_0x100000431,-629,False
func_n_0x10000075f,590,False
func_n_0x10000077e,215,False
func_n_0x1000007a6,-831,True
func_n_0x1000007ac,-881,False
func_n_0x1000007b6,-625,False
func_n_0x1000007c8,791,True
func_n_0x1000007cf,531,True
func_n_0x1000007e6,485,False
func_n_0x10000081d,744,False
func_n_0x100000828,-163,True
func_n_0x10000082f,554,False
func_n_0x100000851,162,False
func_n_0x10000089b,-263,True
func_n_0x1000008b3,185,True
func_n_0x1000008b6,960,True
func_n_0x1000008cf,-915,True
func_n_0x10000090a,150,True
func_n_0x100001517,-112,False
func_n_0x10000151d,527,False
func_n_0x100001698,670,True
func_n_0x1000016bb,-807,True
func_n_0x100001a21,929,False
func_n_0x100001acc,332,True
func_n_0x100001b9a,717,True
func_n_0x100001cae,-684,False
func_n_0x100001cf4,-775,True
func_n_0x100001fc6,-830,True
func_n_0x1000024bb,-355,True
func_n_0x10000257c,-602,False
func_n_0x10000258e,360,True
func_n_0x10000279b,401,False
func_n_0x1000027b8,281,False
func_n_0x1000027ba,-85,True
func_n_0x1000027e5,-446,False
func_n_0x10000281c,662,True
func_n_0x100002967,-295,True
func_n_0x100002973,-931,True
func_n_0x100002a71,-184,True
func_n_0x100002f9a,-88,True
func_n_0x100003098,-74,True
func_n_0x1000030c7,-955,True
func_n_0x10000315f,231,False
func_n_0x1000032cf,-313,True
func_n_0x1000033ae,580,True
func_n_0x1000033e9,661,True
func_n_0x100003424,-247,True
func_n_0x100003435,330,False
func_n_0x100003443,-184,True
func_n_0x1000034f2,-156,False
func_n_0x1000035c6,-423,False
func_n_0x1000036a2,-939,True
func_n_0x10000377d,133,True
func_n_0x1000038f1,889,True
func_n_0x100003961,463,False
func_n_0x10000414e,209,False
func_n_0x1000041c1,-319,True
func_n_0x10000426f,938,False
func_n_0x1000044f4,364,False
func_n_0x1000045e0,689,True
func_n_0x1000045fc,-179,True
func_n_0x1000046e6,-274,False
func_n_0x1000046eb,-473,True
func_n_0x100004762,-669,False
func_n_0x10000476c,955,True
func_n_0x1000047a6,-69,False
func_n_0x1000048a9,-784,False
func_n_0x1000048ae,136,False
func_n_0x100004961,510,False
func_n_0x1000049d0,13,True
func_n_0x100004a36,-724,True
func_n_0x100004acb,392,False
func_n_0x100004bea,-545,False
func_n_0x100004c19,20,False
func_n_0x100004c34,533,False
func_n_0x100004c3b,-69,False
func_n_0x100004f9c,573,False
func_n_0x100004fb4,-672,True
func_n_0x100004fc7,463,True
func_n_0x100004fe3,-522,True
func_n_0x100004ff8,271,True
func_n_0x10000503f,-769,False
func_n_0x100005052,-506,False
func_n_0x100005066,-572,True
func_n_0x1000050a8,846,True
func_n_0x1000050b0,1033,False
func_n_0x1000050b9,789,True
func_n_0x1000050c9,917,False
func_n_0x10000520c,-113,True
func_n_0x10000525e,968,True
func_n_0x1000052a4,486,False
func_n_0x1000052aa,84,True
func_n_0x1000052c9,228,True
func_n_0x1000052cd,-514,True
func_n_0x1000052d7,268,False
func_n_0x1000052df,-116,True
func_n_0x1000052f2,-581,False
func_n_0x100005412,979,False
func_n_0x10000542f,-146,True
func_n_0x100005433,-22,False
func_n_0x10000548e,-581,False
func_n_0x100005494,400,False
func_n_0x100005698,-18,False
func_n_0x1000058c7,-444,True
func_n_0x1000058e4,-713,True
func_n_0x1000058f3,-612,False
func_n_0x100005b2c,547,True
func_n_0x100006260,280,False
func_n_0x100006274,412,False
func_n_0x100006543,-193,True
func_n_0x10000654d,175,True
func_n_0x1000065ce,-335,False
func_n_0x1000065d2,-908,True
func_n_0x1000065d7,1027,True
func_n_0x1000065de,-653,False
func_n_0x1000065e2,-478,False
func_n_0x1000065eb,496,False
func_n_0x10000697c,-442,True
func_n_0x100006c34,-504,True
func_n_0x100006c36,490,True
func_n_0x100006c38,-750,False
func_n_0x100007103,172,True
func_n_0x1000071aa,509,True
func_n_0x1000078bb,880,False
func_n_0x10000794f,-73,True
func_n_0x100007a7c,351,True
func_n_0x100007a80,479,True
func_n_0x100007dc3,795,True
func_n_0x1000082d9,-387,False
func_ne_0x10000157a,-518,False
func_ne_0x10000157c,613,True
func_ne_0x10000157e,346,False
func_ne_0x10000174e,-255,True
func_ne_0x100001785,164,False
func_ne_0x100001918,487,False
func_ne_0x100001c19,-345,False
func_ne_0x100001c1d,-895,False
func_ne_0x100001c1f,27,True
func_ne_0x100001d2d,-348,False
func_ne_0x100001d55,-635,True
func_ne_0x100002484,-11,False
func_ne_0x100002486,1002,True
func_ne_0x100002488,755,False
func_ne_0x1000024a0,-207,False
func_ne_0x1000024a4,24,True
func_ne_0x100002d5b,890,False
func_ne_0x100002d5d,-322,True
func_ne_0x100003517,867,False
func_ne_0x10000361e,72,False
func_ne_0x1000037a0,111,False
func_ne_0x1000037c7,323,True
func_ne_0x1000037cb,338,True
func_ne_0x1000037db,-787,True
func_ne_0x100003936,-578,True
func_ne_0x100003959,-512,False
func_ne_0x10000489c,-615,True
func_ne_0x100004b7e,163,True
func_ne_0x100004e36,808,True
func_ne_0x100004e71,-110,False
func_ne_0x100005979,377,False
func_ne_0x100005f11,-6,False
func_ne_0x100005f13,315,True
func_ne_0x100005f82,-742,False
func_ne_0x100005f84,529,True
func_ne_0x100005faf,-939,False
func_ne_0x100005fb9,-949,False
func_ne_0x100005fc0,-391,True
func_ne_0x100005fc6,563,False
func_ne_0x100005fe0,693,False
func_ne_0x10000600c,-913,False
func_ne_0x1000061f3,-641,False
func_ne_0x1000062c5,882,True
func_ne_0x10000630e,-3,True
func_ne_0x1000064c9,907,False
func_ne_0x100006aeb,-667,True
func_ne_0x100006b38,882,False
func_ne_0x100006bc6,-426,True
func_ne_0x100006ce3,743,True
func_ne_0x100006ced,467,False
func_ne_0x1000071e7,507,False
func_ne_0x100007221,356,False
func_ne_0x100007223,88,True
func_ne_0x10000743d,-659,False
func_ne_0x1000078dd,189,False
func_ne_0x1000078df,377,True
func_ne_0x10000792a,-557,True
func_ne_0x100007995,415,False
func_ne_0x100008127,294,False
func_nn_0x1000039f4,-720,True
func_nn_0x1000039f6,-115,False
func_nn_0x100003a0b,194,False
func_nn_0x100005530,-44,True
func_nn_0x100005532,899,False
func_nn_0x10000577d,-899,False
func_nn_0x10000583c,93,False
func_nn_0x100007067,-751,False
func_nn_0x10000707d,219,True
func_nn_0x100007e4a,-945,True
func_no_0x1000077c2,-775,True
func_nr_0x100003e7b,15,False
func_nr_0x100003e7f,721,True
func_nr_0x100003faa,-76,True
func_nr_0x100003fb0,381,False
func_nr_0x10000402a,-246,True
func_nr_0x1000040a4,-594,False
func_nr_0x1000040df,694,False
func_nt_0x100001e75,-541,True
func_nt_0x100001e7b,-935,True
func_nt_0x10000364e,966,True
func_nt_0x100003650,-711,True
func_nt_0x10000365a,-67,True
func_nt_0x1000042b7,91,True
func_nt_0x1000042bd,249,False
func_nt_0x1000042c8,-895,False
func_nt_0x10000633c,-651,False
func_nt_0x10000633e,521,True
func_nt_0x100006340,-373,False
func_nt_0x100006342,494,False
func_nt_0x1000063cc,-813,False
func_nt_0x1000064e4,-31,False
func_nt_0x1000064e8,-862,False
func_nt_0x100006763,660,False
func_nt_0x100007314,458,True
func_nt_0x100007318,627,True
func_nt_0x1000074d5,316,False
func_nt_0x1000074d7,-19,False
func_nt_0x1000074db,15,False
func_nt_0x100007659,614,False
func_nt_0x100007668,-638,True
func_nt_0x1000076a0,45,True
func_nt_0x1000076a4,-38,False
func_nt_0x1000076be,-538,False
func_o0_0x100001ad8,252,False
func_o0_0x100001aec,-805,True
func_o0_0x100001af0,-852,True
func_o0_0x100001afe,939,False
func_o0_0x100001b06,285,True
func_o0_0x1000032ed,-242,False
func_o0_0x1000032ef,1029,False
func_o0_0x1000032f3,991,False
func_o0_0x1000032f5,-916,False
func_o0_0x1000032f9,66,True
func_o0_0x1000032fd,-193,True
func_o0_0x100003301,314,False
func_o0_0x100003307,685,False
func_o0_0x10000330f,-396,True
func_o0_0x100003311,413,True
func_o0_0x100003315,-604,False
func_o0_0x10000331b,751,True
func_o0_0x10000331f,-542,False
func_o0_0x100003323,-533,True
func_o0_0x100003325,-502,False
func_o0_0x100003329,541,True
func_o0_0x10000332f,-175,False
func_o0_0x100003333,-166,True
func_o0_0x100003337,55,True
func_o0_0x100003339,-291,False
func_o0_0x10000333f,-810,True
func_o0_0x100003343,83,True
func_o0_0x100003349,-509,True
func_o0_0x10000334b,-546,False
func_o0_0x10000334d,-339,False
func_o0_0x10000334f,687,True
func_o0_0x100003351,-249,True
func_o0_0x100003353,-570,True
func_o0_0x100003357,-134,False
func_o0_0x100003359,15,True
func_o0_0x10000335b,-419,False
func_o0_0x10000335f,-286,False
func_o0_0x1000039da,819,False
func_o0_0x1000039f9,-540,True
func_o0_0x1000039fc,-175,True
func_o0_0x1000039fe,-142,False
func_o0_0x100003c8d,872,False
func_o0_0x1000044bf,-177,True
func_o0_0x1000044c4,937,True
func_o0_0x100007e58,-917,True
func_o0_0x100008042,975,True
func_o0_0x100008082,42,True
func_oe_0x100001576,669,False
func_oe_0x100001748,-297,False
func_oe_0x100001789,-928,False
func_oe_0x100001797,6,True
func_oe_0x100001c17,-313,False
func_oe_0x100002482,593,True
func_oe_0x1000037a3,-135,False
func_oe_0x1000037a5,414,True
func_oe_0x1000037d3,-388,True
func_oe_0x1000037d9,-796,True
func_oe_0x100003938,-295,True
func_oe_0x100003b72,-35,True
func_oe_0x10000489e,-117,False
func_oe_0x1000048a0,-380,False
func_oe_0x100004b75,482,False
func_oe_0x100004e55,751,False
func_oe_0x100005975,688,True
func_oe_0x100005977,-392,True
func_oe_0x100005b6c,886,False
func_oe_0x100005b70,247,False
func_oe_0x100005b72,-359,True
func_oe_0x100005efd,56,True
func_oe_0x100005f88,166,True
func_oe_0x100005fc2,518,False
func_oe_0x100005ffa,734,False
func_oe_0x100006304,-314,False
func_oe_0x100006306,416,False
func_oe_0x100006308,-564,False
func_oe_0x10000630a,675,True
func_oe_0x10000630c,466,False
func_oe_0x100006316,983,False
func_oe_0x1000064be,1002,True
func_oe_0x1000064fc,-619,True
func_oe_0x100006b34,782,True
func_oe_0x100006cda,492,False
func_oe_0x100007286,436,True
func_oe_0x100007433,169,True
func_oe_0x1000078d9,-90,False
func_oe_0x1000078e1,262,False
func_oe_0x100007993,250,False
func_oe_0x100007a51,-448,False
func_oe_0x100007b16,-733,False
func_oe_0x100007c5e,472,False
func_on_0x100001819,-504,False
func_on_0x10000181b,263,False
func_on_0x100001825,-41,True
func_on_0x10000643f,301,True
func_on_0x1000066be,-807,True
func_on_0x100006f5e,374,True
func_on_0x100006fa8,-915,False
func_on_0x10000776b,314,False
func_oo_0x100003fb1,203,False
func_oo_0x100003fb3,-226,False
func_oo_0x100003fb5,996,True
func_oo_0x100003fb7,-737,False
func_oo_0x100003fbb,-38,True
func_or_0x100002dbc,522,True
func_or_0x100002dca,253,False
func_or_0x1000077ba,-378,True
func_or_0x1000077c9,289,False
func_or_0x10000820e,-199,True
func_os_0x100004059,111,False
func_ot_0x100001ad3,-343,True
func_ot_0x100001afb,-487,True
func_ot_0x100001b2d,228,False
func_ot_0x100001b31,246,False
func_ot_0x100001b33,196,False
func_ot_0x100001b41,897,False
func_ot_0x100001b86,199,False
func_ot_0x100004da3,-710,False
func_ot_0x100004dab,718,False
func_ot_0x100004dad,736,True
func_ot_0x100004db4,449,False
func_ot_0x10000553c,1021,True
func_ot_0x100005544,-201,True
func_ot_0x100005c4e,470,True
func_ot_0x100005c50,307,True
func_ot_0x100005c52,-793,False
func_ot_0x100005c54,350,True
func_ot_0x100005c58,-506,False
func_ot_0x100005c5c,282,False
func_ot_0x100005c5e,-515,True
func_ot_0x100005c60,-956,False
func_ot_0x100005c68,568,True
func_ot_0x100005c6a,244,True
func_ot_0x100005c6e,-81,False
func_ot_0x100005c70,343,True
func_ot_0x100005c72,-334,True
func_ot_0x100005c76,890,True
func_ot_0x100005c78,352,False
func_ot_0x100005c80,-433,True
func_ot_0x100005c82,-487,False
func_ot_0x100005c84,451,False
func_ot_0x100005c88,221,False
func_ot_0x100005c8c,349,True
func_ot_0x100005c8e,752,True
func_ot_0x100005c92,286,True
func_ot_0x100005c94,-352,False
func_ot_0x100005c96,10,True
func_ot_0x100005c9a,648,False
func_ot_0x100005ca0,73,True
func_ot_0x100005ca2,892,True
func_ot_0x100007125,-724,False
func_ot_0x10000717d,-37,True
func_ot_0x100007d2c,281,True
func_ot_0x100007d54,-768,True
func_ot_0x100007d73,-840,False
func_ot_0x1000080c8,926,True
func_p_0x10000031e,-602,True
func_p_0x1000007a9,257,True
func_p_0x1000008eb,-797,False
func_p_0x100001600,-351,False
func_p_0x100001953,9,True
func_p_0x10000195e,-741,True
func_p_0x100001966,258,False
func_p_0x10000196c,-103,True
func_p_0x100001a0d,-953,True
func_p_0x100001a2c,392,False
func_p_0x100001fa0,-55,False
func_p_0x100002ab2,-314,True
func_p_0x100002b39,-230,True
func_p_0x100002f62,21,False
func_p_0x1000030a0,-636,False
func_p_0x1000030a4,495,False
func_p_0x1000031f6,580,True
func_p_0x100003253,537,True
func_p_0x100003255,297,False
func_p_0x100003257,989,True
func_p_0x1000032a8,-330,True
func_p_0x10000339d,-260,False
func_p_0x100003449,356,False
func_p_0x100003452,935,False
func_p_0x1000037eb,986,True
func_p_0x100003810,-334,False
func_p_0x100003ac8,927,True
func_p_0x100003cc9,-896,True
func_p_0x10000410b,-699,True
func_p_0x100004167,799,True
func_p_0x1000041dc,-271,False
func_p_0x100004259,919,False
func_p_0x100004340,-404,True
func_p_0x100004380,433,True
func_p_0x10000450d,-875,True
func_p_0x10000457b,222,True
func_p_0x1000045f0,566,True
func_p_0x10000462a,-140,False
func_p_0x10000462f,-116,False
func_p_0x1000046f4,5,False
func_p_0x1000048fe,-682,True
func_p_0x100004946,-149,True
func_p_0x100004ab1,-856,False
func_p_0x100004c25,754,False
func_p_0x100004cbd,764,False
func_p_0x100005112,947,True
func_p_0x10000532e,-492,True
func_p_0x1000053c6,-846,True
func_p_0x100005bb7,-89,True
func_p_0x100005f7c,165,False
func_p_0x100006152,92,False
func_p_0x100006537,-875,False
func_p_0x10000654a,-462,True
func_p_0x100006550,380,False
func_p_0x1000065c0,181,False
func_p_0x1000065c9,-201,False
func_p_0x100006739,-102,True
func_p_0x100006836,180,False
func_p_0x100006c16,741,False
func_p_0x100007304,1011,False
func_p_0x100007306,-782,False
func_p_0x10000744d,-629,False
func_p_0x100007564,-653,False
func_p_0x10000759f,333,True
func_p_0x1000078c1,-31,False
func_pa_0x100004056,-487,False
func_pe_0x100003d9f,-225,False
func_pe_0x100003da1,758,False
func_pe_0x100003da5,-739,False
func_pe_0x100003da9,-459,True
func_pe_0x100003dad,-564,True
func_pe_0x100003e66,332,False
func_pe_0x100003e68,883,True
func_pe_0x100003e6a,681,True
func_pe_0x100003e8a,-548,False
func_pe_0x100003e98,-655,False
func_pe_0x100003e9a,418,False
func_pe_0x100003e9e,212,False
func_pe_0x100003ea3,-183,False
func_pe_0x100003ea6,702,False
func_pe_0x100003ea8,-695,False
func_pe_0x100003eb1,-144,True
func_pe_0x100003eb6,-736,False
func_pe_0x100003eb8,882,True
func_pe_0x100003eba,-92,False
func_pe_0x100003ebe,464,False
func_pe_0x100003ee2,529,True
func_pe_0x100003ee8,699,True
func_pe_0x100003ef0,710,False
func_pe_0x100003ef3,974,True
func_pe_0x100003ef6,484,False
func_pe_0x100003ef9,63,False
func_pe_0x100003f02,-89,True
func_pe_0x100003f05,-839,False
func_pe_0x100003f08,-778,False
func_pe_0x100003f11,840,False
func_pe_0x100003f18,-777,True
func_pe_0x100003f1c,-221,True
func_pe_0x100003f2a,-715,True
func_pe_0x100003f2e,-929,False
func_pe_0x100003f30,637,True
func_pe_0x100003f32,24,False
func_pe_0x100003f3a,-533,True
func_pe_0x100003f3e,-337,False
func_pe_0x100003f41,433,True
func_pe_0x100003f44,1022,False
func_pe_0x100003f52,-494,True
func_pe_0x100003f60,-783,True
func_pe_0x100003f62,-639,True
func_pe_0x100003f65,-257,False
func_pe_0x100003f69,283,True
func_pe_0x100003f6b,837,False
func_pe_0x100003f77,626,True
func_pe_0x100003f7b,-76,True
func_pe_0x100003f89,-772,True
func_pe_0x100003f8d,-364,True
func_pe_0x100003f91,6,True
func_pe_0x100003f95,-97,False
func_pe_0x100003fa5,220,False
func_pe_0x100003fbe,-948,True
func_pe_0x100003fc0,-616,False
func_pe_0x100003fca,-664,True
func_pe_0x100003fd6,970,False
func_pe_0x100003fe2,389,True
func_pe_0x100004013,-187,False
func_pe_0x100004015,838,False
func_pe_0x100004017,-661,True
func_pe_0x10000401a,901,True
func_pe_0x10000401c,593,True
func_pe_0x100004061,-853,True
func_pe_0x10000406b,637,True
func_pe_0x100004072,844,False
func_pe_0x10000407b,-269,False
func_pe_0x10000407f,420,False
func_pe_0x100004085,-742,True
func_pe_0x1000040b4,-521,False
func_pe_0x1000040ba,927,False
func_pe_0x1000040c0,391,True
func_pe_0x1000040d3,321,True
func_pi_0x10000405e,883,False
func_pn_0x100003a05,-541,False
func_pn_0x100005760,805,False
func_pn_0x100005782,-653,False
func_pn_0x1000057c3,844,False
func_pn_0x100005845,69,False
func_pn_0x100007e4d,-388,True
func_pr_0x10000239c,612,True
func_pt_0x1000006c8,-730,False
func_pt_0x1000066b4,902,False
func_pt_0x1000066d0,137,True
func_pt_0x1000066f6,-129,True
func_pt_0x1000066f8,-673,False
func_pt_0x1000066fa,-836,True
func_pt_0x1000066fc,281,True
func_pt_0x10000703a,-160,False
func_q0_0x10000063c,633,True
func_q0_0x10000064a,-335,False
func_q0_0x1000006b8,-327,False
func_q0_0x1000006ba,-241,False
func_q0_0x1000006c2,-470,True
func_q0_0x1000066b1,129,True
func_q0_0x1000066d4,-99,False
func_q0_0x100006a45,670,False
func_q_0x100001636,-853,False
func_q_0x10000190a,39,True
func_q_0x100001c45,694,True
func_q_0x100001c6d,789,False
func_q_0x100001d76,-429,True
func_q_0x100001d7a,968,False
func_q_0x100001d84,146,True
func_q_0x100001def,-912,False
func_q_0x100001df3,517,True
func_q_0x100001e81,-413,True
func_q_0x100002547,40,False
func_q_0x10000323a,873,False
func_q_0x10000352c,940,True
func_q_0x100003aab,722,False
func_q_0x100003aad,-710,False
func_q_0x100003ab7,-165,False
func_q_0x100003abc,-865,True
func_q_0x100003b16,-459,False
func_q_0x100003d2e,-404,False
func_q_0x100003d32,659,True
func_q_0x100003d38,406,True
func_q_0x100004544,-747,True
func_q_0x10000454d,929,False
func_q_0x100004551,-705,True
func_q_0x100004558,859,True
func_q_0x10000455a,-78,True
func_q_0x10000496c,664,False
func_q_0x1000049a3,-281,True
func_q_0x1000049ac,653,False
func_q_0x100004a67,-189,True
func_q_0x100004a69,995,True
func_q_0x100004a71,-909,False
func_q_0x100004b83,714,True
func_q_0x100005209,872,True
func_q_0x100005b35,-846,True
func_q_0x100005b76,869,True
func_q_0x100006068,417,True
func_q_0x10000606a,-828,True
func_q_0x10000606c,602,False
func_q_0x10000606f,868,True
func_q_0x1000062bb,-702,False
func_q_0x1000062d2,40,False
func_q_0x10000673a,909,True
func_q_0x1000067c4,-462,False
func_q_0x1000067c6,-232,False
func_q_0x100006ac9,-174,True
func_q_0x100006acd,586,False
func_q_0x100006b87,-553,True
func_q_0x100006e90,319,True
func_q_0x10000722d,885,True
func_q_0x100007231,696,True
func_q_0x100007261,207,True
func_q_0x100007266,86,True
func_q_0x100007284,-17,True
func_q_0x10000728f,-489,False
func_qe_0x100001ef2,-863,True
func_qe_0x100001f1f,258,False
func_qe_0x10000259e,-679,True
func_qe_0x100003593,-339,False
func_qe_0x100003595,-718,True
func_qe_0x100003599,-518,False
func_qe_0x1000035b4,333,True
func_qe_0x1000035b8,373,True
func_qe_0x1000035f2,-948,False
func_qe_0x100003b7a,980,False
func_qe_0x1000043e1,46,True
func_qe_0x10000517a,-537,True
func_qe_0x1000053a2,492,False
func_qe_0x100006318,571,False
func_qe_0x1000064d1,944,False
func_qe_0x10000658f,994,True
func_qe_0x1000065a5,-474,True
func_qe_0x1000065aa,-745,True
func_qe_0x1000065ad,-806,True
func_qe_0x100006b25,-952,False
func_qe_0x100006b27,572,False
func_qe_0x100006ed0,225,False
func_qe_0x10000735e,519,True
func_qn_0x100005ad4,-612,True
func_qn_0x100005ad8,1027,True
func_qn_0x100005ae0,-935,True
func_qn_0x100005da7,-571,False
func_qn_0x100005da9,799,False
func_qn_0x100005dab,-409,True
func_qn_0x100008290,11,False
func_qt_0x1000025a3,316,False
func_qt_0x1000025a5,164,False
func_qt_0x1000025a7,817,True
func_qt_0x1000025ab,-66,False
func_qt_0x1000025af,-76,False
func_qt_0x1000025b1,678,False
func_qt_0x1000025b3,281,True
func_qt_0x1000025b5,362,False
func_qt_0x1000025b7,803,True
func_qt_0x1000025b9,-898,True
func_qt_0x1000025bb,6,False
func_qt_0x1000025bd,203,False
func_qt_0x1000025bf,298,True
func_qt_0x1000025c1,103,True
func_qt_0x1000025c5,-905,True
func_qt_0x1000025c7,863,False
func_qt_0x1000025c9,111,True
func_qt_0x1000025cb,-361,False
func_qt_0x1000025cd,647,True
func_qt_0x1000025cf,-130,False
func_qt_0x1000025d3,579,False
func_qt_0x1000025dd,923,False
func_qt_0x1000025e1,95,False
func_qt_0x1000025e9,895,True
func_qt_0x1000025eb,-470,True
func_qt_0x1000025f3,-587,True
func_qt_0x1000025f5,255,True
func_qt_0x10000260b,476,True
func_qt_0x10000260d,-497,False
func_qt_0x100002611,-697,False
func_qt_0x100002615,789,False
func_qt_0x10000261f,421,True
func_qt_0x100002625,-76,False
func_qt_0x100002631,-422,True
func_qt_0x100002635,-241,False
func_qt_0x100002639,-702,True
func_qt_0x10000263f,892,False
func_qt_0x100005a19,534,True
func_qt_0x100005a1b,-206,True
func_qt_0x100005a21,-584,False
func_qt_0x100005a23,281,False
func_qt_0x100005a29,713,False
func_qt_0x100005a2d,-225,True
func_qt_0x100005a31,-573,False
func_qt_0x100005a35,95,False
func_qt_0x100005a37,162,True
func_qt_0x100005a39,-918,False
func_qt_0x100005a41,405,True
func_qt_0x100005a43,-908,True
func_qt_0x100005a4d,382,False
func_qt_0x100005a51,-436,True
func_qt_0x100005a53,677,False
func_qt_0x100005a55,963,False
func_qt_0x100005a5d,109,True
func_qt_0x100005a61,501,True
func_qt_0x100005a65,219,True
func_qt_0x100005a67,166,False
func_qt_0x100005a6b,243,False
func_qt_0x100005a6f,204,False
func_qt_0x100005a75,-719,True
func_qt_0x100005a81,145,True
func_qt_0x100005a89,-908,False
func_qt_0x100005ab3,-483,False
func_qt_0x100005b0b,942,False
func_qt_0x100005b15,775,False
func_qt_0x100005b1f,783,True
func_qt_0x100006d0e,-63,True
func_qt_0x100006d48,-327,False
func_qt_0x100006d4c,-240,True
func_qt_0x100006d80,791,True
func_qt_0x100006d98,819,True
func_qt_0x100006e17,-242,True
func_qt_0x10000826a,-865,False
func_qt_0x10000826c,-713,False
func_qt_0x10000826f,-953,True
func_r0_0x100003a4e,547,True
func_r0_0x100003a50,-533,True
func_r0_0x100003a52,-877,True
func_r0_0x100003a54,571,False
func_r0_0x100003a62,-95,False
func_r0_0x10000445e,-825,False
func_r0_0x1000044a5,-168,False
func_r0_0x1000044b5,943,False
func_r0_0x1000044bc,-624,False
func_r0_0x1000044c7,2,True
func_r0_0x100004d80,-129,True
func_r0_0x100004d82,-124,True
func_r0_0x100004d84,925,True
func_r0_0x100004d8f,-715,True
func_r0_0x100004d93,-184,True
func_r0_0x100004d9a,-86,True
func_r0_0x100007045,100,True
func_r0_0x100007048,990,False
func_r0_0x100007d2f,851,False
func_r_0x100002429,209,False
func_r_0x10000242b,678,False
func_re_0x100001572,-940,True
func_re_0x100001574,-23,True
func_re_0x1000015c5,-554,True
func_re_0x10000168b,126,False
func_re_0x10000173f,-222,True
func_re_0x10000174b,207,False
func_re_0x100001787,108,False
func_re_0x10000178d,562,True
func_re_0x100001919,-741,False
func_re_0x100001d65,-120,True
func_re_0x1000034a3,730,False
func_re_0x1000035ec,-314,False
func_re_0x1000037c9,-927,False
func_re_0x100003b6e,-547,True
func_re_0x100003bb1,-801,True
func_re_0x1000043fd,840,False
func_re_0x1000048a4,-868,True
func_re_0x1000048a6,502,False
func_re_0x100004967,-90,False
func_re_0x100004b8b,-832,False
func_re_0x100004b8e,264,True
func_re_0x100005b62,423,True
func_re_0x100005b64,686,False
func_re_0x100005b66,685,True
func_re_0x1000060c5,-123,True
func_re_0x100006310,-911,False
func_re_0x100006312,258,True
func_re_0x1000064ba,242,True
func_re_0x1000064cc,-364,True
func_re_0x1000064f0,-274,False
func_re_0x1000064f3,-424,False
func_re_0x100006cf0,141,False
func_re_0x1000071e5,-652,False
func_re_0x10000721c,616,False
func_re_0x10000721e,-493,False
func_re_0x100007225,-738,True
func_re_0x1000078db,296,True
func_re_0x10000798f,323,False
func_re_0x100007991,83,True
func_re_0x100007cb8,-364,False
func_re_0x100007e70,-515,True
func_ri_0x1000027ce,1040,True
func_rn_0x100002e09,926,True
func_rt_0x100001f0d,-382,True
func_rt_0x100001f18,486,True
func_rt_0x100001f1b,636,False
func_rt_0x10000303a,866,True
func_rt_0x10000303c,-634,False
func_rt_0x100003058,522,True
func_rt_0x10000305e,-67,True
func_rt_0x1000042d3,-900,True
func_rt_0x1000053aa,962,True
func_rt_0x1000053ac,693,False
func_rt_0x1000053ae,489,False
func_rt_0x1000053b2,838,True
func_rt_0x1000053b4,-806,False
func_rt_0x1000053b8,633,False
func_rt_0x1000067f1,-744,False
func_rt_0x100006bb7,-47,True
func_rt_0x100007311,-331,True
func_rt_0x1000079aa,-17,False
func_rt_0x100007bb2,-309,True
func_rt_0x100007beb,-518,False
func_rt_0x100007bed,-839,False
func_rt_0x100007bef,-105,True
func_rt_0x100007bf1,-140,False
func_rt_0x100007bf7,264,False
func_rt_0x100007c0c,-942,False
func_rt_0x100007c0e,494,False
func_rt_0x100007e28,283,True
func_s0_0x100000495,-557,True
func_s0_0x1000006cd,-220,False
func_s0_0x1000006d3,-479,False
func_s0_0x1000006d5,-392,True
func_s0_0x1000006d9,387,False
func_s0_0x1000006e4,259,True
func_s0_0x1000006fa,150,True
func_s0_0x100000700,405,True
func_s0_0x100000708,-906,True
func_s0_0x10000070a,500,True
func_s0_0x100001834,65,False
func_s0_0x100001894,341,False
func_s0_0x1000018bc,-815,False
func_s0_0x1000057a5,980,True
func_s0_0x1000057a9,-839,True
func_s0_0x1000057ab,-685,False
func_s_0x10000010d,-395,True
func_s_0x1000001b6,928,True
func_s_0x100000260,288,True
func_s_0x1000002d9,-184,True
func_s_0x100000359,614,True
func_s_0x1000003cf,-42,False
func_s_0x100000415,-176,True
func_s_0x100000715,-393,False
func_s_0x1000007d3,821,False
func_s_0x100000811,-739,False
func_s_0x100000820,-707,False
func_s_0x100000825,359,True
func_s_0x100000868,-603,True
func_s_0x100000880,-60,False
func_s_0x100000892,518,True
func_s_0x1000008d2,963,False
func_s_0x100000936,-637,False
func_s_0x1000015f9,-553,False
func_s_0x1000017d8,426,False
func_s_0x100001a4c,-22,False
func_s_0x100001a54,-476,True
func_s_0x100001a94,617,True
func_s_0x100001ac4,828,False
func_s_0x100001bbb,149,True
func_s_0x100001ce8,17,True
func_s_0x100001fc7,-947,False
func_s_0x1000024ce,-630,False
func_s_0x1000024f6,879,False
func_s_0x10000257f,153,True
func_s_0x100002f66,-755,False
func_s_0x100003124,-352,True
func_s_0x100003250,-588,False
func_s_0x1000033f3,-48,False
func_s_0x100003426,103,True
func_s_0x1000034ed,628,True
func_s_0x1000037e6,46,True
func_s_0x1000037ee,-617,True
func_s_0x1000037ff,-823,False
func_s_0x1000038c4,-197,True
func_s_0x1000038c8,720,True
func_s_0x100003d4a,-886,False
func_s_0x10000417d,-68,True
func_s_0x1000041d0,-831,True
func_s_0x10000424f,-726,False
func_s_0x100004572,877,False
func_s_0x1000045b4,874,False
func_s_0x1000045fd,660,True
func_s_0x10000470f,470,True
func_s_0x10000475f,-26,False
func_s_0x100004780,950,False
func_s_0x10000479a,-95,False
func_s_0x1000049d4,-706,False
func_s_0x100004a4d,704,True
func_s_0x100004baa,345,False
func_s_0x100004c62,765,True
func_s_0x100004cb0,427,False
func_s_0x100004d1d,164,False
func_s_0x100004d5d,671,True
func_s_0x100004f1c,-313,True
func_s_0x100004f32,930,False
func_s_0x100004fe0,731,True
func_s_0x10000500c,271,True
func_s_0x100005077,650,True
func_s_0x1000050fe,-233,True
func_s_0x1000052b7,-495,False
func_s_0x100005437,873,True
func_s_0x10000589a,-549,True
func_s_0x1000058b7,-71,True
func_s_0x1000058cd,-427,False
func_s_0x100005b30,-455,False
func_s_0x100005b96,857,False
func_s_0x100005c08,-948,False
func_s_0x100005c16,-536,False
func_s_0x100006261,899,True
func_s_0x10000634e,-869,False
func_s_0x10000635d,-674,True
func_s_0x10000647e,1031,True
func_s_0x100006483,-843,True
func_s_0x100006557,-889,False
func_s_0x1000065b8,-575,False
func_s_0x1000065d4,407,True
func_s_0x1000065df,261,False
func_s_0x10000681e,338,True
func_se_0x100001597,-746,False
func_se_0x10000159d,509,True
func_se_0x100001682,103,True
func_se_0x100001690,-278,True
func_se_0x100001749,-503,True
func_se_0x100001d56,518,False
func_se_0x100003037,-108,True
func_se_0x1000034ae,-255,False
func_se_0x1000034b0,158,False
func_se_0x1000034b2,-393,False
func_se_0x1000034b6,-564,False
func_se_0x1000034d2,568,True
func_se_0x1000034d4,-829,False
func_se_0x1000034e5,-870,True
func_se_0x100004969,689,True
func_se_0x100004eba,709,False
func_se_0x100005741,-240,True
func_se_0x100005b6e,671,True
func_se_0x100005fe4,270,True
func_se_0x1000060f0,664,True
func_se_0x1000060fb,844,True
func_se_0x1000060fd,443,True
func_se_0x100006114,-854,True
func_se_0x100006120,316,False
func_se_0x100006123,669,True
func_se_0x100006127,70,True
func_se_0x1000061f1,169,False
func_se_0x100006232,624,False
func_se_0x100006238,-823,False
func_se_0x10000623c,835,False
func_se_0x10000623e,699,True
func_se_0x100006245,3,True
func_se_0x10000624b,-907,False
func_se_0x100006253,43,True
func_se_0x1000062ca,-514,True
func_se_0x1000062cc,311,True
func_se_0x100006390,922,True
func_se_0x1000064b7,137,True
func_se_0x1000064f5,698,True
func_se_0x100007c5c,214,False
func_sn_0x100006408,594,True
func_sn_0x10000640e,982,False
func_sr_0x1000027a3,84,False
func_sr_0x10000294e,1016,False
func_sr_0x100002988,280,False
func_sr_0x10000298a,622,True
func_sr_0x1000029b2,850,False
func_st_0x100002eac,515,False
func_st_0x100002eb3,-603,True
func_st_0x100002eb7,-505,True
func_st_0x100005a10,-661,False
func_st_0x100005a9e,-942,True
func_st_0x100005aa4,-772,False
func_st_0x100006d8b,-955,True
func_st_0x100006d95,552,False
func_st_0x100008279,-939,False
func_st_0x10000827b,-635,False
func_st_0x100008283,282,True
func_st_0x100008287,-84,False
func_t0_0x10000066a,282,True
func_t0_0x10000066e,406,False
func_t0_0x100000672,907,False
func_t0_0x100000676,-38,False
func_t0_0x100000680,94,True
func_t0_0x100000686,778,True
func_t0_0x100000688,-658,False
func_t0_0x100000690,252,False
func_t0_0x100000692,-320,True
func_t0_0x100000696,-930,True
func_t0_0x10000069c,508,True
func_t0_0x10000069e,-456,True
func_t0_0x1000006a2,732,True
func_t0_0x1000006ac,280,True
func_t0_0x1000006b0,-710,True
func_t0_0x1000006b2,-779,True
func_t0_0x100002606,6,False
func_t0_0x100002e17,361,True
func_t0_0x100005ac0,-161,True
func_t0_0x100005ac2,952,True
func_t0_0x100006d3d,-938,False
func_t0_0x100006d41,-666,False
func_t0_0x100006d43,267,True
func_t0_0x100006d5e,858,True
func_t0_0x100006d62,-950,True
func_t0_0x100006d64,341,False
func_t0_0x100008274,615,False
func_t_0x100000000,563,True
func_t_0x10000000c,-443,True
func_t_0x100000015,-899,False
func_t_0x100000018,898,True
func_t_0x100000079,35,True
func_t_0x1000000a6,947,False
func_t_0x1000000be,1033,True
func_t_0x100000102,164,False
func_t_0x10000016c,-827,False
func_t_0x10000016f,405,True
func_t_0x100000181,-342,False
func_t_0x100000188,-305,False
func_t_0x10000018b,-7,False
func_t_0x100000195,871,False
func_t_0x100000199,-603,True
func_t_0x1000001a0,-45,True
func_t_0x1000001a4,85,True
func_t_0x1000001aa,548,False
func_t_0x1000001ad,155,False
func_t_0x100000243,-559,False
func_t_0x100000272,-93,True
func_t_0x100000326,-299,False
func_t_0x100000337,673,True
func_t_0x100000349,-794,False
func_t_0x10000036b,-408,False
func_t_0x100000372,-866,False
func_t_0x100000379,125,False
func_t_0x100000382,711,False
func_t_0x1000003b6,657,False
func_t_0x1000003d5,-286,True
func_t_0x10000040a,-594,True
func_t_0x10000043f,-669,False
func_t_0x100000442,-195,False
func_t_0x10000045b,-29,True
func_t_0x10000045e,-863,False
func_t_0x100000461,560,False
func_t_0x10000046a,104,True
func_t_0x10000047b,621,True
func_t_0x100000481,225,False
func_t_0x100000736,-733,False
func_t_0x10000073e,-481,False
func_t_0x10000075a,-98,True
func_t_0x100000766,-61,False
func_t_0x100000768,-686,True
func_t_0x10000076b,-409,True
func_t_0x100000773,-504,True
func_t_0x100000778,936,True
func_t_0x100000781,41,True
func_t_0x10000078c,334,False
func_t_0x10000079b,689,False
func_t_0x1000007a3,-742,True
func_t_0x1000007d8,992,False
func_t_0x1000007de,798,False
func_t_0x10000080e,-183,True
func_t_0x100000856,-727,False
func_t_0x100000888,914,False
func_t_0x10000088c,-229,False
func_t_0x1000008a5,488,False
func_t_0x1000008a8,637,True
func_t_0x1000008ab,342,False
func_t_0x1000008af,356,False
func_t_0x1000008d7,-147,True
func_t_0x1000008e1,-734,False
func_t_0x1000008e7,-163,False
func_t_0x100000901,-301,False
func_t_0x10000090c,-711,True
func_t_0x100000917,695,True
func_t_0x10000092c,-345,True
func_t_0x10000093e,139,True
func_t_0x10000158f,-887,False
func_t_0x100001603,-671,False
func_t_0x10000199c,557,False
func_t_0x100001a33,26,False
func_t_0x100001ac2,-950,False
func_t_0x100001aca,113,True
func_t_0x100001f35,-810,True
func_t_0x100001f86,962,True
func_t_0x100001fae,-411,False
func_t_0x100001fba,477,True
func_t_0x1000024c6,708,False
func_t_0x1000024dc,-420,False
func_t_0x100002510,-463,True
func_t_0x100002574,754,True
func_t_0x100002b40,113,True
func_t_0x100002d60,963,False
func_t_0x100002f97,696,False
func_t_0x100003123,379,False
func_t_0x100003158,-349,True
func_t_0x100003164,-376,False
func_t_0x1000031da,-741,False
func_t_0x10000324c,-376,False
func_t_0x10000329f,-658,True
func_t_0x1000032d8,-614,False
func_t_0x100003382,285,False
func_t_0x100003390,-651,False
func_t_0x1000033a4,-456,True
func_t_0x1000033aa,-658,False
func_t_0x1000033ac,-666,True
func_t_0x10000341e,595,True
func_t_0x10000342d,-140,True
func_t_0x10000346a,-93,False
func_t_0x10000346c,700,False
func_t_0x100003796,-376,True
func_t_0x10000381b,588,False
func_t_0x100003899,-773,False
func_t_0x100003d87,854,False
func_t_0x10000424d,-462,True
func_t_0x100004383,156,True
func_t_0x1000044fa,59,True
func_t_0x1000045c4,233,True
func_t_0x1000045d8,-608,False
func_t_0x1000045e6,611,True
func_t_0x1000046e2,81,True
func_t_0x100004741,982,False
func_t_0x100004743,-725,True
func_t_0x100004745,527,False
func_t_0x100004747,-928,False
func_t_0x100004749,-408,True
func_t_0x10000474b,479,True
func_t_0x10000474d,-767,True
func_t_0x10000474f,1023,True
func_t_0x100004751,-408,True
func_t_0x100004753,-612,False
func_t_0x100004755,968,False
func_t_0x100004757,1037,True
func_t_0x100004759,-451,False
func_t_0x10000475b,-943,True
func_t_0x10000476a,473,True
func_t_0x10000478d,22,True
func_t_0x100004790,-766,True
func_t_0x100004793,1004,True
func_t_0x100004795,-832,False
func_t_0x100004797,332,True
func_t_0x10000494d,-69,False
func_t_0x100004c01,-327,True
func_t_0x100004c21,456,True
func_t_0x100004c2d,513,False
func_t_0x100004c40,469,True
func_t_0x100004c50,-236,True
func_t_0x100004c5d,-44,False
func_t_0x100004c7b,198,False
func_t_0x100004c92,-113,False
func_t_0x100004d4d,-261,True
func_t_0x100004f1a,-870,False
func_t_0x100004f2f,606,True
func_t_0x100004f8b,683,True
func_t_0x100004f93,-616,False
func_t_0x100004fa9,433,True
func_t_0x100004fbd,-546,False
func_t_0x100004fcf,-364,True
func_t_0x100004fec,345,True
func_t_0x100005036,975,True
func_t_0x100005047,78,False
func_t_0x10000505c,-760,False
func_t_0x10000506f,685,False
func_t_0x100005087,833,True
func_t_0x100005090,-933,False
func_t_0x100005099,-890,False
func_t_0x1000050a0,742,False
func_t_0x1000050c0,-239,True
func_t_0x1000050d1,-916,False
func_t_0x100005234,262,True
func_t_0x100005236,995,True
func_t_0x1000052c5,-566,True
func_t_0x1000052ed,194,False
func_t_0x1000052f6,-444,False
func_t_0x1000052fa,73,True
func_t_0x1000052fe,-730,False
func_t_0x100005306,392,True
func_t_0x1000053ee,-766,False
func_t_0x100005474,-723,True
func_t_0x1000058fe,-601,True
func_t_0x100005b25,-867,False
func_t_0x100005e8d,-650,False
func_t_0x100005e8f,912,False
func_t_0x100005e9b,-628,True
func_t_0x10000647d,1014,True
func_t_0x10000653f,-395,True
func_t_0x100006554,-29,True
func_t_0x10000667c,129,True
func_t_0x100006684,-802,True
func_t_0x100006686,1017,True
func_t_0x100006688,712,True
func_t_0x100006707,1021,False
func_t_0x100006717,513,True
func_t_0x1000067a9,-615,True
func_t_0x100006931,669,False
func_t_0x10000696a,815,True
func_t_0x100006a04,1014,True
func_t_0x100006a42,-579,False
func_t_0x100006c14,491,True
func_t_0x100006e26,597,True
func_t_0x10000701d,-492,True
func_t_0x100007027,966,True
func_t_0x100007035,-447,True
func_t_0x10000749a,-550,False
func_t_0x1000079db,-728,False
func_t_0x100007dca,-571,True
func_t_0x100007ec2,580,False
func_t_0x100007ec6,967,False
func_t_0x100007f98,710,True
func_t_0x1000082e9,-35,False
func_t_0x1000082f3,-693,True
func_te_0x100001e93,-280,True
func_te_0x100001ec1,26,True
func_te_0x100001ec3,991,False
func_te_0x100001f2e,931,True
func_te_0x1000035ed,-731,False
func_te_0x100003663,-180,False
func_te_0x100003665,242,True
func_te_0x100003667,164,True
func_te_0x100003669,-315,True
func_te_0x10000366b,124,True
func_te_0x10000366d,809,False
func_te_0x10000367f,-14,False
func_te_0x10000368d,405,False
func_te_0x100003b79,-667,False
func_te_0x100005160,30,False
func_te_0x100005162,233,True
func_te_0x100005164,963,False
func_te_0x10000516a,973,False
func_te_0x10000516d,361,True
func_te_0x100005194,-80,True
func_te_0x100005688,681,False
func_te_0x10000568c,385,False
func_te_0x10000568e,-557,False
func_te_0x100005694,-580,False
func_te_0x1000060f8,919,False
func_te_0x10000673c,353,True
func_te_0x100006740,-471,True
func_te_0x100006742,-142,False
func_te_0x10000674c,-409,False
func_te_0x10000674e,-182,True
func_te_0x1000069b1,-408,True
func_te_0x1000069b9,660,False
func_te_0x1000069c1,-334,False
func_te_0x1000069c3,-947,True
func_te_0x1000069cf,716,True
func_te_0x1000069d1,-950,True
func_te_0x1000069d7,415,False
func_te_0x100006ee7,-34,False
func_te_0x100007333,46,False
func_te_0x100007364,674,False
func_te_0x10000736b,853,False
func_te_0x1000074e9,80,True
func_te_0x1000075f2,-286,False
func_te_0x1000075f4,-685,False
func_te_0x1000075f8,-374,True
func_te_0x100007626,-300,False
func_te_0x100007631,-538,True
func_te_0x100007633,427,True
func_te_0x10000763a,810,False
func_te_0x100007a86,269,True
func_te_0x100007a8c,1022,True
func_te_0x100007a94,-930,True
func_te_0x100007a96,-323,False
func_te_0x100007a98,306,False
func_te_0x100007a9d,-96,False
func_te_0x100007aa1,270,True
func_te_0x100007aa5,-828,True
func_te_0x100007ad8,-581,True
func_te_0x100007af6,489,False
func_te_0x100007c61,121,False
func_te_0x100007c63,-903,True
func_te_0x100007c65,-836,True
func_te_0x100007c90,247,True
func_tn_0x1000025f7,372,False
func_tn_0x100005a15,263,False
func_tn_0x100005ab1,29,True
func_tn_0x100005ab9,-119,True
func_tn_0x100005b11,-224,False
func_tn_0x100006d3a,-779,False
func_tn_0x100006d6c,422,True
func_tn_0x100007799,293,True
func_tr_0x100003e78,-134,True
func_tr_0x100004038,851,True
func_tr_0x1000040cb,-778,False
func_tt_0x100001ebb,-181,False
func_tt_0x100003038,-96,False
func_tt_0x10000303e,771,True
func_tt_0x100003040,-630,True
func_tt_0x100004d7b,818,False
func_tt_0x100004db9,-19,False
func_tt_0x100004dd7,586,True
func_tt_0x100004ddb,324,True
func_tt_0x100004e1d,90,True
func_tt_0x100004e1f,-958,True
func_tt_0x100004e23,276,False
func_tt_0x1000053b0,-265,True
func_tt_0x1000053b6,-454,True
func_tt_0x1000064d9,-540,True
func_tt_0x1000067d7,-652,True
func_tt_0x1000067f8,260,True
func_tt_0x1000079ac,26,False
func_tt_0x100007b0f,-489,False
func_tx_0x1000029ff,525,False
func_tx_0x100002a01,460,False
func_u0_0x100001e2b,878,False
func_u0_0x100001e2f,-569,True
func_u0_0x100001e35,-179,True
func_u0_0x100001e39,-219,False
func_u0_0x100001e3b,802,True
func_u0_0x100001e41,452,True
func_u0_0x100001e4b,-374,True
func_u0_0x100001e4d,-871,True
func_u0_0x100001e4f,-371,False
func_u0_0x1000032e9,597,False
func_u0_0x1000039e1,759,True
func_u0_0x100003c86,650,True
func_u0_0x10000447e,-468,False
func_u0_0x1000044b2,-746,True
func_u0_0x10000552f,455,True
func_u0_0x100005824,520,True
func_u0_0x100007e59,-667,False
func_u0_0x100008037,100,True
func_u0_0x100008085,921,True
func_u_0x100000179,194,True
func_u_0x10000025c,234,True
func_u_0x1000003a5,467,True
func_u_0x100001699,677,False
func_u_0x1000016be,-249,False
func_u_0x10000195b,-312,False
func_u_0x100001975,-147,False
func_u_0x100001979,876,False
func_u_0x100001a1e,-282,True
func_u_0x100001a49,-680,True
func_u_0x100001caf,-356,False
func_u_0x100001dde,395,False
func_u_0x100001f9a,637,False
func_u_0x100001fb3,883,True
func_u_0x100001fb5,-951,False
func_u_0x1000024e8,-846,True
func_u_0x100002abd,698,False
func_u_0x100002b3b,-548,False
func_u_0x100002b3d,740,True
func_u_0x100002f5e,-907,True
func_u_0x1000030c8,-393,False
func_u_0x10000317c,561,True
func_u_0x100003373,79,True
func_u_0x100003394,-578,True
func_u_0x1000033c1,252,False
func_u_0x1000033c5,-46,False
func_u_0x1000033f5,-603,False
func_u_0x100003448,-621,False
func_u_0x100003454,839,True
func_u_0x1000037df,-801,True
func_u_0x1000037e3,471,False
func_u_0x1000037e9,-789,True
func_u_0x100003809,-207,True
func_u_0x10000380f,276,True
func_u_0x100003828,-483,False
func_u_0x1000038fb,666,False
func_u_0x100003902,-113,True
func_u_0x10000392e,-151,False
func_u_0x100003930,614,True
func_u_0x100003d54,85,True
func_u_0x10000414f,486,True
func_u_0x100004576,-4,False
func_u_0x100004578,-802,False
func_u_0x100004585,301,True
func_u_0x100004600,-949,False
func_u_0x1000046f1,1007,True
func_u_0x100004901,44,False
func_u_0x10000495a,-756,True
func_u_0x1000049d7,-523,True
func_u_0x100004a0b,-867,True
func_u_0x100004a0e,-108,True
func_u_0x100004ad6,-131,True
func_u_0x100004bef,674,False
func_u_0x100004cd3,130,False
func_u_0x100004cf2,-153,False
func_u_0x100004f24,-696,False
func_u_0x100005220,655,True
func_u_0x100005225,-275,False
func_u_0x1000052a7,-789,True
func_u_0x1000052ad,225,True
func_u_0x100005414,-414,True
func_u_0x1000055f0,189,True
func_u_0x10000569f,-162,False
func_u_0x1000058b5,-730,True
func_u_0x100005982,348,True
func_u_0x100005b7d,701,True
func_u_0x100005be4,-772,False
func_u_0x100005f76,928,True
func_u_0x100006144,-689,True
func_u_0x100006264,434,False
func_u_0x100006271,375,False
func_u_0x100006277,631,False
func_u_0x1000065f3,39,False
func_u_0x100006c15,-928,True
func_u_0x100006c3c,-737,True
func_u_0x100007497,845,True
func_u_0x100007952,266,False
func_u_0x100007adb,-447,False
func_u_0x100007b48,-215,False
func_u_0x100007f63,777,True
func_ue_0x100001595,-122,False
func_ue_0x10000159b,-743,True
func_ue_0x1000015b7,-460,False
func_ue_0x1000015c3,-84,True
func_ue_0x1000015c7,-779,True
func_ue_0x100001673,638,False
func_ue_0x100001743,-575,True
func_ue_0x100001745,476,False
func_ue_0x10000178b,40,False
func_ue_0x100001791,-879,False
func_ue_0x100001d63,-851,True
func_ue_0x1000037cf,239,False
func_ue_0x100003934,668,False
func_ue_0x1000043ff,288,False
func_ue_0x100004b89,-497,False
func_ue_0x100004ba6,911,True
func_ue_0x10000563d,-59,True
func_ue_0x10000573f,-201,False
func_ue_0x100005b68,655,False
func_ue_0x100005b6a,244,False
func_ue_0x100005fff,-667,True
func_ue_0x100006125,-477,False
func_ue_0x100006230,602,True
func_ue_0x100006234,-508,True
func_ue_0x100006243,975,False
func_ue_0x100006249,396,True
func_ue_0x10000624f,1029,True
func_ue_0x100006251,-363,True
func_ue_0x100006258,887,False
func_ue_0x1000062c6,846,True
func_ue_0x1000062c8,-369,False
func_ue_0x100006314,-121,True
func_ue_0x1000064c0,784,True
func_ue_0x1000064f9,577,True
func_ue_0x100006ce0,-365,False
func_ue_0x1000071c2,53,True
func_ue_0x10000721a,-417,True
func_ue_0x100007c5a,-730,False
func_ue_0x100007e11,-425,True
func_ue_0x100007e1c,-763,False
func_ue_0x100007e6b,506,False
func_un_0x100003a09,216,False
func_un_0x100005534,-160,False
func_un_0x10000575f,-159,False
func_un_0x1000057dc,-304,True
func_un_0x100005836,-726,False
func_un_0x10000716b,632,True
func_unknown_0x100001eb2,778,False
func_unknown_0x100002561,724,False
func_unknown_0x100002b01,558,False
func_unknown_0x100002cf6,-428,False
func_unknown_0x100002cf8,166,False
func_unknown_0x100002cfa,642,False
func_unknown_0x100002cfc,317,True
func_unknown_0x100002d00,-226,False
func_unknown_0x100002d04,820,True
func_unknown_0x100002d06,-798,False
func_unknown_0x100002d08,-279,True
func_unknown_0x100002d10,666,True
func_unknown_0x100002d12,630,True
func_unknown_0x100002d18,-321,False
func_unknown_0x100002d1c,722,True
func_unknown_0x10000302f,378,False
func_unknown_0x100003033,509,False
func_unknown_0x10000318f,-259,False
func_unknown_0x100003216,546,False
func_unknown_0x10000322f,893,True
func_unknown_0x10000326d,510,True
func_unknown_0x100003273,424,True
func_unknown_0x1000036c5,-256,False
func_unknown_0x100003743,-282,False
func_unknown_0x10000385a,866,True
func_unknown_0x10000385c,-900,False
func_unknown_0x100003997,148,False
func_unknown_0x100003adb,-70,False
func_unknown_0x100003add,-890,False
func_unknown_0x100003b1a,782,True
func_unknown_0x100004224,207,True
func_unknown_0x10000439b,480,False
func_unknown_0x1000043a2,520,True
func_unknown_0x1000043ac,310,True
func_unknown_0x100004660,-784,True
func_unknown_0x100004662,-655,False
func_unknown_0x100004923,429,False
func_unknown_0x100004a66,-267,False
func_unknown_0x100004a88,-282,False
func_unknown_0x100004b01,-922,True
func_unknown_0x100005612,11,False
func_unknown_0x100005614,590,True
func_unknown_0x100005736,-80,True
func_unknown_0x10000588d,954,True
func_unknown_0x100005996,900,False
func_unknown_0x10000599e,-51,True
func_unknown_0x100005bad,-521,False
func_unknown_0x100005e83,715,True
func_unknown_0x1000060a2,-168,False
func_unknown_0x1000060a4,-799,False
func_unknown_0x1000061b2,-607,False
func_unknown_0x1000061bd,-346,False
func_unknown_0x1000062de,681,True
func_unknown_0x1000062e7,-712,True
func_unknown_0x1000067ab,-557,True
func_unknown_0x100006ad1,-250,False
func_unknown_0x100006ad3,-921,True
func_unknown_0x100006add,-611,False
func_unknown_0x100006b7e,-264,False
func_unknown_0x100006b81,-268,True
func_unknown_0x100006b84,247,True
func_unknown_0x100006be6,-397,False
func_unknown_0x1000070fc,160,True
func_unknown_0x1000070fe,126,False
func_unknown_0x100007238,367,True
func_unknown_0x100007257,-893,True
func_unknown_0x1000073c5,-612,True
func_unknown_0x100007428,-458,True
func_unknown_0x10000743a,-99,False
func_unknown_0x100007446,-601,True
func_unknown_0x100007448,-588,False
func_unknown_0x10000744a,-216,True
func_unknown_0x100007596,-723,True
func_unknown_0x1000078f9,-735,False
func_unknown_0x100007b98,-252,False
func_unknown_0x100007fce,-299,False
func_unknown_0x100007fd7,-616,True
func_uo_0x1000027bf,-905,True
func_uo_0x1000029e9,-336,False
func_uo_0x1000029ed,558,False
func_uo_0x1000029f0,131,True
func_uo_0x1000029f4,700,True
func_uo_0x1000029f8,-191,False
func_uo_0x1000029fa,-825,True
func_ur_0x100005ae8,-91,True
func_ur_0x100005af9,-673,False
func_ur_0x100005afc,700,False
func_ur_0x10000828e,511,False
func_ut_0x100001e19,-862,True
func_ut_0x100001e1b,54,False
func_ut_0x100001e1d,-460,False
func_ut_0x100001e27,40,True
func_ut_0x100001e5f,517,False
func_ut_0x100001e67,855,True
func_ut_0x100001e69,-289,True
func_ut_0x100001e71,610,True
func_ut_0x100001e73,221,True
func_ut_0x100001e77,-617,True
func_ut_0x100001e79,526,False
func_ut_0x10000357a,-343,False
func_ut_0x1000035ac,162,True
func_ut_0x1000042b9,-303,False
func_ut_0x1000042ce,-944,False
func_ut_0x100004ecb,-594,False
func_ut_0x100006ef6,-602,False
func_ut_0x100007666,-409,True
func_ut_0x1000076bc,696,True
func_ut_0x1000076c0,-428,False
func_ut_0x1000080c6,-532,True
func_ut_0x1000080ca,-631,True
func_ut_0x10000811e,-756,False
func_ut_0x100008121,-31,True
func_v0_0x1000023a5,107,True
func_v0_0x1000023a7,12,True
func_v0_0x1000023ab,329,False
func_v0_0x1000023af,550,False
func_v0_0x1000023b7,-783,False
func_v0_0x1000023bd,-910,True
func_v0_0x1000023c3,-752,True
func_v0_0x1000023c5,-418,False
func_v0_0x1000023cd,266,True
func_v0_0x1000023d1,821,False
func_v0_0x1000023d3,-128,False
func_v0_0x1000023d7,-713,True
func_v0_0x1000023d9,100,True
func_v0_0x1000023db,659,False
func_v0_0x1000023e5,-942,False
func_v0_0x1000023e7,778,False
func_v0_0x1000023e9,833,False
func_v0_0x1000023ed,-886,False
func_v0_0x1000023ef,-550,False
func_v0_0x1000023f1,-451,False
func_v0_0x1000023fb,-645,False
func_v0_0x1000023fd,-847,True
func_v0_0x1000023ff,941,True
func_v0_0x100002403,31,False
func_v0_0x100002405,-367,True
func_v0_0x10000240d,-881,False
func_v0_0x100002419,-489,False
func_v0_0x100002422,-631,True
func_v_0x10000022c,560,False
func_v_0x100000230,-252,True
func_v_0x100001d51,-572,True
func_v_0x100001dba,-352,False
func_v_0x100002cf4,-581,True
func_v_0x100002f77,-654,False
func_v_0x100002f79,745,True
func_v_0x100002f7b,780,True
func_v_0x100003265,-821,True
func_v_0x1000033df,363,False
func_v_0x100003552,842,True
func_v_0x100003558,954,False
func_v_0x100003641,439,False
func_v_0x1000036c1,-841,False
func_v_0x1000036c3,779,True
func_v_0x100003a74,493,False
func_v_0x100003aa7,524,False
func_v_0x100003aa9,-833,False
func_v_0x100003ab1,893,False
func_v_0x100003ab5,750,True
func_v_0x100004397,-870,True
func_v_0x1000043a0,878,False
func_v_0x10000454b,-51,True
func_v_0x100004555,55,False
func_v_0x100004563,-934,False
func_v_0x100004565,-168,False
func_v_0x100004667,-935,True
func_v_0x100004eb3,-263,False
func_v_0x10000560e,831,False
func_v_0x100005738,-298,False
func_v_0x100005b33,399,True
func_v_0x1000060c0,36,True
func_v_0x1000067c9,-685,True
func_v_0x1000069a3,-861,False
func_v_0x100006e7e,786,True
func_v_0x1000070f6,-54,False
func_v_0x1000072a4,-633,False
func_v_0x1000072f3,841,True
func_v_0x1000072fa,324,False
func_v_0x1000073be,80,False
func_v_0x100007582,-426,True
func_v_0x10000758b,432,True
func_v_0x1000078f1,-643,True
func_v_0x100007b88,994,False
func_v_0x100007b8c,-953,True
func_v_0x100007b92,-489,False
func_v_0x100007b94,-129,False
func_v_0x100007f81,-348,True
func_ve_0x100001f00,58,True
func_ve_0x100001f27,-681,True
func_ve_0x100003045,501,False
func_ve_0x10000538e,723,False
func_ve_0x1000053bc,-246,True
func_ve_0x100006ede,980,True
func_ve_0x100006ef4,824,False
func_ve_0x100007062,-638,False
func_ve_0x100007313,577,True
func_ve_0x10000737c,611,False
func_ve_0x1000076db,230,True
func_ve_0x100007bd9,-52,True
func_ve_0x100007be2,65,False
func_ve_0x100007be4,491,True
func_ve_0x100007be6,590,False
func_ve_0x1000080c3,870,True
func_vn_0x100002112,-85,False
func_vn_0x100002137,-80,True
func_vn_0x100002139,341,True
func_vn_0x100002222,710,True
func_vr_0x10000222c,334,False
func_vt_0x100006673,802,False
func_vt_0x10000667e,167,False
func_vt_0x1000066ef,-838,False
func_vt_0x100006a02,249,True
func_vt_0x10000702d,562,False
func_w0_0x100001813,675,False
func_w0_0x100002bc0,-488,True
func_w0_0x1000066e0,451,True
func_w0_0x100006f83,-512,False
func_w0_0x100007763,-810,False
func_w_0x1000001fe,-877,True
func_w_0x100000204,-917,False
func_w_0x10000020e,50,True
func_w_0x10000156b,361,False
func_w_0x100001579,-154,True
func_w_0x1000015b9,48,False
func_w_0x100001694,332,False
func_w_0x10000172e,-229,True
func_w_0x100001732,114,True
func_w_0x10000179d,324,False
func_w_0x100001914,-603,True
func_w_0x100001d6d,-795,True
func_w_0x100001dcf,-14,False
func_w_0x10000249f,-223,False
func_w_0x100002d2d,765,True
func_w_0x100002d2f,292,False
func_w_0x100002d39,768,False
func_w_0x100002d3d,-382,False
func_w_0x100002d41,-152,True
func_w_0x100002d43,343,True
func_w_0x100002d45,-803,True
func_w_0x100002d47,-521,False
func_w_0x100002d4d,444,False
func_w_0x100002d4f,692,True
func_w_0x100002d53,-837,False
func_w_0x100002d57,-242,False
func_w_0x10000353d,-841,False
func_w_0x10000354b,873,True
func_w_0x100003609,757,False
func_w_0x10000360e,490,True
func_w_0x100003612,-898,False
func_w_0x100003619,-89,True
func_w_0x10000393a,31,True
func_w_0x100003950,-348,True
func_w_0x100003952,-764,True
func_w_0x100003bb7,946,True
func_w_0x100003bcd,907,False
func_w_0x100003bcf,-659,True
func_w_0x100004402,433,False
func_w_0x100004b6b,739,True
func_w_0x100004b84,705,True
func_w_0x100004b86,-873,True
func_w_0x100004ba3,68,True
func_w_0x100004e3a,-395,True
func_w_0x100004e53,178,True
func_w_0x100004e5d,-853,True
func_w_0x100005971,-460,False
func_w_0x100005974,497,True
func_w_0x1000059a3,170,True
func_w_0x100005f8a,279,True
func_w_0x1000062be,823,True
func_w_0x100006b2e,885,True
func_w_0x100006b30,1005,False
func_w_0x100006b36,533,True
func_w_0x100006b3a,463,False
func_w_0x100006b3c,-384,True
func_w_0x100006bca,-175,False
func_w_0x100006cce,-246,True
func_w_0x100006cd2,818,True
func_w_0x100006cd4,-204,False
func_w_0x100006cfb,-874,False
func_w_0x100006cfd,270,False
func_w_0x100006cff,538,True
func_w_0x1000071dc,-95,False
func_w_0x1000071df,-783,True
func_w_0x1000071e4,-696,True
func_w_0x100007219,-265,False
func_w_0x10000724e,-665,False
func_w_0x100007254,-213,True
func_w_0x100007437,-594,True
func_w_0x100007441,781,False
func_w_0x100007924,-360,False
func_w_0x10000792e,424,True
func_w_0x100007930,818,False
func_w_0x100007932,-645,False
func_w_0x100007936,712,False
func_w_0x10000793a,473,False
func_w_0x10000793e,-806,True
func_w_0x100007946,-275,True
func_w_0x10000794a,-861,True
func_w_0x100007997,553,False
func_w_0x100007a56,-53,True
func_w_0x100007a91,-137,True
func_w_0x100007c59,110,False
func_w_0x100007e1a,412,False
func_w_0x100007e9a,-734,False
func_we_0x100003e62,685,True
func_we_0x100003e64,70,True
func_we_0x100003e6c,636,True
func_we_0x100003e8c,636,True
func_we_0x100003e8e,886,False
func_we_0x100003e90,-11,True
func_we_0x100003e92,1031,False
func_we_0x100003e96,593,True
func_we_0x100003e9c,-678,False
func_we_0x100003ea1,888,True
func_we_0x100003eaa,-791,False
func_we_0x100003eac,-551,True
func_we_0x100003ee4,-722,False
func_we_0x100003ee6,903,False
func_we_0x100003eea,-853,True
func_we_0x100003eed,913,True
func_we_0x100003efc,320,False
func_we_0x100003eff,127,False
func_we_0x100003f0b,-279,False
func_we_0x100003f0e,628,False
func_we_0x100003f14,-944,False
func_we_0x100003f16,-223,False
func_we_0x100003f1a,-81,False
func_we_0x100003f3c,248,True
func_we_0x100003f5e,-405,False
func_we_0x100003f7f,986,False
func_we_0x100003f82,878,True
func_we_0x100003f84,-30,True
func_we_0x100003f87,-649,False
func_we_0x100003f9a,33,False
func_we_0x100003fa7,116,False
func_we_0x100003fae,903,True
func_we_0x100003ffd,424,False
func_we_0x100003fff,203,False
func_we_0x100004001,7,False
func_we_0x100004020,-201,False
func_we_0x100004049,495,True
func_we_0x100004063,-717,True
func_we_0x100004070,555,False
func_we_0x100004076,422,False
func_we_0x100004078,247,True
func_we_0x100004096,897,False
func_we_0x1000040d7,-573,True
func_we_0x1000040d9,891,True
func_we_0x1000040e9,735,False
func_we_0x1000040ec,-245,True
func_wr_0x10000222a,-787,True
func_wt_0x100001e17,-164,False
func_wt_0x100003048,616,True
func_wt_0x1000035ae,-198,False
func_wt_0x10000365c,-952,True
func_wt_0x1000042bb,940,False
func_wt_0x100004dc2,-907,False
func_wt_0x1000064e3,-257,False
func_wt_0x100007316,732,True
func_wt_0x10000731a,-587,False
func_wt_0x10000731c,-413,True
func_wt_0x1000074d3,506,False
func_wt_0x1000074d9,62,True
func_wt_0x100007655,417,False
func_wt_0x100007657,-196,True
func_wt_0x10000765b,264,False
func_wt_0x100007664,478,True
func_wt_0x1000076a2,-219,True
func_wt_0x1000076a8,674,False
func_wt_0x1000076ae,29,False
func_wt_0x1000076b0,-617,True
func_wt_0x1000076b2,159,True
func_wt_0x1000076b4,-112,False
func_x0_0x1000020fd,-101,True
func_x0_0x10000210a,-647,False
func_x0_0x10000238b,894,False
func_x_0x100000095,11,True
func_x_0x1000000a9,-834,True
func_x_0x1000000b7,881,True
func_x_0x100000159,98,True
func_x_0x100000275,464,True
func_x_0x10000028d,50,False
func_x_0x1000002d3,334,False
func_x_0x10000034f,207,True
func_x_0x100000354,-233,True
func_x_0x1000003a8,597,True
func_x_0x100000451,288,True
func_x_0x10000046c,-631,False
func_x_0x100000486,-504,True
func_x_0x100000729,888,True
func_x_0x1000007fb,991,False
func_x_0x100000816,-24,False
func_x_0x100000831,761,True
func_x_0x100000863,-650,True
func_x_0x10000089e,-344,False
func_x_0x1000018c5,421,False
func_x_0x100001956,930,False
func_x_0x100001a17,241,False
func_x_0x100001a44,840,False
func_x_0x100001a79,662,True
func_x_0x100001bb6,-517,True
func_x_0x100001bf3,232,True
func_x_0x100001f93,-284,False
func_x_0x100001f9f,-42,True
func_x_0x100001fbd,264,True
func_x_0x100002454,461,False
func_x_0x1000024e0,508,False
func_x_0x1000024fc,472,False
func_x_0x100002f4e,691,True
func_x_0x1000030a7,127,False
func_x_0x1000030fe,-397,True
func_x_0x1000031b8,287,False
func_x_0x100003298,-136,False
func_x_0x1000032d1,-205,False
func_x_0x10000336e,814,False
func_x_0x100003392,-852,False
func_x_0x100003399,602,False
func_x_0x1000033b3,10,False
func_x_0x1000034ef,269,False
func_x_0x1000036b4,779,False
func_x_0x10000378b,-554,True
func_x_0x100003808,309,False
func_x_0x1000038fa,1016,True
func_x_0x10000392d,574,False
func_x_0x100003ce4,-379,False
func_x_0x1000041c2,592,True
func_x_0x100004581,-747,True
func_x_0x1000045a6,-954,True
func_x_0x100004658,534,False
func_x_0x10000475d,-835,True
func_x_0x100004773,-307,False
func_x_0x100004836,652,True
func_x_0x1000048b2,115,True
func_x_0x100004941,874,True
func_x_0x100004957,257,True
func_x_0x100004a3e,710,True
func_x_0x100004acf,-808,False
func_x_0x100004b32,-457,False
func_x_0x100004c45,-597,True
func_x_0x100004c5a,274,False
func_x_0x100004cec,611,False
func_x_0x100004d02,759,True
func_x_0x100004d5b,-113,True
func_x_0x100004f90,356,True
func_x_0x100004f98,-56,False
func_x_0x100004fb0,-363,False
func_x_0x100004fba,-695,True
func_x_0x100004fc4,267,False
func_x_0x100004fcc,265,False
func_x_0x100004fd6,-453,False
func_x_0x100004fe9,-89,False
func_x_0x100004ffe,799,True
func_x_0x10000500f,217,True
func_x_0x10000503c,534,False
func_x_0x100005044,-343,False
func_x_0x10000504f,-29,True
func_x_0x100005063,44,True
func_x_0x10000506c,-577,False
func_x_0x100005074,709,False
func_x_0x10000508d,-667,False
func_x_0x100005096,-94,True
func_x_0x10000509d,38,True
func_x_0x1000050a5,-2,False
func_x_0x1000050ad,913,True
func_x_0x1000050b6,230,False
func_x_0x1000050bd,635,True
func_x_0x1000050c6,-871,True
func_x_0x100005211,204,False
func_x_0x10000521a,-409,False
func_x_0x10000525b,-26,True
func_x_0x10000529e,-745,True
func_x_0x1000052b0,1007,False
func_x_0x1000052db,386,False
func_x_0x1000052e8,-350,True
func_x_0x100005302,-760,False
func_x_0x10000542b,-11,True
func_x_0x100005892,685,False
func_x_0x1000058ab,748,False
func_x_0x100005b79,393,False
func_x_0x100005bb3,694,False
func_x_0x100005c03,760,False
func_x_0x100005c12,922,True
func_x_0x100005c19,-927,True
func_x_0x100006143,-219,False
func_x_0x1000061c6,-860,False
func_x_0x100006475,642,False
func_x_0x1000065b4,672,True
func_x_0x1000065bb,173,True
func_x_0x100006732,953,False
func_x_0x1000067a3,25,True
func_x_0x100006975,306,True
func_x_0x1000069de,-830,True
func_x_0x100006c3a,-201,False
func_x_0x1000075bf,-431,True
func_x_0x1000078d6,600,True
func_x_0x100007f9c,-378,False
func_x_0x100007fb2,408,False
func_x_0x1000082f0,-350,True
func_xe_0x100001679,579,True
func_xe_0x10000167d,-877,True
func_xe_0x100001d87,-217,True
func_xe_0x100001e86,500,False
func_xe_0x1000034bb,1035,True
func_xe_0x1000034bd,-303,False
func_xe_0x10000365f,-426,False
func_xe_0x100003661,-298,True
func_xe_0x10000366f,-426,False
func_xe_0x100003671,-128,True
func_xe_0x100003673,-710,True
func_xe_0x100003685,643,True
func_xe_0x100003689,782,True
func_xe_0x100003690,-952,True
func_xe_0x100003bc3,-588,False
func_xe_0x10000515e,-240,False
func_xe_0x100005685,302,False
func_xe_0x100005692,222,False
func_xe_0x1000064ce,-80,True
func_xe_0x10000657e,672,True
func_xe_0x100006584,-297,True
func_xe_0x10000658a,79,True
func_xe_0x10000659e,-652,False
func_xe_0x10000673e,-182,True
func_xe_0x100006744,-861,True
func_xe_0x100006746,102,False
func_xe_0x100006748,320,True
func_xe_0x10000674a,952,True
func_xe_0x1000069b3,1029,True
func_xe_0x1000069b5,-634,False
func_xe_0x1000069b7,825,False
func_xe_0x1000069bd,830,False
func_xe_0x1000069bf,171,True
func_xe_0x1000069c5,-753,False
func_xe_0x1000069c7,928,False
func_xe_0x1000069c9,-934,True
func_xe_0x1000069cb,-669,False
func_xe_0x1000069cd,853,True
func_xe_0x1000069d3,-52,True
func_xe_0x100006b99,-509,True
func_xe_0x100006b9d,152,True
func_xe_0x100006ba3,1024,False
func_xe_0x100006ba5,548,True
func_xe_0x100006ba7,294,False
func_xe_0x100006ba9,-653,False
func_xe_0x100006bab,-17,True
func_xe_0x100006c66,440,False
func_xe_0x100006ee5,944,False
func_xe_0x10000730a,-762,False
func_xe_0x10000730c,543,True
func_xe_0x10000732f,98,False
func_xe_0x10000735c,-418,False
func_xe_0x10000736f,-486,True
func_xe_0x100007371,-959,True
func_xe_0x100007376,32,True
func_xe_0x100007378,-180,True
func_xe_0x1000074ae,909,False
func_xe_0x1000074b0,633,False
func_xe_0x1000074c3,-266,False
func_xe_0x1000074cb,-447,False
func_xe_0x1000075f0,-765,False
func_xe_0x100007637,-286,True
func_xn_0x100001827,-77,True
func_xn_0x1000066a1,882,True
func_xn_0x1000066a4,-853,True
func_xn_0x100006936,-809,False
func_xn_0x100006938,579,False
func_xn_0x10000693c,-651,True
func_xn_0x10000693e,331,True
func_xn_0x100006940,834,True
func_xn_0x100006944,705,False
func_xn_0x100006946,-767,False
func_xn_0x10000694c,965,False
func_xn_0x100006952,272,False
func_xn_0x100006f65,-609,False
func_xn_0x100006f69,775,True
func_xn_0x10000775c,-817,True
func_xn_0x10000775e,272,True
func_xo_0x100002433,345,True
func_xt_0x100000239,295,True
func_y0_0x100005af3,762,False
func_y0_0x1000077b7,-949,True
func_y0_0x1000077d3,-780,True
func_y0_0x1000077ef,787,False
func_y0_0x100007809,9,True
func_y0_0x10000780b,831,False
func_y0_0x10000780d,420,True
func_y0_0x100008205,-490,True
func_y0_0x100008217,-96,True
func_y_0x1000001fb,-139,True
func_y_0x1000019b7,868,False
func_y_0x1000019bb,-435,False
func_y_0x1000019c0,258,True
func_y_0x1000019c3,-912,True
func_y_0x100001dee,-430,True
func_y_0x100002542,943,False
func_y_0x100002b6e,496,True
func_y_0x100002cf2,176,True
func_y_0x100002d0c,111,False
func_y_0x100002d14,860,False
func_y_0x100003086,-173,False
func_y_0x100003218,753,False
func_y_0x10000325f,758,True
func_y_0x1000036e5,-909,True
func_y_0x1000036e7,-825,True
func_y_0x1000036e9,235,False
func_y_0x100003762,82,True
func_y_0x100003a77,750,True
func_y_0x100003adf,-166,True
func_y_0x100003be7,-904,True
func_y_0x100003bf4,701,False
func_y_0x100003bfa,530,False
func_y_0x100003d71,944,False
func_y_0x10000420a,-433,True
func_y_0x10000420c,812,False
func_y_0x100004210,676,False
func_y_0x100004212,-574,False
func_y_0x100004214,599,False
func_y_0x100004352,-442,True
func_y_0x10000439e,-653,False
func_y_0x1000043a4,-619,False
func_y_0x100004635,146,False
func_y_0x100004664,-572,True
func_y_0x100004671,329,True
func_y_0x100004a31,-126,True
func_y_0x100004aa3,-52,True
func_y_0x100004ae3,853,False
func_y_0x100004aea,250,False
func_y_0x100005878,550,True
func_y_0x100005b3f,-633,False
func_y_0x100005e60,192,True
func_y_0x100006065,-568,False
func_y_0x1000060a6,-425,False
func_y_0x1000060a8,-518,False
func_y_0x1000060aa,102,True
func_y_0x1000060ac,817,False
func_y_0x1000060ae,618,True
func_y_0x1000062a9,-374,False
func_y_0x100006acb,487,False
func_y_0x100006acf,-493,False
func_y_0x100006ad5,474,True
func_y_0x100006adb,-476,True
func_y_0x100006ae1,-813,False
func_y_0x100006ae3,-440,False
func_y_0x100006ae5,-15,False
func_y_0x100006ae7,608,False
func_y_0x100006beb,-763,False
func_y_0x100006bf1,-253,False
func_y_0x100006e61,220,True
func_y_0x1000070eb,969,True
func_y_0x10000725b,581,False
func_y_0x1000072e4,-272,False
func_y_0x1000072ea,113,True
func_y_0x1000073e0,-850,False
func_y_0x10000740e,261,False
func_y_0x100007533,430,False
func_y_0x1000078f7,234,True
func_y_0x100007f7e,300,False
func_y_0x100007fd1,-386,False
func_ye_0x100002ed0,965,True
func_ye_0x100002ee3,-855,True
func_ye_0x100002ef3,-445,True
func_ye_0x100005a8e,-859,False
func_ye_0x100005a96,552,True
func_ye_0x100005a9c,759,True
func_ye_0x100005aa0,185,True
func_ye_0x100005aa2,-639,True
func_ye_0x100005d92,648,False
func_ye_0x100005d9e,-22,True
func_ye_0x100005dbe,-847,True
func_ye_0x100005dca,1039,False
func_ye_0x100005dd0,-346,True
func_ye_0x100005de0,211,False
func_ye_0x100005de6,-393,True
func_ye_0x100005dec,-329,True
func_ye_0x100005df2,1035,False
func_ye_0x100005e10,1020,False
func_ye_0x100005e23,512,True
func_ye_0x100006d89,240,True
func_ye_0x100006d8d,-60,False
func_ye_0x100008231,-294,True
func_ye_0x100008289,-647,True
func_yi_0x100002e10,-617,True
func_yn_0x100002d81,-171,True
func_yn_0x100002d83,-945,True
func_yn_0x100002d85,-211,True
func_yn_0x100002d87,-122,False
func_yn_0x1000077b9,-873,True
func_yn_0x100008212,739,True
func_yt_0x1000020f8,206,False
func_yt_0x100002106,-616,False
func_yt_0x10000210e,-719,True
func_yt_0x10000211e,665,True
func_yt_0x100002126,-492,True
func_yt_0x100002130,-446,True
func_yt_0x100002132,-245,False
func_yt_0x100002144,1031,False
func_yt_0x100002160,-222,True
func_yt_0x1000021d8,744,True
func_yt_0x100002206,-603,True
func_yt_0x100002288,-950,True
func_yt_0x10000234e,-227,False
func_yt_0x100002372,-142,False
func_yt_0x100002379,332,False
func_yt_0x10000237c,479,False
func_yt_0x10000237e,506,False
func_yt_0x100002393,-958,False
func_yt_0x100002444,574,True
func_yt_0x10000244e,960,True
func_yt_0x100002450,-594,True
func_z0_0x100005a9a,-941,False
func_z0_0x100005df0,-853,False
func_z0_0x100005dfe,-505,False
func_z0_0x100005e15,434,True
func_z0_0x100005e1f,106,False
func_z0_0x100005e33,-899,False
func_z0_0x100008232,940,False
func_z_0x100000116,88,True
func_z_0x10000011e,304,False
func_z_0x1000001f8,-219,True
func_z_0x100001609,537,True
func_z_0x100001c33,801,False
func_z_0x100001c50,411,True
func_z_0x100001c5b,23,True
func_z_0x100001cc3,570,False
func_z_0x100001de7,624,True
func_z_0x10000254b,-461,False
func_z_0x100002570,-883,False
func_z_0x100002b29,-421,False
func_z_0x100002b4f,348,True
func_z_0x100002b71,645,True
func_z_0x100003006,404,True
func_z_0x1000030f1,693,False
func_z_0x1000031ba,619,True
func_z_0x1000031be,494,True
func_z_0x1000031cf,480,True
func_z_0x1000033d7,-374,False
func_z_0x1000033d9,-146,True
func_z_0x1000033db,49,True
func_z_0x100003710,-84,False
func_z_0x1000038dc,401,True
func_z_0x100003993,905,True
func_z_0x100003cb1,-672,False
func_z_0x100003cb3,-272,True
func_z_0x100003cb5,-221,False
func_z_0x100003d6f,645,False
func_z_0x100003d76,739,False
func_z_0x100004168,-329,True
func_z_0x100004170,-225,True
func_z_0x1000041b5,-925,False
func_z_0x1000041b9,217,True
func_z_0x10000424a,150,False
func_z_0x100004308,826,False
func_z_0x10000430e,432,True
func_z_0x100004312,-495,True
func_z_0x100004314,27,False
func_z_0x100004322,574,False
func_z_0x100004326,-209,True
func_z_0x10000433c,307,True
func_z_0x10000435b,341,True
func_z_0x100004524,272,False
func_z_0x100004666,-667,False
func_z_0x100004d40,312,False
func_z_0x100004ea9,-287,False
func_z_0x100004eac,81,True
func_z_0x100004eb0,349,True
func_z_0x100004f17,-389,True
func_z_0x10000511c,548,False
func_z_0x100005291,500,False
func_z_0x100005293,-79,False
func_z_0x100005295,-330,True
func_z_0x1000055c6,269,True
func_z_0x100005bf3,250,True
func_z_0x100005bfd,-897,False
func_z_0x10000613c,961,False
func_z_0x1000061d2,486,True
func_z_0x1000061d4,202,True
func_z_0x1000061d8,1001,False
func_z_0x1000062ed,345,False
func_z_0x10000650c,423,True
func_z_0x100006510,-115,True
func_z_0x100006790,48,False
func_z_0x100006b74,-279,False
func_z_0x100006e39,-6,True
func_z_0x100006e3b,-158,True
func_z_0x10000744f,120,False
func_z_0x100007465,-262,True
func_z_0x10000748a,653,True
func_z_0x1000079ec,-825,False
func_z_0x100007fa7,673,False
func_z_0x100007fab,1039,False
func_z_0x100007fc1,-702,False
func_za_0x1000029fc,988,True
func_ze_0x1000039d6,-807,False
func_ze_0x100003a17,133,True
func_ze_0x100003a1e,-298,True
func_ze_0x100003a24,-392,False
func_ze_0x100003a2c,-602,False
func_ze_0x100003a2e,-29,True
func_ze_0x100003a30,635,False
func_ze_0x100003a34,96,False
func_ze_0x100003a4a,-924,False
func_ze_0x100003a4c,-254,True
func_ze_0x100003a56,-923,False
func_ze_0x100003a5e,451,False
func_ze_0x100003a60,-790,True
func_ze_0x100003a64,631,False
func_ze_0x100003a66,-940,True
func_ze_0x100003a68,-706,True
func_ze_0x100003a6a,365,True
func_ze_0x100003a6c,276,False
func_ze_0x10000449e,240,False
func_ze_0x100004d7e,670,True
func_ze_0x100004d89,-858,False
func_ze_0x100004d8d,519,True
func_ze_0x100005cab,619,False
func_ze_0x10000708b,421,False
func_ze_0x100007188,640,False
func_zi_0x100002413,524,True
func_zo_0x1000027c0,-863,False
func_zo_0x1000027c2,-739,False
func_zo_0x1000027c4,-21,True
func_zo_0x1000027c6,-260,True
func_zo_0x1000027c8,-538,False
func_zo_0x1000027ca,-391,True
func_zo_0x1000027cc,-279,True
func_zr_0x1000027d0,-23,True
func_zr_0x1000027d2,-102,True
func_zr_0x100002a04,159,False
func_zt_0x100002800,-282,False
func_zt_0x100002808,478,True
func_zt_0x100002832,-617,False
func_zt_0x10000283a,444,False
func_zt_0x100002845,22,True
func_zt_0x10000284e,-797,False
func_zt_0x100002852,-324,True
func_zt_0x10000292b,-764,True
func_zt_0x100002992,952,False
func_zt_0x1000029cb,-938,False
func_zt_0x100002a1e,914,True
func_zt_0x100002a32,726,True
func_zt_0x100002a36,-880,False
func_zt_0x100002a3a,686,True
func_zt_0x100002a43,957,True
func_zt_0x100002a62,365,False
func_zt_0x100002a74,-502,True
func_zt_0x100002a7f,891,False
