func_$0_0x100006b1a,425,True
func_$_0x100001b8b,1164,False
func_$_0x100001b8d,-723,False
func_$_0x100001bac,119,True
func_$_0x100001bb6,-355,True
func_$_0x100001bdc,-470,False
func_$_0x100001be0,-28,True
func_$_0x100001bfd,1089,False
func_$_0x100001c05,751,True
func_$_0x100001c42,-347,False
func_$_0x100001cf4,-509,True
func_$_0x100001d7b,506,True
func_$_0x10000256b,-122,True
func_$_0x10000256d,-228,False
func_$_0x10000256f,385,False
func_$_0x100002cc9,573,True
func_$_0x100002ccd,-28,True
func_$_0x100002cd3,384,True
func_$_0x100002cd5,982,True
func_$_0x100002cdf,-198,True
func_$_0x100002ce5,902,False
func_$_0x100002ce9,314,True
func_$_0x100003286,-701,True
func_$_0x100003290,782,False
func_$_0x100003292,-84,False
func_$_0x1000032a4,107,False
func_$_0x1000032ac,683,True
func_$_0x1000037d7,162,True
func_$_0x100004000,407,True
func_$_0x10000400a,426,True
func_$_0x10000415e,-367,False
func_$_0x1000045a7,-410,True
func_$_0x1000045ac,916,True
func_$_0x100004e0e,210,False
func_$_0x100004e10,640,False
func_$_0x100005172,1071,True
func_$_0x1000051aa,-59,False
func_$_0x1000051ac,-492,False
func_$_0x1000054b8,795,False
func_$_0x10000566b,391,False
func_$_0x1000056ce,700,True
func_$_0x1000056d2,-152,True
func_$_0x100005b8b,341,False
func_$_0x100005b8d,-465,False
func_$_0x100005b8f,486,True
func_$_0x100005cf7,269,False
func_$_0x100005d1a,-490,True
func_$_0x100006258,-141,True
func_$_0x1000062dc,44,False
func_$_0x100006724,-94,True
func_$_0x100006a14,0,False
func_$_0x100006a1b,-415,True
func_$_0x100006c9f,-45,False
func_$_0x100006e00,-396,True
func_$_0x100006e23,519,False
func_$_0x100006fc6,986,True
func_$_0x100007119,798,True
func_$_0x10000711b,-56,False
func_$_0x10000711d,956,False
func_$_0x10000749f,298,False
func_$_0x100007734,418,False
func_$_0x100007815,237,True
func_$_0x10000781d,759,False
func_$e_0x10000065a,864,False
func_$e_0x10000184e,433,True
func_$e_0x1000041a8,929,False
func_$e_0x1000041aa,588,False
func_$e_0x1000041b8,-194,False
func_$e_0x1000041ba,-123,False
func_$e_0x1000041c0,961,True
func_$e_0x1000041c2,-619,False
func_$e_0x1000041c8,358,False
func_$e_0x1000041ce,1203,True
func_$e_0x1000041d4,-586,False
func_$e_0x1000041da,1098,False
func_$e_0x1000041dc,651,False
func_$e_0x1000041e8,481,False
func_$e_0x1000041ee,-576,False
func_$e_0x1000041f0,763,False
func_$e_0x1000041f2,671,False
func_$e_0x1000041f4,188,False
func_$e_0x1000041fa,784,True
func_$e_0x1000041fc,-294,False
func_$e_0x1000041fe,813,True
func_$e_0x100004202,600,False
func_$e_0x100004208,-525,True
func_$e_0x10000420a,1021,False
func_$e_0x10000420c,1125,True
func_$e_0x10000420e,258,True
func_$e_0x100006192,170,True
func_$e_0x10000619c,557,False
func_$e_0x100006225,718,True
func_$e_0x10000622a,-661,False
func_$e_0x10000622c,-264,True
func_$e_0x100006235,930,True
func_$e_0x100006bd3,468,True
func_$e_0x100006be1,-465,True
func_$e_0x100006be3,649,False
func_$n_0x10000561d,162,True
func_$n_0x10000562d,953,False
func_$r_0x100002d93,37,False
func_$t_0x100001dd8,-455,False
func_$t_0x1000040a8,-71,True
func_$t_0x1000040de,-246,True
func_$t_0x1000040ef,-530,True
func_$t_0x100004ac9,-162,False
func_$t_0x100004acb,803,False
func_$t_0x100004ad5,-357,True
func_$t_0x100004ad9,-422,True
func_$t_0x100004adf,617,False
func_$t_0x100004ae5,-463,False
func_$t_0x100004af1,247,True
func_$t_0x100004afb,630,True
func_$t_0x100006394,-760,False
func_$t_0x1000064a1,-628,False
func_$t_0x100006cc1,-541,True
func_$t_0x100006cc3,48,False
func_$t_0x100006eb7,1,True
func_$t_0x10000727e,344,False
func_$t_0x1000078cf,-621,True
func_$t_0x100007940,518,False
func_0_0x100003c52,211,True
func_0_0x100005528,-74,False
func_0_0x10000734c,-194,True
func_0_0x100007354,-733,False
func_0_0x10000735c,-307,True
func_0_0x100007360,-451,False
func_0_0x100007362,-168,True
func_0_0x100007364,295,True
func_0_0x100007373,-51,True
func_A0_0x10000240e,697,True
func_A0_0x10000244e,-754,False
func_A_0x100000047,-45,True
func_A_0x100000089,910,False
func_A_0x100000267,234,True
func_A_0x100000303,746,False
func_A_0x10000082d,837,True
func_A_0x1000008aa,-130,False
func_A_0x1000008d0,-678,False
func_A_0x1000016b1,296,True
func_A_0x1000017cd,-102,False
func_A_0x1000018be,-38,False
func_A_0x100001932,330,False
func_A_0x100001938,778,False
func_A_0x10000193e,543,False
func_A_0x100001956,23,False
func_A_0x10000195d,-275,False
func_A_0x1000019d7,47,False
func_A_0x100001a17,195,False
func_A_0x100001a49,509,False
func_A_0x100001b29,175,True
func_A_0x100001b45,-402,True
func_A_0x100001c0f,520,False
func_A_0x100001c8e,-573,False
func_A_0x100001f33,-55,False
func_A_0x100001f56,518,False
func_A_0x1000030a3,-714,False
func_A_0x100003212,404,True
func_A_0x100003214,971,False
func_A_0x10000327e,6,False
func_A_0x100003280,-398,False
func_A_0x1000032da,253,True
func_A_0x1000032dc,752,True
func_A_0x1000032de,-309,False
func_A_0x1000033aa,-607,True
func_A_0x1000033d6,1010,True
func_A_0x1000033dc,686,False
func_A_0x1000033de,-607,False
func_A_0x1000033e6,732,False
func_A_0x1000033e8,-407,False
func_A_0x10000347a,-308,False
func_A_0x1000034ac,946,True
func_A_0x100003524,947,False
func_A_0x100003575,174,True
func_A_0x1000036ef,-699,True
func_A_0x100003805,-92,True
func_A_0x100003d93,65,False
func_A_0x100003de1,1047,True
func_A_0x100003e58,50,True
func_A_0x100003f7f,187,True
func_A_0x100004117,-649,True
func_A_0x100004127,-632,True
func_A_0x1000042c5,-223,True
func_A_0x1000042ff,1195,False
func_A_0x100004301,1028,False
func_A_0x100004328,133,True
func_A_0x1000043ec,-423,False
func_A_0x1000045c7,482,True
func_A_0x1000046c9,1108,False
func_A_0x1000046d7,545,False
func_A_0x10000479a,778,True
func_A_0x10000487d,1154,True
func_A_0x100004881,-323,False
func_A_0x1000048ff,-695,False
func_A_0x100004950,-33,True
func_A_0x100004959,-119,False
func_A_0x100004a73,-45,True
func_A_0x100004a75,-147,False
func_A_0x100004b3b,223,False
func_A_0x100004b3d,396,True
func_A_0x100004b53,48,False
func_A_0x100004bff,379,True
func_A_0x100004c6c,1134,True
func_A_0x100004c83,-113,False
func_A_0x100004de4,-535,True
func_A_0x100004e3a,207,False
func_A_0x100004e6c,839,True
func_A_0x100004ebe,482,False
func_A_0x1000050eb,44,True
func_A_0x100005410,558,True
func_A_0x100005417,-181,False
func_A_0x10000541b,784,False
func_A_0x1000054a6,-175,True
func_A_0x1000056b4,-142,False
func_A_0x100005a6d,834,False
func_A_0x100005a74,970,True
func_A_0x100005c9a,-580,False
func_A_0x100005f7f,-381,False
func_A_0x100005f83,-34,True
func_A_0x100005f85,-135,False
func_A_0x100005fa0,-548,True
func_A_0x1000060d4,29,True
func_A_0x10000633e,438,False
func_A_0x10000640c,-287,True
func_A_0x100006774,1010,False
func_A_0x100006e99,835,False
func_A_0x100006e9b,776,False
func_A_0x100006fd9,-5,True
func_A_0x1000070f1,-136,True
func_A_0x100007457,1131,True
func_A_0x1000077b6,59,True
func_A_0x1000077b8,-158,False
func_Aa_0x100002941,-171,False
func_Aa_0x100002943,701,True
func_Aa_0x10000294d,415,True
func_Ae_0x1000015ab,577,False
func_Ae_0x100001d0c,815,False
func_Ae_0x100002fee,310,True
func_Ae_0x1000037b9,2,False
func_Ae_0x1000037bd,456,True
func_Ae_0x1000037bf,-262,True
func_Ae_0x1000037c1,-689,True
func_Ae_0x1000037cf,608,True
func_Ae_0x100003fd5,580,False
func_Ae_0x100003fd7,304,False
func_Ae_0x100003fd9,212,False
func_Ae_0x100003fde,262,False
func_Ae_0x100003fe4,-462,True
func_Ae_0x100004183,544,True
func_Ae_0x100004258,52,True
func_Ae_0x10000425c,1031,True
func_Ae_0x10000425e,910,False
func_Ae_0x100004a18,1221,False
func_Ae_0x100004d08,640,True
func_Ae_0x100004d0a,-420,True
func_Ae_0x100004d12,-98,False
func_Ae_0x100004d18,401,True
func_Ae_0x100005c3e,936,True
func_Ae_0x100005c40,-545,False
func_Ae_0x100005c46,533,True
func_Ae_0x100006896,142,False
func_Ae_0x100007039,-561,False
func_Ae_0x10000703d,346,False
func_Ae_0x1000071bd,-452,True
func_Ae_0x1000071c1,17,True
func_Ae_0x1000071c7,-627,True
func_Ae_0x1000071d5,-592,True
func_Ae_0x1000071db,836,True
func_Ae_0x1000071e1,-422,False
func_An_0x100003cdd,1217,True
func_An_0x1000055f9,707,True
func_An_0x1000055fd,76,True
func_An_0x100005601,-522,True
func_An_0x100005603,-486,True
func_An_0x100005605,-70,True
func_An_0x100005607,-100,True
func_An_0x10000560d,-124,True
func_An_0x10000560f,-142,False
func_An_0x100005611,-250,True
func_An_0x100005613,-91,True
func_An_0x100005629,-736,False
func_Ar_0x100000670,1042,True
func_Ar_0x10000067c,-518,True
func_Ar_0x10000067e,1162,True
func_Ar_0x100000680,-4,False
func_Ar_0x100000682,-465,False
func_Ar_0x100000684,-277,False
func_Ar_0x100000686,626,True
func_Ar_0x10000068e,859,False
func_Ar_0x100000690,-374,False
func_Ar_0x100000692,447,True
func_Ar_0x100000698,-28,False
func_Ar_0x10000069c,-600,False
func_Ar_0x1000006a0,989,False
func_Ar_0x1000006a2,-351,True
func_Ar_0x1000006a4,-697,False
func_Ar_0x1000006a6,401,True
func_Ar_0x1000006b0,404,True
func_Ar_0x1000006c0,-37,True
func_Ar_0x1000006c2,-764,False
func_Ar_0x100002d3a,809,False
func_Ar_0x100002d7a,100,True
func_Ar_0x100002d8f,1153,False
func_Ar_0x100002e9f,-629,True
func_Ar_0x100002ec2,-463,True
func_Ar_0x100003c15,-577,True
func_Ar_0x100003c2f,-393,False
func_Ar_0x100003c85,-143,True
func_Ar_0x100003c87,619,False
func_Ar_0x1000068df,626,True
func_Ar_0x100007322,1103,True
func_Ar_0x100007324,557,False
func_Ar_0x10000732c,-413,True
func_Ar_0x10000732e,654,False
func_Ar_0x100007334,652,True
func_At_0x100001a66,-231,True
func_At_0x100001ab6,43,False
func_At_0x100003878,-283,False
func_At_0x100004ad7,-311,True
func_At_0x100004ae7,-776,False
func_At_0x100004aeb,-493,False
func_At_0x1000072de,-186,True
func_At_0x1000078ce,858,True
func_At_0x10000793f,-143,False
func_B0_0x100002361,940,False
func_B_0x1000001aa,-106,True
func_B_0x1000001cd,-454,True
func_B_0x1000001cf,242,True
func_B_0x1000001d1,71,True
func_B_0x1000001d3,-473,True
func_B_0x1000001d5,-310,False
func_B_0x1000001d9,-8,False
func_B_0x1000001db,-616,False
func_B_0x100001b7c,825,True
func_B_0x100001b84,505,False
func_B_0x100001bbf,-312,True
func_B_0x100001bd5,510,False
func_B_0x100001bd7,-450,False
func_B_0x100001bd9,446,True
func_B_0x100001c2d,1153,True
func_B_0x100001d3a,24,True
func_B_0x100001d4c,-244,True
func_B_0x100002566,891,True
func_B_0x100002b0a,-660,False
func_B_0x100002b33,123,True
func_B_0x10000312b,787,False
func_B_0x100003236,1084,True
func_B_0x100003690,836,False
func_B_0x10000375c,-196,True
func_B_0x100003997,-754,False
func_B_0x10000399b,1058,False
func_B_0x10000399d,-565,True
func_B_0x10000399f,918,True
func_B_0x1000039a7,1158,True
func_B_0x1000039e9,-176,False
func_B_0x100003d24,987,True
func_B_0x100003e08,511,True
func_B_0x100003e10,819,False
func_B_0x100003e16,788,True
func_B_0x100003e20,145,False
func_B_0x100003e22,-510,False
func_B_0x100003e28,-146,True
func_B_0x100003e2a,524,False
func_B_0x100003f13,699,True
func_B_0x100003f6b,409,False
func_B_0x10000431a,-526,True
func_B_0x10000431e,562,True
func_B_0x100004322,1154,True
func_B_0x10000462e,-83,True
func_B_0x100004634,-737,True
func_B_0x100004636,1133,True
func_B_0x100004688,-579,False
func_B_0x1000047b2,550,True
func_B_0x1000050f5,194,True
func_B_0x1000050f7,-511,True
func_B_0x100005251,-54,True
func_B_0x100005701,-762,False
func_B_0x100005703,-34,False
func_B_0x100005707,772,False
func_B_0x100005e3f,-401,True
func_B_0x100005ea1,1012,False
func_B_0x100006041,963,False
func_B_0x10000674e,1010,False
func_B_0x10000676f,-193,True
func_B_0x1000069fb,-59,True
func_B_0x100006a09,-182,True
func_B_0x100006ddb,912,False
func_B_0x100006f70,-338,False
func_B_0x1000070bb,-579,False
func_B_0x100007747,-222,False
func_Be_0x1000017fd,569,True
func_Be_0x100001d22,261,True
func_Be_0x100001e65,68,False
func_Be_0x100001e8f,17,True
func_Be_0x100003722,1189,True
func_Be_0x100003b03,-108,False
func_Be_0x100003b17,564,True
func_Be_0x100003b19,883,True
func_Be_0x100003b1b,568,False
func_Be_0x100003b23,491,True
func_Be_0x100003b51,171,True
func_Be_0x100003ed1,1050,True
func_Be_0x100003ee1,899,True
func_Be_0x100003ee3,-428,False
func_Be_0x100003ee9,135,True
func_Be_0x100004f13,410,True
func_Be_0x100004f15,603,True
func_Be_0x100005ff0,258,True
func_Be_0x10000626d,1163,False
func_Be_0x10000626f,-248,False
func_Be_0x100006271,545,True
func_Be_0x100006a70,-416,True
func_Be_0x100006a85,1045,False
func_Be_0x100006a89,665,False
func_Be_0x100006bf9,-584,False
func_Be_0x100006c1e,-220,True
func_Be_0x100007482,-138,True
func_Bn_0x1000055fb,-713,True
func_Bn_0x1000055ff,640,False
func_Bn_0x100005609,-80,False
func_Bn_0x100005615,-290,False
func_Bn_0x10000561b,402,True
func_Bn_0x100005621,129,True
func_Br_0x1000052c2,954,False
func_Br_0x1000052c4,381,True
func_Br_0x1000052c6,1214,True
func_Br_0x100005f36,-357,True
func_Br_0x100005f3c,1219,True
func_Br_0x100005f46,-393,False
func_Br_0x1000065a3,424,False
func_Br_0x1000065c5,430,False
func_Br_0x1000065e7,1160,True
func_Br_0x1000065f7,-648,False
func_Bt_0x1000020ad,-645,False
func_Bt_0x1000020d9,812,True
func_Bt_0x1000020dd,611,False
func_Bt_0x1000021d9,527,False
func_Bt_0x10000223b,79,False
func_Bt_0x10000228b,187,False
func_Bt_0x100002343,297,True
func_Bt_0x100002346,-202,True
func_Bt_0x100002348,288,False
func_Bt_0x10000234e,-597,False
func_Bt_0x100002354,1111,False
func_Bt_0x100002358,-28,True
func_Bt_0x10000246b,103,True
func_Bt_0x10000246f,525,True
func_C0_0x1000041ad,-444,False
func_C0_0x1000041af,1004,False
func_C0_0x1000041b3,904,True
func_C0_0x100006af0,386,False
func_C0_0x100006b2b,30,True
func_C0_0x100006b44,1093,False
func_C_0x100000206,1117,False
func_C_0x100000390,1068,False
func_C_0x1000003b2,396,True
func_C_0x1000003f8,929,True
func_C_0x1000003fa,1188,False
func_C_0x100000402,663,False
func_C_0x1000007c2,-608,False
func_C_0x100001974,-640,True
func_C_0x100001976,412,True
func_C_0x100001989,413,False
func_C_0x100001999,1007,True
func_C_0x100001b79,-538,True
func_C_0x100001c0d,981,False
func_C_0x100001c8c,873,False
func_C_0x100001d6a,-86,True
func_C_0x100001f36,679,True
func_C_0x100001f38,-657,False
func_C_0x100002529,850,True
func_C_0x100002a27,-471,False
func_C_0x1000030a5,948,False
func_C_0x1000030e4,-531,True
func_C_0x1000030e6,-695,False
func_C_0x1000030e8,622,True
func_C_0x1000030ea,1076,True
func_C_0x100003159,174,False
func_C_0x1000032c1,497,True
func_C_0x10000345a,614,False
func_C_0x100003488,-572,False
func_C_0x100003493,1014,False
func_C_0x100003495,-420,False
func_C_0x100003497,589,False
func_C_0x1000034ae,1096,False
func_C_0x1000034b8,334,False
func_C_0x1000034e1,397,True
func_C_0x1000035a0,-317,True
func_C_0x1000036f6,802,True
func_C_0x1000039c5,-290,False
func_C_0x1000039da,608,False
func_C_0x100003d94,-136,True
func_C_0x100003dd6,1099,True
func_C_0x1000045cb,1115,True
func_C_0x1000045d1,1009,False
func_C_0x10000470c,778,True
func_C_0x10000472d,310,True
func_C_0x100004813,181,False
func_C_0x1000048e4,1195,True
func_C_0x10000493d,270,True
func_C_0x100004b39,-422,False
func_C_0x100004c5f,-91,False
func_C_0x100004c79,552,True
func_C_0x100004d4d,43,True
func_C_0x100004e9e,327,True
func_C_0x100004f7b,917,True
func_C_0x1000051df,1082,True
func_C_0x100005405,752,True
func_C_0x1000054d7,1034,False
func_C_0x100005a6b,309,False
func_C_0x100005c69,119,True
func_C_0x100005c88,345,False
func_C_0x100006247,75,False
func_C_0x10000624b,963,False
func_C_0x100006333,-153,True
func_C_0x10000641a,178,True
func_C_0x10000641c,245,True
func_C_0x100006428,-659,True
func_C_0x1000066e4,279,True
func_C_0x1000066e8,725,True
func_C_0x1000066ee,-85,False
func_C_0x1000066f0,667,False
func_C_0x100006e31,815,True
func_C_0x100007267,-699,True
func_C_0x100007738,-140,False
func_Ce_0x100001d0f,674,False
func_Ce_0x100002ff8,929,False
func_Ce_0x1000037ca,656,False
func_Ce_0x100003feb,949,True
func_Ce_0x100003ff5,-767,True
func_Ce_0x100004181,-426,True
func_Ce_0x100004983,458,False
func_Ce_0x1000049c5,-346,False
func_Ce_0x1000049d2,-377,False
func_Ce_0x100004cf3,-259,True
func_Ce_0x100004cf5,1181,False
func_Ce_0x100004d04,8,True
func_Ce_0x100004efb,-583,True
func_Ce_0x100005c1d,123,True
func_Ce_0x100005c2b,1162,True
func_Ce_0x100005fee,921,False
func_Ce_0x100006f04,186,True
func_Ce_0x100006f06,1025,False
func_Ce_0x100006f08,94,True
func_Ce_0x100006f0d,-632,False
func_Ce_0x10000704b,274,True
func_Ce_0x10000774f,702,True
func_Cn_0x100002d94,-532,True
func_Cn_0x100002d9a,642,False
func_Cn_0x100002d9c,810,True
func_Cn_0x100002da0,848,False
func_Cn_0x100002da2,407,False
func_Cn_0x100002da4,762,False
func_Cn_0x100002dae,778,False
func_Cn_0x100002db6,196,True
func_Cn_0x100002db8,-639,True
func_Cn_0x100002dbe,-142,False
func_Cn_0x100002dc0,-461,False
func_Cn_0x100002dc2,760,False
func_Cn_0x100002dc6,956,False
func_Cn_0x100002dca,-590,True
func_Cn_0x100002dcc,868,False
func_Cn_0x100002dce,1126,False
func_Cn_0x100002dd0,434,False
func_Cn_0x100002dd2,-466,False
func_Cn_0x100002ddc,-28,True
func_Cn_0x100002dde,584,False
func_Cn_0x100003cda,-603,True
func_Cr_0x100002386,-428,False
func_Cr_0x1000023c2,407,False
func_Cr_0x100002440,397,False
func_Cr_0x10000244a,-216,False
func_Cr_0x10000244c,265,True
func_Cr_0x100002454,962,False
func_Cr_0x100002456,264,False
func_Ct_0x10000064e,714,False
func_Ct_0x100000650,733,True
func_Ct_0x100000656,1217,False
func_Ct_0x10000065c,636,True
func_Ct_0x10000182a,566,True
func_Ct_0x10000182e,695,False
func_Ct_0x10000183e,-771,True
func_Ct_0x100001844,195,True
func_Ct_0x100001848,462,False
func_Ct_0x10000188e,-113,False
func_Ct_0x100001892,226,False
func_Ct_0x10000189a,-400,True
func_Ct_0x10000189e,562,False
func_Ct_0x100004188,-611,False
func_Ct_0x100004192,-435,True
func_Ct_0x100004196,-595,False
func_Ct_0x100004198,897,True
func_Ct_0x10000419a,912,False
func_Ct_0x10000419e,-561,True
func_Ct_0x1000041a0,1176,True
func_Ct_0x1000041a4,18,True
func_Ct_0x1000041a6,-619,True
func_Ct_0x1000052cb,924,False
func_Ct_0x1000052cf,244,False
func_Ct_0x100006194,1206,True
func_Ct_0x1000061d0,-760,False
func_Ct_0x1000065d7,-470,False
func_Ct_0x100006bd1,-501,False
func_Ct_0x100006bd9,-544,True
func_Ct_0x100006bdf,37,True
func_D0_0x1000026e0,-25,False
func_D0_0x1000026e8,797,True
func_D0_0x10000275d,484,True
func_D0_0x10000288f,470,True
func_D0_0x10000298e,-677,True
func_D_0x10000010f,189,False
func_D_0x10000019d,550,False
func_D_0x10000019f,154,True
func_D_0x1000001c1,-267,False
func_D_0x100000204,160,False
func_D_0x100000835,82,False
func_D_0x1000008ab,-93,False
func_D_0x100001605,1004,True
func_D_0x1000016b2,986,True
func_D_0x1000016b4,132,True
func_D_0x1000016b6,31,True
func_D_0x1000016df,-108,False
func_D_0x100001981,172,True
func_D_0x100001a32,-46,False
func_D_0x100001a34,445,False
func_D_0x100001a3a,-39,True
func_D_0x100001a3e,-66,False
func_D_0x100001a4a,-535,True
func_D_0x100001b27,1134,False
func_D_0x100001b2c,8,False
func_D_0x100001bf0,-338,False
func_D_0x100002b01,-490,True
func_D_0x1000030f7,547,True
func_D_0x10000313d,46,False
func_D_0x100003164,191,True
func_D_0x10000316a,-658,False
func_D_0x10000316c,148,True
func_D_0x10000316e,882,False
func_D_0x1000031a3,417,False
func_D_0x1000031b6,730,False
func_D_0x100003207,-321,False
func_D_0x1000032ef,-269,False
func_D_0x1000032f5,978,False
func_D_0x10000344a,-358,True
func_D_0x10000345d,-402,False
func_D_0x1000034af,-478,False
func_D_0x1000034d7,985,True
func_D_0x100003569,634,False
func_D_0x1000035a4,461,False
func_D_0x100003ae0,1037,False
func_D_0x100003d2a,735,False
func_D_0x100003d2e,-35,False
func_D_0x100003d32,436,False
func_D_0x100003d34,608,False
func_D_0x100003d49,310,False
func_D_0x100003d51,965,True
func_D_0x100003e59,-111,True
func_D_0x10000411e,675,False
func_D_0x100004124,-754,True
func_D_0x10000438d,829,True
func_D_0x1000043ee,-773,False
func_D_0x1000044f1,411,False
func_D_0x100004526,-60,True
func_D_0x100004535,820,False
func_D_0x100004539,1199,True
func_D_0x10000453d,-686,False
func_D_0x1000045d5,-132,False
func_D_0x1000047ca,47,False
func_D_0x1000047ce,933,True
func_D_0x1000048de,278,True
func_D_0x1000048e0,-640,True
func_D_0x1000048e2,407,False
func_D_0x10000491e,456,True
func_D_0x100004b5a,932,False
func_D_0x100004c4f,-696,True
func_D_0x100004c5b,190,False
func_D_0x100004c72,-63,True
func_D_0x100004dc1,721,True
func_D_0x100004eb1,884,True
func_D_0x100004f7c,1056,False
func_D_0x100004f85,98,False
func_D_0x100005232,647,False
func_D_0x1000054b1,-775,False
func_D_0x100005ba6,448,True
func_D_0x100005bb3,739,False
func_D_0x100005c6d,606,True
func_D_0x100005c91,189,True
func_D_0x100005d04,443,False
func_D_0x100005e8d,280,False
func_D_0x100005eb8,138,True
func_D_0x100005ebe,356,True
func_D_0x100006242,-499,True
func_D_0x100006593,871,False
func_D_0x10000672c,143,False
func_D_0x100006da2,-496,True
func_D_0x100006f65,-298,True
func_D_0x100007268,10,False
func_De_0x10000066e,465,True
func_De_0x100000672,957,False
func_De_0x100000674,617,True
func_De_0x100000676,997,True
func_De_0x100000678,206,True
func_De_0x10000067a,-540,False
func_De_0x100000688,-98,False
func_De_0x10000068a,-530,False
func_De_0x10000068c,1086,False
func_De_0x100000694,-541,False
func_De_0x100000696,-650,False
func_De_0x10000069e,996,True
func_De_0x1000006aa,781,False
func_De_0x1000006ac,568,False
func_De_0x1000006ae,413,False
func_De_0x1000006b6,579,True
func_De_0x1000006b8,722,False
func_De_0x1000006bc,172,False
func_De_0x1000006be,15,False
func_De_0x100002d38,1195,True
func_De_0x100002d66,740,True
func_De_0x100002d72,277,False
func_De_0x100002d84,-502,False
func_De_0x100002ea2,491,True
func_De_0x100002ea6,-278,False
func_De_0x100002eab,753,True
func_De_0x100002ebc,794,False
func_De_0x100002ebe,327,False
func_De_0x100002ec0,841,False
func_De_0x100002ec4,997,True
func_De_0x100002ec6,515,False
func_De_0x100003ba0,613,False
func_De_0x100007336,448,True
func_Dr_0x100000667,1171,True
func_Dr_0x1000006a8,-510,False
func_Dr_0x100002084,251,False
func_Dr_0x100002d6c,1183,False
func_Dr_0x100002e8e,-716,False
func_Dr_0x100002ea3,-265,True
func_Dr_0x100003c3b,-127,True
func_Dr_0x100003c63,455,True
func_Dr_0x100003c8e,-262,False
func_Dr_0x100003c9e,-156,False
func_Dr_0x100007326,651,True
func_Dr_0x100007328,129,False
func_Dr_0x10000732a,292,False
func_Dr_0x100007332,9,False
func_Dt_0x10000306d,341,True
func_Dt_0x100003070,888,False
func_Dt_0x10000307c,196,False
func_Dt_0x10000307e,-135,True
func_Dt_0x1000037c6,-161,False
func_Dt_0x100003b05,-228,False
func_Dt_0x100006ec3,-459,True
func_Dt_0x100006ec6,-188,True
func_Dt_0x100006ec8,-481,False
func_Dt_0x10000706a,-541,True
func_Dt_0x10000706c,797,True
func_Dt_0x100007070,-192,True
func_Dt_0x100007785,688,False
func_E_0x100000130,-378,True
func_E_0x100000132,-691,False
func_E_0x100000136,341,True
func_E_0x1000001b5,872,False
func_E_0x100000208,-149,False
func_E_0x1000003a2,326,True
func_E_0x1000015fd,564,True
func_E_0x1000017c3,1106,True
func_E_0x1000019bd,699,False
func_E_0x100001b7b,1034,True
func_E_0x100001b9f,893,True
func_E_0x100001ba3,138,False
func_E_0x100001bcd,735,True
func_E_0x100001bfa,-646,True
func_E_0x1000025cb,-249,False
func_E_0x1000025d1,825,True
func_E_0x1000025d3,1162,True
func_E_0x1000025d5,-568,True
func_E_0x100002abb,910,False
func_E_0x100002f55,665,False
func_E_0x100002f57,691,False
func_E_0x100002f59,1189,True
func_E_0x100002f63,703,False
func_E_0x100002fea,609,True
func_E_0x100003102,122,True
func_E_0x100003104,889,False
func_E_0x100003148,-683,True
func_E_0x1000031ec,837,False
func_E_0x10000344e,118,False
func_E_0x100003452,592,False
func_E_0x100003454,-305,False
func_E_0x100003e4a,813,True
func_E_0x100003f0d,-30,True
func_E_0x100003f67,-36,False
func_E_0x100003f74,-270,False
func_E_0x10000413f,1121,False
func_E_0x100004391,1049,False
func_E_0x1000043e3,-255,True
func_E_0x1000045f6,-470,True
func_E_0x10000462d,-6,True
func_E_0x1000046ef,305,True
func_E_0x100004700,-71,True
func_E_0x100004708,95,False
func_E_0x100004735,153,True
func_E_0x100004737,5,True
func_E_0x10000473d,-270,True
func_E_0x10000473f,-51,False
func_E_0x100004897,530,True
func_E_0x100004899,-118,False
func_E_0x10000489b,-481,False
func_E_0x1000048a1,-740,False
func_E_0x1000048a7,517,True
func_E_0x100004a7b,-24,True
func_E_0x100004a8b,494,False
func_E_0x100004a8d,-123,True
func_E_0x100004a93,-388,True
func_E_0x100004a95,1150,False
func_E_0x100004c92,-105,True
func_E_0x100004d50,371,True
func_E_0x100004ff3,-746,False
func_E_0x100004ff5,983,True
func_E_0x100004ff7,671,False
func_E_0x100005124,957,True
func_E_0x100005141,1046,False
func_E_0x100005387,-734,False
func_E_0x100005389,-766,True
func_E_0x100005396,604,False
func_E_0x10000571d,1148,False
func_E_0x10000571f,1109,False
func_E_0x100005721,413,True
func_E_0x100005725,-261,False
func_E_0x100005e28,-643,False
func_E_0x10000642d,1109,True
func_E_0x100006435,-47,False
func_E_0x100006f60,406,True
func_E_0x100006fec,1059,True
func_E_0x100006fee,-34,True
func_E_0x100007174,663,True
func_E_0x1000076e0,-517,True
func_Ee_0x100001e41,671,True
func_Ee_0x100001e43,596,False
func_Ee_0x100001e82,-562,True
func_Ee_0x10000303f,307,True
func_Ee_0x100003043,-411,False
func_Ee_0x100003045,565,True
func_Ee_0x10000304b,-635,True
func_Ee_0x100003067,245,False
func_Ee_0x10000306b,322,False
func_Ee_0x100003721,232,False
func_Ee_0x100003e72,1223,False
func_Ee_0x100006a80,-200,True
func_Ee_0x100006c20,685,False
func_Ee_0x100006ec1,731,True
func_Ee_0x10000777e,-354,False
func_Ee_0x100007787,-58,False
func_Ee_0x100007789,928,False
func_Er_0x1000004bd,231,False
func_Er_0x1000052c0,878,True
func_Er_0x100005f38,-168,True
func_Er_0x100005f40,-551,True
func_Er_0x100005f4a,1098,False
func_Er_0x10000659f,-375,False
func_Er_0x1000065a1,383,True
func_Er_0x1000065a5,-85,True
func_Er_0x1000065a7,344,False
func_Er_0x1000065ab,534,True
func_Er_0x1000065ad,762,True
func_Er_0x1000065af,284,False
func_Er_0x1000065bf,819,True
func_Er_0x1000065c1,-712,True
func_Er_0x1000065cb,840,True
func_Er_0x1000065cf,163,False
func_Er_0x1000065d1,967,False
func_Er_0x1000065d3,936,False
func_Er_0x1000065e5,231,False
func_Er_0x1000065eb,720,False
func_Er_0x1000065ed,611,True
func_Er_0x1000065ef,-38,False
func_Er_0x1000065f1,770,False
func_Er_0x1000065f5,-667,True
func_Et_0x1000006c8,205,True
func_Et_0x1000006ca,-475,False
func_Et_0x1000006ce,236,True
func_Et_0x1000006d2,-172,False
func_Et_0x1000006d4,475,True
func_Et_0x1000018a0,1119,False
func_Et_0x1000018a5,358,False
func_Et_0x1000018b9,1193,False
func_Et_0x100006189,-228,False
func_Et_0x100006202,557,False
func_Et_0x1000065d8,-186,True
func_Et_0x1000065da,748,True
func_Et_0x1000065de,1091,False
func_Et_0x1000065e2,366,False
func_Et_0x100006ae5,856,False
func_Et_0x100006b40,-141,False
func_Et_0x100006be9,182,True
func_Et_0x1000072e5,-103,True
func_Et_0x10000730f,66,False
func_Et_0x100007442,710,True
func_F0_0x100002726,-716,False
func_F0_0x1000028cf,-775,False
func_F0_0x1000028fd,759,False
func_F0_0x1000029b5,976,True
func_F_0x100000100,1153,False
func_F_0x100000104,413,False
func_F_0x100000120,335,True
func_F_0x100000134,726,True
func_F_0x100000138,-658,True
func_F_0x10000013a,-224,True
func_F_0x1000001b2,919,False
func_F_0x100000397,-182,False
func_F_0x1000003b9,435,True
func_F_0x100001b53,1026,True
func_F_0x100001ba1,-465,False
func_F_0x100001bbc,267,True
func_F_0x100001bc8,984,True
func_F_0x100001c45,423,False
func_F_0x100002563,-91,False
func_F_0x100002565,108,True
func_F_0x100002575,-527,True
func_F_0x100002584,-257,True
func_F_0x10000259c,-292,True
func_F_0x1000025cd,331,False
func_F_0x1000025cf,463,False
func_F_0x100002ae5,359,True
func_F_0x100002aef,270,True
func_F_0x100002f5b,697,True
func_F_0x1000030ba,184,False
func_F_0x100003132,-342,False
func_F_0x1000031b7,-420,True
func_F_0x1000031f0,1172,False
func_F_0x10000320a,642,False
func_F_0x10000323d,160,True
func_F_0x100003616,993,False
func_F_0x100003689,-90,True
func_F_0x1000039dc,-444,True
func_F_0x100003d04,729,True
func_F_0x100003e48,1146,False
func_F_0x100003f20,904,True
func_F_0x1000045e8,788,False
func_F_0x1000045ea,1030,True
func_F_0x1000045ee,677,False
func_F_0x1000045f4,-706,True
func_F_0x1000045f8,773,False
func_F_0x1000045fa,-469,True
func_F_0x1000045fc,-698,True
func_F_0x10000460b,572,False
func_F_0x100004628,-601,True
func_F_0x10000470f,523,False
func_F_0x10000489d,87,False
func_F_0x10000489f,-579,False
func_F_0x1000048a3,193,False
func_F_0x100004a87,345,True
func_F_0x100004a89,-519,True
func_F_0x100004a8f,124,False
func_F_0x100004a91,484,False
func_F_0x100004aa6,629,True
func_F_0x100004c90,178,False
func_F_0x100004d65,261,False
func_F_0x100004f94,-151,False
func_F_0x1000050f9,101,True
func_F_0x1000051e2,528,True
func_F_0x10000596b,1187,False
func_F_0x100005b87,-550,False
func_F_0x100005b98,853,False
func_F_0x100006048,749,False
func_F_0x1000069c8,-412,False
func_F_0x100006ff0,-268,True
func_F_0x10000700b,1041,True
func_F_0x1000076e2,462,False
func_F_0x100007978,-177,True
func_F_0x10000797a,602,False
func_Fe_0x10000271c,724,True
func_Fe_0x100002721,-98,True
func_Fe_0x100002729,-626,False
func_Fe_0x10000272b,537,True
func_Fe_0x10000272d,1002,False
func_Fe_0x100002741,1166,False
func_Fe_0x100002747,228,True
func_Fe_0x100002749,540,False
func_Fe_0x10000274f,119,False
func_Fe_0x10000276f,-391,True
func_Fe_0x100002771,-31,False
func_Fe_0x100002779,-256,True
func_Fe_0x10000277b,-480,True
func_Fe_0x10000277d,-571,False
func_Fe_0x100002781,369,False
func_Fe_0x100002783,898,False
func_Fe_0x10000278d,982,True
func_Fe_0x100002791,421,False
func_Fe_0x100002793,383,True
func_Fe_0x1000027c9,-615,False
func_Fe_0x1000027cb,231,True
func_Fe_0x1000027cd,-685,True
func_Fe_0x1000027d5,620,False
func_Fe_0x1000027e4,71,True
func_Fe_0x1000027e7,305,True
func_Fe_0x1000027ea,106,True
func_Fe_0x1000027ed,1053,True
func_Fe_0x1000027f3,948,False
func_Fe_0x100002847,-37,True
func_Fe_0x10000285c,-382,True
func_Fe_0x100002860,-32,True
func_Fe_0x10000286c,-611,True
func_Fe_0x10000286e,913,False
func_Fe_0x10000288a,1200,True
func_Fe_0x100002893,445,True
func_Fe_0x1000028a3,800,True
func_Fe_0x1000028a5,-7,False
func_Fe_0x1000028c7,425,True
func_Fe_0x1000028e4,288,False
func_Fe_0x1000028e6,1170,True
func_Fe_0x100002902,-276,True
func_Fe_0x100002909,-393,True
func_Fe_0x10000290b,590,True
func_Fe_0x100002914,-244,False
func_Fe_0x100002916,-169,True
func_Fe_0x100002938,840,True
func_Fe_0x10000295f,-397,False
func_Fe_0x100002967,289,True
func_Fe_0x100002970,1049,False
func_Fe_0x10000297b,-142,True
func_Fe_0x10000297f,270,False
func_Fe_0x100002983,923,True
func_Fe_0x1000029a7,571,False
func_Fe_0x1000029bb,-406,False
func_Fe_0x1000029c6,599,False
func_Fe_0x1000029d4,390,True
func_Fe_0x1000029db,1028,False
func_Fn_0x100002450,383,False
func_Fr_0x100002d40,553,False
func_Fr_0x100003ca9,1204,False
func_Fr_0x100003cad,25,True
func_Fr_0x1000058ad,240,True
func_Fr_0x1000058c4,487,True
func_Fr_0x100005904,150,False
func_Fr_0x100005908,5,False
func_Fr_0x10000590a,-28,False
func_Fr_0x10000590e,121,True
func_Ft_0x100001db1,693,False
func_Ft_0x100005295,-354,True
func_Ft_0x1000052dd,356,False
func_Ft_0x10000636b,-314,False
func_Ft_0x10000636d,699,False
func_Ft_0x100006377,-177,False
func_Ft_0x10000637d,349,True
func_Ft_0x1000064ec,709,False
func_Ft_0x100006c26,658,False
func_Ft_0x100007270,644,True
func_Ft_0x1000078f8,-449,False
func_Ft_0x1000078fa,-60,False
func_G0_0x100003c56,1113,True
func_G0_0x100003c5a,1201,False
func_G0_0x100005524,104,True
func_G0_0x100005526,1217,False
func_G0_0x1000055bb,548,False
func_G0_0x1000055dd,1055,False
func_G0_0x1000055df,-706,True
func_G0_0x1000055e1,1073,False
func_G0_0x1000055e3,-190,False
func_G0_0x1000055e5,-411,True
func_G0_0x1000055e7,902,True
func_G0_0x1000055e9,298,False
func_G0_0x1000055eb,22,False
func_G0_0x1000055f1,37,True
func_G0_0x10000734e,1081,True
func_G0_0x100007350,44,True
func_G0_0x100007352,-35,True
func_G0_0x100007356,-144,True
func_G0_0x100007358,-6,False
func_G0_0x10000735a,367,False
func_G0_0x10000735e,221,True
func_G0_0x100007366,-200,False
func_G0_0x10000736a,704,True
func_G_0x1000001af,1149,True
func_G_0x1000019a7,53,False
func_G_0x1000019a9,714,False
func_G_0x1000019ab,233,False
func_G_0x1000019b1,542,False
func_G_0x100001b7e,-258,False
func_G_0x100001b80,277,False
func_G_0x100001b82,-93,True
func_G_0x100001b86,-669,True
func_G_0x100001b92,-245,False
func_G_0x100001bc3,139,True
func_G_0x100002557,935,False
func_G_0x100002586,-44,True
func_G_0x100002b02,-113,False
func_G_0x100002b0e,1190,True
func_G_0x1000030bd,-145,True
func_G_0x1000031a4,-443,True
func_G_0x10000368c,-89,True
func_G_0x1000039a3,-203,True
func_G_0x1000039a5,1116,True
func_G_0x1000039ab,-519,False
func_G_0x1000039e3,532,False
func_G_0x100003a20,536,False
func_G_0x100003e0a,286,False
func_G_0x100003e26,785,False
func_G_0x100003e2c,379,False
func_G_0x100003f3d,757,True
func_G_0x1000046da,763,True
func_G_0x100004733,-517,False
func_G_0x100004755,884,True
func_G_0x100004e1f,-128,True
func_G_0x1000051d2,195,False
func_G_0x1000051d4,680,False
func_G_0x1000051d8,783,False
func_G_0x10000570b,-598,True
func_G_0x100005cf4,394,False
func_G_0x100005cf6,-170,False
func_G_0x100005d0b,623,True
func_G_0x100005e29,-440,False
func_G_0x100005e9d,259,False
func_G_0x1000069cf,-451,True
func_G_0x1000069ff,-467,False
func_G_0x100006a05,36,True
func_G_0x100006a16,54,True
func_G_0x100006c81,370,True
func_G_0x100006fdb,-725,True
func_G_0x1000070a1,448,True
func_G_0x100007749,-500,True
func_G_0x100007824,-774,False
func_Ga_0x100003cd1,-709,True
func_Ga_0x100003cd3,-621,True
func_Ge_0x100001aaa,-208,True
func_Ge_0x100001ab4,1070,False
func_Ge_0x100001ac2,934,True
func_Ge_0x100001ac4,-578,True
func_Ge_0x100001aca,733,False
func_Ge_0x100001ad0,-359,True
func_Ge_0x100001eb2,1133,True
func_Ge_0x100001eb8,-61,False
func_Ge_0x100003eb9,-266,True
func_Ge_0x10000406d,-162,True
func_Ge_0x1000040b0,-744,False
func_Ge_0x1000040fd,-196,True
func_Ge_0x100004106,-387,False
func_Ge_0x100004108,1054,True
func_Ge_0x100004986,192,True
func_Ge_0x100004988,358,False
func_Ge_0x10000498a,657,False
func_Ge_0x10000498c,1147,True
func_Ge_0x10000499b,-446,False
func_Ge_0x10000499f,990,True
func_Ge_0x100005779,-397,True
func_Ge_0x10000577b,-765,True
func_Ge_0x100005782,1019,False
func_Ge_0x100005784,259,False
func_Ge_0x100005786,-72,False
func_Ge_0x10000578a,793,False
func_Ge_0x10000578c,427,False
func_Ge_0x100005790,247,True
func_Ge_0x100005792,-37,True
func_Ge_0x100005796,128,False
func_Ge_0x10000579a,-686,True
func_Ge_0x10000579c,631,True
func_Ge_0x1000057a0,833,True
func_Ge_0x1000057a2,761,False
func_Ge_0x1000057a6,-245,False
func_Ge_0x1000057a8,-396,True
func_Ge_0x1000057ac,983,True
func_Ge_0x1000057b2,615,False
func_Ge_0x1000057b6,491,True
func_Ge_0x1000057b8,976,False
func_Ge_0x1000057ba,42,False
func_Ge_0x1000057bc,774,True
func_Ge_0x1000057be,22,False
func_Ge_0x1000057c0,-383,False
func_Ge_0x1000057c6,356,False
func_Ge_0x1000057c8,19,True
func_Ge_0x100006282,-432,False
func_Ge_0x100006380,-218,False
func_Ge_0x1000063b6,-305,False
func_Ge_0x1000063c1,848,True
func_Ge_0x100006d2c,-479,False
func_Ge_0x1000078c2,-729,False
func_Ge_0x1000078c9,-82,False
func_Gr_0x1000004bb,-105,True
func_Gr_0x100000703,677,True
func_Gr_0x100005f32,856,False
func_Gr_0x100005f34,1009,True
func_Gr_0x100005f42,748,False
func_Gr_0x100005f44,-157,True
func_Gr_0x100005f48,611,False
func_Gr_0x1000065bb,277,False
func_Gr_0x1000065fb,1058,True
func_Gt_0x100001dc6,843,True
func_Gt_0x100001dc8,920,True
func_Gt_0x10000387f,422,False
func_Gt_0x100003a5d,583,False
func_Gt_0x100003ab2,1138,True
func_Gt_0x100003ac4,470,True
func_Gt_0x100003ad0,407,True
func_Gt_0x1000040bc,55,False
func_Gt_0x1000040c3,-526,True
func_Gt_0x10000527e,-569,True
func_Gt_0x1000052a1,68,True
func_Gt_0x1000052bb,1081,False
func_Gt_0x1000052f0,591,True
func_Gt_0x100005359,-222,False
func_Gt_0x100006c29,536,True
func_Gt_0x100006c2b,697,False
func_Gt_0x100006c2f,616,True
func_Gt_0x100006c3d,996,False
func_H0_0x100002df9,495,True
func_H_0x100000102,-758,True
func_H_0x10000011e,381,False
func_H_0x10000012e,48,True
func_H_0x100000391,998,True
func_H_0x100000393,-392,False
func_H_0x1000003b7,1085,True
func_H_0x1000003bb,623,True
func_H_0x100000419,-557,True
func_H_0x100001550,283,False
func_H_0x1000017c7,65,True
func_H_0x1000019b9,1096,False
func_H_0x1000019c7,-522,True
func_H_0x100002573,-436,False
func_H_0x10000259b,-202,True
func_H_0x1000025d7,349,False
func_H_0x100002ab7,-615,True
func_H_0x100002ab9,991,True
func_H_0x100002ae7,523,False
func_H_0x100002ae9,452,False
func_H_0x100002af1,722,False
func_H_0x1000030fa,895,False
func_H_0x100003117,551,True
func_H_0x10000313f,268,True
func_H_0x100003222,1113,False
func_H_0x1000032c4,-407,False
func_H_0x10000356a,-661,False
func_H_0x1000038ee,-385,True
func_H_0x1000038f0,-51,True
func_H_0x1000038f2,-197,True
func_H_0x1000038f4,683,True
func_H_0x1000038f6,-411,False
func_H_0x1000038f8,536,True
func_H_0x1000038fa,1033,False
func_H_0x10000390a,195,False
func_H_0x100003ded,932,False
func_H_0x1000043dd,-728,False
func_H_0x1000043e1,1205,True
func_H_0x100004529,684,False
func_H_0x1000045ec,226,True
func_H_0x1000045f0,1016,False
func_H_0x1000045f2,954,False
func_H_0x10000468a,-614,False
func_H_0x1000046f4,682,False
func_H_0x100004940,-750,True
func_H_0x100004a78,445,False
func_H_0x100004d4e,709,True
func_H_0x100004d52,1101,False
func_H_0x100004f92,880,False
func_H_0x100005122,-292,False
func_H_0x100005129,-755,True
func_H_0x100005c77,-416,False
func_H_0x100005e90,-772,True
func_H_0x100006434,-365,False
func_H_0x10000678d,-579,False
func_H_0x1000067b5,647,False
func_H_0x100006f62,935,True
func_H_0x10000700d,66,True
func_H_0x1000070e6,-366,True
func_H_0x100007573,-105,True
func_H_0x1000075cd,1056,True
func_H_0x100007697,946,False
func_H_0x1000076e4,-82,True
func_H_0x1000077db,1115,False
func_H_0x1000077dd,-680,True
func_H_0x10000796b,-224,True
func_H_0x10000796f,863,True
func_He_0x100001da2,-372,True
func_He_0x100001da4,-179,False
func_He_0x100001da6,401,False
func_He_0x100001daa,454,False
func_He_0x100001dae,-296,False
func_He_0x100001de2,878,True
func_He_0x100001dfe,-184,True
func_He_0x100001e54,746,True
func_He_0x100001e56,1060,False
func_He_0x100001e58,-706,True
func_He_0x100001e95,1146,True
func_He_0x10000378c,1067,False
func_He_0x10000386b,866,True
func_He_0x10000386d,103,True
func_He_0x100003871,-96,False
func_He_0x100003873,1204,True
func_He_0x100003944,-297,True
func_He_0x100004985,-338,False
func_He_0x100005072,-398,True
func_He_0x10000507d,312,False
func_He_0x10000577f,-188,False
func_He_0x1000063b4,246,True
func_He_0x1000063bb,-766,True
func_He_0x1000063eb,-592,False
func_He_0x1000063f9,-668,False
func_He_0x100006401,-373,False
func_He_0x100006407,235,False
func_He_0x100006409,432,True
func_He_0x100006d24,335,True
func_He_0x100006d26,908,True
func_He_0x100006d29,12,False
func_He_0x100006eac,36,True
func_He_0x100006eae,113,False
func_He_0x100006eb0,894,True
func_He_0x1000071f5,969,False
func_He_0x100007279,400,True
func_He_0x1000078f5,731,False
func_He_0x100007916,-604,False
func_He_0x100007918,889,True
func_He_0x100007922,-188,True
func_He_0x100007924,936,True
func_He_0x100007926,65,False
func_He_0x10000792e,321,True
func_Hr_0x100001a88,-744,True
func_Hr_0x100003a61,-281,True
func_Hr_0x100003a65,33,True
func_Hr_0x100003ac1,514,False
func_Hr_0x100004074,415,True
func_Hr_0x100004076,765,False
func_Hr_0x10000407a,763,False
func_Hr_0x100004085,230,False
func_Hr_0x1000052e1,496,True
func_Hr_0x1000052e3,1140,True
func_Hr_0x1000052e5,1208,False
func_Hr_0x1000052ea,-172,False
func_Hr_0x10000533d,679,False
func_Hr_0x10000639e,-418,True
func_Hr_0x1000063a2,-677,False
func_Hr_0x100006d14,-497,False
func_Ht_0x100003876,-571,False
func_Ht_0x100004afd,153,True
func_Ht_0x100005f1f,179,True
func_Ht_0x100005f23,1196,False
func_Ht_0x100005f2b,178,True
func_Ht_0x100006368,-257,True
func_Ht_0x100006c04,365,True
func_Ht_0x100006cd4,968,True
func_Ht_0x100006eb5,951,True
func_Ht_0x1000072b4,622,False
func_Ht_0x1000072e0,-277,False
func_Ht_0x1000078f7,296,True
func_I_0x100001bde,405,False
func_I_0x100001d71,529,False
func_I_0x100001d73,968,False
func_I_0x100001d75,657,True
func_I_0x100001d7d,705,True
func_I_0x100002488,-42,False
func_I_0x1000024c2,140,True
func_I_0x100002569,445,False
func_I_0x100002594,287,True
func_I_0x100002cc5,533,True
func_I_0x100002ccb,-234,False
func_I_0x100002ccf,-284,False
func_I_0x100002cd7,-495,False
func_I_0x100002cdb,-241,True
func_I_0x100002ce3,1212,False
func_I_0x100002ce7,343,True
func_I_0x100003257,687,False
func_I_0x100003288,482,False
func_I_0x10000328a,75,False
func_I_0x10000328c,11,False
func_I_0x100003294,-251,True
func_I_0x100003ffc,962,False
func_I_0x100003ffe,-24,True
func_I_0x1000045a5,34,False
func_I_0x1000045a9,-87,True
func_I_0x1000045b0,270,True
func_I_0x100004a1d,840,True
func_I_0x100004d78,-163,False
func_I_0x100005669,-659,False
func_I_0x1000056ca,-608,True
func_I_0x1000056d4,-130,False
func_I_0x1000056d6,952,True
func_I_0x1000056d8,172,True
func_I_0x100005bd1,-4,False
func_I_0x100005ce1,-258,True
func_I_0x100005d31,987,False
func_I_0x100005de6,1063,True
func_I_0x100005e0d,-194,True
func_I_0x100005e41,697,False
func_I_0x100005ec7,-619,True
func_I_0x100006718,1042,True
func_I_0x100006722,368,True
func_I_0x100006a17,-27,False
func_I_0x100006a19,1033,True
func_I_0x100006a25,33,True
func_I_0x100006a2c,907,True
func_I_0x100006e25,-244,True
func_I_0x100006e2a,-530,False
func_I_0x100006f4a,326,False
func_I_0x100006f8c,590,True
func_I_0x10000710f,142,True
func_I_0x100007125,1184,False
func_I_0x1000074d9,713,False
func_I_0x1000074e9,882,True
func_I_0x1000074f1,454,False
func_I_0x100007543,129,False
func_I_0x1000075f2,938,True
func_I_0x1000075fd,789,False
func_I_0x1000075ff,65,True
func_I_0x100007604,-370,False
func_I_0x100007606,-610,True
func_I_0x100007608,-126,False
func_I_0x10000772e,-206,True
func_I_0x10000780c,1062,False
func_I_0x100007813,41,True
func_I_0x100007819,868,False
func_I_0x10000781f,-413,True
func_Ia_0x100005624,658,False
func_Ia_0x10000562a,39,False
func_Ie_0x100002d68,489,False
func_Ie_0x100002d6a,451,True
func_Ie_0x100002d70,77,True
func_Ie_0x100002d74,-17,True
func_Ie_0x100002d76,1015,False
func_Ie_0x100002d78,-438,True
func_Ie_0x100002d82,467,True
func_Ie_0x100002d8b,-86,False
func_Ie_0x100002d8d,1172,True
func_Ie_0x100002d91,954,False
func_Ie_0x100002e90,712,True
func_Ie_0x100002e93,-316,False
func_Ie_0x100002e95,-457,False
func_Ie_0x100002e97,692,False
func_Ie_0x100002e9a,276,False
func_Ie_0x100002e9e,-349,True
func_Ie_0x100002eb0,606,True
func_Ie_0x100002eb8,-318,True
func_Ie_0x100002eba,-667,True
func_Ie_0x100002ecb,-394,True
func_Ie_0x100002ecd,336,False
func_Ie_0x100002ed9,901,True
func_Ie_0x100002edf,402,False
func_Ie_0x100002ee3,744,True
func_Ie_0x100002ee7,1203,False
func_Ie_0x100002ee9,-168,True
func_Ie_0x100002eeb,836,True
func_Ie_0x100002eee,-112,True
func_Ie_0x100003c98,575,False
func_Ie_0x100006919,-522,False
func_In_0x100005617,-137,False
func_In_0x10000561f,402,False
func_In_0x100005623,-556,True
func_In_0x100005627,-274,True
func_Ir_0x100001dd6,-440,True
func_Ir_0x10000388e,-692,False
func_Ir_0x100003b44,-627,True
func_Ir_0x100003b48,597,False
func_Ir_0x100004069,-334,False
func_Ir_0x100004acd,-224,True
func_Ir_0x100004acf,358,True
func_Ir_0x100004ad1,282,True
func_Ir_0x100004ad3,-282,True
func_Ir_0x100004adb,1109,True
func_Ir_0x100004add,-471,False
func_Ir_0x100004ae1,-343,False
func_Ir_0x100004ae3,766,True
func_Ir_0x100004ae9,1015,True
func_Ir_0x100004af3,999,False
func_Ir_0x1000057dd,650,False
func_Ir_0x100006391,-732,True
func_Ir_0x10000726f,809,False
func_Ir_0x1000078d1,744,True
func_It_0x1000006cc,-303,False
func_It_0x1000006d0,1079,True
func_It_0x1000006d6,-122,True
func_It_0x100006218,534,True
func_It_0x10000621a,229,True
func_It_0x100006b3e,-195,False
func_It_0x100006bed,574,False
func_It_0x10000730c,-611,False
func_J0_0x100002d52,408,False
func_J0_0x100002d54,-218,True
func_J0_0x100002d56,636,False
func_J0_0x100002d58,-678,True
func_J0_0x100002d60,-344,True
func_J0_0x1000055b7,-642,False
func_J0_0x1000055b9,1137,True
func_J0_0x1000055c1,204,True
func_J0_0x1000055ed,-115,False
func_J_0x1000001e0,632,False
func_J_0x100001574,1077,False
func_J_0x100001738,1055,False
func_J_0x10000178c,-323,False
func_J_0x1000017b5,286,True
func_J_0x1000018cc,338,False
func_J_0x1000018d3,655,False
func_J_0x100001cac,541,False
func_J_0x100001d09,945,True
func_J_0x100002cf0,1081,False
func_J_0x100002d0c,-226,False
func_J_0x100002d14,-560,True
func_J_0x100002d18,-460,False
func_J_0x100002d1c,394,True
func_J_0x100002d20,59,True
func_J_0x100002d2a,19,True
func_J_0x100002ef5,705,False
func_J_0x10000302c,1016,False
func_J_0x100003258,-723,True
func_J_0x10000325a,788,False
func_J_0x10000329b,584,True
func_J_0x1000032a7,-220,True
func_J_0x10000366f,1134,False
func_J_0x100003811,1207,True
func_J_0x100004005,-71,False
func_J_0x100004388,970,True
func_J_0x10000449e,1213,True
func_J_0x100004a2d,924,True
func_J_0x100004a4e,133,False
func_J_0x10000525e,-535,True
func_J_0x100005260,1038,False
func_J_0x100005488,-490,False
func_J_0x100005490,1182,False
func_J_0x100005a25,431,False
func_J_0x100005a39,1045,True
func_J_0x100005aa1,585,False
func_J_0x100005aa5,180,True
func_J_0x100005aec,-264,True
func_J_0x100005cac,818,True
func_J_0x100005ce2,741,False
func_J_0x100005ce8,1219,True
func_J_0x100005eee,735,True
func_J_0x100005f71,1050,False
func_J_0x100006d85,-687,False
func_J_0x100006dbe,658,False
func_J_0x100006e79,367,True
func_J_0x100006f92,-631,True
func_J_0x10000753b,125,True
func_J_0x10000753f,-140,False
func_J_0x100007541,-175,True
func_J_0x100007553,346,True
func_Je_0x1000058ab,-44,False
func_Je_0x1000058b6,1192,True
func_Je_0x1000058d2,-461,True
func_Je_0x100005906,-437,True
func_Je_0x100005912,-506,False
func_Je_0x100005918,-239,True
func_Je_0x10000592a,-481,False
func_Je_0x100005930,480,False
func_Je_0x100005937,-571,True
func_Je_0x10000593d,1176,True
func_Je_0x100005945,125,False
func_Je_0x100005957,-262,False
func_Je_0x100005959,448,True
func_Je_0x10000690a,999,True
func_Je_0x100006916,919,False
func_Je_0x10000737f,337,True
func_Je_0x100007389,-417,False
func_Je_0x10000738b,-725,True
func_Je_0x100007391,-752,False
func_Je_0x100007393,240,True
func_Je_0x100007395,334,True
func_Je_0x10000739e,-153,False
func_Jr_0x100000669,-692,True
func_Jr_0x1000006b2,-600,True
func_Jr_0x1000006b4,169,True
func_Jr_0x1000006c4,846,True
func_Jr_0x100002d7b,-734,True
func_Jr_0x100002d7d,-483,True
func_Jr_0x100002d7f,1221,False
func_Jr_0x100002ea7,589,True
func_Jr_0x100003ce9,-620,False
func_Jr_0x10000692c,429,False
func_Jt_0x1000006e5,637,True
func_Jt_0x100000716,751,False
func_Jt_0x100003a68,800,False
func_Jt_0x100006659,-209,False
func_K0_0x1000020b6,1197,True
func_K0_0x1000020b9,-335,True
func_K0_0x1000020d4,516,False
func_K_0x10000157c,209,True
func_K_0x100001735,-480,False
func_K_0x100001746,1213,False
func_K_0x1000017b3,-215,False
func_K_0x1000018f4,687,True
func_K_0x1000018fd,970,False
func_K_0x100001901,-389,False
func_K_0x100001d54,241,False
func_K_0x100001d5a,493,True
func_K_0x100001e08,126,True
func_K_0x1000024ab,1174,True
func_K_0x100002d2e,1201,False
func_K_0x10000300c,195,False
func_K_0x100003012,154,True
func_K_0x1000035ce,1095,False
func_K_0x1000035d2,128,True
func_K_0x1000035d4,332,True
func_K_0x10000362b,968,True
func_K_0x100003631,16,True
func_K_0x10000367f,-536,True
func_K_0x1000038d3,-552,True
func_K_0x1000038dd,-10,True
func_K_0x1000038df,-269,False
func_K_0x10000449b,150,False
func_K_0x100004756,102,True
func_K_0x10000475a,-535,False
func_K_0x10000475c,636,False
func_K_0x100004764,164,False
func_K_0x10000476a,-240,True
func_K_0x10000476c,-172,False
func_K_0x10000476e,-668,True
func_K_0x10000478d,774,False
func_K_0x10000478f,483,True
func_K_0x100004a2f,725,True
func_K_0x100004a3c,-509,False
func_K_0x100004a5d,-546,False
func_K_0x100004a62,-770,False
func_K_0x10000543b,640,False
func_K_0x10000548a,-524,False
func_K_0x1000054d1,416,True
func_K_0x100005a09,-362,False
func_K_0x100005ae6,611,False
func_K_0x100005ae8,-270,False
func_K_0x100005b06,-722,False
func_K_0x100005b20,282,True
func_K_0x100005b32,825,False
func_K_0x100005cb1,411,False
func_K_0x100005cb3,-159,False
func_K_0x100005cb5,107,False
func_K_0x100005cb7,815,True
func_K_0x100006015,957,True
func_K_0x1000060a0,970,True
func_K_0x1000066c6,346,False
func_K_0x1000066c8,479,True
func_K_0x1000066ca,-238,False
func_K_0x1000066cc,-474,True
func_K_0x1000066d0,898,True
func_K_0x1000066d4,-92,True
func_K_0x1000066d6,608,False
func_K_0x100006743,-422,False
func_K_0x100006dee,-409,False
func_K_0x100006df0,638,True
func_K_0x100006e7a,200,False
func_K_0x1000075f4,1034,False
func_K_0x100007801,-720,True
func_Ka_0x100002dfc,383,False
func_Ke_0x100001e46,-240,False
func_Ke_0x100001e48,1066,True
func_Ke_0x100001e4a,-159,True
func_Ke_0x100001e4e,1080,False
func_Ke_0x100003055,-198,False
func_Ke_0x10000305e,-482,True
func_Ke_0x100003068,-427,False
func_Ke_0x100003b3e,-279,True
func_Ke_0x1000049a2,751,False
func_Ke_0x100004f3d,407,False
func_Ke_0x100005e58,1204,False
func_Ke_0x100005e5a,389,True
func_Ke_0x100005e5c,-506,True
func_Ke_0x100005e60,154,True
func_Ke_0x100006344,1113,False
func_Ke_0x100006a73,1096,False
func_Ke_0x100006a9b,-172,True
func_Ke_0x100006c4a,657,True
func_Ke_0x100006ea7,-132,False
func_Ke_0x100006f16,-161,True
func_Ke_0x100007067,92,False
func_Ke_0x100007241,702,True
func_Ke_0x100007249,189,False
func_Ke_0x10000724b,7,False
func_Ke_0x10000724f,802,False
func_Ke_0x100007487,1013,True
func_Ke_0x10000748d,1080,True
func_Kn_0x1000028a0,916,False
func_Kr_0x1000026f5,-81,False
func_Kr_0x100002744,-334,True
func_Kr_0x10000280b,770,False
func_Kr_0x1000028b2,1041,False
func_Kr_0x1000028ea,358,False
func_Kr_0x1000029b4,-549,True
func_Kt_0x1000057e7,1017,False
func_Kt_0x1000058b2,-656,False
func_Kt_0x1000058b4,211,False
func_Kt_0x1000058d0,920,False
func_Kt_0x1000058da,26,False
func_Kt_0x1000058f2,992,False
func_Kt_0x1000058f9,475,False
func_Kt_0x1000058fe,490,False
func_Kt_0x100005902,-615,False
func_Kt_0x10000591c,-680,True
func_Kt_0x100005933,417,False
func_Kt_0x100005939,-724,False
func_Kt_0x100005947,358,False
func_Kt_0x10000594f,387,False
func_Kt_0x100005953,701,True
func_Kt_0x10000595b,102,True
func_L_0x100000209,859,False
func_L_0x100001bdb,-474,True
func_L_0x100001c30,807,True
func_L_0x100001c32,852,False
func_L_0x100001ca2,90,True
func_L_0x100001ccd,1129,False
func_L_0x10000257c,310,False
func_L_0x10000257e,-390,False
func_L_0x100003036,355,True
func_L_0x100003125,-304,True
func_L_0x100003127,-329,True
func_L_0x10000324b,482,False
func_L_0x100003456,-288,True
func_L_0x1000039f0,1128,True
func_L_0x1000039f9,204,False
func_L_0x100003d6f,340,False
func_L_0x100003d7d,806,True
func_L_0x100003e19,867,True
func_L_0x100003e1d,-434,True
func_L_0x100003fa9,857,True
func_L_0x100003fae,699,False
func_L_0x100003fb2,745,False
func_L_0x100003fba,1028,False
func_L_0x100003fbc,110,True
func_L_0x10000416b,-662,True
func_L_0x100004176,313,False
func_L_0x100004415,-209,True
func_L_0x100004419,-464,False
func_L_0x100004639,922,True
func_L_0x10000466d,-664,True
func_L_0x100004d6c,1019,False
func_L_0x100004d72,814,True
func_L_0x100004d8f,321,True
func_L_0x10000514a,575,False
func_L_0x10000514c,459,True
func_L_0x10000514e,84,True
func_L_0x100005150,-502,False
func_L_0x100005152,-721,False
func_L_0x100005666,-391,True
func_L_0x100005bc4,871,False
func_L_0x100005bc8,633,True
func_L_0x100005bca,-26,True
func_L_0x100005bcc,806,True
func_L_0x100005bdd,-637,True
func_L_0x100005d0e,-306,True
func_L_0x100005d16,99,False
func_L_0x100006c7f,1070,False
func_L_0x100006c82,725,True
func_L_0x100006ca5,1186,False
func_L_0x100006dd9,734,False
func_L_0x100006df9,109,True
func_L_0x100006e41,698,True
func_L_0x100006e7f,664,True
func_L_0x100006f55,454,True
func_La_0x100002de3,-25,True
func_La_0x100002de9,-268,False
func_La_0x100002deb,86,True
func_La_0x100002df3,-550,False
func_Le_0x100001d1b,719,True
func_Le_0x100001e45,24,True
func_Le_0x100001e69,949,True
func_Le_0x100001e8d,1144,False
func_Le_0x100001ec0,-500,True
func_Le_0x10000305a,712,False
func_Le_0x100003078,520,True
func_Le_0x100003862,530,True
func_Le_0x100003864,492,False
func_Le_0x100003868,-424,False
func_Le_0x100003b06,284,True
func_Le_0x100003b0a,-428,False
func_Le_0x100003b2b,357,False
func_Le_0x100003b4c,725,False
func_Le_0x100003b4f,-441,False
func_Le_0x100003ebd,951,True
func_Le_0x100003ed9,136,True
func_Le_0x100003eef,422,True
func_Le_0x100003efd,-252,True
func_Le_0x100003eff,-652,False
func_Le_0x100004f0f,808,False
func_Le_0x100004f11,-680,False
func_Le_0x100004f17,856,True
func_Le_0x100004f28,701,False
func_Le_0x100005e6f,690,True
func_Le_0x100006273,959,False
func_Le_0x100006275,961,False
func_Le_0x100006277,-302,True
func_Le_0x100006a93,1075,False
func_Le_0x100006a98,928,True
func_Le_0x100006aa6,-309,True
func_Le_0x100006aad,608,True
func_Le_0x100006aaf,513,False
func_Le_0x100006c22,1038,True
func_Le_0x100006c24,1181,True
func_Le_0x100006ea4,-267,False
func_Lr_0x1000061a5,507,True
func_Lr_0x1000061a7,921,True
func_Lr_0x1000061a9,567,True
func_Lr_0x1000061ad,1202,False
func_Lr_0x100006afa,-491,True
func_Lr_0x1000072ea,340,True
func_Lr_0x1000072f6,872,False
func_Lr_0x100007312,406,False
func_Lt_0x1000017fe,325,True
func_Lt_0x1000068c6,492,True
func_Lt_0x1000069bd,-127,False
func_Lt_0x10000731b,511,False
func_M0_0x1000028d7,1002,False
func_M0_0x1000028f0,556,True
func_M0_0x1000028f2,519,True
func_M0_0x1000028f6,161,True
func_M0_0x100002922,734,False
func_M0_0x100002997,-714,False
func_M_0x1000001de,828,True
func_M_0x1000001e2,243,True
func_M_0x10000156b,925,False
func_M_0x10000164a,821,False
func_M_0x100001774,960,False
func_M_0x10000177c,-603,True
func_M_0x10000190e,-145,False
func_M_0x100001cb2,823,False
func_M_0x100001d52,371,False
func_M_0x100001d58,702,False
func_M_0x1000024a9,-174,True
func_M_0x100003004,-717,False
func_M_0x100003006,-73,False
func_M_0x100003008,806,False
func_M_0x10000300e,753,True
func_M_0x100003010,348,False
func_M_0x100003014,349,False
func_M_0x100003016,156,True
func_M_0x10000301d,486,True
func_M_0x1000035d0,-70,False
func_M_0x1000035d6,-659,True
func_M_0x1000035f4,-459,True
func_M_0x1000035f6,956,False
func_M_0x1000035fd,737,True
func_M_0x1000035ff,664,True
func_M_0x100003607,937,False
func_M_0x10000362f,567,True
func_M_0x100003633,-587,True
func_M_0x100003635,-597,False
func_M_0x100003637,-111,True
func_M_0x1000036ab,481,False
func_M_0x100003779,946,False
func_M_0x10000380f,66,True
func_M_0x1000038cb,751,False
func_M_0x1000038cf,-212,True
func_M_0x1000038d1,-489,False
func_M_0x1000038d7,-352,True
func_M_0x1000038d9,1054,True
func_M_0x100004758,-610,False
func_M_0x10000475e,501,False
func_M_0x100004766,782,True
func_M_0x100004778,1109,False
func_M_0x100004a38,1007,True
func_M_0x100004a52,-686,False
func_M_0x100004a56,1040,False
func_M_0x100004cfc,648,True
func_M_0x100005064,-108,False
func_M_0x1000054cf,-508,False
func_M_0x1000054d3,1028,True
func_M_0x100005cad,951,False
func_M_0x100005caf,-591,False
func_M_0x100005cb9,-645,True
func_M_0x100005ef7,-407,False
func_M_0x100005fd1,279,False
func_M_0x100005fd5,192,True
func_M_0x100005fde,72,False
func_M_0x10000600c,996,True
func_M_0x100006094,1178,False
func_M_0x1000060a2,-547,True
func_M_0x1000060a4,479,False
func_M_0x1000060a6,256,True
func_M_0x1000060a8,721,True
func_M_0x1000060bc,1147,True
func_M_0x10000672e,323,True
func_M_0x100006741,-147,False
func_M_0x100006d63,-676,True
func_M_0x100006d88,995,True
func_M_0x100006dc2,1143,False
func_M_0x100006dc4,749,True
func_M_0x100006df2,266,True
func_M_0x100006df4,749,True
func_M_0x100006e85,-666,True
func_M_0x100006fbd,237,True
func_M_0x100006fc8,-683,True
func_M_0x100007041,128,True
func_M_0x1000076b9,1149,True
func_M_0x1000076bb,-361,False
func_M_0x100007855,-714,False
func_Ma_0x100003ccb,365,False
func_Me_0x100002086,-724,False
func_Me_0x10000208b,-171,False
func_Me_0x1000020a7,849,False
func_Me_0x1000020a9,1013,True
func_Me_0x1000020ab,681,False
func_Me_0x1000020af,214,True
func_Me_0x1000020b1,610,False
func_Me_0x1000020b5,947,False
func_Me_0x1000020bb,967,True
func_Me_0x1000020c2,1060,True
func_Me_0x1000020cf,1,False
func_Me_0x1000020db,774,False
func_Me_0x1000020e5,291,True
func_Me_0x1000020e7,-92,False
func_Me_0x1000020f5,-503,True
func_Me_0x1000020f7,-95,False
func_Me_0x1000020fd,757,False
func_Me_0x1000020ff,-754,False
func_Me_0x100002101,1037,False
func_Me_0x100002103,937,False
func_Me_0x100002105,267,False
func_Me_0x10000210f,275,True
func_Me_0x100002113,-718,False
func_Me_0x100002117,-247,True
func_Me_0x100002119,19,False
func_Me_0x10000211b,311,False
func_Me_0x10000211f,671,True
func_Me_0x100002127,-119,False
func_Me_0x100002137,1119,False
func_Me_0x100002139,1066,False
func_Me_0x10000213b,-763,False
func_Me_0x10000213f,370,False
func_Me_0x100002141,345,False
func_Me_0x100002149,1045,False
func_Me_0x10000214b,92,False
func_Me_0x10000214d,913,True
func_Me_0x10000214f,1116,True
func_Me_0x100002151,-515,False
func_Me_0x100002155,-736,False
func_Me_0x100002159,-462,False
func_Me_0x10000215d,378,True
func_Me_0x10000215f,1030,False
func_Me_0x100002161,340,False
func_Me_0x100002163,-709,False
func_Me_0x100002167,-492,False
func_Me_0x100002169,-762,False
func_Me_0x10000216f,221,False
func_Me_0x100002173,513,True
func_Me_0x100002175,553,True
func_Me_0x10000217b,-184,False
func_Me_0x100002181,944,True
func_Me_0x100002185,704,True
func_Me_0x10000218d,-657,True
func_Me_0x10000218f,-421,False
func_Me_0x100002193,1160,False
func_Me_0x100002197,913,False
func_Me_0x100002199,-567,True
func_Me_0x10000219b,192,True
func_Me_0x10000219d,-15,True
func_Me_0x10000219f,-207,False
func_Me_0x1000021a1,63,True
func_Me_0x1000021a5,458,False
func_Me_0x1000021a7,593,False
func_Me_0x1000021a9,-256,False
func_Me_0x1000021ad,639,False
func_Me_0x1000021af,-99,True
func_Me_0x1000021b1,1215,False
func_Me_0x1000021b5,1002,False
func_Me_0x1000021bb,-528,False
func_Me_0x1000021bd,867,True
func_Me_0x1000021bf,-290,False
func_Me_0x1000021c5,-311,False
func_Me_0x1000021c7,-363,True
func_Me_0x1000021cb,-519,True
func_Me_0x1000021cf,225,False
func_Me_0x1000021d1,308,True
func_Me_0x1000021d3,-523,False
func_Me_0x1000021d5,-541,True
func_Me_0x1000021d7,32,True
func_Me_0x1000021db,657,True
func_Me_0x1000021dd,402,True
func_Me_0x1000021df,444,True
func_Me_0x1000021e5,-738,False
func_Me_0x1000021e7,431,False
func_Me_0x1000021e9,839,False
func_Me_0x1000021eb,-554,False
func_Me_0x1000021ef,232,False
func_Me_0x1000021f3,1118,True
func_Me_0x1000021f5,995,True
func_Me_0x1000021fd,1026,False
func_Me_0x100002205,176,True
func_Me_0x10000220d,-79,False
func_Me_0x10000220f,748,False
func_Me_0x100002211,199,True
func_Me_0x100002213,-491,True
func_Me_0x10000221f,1121,True
func_Me_0x100002223,164,False
func_Me_0x100002229,-712,False
func_Me_0x10000222f,-396,True
func_Me_0x100002231,1212,True
func_Me_0x10000223f,796,True
func_Me_0x100002243,539,False
func_Me_0x10000224b,49,False
func_Me_0x10000224d,494,True
func_Me_0x100002253,990,False
func_Me_0x10000225f,-143,True
func_Me_0x100002269,302,False
func_Me_0x100002271,-420,True
func_Me_0x100002273,-331,True
func_Me_0x100002275,782,False
func_Me_0x100002277,-766,False
func_Me_0x10000227b,756,True
func_Me_0x100002281,-314,False
func_Me_0x100002283,89,False
func_Me_0x100002285,38,False
func_Me_0x100002287,433,False
func_Me_0x10000228d,482,True
func_Me_0x10000228f,-481,True
func_Me_0x100002291,665,False
func_Me_0x100002293,-457,True
func_Me_0x100002295,-237,True
func_Me_0x100002299,-577,False
func_Me_0x10000229f,1111,True
func_Me_0x1000022a1,-96,False
func_Me_0x1000022b1,990,False
func_Me_0x1000022b5,-1,False
func_Me_0x1000022b7,119,True
func_Me_0x1000022bd,-474,False
func_Me_0x1000022c1,615,False
func_Me_0x1000022c3,414,True
func_Me_0x1000022c5,-772,False
func_Me_0x1000022c7,215,False
func_Me_0x1000022cd,511,False
func_Me_0x1000022cf,-410,True
func_Me_0x1000022d1,560,True
func_Me_0x1000022d9,-570,True
func_Me_0x1000022db,-109,False
func_Me_0x1000022dd,-243,False
func_Me_0x1000022e3,318,False
func_Me_0x1000022e5,-722,False
func_Me_0x1000022e7,1023,True
func_Me_0x1000022e9,-34,False
func_Me_0x1000022eb,-43,False
func_Me_0x1000022ef,-507,False
func_Me_0x1000022f1,-485,False
func_Me_0x1000022f3,-566,False
func_Me_0x1000022f5,208,True
func_Me_0x1000022f7,110,False
func_Me_0x1000022f9,843,True
func_Me_0x1000022fd,460,False
func_Me_0x100002303,-386,True
func_Me_0x100002305,370,True
func_Me_0x100002309,1102,True
func_Me_0x10000230f,-139,True
func_Me_0x100002313,327,True
func_Me_0x100002315,-97,True
func_Me_0x100002319,-86,False
func_Me_0x10000231d,461,False
func_Me_0x10000231f,726,False
func_Me_0x100002321,655,True
func_Me_0x100002327,907,False
func_Me_0x10000232b,757,True
func_Me_0x10000232d,-714,True
func_Me_0x10000232f,494,False
func_Me_0x100002331,-361,True
func_Me_0x100002333,1116,False
func_Me_0x100002339,314,True
func_Me_0x10000235f,-204,True
func_Me_0x100002465,55,True
func_Me_0x100002467,372,True
func_Mr_0x100002d41,-638,False
func_Mr_0x100002d43,-466,False
func_Mr_0x100002d47,715,True
func_Mr_0x100002d49,783,False
func_Mr_0x100002d4d,646,True
func_Mr_0x100002d4f,-165,True
func_Mr_0x100005897,436,True
func_N0_0x1000020c5,290,False
func_N0_0x1000020d2,692,True
func_N_0x100001563,301,False
func_N_0x100001567,642,False
func_N_0x100001569,336,True
func_N_0x100001579,-109,False
func_N_0x100001720,-162,True
func_N_0x100001726,248,False
func_N_0x100001728,1185,False
func_N_0x100001730,40,False
func_N_0x1000018cf,-94,False
func_N_0x1000018d1,-293,False
func_N_0x1000018fa,-406,False
func_N_0x100001904,-3,True
func_N_0x100001cfb,923,True
func_N_0x100001cff,-655,True
func_N_0x100001d01,942,True
func_N_0x1000024c7,681,True
func_N_0x100002ef9,494,False
func_N_0x100003298,727,True
func_N_0x1000032a0,821,False
func_N_0x100004674,-44,True
func_N_0x100004676,-516,True
func_N_0x10000467c,-705,False
func_N_0x100004d7b,-627,False
func_N_0x100005147,917,True
func_N_0x10000516e,547,False
func_N_0x100005667,-5,False
func_N_0x100005696,305,True
func_N_0x100005a21,812,False
func_N_0x100005bd6,336,False
func_N_0x100005bd8,-100,True
func_N_0x100005d1b,248,True
func_N_0x100005d1d,925,True
func_N_0x100005efd,-533,False
func_N_0x100005f77,-563,False
func_N_0x100006677,1156,True
func_N_0x100006679,-721,False
func_N_0x10000671e,-281,True
func_N_0x100006d72,977,True
func_N_0x100006d79,1020,True
func_N_0x100006dc9,1182,False
func_N_0x100006dce,-596,False
func_N_0x100006f48,675,False
func_N_0x1000074a1,731,True
func_N_0x1000074d3,-398,True
func_N_0x1000074d7,860,False
func_N_0x1000074e3,193,True
func_N_0x1000074e7,1124,False
func_N_0x1000074eb,595,False
func_N_0x1000074f3,501,False
func_N_0x1000074f7,561,True
func_N_0x1000075f6,338,True
func_N_0x1000075f9,4,True
func_N_0x10000762f,356,True
func_N_0x1000076b6,399,True
func_N_0x10000772c,-138,False
func_Nc_0x100002461,-540,True
func_Ne_0x100001a6f,437,False
func_Ne_0x100001a73,81,False
func_Ne_0x100001a7d,711,False
func_Ne_0x100002b48,798,False
func_Ne_0x10000331d,-467,False
func_Ne_0x100003a71,-69,False
func_Ne_0x100004090,-100,True
func_Ne_0x100004098,-247,False
func_Ne_0x10000409a,663,False
func_Ne_0x1000040a0,-601,True
func_Ne_0x1000040a2,213,False
func_Ne_0x10000528d,792,True
func_Ne_0x10000529e,1189,True
func_Ne_0x1000052d9,856,False
func_Ne_0x10000638c,1177,True
func_Ne_0x1000064a2,-511,False
func_Ne_0x100006c39,-106,False
func_Ne_0x1000072b6,111,True
func_Nn_0x10000560b,591,False
func_Nr_0x1000006db,630,True
func_Nr_0x100002b66,-481,False
func_Nr_0x100002b6c,1070,True
func_Nr_0x100002b6e,385,True
func_Nr_0x100002b84,1037,False
func_Nt_0x100001a96,-461,False
func_Nt_0x10000387a,-719,True
func_Nt_0x100003891,804,True
func_Nt_0x1000040a9,-284,False
func_Nt_0x1000040ab,-32,True
func_Nt_0x100004aed,638,True
func_Nt_0x100004af7,798,False
func_Nt_0x100005336,-347,True
func_Nt_0x100006369,107,False
func_Nt_0x100006387,60,False
func_Nt_0x100006389,-622,False
func_Nt_0x1000064f2,184,False
func_Nt_0x100007956,1107,True
func_O0_0x100002d96,-304,True
func_O0_0x100002d9e,-566,False
func_O0_0x100002da8,-23,False
func_O0_0x100002daa,3,True
func_O0_0x100002dac,416,False
func_O0_0x100002db0,448,True
func_O0_0x100002db4,681,True
func_O0_0x100002dba,171,False
func_O0_0x100002dbc,-172,False
func_O0_0x100002dc4,1084,True
func_O0_0x100002dc8,-431,True
func_O0_0x100002dd4,41,True
func_O0_0x100002dd6,939,True
func_O0_0x100002dd8,672,True
func_O0_0x100002dda,-54,False
func_O0_0x1000055f8,-223,True
func_O_0x10000011b,691,True
func_O_0x1000003b6,-344,True
func_O_0x1000017c6,-509,False
func_O_0x100001983,-579,True
func_O_0x10000198a,341,False
func_O_0x10000198f,-260,False
func_O_0x100001b2a,-302,False
func_O_0x100001d47,1081,True
func_O_0x100001d95,438,False
func_O_0x10000253f,937,True
func_O_0x1000030f5,-281,False
func_O_0x10000312f,828,True
func_O_0x10000315a,469,True
func_O_0x1000031c3,-519,False
func_O_0x10000323a,959,True
func_O_0x1000032c2,-481,True
func_O_0x1000032c7,289,False
func_O_0x1000035a2,1030,True
func_O_0x1000039c6,-249,False
func_O_0x10000411a,841,False
func_O_0x10000411c,-546,True
func_O_0x1000042d2,444,False
func_O_0x1000042d6,620,False
func_O_0x1000042d8,1134,True
func_O_0x1000042da,-453,True
func_O_0x1000042ea,1150,False
func_O_0x100004304,966,True
func_O_0x100004548,125,True
func_O_0x10000459e,409,False
func_O_0x1000045e6,360,False
func_O_0x1000047c8,608,False
func_O_0x1000047cc,518,True
func_O_0x1000047d0,986,False
func_O_0x1000047d2,141,False
func_O_0x100004884,924,False
func_O_0x1000048c4,1219,False
func_O_0x1000048c8,-653,False
func_O_0x1000048ca,-63,False
func_O_0x100004905,237,False
func_O_0x100004966,770,False
func_O_0x100004976,1215,False
func_O_0x100004b54,-229,True
func_O_0x100004b56,-749,True
func_O_0x100004c5d,-676,False
func_O_0x100004c7c,-140,False
func_O_0x100005b84,1146,False
func_O_0x100005c89,203,True
func_O_0x100005c94,926,True
func_O_0x100005c96,-750,False
func_O_0x100005eb0,450,False
func_O_0x100005eb2,270,True
func_O_0x100005eb4,258,True
func_O_0x100005eba,-520,False
func_O_0x100005ebc,1148,False
func_O_0x100005ec4,-130,False
func_O_0x10000601d,82,True
func_O_0x10000608d,977,True
func_O_0x100006245,401,False
func_O_0x10000631c,-514,True
func_O_0x10000641e,-9,False
func_O_0x10000642c,-59,False
func_O_0x10000658b,-615,False
func_O_0x100006591,-192,False
func_O_0x1000066ea,-427,False
func_O_0x100006777,1061,True
func_O_0x100006f5d,-318,True
func_O_0x100006f9e,-769,True
func_O_0x1000070d1,638,False
func_O_0x1000070de,-158,True
func_O_0x10000714d,-325,True
func_O_0x10000714f,829,True
func_O_0x100007464,-344,True
func_O_0x1000075b2,1067,True
func_O_0x100007695,1024,True
func_O_0x1000077e1,55,False
func_Oa_0x100002458,143,True
func_Oe_0x100000647,611,False
func_Oe_0x100000649,76,False
func_Oe_0x1000006ff,1164,True
func_Oe_0x100000701,-699,False
func_Oe_0x100000720,314,True
func_Oe_0x100001a9e,872,False
func_Oe_0x100004072,939,False
func_Oe_0x100004078,-466,True
func_Oe_0x10000407c,569,True
func_Oe_0x10000407e,1031,True
func_Oe_0x100004086,439,False
func_Oe_0x1000052f8,864,True
func_Oe_0x100005351,41,False
func_Oe_0x100005356,920,True
func_Oe_0x1000063a4,-195,False
func_On_0x100003c4e,704,True
func_On_0x100003c54,-270,True
func_On_0x10000734a,34,False
func_Or_0x100001a83,-120,True
func_Or_0x100001a9d,963,True
func_Or_0x100001db2,122,True
func_Or_0x100001db8,-205,False
func_Or_0x100001dbe,44,False
func_Or_0x100001dc2,-701,False
func_Or_0x100003a74,-532,True
func_Or_0x100003a78,109,False
func_Or_0x100003a7a,1099,True
func_Or_0x100003a7c,1051,False
func_Or_0x100003a82,-163,False
func_Or_0x100003a84,-432,True
func_Or_0x100003a86,333,False
func_Or_0x100003a8a,-175,False
func_Or_0x100003a8c,869,False
func_Or_0x100003a8e,1054,False
func_Or_0x100003a94,-273,False
func_Or_0x100003a9a,-525,True
func_Or_0x100003a9c,592,True
func_Or_0x100003a9e,634,True
func_Or_0x100003aa2,129,False
func_Or_0x100003aa6,-136,True
func_Or_0x100003aaa,986,False
func_Or_0x100003aae,-286,False
func_Or_0x100003aba,-378,False
func_Or_0x100003ac0,1124,False
func_Or_0x100004071,789,True
func_Or_0x1000040c9,320,True
func_Or_0x1000040cb,1079,False
func_Or_0x10000528e,-16,True
func_Or_0x100005290,-475,True
func_Or_0x10000529a,265,False
func_Ot_0x100002773,-708,False
func_Ot_0x100002775,435,False
func_Ot_0x100002777,60,True
func_Ot_0x100002786,900,False
func_Ot_0x10000278f,756,False
func_Ot_0x100002867,236,False
func_Ot_0x1000028dd,-725,False
func_Ot_0x10000298a,514,True
func_Ot_0x10000298c,514,True
func_Ot_0x1000029a3,360,False
func_Ot_0x1000029a9,156,False
func_Ot_0x1000029af,-457,True
func_Ot_0x1000029d8,1029,False
func_P0_0x100006b03,-31,True
func_P0_0x100006b07,175,False
func_P0_0x100006b0b,1091,True
func_P0_0x100006b15,431,False
func_P0_0x100006b1c,901,True
func_P_0x100001c54,1087,True
func_P_0x100002487,110,False
func_P_0x100002b08,-657,False
func_P_0x1000030bb,-158,True
func_P_0x1000030c1,-247,True
func_P_0x100003118,577,False
func_P_0x10000312a,870,True
func_P_0x100003140,31,True
func_P_0x100003185,339,True
func_P_0x100003227,371,False
func_P_0x100003229,833,True
func_P_0x100003235,-402,True
func_P_0x10000356b,-497,False
func_P_0x1000039cf,451,False
func_P_0x1000039dd,-156,True
func_P_0x100003d23,930,True
func_P_0x100003dfd,-584,True
func_P_0x100003f19,-414,True
func_P_0x100003f1d,292,False
func_P_0x100003f2c,-113,False
func_P_0x100003f30,684,True
func_P_0x100003f34,1036,True
func_P_0x100003f40,-442,True
func_P_0x100003f43,1041,True
func_P_0x100003f46,-338,False
func_P_0x100004133,57,False
func_P_0x10000413b,-408,True
func_P_0x1000047a4,-230,True
func_P_0x100004a9a,794,False
func_P_0x100004a9d,981,False
func_P_0x100004aa1,-48,True
func_P_0x100004b11,614,False
func_P_0x100004c98,532,True
func_P_0x100004d54,-407,False
func_P_0x100004e15,234,False
func_P_0x100004e17,-315,True
func_P_0x10000522e,659,True
func_P_0x10000538c,-475,True
func_P_0x100005b88,591,True
func_P_0x100005bc3,641,True
func_P_0x100005c65,24,False
func_P_0x100005cdb,-732,False
func_P_0x100005cf2,57,True
func_P_0x1000062ab,132,True
func_P_0x1000069c9,399,False
func_P_0x1000069d7,224,False
func_P_0x1000069df,496,False
func_P_0x100006f51,351,False
func_P_0x100006f53,308,True
func_Pe_0x100001da9,612,True
func_Pe_0x100001eaa,673,False
func_Pe_0x10000394f,909,True
func_Pe_0x10000395a,-494,False
func_Pe_0x100003961,1111,False
func_Pe_0x100003970,404,False
func_Pe_0x100003988,62,False
func_Pe_0x100003b08,-467,False
func_Pe_0x1000049bb,762,False
func_Pe_0x100004f0d,-150,False
func_Pe_0x100005e5e,-106,True
func_Pe_0x100005e67,-127,False
func_Pe_0x100006005,440,True
func_Pe_0x100006a8c,748,True
func_Pe_0x100006a8e,407,False
func_Pe_0x100006a90,-286,False
func_Pe_0x100006a9d,679,False
func_Pe_0x100006a9f,792,False
func_Pe_0x100006aa1,-210,True
func_Pe_0x100006aa3,324,True
func_Pe_0x100006c42,-625,True
func_Pe_0x100007061,-724,True
func_Pe_0x1000071ed,50,False
func_Pe_0x1000071ef,-684,False
func_Pe_0x1000071f3,934,False
func_Pe_0x100007203,-627,False
func_Pe_0x10000723b,-530,True
func_Pe_0x100007243,1216,True
func_Pe_0x100007245,-8,True
func_Pe_0x100007247,969,True
func_Pe_0x10000724d,40,True
func_Pe_0x100007251,-304,False
func_Pe_0x100007253,771,False
func_Pn_0x10000736c,604,True
func_Pr_0x100006221,1135,False
func_Pr_0x100006bf2,-141,False
func_Pt_0x100001a69,-206,False
func_Pt_0x1000040d9,-138,False
func_Pt_0x1000040e4,713,False
func_Pt_0x100005282,-478,False
func_Pt_0x100005297,1006,True
func_Pt_0x10000529d,-610,True
func_Pt_0x100005343,1000,True
func_Pt_0x100005346,1110,False
func_Pt_0x10000534e,-514,True
func_Pt_0x10000535b,679,True
func_Pt_0x100005362,246,True
func_Pt_0x100005364,83,True
func_Pt_0x100005366,-622,True
func_Pt_0x100006395,-408,True
func_Pt_0x100006397,1223,True
func_Pt_0x100006399,873,True
func_Pt_0x10000639b,-246,False
func_Pt_0x1000064a4,577,False
func_Pt_0x1000064a6,1171,False
func_Pt_0x1000064a8,-74,True
func_Pt_0x1000064aa,-162,True
func_Pt_0x1000064ac,1121,True
func_Pt_0x1000064b4,-721,False
func_Pt_0x1000064b8,-209,False
func_Pt_0x1000064bc,-613,True
func_Pt_0x1000064c0,-581,False
func_Pt_0x1000064c4,-344,True
func_Pt_0x1000064c6,299,True
func_Pt_0x1000064c8,-134,False
func_Pt_0x1000064ca,211,False
func_Pt_0x1000064ce,1207,False
func_Pt_0x1000064d0,570,False
func_Pt_0x1000064d6,277,False
func_Pt_0x1000064e6,1130,True
func_Pt_0x1000064ea,961,False
func_Pt_0x100006cc5,69,False
func_Pt_0x100006cc7,1155,False
func_Pt_0x100006cc9,771,True
func_Pt_0x100007274,-423,True
func_Pt_0x100007276,494,True
func_Pt_0x10000790c,300,False
func_Q0_0x1000026da,815,True
func_Q0_0x1000026e6,301,True
func_Q0_0x1000028ed,-394,True
func_Q0_0x10000293d,1116,True
func_Q0_0x1000029cc,894,False
func_Q0_0x1000029ce,-44,True
func_Q_0x10000155a,1177,False
func_Q_0x100001b89,1148,True
func_Q_0x100001ba7,748,False
func_Q_0x100001bb5,-49,True
func_Q_0x100001be2,604,True
func_Q_0x100001c07,-381,False
func_Q_0x100001c09,-659,False
func_Q_0x100001c3c,139,True
func_Q_0x100001c3e,-66,False
func_Q_0x100001ca7,746,False
func_Q_0x100001d3f,260,False
func_Q_0x100001e03,-204,False
func_Q_0x1000024a2,650,True
func_Q_0x1000024a4,668,False
func_Q_0x1000024ca,180,True
func_Q_0x1000024d8,1152,True
func_Q_0x100002592,-143,False
func_Q_0x100002b30,182,True
func_Q_0x100002cc3,-308,False
func_Q_0x100002cc7,-24,True
func_Q_0x100002cd1,978,False
func_Q_0x100002cd9,-435,True
func_Q_0x100002cdd,-620,False
func_Q_0x100002ce1,911,False
func_Q_0x100002ced,-86,False
func_Q_0x100003711,381,True
func_Q_0x100004163,-392,True
func_Q_0x100004170,561,False
func_Q_0x100004381,333,True
func_Q_0x1000045c4,-235,False
func_Q_0x100004673,394,False
func_Q_0x100004d74,789,True
func_Q_0x100004e12,882,False
func_Q_0x100005142,966,True
func_Q_0x100005174,-606,False
func_Q_0x1000051ae,-358,False
func_Q_0x100005235,368,False
func_Q_0x100005239,-531,False
func_Q_0x1000054be,-334,True
func_Q_0x1000054c2,382,True
func_Q_0x100005695,-697,True
func_Q_0x1000056cc,70,True
func_Q_0x1000056d0,717,True
func_Q_0x100005b91,1029,False
func_Q_0x100005b94,715,True
func_Q_0x1000062d9,-139,True
func_Q_0x10000666b,-603,True
func_Q_0x100006673,1143,False
func_Q_0x10000674b,1165,False
func_Q_0x100006e04,-71,True
func_Q_0x100006e06,-146,True
func_Q_0x100006e2c,1094,False
func_Q_0x100006e2e,-18,True
func_Q_0x100006e88,-385,False
func_Q_0x100006f4f,-142,False
func_Q_0x100006f8b,1049,True
func_Q_0x100006f91,-302,True
func_Q_0x100006f9f,-227,False
func_Q_0x100006fb8,-218,True
func_Q_0x100006fd2,1138,True
func_Q_0x10000710c,-289,False
func_Q_0x100007115,-446,False
func_Q_0x100007120,485,False
func_Q_0x1000074c2,-268,False
func_Q_0x1000075e3,-246,False
func_Qe_0x1000015de,845,False
func_Qe_0x100002ffe,264,True
func_Qe_0x1000036ac,892,False
func_Qe_0x100004213,803,False
func_Qe_0x1000049cc,979,False
func_Qe_0x10000527a,51,True
func_Qe_0x100005e4d,417,False
func_Qe_0x100005e4f,-64,True
func_Qe_0x100005e51,699,False
func_Qe_0x100005e53,236,False
func_Qe_0x100005fea,-5,True
func_Qe_0x100006ecc,1140,True
func_Qe_0x100006efb,306,True
func_Qe_0x100006f02,998,True
func_Qe_0x100007466,-377,True
func_Qe_0x100007468,433,False
func_Qe_0x10000746a,-239,True
func_Qe_0x10000746c,-520,False
func_Qe_0x100007472,-58,False
func_Qe_0x100007474,-89,False
func_Qe_0x100007476,625,False
func_Qe_0x100007478,618,False
func_Qe_0x1000076a1,667,True
func_Qe_0x1000076a5,-596,False
func_Qe_0x1000076a9,637,False
func_Qe_0x1000076af,1091,True
func_Qe_0x10000778e,638,True
func_Qe_0x100007790,-516,True
func_Qe_0x100007794,-247,True
func_Qe_0x100007796,-162,True
func_Qe_0x100007798,157,True
func_Qe_0x10000779a,671,True
func_Qe_0x1000077a0,1051,True
func_Qe_0x1000077a6,-49,True
func_Qe_0x1000077a8,1072,True
func_Qe_0x1000077b1,-305,False
func_Qe_0x1000077b3,1155,False
func_Qt_0x1000004c1,240,True
func_Qt_0x100003880,-601,True
func_Qt_0x100003882,1180,False
func_Qt_0x100003884,996,True
func_Qt_0x100003aa8,-655,False
func_Qt_0x100003aac,-475,True
func_Qt_0x100003abe,474,True
func_Qt_0x100005292,-266,True
func_Qt_0x1000052f1,1027,True
func_Qt_0x1000052f3,1078,False
func_Qt_0x1000052f7,169,False
func_Qt_0x100005350,-324,False
func_Qt_0x1000063a6,-143,True
func_R0_0x100003caf,-465,False
func_R0_0x1000058a3,-39,True
func_R_0x1000001ad,728,False
func_R_0x1000019a3,973,True
func_R_0x1000019a5,176,False
func_R_0x1000019b5,1120,False
func_R_0x100001bbe,419,True
func_R_0x100001bd2,175,True
func_R_0x100001c1b,912,False
func_R_0x100001d29,1029,True
func_R_0x100002559,361,True
func_R_0x100002f64,820,True
func_R_0x1000030c3,1189,False
func_R_0x1000030c5,1068,True
func_R_0x10000311a,365,False
func_R_0x10000311c,-410,True
func_R_0x10000311e,524,False
func_R_0x100003120,143,False
func_R_0x100003122,1178,False
func_R_0x100003144,-636,False
func_R_0x10000322b,-681,True
func_R_0x10000322f,429,True
func_R_0x1000035ac,567,False
func_R_0x1000039b7,746,False
func_R_0x100003a24,-655,True
func_R_0x100003f15,999,False
func_R_0x100003f17,877,True
func_R_0x100003f1b,1176,False
func_R_0x100003f61,-712,True
func_R_0x100003f64,-261,True
func_R_0x100003f6a,-677,False
func_R_0x100004131,120,False
func_R_0x100004137,-615,False
func_R_0x100004139,1096,True
func_R_0x1000046de,1171,False
func_R_0x1000046fc,-460,False
func_R_0x100004c96,-524,False
func_R_0x100004d55,1028,True
func_R_0x100004d57,1049,False
func_R_0x100004e19,-700,True
func_R_0x100004e1b,-143,True
func_R_0x100004e1d,714,False
func_R_0x1000051d6,776,True
func_R_0x1000051da,-604,False
func_R_0x100005230,63,False
func_R_0x100005233,924,False
func_R_0x100005253,917,True
func_R_0x100005383,1149,False
func_R_0x1000056c9,405,False
func_R_0x10000570d,-129,False
func_R_0x100005728,-452,False
func_R_0x100005cdd,-116,False
func_R_0x100005cdf,912,True
func_R_0x100005e2b,330,False
func_R_0x100005e7f,450,False
func_R_0x100005e81,227,False
func_R_0x100005e9f,43,False
func_R_0x100005ea3,-136,True
func_R_0x100005ea5,-754,True
func_R_0x100005ea7,1131,False
func_R_0x10000601e,644,False
func_R_0x100006022,935,False
func_R_0x10000603e,236,False
func_R_0x1000067bf,-747,True
func_R_0x1000069d1,-428,True
func_R_0x1000069d3,291,False
func_R_0x1000069d5,-633,False
func_R_0x100006e4f,795,True
func_R_0x100006f32,-589,True
func_R_0x100006f4d,-603,True
func_R_0x100006f8f,-54,True
func_R_0x100006f95,-430,True
func_R_0x100006f97,-305,False
func_R_0x100006ff2,447,False
func_R_0x100006ff5,770,True
func_R_0x100006ffb,-118,True
func_Re_0x100001d1e,332,True
func_Re_0x100001d20,140,False
func_Re_0x100001e83,-628,True
func_Re_0x100001e9f,587,True
func_Re_0x100001eae,1167,True
func_Re_0x10000305d,-285,False
func_Re_0x100003063,-595,True
func_Re_0x100003079,54,True
func_Re_0x100003787,652,False
func_Re_0x1000038be,587,False
func_Re_0x100003921,975,False
func_Re_0x100003b0d,1042,False
func_Re_0x100003b15,812,True
func_Re_0x100003b1d,1119,False
func_Re_0x100003b1f,871,True
func_Re_0x100003b25,-735,False
func_Re_0x100003b29,-435,True
func_Re_0x100003b2d,1000,True
func_Re_0x100003b2f,481,True
func_Re_0x100003b31,878,False
func_Re_0x100003b38,-650,True
func_Re_0x100003b3a,828,False
func_Re_0x100003eac,38,False
func_Re_0x100003eb0,1060,False
func_Re_0x100003ed3,949,True
func_Re_0x100003edd,-180,False
func_Re_0x100003edf,53,False
func_Re_0x100003eed,737,False
func_Re_0x100003ef4,583,False
func_Re_0x100003ef7,-222,True
func_Re_0x100003efb,42,False
func_Re_0x100004f19,53,False
func_Re_0x100004f1b,480,False
func_Re_0x100005e78,757,True
func_Re_0x100006289,318,False
func_Re_0x100006a83,771,False
func_Re_0x100006a87,-748,False
func_Re_0x100006a9a,1119,False
func_Re_0x100007200,-689,False
func_Rr_0x1000006e3,946,False
func_Rr_0x1000006e7,601,False
func_Rr_0x1000006e9,-636,False
func_Rr_0x1000006ef,-31,False
func_Rr_0x1000006f8,-327,True
func_Rr_0x1000006fa,137,False
func_Rr_0x100000705,897,True
func_Rr_0x100000707,-668,False
func_Rr_0x100000714,-600,True
func_Rr_0x10000071c,69,True
func_Rr_0x100001a84,-226,True
func_Rr_0x100001a8a,-685,True
func_Rr_0x100003885,722,True
func_Rr_0x1000052a3,-558,False
func_Rr_0x1000052a5,39,True
func_Rt_0x1000057e5,-512,True
func_Rt_0x1000058af,-132,True
func_Rt_0x1000058b8,-366,True
func_Rt_0x1000058ba,229,True
func_Rt_0x1000058c0,983,False
func_Rt_0x1000058ca,-33,True
func_Rt_0x1000058d6,423,False
func_Rt_0x1000058ec,1145,True
func_Rt_0x1000058f4,271,True
func_Rt_0x1000058f7,816,False
func_Rt_0x10000591a,1206,False
func_Rt_0x100005920,-625,False
func_Rt_0x100005922,718,True
func_Rt_0x100005926,1170,False
func_Rt_0x10000592c,666,False
func_Rt_0x10000592e,729,False
func_Rt_0x100005941,-127,False
func_Rt_0x100005949,-269,True
func_Rt_0x10000594d,-666,False
func_Rt_0x100007381,-376,False
func_S_0x1000001cc,316,True
func_S_0x10000041a,528,False
func_S_0x10000041e,-245,True
func_S_0x100000422,-268,False
func_S_0x100000841,-301,True
func_S_0x10000152f,718,True
func_S_0x100001613,1002,True
func_S_0x100001791,573,False
func_S_0x1000019bf,951,False
func_S_0x100001ba5,-660,True
func_S_0x100001bc9,646,True
func_S_0x100001c37,-674,False
func_S_0x1000025c7,348,True
func_S_0x100002aeb,-481,False
func_S_0x1000030bf,-296,False
func_S_0x1000030fc,292,True
func_S_0x100003450,-729,False
func_S_0x10000356e,1147,False
func_S_0x1000035a7,948,False
func_S_0x1000035ab,501,True
func_S_0x1000039cd,-681,True
func_S_0x100003d8f,-640,False
func_S_0x100003e30,144,True
func_S_0x100003e32,925,False
func_S_0x100003e45,244,False
func_S_0x100003f0b,819,True
func_S_0x100003f38,-636,True
func_S_0x100003f5f,-250,True
func_S_0x100003f70,874,True
func_S_0x1000046d8,757,False
func_S_0x100004739,-92,False
func_S_0x10000473b,886,False
func_S_0x1000047b4,1082,True
func_S_0x100004a7d,182,True
func_S_0x100004a7f,-98,False
func_S_0x100004a81,-683,True
func_S_0x100004a85,585,True
func_S_0x100004de8,-313,False
func_S_0x100004ff9,168,True
func_S_0x1000051d1,736,False
func_S_0x1000051e6,3,True
func_S_0x1000051e8,996,True
func_S_0x1000051ea,-407,False
func_S_0x100005372,813,True
func_S_0x100005374,749,False
func_S_0x100005376,-680,True
func_S_0x100005378,-140,True
func_S_0x100005394,-251,False
func_S_0x100005b9a,-379,True
func_S_0x100005dc9,138,False
func_S_0x100006024,961,True
func_S_0x1000062ad,-702,False
func_S_0x10000679f,626,True
func_S_0x1000067a1,-740,True
func_S_0x1000067a3,532,False
func_S_0x1000067a5,85,True
func_S_0x1000067a7,981,False
func_S_0x1000067a9,-730,True
func_S_0x1000067ab,295,True
func_S_0x1000069e4,-437,True
func_S_0x100006f38,441,True
func_S_0x100006fda,83,True
func_S_0x100006ffa,-113,False
func_S_0x100007013,1059,False
func_S_0x100007585,673,True
func_S_0x100007588,667,True
func_S_0x10000758e,-154,True
func_S_0x100007746,-271,False
func_Se_0x100001ddc,336,False
func_Se_0x100001de0,902,False
func_Se_0x100001de8,-597,True
func_Se_0x100001dea,819,True
func_Se_0x100001df0,-211,True
func_Se_0x100001df6,-263,False
func_Se_0x100001df8,971,True
func_Se_0x100001dfc,-18,False
func_Se_0x100001e5a,943,True
func_Se_0x100001e5c,704,True
func_Se_0x100001e5e,-521,True
func_Se_0x100001e60,714,True
func_Se_0x100001e62,768,True
func_Se_0x100001e97,15,False
func_Se_0x100001eb6,903,False
func_Se_0x10000378e,470,False
func_Se_0x100003ec4,1075,True
func_Se_0x100003ec6,-531,False
func_Se_0x100005088,-118,False
func_Se_0x100006280,-222,False
func_Se_0x100006382,-158,False
func_Se_0x1000063bf,767,False
func_Se_0x1000063df,-271,False
func_Se_0x1000063e5,548,True
func_Se_0x1000063ef,-742,False
func_Se_0x1000063f1,-721,True
func_Se_0x1000063fb,858,False
func_Se_0x1000063ff,-5,True
func_Se_0x100006405,681,True
func_Se_0x100006bfb,-169,True
func_Se_0x100006c45,-578,False
func_Se_0x100006c4c,-610,True
func_Se_0x100006cbe,583,True
func_Se_0x100006cd1,257,False
func_Se_0x1000071f9,-701,False
func_Se_0x100007912,963,True
func_Se_0x10000791a,964,True
func_Se_0x10000791c,90,False
func_Se_0x10000791e,1077,False
func_Se_0x100007920,909,False
func_Se_0x100007928,-11,True
func_Se_0x10000792a,-291,True
func_Se_0x10000792c,375,True
func_Se_0x100007934,-747,True
func_Sn_0x100003cd8,-63,False
func_Sr_0x1000061ab,-678,False
func_Sr_0x1000061af,986,True
func_Sr_0x100006933,-195,True
func_Sr_0x100006b35,783,True
func_Sr_0x1000072e8,-642,False
func_Sr_0x1000072f0,744,False
func_St_0x100002b36,-531,True
func_St_0x100002b3a,-678,False
func_St_0x100002b3c,154,True
func_St_0x100002b49,622,True
func_St_0x100002b4d,-366,False
func_St_0x100002b4f,665,True
func_St_0x100002b51,637,True
func_St_0x100002b5c,-695,False
func_St_0x100002b60,-181,True
func_St_0x100002b74,1043,False
func_St_0x100002b76,-340,False
func_St_0x100002b7c,34,True
func_St_0x100002b86,425,False
func_St_0x100002c86,1047,False
func_St_0x100002c88,-317,False
func_St_0x100002c98,441,True
func_St_0x100002ca2,-271,False
func_St_0x1000061e8,189,False
func_St_0x1000061fc,-98,True
func_St_0x1000061fe,47,True
func_St_0x1000072fe,4,True
func_T0_0x100002764,188,True
func_T0_0x1000028d0,-184,True
func_T0_0x1000028d5,1222,True
func_T0_0x100002918,-178,False
func_T0_0x100002991,1108,False
func_T_0x10000020d,-666,False
func_T_0x10000020f,-146,True
func_T_0x100000211,1065,False
func_T_0x1000019ad,1086,True
func_T_0x1000019af,-223,True
func_T_0x100001bfc,1209,False
func_T_0x100001c9e,-114,False
func_T_0x100001ca4,749,False
func_T_0x100001ccf,-773,False
func_T_0x100001d4d,250,False
func_T_0x100001e02,638,False
func_T_0x1000025c8,713,True
func_T_0x100002b2f,-472,True
func_T_0x100002f60,-474,True
func_T_0x1000031d4,881,True
func_T_0x10000370a,-137,True
func_T_0x10000370c,446,False
func_T_0x1000039f6,584,False
func_T_0x100003d07,41,False
func_T_0x100003d77,1012,True
func_T_0x100003d79,-651,True
func_T_0x100003e11,947,False
func_T_0x100003e13,-325,False
func_T_0x100004309,-36,True
func_T_0x10000430d,-506,True
func_T_0x100004320,344,True
func_T_0x100004330,761,True
func_T_0x100004332,358,True
func_T_0x10000433c,-658,False
func_T_0x10000433e,-666,False
func_T_0x10000452c,892,False
func_T_0x100004684,-165,True
func_T_0x100004686,251,True
func_T_0x10000566f,-47,True
func_T_0x100005690,-318,False
func_T_0x1000059bf,-124,True
func_T_0x100005bcf,143,True
func_T_0x100005d12,96,False
func_T_0x100005dea,450,True
func_T_0x100005def,22,True
func_T_0x100005df2,-253,True
func_T_0x100005e22,865,False
func_T_0x100005e25,862,True
func_T_0x10000673e,163,False
func_T_0x100006ca7,1203,False
func_T_0x100006caf,412,True
func_T_0x100006dfb,-195,True
func_T_0x100006e3f,1164,False
func_T_0x100006e50,16,False
func_T_0x100006e7d,614,True
func_T_0x100006e8c,902,False
func_T_0x100006e8e,-319,True
func_T_0x100006f99,775,True
func_T_0x1000070bf,396,False
func_T_0x1000070c9,80,False
func_Te_0x10000330a,1011,True
func_Te_0x10000388f,1163,False
func_Te_0x100003892,-421,False
func_Te_0x10000408d,481,True
func_Te_0x1000040b4,339,True
func_Te_0x10000527b,-542,True
func_Te_0x100005285,380,True
func_Te_0x100005288,-374,True
func_Te_0x1000052d6,459,True
func_Te_0x1000052db,-662,False
func_Te_0x100005334,459,False
func_Te_0x100005338,-129,False
func_Te_0x10000533a,-361,True
func_Te_0x100005360,99,False
func_Te_0x100005369,255,False
func_Te_0x10000536e,-93,True
func_Te_0x100006375,-27,True
func_Te_0x100006379,307,True
func_Te_0x10000637b,-111,False
func_Te_0x1000064ae,666,True
func_Te_0x1000064b0,-521,True
func_Te_0x1000064b2,-206,True
func_Te_0x1000064b6,741,True
func_Te_0x1000064ba,-727,True
func_Te_0x1000064be,-604,False
func_Te_0x1000064c2,-314,True
func_Te_0x1000064cc,-642,True
func_Te_0x1000064d2,-636,True
func_Te_0x1000064d4,-723,False
func_Te_0x1000064d8,462,True
func_Te_0x1000064da,-494,True
func_Te_0x1000064dc,777,True
func_Te_0x1000064de,1189,True
func_Te_0x1000064e0,1159,False
func_Te_0x1000064e2,-84,True
func_Te_0x1000064e4,-770,True
func_Te_0x1000064ee,-638,True
func_Te_0x100007272,-487,False
func_Te_0x1000078fc,-722,True
func_Tr_0x10000208e,-736,False
func_Tt_0x1000018ac,556,False
func_Tt_0x1000061f8,28,True
func_Tt_0x100006209,582,True
func_Tt_0x100006214,-12,True
func_Tt_0x100006217,-715,True
func_Tt_0x10000621e,16,False
func_Tt_0x1000065dc,167,True
func_Tt_0x100006be7,23,False
func_Tt_0x100006beb,1157,False
func_Tt_0x100006bf0,868,True
func_Tt_0x10000743e,-16,False
func_Tt_0x100007440,459,True
func_U0_0x100002d51,371,True
func_U0_0x100003cba,-6,True
func_U0_0x100003cc4,-752,False
func_U0_0x1000055b6,114,True
func_U0_0x100007349,-496,False
func_U_0x1000001d7,-689,False
func_U_0x1000017a9,66,False
func_U_0x100001b88,1180,True
func_U_0x100001bc1,52,True
func_U_0x100001cb8,902,False
func_U_0x100001e33,331,False
func_U_0x100002b06,-694,False
func_U_0x100003097,22,True
func_U_0x1000031da,-181,True
func_U_0x1000031dc,1213,True
func_U_0x1000031de,-760,False
func_U_0x10000368e,1136,True
func_U_0x10000370e,-754,False
func_U_0x100003995,-595,True
func_U_0x100003999,1115,True
func_U_0x1000039a1,-653,False
func_U_0x1000039f5,217,True
func_U_0x100003a1b,-583,False
func_U_0x100003a22,-457,False
func_U_0x100003a2c,-657,True
func_U_0x100003fbf,337,True
func_U_0x100004307,-728,False
func_U_0x10000430b,383,True
func_U_0x100004336,691,True
func_U_0x10000433a,783,True
func_U_0x100004340,-352,True
func_U_0x100004410,-710,True
func_U_0x100004630,-294,False
func_U_0x100004632,-736,False
func_U_0x1000046a0,225,True
func_U_0x100004aa3,-603,False
func_U_0x100004e21,44,False
func_U_0x100004fa9,283,True
func_U_0x1000050fa,62,True
func_U_0x1000050fc,-572,True
func_U_0x1000050fe,843,False
func_U_0x100005100,-622,True
func_U_0x100005102,836,True
func_U_0x100005384,1068,True
func_U_0x1000054b7,820,True
func_U_0x1000056ff,435,False
func_U_0x100005705,-520,True
func_U_0x100005709,1218,False
func_U_0x10000603f,172,True
func_U_0x100006043,941,True
func_U_0x100006765,319,True
func_U_0x100006769,260,False
func_U_0x10000676b,1129,True
func_U_0x10000676d,873,True
func_U_0x1000069e5,-307,True
func_U_0x1000069fd,1047,True
func_U_0x100006a02,-207,False
func_U_0x100006c9c,-592,True
func_U_0x100006e45,-740,True
func_U_0x100006e47,601,False
func_U_0x100006e49,-89,False
func_U_0x100006e4b,-156,True
func_U_0x100006f47,389,True
func_U_0x1000070bd,787,False
func_Ue_0x100001a94,-12,False
func_Ue_0x100001ab2,523,False
func_Ue_0x100001abc,146,False
func_Ue_0x100001d9b,-163,False
func_Ue_0x10000378f,119,True
func_Ue_0x10000408b,-756,True
func_Ue_0x1000040e7,415,True
func_Ue_0x1000040f2,519,False
func_Ue_0x1000040f4,775,True
func_Ue_0x1000040fa,289,True
func_Ue_0x100004993,-657,False
func_Ue_0x100004997,414,False
func_Ue_0x100005780,652,True
func_Ue_0x1000057d9,-237,False
func_Ue_0x100005f13,-725,True
func_Ue_0x100005f15,132,False
func_Ue_0x100005f1d,-568,False
func_Ue_0x100005f2d,912,True
func_Ue_0x100005f2f,618,False
func_Ue_0x100006c09,-634,True
func_Ue_0x100006c0f,352,True
func_Ue_0x100006c12,-621,False
func_Ue_0x100006cd3,-546,False
func_Ue_0x100006d2e,56,False
func_Ur_0x10000064b,59,False
func_Ur_0x100004187,925,True
func_Ur_0x100005f3a,-383,True
func_Ur_0x100005f3e,-457,True
func_Ur_0x100005f53,-773,True
func_Ur_0x100005f55,1109,False
func_Ur_0x100006597,813,True
func_Ur_0x1000065bc,325,True
func_Ur_0x1000065cd,-580,False
func_Ut_0x100001aab,-172,True
func_Ut_0x100003896,579,True
func_Ut_0x100003b43,-256,False
func_Ut_0x1000040d1,-345,True
func_Ut_0x100004ac8,1189,True
func_Ut_0x100005f11,-769,True
func_Ut_0x100005f17,797,True
func_Ut_0x100005f19,1067,False
func_Ut_0x100005f27,-711,False
func_Ut_0x100005f29,250,True
func_Ut_0x100006374,452,True
func_Ut_0x1000065ca,-555,True
func_Ut_0x100006bfc,-520,False
func_Ut_0x100006bfe,-718,False
func_Ut_0x100006c00,703,False
func_Ut_0x100006c02,907,True
func_Ut_0x100006c15,-545,False
func_Ut_0x100006cd7,205,True
func_Ut_0x100006eb9,536,False
func_Ut_0x1000072c0,-150,False
func_Ut_0x1000072c6,-443,True
func_Ut_0x1000072d2,282,False
func_Ut_0x1000072d8,-525,True
func_Ut_0x1000072da,-117,True
func_Ut_0x1000078ca,196,False
func_Ut_0x1000078cc,427,True
func_V0_0x100003c50,-696,False
func_V0_0x100003c58,257,True
func_V0_0x100007368,513,False
func_V0_0x100007371,-282,True
func_V0_0x100007375,-347,True
func_V_0x100001b8f,-533,True
func_V_0x100001bb3,-593,True
func_V_0x100001c3a,452,True
func_V_0x100001c40,345,True
func_V_0x100001ca9,-38,False
func_V_0x100001d3c,-117,False
func_V_0x100001e05,1192,True
func_V_0x10000248a,156,False
func_V_0x1000024c0,-483,True
func_V_0x1000024cc,982,True
func_V_0x1000024d0,1202,True
func_V_0x1000024d2,738,True
func_V_0x1000024d4,-186,True
func_V_0x1000024d6,1084,False
func_V_0x10000258b,-687,False
func_V_0x100002caf,1018,True
func_V_0x10000324d,-39,True
func_V_0x100003713,-361,False
func_V_0x100003fa1,-551,False
func_V_0x100003fa3,-447,True
func_V_0x100003fa7,402,True
func_V_0x100003fb6,-612,False
func_V_0x100004002,163,True
func_V_0x10000415a,444,True
func_V_0x100004167,-25,False
func_V_0x100004173,-679,True
func_V_0x10000452e,-758,True
func_V_0x100004531,-305,False
func_V_0x10000459f,1160,False
func_V_0x10000466a,323,True
func_V_0x100004d70,961,True
func_V_0x100004d76,-89,False
func_V_0x100005156,600,True
func_V_0x100005237,853,False
func_V_0x1000054bc,990,True
func_V_0x1000054c0,753,False
func_V_0x1000054c4,516,True
func_V_0x100005670,98,True
func_V_0x1000056da,-186,False
func_V_0x1000059a5,136,False
func_V_0x100005bde,-391,True
func_V_0x100005de4,26,False
func_V_0x1000062e0,-104,False
func_V_0x1000062e3,1062,False
func_V_0x1000062e8,958,True
func_V_0x100006667,-292,True
func_V_0x100006669,-636,False
func_V_0x10000666d,-397,False
func_V_0x10000666f,-715,True
func_V_0x100006671,-388,False
func_V_0x10000667b,460,True
func_V_0x10000667f,57,True
func_V_0x100006681,842,True
func_V_0x100006685,-80,False
func_V_0x10000670b,988,False
func_V_0x10000671b,-496,False
func_V_0x100006c9e,-41,True
func_V_0x100006e8f,-761,False
func_V_0x100006fb4,438,False
func_V_0x100006fd4,802,False
func_V_0x1000070c1,764,True
func_V_0x100007111,-214,True
func_V_0x1000077e5,-642,False
func_Ve_0x10000188a,653,True
func_Ve_0x1000018a4,1168,True
func_Ve_0x1000018aa,-739,True
func_Ve_0x1000018b0,204,False
func_Ve_0x1000018b7,38,True
func_Ve_0x1000041b2,-12,True
func_Ve_0x100005f5c,1149,False
func_Ve_0x1000061d5,502,False
func_Ve_0x1000061ef,280,True
func_Vr_0x100003c3d,-499,True
func_Vr_0x100003c78,-679,False
func_Vr_0x100003c7c,1095,True
func_Vr_0x100003cb2,-494,False
func_Vt_0x100001aa4,1070,False
func_Vt_0x100003a6f,883,False
func_Vt_0x100004080,298,True
func_Vt_0x100004082,-2,True
func_Vt_0x10000528a,-320,False
func_Vt_0x1000052e8,1035,False
func_Vt_0x1000063a8,-241,False
func_Vt_0x100006c36,161,False
func_W0_0x100003c34,-500,False
func_W_0x1000000cb,-628,True
func_W_0x100000109,-500,False
func_W_0x100000143,606,True
func_W_0x10000023b,240,False
func_W_0x100000327,-42,True
func_W_0x100000432,247,False
func_W_0x10000043f,184,False
func_W_0x10000082c,-44,False
func_W_0x100001952,641,False
func_W_0x10000196c,384,False
func_W_0x1000019f3,193,False
func_W_0x1000019f7,26,True
func_W_0x100001a19,-602,True
func_W_0x100001a5e,53,True
func_W_0x100001b11,-615,True
func_W_0x100001b69,-675,True
func_W_0x100001c6a,-49,True
func_W_0x100001f2b,543,False
func_W_0x100001f2d,-752,False
func_W_0x100002479,-284,True
func_W_0x1000025b1,37,True
func_W_0x100002a21,-451,True
func_W_0x100002a24,-695,False
func_W_0x100002af8,493,True
func_W_0x100002f45,972,False
func_W_0x1000030b4,-162,False
func_W_0x1000030de,483,True
func_W_0x100003196,561,False
func_W_0x10000319e,-689,True
func_W_0x1000031b1,-507,True
func_W_0x1000032cc,416,True
func_W_0x1000032ce,1030,True
func_W_0x1000032e9,903,True
func_W_0x1000033e1,-28,False
func_W_0x1000033ee,-441,False
func_W_0x100003407,389,True
func_W_0x100003434,958,True
func_W_0x10000346d,-463,False
func_W_0x10000355e,-620,False
func_W_0x100003560,-60,True
func_W_0x1000037e0,373,False
func_W_0x1000037f1,576,True
func_W_0x10000398d,1169,True
func_W_0x100003d03,-140,True
func_W_0x100004273,1001,True
func_W_0x1000042c7,-92,True
func_W_0x1000043e6,-772,False
func_W_0x10000456b,1084,False
func_W_0x100004617,-600,True
func_W_0x100004651,913,True
func_W_0x1000046ae,1184,True
func_W_0x1000047c1,113,True
func_W_0x100004871,-664,False
func_W_0x1000048e8,-88,False
func_W_0x100004948,-185,False
func_W_0x100004b1b,-442,False
func_W_0x100004b51,883,True
func_W_0x100004b69,1028,True
func_W_0x100004c68,-358,False
func_W_0x100004d9e,1068,True
func_W_0x100004e27,543,True
func_W_0x100004eb8,90,True
func_W_0x100004f6f,-530,False
func_W_0x10000521b,-253,False
func_W_0x10000521d,758,False
func_W_0x100005225,680,False
func_W_0x1000053fd,36,False
func_W_0x100005413,754,True
func_W_0x1000056e5,-395,True
func_W_0x1000056e9,607,True
func_W_0x1000059b7,-252,True
func_W_0x1000059b9,1086,False
func_W_0x100005da4,-237,True
func_W_0x100005f7c,174,False
func_W_0x100005fa4,815,True
func_W_0x100006069,1077,False
func_W_0x1000060cd,1045,True
func_W_0x10000623a,-616,False
func_W_0x100006254,576,False
func_W_0x1000067b9,-123,False
func_W_0x100007159,1046,True
func_W_0x10000744d,-538,True
func_W_0x1000075ca,326,True
func_We_0x100001676,782,False
func_We_0x100001cd8,573,False
func_We_0x1000024b2,70,False
func_We_0x1000035e1,-481,True
func_We_0x1000035e3,-427,False
func_We_0x1000035e7,-180,True
func_We_0x1000035e9,-713,False
func_We_0x1000035eb,-732,False
func_We_0x1000035ed,-506,True
func_We_0x1000036cc,1196,True
func_We_0x10000384f,-615,True
func_We_0x100003fd4,756,False
func_We_0x100004aaa,-453,False
func_We_0x100004aac,901,False
func_We_0x100004ab2,-136,False
func_We_0x100004ac2,122,False
func_We_0x100004ac6,-488,True
func_We_0x100004cfd,1033,False
func_We_0x1000059a2,164,False
func_We_0x100005c13,284,True
func_We_0x100005c36,-133,True
func_We_0x100005c3b,1096,False
func_We_0x1000060b6,-612,True
func_We_0x100006260,130,True
func_We_0x10000649d,-66,False
func_We_0x10000686d,788,False
func_We_0x10000686f,69,True
func_We_0x100006881,1012,True
func_We_0x10000688a,-182,False
func_We_0x10000688c,211,False
func_We_0x100006aaa,349,False
func_We_0x100006ab5,-72,False
func_We_0x100006ab9,559,True
func_We_0x100006ae2,-526,False
func_We_0x100007034,120,True
func_We_0x100007042,-217,False
func_We_0x100007051,-674,False
func_We_0x100007053,1019,True
func_We_0x1000071d0,994,True
func_We_0x100007465,651,True
func_We_0x10000754e,980,False
func_We_0x100007635,-286,False
func_We_0x10000763d,-149,True
func_Wn_0x100003cd5,-290,False
func_Wr_0x10000618a,940,True
func_Wr_0x10000618c,268,True
func_Wr_0x1000061f2,1122,True
func_Wr_0x1000061f4,92,False
func_Wr_0x1000061fb,108,True
func_Wr_0x100006ae6,492,True
func_Wr_0x100006ae8,-401,False
func_Wr_0x100006aee,1048,True
func_Wr_0x100007305,-179,False
func_Wr_0x100007342,880,True
func_Wt_0x1000026f4,1207,True
func_Wt_0x100002716,240,True
func_Wt_0x100002731,-95,True
func_Wt_0x100002759,-251,False
func_Wt_0x10000279b,-667,True
func_Wt_0x10000279d,277,True
func_Wt_0x1000027a1,600,True
func_Wt_0x1000027a3,869,True
func_Wt_0x1000027a5,-609,True
func_Wt_0x1000027ad,-456,True
func_Wt_0x1000027b5,-687,False
func_Wt_0x1000027b7,1163,True
func_Wt_0x1000027b9,287,True
func_Wt_0x1000027bd,1116,False
func_Wt_0x1000027c1,-702,True
func_Wt_0x1000027c5,881,True
func_Wt_0x1000027fb,583,True
func_Wt_0x100002805,-63,False
func_Wt_0x100002807,8,True
func_Wt_0x10000280d,694,False
func_Wt_0x100002813,910,False
func_Wt_0x100002817,-172,False
func_Wt_0x100002831,-157,False
func_Wt_0x100002833,-532,False
func_Wt_0x100002839,1130,True
func_Wt_0x10000283d,-251,False
func_Wt_0x100002850,103,True
func_Wt_0x100002872,456,True
func_Wt_0x100002885,-633,False
func_Wt_0x10000288c,216,False
func_Wt_0x1000028aa,1,False
func_Wt_0x1000028bd,-132,True
func_Wt_0x1000028e2,798,False
func_Wt_0x100002904,746,True
func_Wt_0x10000292f,-352,True
func_Wt_0x100002954,-548,False
func_Wt_0x100002956,342,False
func_Wt_0x100002958,1111,False
func_Wt_0x10000295a,-615,False
func_Wt_0x10000296c,437,False
func_Wt_0x100002976,1048,True
func_Wt_0x100002978,21,False
func_Wt_0x1000029c4,-231,True
func_X_0x10000155b,-506,True
func_X_0x10000155d,438,True
func_X_0x10000155f,583,True
func_X_0x10000172a,-342,False
func_X_0x10000172e,-289,True
func_X_0x100001732,110,True
func_X_0x100001c02,894,True
func_X_0x100001cb5,-153,False
func_X_0x100001cd3,780,False
func_X_0x100001cf5,735,True
func_X_0x100001cf7,774,False
func_X_0x100001cf9,166,True
func_X_0x100001cfd,495,False
func_X_0x100001d03,-741,True
func_X_0x100001d05,362,False
func_X_0x100001d07,291,True
func_X_0x1000024ba,169,False
func_X_0x1000024c3,106,False
func_X_0x100002cc1,298,False
func_X_0x100002cf2,-557,True
func_X_0x100003295,286,False
func_X_0x100004004,925,True
func_X_0x100004382,-575,True
func_X_0x100004386,-234,True
func_X_0x1000045ae,510,False
func_X_0x10000497e,1080,False
func_X_0x100005143,-496,True
func_X_0x100005259,716,True
func_X_0x1000059c0,429,False
func_X_0x100005a13,520,False
func_X_0x100005a15,-221,False
func_X_0x100005a1b,1178,False
func_X_0x100005a1d,-118,True
func_X_0x100005a29,248,False
func_X_0x100005a2b,-418,True
func_X_0x100005a2d,-405,True
func_X_0x100005a2f,1053,True
func_X_0x100005a38,201,False
func_X_0x100005a3c,498,True
func_X_0x100005a3e,96,True
func_X_0x100005e14,-726,False
func_X_0x100005e44,1130,True
func_X_0x100005e48,-518,False
func_X_0x100005ef1,-612,True
func_X_0x100005f73,-156,False
func_X_0x100005f79,217,True
func_X_0x10000628e,279,True
func_X_0x100006a2a,1148,True
func_X_0x100006d7d,440,False
func_X_0x100006d82,780,True
func_X_0x100006da3,342,False
func_X_0x100006fba,-529,True
func_X_0x10000749b,1060,False
func_X_0x1000074d5,120,True
func_X_0x100007545,-419,False
func_X_0x100007547,-773,False
func_X_0x1000075e8,800,False
func_X_0x100007602,77,True
func_X_0x100007726,-61,False
func_X_0x100007728,657,False
func_X_0x100007730,-340,False
func_Xe_0x1000006d9,-496,False
func_Xe_0x100002b38,-531,True
func_Xe_0x100002b56,44,True
func_Xe_0x100002b58,846,True
func_Xe_0x100002b5a,461,False
func_Xe_0x100002b62,-255,True
func_Xe_0x100002b64,357,True
func_Xe_0x100002b68,-655,False
func_Xe_0x100002c7a,201,True
func_Xe_0x100002c8e,1056,False
func_Xe_0x100002c90,549,True
func_Xe_0x100002c96,-224,True
func_Xe_0x100002c9e,-555,False
func_Xe_0x100002ca6,-738,False
func_Xe_0x1000061a4,898,True
func_Xe_0x1000061bc,565,False
func_Xe_0x100006204,-258,True
func_Xn_0x100002de7,14,True
func_Xn_0x100002df1,1012,True
func_Xn_0x100002df7,533,False
func_Y0_0x100003cbe,998,True
func_Y0_0x100003cc0,-345,False
func_Y0_0x100003cc2,1157,False
func_Y0_0x100005642,142,False
func_Y_0x10000157b,340,True
func_Y_0x10000173f,-19,False
func_Y_0x100001742,1220,False
func_Y_0x100001748,845,False
func_Y_0x10000178e,-250,True
func_Y_0x1000017b1,432,True
func_Y_0x1000018d6,-658,False
func_Y_0x1000018ff,972,False
func_Y_0x100002d2c,585,True
func_Y_0x10000300a,-614,True
func_Y_0x10000301a,796,True
func_Y_0x10000301c,438,True
func_Y_0x100003020,-70,True
func_Y_0x100003253,-463,True
func_Y_0x100003299,1219,True
func_Y_0x10000366b,336,False
func_Y_0x100003671,-284,False
func_Y_0x100003673,-428,True
func_Y_0x10000367c,1055,True
func_Y_0x100003777,1057,False
func_Y_0x10000377b,-351,True
func_Y_0x100003781,587,False
func_Y_0x100004007,-15,True
func_Y_0x1000044a0,-256,False
func_Y_0x10000457d,177,False
func_Y_0x10000457f,862,False
func_Y_0x1000045a1,-59,False
func_Y_0x100004a27,-129,True
func_Y_0x100004a31,-224,True
func_Y_0x100004a33,-293,False
func_Y_0x100004a35,31,False
func_Y_0x100004a48,726,True
func_Y_0x100004a50,650,True
func_Y_0x100004a5b,1041,True
func_Y_0x10000523d,-92,True
func_Y_0x10000525a,-344,True
func_Y_0x10000525c,1100,True
func_Y_0x10000543e,-407,True
func_Y_0x100005496,-50,True
func_Y_0x100005a11,0,False
func_Y_0x100005aa3,-149,False
func_Y_0x100005aa9,-407,True
func_Y_0x100005ad5,1121,True
func_Y_0x100005ae4,-12,True
func_Y_0x100005af9,-234,False
func_Y_0x100005b01,365,True
func_Y_0x100005b0a,659,False
func_Y_0x100005cbb,264,False
func_Y_0x100005cbd,425,True
func_Y_0x100005cbf,453,True
func_Y_0x100005cc1,-492,True
func_Y_0x100005ce4,85,False
func_Y_0x100005ce6,-392,True
func_Y_0x100005cea,394,True
func_Y_0x100005df4,-655,False
func_Y_0x100005eff,-23,True
func_Y_0x10000608f,1192,True
func_Y_0x1000066d8,-275,True
func_Y_0x100006745,-7,True
func_Y_0x100006747,179,False
func_Y_0x100007729,1090,False
func_Y_0x100007731,825,False
func_Ye_0x100001e92,124,False
func_Ye_0x100003b3f,398,False
func_Ye_0x100003b41,-557,False
func_Ye_0x100003ec1,754,False
func_Ye_0x1000049a5,1059,False
func_Ye_0x1000049be,964,True
func_Ye_0x100005078,79,False
func_Ye_0x100005086,-742,True
func_Ye_0x10000508f,812,False
func_Ye_0x100005091,463,False
func_Ye_0x100005099,-22,True
func_Ye_0x10000509d,-638,False
func_Ye_0x1000050a1,334,False
func_Ye_0x1000050a3,654,False
func_Ye_0x1000050a5,-567,True
func_Ye_0x100005e68,113,True
func_Ye_0x100005e6b,1119,True
func_Ye_0x100006001,246,True
func_Ye_0x100006d1a,-114,False
func_Ye_0x100006d1c,772,True
func_Ye_0x100006d20,442,True
func_Ye_0x100006eb2,-330,False
func_Ye_0x10000723d,133,True
func_Ye_0x1000078e4,-238,False
func_Ye_0x1000078f1,927,True
func_Ye_0x100007930,999,True
func_Ye_0x100007938,830,False
func_Yn_0x100002df4,-518,True
func_Yr_0x10000288e,1186,False
func_Yr_0x1000028b7,170,True
func_Yr_0x1000028be,-525,False
func_Yr_0x10000290d,918,False
func_Yr_0x100002927,-547,True
func_Yr_0x1000029b8,-492,False
func_Yr_0x1000029c9,-654,True
func_Yt_0x100001a67,965,True
func_Yt_0x100001a6b,-672,False
func_Yt_0x100001a99,943,True
func_Yt_0x100003325,970,True
func_Yt_0x100003327,886,False
func_Yt_0x100003329,1209,True
func_Yt_0x10000332d,-214,True
func_Yt_0x100003331,-535,True
func_Yt_0x100003335,767,True
func_Yt_0x100003337,-628,False
func_Yt_0x100003339,664,True
func_Yt_0x10000333b,-463,False
func_Yt_0x100003341,529,False
func_Yt_0x100003343,-585,False
func_Yt_0x10000334d,-99,False
func_Yt_0x10000334f,778,False
func_Yt_0x100003351,-457,False
func_Yt_0x100003353,355,False
func_Yt_0x100003359,-28,True
func_Yt_0x10000335b,110,False
func_Yt_0x100003365,408,True
func_Yt_0x100003369,662,False
func_Yt_0x10000336d,-692,False
func_Yt_0x10000337d,-81,False
func_Yt_0x10000337f,-151,False
func_Yt_0x100003383,-311,True
func_Yt_0x100003385,-610,False
func_Yt_0x100003387,16,True
func_Yt_0x10000338b,488,False
func_Yt_0x10000338d,220,False
func_Yt_0x10000408e,-123,False
func_Yt_0x100004092,-610,False
func_Yt_0x100004096,693,False
func_Yt_0x10000409c,-696,False
func_Yt_0x1000040c8,489,True
func_Yt_0x1000052e0,885,True
func_Yt_0x10000638e,-489,True
func_Yt_0x1000064f0,-366,False
func_Yt_0x100006c27,352,False
func_Yt_0x100006c31,905,False
func_Yt_0x100006c33,-549,False
func_Yt_0x100006c3b,985,False
func_Z0_0x100002d5a,-428,True
func_Z0_0x100003c5e,-359,False
func_Z0_0x1000055ef,317,False
func_Z0_0x1000055f3,972,False
func_Z_0x10000156e,-66,False
func_Z_0x100001570,846,True
func_Z_0x100001646,1111,True
func_Z_0x100001653,382,True
func_Z_0x100001739,863,False
func_Z_0x100001cf1,337,True
func_Z_0x1000035da,967,True
func_Z_0x1000036c4,-450,False
func_Z_0x1000036db,-124,True
func_Z_0x10000372d,829,False
func_Z_0x1000044a4,-411,False
func_Z_0x100004790,14,True
func_Z_0x100004a29,-760,False
func_Z_0x100004a2b,-253,False
func_Z_0x100004a4a,-453,False
func_Z_0x100005240,-472,True
func_Z_0x10000524b,394,True
func_Z_0x10000524d,-170,False
func_Z_0x100005497,581,True
func_Z_0x100005499,-41,False
func_Z_0x1000054e6,-626,False
func_Z_0x100005a1e,503,False
func_Z_0x100005be3,155,True
func_Z_0x100005d34,-390,False
func_Z_0x100005d6f,1128,False
func_Z_0x100005d77,1147,True
func_Z_0x100005d79,861,False
func_Z_0x100005d84,52,False
func_Z_0x100005d8f,368,False
func_Z_0x100005d93,999,True
func_Z_0x100005e02,516,False
func_Z_0x100005f68,642,True
func_Z_0x100005f6a,-262,False
func_Z_0x100005fd7,672,True
func_Z_0x100005fda,-517,False
func_Z_0x10000600e,-307,True
func_Z_0x100006012,-650,False
func_Z_0x100006484,-604,True
func_Z_0x100006730,155,True
func_Z_0x100006860,1018,False
func_Z_0x100006868,332,False
func_Z_0x1000068a1,213,True
func_Z_0x100006a79,833,False
func_Z_0x100007560,310,True
func_Za_0x100002711,484,False
func_Ze_0x100000645,-452,True
func_Ze_0x1000006ed,1005,True
func_Ze_0x1000006f6,985,True
func_Ze_0x1000006fd,-408,False
func_Ze_0x10000070e,704,True
func_Ze_0x100000710,710,True
func_Ze_0x10000071a,-16,False
func_Ze_0x100001a8e,-403,False
func_Ze_0x100001aa0,520,False
func_Ze_0x100001aa2,123,True
func_Ze_0x1000052ad,895,True
func_Ze_0x1000052b1,-286,False
func_Ze_0x1000052b3,948,False
func_Ze_0x1000063a0,899,True
func_Zn_0x1000026fd,992,False
func_Zn_0x100002707,-666,True
func_Zn_0x10000270b,967,True
func_Zn_0x10000270d,1153,False
func_Zn_0x10000270f,-455,True
func_Zn_0x100002713,110,True
func_Zr_0x1000006dd,712,False
func_Zr_0x100002b6a,1082,False
func_Zr_0x1000061e2,146,False
func_Zr_0x100006b28,285,True
func_Zt_0x10000272f,1159,False
func_Zt_0x10000275b,1183,True
func_Zt_0x100002798,-611,False
func_Zt_0x100002801,463,True
func_Zt_0x10000282b,1146,True
func_Zt_0x100002835,1048,False
func_Zt_0x10000284e,1025,False
func_Zt_0x1000028b6,-34,False
func_Zt_0x1000028fc,949,True
func_Zt_0x100002911,1047,True
func_a0_0x100003c16,720,True
func_a0_0x100003c99,-120,False
func_a0_0x100006904,786,True
func_a0_0x100007330,579,False
func_a0_0x100007346,780,False
func_a_0x100000002,609,True
func_a_0x100000012,-627,False
func_a_0x100000043,117,True
func_a_0x1000000a6,-570,True
func_a_0x1000000af,-557,True
func_a_0x1000000b4,-533,True
func_a_0x10000016a,-367,True
func_a_0x100000176,805,True
func_a_0x10000017a,190,False
func_a_0x100000184,-658,False
func_a_0x10000026a,490,False
func_a_0x1000002aa,-325,True
func_a_0x1000002ba,-717,True
func_a_0x1000002f2,756,True
func_a_0x1000002f9,690,True
func_a_0x10000034f,850,True
func_a_0x10000035b,-168,True
func_a_0x100000372,-418,False
func_a_0x100000378,-336,True
func_a_0x100000380,-330,False
func_a_0x100000438,-252,False
func_a_0x100000454,1169,False
func_a_0x100000456,1147,False
func_a_0x10000046b,755,True
func_a_0x10000048b,998,False
func_a_0x1000004a5,307,False
func_a_0x1000004a8,540,False
func_a_0x1000004b3,1208,False
func_a_0x1000004b6,21,False
func_a_0x100000723,843,True
func_a_0x10000074b,-200,True
func_a_0x10000075f,223,False
func_a_0x10000076a,296,True
func_a_0x100000773,476,True
func_a_0x100000777,206,True
func_a_0x10000077b,-581,False
func_a_0x100000791,-13,False
func_a_0x100000797,534,False
func_a_0x1000007d0,666,False
func_a_0x1000007e5,122,True
func_a_0x10000084c,473,True
func_a_0x100000892,613,True
func_a_0x10000089a,424,False
func_a_0x10000089e,344,True
func_a_0x1000008c6,40,True
func_a_0x1000008f1,-405,True
func_a_0x1000008f3,1004,False
func_a_0x1000008f5,-58,False
func_a_0x1000008f7,542,False
func_a_0x1000008f9,-502,True
func_a_0x10000090a,927,True
func_a_0x10000090c,-699,False
func_a_0x10000151f,211,False
func_a_0x100001522,521,False
func_a_0x100001913,253,False
func_a_0x10000191a,898,False
func_a_0x100001b61,663,False
func_a_0x100001ec7,791,True
func_a_0x100001ecc,-733,False
func_a_0x100001ed2,143,True
func_a_0x100001eda,96,False
func_a_0x100001ee2,-94,False
func_a_0x100001ee5,166,False
func_a_0x100001ef5,1068,True
func_a_0x100001ef8,-317,False
func_a_0x100001efd,51,False
func_a_0x100001f06,1032,False
func_a_0x100001f09,785,False
func_a_0x100002091,424,True
func_a_0x100002095,1166,True
func_a_0x100002097,774,False
func_a_0x10000209b,274,False
func_a_0x1000024e1,141,False
func_a_0x1000024f2,1038,True
func_a_0x1000024f7,-382,True
func_a_0x1000024fc,-199,True
func_a_0x100002531,-348,False
func_a_0x100002537,573,False
func_a_0x10000253a,795,True
func_a_0x1000029ec,-284,False
func_a_0x1000029ef,671,True
func_a_0x1000029f6,204,True
func_a_0x100002a02,295,False
func_a_0x100002a2a,22,False
func_a_0x100002a3e,-145,True
func_a_0x100002a45,556,True
func_a_0x100002a5a,764,True
func_a_0x100002a5d,473,False
func_a_0x100002a65,-508,False
func_a_0x100002a96,583,False
func_a_0x100003308,-434,True
func_a_0x10000341f,916,False
func_a_0x1000034cb,334,True
func_a_0x10000350b,709,False
func_a_0x100003532,-718,False
func_a_0x10000354f,267,False
func_a_0x100003595,-391,False
func_a_0x100003da0,853,False
func_a_0x100003dbc,-648,False
func_a_0x100004263,1081,True
func_a_0x100004279,1034,False
func_a_0x10000427e,949,False
func_a_0x100004289,-315,False
func_a_0x100004294,475,False
func_a_0x1000042a6,405,False
func_a_0x1000042a9,367,True
func_a_0x1000042ab,261,True
func_a_0x1000042b0,724,False
func_a_0x1000047dd,266,False
func_a_0x1000047e3,756,False
func_a_0x1000047f1,670,False
func_a_0x1000047ff,-331,True
func_a_0x100004803,1162,False
func_a_0x100004828,-182,True
func_a_0x100004865,966,True
func_a_0x100004869,636,True
func_a_0x10000488c,834,True
func_a_0x100004b14,555,True
func_a_0x100004c06,473,True
func_a_0x1000051f7,-75,True
func_a_0x1000053c6,-514,False
func_a_0x1000053e0,1190,True
func_a_0x1000062c0,-109,True
func_a_0x10000643c,86,True
func_a_0x1000064f7,603,True
func_a_0x1000064fe,557,False
func_a_0x10000650d,1189,True
func_a_0x10000795b,17,False
func_a_0x1000079af,-524,True
func_aa_0x1000026ff,812,True
func_aa_0x100002701,-158,False
func_aa_0x100002703,110,False
func_aa_0x100002705,876,True
func_aa_0x100002709,-45,True
func_aa_0x100002945,-709,True
func_ae_0x100001627,519,False
func_ae_0x10000164c,-270,True
func_ae_0x10000173b,838,True
func_ae_0x100001780,179,True
func_ae_0x100001786,1175,True
func_ae_0x1000018f5,1200,False
func_ae_0x100001cad,-8,False
func_ae_0x100001d56,849,True
func_ae_0x100003018,794,True
func_ae_0x100003022,684,False
func_ae_0x1000035cc,18,False
func_ae_0x1000035fb,-119,False
func_ae_0x10000366c,-638,True
func_ae_0x100003682,1125,False
func_ae_0x10000377c,-297,False
func_ae_0x10000377e,-244,True
func_ae_0x10000384d,-619,False
func_ae_0x1000038db,733,True
func_ae_0x1000044a2,-702,False
func_ae_0x100004579,-186,False
func_ae_0x100004584,396,False
func_ae_0x100004760,448,False
func_ae_0x100004767,-174,True
func_ae_0x10000523e,-88,False
func_ae_0x10000548c,1109,True
func_ae_0x100005491,58,False
func_ae_0x1000054c7,-571,False
func_ae_0x1000054cd,540,True
func_ae_0x100005a32,1113,False
func_ae_0x100005a34,921,True
func_ae_0x100005adf,662,True
func_ae_0x100005d32,-743,False
func_ae_0x100005d69,586,True
func_ae_0x100005d6b,-392,False
func_ae_0x100005d71,708,False
func_ae_0x100005d75,461,False
func_ae_0x100005d86,1053,True
func_ae_0x100005d88,289,True
func_ae_0x100005d8c,-522,False
func_ae_0x100005df5,1107,True
func_ae_0x100005dff,967,False
func_ae_0x100006096,1154,True
func_ae_0x10000609e,-577,False
func_ae_0x1000062ea,41,False
func_ae_0x100006689,294,False
func_ae_0x1000066ce,1218,False
func_ae_0x1000066d2,662,False
func_ae_0x100006858,97,False
func_ae_0x100006864,341,True
func_ae_0x10000686a,-100,True
func_ae_0x100006dc6,-502,False
func_ae_0x100006fc3,962,False
func_ae_0x100006fcb,-631,True
func_ae_0x100006fcf,154,True
func_ae_0x1000076b7,968,True
func_ae_0x100007803,-40,True
func_ai_0x100003cc9,-408,True
func_ai_0x100003ccd,-530,True
func_an_0x100002895,158,True
func_an_0x1000028d9,12,True
func_an_0x100002993,-85,False
func_an_0x1000029ca,743,True
func_ar_0x10000180b,713,True
func_ar_0x10000180f,-62,False
func_ar_0x10000181d,376,False
func_ar_0x10000181f,986,True
func_ar_0x100001823,151,False
func_ar_0x100001825,855,True
func_ar_0x100003b9b,561,False
func_ar_0x100003b9f,-308,True
func_ar_0x100003bab,-58,True
func_ar_0x100003baf,121,False
func_ar_0x100003bb1,-535,True
func_ar_0x100003bb9,267,False
func_ar_0x100003bbf,-774,False
func_ar_0x100003bc9,37,True
func_ar_0x100003bcd,1080,True
func_ar_0x100003bd1,889,False
func_ar_0x100003bd5,181,False
func_ar_0x100003bd9,488,True
func_ar_0x100003bdb,742,False
func_ar_0x100003be1,752,False
func_ar_0x100003be3,-232,False
func_ar_0x100003bf9,-344,True
func_ar_0x100003c01,287,True
func_ar_0x100003c05,316,False
func_ar_0x100003c09,-252,False
func_ar_0x100003c0f,228,False
func_ar_0x100003c21,-388,False
func_ar_0x100003c29,935,False
func_ar_0x1000068b2,741,True
func_ar_0x1000068ce,1002,True
func_ar_0x1000068eb,570,True
func_ar_0x1000068ed,123,False
func_ar_0x10000693d,36,False
func_at_0x100001e53,838,True
func_at_0x100003794,142,False
func_at_0x100003796,-305,True
func_at_0x100003924,964,True
func_at_0x100003926,-397,True
func_at_0x10000392c,930,False
func_at_0x100003930,622,True
func_at_0x100003943,422,False
func_at_0x1000049a7,1022,False
func_at_0x1000049af,597,False
func_at_0x100005076,-208,True
func_at_0x10000508a,408,False
func_at_0x10000508d,-708,False
func_at_0x100005093,784,False
func_at_0x100005097,654,False
func_at_0x10000509b,-488,True
func_at_0x100005e62,-118,True
func_at_0x100005ff8,-51,False
func_at_0x100005ffd,795,True
func_at_0x100006c44,-771,True
func_at_0x100006f1b,123,False
func_at_0x100007057,-633,True
func_at_0x1000078e6,-435,False
func_at_0x100007932,459,False
func_b0_0x1000061b3,201,False
func_b0_0x1000061b5,649,False
func_b0_0x1000061b7,-484,True
func_b0_0x1000061b9,-605,True
func_b0_0x100006b2e,1026,True
func_b0_0x100006b34,-626,True
func_b_0x100000306,1017,False
func_b_0x100000418,883,True
func_b_0x100000430,-718,False
func_b_0x1000007b1,592,True
func_b_0x1000008ce,1199,False
func_b_0x1000015f4,1029,True
func_b_0x100001621,2,False
func_b_0x100001623,210,False
func_b_0x10000191e,262,False
func_b_0x100001946,-29,True
func_b_0x10000194a,283,True
func_b_0x100001b6f,-557,True
func_b_0x100001d61,859,False
func_b_0x1000025b4,72,False
func_b_0x1000025c4,494,True
func_b_0x100002aa1,82,False
func_b_0x100002f47,-651,True
func_b_0x100002f49,650,False
func_b_0x100002f70,-664,False
func_b_0x1000030b2,956,False
func_b_0x1000030b6,237,False
func_b_0x10000313c,232,True
func_b_0x1000031ba,2,True
func_b_0x100003210,-274,True
func_b_0x100003217,121,False
func_b_0x1000033da,948,True
func_b_0x1000033ea,906,True
func_b_0x1000034ee,-381,True
func_b_0x100003516,972,True
func_b_0x100003564,-7,False
func_b_0x100003577,573,False
func_b_0x100003f8c,956,True
func_b_0x100004271,-434,True
func_b_0x10000432c,-145,False
func_b_0x1000043f7,150,True
func_b_0x1000044ff,-161,True
func_b_0x100004550,737,False
func_b_0x100004614,864,False
func_b_0x100004717,1203,True
func_b_0x1000047da,432,True
func_b_0x10000487b,1168,True
func_b_0x10000487f,-356,False
func_b_0x100004888,432,True
func_b_0x10000488f,-423,False
func_b_0x1000048b9,321,False
func_b_0x1000048fd,603,False
func_b_0x10000495b,-272,False
func_b_0x100004b67,-240,False
func_b_0x100004c01,61,False
func_b_0x100004c85,958,False
func_b_0x100004eba,-277,True
func_b_0x100004ebc,360,True
func_b_0x10000540e,169,False
func_b_0x100005419,804,False
func_b_0x10000541d,804,False
func_b_0x10000541f,219,True
func_b_0x100005421,74,True
func_b_0x1000054a4,249,True
func_b_0x1000056b8,144,True
func_b_0x10000605e,753,True
func_b_0x100006064,94,True
func_b_0x10000606f,-628,True
func_b_0x1000060d2,-668,False
func_b_0x1000060d6,-584,True
func_b_0x1000060d8,-631,True
func_b_0x100006257,500,False
func_b_0x1000062b1,-777,True
func_b_0x100006332,414,False
func_b_0x100006340,59,False
func_b_0x1000066dd,162,True
func_b_0x100006794,-324,True
func_b_0x100006ff9,352,False
func_b_0x1000070ef,-211,True
func_b_0x100007129,-706,False
func_b_0x10000761f,331,False
func_b_0x100007990,1032,True
func_b_0x100007992,-437,False
func_ba_0x100002de0,-710,True
func_be_0x100001658,557,False
func_be_0x10000165c,726,True
func_be_0x10000165e,123,True
func_be_0x100001660,984,True
func_be_0x100001662,-164,False
func_be_0x10000166d,238,False
func_be_0x10000190b,77,True
func_be_0x100001e0b,-268,False
func_be_0x100001e13,627,False
func_be_0x100002ff4,865,True
func_be_0x100003001,625,False
func_be_0x100003648,-735,False
func_be_0x100004aae,85,False
func_be_0x100004ab0,1006,True
func_be_0x100004ab4,-250,False
func_be_0x100004d14,1158,False
func_be_0x100005c1f,1103,True
func_be_0x1000060ad,1175,False
func_be_0x1000060b4,808,False
func_be_0x100006485,-606,True
func_be_0x100006487,607,False
func_be_0x100006489,89,True
func_be_0x10000648b,779,False
func_be_0x10000648d,108,False
func_be_0x10000648f,-563,True
func_be_0x100006491,-719,False
func_be_0x100006493,784,True
func_be_0x100006495,-488,True
func_be_0x1000066be,-105,False
func_be_0x100006735,-392,True
func_be_0x100006879,-573,True
func_be_0x10000688e,190,False
func_be_0x100006892,-665,False
func_be_0x100006a7c,844,False
func_be_0x100006a7e,730,False
func_be_0x100006ab7,-400,False
func_be_0x100007032,-467,True
func_be_0x100007037,487,False
func_be_0x10000703b,-421,False
func_be_0x100007055,-632,True
func_be_0x10000717e,12,False
func_be_0x100007186,1199,False
func_be_0x1000071bb,270,False
func_be_0x1000071bf,-99,True
func_be_0x1000071cc,1061,True
func_be_0x1000071d3,-758,False
func_be_0x100007633,-251,True
func_be_0x100007836,817,True
func_bi_0x10000245d,220,True
func_bn_0x100002767,-644,False
func_bn_0x10000289a,-508,True
func_bn_0x100002928,58,False
func_bn_0x10000292a,53,False
func_bn_0x10000293a,-534,False
func_br_0x100001801,-676,False
func_br_0x100001805,-171,False
func_br_0x100001807,3,False
func_br_0x10000180d,-433,False
func_br_0x100001815,19,True
func_br_0x100001819,-257,True
func_br_0x100003ba5,-605,False
func_br_0x100003ba7,-369,True
func_br_0x100003ba9,895,True
func_br_0x100003bad,-434,False
func_br_0x100003bb5,539,False
func_br_0x100003bb7,-503,True
func_br_0x100003bbb,-435,True
func_br_0x100003bc1,-455,False
func_br_0x100003bc3,-212,True
func_br_0x100003bc5,-635,False
func_br_0x100003bcb,490,True
func_br_0x100003bcf,752,True
func_br_0x100003bdd,533,False
func_br_0x100003bdf,840,False
func_br_0x100003be5,-739,True
func_br_0x100003be7,766,True
func_br_0x100003be9,843,True
func_br_0x100003beb,139,False
func_br_0x100003bed,1083,True
func_br_0x100003bef,310,True
func_br_0x100003bf1,982,False
func_br_0x100003bf3,713,False
func_br_0x100003bf5,-32,False
func_br_0x100003bf7,104,True
func_br_0x100003bfb,-67,True
func_br_0x100003bff,834,True
func_br_0x100003c03,442,True
func_br_0x100003c07,-57,True
func_br_0x100003c0b,-736,True
func_br_0x100003c0d,928,False
func_br_0x100003c11,400,False
func_br_0x100003c13,985,False
func_br_0x100003c1f,1169,True
func_br_0x100003c27,240,False
func_br_0x100003c2b,795,True
func_br_0x100003c39,305,True
func_br_0x100003ce4,-205,True
func_br_0x1000068d1,342,True
func_br_0x100006921,-693,True
func_br_0x100006934,271,False
func_br_0x1000069b4,-579,True
func_br_0x100007321,-772,False
func_bt_0x100000658,515,True
func_bt_0x100000662,215,False
func_bt_0x10000182c,902,False
func_bt_0x100001836,-284,True
func_bt_0x10000183a,-334,True
func_bt_0x100001840,966,False
func_bt_0x100001842,-385,True
func_bt_0x100001846,30,True
func_bt_0x10000184a,568,False
func_bt_0x10000184c,502,False
func_bt_0x10000188c,856,False
func_bt_0x100001890,-533,False
func_bt_0x100001894,533,False
func_bt_0x10000189c,519,False
func_bt_0x1000018a2,183,False
func_bt_0x1000018a8,676,False
func_bt_0x1000018ae,1203,True
func_bt_0x1000018b2,450,True
func_bt_0x1000018b4,-475,True
func_bt_0x10000418a,1146,False
func_bt_0x10000418c,-508,True
func_bt_0x100004190,-158,False
func_bt_0x100004194,-402,False
func_bt_0x10000419c,-335,False
func_bt_0x1000041a2,345,True
func_bt_0x1000041bc,751,False
func_bt_0x1000041be,599,False
func_bt_0x1000041c4,-538,False
func_bt_0x1000041c6,811,True
func_bt_0x1000041cc,450,False
func_bt_0x1000041d0,-317,False
func_bt_0x1000041d2,-555,True
func_bt_0x1000041d6,-80,True
func_bt_0x1000041d8,-9,False
func_bt_0x1000041de,375,False
func_bt_0x1000041e0,-605,False
func_bt_0x1000041e2,-645,True
func_bt_0x1000041e4,-506,False
func_bt_0x1000041e6,-338,True
func_bt_0x1000052c9,-344,True
func_bt_0x1000052cd,-494,True
func_bt_0x1000052d1,541,False
func_bt_0x100005f5a,-203,True
func_bt_0x100005f5e,448,True
func_bt_0x100005f61,-283,False
func_bt_0x10000619e,-745,False
func_bt_0x10000621d,-236,True
func_c0_0x100002452,-709,False
func_c_0x1000000f4,-365,False
func_c_0x100000154,507,True
func_c_0x100000257,-274,True
func_c_0x1000002fc,1067,False
func_c_0x10000045a,932,True
func_c_0x10000048d,-551,True
func_c_0x1000007a7,-498,True
func_c_0x100000828,895,True
func_c_0x100000851,129,True
func_c_0x1000008cd,-639,True
func_c_0x100001618,1004,True
func_c_0x100001a5d,-680,False
func_c_0x100001b66,1159,True
func_c_0x1000024de,-96,True
func_c_0x100002518,722,False
func_c_0x100002522,1120,False
func_c_0x1000025ba,753,True
func_c_0x100002a0e,336,True
func_c_0x100002a39,490,False
func_c_0x100002a4c,655,False
func_c_0x100002a56,-229,False
func_c_0x100002f53,999,True
func_c_0x100002f7f,900,False
func_c_0x1000030af,-574,False
func_c_0x100003108,-166,False
func_c_0x100003180,264,False
func_c_0x100003193,-59,True
func_c_0x1000031af,-605,False
func_c_0x1000031f7,-514,False
func_c_0x10000320e,-266,False
func_c_0x10000327a,-92,False
func_c_0x1000032d5,1003,False
func_c_0x1000032d9,476,False
func_c_0x1000033be,832,False
func_c_0x100003465,540,False
func_c_0x10000354c,-82,True
func_c_0x1000039d4,-104,True
func_c_0x100003dac,366,True
func_c_0x100003f77,-375,True
func_c_0x1000042c4,451,False
func_c_0x100004327,-96,True
func_c_0x10000444d,273,True
func_c_0x1000044cc,-201,False
func_c_0x10000460f,1028,False
func_c_0x100004654,-93,False
func_c_0x10000480a,-464,True
func_c_0x100004812,772,True
func_c_0x100004830,-275,False
func_c_0x1000048aa,621,False
func_c_0x100004b16,879,False
func_c_0x100004b88,8,True
func_c_0x100004b92,-382,False
func_c_0x100004bc6,126,True
func_c_0x100004c31,769,False
func_c_0x100004c82,-493,True
func_c_0x100004d47,-733,False
func_c_0x100004da5,943,True
func_c_0x100004e24,-772,True
func_c_0x100004e2a,103,False
func_c_0x100004e6a,817,True
func_c_0x100005118,-242,False
func_c_0x1000053aa,98,False
func_c_0x1000053b6,-589,False
func_c_0x10000549f,-96,False
func_c_0x1000054ac,767,True
func_c_0x100005a78,665,False
func_c_0x100005db3,263,True
func_c_0x100005e84,956,False
func_c_0x1000060e8,-51,False
func_c_0x1000070ed,245,True
func_c_0x1000075af,-506,False
func_ca_0x100003cc8,-69,False
func_ce_0x1000015a3,-742,True
func_ce_0x1000015a9,414,False
func_ce_0x100001677,422,True
func_ce_0x10000167b,-139,True
func_ce_0x100002f91,-72,False
func_ce_0x100002f93,598,True
func_ce_0x100002f97,355,False
func_ce_0x100002f9d,332,False
func_ce_0x100002fa7,331,False
func_ce_0x100002fab,-237,True
func_ce_0x100002fad,458,False
func_ce_0x100002fb1,1113,False
func_ce_0x100002fb3,-152,False
func_ce_0x100002fc1,-758,True
func_ce_0x100002fc7,783,True
func_ce_0x100002fcb,650,True
func_ce_0x100002fd1,341,False
func_ce_0x100002fd3,27,False
func_ce_0x100002fd5,-319,False
func_ce_0x100002fd7,424,True
func_ce_0x100002fd9,833,True
func_ce_0x100002ffd,-557,True
func_ce_0x1000036d3,783,True
func_ce_0x100003799,151,True
func_ce_0x10000379d,-331,True
func_ce_0x1000037a1,-436,True
func_ce_0x1000037a5,550,True
func_ce_0x1000037a9,532,True
func_ce_0x1000037b1,-496,False
func_ce_0x1000037c9,944,True
func_ce_0x1000037cd,1083,True
func_ce_0x1000037d4,1141,False
func_ce_0x10000389f,537,True
func_ce_0x1000038b4,-373,True
func_ce_0x100003fe0,56,False
func_ce_0x100003fe2,370,True
func_ce_0x100003fe7,728,False
func_ce_0x100003ff9,-318,False
func_ce_0x10000417e,-636,False
func_ce_0x10000425a,284,True
func_ce_0x1000049c1,-293,True
func_ce_0x1000049c8,-143,False
func_ce_0x100004a0e,-639,False
func_ce_0x100004a10,420,False
func_ce_0x100004cfe,86,False
func_ce_0x100004d00,241,True
func_ce_0x100004d0e,453,True
func_ce_0x100004eef,526,True
func_ce_0x100004ef1,-576,False
func_ce_0x100004ef3,-49,False
func_ce_0x100004f01,274,True
func_ce_0x100005c1b,599,False
func_ce_0x100005c3c,451,True
func_ce_0x100005c42,791,True
func_ce_0x100005c44,-754,True
func_ce_0x1000066c1,-423,False
func_ce_0x100006c1d,-73,False
func_ce_0x10000703f,222,True
func_ce_0x100007044,1051,False
func_ce_0x1000071c3,-122,True
func_ce_0x1000071dd,1152,True
func_ce_0x10000769a,743,True
func_cn_0x100002db2,727,False
func_cn_0x100003cd6,-581,False
func_co_0x100002948,-188,True
func_co_0x10000294a,934,True
func_cr_0x10000618e,543,True
func_cr_0x1000061f0,284,True
func_cr_0x1000061f9,-493,True
func_cr_0x10000620a,-314,False
func_cr_0x10000621f,62,False
func_cr_0x1000065df,42,False
func_cr_0x1000072f9,-304,True
func_cr_0x100007340,-408,True
func_ct_0x100001d16,239,False
func_ct_0x100001e3f,-297,False
func_ct_0x100001ebd,550,True
func_ct_0x10000303d,-61,True
func_ct_0x100003041,744,True
func_ct_0x100003047,96,True
func_ct_0x100003049,557,True
func_ct_0x10000304d,-558,True
func_ct_0x100003051,-235,False
func_ct_0x100003059,899,True
func_ct_0x100003065,347,False
func_ct_0x1000036b1,527,False
func_ct_0x10000371d,1182,False
func_ct_0x10000371f,-761,True
func_ct_0x100003727,-443,True
func_ct_0x1000037c4,529,True
func_ct_0x100004ef5,1068,False
func_ct_0x100004f23,42,True
func_ct_0x100006f11,-220,True
func_ct_0x10000706e,415,True
func_d0_0x100002d3b,532,True
func_d0_0x100003c30,922,True
func_d0_0x100003ca6,-294,False
func_d0_0x100006910,960,True
func_d0_0x100006912,953,False
func_d0_0x1000073a1,696,False
func_d0_0x1000073ab,222,True
func_d_0x1000001c4,141,True
func_d_0x10000023f,451,True
func_d_0x10000035d,414,False
func_d_0x1000003d6,-712,False
func_d_0x1000003ec,242,False
func_d_0x10000043e,361,False
func_d_0x100000458,363,False
func_d_0x1000004ad,1142,True
func_d_0x100000872,402,False
func_d_0x1000008ba,304,False
func_d_0x10000194d,109,True
func_d_0x100001955,860,False
func_d_0x1000019fa,544,True
func_d_0x100001b31,619,False
func_d_0x100001f5a,353,False
func_d_0x1000024ee,980,False
func_d_0x100002516,953,True
func_d_0x1000029ff,216,False
func_d_0x100002af4,-309,True
func_d_0x100002f44,363,False
func_d_0x100002f4d,-223,True
func_d_0x100003139,134,False
func_d_0x100003174,330,True
func_d_0x1000031ce,773,False
func_d_0x100003277,966,True
func_d_0x100003405,1011,True
func_d_0x10000349b,594,True
func_d_0x1000034c3,180,True
func_d_0x100003610,768,True
func_d_0x100003dce,57,False
func_d_0x10000426d,343,True
func_d_0x1000042cf,379,False
func_d_0x1000044e5,699,False
func_d_0x1000045ff,-187,False
func_d_0x100004744,549,False
func_d_0x100004794,66,True
func_d_0x100004850,677,False
func_d_0x10000491b,1172,False
func_d_0x100004929,-766,False
func_d_0x100004962,444,False
func_d_0x100004b2c,547,False
func_d_0x100004b8a,-468,False
func_d_0x100004bc4,1133,True
func_d_0x100004bec,116,True
func_d_0x100004bef,-92,False
func_d_0x100004bfb,-420,True
func_d_0x100004daa,-335,False
func_d_0x100004e3d,825,False
func_d_0x1000053a7,-422,True
func_d_0x1000053c3,634,True
func_d_0x100005661,894,False
func_d_0x1000056ae,774,False
func_d_0x1000056bb,-334,True
func_d_0x100005732,517,True
func_d_0x100005739,678,True
func_d_0x10000573e,128,False
func_d_0x100005745,1185,False
func_d_0x100005750,-596,True
func_d_0x100005bab,-24,True
func_d_0x100005bb7,-477,True
func_d_0x100005c53,1036,False
func_d_0x100005c6c,861,False
func_d_0x100005d9a,-591,True
func_d_0x100005d9d,1030,True
func_d_0x100005dad,-94,False
func_d_0x100005f90,1136,True
func_d_0x100005f95,-371,False
func_d_0x100006019,-112,True
func_d_0x10000606b,-689,True
func_d_0x1000060e1,96,False
func_d_0x1000060ec,968,True
func_d_0x100006327,1185,False
func_d_0x1000070f4,207,False
func_de_0x1000015a5,-592,True
func_de_0x1000015a7,1018,True
func_de_0x100001663,113,False
func_de_0x100001679,-124,True
func_de_0x100001d13,168,False
func_de_0x100002f8f,-455,False
func_de_0x100002f95,520,True
func_de_0x100002f99,-422,False
func_de_0x100002f9b,-3,True
func_de_0x100002f9f,-252,False
func_de_0x100002fa1,767,False
func_de_0x100002fa3,-542,True
func_de_0x100002fa5,941,True
func_de_0x100002fa9,438,False
func_de_0x100002faf,901,True
func_de_0x100002fb5,999,True
func_de_0x100002fb7,52,False
func_de_0x100002fb9,339,True
func_de_0x100002fbb,-139,True
func_de_0x100002fbd,1120,False
func_de_0x100002fbf,-353,False
func_de_0x100002fc3,-631,False
func_de_0x100002fc5,-767,False
func_de_0x100002fc9,1182,True
func_de_0x100002fcd,904,False
func_de_0x100002fcf,-635,True
func_de_0x10000379b,671,False
func_de_0x10000379f,297,True
func_de_0x1000037a3,458,True
func_de_0x1000037a7,689,False
func_de_0x1000037ab,280,True
func_de_0x1000037ad,977,True
func_de_0x1000037af,105,False
func_de_0x1000037b3,-643,False
func_de_0x1000037b5,-136,False
func_de_0x1000037b7,-503,False
func_de_0x1000037c3,-474,False
func_de_0x1000037d1,492,True
func_de_0x100003fed,135,True
func_de_0x100003fef,37,False
func_de_0x100003ff1,405,False
func_de_0x100003ff3,-494,True
func_de_0x100003ff7,-686,False
func_de_0x100004260,962,True
func_de_0x100004a12,103,False
func_de_0x100004a16,1040,True
func_de_0x100004a1a,-542,False
func_de_0x100004d02,475,True
func_de_0x100004eea,597,False
func_de_0x100004f46,507,False
func_de_0x100005c2f,663,True
func_de_0x100006104,-43,False
func_de_0x100006499,829,False
func_de_0x10000649f,195,True
func_de_0x1000066bf,-156,False
func_de_0x1000066c3,-561,True
func_di_0x100002dfa,-678,True
func_dr_0x10000064c,-526,True
func_dr_0x100000652,646,False
func_dr_0x100000654,-218,False
func_dr_0x1000006c7,-755,True
func_dr_0x100001830,-581,False
func_dr_0x100001832,-64,False
func_dr_0x100001834,-682,False
func_dr_0x100001838,560,False
func_dr_0x10000183c,-547,True
func_dr_0x1000018b6,721,False
func_dr_0x10000418e,-729,True
func_dr_0x1000041ac,-336,False
func_dr_0x100005f62,58,False
func_dr_0x100006213,-556,False
func_dr_0x100006af7,1203,False
func_dr_0x100006bf6,611,True
func_dt_0x100001e38,518,False
func_dt_0x100001e9b,749,False
func_dt_0x100001e9d,-56,False
func_dt_0x100001ea8,-565,False
func_dt_0x100001ebf,636,False
func_dt_0x10000304f,-610,False
func_dt_0x100003072,163,False
func_dt_0x100003866,1054,False
func_dt_0x1000038bd,-312,False
func_dt_0x100003ee5,429,True
func_dt_0x100003ee7,400,False
func_dt_0x100006287,42,True
func_dt_0x100006a67,1135,False
func_dt_0x100006a96,-272,False
func_dt_0x100006ab2,-671,False
func_dt_0x100006c1b,1025,False
func_dt_0x10000778b,606,False
func_e0_0x100003c3f,-166,False
func_e0_0x100003c49,663,False
func_e0_0x10000552f,-746,True
func_e0_0x100005532,986,False
func_e0_0x100005536,-384,False
func_e0_0x10000553c,436,True
func_e0_0x10000553e,-648,True
func_e0_0x100005540,-145,True
func_e0_0x100005542,777,True
func_e0_0x100005546,1176,True
func_e0_0x10000554e,872,False
func_e0_0x100005550,860,False
func_e0_0x100005570,-734,False
func_e0_0x100005572,32,False
func_e0_0x100005574,832,False
func_e0_0x100005578,-527,False
func_e0_0x10000557a,-679,True
func_e0_0x10000557c,-405,False
func_e0_0x10000557e,-303,False
func_e0_0x100005580,243,False
func_e0_0x100005586,920,True
func_e0_0x10000558c,-398,False
func_e0_0x100005598,-625,False
func_e0_0x10000559e,-380,True
func_e0_0x1000055a6,-704,False
func_e0_0x1000055a8,1081,True
func_e0_0x1000055aa,540,False
func_e0_0x1000055ac,-111,True
func_e0_0x1000055ae,841,False
func_e0_0x1000055b0,104,False
func_e0_0x1000055b4,603,True
func_e0_0x1000055d8,-291,True
func_e_0x100000471,735,False
func_e_0x100000819,-388,True
func_e_0x100000854,1131,False
func_e_0x10000085f,-222,False
func_e_0x100000875,754,True
func_e_0x100000883,-653,True
func_e_0x1000008bd,-651,False
func_e_0x1000008c4,153,True
func_e_0x1000008dd,12,False
func_e_0x100000917,618,False
func_e_0x100000921,377,False
func_e_0x100001ec9,797,False
func_e_0x100001ecf,839,False
func_e_0x100001ed7,696,True
func_e_0x100001ede,880,True
func_e_0x100001ee8,118,False
func_e_0x100001eed,211,False
func_e_0x100001ef0,165,True
func_e_0x100001f02,-763,True
func_e_0x1000024e4,-660,False
func_e_0x1000025db,33,True
func_e_0x1000026ee,648,False
func_e_0x1000026f1,-435,False
func_e_0x1000026fa,-649,True
func_e_0x100002718,474,False
func_e_0x10000271a,1152,True
func_e_0x10000273b,-420,True
func_e_0x10000274b,986,False
func_e_0x10000274d,619,False
func_e_0x100002751,613,False
func_e_0x100002753,1113,False
func_e_0x10000276c,-39,False
func_e_0x10000277f,875,True
func_e_0x100002788,904,True
func_e_0x10000278b,-262,True
func_e_0x10000279f,-351,False
func_e_0x1000027a7,-237,True
func_e_0x1000027a9,651,False
func_e_0x1000027ab,102,False
func_e_0x1000027af,1062,False
func_e_0x1000027b3,-690,False
func_e_0x1000027c7,225,True
func_e_0x1000027cf,999,True
func_e_0x1000027d2,-688,True
func_e_0x1000027d8,-501,False
func_e_0x1000027db,659,True
func_e_0x1000027de,1041,True
func_e_0x1000027e1,707,False
func_e_0x1000027f0,17,True
func_e_0x1000027f6,862,True
func_e_0x1000027f9,-384,False
func_e_0x1000027fd,324,True
func_e_0x1000027ff,-252,True
func_e_0x10000280f,818,True
func_e_0x100002811,1094,True
func_e_0x100002815,-629,True
func_e_0x10000281b,-483,True
func_e_0x10000281d,-344,True
func_e_0x10000281f,581,False
func_e_0x100002821,97,False
func_e_0x100002823,-78,True
func_e_0x100002829,539,True
func_e_0x100002837,959,True
func_e_0x10000283b,566,False
func_e_0x10000283f,896,True
func_e_0x100002843,-91,True
func_e_0x100002845,641,False
func_e_0x10000284a,601,True
func_e_0x100002856,-260,True
func_e_0x100002858,683,True
func_e_0x100002864,957,True
func_e_0x100002869,1106,False
func_e_0x100002876,1140,True
func_e_0x10000287a,779,False
func_e_0x10000287f,-756,True
func_e_0x100002887,918,False
func_e_0x1000028a7,-627,True
func_e_0x1000028af,270,False
func_e_0x1000028bb,-594,False
func_e_0x1000028e8,-506,False
func_e_0x100002906,-282,False
func_e_0x10000290f,362,False
func_e_0x100002935,98,False
func_e_0x100002950,797,True
func_e_0x100002952,127,False
func_e_0x100002961,-767,True
func_e_0x100002965,-350,False
func_e_0x10000296a,891,False
func_e_0x10000296e,-182,False
func_e_0x100002972,-712,False
func_e_0x100002974,102,False
func_e_0x100002985,429,True
func_e_0x1000029a1,515,False
func_e_0x1000029c0,418,True
func_e_0x1000029f3,114,False
func_e_0x100002a05,1053,True
func_e_0x100002a09,691,True
func_e_0x100002a2f,-317,False
func_e_0x100002a42,656,True
func_e_0x100002a60,325,True
func_e_0x100002aa5,562,True
func_e_0x100003472,-551,False
func_e_0x10000350d,729,True
func_e_0x100003538,820,True
func_e_0x100004281,-182,True
func_e_0x10000428d,180,False
func_e_0x100004291,791,True
func_e_0x1000047e8,1060,True
func_e_0x1000047f5,400,False
func_e_0x1000051fb,1143,True
func_e_0x10000539a,47,True
func_e_0x1000053f8,120,True
func_e_0x100005432,-660,False
func_e_0x100007961,116,False
func_e_0x10000797d,-312,False
func_ea_0x1000061ca,-90,True
func_ee_0x10000156c,-405,True
func_ee_0x100001781,291,True
func_ee_0x1000018f7,-90,True
func_ee_0x10000190f,300,False
func_ee_0x100001cd4,-630,False
func_ee_0x100001ce7,-606,True
func_ee_0x100001ceb,-25,True
func_ee_0x100001ced,864,False
func_ee_0x10000360b,1006,True
func_ee_0x100003683,-533,False
func_ee_0x1000036bc,210,False
func_ee_0x1000036be,966,False
func_ee_0x1000036c0,810,True
func_ee_0x1000036c2,1009,False
func_ee_0x1000036c8,-539,False
func_ee_0x1000036df,613,True
func_ee_0x1000036e9,1208,False
func_ee_0x100003740,84,True
func_ee_0x100003754,163,True
func_ee_0x100003758,-451,True
func_ee_0x10000457a,-199,False
func_ee_0x100004761,-246,True
func_ee_0x1000051b2,1116,True
func_ee_0x10000523b,496,True
func_ee_0x100005242,11,True
func_ee_0x100005c18,-121,True
func_ee_0x100005d36,-632,True
func_ee_0x100005d38,576,True
func_ee_0x100005d73,-557,True
func_ee_0x100005d7c,-202,True
func_ee_0x100005d80,996,False
func_ee_0x100005ef8,-210,True
func_ee_0x100005efa,-342,False
func_ee_0x100005fce,1064,False
func_ee_0x100006098,-572,True
func_ee_0x100006302,498,False
func_ee_0x10000685a,-286,True
func_ee_0x10000685e,211,False
func_ee_0x10000689d,-407,False
func_ee_0x1000068a3,121,True
func_ee_0x1000068a5,909,True
func_ee_0x1000068a7,-408,True
func_ee_0x1000068a9,971,True
func_ee_0x1000068ad,357,False
func_ee_0x1000068af,343,False
func_ee_0x100006d67,860,False
func_ee_0x100006fbf,-695,True
func_ee_0x1000072e4,-633,True
func_ee_0x100007557,588,False
func_en_0x100002d62,848,False
func_en_0x100003c4d,313,False
func_en_0x100003cbc,-114,True
func_en_0x100003cc6,927,False
func_er_0x100001a6d,622,True
func_er_0x100001a71,-145,False
func_er_0x100001a97,-366,True
func_er_0x100001a9b,-699,False
func_er_0x10000331f,1084,False
func_er_0x100003321,-535,False
func_er_0x100003323,278,False
func_er_0x10000332b,765,True
func_er_0x10000332f,-615,True
func_er_0x100003333,1098,False
func_er_0x10000333d,-465,False
func_er_0x10000333f,395,False
func_er_0x100003345,-126,False
func_er_0x100003347,372,True
func_er_0x100003349,195,False
func_er_0x10000334b,-609,False
func_er_0x100003355,387,False
func_er_0x100003357,-445,False
func_er_0x10000335d,134,True
func_er_0x10000335f,378,False
func_er_0x100003361,-285,True
func_er_0x100003363,584,True
func_er_0x100003367,-358,False
func_er_0x10000336b,-474,True
func_er_0x10000336f,544,False
func_er_0x100003371,527,False
func_er_0x100003373,-704,True
func_er_0x100003375,727,True
func_er_0x100003377,861,False
func_er_0x100003379,1154,True
func_er_0x10000337b,-152,True
func_er_0x100003381,-746,True
func_er_0x100003389,283,False
func_er_0x10000338f,268,False
func_er_0x100003391,690,True
func_er_0x100003393,409,False
func_er_0x10000387b,1188,True
func_er_0x10000387d,42,True
func_er_0x100004094,-357,False
func_er_0x10000409e,-503,True
func_er_0x1000040d4,523,False
func_er_0x1000040d6,-171,True
func_er_0x1000040df,30,False
func_er_0x1000040e1,-345,True
func_er_0x10000527d,864,False
func_er_0x1000052ba,-139,False
func_er_0x1000052be,1104,True
func_er_0x10000533c,802,False
func_er_0x100005348,-736,True
func_er_0x10000534a,1021,False
func_er_0x10000534c,-570,False
func_er_0x10000638b,-41,False
func_er_0x1000064e8,-21,False
func_et_0x100002b3e,219,True
func_et_0x100002b40,-167,False
func_et_0x100002b42,-242,True
func_et_0x100002b44,-68,True
func_et_0x100002b46,602,True
func_et_0x100002b4b,855,True
func_et_0x100002b53,532,False
func_et_0x100002b5e,-42,False
func_et_0x100002b70,-430,True
func_et_0x100002b78,933,False
func_et_0x100002b7a,1001,True
func_et_0x100002b7e,-476,False
func_et_0x100002b80,1076,False
func_et_0x100002c7c,275,True
func_et_0x100002c7e,-634,False
func_et_0x100002c80,619,False
func_et_0x100002c82,196,False
func_et_0x100002c84,-238,False
func_et_0x100002c8a,-57,True
func_et_0x100002c8c,-78,False
func_et_0x100002c92,155,True
func_et_0x100002c94,-758,False
func_et_0x100002c9a,-385,False
func_et_0x100002c9c,595,False
func_et_0x100002ca0,267,False
func_et_0x100002ca4,157,True
func_et_0x100002ca8,284,False
func_et_0x100002caa,979,True
func_et_0x100002cac,-635,True
func_et_0x1000061db,-102,True
func_et_0x100006b27,350,True
func_et_0x100006b45,-261,True
func_et_0x100007309,-355,False
func_f0_0x100003ca1,221,False
func_f0_0x100003ca3,487,False
func_f_0x10000015c,272,True
func_f_0x10000015e,703,True
func_f_0x1000001a2,-150,False
func_f_0x1000002c4,791,True
func_f_0x100000366,-744,True
func_f_0x1000003d4,499,False
func_f_0x1000003e3,-696,True
func_f_0x10000087f,957,True
func_f_0x1000008a7,-575,True
func_f_0x10000168d,-366,True
func_f_0x10000194e,402,True
func_f_0x100001970,-538,False
func_f_0x1000019dd,-692,True
func_f_0x1000019e7,337,True
func_f_0x1000019eb,-538,True
func_f_0x1000019ef,703,False
func_f_0x100001a1f,473,False
func_f_0x100001b72,132,False
func_f_0x100001c27,462,False
func_f_0x100001c68,890,True
func_f_0x1000025af,487,True
func_f_0x100002a8f,-385,False
func_f_0x100002afa,-454,True
func_f_0x1000030b9,-729,False
func_f_0x1000030d9,456,False
func_f_0x100003198,-703,False
func_f_0x1000031b3,-261,True
func_f_0x1000032b7,-336,True
func_f_0x100003303,129,False
func_f_0x100003398,-560,False
func_f_0x10000339a,-191,True
func_f_0x1000033d5,1196,True
func_f_0x100003409,-430,False
func_f_0x100003436,203,False
func_f_0x10000346f,663,True
func_f_0x1000034b4,1061,False
func_f_0x1000037f3,389,True
func_f_0x1000037fc,289,False
func_f_0x100003dd1,720,True
func_f_0x10000454c,401,False
func_f_0x100004561,107,False
func_f_0x1000045e0,-692,True
func_f_0x1000046cf,1179,False
func_f_0x1000046f9,-273,True
func_f_0x100004893,806,False
func_f_0x1000048cf,603,False
func_f_0x1000048eb,878,False
func_f_0x100004a67,-450,True
func_f_0x100004b17,1049,False
func_f_0x100004b38,1098,True
func_f_0x100004da7,-680,False
func_f_0x100004dac,728,True
func_f_0x100004e2d,55,False
func_f_0x100004e33,315,False
func_f_0x100004e49,-762,True
func_f_0x100004e5b,835,True
func_f_0x100004ea1,33,False
func_f_0x100004f9a,1121,False
func_f_0x100005137,-451,True
func_f_0x100005222,726,False
func_f_0x10000522b,304,True
func_f_0x1000056ef,663,True
func_f_0x100005a43,-47,True
func_f_0x100005ba9,627,True
func_f_0x100005c83,296,False
func_f_0x100005db0,279,True
func_f_0x100005dc2,646,False
func_f_0x1000060d0,72,False
func_f_0x100006336,1161,True
func_f_0x100006576,530,True
func_f_0x100006f5c,465,True
func_f_0x100007020,745,True
func_f_0x1000077ba,-417,True
func_f_0x1000077c4,-505,True
func_fe_0x1000001e7,604,True
func_fe_0x1000001eb,869,False
func_fe_0x1000001f0,583,True
func_fe_0x1000015b3,413,True
func_fe_0x10000177e,750,False
func_fe_0x100001787,78,True
func_fe_0x100003023,-240,True
func_fe_0x100003263,-207,True
func_fe_0x10000364b,536,False
func_fe_0x1000036b4,-26,False
func_fe_0x1000036b6,-3,False
func_fe_0x1000036ba,1055,False
func_fe_0x1000036c6,-522,True
func_fe_0x1000036dd,1204,True
func_fe_0x1000036e1,575,False
func_fe_0x10000372e,821,False
func_fe_0x100003730,-134,True
func_fe_0x100003732,479,False
func_fe_0x100003734,-762,False
func_fe_0x100003736,-642,True
func_fe_0x10000373a,-187,True
func_fe_0x100003857,957,False
func_fe_0x100003859,-429,False
func_fe_0x100004775,-24,True
func_fe_0x100005c0f,-171,False
func_fe_0x100005c27,-483,False
func_fe_0x100005c49,40,False
func_fe_0x100005c4e,440,True
func_fe_0x100005c50,343,False
func_fe_0x100005f6b,1174,False
func_fe_0x1000062f5,603,False
func_fe_0x1000062f7,-507,True
func_fe_0x1000062f9,240,False
func_fe_0x1000062ff,1011,False
func_fe_0x100006307,755,True
func_fe_0x1000067c8,-149,False
func_fe_0x1000067ca,-568,False
func_fe_0x1000067e7,301,True
func_fe_0x100006886,474,True
func_fe_0x1000068ab,-231,False
func_fe_0x10000754b,-104,False
func_fe_0x10000755a,882,True
func_fe_0x10000755e,573,True
func_fn_0x100003cdc,919,True
func_fn_0x100005619,1123,False
func_fn_0x10000562f,909,True
func_fr_0x100001a7a,-553,True
func_fr_0x100001dd4,-441,True
func_fr_0x100003b46,-110,False
func_fr_0x1000040ad,573,True
func_fr_0x1000040b2,-187,True
func_fr_0x1000040b9,738,True
func_fr_0x1000040d3,35,True
func_fr_0x100004aef,780,True
func_fr_0x100004af5,1022,False
func_fr_0x100004af9,1054,True
func_fr_0x100007954,-324,False
func_ft_0x1000061d9,-316,False
func_ft_0x1000061dd,191,False
func_ft_0x1000061e4,-142,False
func_ft_0x1000061e6,1138,True
func_ft_0x1000061ea,-695,True
func_ft_0x10000620b,-297,False
func_ft_0x100006b42,911,False
func_ft_0x1000072fc,945,True
func_ft_0x100007306,-718,False
func_g0_0x100003cb9,880,False
func_g0_0x100005523,-395,False
func_g0_0x10000552b,-5,False
func_g0_0x1000055f6,466,False
func_g0_0x10000563e,790,False
func_g0_0x10000589c,1220,False
func_g0_0x10000589e,826,False
func_g_0x100000117,1037,False
func_g_0x100000119,600,False
func_g_0x100000144,345,True
func_g_0x1000003b0,130,True
func_g_0x1000003b4,-684,False
func_g_0x1000003cd,1204,False
func_g_0x1000003cf,-699,False
func_g_0x1000003d1,671,False
func_g_0x1000003fc,-689,False
func_g_0x1000003fe,1010,True
func_g_0x100000400,184,False
func_g_0x100000404,106,True
func_g_0x100000406,-131,True
func_g_0x1000008ad,691,True
func_g_0x1000008b0,727,True
func_g_0x100001559,450,False
func_g_0x1000016dd,888,False
func_g_0x1000017c1,-299,False
func_g_0x100001978,515,False
func_g_0x10000197a,1199,False
func_g_0x10000197e,1078,False
func_g_0x100001997,-568,True
func_g_0x10000199b,449,False
func_g_0x10000199d,791,False
func_g_0x100001a3c,467,True
func_g_0x100001b25,442,True
func_g_0x100001b74,-684,True
func_g_0x100001c97,500,False
func_g_0x100001c99,420,False
func_g_0x100001d6c,-681,True
func_g_0x100002525,-95,False
func_g_0x100003166,-715,True
func_g_0x100003168,-298,True
func_g_0x1000032eb,235,True
func_g_0x1000032ed,460,False
func_g_0x1000032f1,-355,False
func_g_0x1000032f3,330,False
func_g_0x100003567,-403,False
func_g_0x1000039ca,-569,True
func_g_0x100003d3a,623,True
func_g_0x100003d45,449,True
func_g_0x100003d47,-533,False
func_g_0x100003d97,-485,False
func_g_0x100003e5b,292,False
func_g_0x100004120,1214,True
func_g_0x1000044f3,126,False
func_g_0x1000045cd,-555,True
func_g_0x100004718,-580,True
func_g_0x10000471f,1037,True
func_g_0x100004747,1206,False
func_g_0x10000474b,995,False
func_g_0x100004965,-378,False
func_g_0x100004969,-507,False
func_g_0x100004b58,-588,False
func_g_0x100004c61,369,True
func_g_0x100004c65,-574,True
func_g_0x100004f8f,1014,True
func_g_0x100004fc2,601,True
func_g_0x1000051dd,-291,True
func_g_0x100005407,175,False
func_g_0x1000054e1,-574,False
func_g_0x100005c85,789,True
func_g_0x100005e87,245,True
func_g_0x100005ec2,342,False
func_g_0x100006249,479,False
func_g_0x1000062c2,-462,True
func_g_0x100006320,1060,False
func_g_0x100006421,426,False
func_g_0x100006426,429,True
func_g_0x10000642a,1213,False
func_g_0x100006d34,-414,False
func_g_0x1000070f6,0,False
func_g_0x100007131,-94,False
func_g_0x100007587,-378,False
func_g_0x10000767f,-728,True
func_g_0x1000076dd,-586,False
func_ge_0x1000004b9,1073,True
func_ge_0x100000664,602,True
func_ge_0x1000006eb,366,True
func_ge_0x100005f4f,275,False
func_ge_0x100005f59,-390,False
func_ge_0x100006107,-24,True
func_ge_0x100006198,-7,True
func_ge_0x1000061a2,-769,False
func_ge_0x1000061d3,102,False
func_ge_0x100006207,763,False
func_ge_0x100006228,353,True
func_ge_0x100006230,-409,True
func_ge_0x100006232,320,True
func_ge_0x100006237,-581,False
func_ge_0x10000659a,-10,True
func_ge_0x100006bd5,541,False
func_ge_0x100006bdb,341,True
func_gn_0x1000061c5,-662,False
func_gn_0x1000061c9,324,True
func_gn_0x100007313,891,False
func_gn_0x100007317,945,True
func_gn_0x100007319,440,False
func_gt_0x100001e6b,1013,False
func_gt_0x1000036ad,-682,True
func_gt_0x1000036af,591,True
func_gt_0x100003729,1112,False
func_gt_0x1000038b9,1087,False
func_gt_0x100004981,964,False
func_gt_0x100004f0c,112,True
func_gt_0x10000508c,74,False
func_gt_0x100006ec0,256,True
func_gt_0x100006ef3,942,True
func_gt_0x100006ef8,128,True
func_gt_0x100007470,476,True
func_h0_0x1000026dd,-700,False
func_h0_0x1000026f7,-82,True
func_h0_0x1000028c3,-308,True
func_h_0x1000000fd,-706,False
func_h_0x100000148,937,True
func_h_0x10000014a,-9,False
func_h_0x100000199,-119,False
func_h_0x1000001a8,465,False
func_h_0x100001528,250,False
func_h_0x10000161e,574,False
func_h_0x1000017c5,1126,True
func_h_0x100001995,780,True
func_h_0x1000019a2,572,False
func_h_0x1000019d3,-234,True
func_h_0x100001b1d,731,True
func_h_0x100001b48,142,True
func_h_0x100001c8a,454,True
func_h_0x100001f34,-45,True
func_h_0x100002f71,599,False
func_h_0x100002fdc,-467,True
func_h_0x1000030e0,7,True
func_h_0x1000030e2,-661,True
func_h_0x10000310d,-659,False
func_h_0x1000031c2,-444,True
func_h_0x1000031eb,865,False
func_h_0x1000032b8,538,False
func_h_0x1000032f9,100,False
func_h_0x100003412,1006,True
func_h_0x100003414,548,True
func_h_0x100003427,-517,True
func_h_0x100003482,-110,True
func_h_0x10000348c,-677,False
func_h_0x10000348e,-449,False
func_h_0x1000034d9,-197,False
func_h_0x1000034db,-503,True
func_h_0x1000034df,863,True
func_h_0x1000034e3,971,True
func_h_0x1000034e5,-132,True
func_h_0x1000034e7,-765,True
func_h_0x1000034eb,205,True
func_h_0x1000034f7,1037,True
func_h_0x1000034f9,1113,True
func_h_0x1000034fb,-693,True
func_h_0x1000034fe,-65,False
func_h_0x100003508,649,False
func_h_0x100003585,558,False
func_h_0x100003806,532,False
func_h_0x100003d3c,114,False
func_h_0x100003e62,-40,False
func_h_0x100003e65,557,True
func_h_0x1000042de,-603,False
func_h_0x1000042ee,412,True
func_h_0x1000042f2,-478,False
func_h_0x1000042f4,-229,False
func_h_0x1000044e2,1097,False
func_h_0x10000453c,-272,False
func_h_0x1000045cf,-358,True
func_h_0x1000045d3,87,False
func_h_0x1000046f3,795,True
func_h_0x100004745,667,False
func_h_0x1000047ad,-728,False
func_h_0x10000491c,1022,True
func_h_0x10000492a,-614,True
func_h_0x100004b24,950,True
func_h_0x100004c64,782,True
func_h_0x100004f84,-445,True
func_h_0x100004f9d,-130,False
func_h_0x100005409,-462,True
func_h_0x1000054a7,494,False
func_h_0x1000054b0,-293,False
func_h_0x100005a69,871,False
func_h_0x100005c84,124,True
func_h_0x100005fa1,42,True
func_h_0x10000604f,-399,False
func_h_0x100006424,914,True
func_h_0x1000066e6,-614,True
func_h_0x1000066f4,567,True
func_h_0x100006e97,666,False
func_h_0x100007261,-636,False
func_h_0x100007265,287,False
func_h_0x100007451,42,True
func_h_0x1000076e9,1149,True
func_he_0x10000066d,-273,False
func_he_0x1000017ff,-183,False
func_he_0x100001803,-746,True
func_he_0x100001817,-676,True
func_he_0x100001827,552,False
func_he_0x100002eb4,1035,False
func_he_0x100003bb3,-493,True
func_he_0x100003bbd,-667,True
func_he_0x100003bc7,991,False
func_he_0x100003bd3,-389,False
func_he_0x100003bd7,-457,True
func_he_0x100003bfd,-292,True
func_he_0x100003c2d,1212,False
func_he_0x100003ce6,170,False
func_he_0x100003cef,330,False
func_he_0x100006937,242,True
func_ht_0x100003791,412,False
func_ht_0x100003875,-204,True
func_ht_0x10000406f,156,True
func_ht_0x1000040e9,79,True
func_ht_0x100004101,482,True
func_ht_0x100004103,69,True
func_ht_0x10000410a,425,True
func_ht_0x10000410c,-220,True
func_ht_0x10000498e,-16,False
func_ht_0x100004990,382,True
func_ht_0x100004995,-768,False
func_ht_0x10000577d,-364,False
func_ht_0x100005788,-144,False
func_ht_0x10000578e,1142,False
func_ht_0x100005794,620,True
func_ht_0x100005798,234,True
func_ht_0x10000579e,190,False
func_ht_0x1000057a4,-536,True
func_ht_0x1000057aa,-359,False
func_ht_0x1000057ae,-497,False
func_ht_0x1000057b0,-238,True
func_ht_0x1000057b4,293,True
func_ht_0x1000057c2,-574,False
func_ht_0x1000057c4,-82,False
func_ht_0x1000057ca,-461,True
func_ht_0x1000057cc,-725,True
func_ht_0x1000057ce,-103,False
func_ht_0x1000057d0,420,False
func_ht_0x1000057d2,139,False
func_ht_0x1000057d4,-408,False
func_ht_0x1000057d6,409,False
func_ht_0x1000057df,574,True
func_ht_0x100006c0d,-740,True
func_ht_0x100006c18,427,False
func_ht_0x100006eb4,-160,True
func_i0_0x100003c7f,-224,True
func_i0_0x100005534,687,True
func_i0_0x100005554,-393,True
func_i0_0x100005556,-625,False
func_i0_0x100005644,194,False
func_ia_0x100002de5,998,True
func_ia_0x100002ded,-609,False
func_ia_0x100002def,985,False
func_ie_0x1000001e3,1173,False
func_ie_0x1000001e5,-44,False
func_ie_0x1000001e9,242,False
func_ie_0x10000158d,-773,False
func_ie_0x100001596,-224,True
func_ie_0x1000015ae,76,True
func_ie_0x1000015b5,-282,False
func_ie_0x100001667,-696,True
func_ie_0x100001680,-554,True
func_ie_0x100001683,331,False
func_ie_0x100003029,623,True
func_ie_0x10000303c,-555,True
func_ie_0x1000035dd,-190,True
func_ie_0x1000036b8,664,True
func_ie_0x1000036e2,149,True
func_ie_0x1000036e6,-402,False
func_ie_0x10000373c,317,True
func_ie_0x100003741,-383,True
func_ie_0x100003745,15,False
func_ie_0x100003748,975,True
func_ie_0x10000389d,913,False
func_ie_0x100005c22,674,False
func_ie_0x100005c39,250,True
func_ie_0x1000062eb,63,True
func_ie_0x1000062f3,32,False
func_ie_0x1000062fb,-402,True
func_ie_0x10000654c,625,False
func_ie_0x10000654e,207,False
func_ie_0x100006552,-679,False
func_ie_0x100006554,1143,False
func_ie_0x100006556,-709,False
func_ie_0x100006560,626,False
func_ie_0x100006562,-63,False
func_ie_0x100006566,-96,True
func_ie_0x1000067c2,988,False
func_ie_0x1000067cc,928,False
func_ie_0x1000067d4,77,True
func_ie_0x1000067db,962,False
func_ie_0x1000067df,372,False
func_ie_0x1000067e5,-535,False
func_ie_0x100006866,-507,False
func_ie_0x100006d64,-295,True
func_ie_0x100006fc1,935,False
func_ie_0x100007554,-478,False
func_ie_0x100007825,362,True
func_ir_0x1000057e4,561,False
func_ir_0x100006b0f,-687,False
func_ir_0x100006b11,182,False
func_ir_0x100006b13,164,True
func_ir_0x100006b18,967,False
func_ir_0x100006b20,-18,True
func_ir_0x1000072ec,1182,True
func_ir_0x1000072ee,92,True
func_it_0x100001aad,460,False
func_it_0x100004068,1211,True
func_it_0x1000040b7,-688,False
func_it_0x1000040c6,896,False
func_it_0x1000040dc,968,True
func_it_0x1000040ed,-365,False
func_it_0x1000040f7,-472,False
func_it_0x100004999,1093,True
func_it_0x100005f0b,682,False
func_it_0x100005f0d,1069,False
func_it_0x100005f0f,271,False
func_it_0x100005f1b,415,False
func_it_0x100005f21,624,False
func_it_0x100005f25,-353,True
func_it_0x100006386,952,False
func_it_0x100006c06,258,False
func_it_0x100006c0b,1153,True
func_it_0x100006cc0,1027,True
func_it_0x100006d2f,924,False
func_it_0x100006ebb,795,False
func_it_0x10000727a,996,False
func_it_0x10000727c,150,True
func_it_0x1000072b8,1068,False
func_it_0x1000072ba,-725,True
func_it_0x1000072bc,-308,False
func_it_0x1000072be,17,False
func_it_0x1000072c2,-148,True
func_it_0x1000072c4,-88,False
func_it_0x1000072c8,828,True
func_it_0x1000072ca,-704,False
func_it_0x1000072cc,551,True
func_it_0x1000072ce,208,False
func_it_0x1000072d0,1089,True
func_it_0x1000072d4,91,True
func_it_0x1000072d6,121,True
func_it_0x1000072dc,173,False
func_j0_0x100002d5c,-639,True
func_j0_0x100002d5e,283,True
func_j0_0x1000055bd,873,False
func_j0_0x1000055bf,678,True
func_j0_0x1000055c3,-262,False
func_j0_0x1000055c5,1055,True
func_j0_0x1000055c7,1198,True
func_j0_0x1000055dc,674,False
func_j_0x1000001dd,288,False
func_j_0x100001561,579,False
func_j_0x100001565,-396,True
func_j_0x100001573,143,True
func_j_0x100001724,289,True
func_j_0x100001734,165,True
func_j_0x1000018cb,-240,True
func_j_0x100001bfe,-303,False
func_j_0x100001c00,-26,True
func_j_0x100001caa,520,False
func_j_0x100001e07,-111,False
func_j_0x1000024c5,243,True
func_j_0x100002d04,606,True
func_j_0x100002d12,386,True
func_j_0x100002d1a,479,False
func_j_0x100002d1e,-338,True
func_j_0x100002f0c,-571,True
func_j_0x100002f0e,919,False
func_j_0x100002f12,-398,True
func_j_0x100002f16,981,False
func_j_0x100002f1a,975,True
func_j_0x100002f1e,-225,False
func_j_0x100002f22,162,False
func_j_0x100002f24,749,False
func_j_0x100002f28,469,True
func_j_0x100002f2c,523,True
func_j_0x100002f2e,1127,False
func_j_0x100002f30,-349,True
func_j_0x100002f32,-253,False
func_j_0x100002fec,668,False
func_j_0x100003250,-313,True
func_j_0x1000037d8,973,False
func_j_0x100004384,536,True
func_j_0x100004575,45,True
func_j_0x100004586,-470,True
func_j_0x1000045a3,-586,False
func_j_0x100004678,-72,True
func_j_0x10000467e,-137,True
func_j_0x10000505d,364,True
func_j_0x10000505f,-601,True
func_j_0x100005062,882,False
func_j_0x100005145,1146,False
func_j_0x10000516f,1192,False
func_j_0x100005a27,-351,False
func_j_0x100005bd2,424,False
func_j_0x100005cf8,-479,True
func_j_0x100005cfa,1164,True
func_j_0x100005e42,-220,False
func_j_0x100005e46,987,True
func_j_0x100005ef4,1134,True
func_j_0x100005f01,160,True
func_j_0x100005f75,305,False
func_j_0x100006740,-43,True
func_j_0x100006829,266,False
func_j_0x100006d80,921,True
func_j_0x100006dbc,743,True
func_j_0x100006dcb,379,True
func_j_0x100006e9f,105,True
func_j_0x10000749d,1128,False
func_j_0x100007549,1128,True
func_j_0x1000077fe,-490,False
func_je_0x100001d1c,1142,True
func_je_0x100001e66,819,True
func_je_0x100003052,110,True
func_je_0x100003723,459,True
func_je_0x1000038c0,94,True
func_je_0x100003b0f,167,True
func_je_0x100003b11,165,False
func_je_0x100003b13,-576,True
func_je_0x100003b21,1193,True
func_je_0x100003b27,-14,True
func_je_0x100003b36,147,True
func_je_0x100003ebf,83,False
func_je_0x100003edb,-600,False
func_je_0x100003eeb,-734,False
func_je_0x100003ef2,362,True
func_je_0x100003ef9,-640,True
func_je_0x100004f1d,377,True
func_je_0x100005e57,410,False
func_je_0x100005e72,-672,False
func_je_0x100005e74,1069,True
func_je_0x100006a68,-509,True
func_je_0x100006a76,-616,False
func_je_0x100006f12,186,False
func_je_0x100006f14,-43,False
func_je_0x10000705b,736,True
func_je_0x100007495,-24,True
func_jn_0x1000020de,42,True
func_jn_0x1000020e0,-362,True
func_jn_0x1000020e2,-693,True
func_jn_0x10000227d,606,True
func_jr_0x100002b82,-82,False
func_jr_0x1000061bd,-352,True
func_jr_0x1000061bf,746,False
func_jr_0x1000061c1,14,False
func_jr_0x100006b2c,955,True
func_jr_0x100006b39,1021,True
func_jr_0x1000072f4,1175,True
func_jr_0x100007302,25,False
func_k0_0x100003c18,661,False
func_k0_0x100003c1a,-67,True
func_k0_0x100003c8a,634,True
func_k0_0x100003cea,664,True
func_k0_0x1000068e0,400,True
func_k0_0x1000068e6,728,True
func_k0_0x1000068e8,126,False
func_k0_0x100006930,-651,False
func_k_0x1000000fe,1209,False
func_k_0x100000106,279,False
func_k_0x100000122,-317,False
func_k_0x1000001a5,1187,False
func_k_0x100000395,1145,False
func_k_0x1000003a0,-616,False
func_k_0x100000836,102,False
func_k_0x100000838,731,True
func_k_0x10000083c,-29,True
func_k_0x10000083e,819,True
func_k_0x100000840,-334,True
func_k_0x100001529,-255,True
func_k_0x1000015fb,686,False
func_k_0x1000015ff,-246,False
func_k_0x100001615,1021,False
func_k_0x100001745,-610,True
func_k_0x100001a27,845,True
func_k_0x100001b56,641,False
func_k_0x100001bf3,-208,True
func_k_0x100001c10,798,True
func_k_0x100001c12,644,True
func_k_0x100001c14,-748,True
func_k_0x100001d48,1033,True
func_k_0x100001d99,41,False
func_k_0x10000258a,1151,False
func_k_0x100002599,-234,True
func_k_0x100002aed,19,True
func_k_0x100002f54,1105,False
func_k_0x1000030f8,768,False
func_k_0x100003100,387,False
func_k_0x10000315d,-599,False
func_k_0x100003181,-386,False
func_k_0x1000031c5,-254,False
func_k_0x1000031cf,325,True
func_k_0x1000031ee,-295,True
func_k_0x100003208,85,False
func_k_0x10000323b,991,False
func_k_0x10000344d,325,False
func_k_0x1000035a6,992,True
func_k_0x1000038fc,949,True
func_k_0x100003d21,430,True
func_k_0x100003d57,754,True
func_k_0x100003d8e,-324,True
func_k_0x100003de4,409,False
func_k_0x100003df1,-575,True
func_k_0x100003df7,-334,False
func_k_0x100004142,1,True
func_k_0x10000432f,632,False
func_k_0x10000438e,-281,True
func_k_0x1000043df,-336,True
func_k_0x1000043ef,-1,False
func_k_0x10000440c,-105,True
func_k_0x10000440e,-689,True
func_k_0x1000046ac,-596,True
func_k_0x100004724,-2,True
func_k_0x1000047a6,244,False
func_k_0x1000047b0,101,False
func_k_0x100004939,94,True
func_k_0x10000493e,832,True
func_k_0x100004dd9,708,True
func_k_0x100004f61,62,True
func_k_0x100004f64,402,True
func_k_0x100004f6a,972,False
func_k_0x1000051e0,821,False
func_k_0x1000051e5,-345,True
func_k_0x100005c64,514,False
func_k_0x100005c6e,579,False
func_k_0x100005c71,195,True
func_k_0x100005c73,652,True
func_k_0x100005c75,-429,False
func_k_0x100006046,71,False
func_k_0x100006787,838,True
func_k_0x100006d40,342,True
func_k_0x100006d48,756,False
func_k_0x100006d9f,-743,True
func_k_0x100006f20,459,True
func_k_0x10000700f,1017,True
func_k_0x1000070d7,226,False
func_k_0x100007170,635,True
func_k_0x100007176,477,True
func_k_0x100007178,348,True
func_k_0x100007571,1020,True
func_k_0x1000075cb,-237,False
func_k_0x10000796d,1012,True
func_k_0x100007972,988,False
func_ke_0x100001656,-369,False
func_ke_0x10000165a,-414,True
func_ke_0x100001907,948,True
func_ke_0x1000024b0,840,False
func_ke_0x100002ff0,350,True
func_ke_0x100002ff2,-662,False
func_ke_0x100002ff6,617,True
func_ke_0x100003646,179,True
func_ke_0x1000036d5,463,False
func_ke_0x1000036d7,-270,True
func_ke_0x1000037bb,1041,True
func_ke_0x100004cf0,1060,False
func_ke_0x100004d0c,-751,True
func_ke_0x100005fe3,-502,True
func_ke_0x1000060b1,-391,False
func_ke_0x100006497,190,False
func_ke_0x100006877,405,False
func_ke_0x100006894,790,False
func_ke_0x100006a7a,-14,True
func_ke_0x10000704d,-654,True
func_ke_0x100007073,-346,False
func_ke_0x100007180,-603,True
func_ke_0x100007182,-232,False
func_ke_0x100007184,-622,False
func_ke_0x1000071c5,-650,True
func_ke_0x1000071ca,-193,True
func_ke_0x1000071ce,-568,False
func_ke_0x1000071d7,-180,False
func_ke_0x1000071d9,-524,False
func_ke_0x1000071df,1040,False
func_ke_0x1000071e3,283,False
func_ke_0x1000071ea,-275,False
func_kr_0x1000021ff,-635,False
func_kr_0x10000226d,68,True
func_kr_0x1000022d5,-31,False
func_kr_0x100002469,-266,False
func_kt_0x100003c32,-668,False
func_kt_0x100003c66,735,True
func_kt_0x100003c6c,264,True
func_kt_0x100003c76,1037,False
func_kt_0x10000690e,689,True
func_kt_0x10000737b,171,True
func_kt_0x10000737d,442,False
func_kt_0x100007383,-514,False
func_kt_0x100007385,850,False
func_kt_0x100007387,711,True
func_kt_0x10000738d,-374,True
func_kt_0x10000738f,-638,False
func_kt_0x1000073a9,-599,True
func_l0_0x100003c77,772,True
func_l0_0x100005928,-371,False
func_l_0x100000203,849,True
func_l_0x1000003af,135,True
func_l_0x1000003f0,-632,False
func_l_0x1000015f2,361,True
func_l_0x100001936,285,False
func_l_0x10000193b,321,False
func_l_0x100001940,1075,False
func_l_0x100001958,676,True
func_l_0x100001961,1114,False
func_l_0x100001963,-298,False
func_l_0x100001968,1049,True
func_l_0x1000019b8,555,True
func_l_0x1000019cb,-550,True
func_l_0x1000019cd,-127,True
func_l_0x1000019e1,-467,False
func_l_0x100001a14,511,False
func_l_0x100001a24,-731,True
func_l_0x100001a56,-415,True
func_l_0x100001b18,177,False
func_l_0x100001b40,-615,False
func_l_0x100001b43,-139,True
func_l_0x100001c58,-597,False
func_l_0x100001c5b,887,True
func_l_0x100001c87,1005,False
func_l_0x100002f73,-619,True
func_l_0x100003282,-431,True
func_l_0x10000339c,885,True
func_l_0x1000033ac,635,True
func_l_0x1000033b0,-647,True
func_l_0x1000033b2,-427,True
func_l_0x1000033f6,-760,False
func_l_0x1000033f8,789,True
func_l_0x1000034cd,1061,True
func_l_0x100003505,15,True
func_l_0x100003520,1073,True
func_l_0x100003522,526,False
func_l_0x100003526,-71,True
func_l_0x100003528,-410,False
func_l_0x10000352a,-486,True
func_l_0x10000352c,-186,False
func_l_0x10000352e,1176,False
func_l_0x100003562,-54,False
func_l_0x100003589,612,True
func_l_0x10000358b,718,False
func_l_0x1000035b4,-642,True
func_l_0x100003dda,550,False
func_l_0x100003dde,-744,True
func_l_0x100003e61,959,False
func_l_0x100003f82,-371,False
func_l_0x1000042fa,-567,True
func_l_0x1000042fd,531,False
func_l_0x100004450,102,False
func_l_0x100004607,1051,False
func_l_0x100004667,-178,False
func_l_0x10000479d,782,True
func_l_0x1000048b4,139,True
func_l_0x1000048bc,472,True
func_l_0x10000496b,666,True
func_l_0x100004a71,-738,True
func_l_0x100004b22,-440,True
func_l_0x100004b26,-186,True
func_l_0x100004c6e,348,False
func_l_0x100004c7f,-450,False
func_l_0x100005018,351,True
func_l_0x1000050ed,106,True
func_l_0x100005119,1147,False
func_l_0x10000511b,951,True
func_l_0x10000513a,1092,True
func_l_0x100005403,-238,True
func_l_0x10000540b,-359,False
func_l_0x1000056a7,242,True
func_l_0x100005a62,262,True
func_l_0x100005a97,-447,True
func_l_0x100005a99,915,False
func_l_0x100005bb2,-137,False
func_l_0x100005d03,614,True
func_l_0x100005e95,1129,False
func_l_0x100006062,717,True
func_l_0x100006101,-90,False
func_l_0x1000062b2,1017,False
func_l_0x10000633a,-555,True
func_l_0x100006cb3,1112,False
func_l_0x100006f6f,935,False
func_l_0x1000070fc,-489,False
func_l_0x10000714c,-562,False
func_l_0x10000715e,701,True
func_l_0x100007453,-570,False
func_l_0x100007455,-294,True
func_l_0x100007568,98,True
func_la_0x100003ccf,880,True
func_le_0x1000001f5,989,False
func_le_0x1000001f7,-446,True
func_le_0x100001590,-258,True
func_le_0x100001594,-365,False
func_le_0x1000015a1,-431,False
func_le_0x1000015b7,-696,True
func_le_0x100001671,868,False
func_le_0x100003666,-525,False
func_le_0x10000374c,652,False
func_le_0x100003750,-108,True
func_le_0x10000384e,192,True
func_le_0x100004180,1020,True
func_le_0x100004771,-579,True
func_le_0x100004cdb,1032,True
func_le_0x100004ce3,-64,True
func_le_0x100004ce5,-643,True
func_le_0x100005065,207,False
func_le_0x1000051b0,672,False
func_le_0x100005981,458,True
func_le_0x100005d67,371,False
func_le_0x100006546,387,False
func_le_0x100006548,58,False
func_le_0x10000654a,-119,True
func_le_0x100006558,-763,True
func_le_0x10000655a,-420,False
func_le_0x10000655c,788,False
func_le_0x10000655e,-648,False
func_le_0x100006568,88,False
func_le_0x10000656c,920,False
func_le_0x1000067e1,-528,False
func_le_0x10000687c,427,True
func_le_0x100007558,533,True
func_ln_0x10000275e,-222,True
func_ln_0x100002760,-774,False
func_ln_0x100002762,240,False
func_ln_0x1000028d3,1176,True
func_ln_0x1000028ee,-363,True
func_ln_0x10000298f,355,False
func_ln_0x100002995,1140,True
func_lr_0x100001a74,938,False
func_lr_0x100001a7b,931,False
func_lr_0x100001a7f,1040,False
func_lr_0x100001a81,796,True
func_lr_0x100001db4,284,True
func_lr_0x100001db6,-150,False
func_lr_0x100001dba,993,True
func_lr_0x100001dbc,416,True
func_lr_0x100001dc0,-88,False
func_lr_0x100001dc4,353,False
func_lr_0x100001dcc,694,True
func_lr_0x100001dce,-158,True
func_lr_0x100001dd0,-564,True
func_lr_0x100003318,-314,True
func_lr_0x10000331b,-601,False
func_lr_0x100003a5f,639,True
func_lr_0x100003a6b,768,False
func_lr_0x100003a6d,446,False
func_lr_0x100003a72,224,False
func_lr_0x100003a76,621,True
func_lr_0x100003a7e,-595,False
func_lr_0x100003a80,-57,False
func_lr_0x100003a88,518,False
func_lr_0x100003a90,-157,False
func_lr_0x100003a92,305,True
func_lr_0x100003a96,1097,True
func_lr_0x100003a98,-707,True
func_lr_0x100003aa0,-94,True
func_lr_0x100003aa4,761,True
func_lr_0x100003ab0,-472,True
func_lr_0x100003ab6,-617,False
func_lr_0x100003ace,-337,True
func_lr_0x100003ad4,-31,False
func_lr_0x100003ad9,-553,True
func_lr_0x100003adc,-709,True
func_lr_0x1000040a3,940,False
func_lr_0x1000040ce,261,True
func_lr_0x1000052f5,500,False
func_lr_0x10000533f,544,False
func_lr_0x10000639d,680,False
func_lt_0x1000008a3,223,True
func_m_0x1000003cc,-122,False
func_m_0x10000161d,111,True
func_m_0x100001929,-378,True
func_m_0x100001934,360,False
func_m_0x1000019cf,457,False
func_m_0x100001be6,-394,True
func_m_0x100001c5d,-488,False
func_m_0x100001c7a,-128,False
func_m_0x100001c7d,1074,False
func_m_0x100001c7f,766,True
func_m_0x100002480,248,True
func_m_0x100002482,-734,True
func_m_0x100002524,-350,False
func_m_0x100003273,-769,True
func_m_0x1000032e4,789,True
func_m_0x1000033ae,690,True
func_m_0x1000033f0,976,False
func_m_0x1000033f2,218,True
func_m_0x1000033f4,-116,True
func_m_0x10000340e,460,False
func_m_0x100003410,540,True
func_m_0x100003429,779,False
func_m_0x100003486,-475,True
func_m_0x1000034b6,-28,True
func_m_0x1000034ba,420,True
func_m_0x1000034bc,-318,True
func_m_0x1000034be,314,False
func_m_0x1000034e9,-297,True
func_m_0x100003503,1185,True
func_m_0x100003566,1070,False
func_m_0x10000359f,258,True
func_m_0x100003808,535,False
func_m_0x1000039d9,-765,True
func_m_0x100003d55,-599,False
func_m_0x100003dd8,1170,False
func_m_0x100003ddc,956,True
func_m_0x100003f02,595,True
func_m_0x100003f4a,14,False
func_m_0x100003f7d,1086,False
func_m_0x1000042ec,959,False
func_m_0x1000042f0,1216,True
func_m_0x1000044c9,269,True
func_m_0x100004609,536,False
func_m_0x100004663,776,False
func_m_0x100004665,1169,False
func_m_0x100004795,1135,False
func_m_0x100004896,-510,True
func_m_0x1000048b7,426,True
func_m_0x1000048f3,-319,True
func_m_0x100004920,-294,True
func_m_0x10000492c,381,False
func_m_0x10000492e,1172,False
func_m_0x100004953,-647,False
func_m_0x100004955,492,True
func_m_0x100004a69,512,True
func_m_0x100004a6b,138,True
func_m_0x100004a6d,-191,False
func_m_0x100004a6f,868,True
func_m_0x100004c51,-716,False
func_m_0x100005138,115,True
func_m_0x1000051c4,533,False
func_m_0x100005371,691,True
func_m_0x1000056fc,801,True
func_m_0x100005a64,626,False
func_m_0x100005a67,-139,True
func_m_0x100005a70,-83,True
func_m_0x100005a9d,523,True
func_m_0x100005b7d,-668,False
func_m_0x100005cc5,-185,True
func_m_0x100005d2c,-197,False
func_m_0x100005da2,71,False
func_m_0x100005dc3,1018,False
func_m_0x100005dc5,142,False
func_m_0x100005eab,565,True
func_m_0x100005f7d,-565,True
func_m_0x100005f81,-43,True
func_m_0x100006d58,308,True
func_m_0x100007263,977,True
func_m_0x10000726c,466,False
func_m_0x1000074fe,558,False
func_m_0x100007500,68,True
func_m_0x1000075b0,1152,True
func_m_0x10000767e,60,False
func_m_0x1000077bb,-238,False
func_md_0x100002946,1128,False
func_me_0x100001668,817,False
func_me_0x100001672,924,True
func_me_0x100001684,538,False
func_me_0x100001e0a,-72,False
func_me_0x1000024ad,-174,False
func_me_0x10000363c,631,False
func_me_0x100003642,-198,False
func_me_0x100003654,765,True
func_me_0x10000365c,-515,True
func_me_0x100003662,258,False
func_me_0x1000036cb,46,True
func_me_0x1000036cf,-199,False
func_me_0x10000371b,377,True
func_me_0x10000385c,-625,False
func_me_0x10000385e,-177,False
func_me_0x1000038ac,524,True
func_me_0x100003b55,100,False
func_me_0x1000044a5,-78,True
func_me_0x100004ce1,1211,False
func_me_0x100004ced,210,True
func_me_0x100004d11,901,False
func_me_0x100004d17,357,True
func_me_0x100005068,858,True
func_me_0x100005986,714,True
func_me_0x10000598e,288,True
func_me_0x100005990,267,True
func_me_0x100005992,410,True
func_me_0x10000599a,693,False
func_me_0x10000599c,524,True
func_me_0x100005c12,-557,False
func_me_0x100006550,604,False
func_me_0x10000656e,362,True
func_me_0x1000067c6,579,False
func_me_0x1000067d6,66,True
func_me_0x10000687d,-623,True
func_me_0x100006889,200,True
func_me_0x100007629,-133,False
func_me_0x10000762b,-630,True
func_me_0x100007637,370,False
func_me_0x10000763b,1037,False
func_me_0x100007642,626,False
func_me_0x100007644,233,False
func_me_0x10000767b,1176,True
func_me_0x100007804,-409,False
func_me_0x100007830,-162,True
func_me_0x100007832,583,False
func_me_0x100007834,-433,True
func_mi_0x100002093,245,False
func_mi_0x100002099,52,False
func_mi_0x10000209d,-84,True
func_mi_0x10000209f,848,True
func_mi_0x1000020a1,-86,False
func_mn_0x1000026fc,403,False
func_mn_0x100002896,927,False
func_mn_0x100002898,268,False
func_mn_0x10000289c,1195,True
func_mn_0x10000289e,72,False
func_mn_0x1000028f4,258,True
func_mn_0x100002919,343,True
func_mn_0x10000291b,-95,False
func_mn_0x10000291d,1201,True
func_mn_0x10000291f,-210,False
func_mr_0x100001dca,391,False
func_mr_0x100003ab4,980,True
func_mr_0x100003ab8,1075,True
func_mr_0x100003abc,-127,True
func_mr_0x100003ac6,1178,True
func_mr_0x100003ac8,617,False
func_mr_0x100003acb,485,True
func_mr_0x100003ad2,10,False
func_mr_0x100003ad7,526,True
func_mr_0x1000040ba,-365,True
func_mr_0x1000040be,-291,True
func_mr_0x1000040c0,-474,True
func_mr_0x100005298,191,True
func_mr_0x100006c2d,399,False
func_mr_0x100006c35,-6,False
func_mr_0x100006c3f,358,True
func_mt_0x100003c35,-396,False
func_mt_0x1000058a5,-121,False
func_mt_0x1000058a9,868,False
func_mt_0x1000058bc,1187,False
func_mt_0x1000058c2,-561,False
func_mt_0x1000058c8,273,False
func_mt_0x1000058d8,-510,False
func_mt_0x1000058dc,-427,False
func_mt_0x1000058de,19,False
func_mt_0x1000058e2,1100,False
func_mt_0x1000058e4,328,False
func_mt_0x1000058e8,-313,False
func_mt_0x1000058ea,-88,False
func_mt_0x1000058f0,-364,True
func_mt_0x100005900,226,False
func_mt_0x10000590c,563,True
func_mt_0x100005916,1052,False
func_mt_0x10000591e,218,True
func_mt_0x100005924,352,True
func_mt_0x100005943,20,True
func_mt_0x10000594b,87,True
func_mt_0x100005951,-628,False
func_mt_0x100005955,1013,False
func_mt_0x10000690c,-317,False
func_mt_0x100007398,-299,False
func_mt_0x10000739a,786,False
func_mt_0x10000739c,759,False
func_n0_0x100002370,368,True
func_n0_0x100002372,905,False
func_n0_0x100002374,-573,True
func_n0_0x100002376,835,True
func_n0_0x10000237a,-412,False
func_n0_0x10000237e,-179,True
func_n0_0x100002380,930,False
func_n0_0x100002388,827,False
func_n0_0x10000238a,171,False
func_n0_0x100002394,924,False
func_n0_0x1000023a0,1170,False
func_n0_0x1000023a2,529,True
func_n0_0x1000023a4,1145,True
func_n0_0x1000023a6,-151,True
func_n0_0x1000023ac,253,True
func_n0_0x1000023b2,-330,False
func_n0_0x1000023b4,431,True
func_n0_0x1000023b8,-343,False
func_n0_0x1000023ba,-761,False
func_n0_0x1000023c4,833,True
func_n0_0x1000023ce,-630,False
func_n0_0x1000023d0,-172,True
func_n0_0x1000023d2,751,True
func_n0_0x1000023da,27,False
func_n0_0x1000023dc,1099,True
func_n0_0x1000023de,-180,True
func_n0_0x1000023e0,-266,True
func_n0_0x1000023e2,-419,True
func_n0_0x1000023e4,-634,True
func_n0_0x1000023e6,-320,False
func_n0_0x1000023ea,269,True
func_n0_0x1000023ee,202,True
func_n0_0x1000023f0,44,False
func_n0_0x1000023f2,334,False
func_n0_0x1000023f4,-387,False
func_n0_0x1000023f8,-210,False
func_n0_0x1000023fa,-444,True
func_n0_0x10000240a,675,True
func_n0_0x10000240c,860,True
func_n0_0x100002410,798,False
func_n0_0x100002412,316,False
func_n0_0x100002414,-13,False
func_n0_0x10000241a,-261,False
func_n0_0x10000241e,875,False
func_n0_0x100002422,-524,True
func_n0_0x100002428,-635,False
func_n0_0x10000242a,1221,True
func_n0_0x10000242c,981,True
func_n0_0x10000242e,661,True
func_n0_0x100002436,-645,False
func_n0_0x100002438,-565,False
func_n0_0x100002443,1110,False
func_n0_0x100002445,-570,True
func_na_0x100003c5b,-721,True
func_na_0x100007377,-257,False
func_ne_0x10000167f,-739,True
func_ne_0x100001776,239,True
func_ne_0x100001783,-642,False
func_ne_0x100001cd7,776,True
func_ne_0x100001ce9,301,False
func_ne_0x100001cef,-426,False
func_ne_0x100002f8a,801,True
func_ne_0x10000325f,104,False
func_ne_0x100003261,-260,True
func_ne_0x1000035db,487,True
func_ne_0x100003639,-727,False
func_ne_0x100003680,920,False
func_ne_0x1000036e5,-382,False
func_ne_0x100003738,932,True
func_ne_0x100003744,-356,False
func_ne_0x100003756,490,False
func_ne_0x1000038a9,954,False
func_ne_0x100004773,-546,True
func_ne_0x100005c0b,727,False
func_ne_0x100005c0d,-313,True
func_ne_0x100005c16,-647,True
func_ne_0x100005c33,208,True
func_ne_0x100005c4c,-491,True
func_ne_0x100005d96,838,True
func_ne_0x100005e07,718,False
func_ne_0x100005fdb,117,True
func_ne_0x10000609a,404,False
func_ne_0x1000062ed,409,True
func_ne_0x1000062ef,699,False
func_ne_0x1000062f1,1215,False
func_ne_0x10000689b,-5,True
func_ne_0x100006d69,-347,True
func_ne_0x100006d6b,810,False
func_ne_0x100006e26,-76,False
func_ne_0x100006fc9,241,True
func_nn_0x100005560,549,False
func_nn_0x100005898,-113,False
func_nn_0x10000589a,-145,False
func_nr_0x100003b9d,54,True
func_nr_0x100003c23,1078,False
func_nr_0x100003c90,477,False
func_nr_0x100003c92,482,False
func_nr_0x100003c96,-347,False
func_nr_0x100003c9c,552,False
func_nr_0x1000068b4,937,False
func_nr_0x1000068b8,830,False
func_nr_0x1000068bc,493,False
func_nr_0x1000068c4,1157,True
func_nr_0x1000068cc,-416,False
func_nr_0x1000068d3,530,True
func_nr_0x1000068d9,198,True
func_nr_0x1000068db,-276,False
func_nr_0x1000068dd,483,False
func_nr_0x1000068ef,206,False
func_nr_0x1000068f1,-221,True
func_nr_0x1000068f3,110,True
func_nr_0x1000068f6,-248,False
func_nr_0x1000068fa,-303,True
func_nr_0x1000068fc,750,False
func_nr_0x1000068fe,1107,False
func_nr_0x100006900,413,True
func_nr_0x10000691d,578,True
func_nr_0x100006923,1081,False
func_nr_0x100006927,413,False
func_nr_0x1000069b8,769,False
func_nt_0x100001e3b,1103,True
func_nt_0x100001e90,-135,True
func_nt_0x100001eaf,-273,True
func_nt_0x100001eb1,-483,True
func_nt_0x10000386a,-45,True
func_nt_0x1000038c3,471,True
func_nt_0x10000393f,-482,False
func_nt_0x100003941,999,False
func_nt_0x100003947,1175,False
func_nt_0x100003953,-415,False
func_nt_0x100003955,-450,False
func_nt_0x100003958,-723,False
func_nt_0x100003964,496,True
func_nt_0x100003967,142,False
func_nt_0x100003977,565,True
func_nt_0x10000397d,305,False
func_nt_0x10000397f,-299,True
func_nt_0x100003984,519,False
func_nt_0x100003986,-202,True
func_nt_0x1000049b9,374,False
func_nt_0x100004f3f,688,True
func_nt_0x100005ffc,-716,False
func_nt_0x10000627b,-571,True
func_nt_0x100006a6e,352,False
func_nt_0x100006eab,-94,False
func_nt_0x100006f17,597,True
func_nt_0x100006f19,-287,False
func_nt_0x10000705d,210,True
func_nt_0x10000705f,927,False
func_nt_0x100007063,-6,True
func_nt_0x1000071f1,472,False
func_nt_0x1000071fc,-362,True
func_nt_0x1000071fe,-261,True
func_nt_0x100007201,968,False
func_nt_0x100007255,-638,False
func_nt_0x100007259,200,False
func_nt_0x100007485,-552,False
func_o_0x100000088,-259,False
func_o_0x10000013e,-419,True
func_o_0x100000247,-375,True
func_o_0x100000285,-167,False
func_o_0x100000296,164,True
func_o_0x1000002cd,-383,False
func_o_0x100000324,-330,True
func_o_0x10000033a,-111,False
func_o_0x10000034b,247,True
func_o_0x1000003ac,-229,True
func_o_0x100000409,-736,True
func_o_0x100000452,-646,False
func_o_0x10000045f,1198,True
func_o_0x100000476,-318,False
func_o_0x10000047a,67,False
func_o_0x100000763,753,True
func_o_0x1000007ce,1127,False
func_o_0x100000801,-59,True
func_o_0x100000825,985,True
func_o_0x100000877,-477,True
func_o_0x10000150c,83,False
func_o_0x100001516,500,False
func_o_0x100001586,117,True
func_o_0x1000015ed,-568,False
func_o_0x10000168c,327,True
func_o_0x1000018bd,875,True
func_o_0x10000196b,-598,False
func_o_0x1000019d6,-352,False
func_o_0x1000019ea,-229,False
func_o_0x1000019f2,947,True
func_o_0x100001c29,1013,True
func_o_0x1000025e3,-169,True
func_o_0x100002a69,-360,True
func_o_0x100002f4c,619,True
func_o_0x100002f86,89,False
func_o_0x100003030,998,False
func_o_0x10000309a,-244,False
func_o_0x1000032ca,-373,True
func_o_0x1000032e3,1196,False
func_o_0x1000033a1,-260,True
func_o_0x100003535,324,True
func_o_0x10000359a,192,True
func_o_0x1000036ed,110,True
func_o_0x100003cf6,567,True
func_o_0x100003dc0,-175,True
func_o_0x100003dc4,82,True
func_o_0x100003dcc,511,False
func_o_0x100003e4f,-458,True
func_o_0x1000042bf,-416,False
func_o_0x1000042c1,-681,False
func_o_0x1000043ba,-352,False
func_o_0x1000043bf,819,False
func_o_0x10000442f,-472,True
func_o_0x100004447,724,False
func_o_0x1000044ad,577,False
func_o_0x1000044b7,726,False
func_o_0x100004502,612,False
func_o_0x100004560,-542,True
func_o_0x10000463e,-730,True
func_o_0x100004647,-459,False
func_o_0x1000046a7,-128,False
func_o_0x1000046f2,630,True
func_o_0x1000047d6,1157,True
func_o_0x100004825,-365,True
func_o_0x100004848,80,False
func_o_0x10000488e,-686,True
func_o_0x1000048fc,-104,True
func_o_0x100004b33,620,True
func_o_0x100004b73,331,True
func_o_0x100004b7c,-740,True
func_o_0x100004b9c,-575,False
func_o_0x100004ba4,-302,True
func_o_0x100004bad,388,True
func_o_0x100004bb9,-176,True
func_o_0x100004bce,-219,False
func_o_0x100004bd7,611,True
func_o_0x100004be2,-124,False
func_o_0x100004be5,1139,True
func_o_0x100004bf2,-615,True
func_o_0x100004c17,416,True
func_o_0x100004c20,746,False
func_o_0x100004c28,871,False
func_o_0x100004c39,682,True
func_o_0x100004c42,706,True
func_o_0x100004c4b,703,True
func_o_0x100004da1,1136,False
func_o_0x100004e62,1207,False
func_o_0x100004e89,-760,True
func_o_0x100004e8d,-374,True
func_o_0x100004e91,693,True
func_o_0x100004f89,102,False
func_o_0x100004fad,-654,False
func_o_0x10000501e,1156,True
func_o_0x1000053a0,759,True
func_o_0x1000053ae,-149,False
func_o_0x1000053b9,1109,False
func_o_0x1000053ce,-606,False
func_o_0x1000053d0,137,True
func_o_0x1000053db,-634,True
func_o_0x10000569d,779,True
func_o_0x1000056e1,-364,False
func_o_0x10000572d,-355,False
func_o_0x10000573c,-415,False
func_o_0x100005743,220,False
func_o_0x10000574a,-37,True
func_o_0x1000059b2,-666,True
func_o_0x100005f88,839,False
func_o_0x1000060eb,-377,True
func_o_0x1000062ba,-399,False
func_o_0x100006509,-747,False
func_o_0x100006573,867,True
func_o_0x10000701d,672,True
func_o_0x100007460,1,False
func_o_0x100007983,1162,False
func_o_0x1000079a0,92,False
func_o_0x1000079aa,961,True
func_oe_0x100001a64,885,False
func_oe_0x100001a78,737,False
func_oe_0x100001aa8,937,True
func_oe_0x100001ac8,1155,False
func_oe_0x100001ace,-154,True
func_oe_0x100001ad4,-154,True
func_oe_0x100001d9d,-731,True
func_oe_0x100001dab,-1,False
func_oe_0x100001dd3,477,False
func_oe_0x100001de6,-124,True
func_oe_0x100003ec8,1185,False
func_oe_0x100003ecc,-771,True
func_oe_0x100003ece,-245,True
func_oe_0x1000040ff,587,False
func_oe_0x10000499d,994,False
func_oe_0x1000049aa,791,True
func_oe_0x100006372,589,True
func_oe_0x1000063ac,582,True
func_oe_0x1000063b8,1089,True
func_oe_0x1000063c3,948,False
func_oe_0x1000063c9,-761,True
func_oe_0x1000063cd,-192,True
func_oe_0x1000063d5,-464,False
func_oe_0x1000063db,-297,False
func_oe_0x1000063e3,-458,False
func_oe_0x100006c51,442,True
func_oe_0x1000078f3,-694,True
func_oe_0x10000793c,-722,False
func_or_0x1000061d8,-130,False
func_or_0x10000620d,-245,False
func_or_0x100007301,-758,False
func_or_0x100007344,-760,True
func_ot_0x1000004c2,958,False
func_ot_0x1000041ca,16,False
func_ot_0x1000041ea,573,True
func_ot_0x1000041ec,340,False
func_ot_0x1000041f6,320,True
func_ot_0x1000041f8,127,False
func_ot_0x100004200,-773,True
func_ot_0x100004204,-30,False
func_ot_0x100004206,-200,False
func_ot_0x100004210,496,False
func_ot_0x100006105,-634,True
func_ot_0x100006196,-161,False
func_ot_0x10000619a,-540,True
func_ot_0x1000061a0,1010,True
func_ot_0x1000061cf,632,False
func_ot_0x1000061ed,791,True
func_ot_0x10000622e,230,False
func_ot_0x100006598,982,False
func_ot_0x1000065c8,-389,False
func_ot_0x100006b23,-239,False
func_ot_0x100006b25,-652,False
func_ot_0x100006bd7,-174,False
func_ot_0x100006bdd,-695,False
func_ot_0x100006be5,223,True
func_ot_0x100006bf4,409,False
func_ox_0x10000245b,-562,True
func_ox_0x10000245f,-374,False
func_p0_0x100003c64,877,False
func_p0_0x100003c68,-152,False
func_p0_0x100003c6a,705,True
func_p0_0x100003c6e,-162,False
func_p0_0x100006914,626,False
func_p0_0x100007347,-247,True
func_p0_0x1000073a3,561,True
func_p0_0x1000073a5,297,True
func_p0_0x1000073a7,245,True
func_p_0x100000114,566,False
func_p_0x10000011d,-107,True
func_p_0x10000012d,-746,False
func_p_0x100000145,986,False
func_p_0x10000019a,382,True
func_p_0x100001553,-80,True
func_p_0x100001555,-380,False
func_p_0x100001557,728,False
func_p_0x100001603,-757,False
func_p_0x100001a29,291,False
func_p_0x100001a30,1045,False
func_p_0x100001a38,807,False
func_p_0x100001b58,518,False
func_p_0x100001b5e,739,True
func_p_0x100001b75,37,True
func_p_0x1000025c6,360,True
func_p_0x100002abf,-3,False
func_p_0x100003171,184,True
func_p_0x100003586,-754,False
func_p_0x1000035b0,822,True
func_p_0x1000038ea,706,False
func_p_0x1000039c8,-340,True
func_p_0x100003d56,176,False
func_p_0x100003df3,790,True
func_p_0x100003e5d,-545,True
func_p_0x100004122,985,False
func_p_0x1000042d4,-701,True
func_p_0x1000042df,-175,False
func_p_0x1000043b3,810,False
func_p_0x1000043f1,-231,True
func_p_0x1000043f3,496,False
func_p_0x1000045c9,486,True
func_p_0x100004720,-163,True
func_p_0x10000479e,-585,True
func_p_0x1000047ae,160,False
func_p_0x1000047c6,-134,True
func_p_0x1000048c0,-519,True
func_p_0x1000048c2,1027,False
func_p_0x1000048c6,1219,True
func_p_0x1000048cc,165,True
func_p_0x100004957,1155,True
func_p_0x100004979,-694,True
func_p_0x100004f66,1176,True
func_p_0x100004fa8,-28,True
func_p_0x10000571c,938,False
func_p_0x100005ba0,948,False
func_p_0x100005ba2,163,False
func_p_0x100005ba4,597,False
func_p_0x100005caa,814,False
func_p_0x100005e88,887,False
func_p_0x100005e8f,1046,False
func_p_0x100005eb6,211,False
func_p_0x100006317,884,True
func_p_0x10000631a,-394,False
func_p_0x100006589,282,True
func_p_0x100006789,-577,True
func_p_0x10000678b,-550,True
func_p_0x100006799,-48,True
func_p_0x100006d3a,-390,True
func_p_0x100006d3c,1129,True
func_p_0x100006d3e,-316,True
func_p_0x100006d42,557,True
func_p_0x100006d44,-689,False
func_p_0x100006d46,-467,False
func_p_0x100006d4a,965,False
func_p_0x1000070ea,1144,False
func_p_0x100007136,50,False
func_p_0x10000713a,494,True
func_p_0x10000713c,-408,False
func_p_0x10000713e,-92,True
func_p_0x100007140,1008,False
func_p_0x100007142,-265,False
func_p_0x100007144,819,False
func_p_0x100007509,-465,False
func_p_0x10000756f,596,False
func_p_0x100007579,864,False
func_p_0x1000075cf,398,False
func_p_0x100007693,680,True
func_p_0x100007743,983,True
func_p_0x1000077df,-161,True
func_p_0x100007969,966,False
func_pe_0x100001598,986,False
func_pe_0x10000159a,-208,False
func_pe_0x10000159c,-202,False
func_pe_0x100001cdb,-224,False
func_pe_0x100001e0d,942,False
func_pe_0x100001e0f,-532,True
func_pe_0x100001e11,-742,False
func_pe_0x1000024ae,-548,True
func_pe_0x1000035e5,655,True
func_pe_0x1000036d2,-65,False
func_pe_0x100003786,31,False
func_pe_0x100003851,681,False
func_pe_0x100003853,-172,False
func_pe_0x100003860,152,False
func_pe_0x1000038a4,-520,False
func_pe_0x1000038ae,-503,False
func_pe_0x1000038b0,436,False
func_pe_0x100004aa8,14,True
func_pe_0x100004ab6,-544,False
func_pe_0x100004ab8,-51,False
func_pe_0x100004aba,569,True
func_pe_0x100004abe,992,True
func_pe_0x100004ac0,-462,False
func_pe_0x100005996,1114,False
func_pe_0x10000599e,-222,False
func_pe_0x100005c1a,-686,True
func_pe_0x100005e4a,916,True
func_pe_0x100005f06,-505,True
func_pe_0x100005f08,683,False
func_pe_0x1000060ab,-657,False
func_pe_0x1000060af,1057,False
func_pe_0x1000060b9,190,True
func_pe_0x10000625a,-62,True
func_pe_0x10000625e,259,False
func_pe_0x100006262,-72,True
func_pe_0x100006264,207,False
func_pe_0x100006873,-524,True
func_pe_0x100006875,655,False
func_pe_0x10000687f,354,False
func_pe_0x100006890,469,True
func_pe_0x10000754c,-157,True
func_pe_0x100007648,688,False
func_pn_0x100002d98,1170,False
func_pn_0x100002da6,-266,True
func_pr_0x10000208d,-420,True
func_pt_0x1000015e2,-210,False
func_pt_0x1000015e4,-35,False
func_pt_0x100001d15,-680,False
func_pt_0x1000038b7,490,True
func_pt_0x1000049d4,529,False
func_pt_0x100005e55,-58,False
func_pt_0x100005fe8,-560,False
func_pt_0x100006aac,-753,False
func_pt_0x100006eca,631,False
func_pt_0x100006efe,1017,False
func_pt_0x100006f00,-168,False
func_pt_0x10000746e,972,True
func_pt_0x10000769f,386,True
func_pt_0x1000076a3,-22,False
func_pt_0x1000076a7,316,False
func_pt_0x1000076b1,553,True
func_pt_0x100007751,877,True
func_pt_0x100007783,178,True
func_pt_0x10000779e,620,True
func_pt_0x1000077a2,-721,False
func_pt_0x1000077aa,223,False
func_pt_0x1000077ad,-488,True
func_q_0x10000020b,-5,False
func_q_0x100001626,789,True
func_q_0x100001792,1178,True
func_q_0x1000017a4,651,True
func_q_0x1000017ad,-342,True
func_q_0x1000017be,168,False
func_q_0x100001bd3,-343,False
func_q_0x100001d4f,799,True
func_q_0x100002577,812,False
func_q_0x100002abc,1041,True
func_q_0x100002b03,965,True
func_q_0x100002b0c,-369,True
func_q_0x100002f5e,783,True
func_q_0x100003035,1098,True
func_q_0x100003124,464,True
func_q_0x1000031d0,533,True
func_q_0x1000031d2,-311,True
func_q_0x1000031d6,164,False
func_q_0x1000031d8,429,True
func_q_0x100003230,141,False
func_q_0x100003232,809,False
func_q_0x100003242,708,True
func_q_0x10000368a,-44,True
func_q_0x100003708,1111,True
func_q_0x100003d0a,965,True
func_q_0x100003d7f,-765,True
func_q_0x100003e0b,-697,True
func_q_0x100003e0d,-234,False
func_q_0x100003e18,-249,True
func_q_0x100003e23,-181,True
func_q_0x10000431c,-66,True
func_q_0x100004334,56,False
func_q_0x100004338,-142,True
func_q_0x100004638,718,True
func_q_0x100005254,-683,True
func_q_0x100005256,839,False
func_q_0x10000543d,784,False
func_q_0x100005664,691,True
func_q_0x100005970,-564,True
func_q_0x100006538,-718,True
func_q_0x100006709,484,False
func_q_0x100006727,51,True
func_q_0x100006729,888,False
func_q_0x100006771,-255,False
func_q_0x100006a0c,100,False
func_q_0x100006a10,326,True
func_q_0x100006ca3,-506,False
func_q_0x100006cab,-351,False
func_q_0x100006cad,-594,False
func_q_0x100006e3d,-507,True
func_q_0x100006f33,-470,False
func_q_0x1000070b9,-627,False
func_q_0x1000070c3,-500,False
func_q_0x1000070c5,-311,False
func_q_0x1000070cb,764,True
func_q_0x1000070cd,772,False
func_qe_0x1000015dc,1046,False
func_qe_0x100001d0d,645,False
func_qe_0x100001d11,91,False
func_qe_0x100003fe9,-532,True
func_qe_0x100004185,260,True
func_qe_0x100004215,647,True
func_qe_0x100004217,790,False
func_qe_0x10000497f,432,True
func_qe_0x1000049c3,954,True
func_qe_0x1000049ca,-653,True
func_qe_0x1000049d0,144,True
func_qe_0x100004a14,-736,False
func_qe_0x100004cf1,-191,False
func_qe_0x100004cf7,683,True
func_qe_0x100004cf9,-251,False
func_qe_0x100004f05,1187,True
func_qe_0x100004f22,-157,True
func_qe_0x100005c2d,823,False
func_qe_0x100005e4b,785,True
func_qe_0x100005fe4,364,False
func_qe_0x100005fe6,-596,True
func_qe_0x100005fec,-140,True
func_qe_0x10000649b,-422,True
func_qe_0x100006ea0,939,False
func_qe_0x100006ea2,-668,True
func_qe_0x100006ef5,53,True
func_qe_0x100006f0a,-364,False
func_qe_0x100006f0f,790,True
func_qe_0x10000747a,48,True
func_qe_0x10000747c,261,True
func_qe_0x10000747e,489,True
func_qe_0x100007480,-78,True
func_qe_0x10000769b,21,True
func_qe_0x10000769d,-401,False
func_qe_0x1000076ab,-436,False
func_qe_0x1000076ad,-452,True
func_qe_0x1000076b3,-607,False
func_qe_0x100007792,576,False
func_qe_0x10000779c,801,False
func_qe_0x1000077a4,-322,True
func_qr_0x10000066b,-289,True
func_qr_0x10000069a,949,True
func_qr_0x1000006ba,-733,True
func_qr_0x100002eb1,777,False
func_qr_0x100002ed1,1117,True
func_qr_0x100002ee1,971,False
func_qr_0x100003c89,824,True
func_qr_0x100003ce7,367,False
func_qt_0x1000052c8,-238,False
func_qt_0x100005f4d,495,True
func_qt_0x100005f51,-192,False
func_qt_0x100005f57,510,True
func_qt_0x100006211,191,True
func_r0_0x100002d45,826,True
func_r0_0x100002d4b,999,True
func_r0_0x100005531,334,False
func_r0_0x1000058c5,-318,True
func_r_0x100000000,95,True
func_r_0x10000000b,-695,True
func_r_0x100000010,403,True
func_r_0x100000017,887,True
func_r_0x10000001a,-226,False
func_r_0x100000068,934,False
func_r_0x10000009a,286,True
func_r_0x1000000eb,1191,False
func_r_0x1000000f1,76,True
func_r_0x10000014e,-197,True
func_r_0x100000151,222,True
func_r_0x100000161,-307,False
func_r_0x100000164,95,True
func_r_0x10000017f,728,False
func_r_0x100000187,-547,False
func_r_0x10000018d,-547,True
func_r_0x10000021f,-33,False
func_r_0x100000222,150,False
func_r_0x10000026d,-75,True
func_r_0x100000270,996,True
func_r_0x100000273,855,False
func_r_0x100000276,1096,False
func_r_0x10000027c,448,False
func_r_0x100000293,-455,True
func_r_0x10000030e,-464,True
func_r_0x100000316,904,True
func_r_0x10000032a,1180,True
func_r_0x100000331,314,False
func_r_0x100000352,-645,False
func_r_0x100000357,1086,True
func_r_0x100000359,1194,True
func_r_0x10000037d,-178,True
func_r_0x100000382,675,True
func_r_0x1000003db,-542,False
func_r_0x100000463,-601,False
func_r_0x100000465,-645,False
func_r_0x10000046e,167,True
func_r_0x100000473,-469,False
func_r_0x100000484,1015,True
func_r_0x100000487,604,False
func_r_0x1000004a2,-165,True
func_r_0x1000004ab,64,True
func_r_0x1000004b0,584,True
func_r_0x1000004bf,-351,True
func_r_0x1000004c4,-58,True
func_r_0x100000643,-362,False
func_r_0x10000065f,437,False
func_r_0x10000070a,681,False
func_r_0x10000070c,792,True
func_r_0x100000729,1154,False
func_r_0x100000788,709,True
func_r_0x1000007ab,924,False
func_r_0x1000007b4,1053,True
func_r_0x1000007d3,368,False
func_r_0x1000007e3,-253,True
func_r_0x1000007e7,377,True
func_r_0x1000007e9,502,True
func_r_0x10000081d,601,False
func_r_0x100000888,-331,False
func_r_0x10000088c,-450,True
func_r_0x1000008b4,-743,False
func_r_0x1000008bf,1086,False
func_r_0x1000008e1,748,False
func_r_0x100000902,626,False
func_r_0x100000905,156,True
func_r_0x10000090e,-105,True
func_r_0x100000925,-750,True
func_r_0x100001503,274,True
func_r_0x1000015e8,429,False
func_r_0x100001943,-722,True
func_r_0x100001992,401,True
func_r_0x100001a48,-624,False
func_r_0x100001a53,77,False
func_r_0x100001a5b,-645,True
func_r_0x100001a8f,-555,True
func_r_0x100001ec4,1217,False
func_r_0x100001f1a,857,False
func_r_0x100001f41,14,True
func_r_0x1000024dc,169,True
func_r_0x1000024e7,1056,False
func_r_0x100002500,-743,False
func_r_0x1000025df,184,True
func_r_0x1000029fa,450,True
func_r_0x100002a4f,-307,False
func_r_0x100002aff,27,True
func_r_0x100002d31,-123,True
func_r_0x100002f50,574,True
func_r_0x100002f7a,1171,False
func_r_0x1000030d8,-673,False
func_r_0x100003179,407,False
func_r_0x10000317e,-475,False
func_r_0x1000031e5,1099,True
func_r_0x1000032b5,696,False
func_r_0x1000032d1,459,True
func_r_0x1000033b5,-294,True
func_r_0x1000033ba,-754,True
func_r_0x100003403,-754,False
func_r_0x10000341d,428,True
func_r_0x100003544,-454,False
func_r_0x10000358e,1142,True
func_r_0x100003590,-449,True
func_r_0x100003802,656,True
func_r_0x100003888,-231,True
func_r_0x100003900,1105,False
func_r_0x100003904,-501,True
func_r_0x1000039bb,1128,False
func_r_0x100003a27,305,False
func_r_0x100003a62,131,True
func_r_0x100003e4d,-132,True
func_r_0x100003f8f,-627,True
func_r_0x100004110,1197,True
func_r_0x100004115,795,True
func_r_0x100004267,1049,False
func_r_0x100004298,540,True
func_r_0x1000042b2,-244,False
func_r_0x1000043b6,451,True
func_r_0x100004421,566,False
func_r_0x100004423,1095,False
func_r_0x100004425,-582,True
func_r_0x100004427,218,False
func_r_0x100004429,480,False
func_r_0x10000442b,1118,False
func_r_0x10000442d,-582,True
func_r_0x10000455c,-463,False
func_r_0x1000047ed,121,False
func_r_0x100004806,-495,True
func_r_0x10000481a,-163,False
func_r_0x100004821,334,False
func_r_0x10000482c,1096,True
func_r_0x100004833,52,True
func_r_0x10000483c,-749,True
func_r_0x10000486c,-773,False
func_r_0x100004b29,981,False
func_r_0x100004b6e,-205,True
func_r_0x100004b8d,-747,True
func_r_0x100004b9f,668,False
func_r_0x100004ba7,369,True
func_r_0x100004bb3,171,False
func_r_0x100004bd1,982,False
func_r_0x100004c10,423,False
func_r_0x100004c23,14,False
func_r_0x100004c2b,-593,False
func_r_0x100004c34,6,True
func_r_0x100004c3c,127,False
func_r_0x100004c45,1145,False
func_r_0x100004dbc,-555,True
func_r_0x100004ddc,986,False
func_r_0x100004e4c,-397,True
func_r_0x100004e50,950,False
func_r_0x100004e5e,441,True
func_r_0x100004e66,107,True
func_r_0x100004e79,-654,False
func_r_0x100004f72,1099,True
func_r_0x100004ffc,333,True
func_r_0x10000501b,976,False
func_r_0x1000052a7,405,True
func_r_0x1000053ca,607,False
func_r_0x10000595e,-529,False
func_r_0x100005960,845,False
func_r_0x1000059ae,1018,True
func_r_0x100005f8f,1132,True
func_r_0x100006052,287,False
func_r_0x100006061,940,False
func_r_0x1000060c0,-689,True
func_r_0x1000060db,1076,False
func_r_0x100006510,-97,True
func_r_0x100006d4d,1142,False
func_r_0x100007023,304,False
func_r_0x10000757d,-281,False
func_r_0x100007965,-138,False
func_r_0x1000079a3,-760,True
func_re_0x100001629,928,True
func_re_0x10000162b,-19,True
func_re_0x100001648,350,False
func_re_0x10000164e,681,False
func_re_0x100001650,-580,True
func_re_0x100001778,-98,True
func_re_0x10000177a,283,False
func_re_0x100001906,303,True
func_re_0x100001cb0,519,True
func_re_0x100001d0a,-309,True
func_re_0x1000024a7,-542,False
func_re_0x10000325e,-440,True
func_re_0x1000035c8,227,False
func_re_0x1000035ca,821,False
func_re_0x1000035d8,858,False
func_re_0x1000035f0,-63,True
func_re_0x1000035f2,-336,False
func_re_0x1000035f8,589,True
func_re_0x100003601,882,False
func_re_0x100003603,-411,True
func_re_0x100003605,741,True
func_re_0x10000362c,225,True
func_re_0x100003782,-709,False
func_re_0x10000384b,375,True
func_re_0x1000038cd,547,True
func_re_0x1000038d5,350,True
func_re_0x1000044a8,-776,False
func_re_0x1000044aa,-683,True
func_re_0x100004573,295,True
func_re_0x100004770,221,False
func_re_0x100004a3e,-317,True
func_re_0x100004a40,139,False
func_re_0x100004a42,643,False
func_re_0x100004a44,990,False
func_re_0x100004a46,-598,False
func_re_0x100005493,-743,False
func_re_0x10000549b,-771,False
func_re_0x1000054c9,603,True
func_re_0x1000054cb,-355,False
func_re_0x100005b25,1189,False
func_re_0x100005d6d,-106,True
func_re_0x100005d7e,789,False
func_re_0x100005d82,632,True
func_re_0x100005d8a,-276,True
func_re_0x100005d91,440,False
func_re_0x100005df7,-754,False
func_re_0x100005df9,640,False
func_re_0x100005dfb,441,True
func_re_0x100005e06,-631,False
func_re_0x100005fe1,-580,False
func_re_0x100006009,111,False
func_re_0x100006090,816,False
func_re_0x100006092,80,True
func_re_0x1000066da,5,False
func_re_0x100006732,118,False
func_re_0x10000685c,951,True
func_re_0x100006862,1139,False
func_re_0x100006d86,456,True
func_re_0x100006dbf,-12,False
func_re_0x100006fbb,-525,False
func_re_0x100006fcd,-516,True
func_re_0x1000076be,1179,True
func_re_0x1000077ff,469,False
func_rr_0x100003886,-78,True
func_rr_0x100003a66,-565,False
func_rr_0x1000065a9,7,False
func_rr_0x1000065b1,1203,False
func_rr_0x1000065b3,-757,False
func_rr_0x1000065b5,409,True
func_rr_0x1000065b7,-409,True
func_rr_0x1000065b9,246,False
func_rr_0x1000065c3,-164,True
func_rr_0x1000065d5,625,True
func_rr_0x1000065f3,-769,True
func_rr_0x1000065f9,-222,False
func_rt_0x1000025e8,649,True
func_s0_0x1000006d8,-746,True
func_s0_0x1000041b5,1191,True
func_s0_0x100006aeb,575,False
func_s0_0x100006af3,302,False
func_s0_0x1000072fb,-121,False
func_s_0x1000000f8,-9,True
func_s_0x100000196,416,False
func_s_0x10000021b,368,True
func_s_0x10000022d,205,False
func_s_0x100000230,861,True
func_s_0x1000002bc,5,True
func_s_0x1000003e9,-29,True
func_s_0x10000040c,1119,False
func_s_0x100000429,250,False
func_s_0x100000491,362,True
func_s_0x10000079a,-79,False
func_s_0x1000007b6,523,False
func_s_0x1000007de,-448,True
func_s_0x100000831,-558,True
func_s_0x10000085b,455,False
func_s_0x10000086d,513,True
func_s_0x100000929,1007,True
func_s_0x100001973,-69,False
func_s_0x100001a37,-207,True
func_s_0x100001b6d,753,True
func_s_0x100001d69,175,True
func_s_0x100002508,-390,False
func_s_0x1000025aa,-222,False
func_s_0x100002f81,-156,True
func_s_0x100002f84,725,False
func_s_0x100003031,715,True
func_s_0x10000309c,-612,False
func_s_0x1000030aa,-645,True
func_s_0x10000310a,728,False
func_s_0x10000317b,1012,True
func_s_0x10000319d,241,True
func_s_0x1000031cb,-309,False
func_s_0x1000031e7,-731,False
func_s_0x1000031f9,1150,False
func_s_0x1000031fc,-120,True
func_s_0x100003241,-271,True
func_s_0x1000032d3,111,True
func_s_0x1000033a3,-149,True
func_s_0x1000033b7,35,True
func_s_0x1000033c9,-668,False
func_s_0x1000033d0,-673,False
func_s_0x1000033d2,-600,False
func_s_0x100003400,-715,False
func_s_0x100003418,715,False
func_s_0x100003423,88,True
func_s_0x100003462,111,True
func_s_0x100003467,101,False
func_s_0x1000034aa,1203,True
func_s_0x1000036ee,1008,False
func_s_0x1000037e6,345,True
func_s_0x100003db0,498,False
func_s_0x100003dc9,-727,False
func_s_0x100003e2f,-264,False
func_s_0x100003e6d,118,False
func_s_0x100003e6f,1125,True
func_s_0x1000043bc,904,True
func_s_0x1000043c6,389,True
func_s_0x1000043c9,874,True
func_s_0x10000443c,540,True
func_s_0x100004444,459,False
func_s_0x10000444a,-621,False
func_s_0x1000044d1,-275,True
func_s_0x10000455d,-494,False
func_s_0x1000045dc,-373,False
func_s_0x1000046a9,16,False
func_s_0x1000046d3,-558,True
func_s_0x100004839,-230,True
func_s_0x100004b1e,307,False
func_s_0x100004bfe,175,True
func_s_0x100004c71,-117,False
func_s_0x100004c8f,145,False
func_s_0x100004d4a,-609,True
func_s_0x100004dba,804,False
func_s_0x100004ddf,1124,True
func_s_0x100004eb4,1177,False
func_s_0x100004f49,-542,False
func_s_0x100005121,56,False
func_s_0x10000520a,910,True
func_s_0x100005227,316,False
func_s_0x1000053be,191,False
func_s_0x1000053c1,330,False
func_s_0x100005712,116,False
func_s_0x100005730,377,False
func_s_0x100005737,259,False
func_s_0x100005740,-206,False
func_s_0x100005747,997,True
func_s_0x10000574e,875,True
func_s_0x100005d0a,-268,True
func_s_0x100005f8c,862,False
func_s_0x10000602f,1000,True
func_s_0x1000060c4,487,True
func_s_0x1000062bb,-316,True
func_s_0x100006793,1072,True
func_s_0x100006e93,840,True
func_s_0x100007148,1075,False
func_s_0x100007461,84,False
func_s_0x1000076d5,272,True
func_s_0x10000798f,1065,True
func_se_0x1000015db,-119,True
func_se_0x100001655,701,False
func_se_0x10000166a,-375,False
func_se_0x10000166c,141,False
func_se_0x100001674,1088,False
func_se_0x100001686,560,False
func_se_0x100001909,-609,False
func_se_0x100001cdd,-728,True
func_se_0x100001ce1,1060,True
func_se_0x100001e15,63,False
func_se_0x1000024b4,463,False
func_se_0x100003640,910,False
func_se_0x10000385a,926,True
func_se_0x10000389e,-373,False
func_se_0x1000038a2,545,True
func_se_0x1000038a6,-325,False
func_se_0x1000038aa,-619,True
func_se_0x1000038b2,181,False
func_se_0x10000400d,523,True
func_se_0x100004abc,980,False
func_se_0x100004ac4,-594,False
func_se_0x100004ce7,615,False
func_se_0x100004cea,1012,True
func_se_0x100004d07,-642,False
func_se_0x100004d1d,-393,False
func_se_0x100004d1f,-346,True
func_se_0x100004d44,-660,True
func_se_0x100005066,-454,False
func_se_0x100005982,-376,False
func_se_0x100005984,-96,False
func_se_0x100005988,-699,False
func_se_0x10000598a,-462,False
func_se_0x10000598c,782,False
func_se_0x100005994,269,True
func_se_0x100005998,453,True
func_se_0x1000059a0,1093,True
func_se_0x10000625c,733,True
func_se_0x100006266,-55,False
func_se_0x100006268,1068,False
func_se_0x10000626a,1198,True
func_se_0x100006738,684,True
func_se_0x10000673a,207,False
func_se_0x100006871,-774,True
func_se_0x100006883,-253,False
func_se_0x100007188,-359,False
func_se_0x10000762d,-311,True
func_se_0x100007630,1117,False
func_se_0x100007639,92,True
func_se_0x100007640,257,True
func_se_0x100007646,-437,True
func_se_0x10000764a,-354,True
func_se_0x100007826,-284,False
func_se_0x100007828,-499,True
func_se_0x10000782a,33,False
func_se_0x10000782c,867,False
func_se_0x10000782e,-460,False
func_sr_0x100003c3c,412,False
func_sr_0x100003ca7,406,True
func_sr_0x100003cab,614,True
func_sr_0x100003cb7,-549,True
func_sr_0x1000057e9,-238,True
func_sr_0x1000058a7,469,True
func_sr_0x1000058be,-303,True
func_sr_0x1000058cb,-340,False
func_sr_0x1000058ce,510,True
func_sr_0x1000058d4,-697,False
func_sr_0x1000058e0,656,True
func_sr_0x1000058e6,211,False
func_sr_0x1000058ee,688,True
func_sr_0x1000058fc,767,False
func_sr_0x100005910,434,True
func_sr_0x100005914,845,True
func_sr_0x100005935,781,True
func_sr_0x10000593b,-119,True
func_sr_0x10000593f,499,False
func_st_0x1000020cb,-282,True
func_st_0x1000020cd,892,True
func_st_0x1000020d1,1123,False
func_st_0x1000020d7,190,False
func_st_0x1000020e9,793,False
func_st_0x1000020eb,273,False
func_st_0x1000020ed,596,True
func_st_0x1000020f3,1059,True
func_st_0x1000020f9,-427,True
func_st_0x100002107,626,True
func_st_0x100002109,-747,False
func_st_0x10000210d,245,True
func_st_0x100002111,-679,True
func_st_0x10000211d,759,True
func_st_0x100002121,735,True
func_st_0x100002123,504,True
func_st_0x100002125,218,False
func_st_0x100002129,-223,False
func_st_0x10000212b,448,False
func_st_0x10000212d,306,False
func_st_0x10000212f,-557,False
func_st_0x100002131,948,False
func_st_0x100002133,599,False
func_st_0x100002135,299,True
func_st_0x10000213d,-741,True
func_st_0x100002143,194,False
func_st_0x100002145,263,False
func_st_0x100002147,-711,False
func_st_0x100002153,694,True
func_st_0x100002157,332,False
func_st_0x10000215b,50,False
func_st_0x100002165,3,False
func_st_0x10000216b,-190,True
func_st_0x10000216d,-566,False
func_st_0x100002171,-443,False
func_st_0x100002177,560,False
func_st_0x100002179,-5,True
func_st_0x10000217d,-194,True
func_st_0x10000217f,-180,False
func_st_0x100002183,-534,True
func_st_0x100002187,1180,True
func_st_0x100002189,-602,True
func_st_0x10000218b,-667,True
func_st_0x100002191,1161,True
func_st_0x100002195,-192,True
func_st_0x1000021a3,608,False
func_st_0x1000021b3,945,True
func_st_0x1000021b7,-139,False
func_st_0x1000021b9,-408,False
func_st_0x1000021c1,434,True
func_st_0x1000021c3,-400,False
func_st_0x1000021c9,-202,True
func_st_0x1000021cd,464,True
func_st_0x1000021e1,-557,False
func_st_0x1000021e3,851,False
func_st_0x1000021ed,-449,False
func_st_0x1000021f1,-132,True
func_st_0x1000021f7,1136,True
func_st_0x1000021f9,548,False
func_st_0x1000021fb,447,False
func_st_0x100002201,1217,False
func_st_0x100002203,-277,False
func_st_0x100002207,419,True
func_st_0x100002209,-4,True
func_st_0x10000220b,-119,False
func_st_0x100002215,79,False
func_st_0x100002217,-420,False
func_st_0x100002219,1211,False
func_st_0x10000221b,532,False
func_st_0x10000221d,495,True
func_st_0x100002221,1218,False
func_st_0x100002225,1139,False
func_st_0x100002227,-571,False
func_st_0x10000222b,1206,True
func_st_0x10000222d,-42,True
func_st_0x100002233,264,False
func_st_0x100002235,-180,False
func_st_0x100002237,-56,False
func_st_0x100002239,1082,False
func_st_0x10000223d,349,False
func_st_0x100002241,14,True
func_st_0x100002245,849,True
func_st_0x100002247,569,False
func_st_0x100002249,1134,True
func_st_0x10000224f,890,False
func_st_0x100002251,-740,False
func_st_0x100002255,-513,False
func_st_0x100002257,80,True
func_st_0x100002259,-81,False
func_st_0x10000225b,-79,True
func_st_0x10000225d,638,True
func_st_0x100002261,280,True
func_st_0x100002263,274,True
func_st_0x100002265,213,True
func_st_0x100002267,579,False
func_st_0x10000226b,1212,True
func_st_0x10000226f,393,False
func_st_0x100002279,-280,False
func_st_0x10000227f,-469,False
func_st_0x100002289,-759,True
func_st_0x100002297,70,True
func_st_0x10000229b,-644,True
func_st_0x10000229d,-132,False
func_st_0x1000022a3,661,True
func_st_0x1000022a5,-594,True
func_st_0x1000022a7,68,True
func_st_0x1000022a9,1094,False
func_st_0x1000022ab,135,True
func_st_0x1000022ad,598,True
func_st_0x1000022af,525,False
func_st_0x1000022b3,-41,False
func_st_0x1000022b9,906,True
func_st_0x1000022bb,929,False
func_st_0x1000022bf,181,False
func_st_0x1000022c9,1008,False
func_st_0x1000022cb,-753,False
func_st_0x1000022d3,613,True
func_st_0x1000022d7,1022,True
func_st_0x1000022df,1201,False
func_st_0x1000022e1,-426,False
func_st_0x1000022ed,581,False
func_st_0x1000022fb,-500,False
func_st_0x1000022ff,611,True
func_st_0x100002301,81,True
func_st_0x100002307,-430,False
func_st_0x10000230b,289,False
func_st_0x10000230d,-147,True
func_st_0x100002311,957,True
func_st_0x100002317,-493,False
func_st_0x10000231b,1218,True
func_st_0x100002323,-477,True
func_st_0x100002325,-68,True
func_st_0x100002329,536,False
func_st_0x100002335,-679,True
func_st_0x100002337,377,True
func_st_0x10000233c,22,True
func_st_0x10000233e,80,True
func_st_0x100002341,-638,False
func_st_0x10000234b,562,True
func_st_0x10000235c,958,True
func_st_0x100002471,-426,False
func_st_0x100002473,139,True
func_st_0x100002475,560,False
func_t0_0x100003b9a,-39,False
func_t0_0x1000061c4,1032,True
func_t0_0x1000072f2,1045,False
func_t_0x100000004,777,True
func_t_0x100000006,-721,False
func_t_0x10000002c,1217,True
func_t_0x10000003f,-570,False
func_t_0x10000006d,887,True
func_t_0x100000083,763,False
func_t_0x1000000a9,333,True
func_t_0x10000016d,873,True
func_t_0x100000171,-130,True
func_t_0x10000018a,60,False
func_t_0x100000192,800,False
func_t_0x100000218,-504,True
func_t_0x10000023e,154,True
func_t_0x100000242,440,True
func_t_0x10000024c,62,True
func_t_0x10000025e,-562,False
func_t_0x10000029f,362,False
func_t_0x1000002a5,811,False
func_t_0x1000002ac,571,True
func_t_0x1000002af,353,False
func_t_0x1000002b3,-121,False
func_t_0x1000002b6,517,False
func_t_0x1000002ed,-183,False
func_t_0x10000031e,1050,False
func_t_0x100000348,-279,False
func_t_0x100000354,-256,True
func_t_0x1000003c0,1151,True
func_t_0x1000003de,574,False
func_t_0x10000040f,331,False
func_t_0x100000467,-293,True
func_t_0x100000753,-27,True
func_t_0x10000075a,473,True
func_t_0x100000767,150,True
func_t_0x10000076c,771,True
func_t_0x100000775,-136,True
func_t_0x10000077d,341,True
func_t_0x100000783,636,False
func_t_0x10000078b,-176,True
func_t_0x1000007b9,-108,False
func_t_0x1000007da,-365,True
func_t_0x1000007ee,983,False
func_t_0x100000816,274,True
func_t_0x10000084e,-618,True
func_t_0x100000856,-662,True
func_t_0x1000008a4,-192,True
func_t_0x1000008c9,-390,False
func_t_0x1000008d9,330,False
func_t_0x1000008e3,898,True
func_t_0x1000008eb,-577,True
func_t_0x1000008ff,480,True
func_t_0x100000908,-522,True
func_t_0x10000091e,-767,False
func_t_0x100001509,576,False
func_t_0x1000015f7,-712,True
func_t_0x1000016ad,803,True
func_t_0x100001b20,1093,True
func_t_0x100001c75,380,False
func_t_0x100001f4e,1078,True
func_t_0x1000020b3,1170,False
func_t_0x1000020bd,588,True
func_t_0x1000020c0,547,True
func_t_0x1000020f1,-105,False
func_t_0x1000020fb,-41,True
func_t_0x10000210b,693,False
func_t_0x100002115,855,False
func_t_0x1000021ab,-79,False
func_t_0x100002350,-685,False
func_t_0x100002352,-49,False
func_t_0x10000235a,98,True
func_t_0x1000025a0,146,False
func_t_0x100002a36,211,True
func_t_0x100002a48,-379,False
func_t_0x100002f35,209,True
func_t_0x10000309f,458,True
func_t_0x1000030a9,-77,True
func_t_0x1000032f8,109,False
func_t_0x1000033bc,-578,True
func_t_0x100003426,-666,True
func_t_0x100003460,493,False
func_t_0x100003592,1115,False
func_t_0x10000360f,-385,False
func_t_0x100003614,843,True
func_t_0x100003804,-229,False
func_t_0x100003dbf,1223,False
func_t_0x100003e6a,-683,True
func_t_0x1000042b9,121,False
func_t_0x1000042ce,1,True
func_t_0x1000044b2,-385,False
func_t_0x10000454b,411,False
func_t_0x10000456a,444,False
func_t_0x1000045d8,974,True
func_t_0x1000046c5,-633,True
func_t_0x100004716,1054,True
func_t_0x100004843,323,True
func_t_0x10000484b,693,False
func_t_0x100004854,330,False
func_t_0x10000485c,484,False
func_t_0x100004b76,488,False
func_t_0x100004b96,121,True
func_t_0x100004bc9,26,True
func_t_0x100004bdc,-305,True
func_t_0x100004c0a,-227,True
func_t_0x100004c1a,213,False
func_t_0x100004daf,-371,True
func_t_0x100004e30,316,True
func_t_0x100004e36,1035,True
func_t_0x100004e54,332,True
func_t_0x100004e58,307,True
func_t_0x100004e6f,-763,False
func_t_0x100004e74,582,True
func_t_0x100004e7d,267,False
func_t_0x100004e81,59,True
func_t_0x100004e85,585,True
func_t_0x100004f6d,-26,False
func_t_0x100004fb1,-86,True
func_t_0x100004fb5,1049,False
func_t_0x100005008,395,True
func_t_0x10000500b,-20,False
func_t_0x1000051bd,172,False
func_t_0x1000053e4,1037,False
func_t_0x1000053eb,-633,False
func_t_0x100005656,4,False
func_t_0x1000059b0,-621,True
func_t_0x1000059bd,703,False
func_t_0x100005cff,656,True
func_t_0x10000604b,-488,False
func_t_0x100006056,-104,False
func_t_0x100006068,268,True
func_t_0x1000060df,1147,True
func_t_0x10000624f,906,False
func_t_0x1000067b1,616,True
func_t_0x1000067b3,-386,True
func_t_0x1000069c3,-589,False
func_t_0x100007018,12,True
func_t_0x100007128,214,True
func_t_0x100007156,182,False
func_t_0x100007445,-37,True
func_t_0x1000074fa,602,True
func_t_0x100007623,748,True
func_t_0x100007998,120,True
func_te_0x10000158f,487,False
func_te_0x1000017b0,-742,True
func_te_0x100001ba8,-595,True
func_te_0x100001baa,-68,False
func_te_0x100001d51,-434,False
func_te_0x100001d77,-532,True
func_te_0x100001d79,226,True
func_te_0x10000258c,-122,False
func_te_0x10000258e,790,False
func_te_0x100002ceb,-263,True
func_te_0x10000324f,1108,False
func_te_0x10000328e,-502,True
func_te_0x10000329e,-580,False
func_te_0x1000032a6,28,True
func_te_0x10000366a,-310,False
func_te_0x1000045b2,-590,True
func_te_0x10000467a,896,False
func_te_0x100004680,-681,True
func_te_0x100004d79,991,True
func_te_0x1000056db,4,True
func_te_0x100005bd4,644,True
func_te_0x100005d1f,847,False
func_te_0x100006292,1222,False
func_te_0x100006675,-233,False
func_te_0x10000670c,-37,False
func_te_0x10000670e,-235,False
func_te_0x100006710,3,False
func_te_0x100006715,710,True
func_te_0x10000671c,36,False
func_te_0x100006a28,759,True
func_te_0x100006d6f,1004,False
func_te_0x100006dd2,501,False
func_te_0x1000070c6,712,True
func_te_0x100007499,314,False
func_te_0x1000074cf,469,True
func_te_0x1000074d1,-401,False
func_te_0x1000074db,-463,False
func_te_0x1000074dd,375,False
func_te_0x1000074df,1186,False
func_te_0x1000074e1,-22,True
func_te_0x1000074e5,1102,False
func_te_0x1000074ed,10,False
func_te_0x1000074ef,-542,False
func_te_0x1000074f5,1207,True
func_te_0x1000075ea,-374,True
func_te_0x1000075ec,37,True
func_te_0x1000075ee,822,True
func_te_0x1000075f0,-593,True
func_te_0x1000075fb,664,True
func_te_0x10000760a,1059,True
func_te_0x10000760c,661,False
func_te_0x100007724,481,False
func_te_0x100007817,595,True
func_te_0x10000781b,141,False
func_tn_0x1000055d9,172,True
func_tn_0x10000563f,-737,False
func_tn_0x100005652,-668,False
func_tn_0x1000058a0,635,True
func_tr_0x100000661,900,True
func_tr_0x1000006e1,1057,True
func_tr_0x1000006f2,-662,True
func_tr_0x1000006f4,936,True
func_tr_0x100000712,431,True
func_tr_0x100000718,-711,False
func_tr_0x10000071e,-589,True
func_tr_0x100001a86,798,False
func_tr_0x100001a8c,-445,False
func_tr_0x1000052a9,-591,False
func_tr_0x1000052ab,-220,True
func_tr_0x1000052af,686,True
func_tr_0x1000052b5,1002,False
func_tr_0x1000052b7,537,True
func_tr_0x1000052bf,869,True
func_tr_0x100005f31,-708,True
func_tr_0x100006af9,976,True
func_tt_0x100001ad3,974,False
func_tt_0x100001da0,-290,True
func_tt_0x100003788,-538,True
func_tt_0x10000378a,-658,False
func_tt_0x10000386f,-127,True
func_tt_0x100004f29,759,True
func_tt_0x10000507a,-397,True
func_tt_0x100005080,966,False
func_tt_0x100005082,575,True
func_tt_0x100005084,-139,False
func_tt_0x100005095,128,True
func_tt_0x10000509f,660,True
func_tt_0x100005ff6,962,False
func_tt_0x100005fff,-289,True
func_tt_0x10000627c,601,True
func_tt_0x10000627e,261,True
func_tt_0x100006c4e,84,True
func_tt_0x100006cbc,-225,True
func_tt_0x100006ccf,435,False
func_tt_0x100006d1e,415,False
func_tt_0x100006d22,-749,True
func_tt_0x1000071f7,-635,True
func_tt_0x1000078bf,1143,False
func_tt_0x1000078e8,901,True
func_tt_0x1000078ea,297,True
func_tt_0x10000793a,1160,False
func_u_0x100000128,-519,False
func_u_0x10000029b,-234,False
func_u_0x1000002ce,636,False
func_u_0x1000007be,774,False
func_u_0x10000087c,-194,True
func_u_0x1000008fc,-634,True
func_u_0x100001945,1071,False
func_u_0x100001960,-246,False
func_u_0x100001994,1207,False
func_u_0x1000019ca,-736,True
func_u_0x100001a21,974,False
func_u_0x100001b21,524,True
func_u_0x100001b6b,368,True
func_u_0x100001c5a,1145,False
func_u_0x100001c7c,997,False
func_u_0x100001f25,-191,False
func_u_0x100001f47,-148,False
func_u_0x100001f49,-361,True
func_u_0x100002506,506,False
func_u_0x1000025b7,1051,False
func_u_0x100002a8c,-633,False
func_u_0x100002a91,296,False
func_u_0x100002afc,690,True
func_u_0x100002f36,111,True
func_u_0x1000030a2,954,True
func_u_0x1000030ed,59,True
func_u_0x100003160,-412,False
func_u_0x100003285,308,True
func_u_0x100003305,392,True
func_u_0x1000033a6,345,False
func_u_0x1000033cb,816,True
func_u_0x1000033fe,377,False
func_u_0x10000340c,-38,True
func_u_0x10000343a,-324,True
func_u_0x10000343e,-220,False
func_u_0x1000034a8,-55,False
func_u_0x1000034c6,545,False
func_u_0x1000034c8,-599,True
func_u_0x100003555,-669,True
func_u_0x1000037f5,-612,True
func_u_0x1000037fe,-654,False
func_u_0x1000038e2,312,False
func_u_0x100003cf7,9,False
func_u_0x10000426f,411,False
func_u_0x100004275,-770,True
func_u_0x1000042e5,-380,False
func_u_0x1000042f7,-103,True
func_u_0x10000438c,401,True
func_u_0x100004557,927,False
func_u_0x100004563,-309,False
func_u_0x100004644,176,False
func_u_0x10000481e,-272,False
func_u_0x100004b47,68,True
func_u_0x100004b66,657,True
func_u_0x100004da2,922,False
func_u_0x100004db7,247,True
func_u_0x10000500e,-463,True
func_u_0x1000050ea,1215,False
func_u_0x100005219,-246,False
func_u_0x10000521f,591,True
func_u_0x1000053b2,242,True
func_u_0x1000053dd,1087,True
func_u_0x1000056a1,-240,False
func_u_0x100005daa,-28,False
func_u_0x100005dc0,909,True
func_u_0x100005f98,162,False
func_u_0x100006032,217,False
func_u_0x1000060dc,-529,False
func_u_0x1000060f2,-198,False
func_u_0x10000630e,860,False
func_u_0x100006440,-434,True
func_u_0x100006f24,1058,False
func_u_0x10000725e,639,True
func_u_0x1000074fd,294,True
func_ue_0x100001ab0,625,True
func_ue_0x100001aba,900,False
func_ue_0x100001abe,436,False
func_ue_0x100001ac0,1030,True
func_ue_0x100001ac6,398,True
func_ue_0x100001acc,487,True
func_ue_0x100001b0e,994,True
func_ue_0x100001d9a,-206,False
func_ue_0x100001dde,-776,False
func_ue_0x100001de4,-701,False
func_ue_0x100001dec,-701,False
func_ue_0x100001dee,-461,True
func_ue_0x100001df2,329,False
func_ue_0x100001df4,664,False
func_ue_0x100001dfa,1119,True
func_ue_0x100001e93,784,False
func_ue_0x100003eb1,537,False
func_ue_0x100003eb3,116,True
func_ue_0x100003eb5,164,False
func_ue_0x100003eb7,259,True
func_ue_0x100003ec2,-634,True
func_ue_0x100003eca,386,True
func_ue_0x1000049ac,-346,False
func_ue_0x100005070,136,True
func_ue_0x100005074,-273,False
func_ue_0x100005f0a,-106,True
func_ue_0x100006370,1066,False
func_ue_0x100006384,-133,False
func_ue_0x1000063ae,829,True
func_ue_0x1000063b0,1209,True
func_ue_0x1000063b2,255,False
func_ue_0x1000063bd,308,True
func_ue_0x1000063c5,147,True
func_ue_0x1000063c7,425,True
func_ue_0x1000063cb,-130,False
func_ue_0x1000063cf,-324,False
func_ue_0x1000063d1,-655,False
func_ue_0x1000063d3,1098,False
func_ue_0x1000063d7,364,True
func_ue_0x1000063d9,4,True
func_ue_0x1000063dd,924,False
func_ue_0x1000063e1,1041,True
func_ue_0x1000063e7,1099,False
func_ue_0x1000063e9,-728,False
func_ue_0x1000063ed,-313,True
func_ue_0x1000063f3,-480,False
func_ue_0x1000063f5,-9,False
func_ue_0x1000063f7,-727,True
func_ue_0x1000063fd,-303,True
func_ue_0x100006403,358,False
func_ue_0x100006c47,271,True
func_ue_0x100006c4f,-584,False
func_ue_0x1000078c6,-342,True
func_ue_0x1000078de,-427,True
func_ue_0x100007910,632,False
func_ue_0x100007935,778,True
func_unknown_0x100001baf,1186,False
func_unknown_0x100001c34,182,True
func_unknown_0x100001c39,561,False
func_unknown_0x100001c9c,-509,True
func_unknown_0x100001ca0,800,False
func_unknown_0x100002580,-540,True
func_unknown_0x100003039,1219,True
func_unknown_0x100003267,530,False
func_unknown_0x100003710,1141,False
func_unknown_0x100003716,-395,True
func_unknown_0x1000039eb,845,True
func_unknown_0x1000039ed,283,False
func_unknown_0x1000039f3,-350,False
func_unknown_0x100003d05,1178,True
func_unknown_0x100003d6d,14,False
func_unknown_0x100003d75,-159,True
func_unknown_0x100003d7b,906,True
func_unknown_0x100003e1b,1185,True
func_unknown_0x100003fab,-729,True
func_unknown_0x100003fb4,95,True
func_unknown_0x100004161,-407,True
func_unknown_0x100004305,-633,True
func_unknown_0x100004324,77,True
func_unknown_0x10000452a,214,True
func_unknown_0x10000505a,1009,True
func_unknown_0x100005176,-523,False
func_unknown_0x100005673,299,False
func_unknown_0x10000569a,413,False
func_unknown_0x100005bdb,-740,False
func_unknown_0x100005d0c,-535,True
func_unknown_0x100005d10,1219,False
func_unknown_0x100005d14,-734,True
func_unknown_0x100005de2,-533,True
func_unknown_0x100005ded,-93,False
func_unknown_0x100005e19,933,True
func_unknown_0x100005e1f,103,False
func_unknown_0x10000665c,464,True
func_unknown_0x100006766,-727,True
func_unknown_0x100006c7d,408,False
func_unknown_0x100006d9d,-401,False
func_unknown_0x100006df7,83,False
func_unknown_0x100006dfd,659,False
func_unknown_0x100006e03,530,False
func_unknown_0x100006e3b,758,False
func_unknown_0x100006e43,1166,False
func_unknown_0x100006e81,-6,False
func_unknown_0x100006e83,-287,True
func_unknown_0x100006e8a,92,False
func_unknown_0x100006f71,899,True
func_unknown_0x100006f9a,559,False
func_ur_0x100002d8a,-324,False
func_ur_0x1000061c7,874,False
func_ur_0x100007315,-467,True
func_ur_0x10000731d,619,True
func_ur_0x10000731f,-714,True
func_ut_0x1000000ef,647,False
func_v0_0x100002b72,1005,False
func_v0_0x100006b30,1190,False
func_v0_0x100006b32,907,False
func_v0_0x1000072e7,1146,True
func_v_0x1000001b3,-298,True
func_v_0x10000041c,-209,False
func_v_0x100000420,388,False
func_v_0x100000424,-579,False
func_v_0x100001bcb,-621,True
func_v_0x100001bf4,785,False
func_v_0x100001bf6,-134,True
func_v_0x100001bf8,937,False
func_v_0x100001c17,821,False
func_v_0x100002556,-212,False
func_v_0x100002f5d,770,True
func_v_0x100003142,333,False
func_v_0x100003146,984,True
func_v_0x100003182,283,False
func_v_0x100003223,682,False
func_v_0x100003225,-774,True
func_v_0x10000322d,-580,False
func_v_0x1000035a9,496,True
func_v_0x1000039df,-673,True
func_v_0x1000039e1,5,False
func_v_0x100003f11,382,False
func_v_0x100003f3a,-400,True
func_v_0x100003f5d,-769,False
func_v_0x100003f72,1083,True
func_v_0x100004135,-50,True
func_v_0x10000413d,141,True
func_v_0x1000046dc,52,False
func_v_0x1000046e0,179,True
func_v_0x1000046fa,1034,False
func_v_0x100004731,-584,False
func_v_0x100004741,-723,False
func_v_0x100004a83,-191,False
func_v_0x100004a9f,566,False
func_v_0x100004c94,570,False
func_v_0x1000051ec,642,False
func_v_0x100005392,971,True
func_v_0x10000566e,-115,False
func_v_0x1000056fe,597,True
func_v_0x100005723,80,False
func_v_0x100005727,-394,False
func_v_0x100005753,-647,False
func_v_0x100006020,886,False
func_v_0x100006026,-443,False
func_v_0x100006028,38,True
func_v_0x1000062a8,138,False
func_v_0x1000067ae,-263,True
func_v_0x1000069d9,50,False
func_v_0x1000069db,166,True
func_v_0x1000069dd,549,False
func_v_0x1000069e1,668,False
func_v_0x100006cbb,-235,True
func_v_0x100006ff4,506,False
func_v_0x100007011,-173,True
func_v_0x100007014,-764,True
func_v_0x10000715f,-698,True
func_v_0x100007161,79,True
func_v_0x10000757f,439,False
func_v_0x100007581,-406,False
func_v_0x100007583,-2,False
func_v_0x10000758a,-669,True
func_v_0x10000758c,-760,False
func_ve_0x10000271f,431,False
func_ve_0x100002724,338,True
func_ve_0x100002733,279,False
func_ve_0x10000273f,1051,False
func_ve_0x100002743,-28,False
func_ve_0x100002755,-541,True
func_ve_0x100002757,503,True
func_ve_0x100002796,65,False
func_ve_0x1000027b1,1124,True
func_ve_0x1000027bb,-764,False
func_ve_0x1000027bf,987,False
func_ve_0x1000027c3,603,False
func_ve_0x100002803,560,False
func_ve_0x100002809,-613,True
func_ve_0x100002819,393,False
func_ve_0x100002826,-37,True
func_ve_0x10000282d,1088,True
func_ve_0x10000282f,1223,False
func_ve_0x100002841,570,True
func_ve_0x100002852,1150,True
func_ve_0x100002854,-210,True
func_ve_0x100002881,-701,True
func_ve_0x100002883,555,True
func_ve_0x1000028ad,1025,True
func_ve_0x1000028b1,736,False
func_ve_0x1000028c2,-610,False
func_ve_0x100002931,456,True
func_ve_0x100002933,-353,False
func_ve_0x10000295c,-25,True
func_ve_0x10000297d,712,True
func_ve_0x1000029ad,-635,False
func_ve_0x1000029d1,116,False
func_vn_0x10000293e,209,False
func_vr_0x100003c43,944,True
func_vr_0x100003c47,479,False
func_vr_0x100003cb0,1097,True
func_vr_0x10000552d,1024,True
func_vr_0x1000055cc,1067,False
func_vr_0x1000055d0,1145,True
func_vr_0x1000055d2,440,False
func_vr_0x1000055d4,819,False
func_vr_0x100005636,-204,False
func_vr_0x100005638,420,False
func_vr_0x10000563c,-151,True
func_vr_0x100005648,520,False
func_vr_0x10000564a,-154,False
func_vr_0x10000564e,543,True
func_vr_0x100005650,-532,False
func_vt_0x100002089,738,True
func_vt_0x1000020a4,109,True
func_w0_0x100006afb,-225,False
func_w0_0x100006afd,1026,True
func_w0_0x100006aff,611,True
func_w0_0x100006b01,749,False
func_w0_0x100006b05,-435,True
func_w0_0x100006b09,-370,True
func_w0_0x100006b0d,476,True
func_w0_0x100006b1e,330,True
func_w0_0x10000733b,-239,False
func_w0_0x10000733d,-372,True
func_w_0x100000110,860,True
func_w_0x100000112,194,True
func_w_0x1000001a9,-381,False
func_w_0x10000083a,221,False
func_w_0x10000152b,443,True
func_w_0x10000152d,701,False
func_w_0x100001601,-462,False
func_w_0x1000016e2,610,True
func_w_0x1000018ca,-234,True
func_w_0x100001985,767,False
func_w_0x100001987,379,True
func_w_0x1000019bb,608,True
func_w_0x1000019c1,-245,False
func_w_0x1000019c3,-60,True
func_w_0x100001a25,-373,False
func_w_0x100001b5a,-402,True
func_w_0x100001b5c,269,True
func_w_0x100001c16,219,True
func_w_0x100001d4a,1191,True
func_w_0x100001d6e,-543,True
func_w_0x100003034,-592,False
func_w_0x1000030d5,517,False
func_w_0x1000030fe,1126,True
func_w_0x100003130,829,False
func_w_0x1000031fd,-459,False
func_w_0x100003491,49,False
func_w_0x1000039cc,-66,True
func_w_0x1000039e8,210,True
func_w_0x100003d27,-707,True
func_w_0x100003d37,321,True
func_w_0x100003d4b,-33,False
func_w_0x100003d8a,-373,False
func_w_0x100003d8c,728,True
func_w_0x100003de6,1174,False
func_w_0x100003dea,-669,True
func_w_0x100003dec,1029,True
func_w_0x100003f91,-613,False
func_w_0x10000440a,-637,True
func_w_0x100004537,885,False
func_w_0x100004570,1180,False
func_w_0x100004627,473,True
func_w_0x10000470d,546,False
func_w_0x100004722,814,True
func_w_0x1000047a2,-195,True
func_w_0x1000047a8,-470,True
func_w_0x1000047aa,576,False
func_w_0x1000047be,917,True
func_w_0x100004885,106,True
func_w_0x1000048be,-161,True
func_w_0x1000048d9,1021,False
func_w_0x1000048dc,535,True
func_w_0x100004937,-163,False
func_w_0x10000493b,674,False
func_w_0x100004c7a,821,False
func_w_0x100004d62,625,False
func_w_0x100004dd7,1125,False
func_w_0x100004f68,-489,False
func_w_0x100004f90,-260,False
func_w_0x100004fc6,938,True
func_w_0x100005127,468,True
func_w_0x100005969,334,False
func_w_0x100005b9e,341,False
func_w_0x100005c92,-517,True
func_w_0x100005ca8,1005,True
func_w_0x100005e8a,-501,True
func_w_0x100005e9c,-329,True
func_w_0x100005fac,133,True
func_w_0x100006432,-533,True
func_w_0x10000658d,499,True
func_w_0x100006775,101,True
func_w_0x10000678f,314,False
func_w_0x100006d8e,678,True
func_w_0x100006f5f,1133,False
func_w_0x1000070db,329,False
func_w_0x1000070f7,-575,True
func_w_0x1000070f9,945,True
func_w_0x100007134,-257,True
func_w_0x100007138,-469,False
func_w_0x100007151,626,False
func_w_0x100007172,366,True
func_w_0x10000717a,-729,False
func_w_0x100007575,959,False
func_w_0x100007577,-596,False
func_w_0x1000075d2,853,False
func_w_0x1000076df,677,True
func_w_0x100007739,-615,False
func_w_0x10000773b,726,True
func_w_0x1000077d9,-192,False
func_w_0x100007974,-585,True
func_w_0x100007976,-39,False
func_we_0x100001e4c,88,True
func_we_0x100001e50,642,True
func_we_0x100001ea0,1167,False
func_we_0x100003075,562,True
func_we_0x1000049b2,-770,False
func_we_0x1000049cd,670,False
func_we_0x100004f2d,-22,False
func_we_0x100004f2f,1087,False
func_we_0x100004f31,1219,False
func_we_0x100004f33,821,True
func_we_0x100005ff1,907,False
func_we_0x100005ff3,638,True
func_we_0x100006ea9,1147,True
func_we_0x100007483,-208,False
func_we_0x100007489,33,True
func_we_0x10000748b,9,False
func_we_0x10000748f,-480,True
func_we_0x100007493,-271,False
func_we_0x100007858,649,True
func_wr_0x100002362,-593,False
func_wr_0x100002364,1101,True
func_wr_0x100002366,902,True
func_wr_0x100002368,611,True
func_wr_0x10000236a,104,True
func_wr_0x10000236c,28,True
func_wr_0x10000236e,514,True
func_wr_0x100002378,1034,False
func_wr_0x10000237c,124,False
func_wr_0x100002382,286,False
func_wr_0x100002384,925,False
func_wr_0x10000238c,-624,True
func_wr_0x10000238e,-34,True
func_wr_0x100002390,770,True
func_wr_0x100002392,387,True
func_wr_0x100002396,579,True
func_wr_0x100002398,636,False
func_wr_0x10000239a,1196,True
func_wr_0x10000239c,1193,True
func_wr_0x10000239e,-706,True
func_wr_0x1000023a8,1092,True
func_wr_0x1000023aa,271,False
func_wr_0x1000023ae,-107,False
func_wr_0x1000023b0,449,False
func_wr_0x1000023b6,-395,True
func_wr_0x1000023bc,630,False
func_wr_0x1000023be,-503,True
func_wr_0x1000023c0,-633,True
func_wr_0x1000023c6,-611,True
func_wr_0x1000023c8,-386,True
func_wr_0x1000023ca,271,True
func_wr_0x1000023cc,-122,False
func_wr_0x1000023d4,-66,True
func_wr_0x1000023d6,-566,True
func_wr_0x1000023d8,121,False
func_wr_0x1000023e8,552,True
func_wr_0x1000023ec,1056,False
func_wr_0x1000023f6,1036,False
func_wr_0x1000023fc,-660,False
func_wr_0x1000023fe,-197,True
func_wr_0x100002400,505,True
func_wr_0x100002402,594,False
func_wr_0x100002404,924,True
func_wr_0x100002406,-137,True
func_wr_0x100002408,72,True
func_wr_0x100002416,728,False
func_wr_0x100002418,1101,False
func_wr_0x10000241c,446,False
func_wr_0x100002420,-665,False
func_wr_0x100002424,-138,True
func_wr_0x100002426,238,True
func_wr_0x100002430,1030,False
func_wr_0x100002432,520,True
func_wr_0x100002434,362,False
func_wr_0x10000243a,223,True
func_wr_0x10000243c,889,False
func_wr_0x10000243e,239,True
func_wr_0x100002447,635,False
func_wt_0x100001e39,280,False
func_wt_0x100001ea2,756,True
func_wt_0x100001ea4,884,True
func_wt_0x100003054,38,False
func_wt_0x100003060,796,False
func_wt_0x100003073,786,False
func_wt_0x1000038c2,-105,False
func_wt_0x100003b33,-547,False
func_wt_0x100003b3c,994,True
func_wt_0x100004f2b,1147,False
func_wt_0x100004f35,101,False
func_wt_0x100004f37,201,True
func_wt_0x100004f39,1,False
func_wt_0x100004f3b,458,False
func_wt_0x100005e70,-104,False
func_wt_0x100005e76,-417,False
func_wt_0x100006a72,-561,False
func_wt_0x100006a81,557,True
func_wt_0x100006a8b,1157,True
func_wt_0x100006ea5,66,False
func_wt_0x100007491,-75,True
func_x0_0x1000020c7,-161,True
func_x0_0x1000020c9,68,False
func_x0_0x1000020ef,65,False
func_x0_0x10000246d,826,False
func_x_0x100000014,975,False
func_x_0x10000009d,-751,True
func_x_0x1000001fe,411,False
func_x_0x100000226,991,True
func_x_0x100000245,650,False
func_x_0x100000252,891,True
func_x_0x1000002c7,871,False
func_x_0x1000002e6,-384,False
func_x_0x10000032d,256,True
func_x_0x100000341,-428,True
func_x_0x100000369,1043,False
func_x_0x100000385,833,False
func_x_0x1000003a8,-577,True
func_x_0x1000003c8,570,True
func_x_0x1000003e6,-258,True
func_x_0x100000444,-438,False
func_x_0x100000448,963,True
func_x_0x10000044a,33,True
func_x_0x10000044f,522,True
func_x_0x10000047f,920,True
func_x_0x100000489,1184,False
func_x_0x100000496,-664,False
func_x_0x100000730,528,False
func_x_0x10000073f,-727,False
func_x_0x1000007ae,945,False
func_x_0x1000007c9,94,False
func_x_0x1000007d5,-584,False
func_x_0x1000007eb,-536,False
func_x_0x1000007f1,921,True
func_x_0x1000007f7,-720,False
func_x_0x10000080a,144,False
func_x_0x10000080f,340,True
func_x_0x100000820,-604,True
func_x_0x100000849,769,False
func_x_0x100000861,584,True
func_x_0x100000885,-742,True
func_x_0x1000008b7,-521,False
func_x_0x1000008e5,376,True
func_x_0x1000008e8,811,True
func_x_0x1000019e0,329,False
func_x_0x100001a1c,-275,False
func_x_0x100001a55,987,True
func_x_0x100001c67,837,True
func_x_0x100001f32,789,False
func_x_0x100001f44,-246,True
func_x_0x100001f51,433,False
func_x_0x100001f59,3,True
func_x_0x1000024fd,565,False
func_x_0x10000250b,-575,False
func_x_0x10000251c,-373,True
func_x_0x100002f6f,-91,True
func_x_0x100003138,984,False
func_x_0x10000319b,-373,False
func_x_0x1000031a2,-628,False
func_x_0x1000031c9,-104,True
func_x_0x1000031ea,279,False
func_x_0x100003276,717,False
func_x_0x1000032ff,1002,False
func_x_0x100003301,256,False
func_x_0x100003396,1056,True
func_x_0x1000033c1,-539,False
func_x_0x1000033ce,819,False
func_x_0x1000033fb,-323,True
func_x_0x100003417,861,True
func_x_0x100003421,249,False
func_x_0x100003432,941,False
func_x_0x100003439,551,False
func_x_0x10000346a,1215,False
func_x_0x1000037dc,-516,True
func_x_0x1000039be,740,False
func_x_0x100003da3,-588,True
func_x_0x100003f86,-423,False
func_x_0x10000429f,-734,False
func_x_0x10000441e,-509,False
func_x_0x10000443f,334,False
func_x_0x1000044d4,208,False
func_x_0x1000044f6,299,False
func_x_0x10000454f,885,False
func_x_0x100004556,-87,False
func_x_0x1000045df,321,False
func_x_0x1000046c8,411,False
func_x_0x1000046d2,-533,False
func_x_0x10000470b,57,False
func_x_0x10000471e,588,True
func_x_0x10000480d,839,True
func_x_0x1000048e7,-430,False
func_x_0x1000048f2,1162,True
func_x_0x100004904,1111,True
func_x_0x100004960,-371,True
func_x_0x100004b5f,905,False
func_x_0x100004b80,-62,True
func_x_0x100004bbc,-555,True
func_x_0x100004d92,303,False
func_x_0x100004d98,1216,True
func_x_0x100004f78,-206,True
func_x_0x100004f80,588,False
func_x_0x100004f98,-541,True
func_x_0x100004fb9,1098,True
func_x_0x1000053d6,-101,True
func_x_0x1000053f3,131,True
func_x_0x10000565d,119,False
func_x_0x1000056a4,930,False
func_x_0x100005735,946,False
func_x_0x1000059a8,-104,True
func_x_0x100005d99,203,True
func_x_0x100005da7,-480,False
func_x_0x100005f94,1186,True
func_x_0x10000602d,1157,True
func_x_0x1000060c7,439,True
func_x_0x1000060e4,618,False
func_x_0x1000060ef,-521,True
func_x_0x1000060f7,303,False
func_x_0x1000062b0,-159,True
func_x_0x100006792,908,False
func_x_0x1000067b7,57,False
func_x_0x100006cb2,116,True
func_xa_0x100002de2,-536,False
func_xe_0x1000001f1,609,False
func_xe_0x100001592,147,False
func_xe_0x10000159f,-2,False
func_xe_0x100001688,902,True
func_xe_0x100001ce0,-598,False
func_xe_0x100002fed,1074,True
func_xe_0x100003025,-100,True
func_xe_0x100003027,1169,False
func_xe_0x1000035e0,290,False
func_xe_0x10000364c,-610,False
func_xe_0x1000036ca,548,True
func_xe_0x100003749,-125,True
func_xe_0x10000374d,95,True
func_xe_0x100004571,808,True
func_xe_0x100004aa7,164,False
func_xe_0x100004cd7,-121,False
func_xe_0x100004cd9,-106,False
func_xe_0x100004cdd,-472,True
func_xe_0x1000051b3,-381,True
func_xe_0x1000051b5,-500,True
func_xe_0x1000051b7,-288,True
func_xe_0x1000051b9,-374,True
func_xe_0x100005a0a,261,True
func_xe_0x100005a0e,347,False
func_xe_0x100005c2a,286,True
func_xe_0x10000609b,21,False
func_xe_0x100006259,-183,False
func_xe_0x100006564,400,False
func_xe_0x100006570,-663,True
func_xe_0x100006734,1089,True
func_xe_0x1000067d0,-457,True
func_xe_0x1000067dd,-361,False
func_xe_0x10000686c,-725,True
func_xe_0x100007550,165,True
func_xt_0x100003922,-545,True
func_xt_0x100003928,-15,True
func_xt_0x10000392a,-511,True
func_xt_0x10000392e,871,False
func_xt_0x100003932,719,False
func_xt_0x100003934,113,False
func_xt_0x100003936,517,True
func_xt_0x10000393b,-27,True
func_xt_0x10000393d,-251,True
func_xt_0x100003951,1079,False
func_xt_0x10000395c,622,True
func_xt_0x10000395f,-283,True
func_xt_0x10000396a,696,True
func_xt_0x100003972,616,False
func_xt_0x10000397a,825,False
func_xt_0x100003982,517,True
func_xt_0x100003ed4,1096,False
func_xt_0x100003ed6,1049,True
func_xt_0x1000049a3,1210,True
func_xt_0x1000049a9,1223,False
func_xt_0x1000049b3,242,False
func_xt_0x1000049b5,-104,False
func_xt_0x1000049b7,-493,True
func_xt_0x100005e64,1070,False
func_xt_0x100005ff5,1168,False
func_xt_0x100007065,747,True
func_xt_0x100007239,-746,False
func_xt_0x10000723f,-588,True
func_xt_0x100007257,753,False
func_y0_0x100002d3d,845,True
func_y_0x100001bb1,-246,False
func_y_0x100001c2e,868,True
func_y_0x100001d70,1005,True
func_y_0x1000024ce,-347,True
func_y_0x100002568,-179,False
func_y_0x100002578,-729,True
func_y_0x10000257a,247,False
func_y_0x100003243,-568,True
func_y_0x100003245,591,True
func_y_0x100003247,537,True
func_y_0x100003249,-387,False
func_y_0x100003717,1207,True
func_y_0x1000039a8,786,True
func_y_0x100003d71,-349,False
func_y_0x100003d73,703,False
func_y_0x100003fa5,1028,False
func_y_0x100003fb0,619,False
func_y_0x100003fb8,236,False
func_y_0x10000415d,657,False
func_y_0x100004165,450,False
func_y_0x100004169,-344,True
func_y_0x10000416e,1092,False
func_y_0x100004179,-717,True
func_y_0x10000417b,1127,True
func_y_0x100004411,1063,True
func_y_0x100004413,103,True
func_y_0x100004417,435,True
func_y_0x1000046fd,-744,True
func_y_0x100004d66,284,True
func_y_0x100004d68,-262,True
func_y_0x100004d6a,-371,False
func_y_0x100004d6e,-96,True
func_y_0x100004e0d,-38,False
func_y_0x100004ec1,-715,False
func_y_0x100005154,307,False
func_y_0x100005258,-464,True
func_y_0x10000538f,-486,False
func_y_0x1000054ba,18,False
func_y_0x100005692,740,False
func_y_0x10000597e,325,True
func_y_0x100005aab,-306,True
func_y_0x100005b8a,802,False
func_y_0x100005bc6,-637,True
func_y_0x100005d18,127,True
func_y_0x1000062de,643,True
func_y_0x10000667d,585,True
func_y_0x100006683,847,False
func_y_0x100006ca9,-85,True
func_y_0x100006f56,812,True
func_y_0x100006f58,-275,False
func_y_0x100006fb2,1216,False
func_y_0x100006fd6,-738,True
func_y_0x100007100,812,False
func_y_0x10000774e,439,True
func_ya_0x10000245a,-270,True
func_ye_0x1000001f3,-694,True
func_ye_0x1000015b0,-71,True
func_ye_0x100001ce3,299,True
func_ye_0x10000363a,383,False
func_ye_0x10000363e,1222,False
func_ye_0x10000364e,-163,True
func_ye_0x100003650,-112,True
func_ye_0x100003652,589,False
func_ye_0x100003656,1071,False
func_ye_0x100003658,308,True
func_ye_0x10000365a,69,True
func_ye_0x10000365e,299,True
func_ye_0x100003660,140,True
func_ye_0x100003664,400,False
func_ye_0x10000373d,1185,False
func_ye_0x100003751,707,True
func_ye_0x100004cdf,592,True
func_ye_0x10000506a,417,False
func_ye_0x100005a0c,-769,False
func_ye_0x100005c35,331,False
func_ye_0x1000060aa,168,True
func_ye_0x100006305,981,True
func_ye_0x10000656a,-103,True
func_ye_0x1000067c0,-372,False
func_ye_0x1000067c4,-494,False
func_ye_0x1000067ce,861,True
func_ye_0x1000067d9,518,False
func_ye_0x1000067e3,772,False
func_ye_0x100007806,666,True
func_ye_0x100007808,848,False
func_yr_0x1000020c4,1122,True
func_yt_0x100001821,-365,True
func_yt_0x100003c25,573,True
func_yt_0x100003c94,311,False
func_yt_0x1000068b6,404,True
func_yt_0x1000068ba,569,True
func_yt_0x1000068be,794,False
func_yt_0x1000068c0,757,False
func_yt_0x1000068c2,767,True
func_yt_0x1000068c8,967,False
func_yt_0x1000068ca,135,False
func_yt_0x1000068d5,-171,False
func_yt_0x1000068d7,524,False
func_yt_0x10000691b,-774,False
func_yt_0x10000691f,258,True
func_yt_0x100006925,656,True
func_yt_0x10000693f,292,False
func_yt_0x1000069bb,-327,True
func_z0_0x100002e9c,715,True
func_z0_0x100003c1c,-480,True
func_z0_0x100003c9f,682,True
func_z0_0x1000068e2,-182,False
func_z0_0x1000068e4,173,True
func_z0_0x100006909,-650,False
func_z_0x100001576,78,False
func_z_0x100001722,473,True
func_z_0x10000172c,-757,False
func_z_0x10000173e,504,True
func_z_0x10000178a,-263,True
func_z_0x1000017b7,1174,True
func_z_0x1000017b9,236,False
func_z_0x1000017bb,267,True
func_z_0x1000018fc,-20,False
func_z_0x1000024a6,1109,False
func_z_0x1000024bc,-702,True
func_z_0x100002cfc,62,True
func_z_0x100002cfe,1165,False
func_z_0x100002d00,576,False
func_z_0x100002d02,-704,False
func_z_0x100002d06,-289,False
func_z_0x100002d08,349,True
func_z_0x100002d0a,-290,True
func_z_0x100002d0e,-655,False
func_z_0x100002d10,781,False
func_z_0x100002d16,603,False
func_z_0x100002d22,969,False
func_z_0x100002d24,-99,True
func_z_0x100002d26,470,False
func_z_0x100002d28,-776,False
func_z_0x100002ef3,124,True
func_z_0x100002ef7,-636,False
func_z_0x100002f0a,-119,True
func_z_0x100002f10,-186,False
func_z_0x100002f14,286,True
func_z_0x100002f18,-671,False
func_z_0x100002f1c,-650,True
func_z_0x100002f20,78,True
func_z_0x100002f26,-260,False
func_z_0x100002f2a,1002,False
func_z_0x100003252,220,True
func_z_0x10000325c,-749,True
func_z_0x1000032a1,-697,False
func_z_0x1000032a9,-440,False
func_z_0x1000035c7,-52,True
func_z_0x100003675,-304,False
func_z_0x100003677,461,False
func_z_0x100003679,-638,False
func_z_0x10000367b,-155,True
func_z_0x100004577,1131,False
func_z_0x100004582,1190,True
func_z_0x10000459b,106,False
func_z_0x10000505b,661,True
func_z_0x100005440,-370,True
func_z_0x100005486,330,False
func_z_0x10000548e,-277,False
func_z_0x1000054c6,-289,True
func_z_0x100005a17,302,True
func_z_0x100005a19,-768,True
func_z_0x100005a23,-739,False
func_z_0x100005a31,-236,True
func_z_0x100005ced,872,True
func_z_0x100005cef,-326,False
func_z_0x100005e0e,6,False
func_z_0x100005e10,752,False
func_z_0x100005e12,613,True
func_z_0x100005f04,-126,False
func_z_0x100005f6f,63,True
func_z_0x10000628f,-348,False
func_z_0x100006688,169,True
func_z_0x10000672d,1132,False
func_z_0x100006ded,986,True
func_z_0x10000753d,538,False
func_z_0x10000755d,1070,True
func_z_0x10000780e,722,True
func_ze_0x100001809,-661,False
func_ze_0x100001811,-298,True
func_ze_0x100001813,1014,True
func_ze_0x10000181b,860,True
func_ze_0x100001f5e,70,True
func_ze_0x100002d36,979,False
func_ze_0x100002d6e,568,True
func_ze_0x100002d86,-734,True
func_ze_0x100002d88,-732,True
func_ze_0x100002eaa,-369,True
func_ze_0x100002eae,-372,False
func_ze_0x100002eb6,336,False
func_ze_0x100002ec9,138,True
func_ze_0x100002ecf,784,False
func_ze_0x100002ed3,144,True
func_ze_0x100002ed5,-114,True
func_ze_0x100002ed7,84,True
func_ze_0x100002edb,530,False
func_ze_0x100002edd,214,True
func_ze_0x100002ee5,842,True
func_ze_0x100002ef0,168,False
func_ze_0x100003cf2,984,False
func_ze_0x100006902,-250,True
func_ze_0x100006929,594,True
func_ze_0x100006939,-623,True
func_zr_0x100003c41,-104,False
func_zr_0x100003c45,119,True
func_zr_0x100003c4b,-535,True
func_zr_0x100003c7a,820,False
func_zr_0x100005538,-747,True
func_zr_0x10000553a,1152,True
func_zr_0x100005544,-557,False
func_zr_0x100005548,285,False
func_zr_0x10000554a,95,False
func_zr_0x10000554c,316,False
func_zr_0x100005552,63,True
func_zr_0x100005558,252,True
func_zr_0x10000555a,-225,False
func_zr_0x10000555c,-576,False
func_zr_0x10000555e,431,False
func_zr_0x100005562,-241,True
func_zr_0x100005564,142,False
func_zr_0x100005566,919,False
func_zr_0x100005568,1008,True
func_zr_0x10000556a,-578,True
func_zr_0x10000556c,751,False
func_zr_0x10000556e,-325,True
func_zr_0x100005576,743,False
func_zr_0x100005582,157,False
func_zr_0x100005584,983,True
func_zr_0x100005588,-421,False
func_zr_0x10000558a,-8,False
func_zr_0x10000558e,710,False
func_zr_0x100005590,-291,False
func_zr_0x100005592,1058,False
func_zr_0x100005594,-555,False
func_zr_0x100005596,257,True
func_zr_0x10000559a,-700,False
func_zr_0x10000559c,614,False
func_zr_0x1000055a0,-32,True
func_zr_0x1000055a2,-378,False
func_zr_0x1000055a4,414,True
func_zr_0x1000055b2,511,True
func_zr_0x1000055ca,-407,False
func_zr_0x1000055ce,587,True
func_zr_0x1000055d6,192,True
func_zr_0x100005632,202,False
func_zr_0x100005634,-328,True
func_zr_0x10000563a,-524,True
func_zr_0x100005646,735,False
func_zr_0x10000564c,-213,False
func_zt_0x1000015e0,266,False
func_zt_0x10000371c,906,True
func_zt_0x100003861,154,False
func_zt_0x1000038b5,110,True
func_zt_0x1000038bb,668,False
func_zt_0x100003fdb,704,False
func_zt_0x10000626c,434,False
func_zt_0x100006ef7,-227,True
func_zt_0x10000777c,171,True
