func_$_0x10000296b,116188,True
func_$_0x100002fa6,115957,True
func_$_0x1000030c6,116226,False
func_$_0x10000375b,116098,False
func_$_0x10000375d,116655,False
func_$_0x100003ed5,114798,False
func_$_0x100004430,114875,True
func_$_0x100004722,116190,True
func_$_0x10000528e,116065,True
func_$_0x100005296,114926,False
func_$_0x1000052a6,115689,False
func_$_0x100005c98,116011,False
func_$_0x100005cbc,115288,True
func_$_0x100005cc3,115231,True
func_$_0x100005cc7,116494,True
func_$_0x100005f18,115942,True
func_$_0x1000062a7,114789,False
func_$_0x10000640e,116347,False
func_$_0x100006410,115710,False
func_$_0x1000067ae,115202,False
func_$_0x1000067b8,116415,True
func_$_0x1000067ba,116456,True
func_$_0x100006b76,116287,True
func_$_0x100006bf7,115635,True
func_$_0x100006bf9,115384,True
func_$_0x100006c09,115099,False
func_$_0x100006c0f,115892,False
func_$_0x1000071fd,114984,True
func_$_0x1000079a1,115202,True
func_$_0x1000079c8,116497,True
func_$_0x10000818f,114995,False
func_$_0x1000081d2,115346,True
func_$_0x100008c23,116187,False
func_$_0x10000976d,116319,True
func_$_0x100009775,115229,True
func_$_0x100009ad9,116091,False
func_$_0x100009aed,115587,False
func_$_0x100009aef,116680,True
func_$_0x100009b26,115200,True
func_$_0x100009b60,116453,False
func_$_0x100009b95,116082,False
func_$_0x100009b9e,114865,False
func_$_0x100009ba4,114992,True
func_$_0x100009bab,115070,False
func_$_0x100009bad,116127,True
func_$_0x100009f4c,116335,True
func_$_0x10000a471,116248,False
func_$_0x10000a515,115734,True
func_$_0x10000a700,115143,False
func_$_0x10000b01d,116525,False
func_$_0x10000b053,115025,False
func_$_0x10000b5c0,115381,False
func_$_0x10000b5c2,115108,True
func_$_0x10000b5c8,115222,False
func_$_0x10000b5ca,115816,False
func_$_0x10000b5d2,115394,True
func_$_0x10000b61f,116095,True
func_$_0x10000b621,115459,True
func_$_0x10000b7ba,114796,False
func_$_0x10000b7c0,115943,True
func_$_0x10000b7cc,116674,True
func_$a_0x100003384,115494,False
func_$a_0x100003481,115263,False
func_$a_0x100003485,115115,False
func_$e_0x100002d8d,115227,True
func_$e_0x1000030bc,115626,True
func_$e_0x100005bbd,115316,False
func_$e_0x100006814,115540,False
func_$e_0x100006817,115084,True
func_$e_0x100006fc4,116216,True
func_$e_0x100006fc8,115537,True
func_$e_0x100006fcc,115301,True
func_$e_0x100008482,115461,False
func_$e_0x1000095b9,115074,True
func_$e_0x1000095bb,115666,False
func_$e_0x1000095d3,115842,False
func_$e_0x10000a8fc,115377,False
func_$e_0x10000a900,115756,False
func_$e_0x10000a902,114999,True
func_$e_0x10000a908,115652,False
func_$e_0x10000a90e,115203,True
func_$e_0x10000a910,116195,False
func_$e_0x10000a914,115209,False
func_$e_0x10000a91a,116139,False
func_$e_0x10000aef9,115409,True
func_$e_0x10000aefd,116230,True
func_$e_0x10000aeff,116222,True
func_$e_0x10000af0a,115675,False
func_$e_0x10000af4f,114975,True
func_$e_0x10000af51,115218,False
func_$e_0x10000b2d3,116663,False
func_$o_0x100003b95,116733,True
func_$o_0x100003b99,115465,False
func_$o_0x100003b9c,115774,False
func_$o_0x100003b9e,116449,True
func_$o_0x100007cfa,115686,True
func_$r_0x100005586,116082,True
func_$r_0x100005740,116677,True
func_$r_0x100005747,115331,False
func_$r_0x10000574a,115162,True
func_$r_0x100006f69,115460,True
func_$r_0x10000a958,115764,True
func_$r_0x10000a95c,116176,True
func_$r_0x10000abea,116543,False
func_$r_0x10000ac10,115650,False
func_$t_0x10000484c,115482,True
func_$t_0x100004c5c,115926,False
func_$t_0x100004c7e,115099,True
func_$t_0x100004d42,114943,True
func_$t_0x100004df1,115045,True
func_$t_0x100005198,116752,True
func_$t_0x10000519b,116247,True
func_$t_0x1000051a8,116033,True
func_$t_0x100005a26,114941,False
func_$t_0x100005a28,114990,False
func_$t_0x100005bd4,115178,True
func_$t_0x100006808,116404,True
func_$t_0x100006811,116130,False
func_$t_0x1000069cc,114876,False
func_$t_0x10000a8ed,114970,True
func_$t_0x10000b28d,115588,False
func_$t_0x10000b2a0,116068,True
func_$t_0x10000b2c2,116570,True
func_$t_0x10000b2c4,115594,False
func_$t_0x10000b2d1,116110,True
func_$t_0x10000b2f4,115145,True
func_$t_0x10000b2f6,116105,False
func_A_0x100000173,116004,False
func_A_0x100000175,116554,False
func_A_0x10000091e,116619,True
func_A_0x1000028d4,116659,False
func_A_0x100002b90,115973,True
func_A_0x100002b94,115337,True
func_A_0x100002baf,114892,True
func_A_0x100002bb6,116219,False
func_A_0x100002c7f,115787,True
func_A_0x100002c87,115138,True
func_A_0x100002c8c,114878,False
func_A_0x100002ca0,115813,True
func_A_0x100002ca4,115324,False
func_A_0x100002cd3,116083,True
func_A_0x100002e40,115784,True
func_A_0x100002e7b,115270,True
func_A_0x100002ef9,116406,True
func_A_0x1000031e7,116388,False
func_A_0x100003205,116257,False
func_A_0x1000037bb,115692,True
func_A_0x100003cf4,115232,True
func_A_0x10000427f,115532,False
func_A_0x10000428d,114791,True
func_A_0x1000042b6,115713,False
func_A_0x1000042cb,115048,False
func_A_0x1000042ee,116480,True
func_A_0x100004393,116326,False
func_A_0x1000043a0,115081,True
func_A_0x1000043cb,115235,False
func_A_0x10000441b,115204,True
func_A_0x100004492,116350,True
func_A_0x100004587,115744,True
func_A_0x10000458f,116626,True
func_A_0x100004591,115008,False
func_A_0x1000045bd,116217,False
func_A_0x1000045f4,116415,False
func_A_0x100004a7b,115056,False
func_A_0x100004aa3,115398,False
func_A_0x100004b2f,116058,False
func_A_0x100004b76,116504,False
func_A_0x100004f1e,116203,False
func_A_0x10000586b,114928,True
func_A_0x100005993,116512,False
func_A_0x100005eea,115527,False
func_A_0x100006312,114761,False
func_A_0x1000063ac,116368,False
func_A_0x10000643c,115210,False
func_A_0x100006496,116456,True
func_A_0x10000699e,115241,False
func_A_0x100006a01,116031,True
func_A_0x100006b65,115041,False
func_A_0x100006c43,116753,False
func_A_0x100006e4d,116457,False
func_A_0x100006e83,115825,False
func_A_0x100006f59,115678,True
func_A_0x100007460,115341,True
func_A_0x100007871,115759,True
func_A_0x10000791f,115697,True
func_A_0x10000794e,114784,False
func_A_0x100007955,115216,True
func_A_0x10000795c,115930,False
func_A_0x1000079d7,116075,False
func_A_0x100007a7b,115441,False
func_A_0x100007aa4,115991,True
func_A_0x100007ac4,116066,True
func_A_0x100007b60,116607,False
func_A_0x100007bc3,116186,False
func_A_0x100007faa,115319,False
func_A_0x1000082cf,115456,False
func_A_0x1000082da,116284,False
func_A_0x10000878c,116412,True
func_A_0x1000087c7,115984,True
func_A_0x100008803,116586,True
func_A_0x1000088dc,116321,False
func_A_0x10000890c,116550,False
func_A_0x100008bc7,116680,False
func_A_0x100008bfb,115649,True
func_A_0x100008dae,115739,False
func_A_0x100008e95,114943,False
func_A_0x1000090a2,116738,True
func_A_0x1000090a6,116552,False
func_A_0x1000090ed,114935,True
func_A_0x100009103,115464,True
func_A_0x1000091e7,115331,True
func_A_0x100009251,116534,True
func_A_0x100009265,116373,True
func_A_0x10000934a,115760,True
func_A_0x1000093ac,115171,True
func_A_0x1000093bd,115045,False
func_A_0x1000093c6,116705,True
func_A_0x1000094da,115041,False
func_A_0x1000094df,115659,False
func_A_0x1000094ec,115610,True
func_A_0x100009749,115681,False
func_A_0x10000974e,115609,False
func_A_0x100009750,114762,True
func_A_0x10000990a,115818,True
func_A_0x10000991f,114805,False
func_A_0x100009a1b,114795,True
func_A_0x100009a1d,115077,True
func_A_0x100009d1e,115061,True
func_A_0x100009d66,115769,False
func_A_0x100009e8d,114870,True
func_A_0x10000a614,115989,False
func_A_0x10000a7a9,116676,False
func_A_0x10000a7af,115213,False
func_A_0x10000a7b5,115234,False
func_A_0x10000aa35,116190,True
func_A_0x10000ab09,115865,False
func_A_0x10000ab18,115520,True
func_A_0x10000ac71,114915,True
func_A_0x10000ad43,116070,True
func_A_0x10000b49e,115405,True
func_A_0x10000b925,116290,False
func_A_0x10000b92b,115586,False
func_Aa_0x100007337,116709,True
func_Aa_0x100007388,116528,True
func_Ae_0x100000219,114777,True
func_Ae_0x1000027c9,116305,True
func_Ae_0x1000027ce,116249,False
func_Ae_0x1000028c3,116458,True
func_Ae_0x1000028cb,116590,True
func_Ae_0x100004784,115459,False
func_Ae_0x1000047b6,116612,False
func_Ae_0x10000485a,115277,False
func_Ae_0x10000485c,115393,False
func_Ae_0x100004860,116414,True
func_Ae_0x100004862,116408,False
func_Ae_0x100004866,115529,True
func_Ae_0x10000486a,116731,False
func_Ae_0x100004870,115796,True
func_Ae_0x100004887,115992,True
func_Ae_0x100004af7,115218,False
func_Ae_0x100004bf6,114786,False
func_Ae_0x100004dfb,115696,False
func_Ae_0x100004dfd,115172,True
func_Ae_0x10000523e,114929,True
func_Ae_0x10000524a,116279,False
func_Ae_0x100005302,116023,True
func_Ae_0x100005306,116646,False
func_Ae_0x100005315,115296,True
func_Ae_0x100005317,115415,False
func_Ae_0x100005493,116249,False
func_Ae_0x100005497,115063,False
func_Ae_0x100005499,116302,True
func_Ae_0x10000549d,114814,True
func_Ae_0x10000549f,115914,False
func_Ae_0x1000054a3,116133,True
func_Ae_0x1000054a5,115669,True
func_Ae_0x1000054a7,116041,False
func_Ae_0x1000065ee,115092,False
func_Ae_0x10000661f,115205,False
func_Ae_0x100006623,116104,True
func_Ae_0x100006931,115980,True
func_Ae_0x10000693b,115591,False
func_Ae_0x1000069a7,115473,False
func_Ae_0x10000702a,115900,False
func_Ae_0x1000085c1,115064,True
func_Ae_0x100008a13,115171,True
func_Ae_0x100008a87,116374,False
func_Ae_0x100008d78,115197,True
func_Ae_0x100008f9c,115253,True
func_Ae_0x100009de6,116217,True
func_Ae_0x100009de8,115620,False
func_Ae_0x100009df9,116320,True
func_Ae_0x100009e1d,115295,True
func_Ae_0x100009e26,115440,False
func_Ae_0x10000a698,116165,True
func_Ae_0x10000a8d7,115678,True
func_Ae_0x10000a9ef,114902,True
func_Ae_0x10000afde,115431,False
func_Ae_0x10000afe0,115615,True
func_Ae_0x10000b01f,116528,True
func_Ae_0x10000b023,115171,True
func_Ae_0x10000b028,115121,True
func_Ae_0x10000b02a,114941,False
func_Ae_0x10000b02c,115048,False
func_Ae_0x10000b634,115336,True
func_Ae_0x10000b636,115381,True
func_Ae_0x10000b690,115982,True
func_Ae_0x10000b698,115087,False
func_Ae_0x10000b910,116317,True
func_Ae_0x10000b913,116443,False
func_Ai_0x10000a0af,116685,True
func_Ai_0x10000a0c5,114922,True
func_Ai_0x10000b44f,115556,True
func_An_0x100005d07,115068,False
func_An_0x100005d09,116237,True
func_An_0x100005d15,114911,False
func_An_0x100005d19,116306,False
func_An_0x100005d1b,115443,True
func_An_0x100005d1e,116616,False
func_An_0x100005d7a,115973,False
func_An_0x100005d7e,114890,True
func_An_0x100005d85,116136,True
func_An_0x100005d87,115200,True
func_An_0x100005d8b,114904,True
func_An_0x100005d8d,115076,True
func_An_0x100005d91,116546,False
func_An_0x100005d9b,115851,True
func_An_0x100005d9d,114874,True
func_An_0x100005db0,115991,True
func_An_0x100005db9,116530,False
func_An_0x100005dbb,115889,False
func_An_0x100005dc1,116641,True
func_An_0x100005dc7,116506,True
func_An_0x100005dc9,115599,False
func_An_0x100005dd7,115852,True
func_An_0x100005ddd,114994,False
func_An_0x100005ddf,115784,True
func_An_0x100005de2,115806,True
func_An_0x100005de4,115901,False
func_An_0x100005de8,115493,False
func_An_0x100005dea,116363,False
func_An_0x100005dfe,115311,False
func_An_0x100005e00,116542,True
func_An_0x100005e06,116187,False
func_An_0x100005e0c,115544,True
func_An_0x100005e23,114961,False
func_An_0x100005e27,115237,False
func_An_0x100005e29,116657,True
func_An_0x100005e31,115443,False
func_An_0x100005e33,115418,False
func_An_0x100005e3d,115618,False
func_An_0x100005e3f,116408,True
func_An_0x10000b3ec,115552,False
func_An_0x10000b3f2,115842,True
func_Ar_0x1000007b7,116285,True
func_Ar_0x1000007b9,116060,False
func_Ar_0x1000007bd,115207,True
func_Ar_0x1000007c1,115321,False
func_Ar_0x1000007cb,115468,False
func_Ar_0x1000007cd,116030,False
func_Ar_0x1000007cf,116418,False
func_Ar_0x1000007d7,115956,False
func_Ar_0x1000007d9,114876,True
func_Ar_0x1000007dd,115471,False
func_Ar_0x1000007df,115281,True
func_Ar_0x1000007e1,115054,True
func_Ar_0x1000007e3,116055,False
func_Ar_0x1000007e5,115473,True
func_Ar_0x1000007e9,116161,False
func_Ar_0x1000007f3,115154,False
func_Ar_0x1000007f5,115429,True
func_Ar_0x1000007f9,116349,False
func_Ar_0x100003f59,116244,True
func_Ar_0x100003f61,115412,True
func_Ar_0x100003f63,115283,False
func_Ar_0x100004094,115883,True
func_Ar_0x1000040ac,115689,False
func_Ar_0x1000040c1,115565,False
func_Ar_0x1000040d2,116369,True
func_Ar_0x10000b3b3,116006,True
func_Ar_0x10000b421,115073,False
func_Ar_0x10000b428,115976,False
func_At_0x100003960,116649,True
func_At_0x100003983,115008,True
func_At_0x100003985,115740,False
func_At_0x100003987,115779,True
func_At_0x100003994,116307,True
func_At_0x100003996,116350,False
func_At_0x1000039ac,115861,True
func_At_0x1000039b2,114872,True
func_At_0x1000039ba,115291,False
func_At_0x1000039bc,115465,True
func_At_0x1000039da,115891,True
func_At_0x1000039e0,115754,True
func_At_0x1000039e2,115835,True
func_At_0x1000039e4,115054,True
func_At_0x1000039e8,116751,True
func_At_0x1000039ec,116075,False
func_At_0x1000039ee,115636,True
func_At_0x1000039f8,115824,False
func_At_0x100003a36,114803,False
func_At_0x100003a38,115843,False
func_At_0x100003a3a,115563,False
func_At_0x100003a40,115693,True
func_At_0x100003a46,115164,False
func_At_0x100003a49,116071,True
func_At_0x100003a4c,114938,False
func_At_0x100003a52,115463,False
func_At_0x100003a55,115890,True
func_At_0x100003a58,115033,True
func_At_0x100003a66,116337,True
func_At_0x100003a6a,115064,False
func_At_0x100003a8e,114881,True
func_At_0x100003aae,115832,False
func_At_0x100003acf,116291,False
func_At_0x100003ad2,116153,False
func_At_0x100003ad4,115874,True
func_At_0x100003ad7,115181,True
func_At_0x100003add,116675,True
func_At_0x100003aea,116497,False
func_At_0x100003b0e,115385,True
func_At_0x100003b34,116472,False
func_At_0x100003b44,115464,True
func_At_0x100003b4b,116676,False
func_At_0x100003b61,115436,False
func_At_0x100003b68,116262,False
func_At_0x100003b6e,115537,False
func_At_0x100003b73,115339,False
func_At_0x100003baf,116263,True
func_At_0x100003bbc,115601,False
func_At_0x100003bc4,114932,False
func_At_0x100003bc7,114763,True
func_At_0x100003bcb,116157,True
func_At_0x100003be2,116557,True
func_At_0x100003be7,115819,True
func_At_0x100003be9,115405,True
func_At_0x100003c0a,115606,True
func_At_0x100003c14,115867,True
func_At_0x100003c27,115911,True
func_At_0x100003c2b,115817,False
func_At_0x100003c2d,116388,True
func_At_0x100003c3e,116633,True
func_B_0x100000225,116574,True
func_B_0x1000002d1,115924,False
func_B_0x100000319,115863,False
func_B_0x100000332,115849,False
func_B_0x100000454,115290,False
func_B_0x100000953,116504,True
func_B_0x100002835,115407,False
func_B_0x100002862,115859,False
func_B_0x100002b8c,115824,False
func_B_0x100002ccb,116126,False
func_B_0x100002e3e,116658,False
func_B_0x100002e4d,115462,True
func_B_0x100002ee3,115212,False
func_B_0x100004173,115893,False
func_B_0x1000042a4,115615,False
func_B_0x100004346,114854,True
func_B_0x1000043fa,114836,False
func_B_0x1000043fc,115596,False
func_B_0x1000043fe,115727,False
func_B_0x100004416,115852,False
func_B_0x100004561,114768,False
func_B_0x100004572,115920,False
func_B_0x100004643,114779,False
func_B_0x100004651,114790,True
func_B_0x100004670,115769,False
func_B_0x100004699,115193,True
func_B_0x1000048fe,115402,True
func_B_0x100004a77,115300,True
func_B_0x100004aa1,115156,True
func_B_0x100004ab5,116211,False
func_B_0x100004b41,116067,True
func_B_0x100004b71,115745,True
func_B_0x100004f16,115391,False
func_B_0x10000564b,116458,False
func_B_0x10000564d,116315,False
func_B_0x10000564f,116045,False
func_B_0x1000058c8,115356,True
func_B_0x100005b90,115527,False
func_B_0x100005eda,115573,False
func_B_0x100005ee8,115502,False
func_B_0x100006395,114863,False
func_B_0x1000063b1,115593,True
func_B_0x100006476,114873,True
func_B_0x1000066a2,116093,True
func_B_0x1000066a4,114764,True
func_B_0x1000067e9,115080,True
func_B_0x1000068d6,115483,False
func_B_0x1000068de,114870,False
func_B_0x1000068ed,115797,False
func_B_0x100006b62,115333,False
func_B_0x100006b69,115335,False
func_B_0x100006bc0,115323,True
func_B_0x100006c8e,115550,False
func_B_0x100006cba,115759,True
func_B_0x100006d99,115366,False
func_B_0x100006e31,114929,False
func_B_0x100007465,114863,True
func_B_0x10000789d,115987,True
func_B_0x1000078be,115964,True
func_B_0x100007916,115426,True
func_B_0x100007a9f,116639,True
func_B_0x100007ab1,115407,False
func_B_0x100007b45,115774,False
func_B_0x100007b98,115738,False
func_B_0x100007fa7,116426,True
func_B_0x10000813f,116332,True
func_B_0x1000082d1,116028,True
func_B_0x1000082d5,116185,True
func_B_0x10000831f,115335,True
func_B_0x100008578,115508,True
func_B_0x100008790,115358,False
func_B_0x1000087f0,116727,True
func_B_0x10000881d,115578,True
func_B_0x10000884d,116071,False
func_B_0x1000088fc,116306,False
func_B_0x1000089aa,116603,False
func_B_0x100008ae3,116581,True
func_B_0x100008b1c,116246,False
func_B_0x100008bfe,116753,True
func_B_0x100008d1f,115962,False
func_B_0x100008d9c,115426,False
func_B_0x100008ddf,116421,False
func_B_0x1000090d4,116096,False
func_B_0x1000091b1,115719,False
func_B_0x1000091c7,115187,True
func_B_0x1000091de,115199,False
func_B_0x10000922c,115503,True
func_B_0x1000093b9,115602,False
func_B_0x100009485,116583,True
func_B_0x1000094ff,115658,False
func_B_0x10000964a,115626,True
func_B_0x100009755,115993,False
func_B_0x10000990b,114892,False
func_B_0x100009928,116217,True
func_B_0x10000992e,114969,True
func_B_0x100009db6,115587,True
func_B_0x10000a147,116404,False
func_B_0x10000a16e,116124,False
func_B_0x10000a185,116436,False
func_B_0x10000a4ad,115224,False
func_B_0x10000a507,114797,True
func_B_0x10000a7c7,116405,True
func_B_0x10000a826,116411,False
func_B_0x10000aa53,115166,False
func_B_0x10000aa65,116140,True
func_B_0x10000aae3,115402,False
func_B_0x10000ac56,116478,True
func_B_0x10000ad51,115796,True
func_B_0x10000b05e,114919,False
func_Ba_0x10000b3f0,115175,False
func_Ba_0x10000b3f6,115378,False
func_Be_0x1000028b0,115498,True
func_Be_0x1000028cc,115160,True
func_Be_0x1000030cd,115859,True
func_Be_0x1000030cf,116603,False
func_Be_0x1000030d1,114851,True
func_Be_0x10000479e,115939,True
func_Be_0x1000047f6,115493,False
func_Be_0x10000487d,116625,True
func_Be_0x100004af0,115708,False
func_Be_0x1000050b0,115305,True
func_Be_0x100005111,116462,False
func_Be_0x1000052fe,115388,True
func_Be_0x100006615,115761,False
func_Be_0x100006910,115218,True
func_Be_0x100007c40,115077,False
func_Be_0x100008fbf,116130,False
func_Be_0x100008fe6,116450,True
func_Be_0x100009346,115120,False
func_Be_0x100009e1b,115880,True
func_Be_0x10000a84e,115298,False
func_Be_0x10000a850,115241,True
func_Be_0x10000a854,115152,True
func_Be_0x10000a864,116327,True
func_Be_0x10000a8e1,116756,False
func_Be_0x10000b53c,116387,True
func_Be_0x10000b5ab,116266,True
func_Be_0x10000b6ae,115361,True
func_Bi_0x1000039c8,115873,False
func_Bi_0x100003b22,116483,True
func_Bi_0x100003b49,115566,False
func_Bi_0x100003b5b,114798,True
func_Bn_0x10000084c,116369,True
func_Bn_0x100005569,115012,True
func_Bn_0x10000557b,116210,True
func_Bn_0x100005583,115909,False
func_Bn_0x10000558e,115619,True
func_Bn_0x10000559d,115366,False
func_Bn_0x100005618,115327,True
func_Bn_0x1000056f6,115882,True
func_Bn_0x100005710,116090,False
func_Bn_0x100005714,115822,False
func_Bn_0x100005716,115237,True
func_Bn_0x10000571c,115649,False
func_Bn_0x10000606f,115528,True
func_Bn_0x100006f66,115629,False
func_Bn_0x10000abab,115168,True
func_Bn_0x10000ac04,115800,True
func_Bo_0x100003f3a,115384,True
func_Bo_0x100003f3c,116690,True
func_Bo_0x100003f3e,116017,False
func_Bo_0x100003f40,114912,True
func_Bo_0x100006f7e,116421,False
func_Bo_0x10000b3e9,116400,True
func_Bt_0x100003949,115375,False
func_Bt_0x100003964,116054,True
func_Bt_0x100003b00,114967,False
func_Bt_0x100007ce3,114928,False
func_Bt_0x100007d03,116523,True
func_Bt_0x100007e17,115715,False
func_Bt_0x100007e1b,115210,True
func_Bt_0x100007e1d,115360,False
func_Bt_0x100007e1f,116608,True
func_Bt_0x100007e21,114993,False
func_Bt_0x100007e2e,116519,False
func_Bt_0x100007e3e,115265,True
func_Bt_0x100007e40,116487,False
func_Bt_0x100007e44,115121,False
func_Bt_0x100007e4a,116352,True
func_Bt_0x100007e52,116753,False
func_Bt_0x100007e60,115810,False
func_Bt_0x100007e66,115753,True
func_Bt_0x100007e68,116518,True
func_Bt_0x100007e7a,115970,True
func_Bt_0x100007e7e,114864,True
func_Bt_0x100007e82,115890,False
func_Bt_0x100007e90,115588,True
func_Bt_0x100007e9a,114874,False
func_Bt_0x100007ea0,115271,True
func_Bt_0x100007ea4,115174,True
func_Bt_0x100007eb2,115950,True
func_Bt_0x100007eb6,114764,True
func_Bt_0x100007eb8,116071,True
func_Bt_0x100007ed0,114958,False
func_Bt_0x100007ee0,115255,True
func_Bt_0x100007ee4,116667,False
func_Bt_0x100007efe,115063,True
func_Bt_0x100007f02,115804,False
func_Bt_0x100007f04,115817,False
func_Bt_0x100007f0a,114849,False
func_Bt_0x100007f0c,116605,True
func_Bt_0x100007f0e,116037,False
func_Bt_0x100007f1d,115503,False
func_Bt_0x100007f20,115022,True
func_Bt_0x100007f22,116041,True
func_Bt_0x100007f2d,116364,True
func_Bt_0x100007f35,116403,True
func_Bt_0x100007f39,114878,False
func_Bt_0x100007f45,115862,False
func_Bt_0x100007f47,115397,True
func_Bt_0x100007f4f,115514,True
func_Bt_0x100007f59,114965,False
func_Bt_0x100007f5f,115982,False
func_Bt_0x100007f63,115057,True
func_Bt_0x100007f75,116221,False
func_Bu_0x10000b473,116568,True
func_Bu_0x10000b475,114976,True
func_C_0x10000029d,116389,True
func_C_0x1000002ef,114813,False
func_C_0x100000956,115690,True
func_C_0x100002833,115530,False
func_C_0x100002860,116153,False
func_C_0x1000029d6,115419,False
func_C_0x100002b65,115356,False
func_C_0x100002b98,115146,False
func_C_0x100002ba4,115356,True
func_C_0x100002bcc,116248,False
func_C_0x100002c57,116619,True
func_C_0x100002c59,116420,True
func_C_0x100002c5b,115486,True
func_C_0x100002c5f,116673,False
func_C_0x100002c63,116745,True
func_C_0x100002c67,116662,False
func_C_0x100002c6b,115208,False
func_C_0x100002c6f,116664,True
func_C_0x100002cc9,114882,True
func_C_0x100002d01,116577,False
func_C_0x100002d0e,116290,True
func_C_0x100002dd6,116700,True
func_C_0x100002ddb,115067,False
func_C_0x100002dfb,116493,True
func_C_0x100002f49,116592,True
func_C_0x100002f57,114915,False
func_C_0x100003736,115734,True
func_C_0x100003c7d,115180,False
func_C_0x100004280,115875,False
func_C_0x100004417,115954,True
func_C_0x10000444b,115047,False
func_C_0x10000444d,115640,False
func_C_0x10000444f,115846,False
func_C_0x10000447c,116335,False
func_C_0x100004488,116060,True
func_C_0x10000457a,115292,True
func_C_0x10000459a,116479,True
func_C_0x1000045af,114789,False
func_C_0x1000045c8,114866,False
func_C_0x10000460e,116370,False
func_C_0x100004686,114982,False
func_C_0x100004a79,115726,False
func_C_0x100004ab7,115473,True
func_C_0x100004f0a,115030,False
func_C_0x100004f41,115214,True
func_C_0x1000058bf,116043,True
func_C_0x10000598c,116155,True
func_C_0x100005ef0,115576,True
func_C_0x100005ef4,114910,False
func_C_0x100005fd9,115664,False
func_C_0x1000062e7,115775,False
func_C_0x1000063a5,114820,False
func_C_0x100006685,115065,True
func_C_0x1000066a0,115370,True
func_C_0x10000677f,116146,False
func_C_0x10000688c,115664,True
func_C_0x10000689c,115184,False
func_C_0x100006975,115173,True
func_C_0x10000699f,115665,False
func_C_0x100006c2d,114791,True
func_C_0x100006c41,115828,False
func_C_0x100006cb5,114812,False
func_C_0x100006d91,115999,True
func_C_0x100006e3e,116465,True
func_C_0x100006e7f,115942,True
func_C_0x100007125,116320,True
func_C_0x10000748e,115831,False
func_C_0x1000074d4,116340,True
func_C_0x1000079fe,115557,False
func_C_0x100007a9d,114922,False
func_C_0x100007bbb,115398,False
func_C_0x100007bfa,115795,False
func_C_0x100007bff,115608,True
func_C_0x1000082f9,115249,True
func_C_0x1000082fc,116454,True
func_C_0x100008423,116396,False
func_C_0x10000856e,115166,False
func_C_0x10000881b,115052,False
func_C_0x100008849,116315,True
func_C_0x1000088a5,115140,False
func_C_0x100008b36,115364,False
func_C_0x100008bb6,116210,True
func_C_0x100008c6d,115602,False
func_C_0x100008d30,115574,True
func_C_0x100008dc4,115582,True
func_C_0x1000090ad,115416,True
func_C_0x1000090d8,115824,False
func_C_0x1000090da,115570,True
func_C_0x100009155,115540,True
func_C_0x10000915e,115075,False
func_C_0x100009160,114827,True
func_C_0x100009169,115866,True
func_C_0x10000917d,115205,False
func_C_0x100009184,116209,True
func_C_0x100009186,115254,True
func_C_0x1000091a5,116390,True
func_C_0x1000091ba,116315,True
func_C_0x1000091be,116532,True
func_C_0x1000091e1,116378,False
func_C_0x1000091e3,116696,True
func_C_0x1000091f6,115087,False
func_C_0x100009208,115796,True
func_C_0x100009210,116334,True
func_C_0x100009227,114809,True
func_C_0x100009229,116343,True
func_C_0x100009230,116417,True
func_C_0x100009232,115002,False
func_C_0x10000923b,116515,True
func_C_0x100009243,115125,False
func_C_0x100009245,115077,False
func_C_0x10000924e,114976,False
func_C_0x100009262,116436,False
func_C_0x100009291,116535,False
func_C_0x1000092ae,115460,False
func_C_0x1000092b1,115980,True
func_C_0x1000092df,115296,False
func_C_0x1000092e9,115023,True
func_C_0x1000092f9,115035,False
func_C_0x1000092fb,116659,False
func_C_0x10000934d,116295,True
func_C_0x10000934f,116427,False
func_C_0x100009351,114896,False
func_C_0x100009389,114843,True
func_C_0x10000939d,116354,False
func_C_0x1000093b6,116123,True
func_C_0x100009616,115640,True
func_C_0x100009646,114808,False
func_C_0x100009648,114801,True
func_C_0x1000096ec,115304,True
func_C_0x1000099ba,116176,True
func_C_0x100009f81,116309,True
func_C_0x10000a13b,115423,False
func_C_0x10000a4c7,115991,True
func_C_0x10000a4d9,114858,True
func_C_0x10000a501,115441,False
func_C_0x10000a993,115753,True
func_C_0x10000ad59,115503,False
func_C_0x10000b899,116317,True
func_Ca_0x10000b414,115058,False
func_Ca_0x10000b45c,114957,False
func_Ca_0x10000b460,114958,True
func_Ca_0x10000b462,115273,False
func_Ce_0x1000028b6,116654,False
func_Ce_0x1000028c4,116215,True
func_Ce_0x1000028c6,116368,False
func_Ce_0x1000028ce,116298,True
func_Ce_0x100003116,116361,True
func_Ce_0x1000047ee,115377,False
func_Ce_0x100004876,116040,False
func_Ce_0x100004dd8,115512,False
func_Ce_0x100004dda,115908,True
func_Ce_0x100004ddc,114824,True
func_Ce_0x10000509a,116601,False
func_Ce_0x1000050ac,115752,False
func_Ce_0x1000050ae,116336,False
func_Ce_0x1000050b2,115073,False
func_Ce_0x1000050b4,116724,False
func_Ce_0x10000523a,115736,False
func_Ce_0x10000523f,115028,True
func_Ce_0x100005243,116666,False
func_Ce_0x1000052fc,116217,True
func_Ce_0x100006001,116553,True
func_Ce_0x100006003,115877,True
func_Ce_0x100006009,115225,False
func_Ce_0x10000600b,115481,False
func_Ce_0x10000600f,115103,True
func_Ce_0x100006011,116187,True
func_Ce_0x100006914,115786,False
func_Ce_0x10000692d,115343,False
func_Ce_0x100006935,116415,True
func_Ce_0x1000069b3,115201,True
func_Ce_0x1000069e0,116688,True
func_Ce_0x100007011,115663,True
func_Ce_0x10000701e,115095,True
func_Ce_0x100007c2f,115785,True
func_Ce_0x100007c39,115822,True
func_Ce_0x100007c54,114863,False
func_Ce_0x100007c58,114985,True
func_Ce_0x100007c5a,116007,False
func_Ce_0x100007c62,115488,True
func_Ce_0x100007c6e,116057,True
func_Ce_0x100008196,115215,True
func_Ce_0x1000085cf,115071,True
func_Ce_0x10000994f,114873,True
func_Ce_0x100009e19,116552,True
func_Ce_0x100009e4e,115939,False
func_Ce_0x10000a699,116520,True
func_Ce_0x10000a9f8,115326,True
func_Ce_0x10000afe4,115817,False
func_Ce_0x10000b502,115511,True
func_Ce_0x10000b53a,116176,False
func_Ce_0x10000b5a6,116375,False
func_Ce_0x10000b69e,116597,True
func_Ce_0x10000b722,114784,False
func_Ce_0x10000b7fa,115274,True
func_Ci_0x100003974,116418,False
func_Ci_0x100003976,115776,False
func_Ci_0x10000397c,116420,True
func_Ci_0x100003b98,115462,True
func_Ci_0x100003bfa,115729,True
func_Cn_0x100000867,116153,True
func_Cn_0x100002a3f,115643,False
func_Cn_0x100002a43,115483,True
func_Cn_0x100002a45,116079,False
func_Cn_0x100002a47,116053,False
func_Cn_0x100002a51,114946,False
func_Cn_0x100002a57,115060,True
func_Cn_0x100002a59,115051,False
func_Cn_0x100009fec,116249,False
func_Cn_0x10000a022,115902,False
func_Cn_0x10000a05c,115033,True
func_Cn_0x10000a262,116372,True
func_Cn_0x10000a960,116585,False
func_Cn_0x10000a96a,116207,False
func_Cn_0x10000abd7,114991,True
func_Co_0x10000781c,115822,False
func_Co_0x10000781e,115026,True
func_Cr_0x10000060e,115857,False
func_Cr_0x10000563f,116409,False
func_Cr_0x100005723,115499,False
func_Cr_0x100006070,116202,True
func_Cr_0x100006072,116649,False
func_Cr_0x100006074,115732,False
func_Cr_0x100006078,116661,True
func_Cr_0x10000607c,114985,True
func_Cr_0x10000a938,116198,True
func_Cr_0x10000a93c,115201,False
func_Cr_0x10000a942,114811,True
func_Cr_0x10000a944,116277,False
func_Cr_0x10000a948,115095,False
func_Cr_0x10000aba3,115696,True
func_Cr_0x10000ac05,116384,False
func_Cr_0x10000ac2d,115923,False
func_Cr_0x10000ac3d,115029,True
func_Ct_0x100002a6e,115276,True
func_Ct_0x100002a70,114987,True
func_Ct_0x100002a74,115452,False
func_Ct_0x100002a78,116124,True
func_Ct_0x100002ad3,115307,True
func_Ct_0x100002d2f,115834,True
func_Ct_0x100002d35,115488,True
func_Ct_0x100002d39,115628,False
func_Ct_0x1000049cf,114854,True
func_Ct_0x1000049ef,115965,False
func_Ct_0x1000049fb,116437,False
func_Ct_0x1000049ff,114925,False
func_Ct_0x100004a03,115169,False
func_Ct_0x100004a05,115140,True
func_Ct_0x100004a07,115464,True
func_Ct_0x100004a15,115201,False
func_Ct_0x10000536c,115542,True
func_Ct_0x100006035,115500,False
func_Ct_0x10000605b,116027,True
func_Ct_0x1000060e2,115430,False
func_Ct_0x1000060ea,114836,True
func_Ct_0x100009bfc,115718,False
func_Ct_0x100009c16,115007,False
func_Ct_0x100009c1a,114964,True
func_Ct_0x100009c8e,116635,False
func_Ct_0x100009c98,115165,False
func_Ct_0x100009ce7,115017,True
func_Ct_0x100009ce9,115281,True
func_Ct_0x100009ced,115753,True
func_Ct_0x100009cef,114905,False
func_D_0x100000114,114998,True
func_D_0x100000147,116159,False
func_D_0x100000149,116110,True
func_D_0x10000014b,114824,True
func_D_0x1000002b5,115800,True
func_D_0x10000298a,116191,True
func_D_0x100002e7c,115911,False
func_D_0x100002e7e,115534,True
func_D_0x100002ea9,114810,False
func_D_0x100002eb3,115426,True
func_D_0x100002eff,116408,True
func_D_0x100002f23,115523,False
func_D_0x100003016,115028,False
func_D_0x100003808,114764,False
func_D_0x100003821,115118,False
func_D_0x100003823,115970,False
func_D_0x100003849,115866,False
func_D_0x10000429f,115807,False
func_D_0x10000435b,116249,True
func_D_0x1000043d5,115253,False
func_D_0x10000468c,115477,True
func_D_0x100004822,115400,False
func_D_0x100004b58,116396,False
func_D_0x100004b60,115918,True
func_D_0x100004b69,116342,True
func_D_0x100004ea6,116007,False
func_D_0x100005446,115447,True
func_D_0x100005658,116229,False
func_D_0x100005824,114963,False
func_D_0x10000582e,116538,True
func_D_0x100005832,114956,False
func_D_0x100005962,115314,True
func_D_0x100005fc1,116009,True
func_D_0x100006115,116656,False
func_D_0x100006372,116156,False
func_D_0x100006388,114947,True
func_D_0x10000639a,116646,True
func_D_0x1000063e3,116425,True
func_D_0x100006435,116745,False
func_D_0x100006437,116177,True
func_D_0x100006a15,116026,False
func_D_0x100006bb7,115167,True
func_D_0x100006bd8,116360,False
func_D_0x100006bdf,115709,False
func_D_0x100006be4,115649,True
func_D_0x100006be6,115950,True
func_D_0x100006be8,115759,False
func_D_0x100006d12,116719,False
func_D_0x100006d15,116557,True
func_D_0x100007153,115070,False
func_D_0x1000074a2,116653,False
func_D_0x100007b4e,115730,True
func_D_0x100007b9d,116451,True
func_D_0x1000082c8,116272,False
func_D_0x100008309,115033,True
func_D_0x100008384,115105,True
func_D_0x1000083f9,114956,False
func_D_0x1000084fa,115602,False
func_D_0x1000084fc,114801,False
func_D_0x100008829,115011,False
func_D_0x10000883b,115456,False
func_D_0x10000883f,115841,False
func_D_0x100008843,114993,False
func_D_0x100008d44,114838,False
func_D_0x100008ffe,114954,False
func_D_0x100009000,114891,False
func_D_0x100009004,116320,True
func_D_0x100009006,115996,False
func_D_0x100009008,115244,False
func_D_0x100009018,116352,False
func_D_0x1000092a0,114853,True
func_D_0x1000093c9,115951,True
func_D_0x100009505,116472,True
func_D_0x100009652,116477,False
func_D_0x100009a05,115552,False
func_D_0x100009a07,115896,True
func_D_0x100009a09,116232,False
func_D_0x100009b32,115550,True
func_D_0x10000a827,115695,False
func_D_0x10000a829,116635,False
func_D_0x10000a86c,116665,True
func_D_0x10000a86e,116112,True
func_D_0x10000a8a9,116663,False
func_D_0x10000aa28,115672,True
func_D_0x10000acd0,116023,False
func_D_0x10000b06b,115881,True
func_D_0x10000b06d,115853,False
func_D_0x10000b06f,116579,True
func_D_0x10000b071,116067,False
func_D_0x10000b077,116127,True
func_D_0x10000b166,116309,True
func_D_0x10000b6f9,115678,False
func_Da_0x10000733c,115241,False
func_Da_0x10000736d,116422,True
func_De_0x1000028bb,116054,False
func_De_0x1000028bf,114868,True
func_De_0x100002fd9,115140,True
func_De_0x100002fdb,116093,False
func_De_0x100002fdf,116519,False
func_De_0x10000310d,114916,False
func_De_0x100003156,116013,True
func_De_0x100003163,116481,True
func_De_0x1000047f2,114902,True
func_De_0x100004847,115954,False
func_De_0x100004b01,116456,True
func_De_0x100004c06,115761,False
func_De_0x100004c6d,114841,False
func_De_0x100004c71,115407,False
func_De_0x100004c86,114962,False
func_De_0x100005937,114881,False
func_De_0x100005a21,115339,True
func_De_0x100005a4d,116307,False
func_De_0x100005a4f,114965,True
func_De_0x100005a51,116484,True
func_De_0x100005a61,115496,False
func_De_0x100005a65,114991,True
func_De_0x100005a67,115179,False
func_De_0x100005a69,116196,False
func_De_0x100005a6b,115480,True
func_De_0x100005a6d,115586,False
func_De_0x100005a71,116286,True
func_De_0x100005e58,116168,True
func_De_0x100005e5a,115076,False
func_De_0x100005e5c,116385,True
func_De_0x100005e66,116479,True
func_De_0x100005e68,115216,False
func_De_0x10000691f,115131,True
func_De_0x100006925,116336,False
func_De_0x1000069a8,116397,False
func_De_0x1000069aa,116181,True
func_De_0x100008fc0,116658,True
func_De_0x10000941d,114799,False
func_De_0x100009427,116420,True
func_De_0x10000947c,116125,True
func_De_0x100009983,115887,False
func_De_0x100009e51,115762,True
func_De_0x10000a974,115934,False
func_De_0x10000aaa4,115855,False
func_De_0x10000ac80,115779,False
func_De_0x10000b035,116171,True
func_De_0x10000b508,116569,False
func_De_0x10000b52e,115588,True
func_De_0x10000b88e,116223,True
func_Dn_0x100006f71,115298,True
func_Dn_0x10000a08d,115160,True
func_Dn_0x10000a08f,116463,True
func_Dn_0x10000a091,114802,False
func_Dn_0x10000a093,116143,True
func_Dn_0x10000a095,115223,False
func_Dn_0x10000a09b,116103,False
func_Dn_0x10000a0a5,115278,True
func_Dn_0x10000a0a7,116506,True
func_Dn_0x10000b3d5,115101,False
func_Dn_0x10000b3fe,115662,False
func_Dn_0x10000b445,115723,True
func_Dn_0x10000b449,115650,False
func_Dr_0x100000611,116261,False
func_Dr_0x10000086b,116395,False
func_Dr_0x10000086d,115524,False
func_Dr_0x10000086f,115622,True
func_Dr_0x100000879,114899,False
func_Dr_0x10000087c,116178,False
func_Dr_0x100000882,115770,True
func_Dr_0x100000884,115249,True
func_Dr_0x100000898,115231,True
func_Dr_0x10000089e,116475,True
func_Dr_0x1000049b8,114791,False
func_Dt_0x100002d1d,115457,True
func_Dt_0x100002d7d,116734,False
func_Dt_0x100002d85,115125,True
func_Dt_0x100002d87,115552,True
func_Dt_0x100002d8b,116548,True
func_Dt_0x100002d93,116118,False
func_Dt_0x10000308d,116309,True
func_Dt_0x100005bbe,115202,True
func_Dt_0x100005bc0,115317,False
func_Dt_0x10000825f,115468,False
func_Dt_0x100008263,116119,True
func_Dt_0x100008281,115371,False
func_Dt_0x100008285,114993,False
func_Dt_0x100008289,115554,True
func_Dt_0x10000828b,115392,True
func_Dt_0x10000828d,115706,True
func_Dt_0x100008295,115542,False
func_Dt_0x100008645,116700,True
func_Dt_0x100008671,116517,True
func_Dt_0x1000086aa,115875,True
func_Dt_0x1000086b7,116186,True
func_Dt_0x1000086ba,116393,True
func_Dt_0x100008efd,116078,True
func_Dt_0x100008f03,115891,True
func_Dt_0x100008f0b,115462,True
func_Dt_0x100008f1c,116098,False
func_Dt_0x100008f2b,116385,True
func_Dt_0x100008f2d,116269,False
func_Dt_0x100008f2f,115586,True
func_Dt_0x100008f31,116519,True
func_Dt_0x100008f37,116130,False
func_Dt_0x10000aca0,115916,False
func_Dt_0x10000aff5,115360,True
func_E_0x1000001ce,115188,True
func_E_0x10000043d,115122,False
func_E_0x1000005c2,115228,True
func_E_0x1000005d1,115672,True
func_E_0x1000009c4,115514,True
func_E_0x100002787,116541,False
func_E_0x10000285c,116395,True
func_E_0x100002b74,115289,False
func_E_0x100002b78,116720,False
func_E_0x100002b82,115014,True
func_E_0x100002b9a,115015,True
func_E_0x100002be0,116580,True
func_E_0x100002cd6,116138,True
func_E_0x100002e1a,115092,False
func_E_0x100002f2a,114800,False
func_E_0x100002f2c,115742,False
func_E_0x100002f4c,115729,True
func_E_0x100002f5b,116568,True
func_E_0x1000031ed,115914,True
func_E_0x100003738,116491,False
func_E_0x100003c60,115671,True
func_E_0x100003c66,115462,False
func_E_0x100003c6c,116061,True
func_E_0x100003c6e,116484,False
func_E_0x100003c89,115291,False
func_E_0x100003c93,114820,True
func_E_0x100003c95,116127,True
func_E_0x100003cf9,116158,False
func_E_0x1000042be,116663,True
func_E_0x1000044a2,116580,False
func_E_0x1000044ab,115229,False
func_E_0x1000044bf,116559,False
func_E_0x100004578,115657,True
func_E_0x100004605,114946,False
func_E_0x100004615,115520,True
func_E_0x100004618,114935,False
func_E_0x100004655,115141,True
func_E_0x10000466e,114948,False
func_E_0x1000048f1,114881,False
func_E_0x100004cbf,115513,False
func_E_0x100004e95,115034,True
func_E_0x100004ef2,115298,True
func_E_0x10000594d,114929,True
func_E_0x100005b8e,114996,False
func_E_0x100005eee,115342,False
func_E_0x100005fea,116749,True
func_E_0x1000062fe,116320,True
func_E_0x10000633a,115163,True
func_E_0x100006400,116054,False
func_E_0x10000677b,115512,True
func_E_0x10000677d,115787,False
func_E_0x100006c2f,116343,True
func_E_0x100006cb8,115354,True
func_E_0x100006e46,114966,True
func_E_0x10000748b,115235,False
func_E_0x10000787b,116121,True
func_E_0x10000787e,114856,True
func_E_0x100007883,115673,True
func_E_0x100007934,116582,True
func_E_0x1000079fb,115801,True
func_E_0x100007aab,115150,False
func_E_0x100007b42,115121,True
func_E_0x100007bb9,116648,True
func_E_0x1000080ef,115676,False
func_E_0x1000082d7,115862,True
func_E_0x1000083a5,115354,True
func_E_0x1000083a7,114996,True
func_E_0x1000083a9,116622,True
func_E_0x10000842e,116060,True
func_E_0x100008569,116088,False
func_E_0x100008822,116023,False
func_E_0x100008901,115827,True
func_E_0x100008aac,116089,False
func_E_0x100008ae6,116607,False
func_E_0x100008bb2,116669,True
func_E_0x100008bba,115418,True
func_E_0x100008bee,116095,False
func_E_0x100008c5d,116000,True
func_E_0x100008c61,116330,False
func_E_0x100008c9b,116629,True
func_E_0x100008d98,116444,True
func_E_0x100008ece,115544,False
func_E_0x100009172,116373,False
func_E_0x100009175,116604,True
func_E_0x1000091b6,115809,False
func_E_0x1000091b8,116617,True
func_E_0x1000091c0,115170,False
func_E_0x10000925e,115151,True
func_E_0x100009260,115280,False
func_E_0x10000928b,115142,True
func_E_0x1000093b2,115089,True
func_E_0x100009668,115171,False
func_E_0x10000966a,115139,True
func_E_0x10000a1a4,115045,True
func_E_0x10000a4d2,115048,False
func_E_0x10000a4d5,115918,True
func_E_0x10000a503,116536,False
func_E_0x10000a874,116592,True
func_E_0x10000a98d,115917,True
func_E_0x10000a991,115883,True
func_E_0x10000a9ac,116493,True
func_E_0x10000a9b4,115588,True
func_E_0x10000acd4,116685,False
func_E_0x10000ad5b,116742,True
func_E_0x10000af8e,115813,True
func_E_0x10000b4a2,115367,True
func_E_0x10000b4a4,115546,True
func_Ee_0x1000028ba,116146,True
func_Ee_0x1000030fe,116140,True
func_Ee_0x100003114,115851,False
func_Ee_0x100003154,116076,False
func_Ee_0x10000317c,115760,True
func_Ee_0x100004195,116021,False
func_Ee_0x100004197,116019,False
func_Ee_0x10000419b,115017,False
func_Ee_0x10000419d,115353,False
func_Ee_0x10000419f,115589,False
func_Ee_0x1000041a1,116293,False
func_Ee_0x1000041a9,115419,True
func_Ee_0x1000041ab,115005,False
func_Ee_0x1000041af,116461,False
func_Ee_0x1000041b1,116244,True
func_Ee_0x1000041b5,116201,False
func_Ee_0x1000041bd,115760,True
func_Ee_0x1000041c3,115083,True
func_Ee_0x1000041cd,114842,False
func_Ee_0x1000041cf,115428,False
func_Ee_0x1000041d3,115259,False
func_Ee_0x1000041db,114816,True
func_Ee_0x1000041dd,115140,True
func_Ee_0x1000041df,114922,False
func_Ee_0x10000477a,116001,False
func_Ee_0x100004798,116128,False
func_Ee_0x10000479f,115132,True
func_Ee_0x1000047f1,115789,False
func_Ee_0x100004ac2,115608,False
func_Ee_0x100004ac8,114862,True
func_Ee_0x100004aca,115139,True
func_Ee_0x100004ad9,116385,False
func_Ee_0x100004add,116046,True
func_Ee_0x100004af1,116155,False
func_Ee_0x100004afc,114791,False
func_Ee_0x100004c8e,114946,True
func_Ee_0x100004d63,116459,True
func_Ee_0x10000592b,115795,True
func_Ee_0x10000592d,116169,True
func_Ee_0x10000592f,115008,True
func_Ee_0x100005935,116138,False
func_Ee_0x100006923,116533,True
func_Ee_0x1000069b6,115375,False
func_Ee_0x1000069b8,115451,True
func_Ee_0x100006a40,115140,False
func_Ee_0x100006e9d,116303,True
func_Ee_0x100006ea1,115401,True
func_Ee_0x100006ea3,115402,True
func_Ee_0x100006ea7,116586,True
func_Ee_0x100006eab,115904,False
func_Ee_0x100006f47,115706,False
func_Ee_0x100006f4b,115429,False
func_Ee_0x100007c45,115975,True
func_Ee_0x1000085d4,115937,True
func_Ee_0x1000085d6,115999,True
func_Ee_0x1000085e2,116084,False
func_Ee_0x100008a0e,115950,True
func_Ee_0x100009408,116719,True
func_Ee_0x10000940a,115092,True
func_Ee_0x100009e50,115199,False
func_Ee_0x10000aa94,115472,False
func_Ee_0x10000aa9a,116095,False
func_Ee_0x10000aaa6,116717,False
func_Ee_0x10000aaa8,116077,True
func_Ee_0x10000aab2,114787,False
func_Ee_0x10000aabc,115680,True
func_Ee_0x10000afe5,114811,False
func_Ee_0x10000afe7,116680,False
func_Ee_0x10000b7eb,115224,False
func_Ee_0x10000b84c,115263,False
func_Ee_0x10000b850,114968,True
func_Ee_0x10000b878,116330,True
func_Ee_0x10000b87a,116684,True
func_Ee_0x10000b882,115973,False
func_Ei_0x100005e10,115281,True
func_Ei_0x10000b469,115967,False
func_En_0x100000805,115950,True
func_En_0x10000a31b,115535,False
func_En_0x10000a332,116109,False
func_En_0x10000a334,116420,False
func_En_0x10000a34a,115025,False
func_En_0x10000a350,114787,False
func_En_0x10000a356,115717,True
func_En_0x10000a362,115828,True
func_En_0x10000a368,115147,False
func_En_0x10000a371,116511,True
func_En_0x10000a384,115800,True
func_En_0x10000a38a,115318,False
func_En_0x10000a396,115520,False
func_En_0x10000a39a,115016,True
func_En_0x10000a39c,115528,True
func_En_0x10000a3a6,115378,False
func_En_0x10000a3a8,116086,False
func_En_0x10000a3af,115035,True
func_En_0x10000a3c3,115840,True
func_En_0x10000a3c7,115688,True
func_En_0x10000a3c9,116094,False
func_En_0x10000a3d1,115942,False
func_En_0x10000b3d0,115563,True
func_En_0x10000b3d4,115298,True
func_Er_0x100002a49,116302,True
func_Er_0x100002a4b,115335,False
func_Er_0x100002a4d,114966,True
func_Er_0x100002a53,115887,False
func_Er_0x100002a5b,116318,False
func_Er_0x100002a5f,114878,False
func_Er_0x10000574b,116467,False
func_Er_0x100009fe2,116327,True
func_Er_0x100009fe6,116308,True
func_Er_0x100009fee,116540,False
func_Er_0x100009ff0,115845,False
func_Er_0x100009ff2,115913,True
func_Er_0x100009ff4,116208,False
func_Er_0x100009ff6,115855,False
func_Er_0x100009ffa,115146,False
func_Er_0x10000a000,115824,False
func_Er_0x10000a008,116728,False
func_Er_0x10000a00a,115745,True
func_Er_0x10000a012,116107,True
func_Er_0x10000a014,116677,False
func_Er_0x10000a016,114804,False
func_Er_0x10000a018,116335,True
func_Er_0x10000a01a,116640,True
func_Er_0x10000a01e,115702,True
func_Er_0x10000a020,115640,True
func_Er_0x10000a028,115207,False
func_Er_0x10000a02a,116543,False
func_Er_0x10000a030,116433,False
func_Er_0x10000a034,115064,False
func_Er_0x10000a036,115780,True
func_Er_0x10000a038,116231,True
func_Er_0x10000a0de,115270,False
func_Er_0x10000a0e8,115291,False
func_Er_0x10000abbc,115696,True
func_Er_0x10000abc2,116167,True
func_Et_0x10000045a,115615,True
func_Eu_0x100003717,114934,True
func_F0_0x1000073fd,115937,True
func_F_0x100002865,116100,False
func_F_0x1000029d7,116114,True
func_F_0x100002c0a,114922,True
func_F_0x100002f0e,114907,False
func_F_0x100002f79,115577,False
func_F_0x100003816,115761,False
func_F_0x100003826,116694,True
func_F_0x100003828,115720,True
func_F_0x1000041f0,115164,True
func_F_0x100004204,116060,False
func_F_0x100004390,114991,False
func_F_0x1000043bc,116078,True
func_F_0x100004453,115446,True
func_F_0x100004469,115957,True
func_F_0x10000446f,115629,True
func_F_0x10000473e,115603,True
func_F_0x100004740,116169,True
func_F_0x100004757,115159,True
func_F_0x100004926,115701,False
func_F_0x10000492c,115704,True
func_F_0x10000492e,116563,False
func_F_0x100004932,115944,False
func_F_0x100004bb0,116450,False
func_F_0x100005114,116391,True
func_F_0x10000511d,116648,True
func_F_0x100005159,116544,False
func_F_0x10000515d,115909,False
func_F_0x100005161,116361,True
func_F_0x100005167,115987,False
func_F_0x1000054d1,115744,False
func_F_0x1000054d3,115281,False
func_F_0x1000054d5,116034,True
func_F_0x1000054ea,116696,True
func_F_0x100005545,114955,True
func_F_0x10000554c,114819,True
func_F_0x10000578b,115114,True
func_F_0x100005c68,114889,True
func_F_0x100006116,115131,False
func_F_0x100006118,116337,True
func_F_0x100006177,115779,False
func_F_0x100006179,116072,False
func_F_0x10000617b,115910,True
func_F_0x10000617e,116706,True
func_F_0x100006180,115763,True
func_F_0x100006186,116664,False
func_F_0x100006321,114796,False
func_F_0x100006325,116368,True
func_F_0x100006454,116006,False
func_F_0x100006560,115880,False
func_F_0x100006590,115798,False
func_F_0x1000065a6,116385,False
func_F_0x100006a05,114968,True
func_F_0x100006a0b,116668,True
func_F_0x100006a0d,116069,False
func_F_0x100006a0f,116510,True
func_F_0x100006ae2,115855,False
func_F_0x100006b85,115753,False
func_F_0x100006b87,116709,True
func_F_0x100007190,115511,True
func_F_0x100007193,114953,True
func_F_0x1000071b9,116148,True
func_F_0x1000071d8,116162,True
func_F_0x100007218,115993,False
func_F_0x10000721b,115234,False
func_F_0x100007afc,115852,False
func_F_0x100007b04,115121,False
func_F_0x100007b06,116534,False
func_F_0x1000081e5,115647,True
func_F_0x1000081e9,115664,True
func_F_0x1000081ec,116483,False
func_F_0x1000081fc,116089,True
func_F_0x10000820d,115023,True
func_F_0x1000083d3,115595,False
func_F_0x1000083db,116727,False
func_F_0x10000857d,115147,False
func_F_0x100008737,115544,True
func_F_0x100008742,116709,True
func_F_0x100008850,114866,True
func_F_0x100008858,115513,True
func_F_0x10000885a,115858,False
func_F_0x100008b18,116293,False
func_F_0x100008d06,115584,True
func_F_0x100009620,116044,True
func_F_0x100009760,114824,True
func_F_0x100009ad8,115638,False
func_F_0x100009bc0,115429,True
func_F_0x100009d16,115226,False
func_F_0x10000a103,116558,True
func_F_0x10000a126,115500,True
func_F_0x10000a160,116047,True
func_F_0x10000a630,115096,True
func_F_0x10000a632,116118,False
func_F_0x10000a634,115493,False
func_F_0x10000a636,116666,False
func_F_0x10000a638,115391,False
func_F_0x10000a7ea,115300,False
func_F_0x10000a81d,116345,False
func_F_0x10000a823,115710,False
func_F_0x10000b18c,115385,False
func_F_0x10000b695,115361,True
func_F_0x10000b89c,116515,False
func_Fa_0x100003ba0,114852,False
func_Fa_0x100007cea,115101,True
func_Fa_0x100007cec,114845,True
func_Fa_0x100007cf4,115526,False
func_Fa_0x100007cf8,116694,True
func_Fe_0x10000305f,115266,False
func_Fe_0x10000306c,116408,False
func_Fe_0x10000309e,115286,False
func_Fe_0x1000030a6,116500,False
func_Fe_0x1000030ac,116105,False
func_Fe_0x1000030b4,116759,True
func_Fe_0x1000030b6,116749,False
func_Fe_0x1000030ba,115901,False
func_Fe_0x100004d28,115358,True
func_Fe_0x100004d2c,116010,True
func_Fe_0x100006812,114838,True
func_Fe_0x100006fc2,115967,False
func_Fe_0x100006fc6,116150,False
func_Fe_0x100007fb8,114850,True
func_Fe_0x100008487,116191,False
func_Fe_0x100008489,116745,True
func_Fe_0x1000084aa,116003,False
func_Fe_0x1000095a5,114826,True
func_Fe_0x1000095b7,114913,True
func_Fe_0x10000a204,114886,True
func_Fe_0x10000a206,114984,True
func_Fe_0x10000a20c,115911,True
func_Fe_0x10000a216,115891,False
func_Fe_0x10000a21a,116392,True
func_Fe_0x10000a226,115744,False
func_Fe_0x10000a228,116013,True
func_Fe_0x10000a22a,115684,True
func_Fe_0x10000a230,116365,False
func_Fe_0x10000a234,114826,True
func_Fe_0x10000a236,114924,False
func_Fe_0x10000a238,116490,True
func_Fe_0x10000a23a,115157,True
func_Fe_0x10000a23c,115276,False
func_Fe_0x10000a23e,114889,True
func_Fe_0x10000a242,115357,False
func_Fe_0x10000a24c,115507,False
func_Fe_0x10000a252,115945,False
func_Fe_0x10000a25d,116333,False
func_Fe_0x10000ac9a,115808,True
func_Fe_0x10000ac9e,115770,True
func_Fe_0x10000aedf,115257,False
func_Fe_0x10000aef3,116458,True
func_Fe_0x10000af27,115801,True
func_Fe_0x10000af29,116031,False
func_Fe_0x10000b291,115661,False
func_Fi_0x10000081d,116105,False
func_Fi_0x100000843,116110,False
func_Fi_0x10000a065,115729,True
func_Fi_0x10000a067,115920,False
func_Fi_0x10000a069,116669,True
func_Fi_0x10000a06b,115264,False
func_Fi_0x10000a06d,115092,False
func_Fi_0x10000a075,116290,False
func_Fi_0x10000a077,116185,False
func_Fi_0x10000a07b,116152,False
func_Fi_0x10000a07f,115367,True
func_Fi_0x10000b3b8,114822,True
func_Fi_0x10000b43d,116383,True
func_Ft_0x100003966,115691,False
func_Ft_0x100003b2e,116431,True
func_Ft_0x100003b30,115741,True
func_Ft_0x100003b3c,115181,True
func_Ft_0x100003b55,115527,False
func_Ft_0x100003b77,116557,False
func_Ft_0x100003c1c,115907,False
func_Ft_0x100007e13,114946,True
func_Ft_0x100007e36,115719,False
func_Ft_0x100007e42,115399,True
func_Ft_0x100007e48,116326,True
func_Ft_0x100007e4e,114827,False
func_Ft_0x100007e5a,115794,True
func_Ft_0x100007e6e,115704,False
func_Ft_0x100007e72,116761,True
func_Ft_0x100007e78,115618,True
func_Ft_0x100007e8a,115195,False
func_Ft_0x100007ea8,115899,True
func_Ft_0x100007ed2,116649,True
func_Ft_0x100007ee2,115313,True
func_Ft_0x100007ee6,114913,True
func_Ft_0x100007ee8,115068,False
func_Ft_0x100007ef0,116676,False
func_Ft_0x100007ef2,115037,False
func_Ft_0x100007f06,115239,True
func_Ft_0x100007f08,116333,True
func_Ft_0x100007f10,116120,False
func_Ft_0x100007f4d,115672,False
func_Ft_0x100007f55,115235,False
func_Ft_0x100007f5b,116705,False
func_Ft_0x100007f6f,115293,True
func_G_0x1000002c8,116463,True
func_G_0x100002c1a,116454,True
func_G_0x100002ec0,114784,False
func_G_0x100002fc6,116306,True
func_G_0x100002fc8,116268,True
func_G_0x100002fca,116686,True
func_G_0x1000030c3,116118,True
func_G_0x100003ea8,115741,True
func_G_0x100003eb2,115522,False
func_G_0x100003eb6,116084,True
func_G_0x100003ec2,115122,True
func_G_0x100003ec6,115987,False
func_G_0x100003ece,114933,False
func_G_0x100003ed2,115245,True
func_G_0x10000420a,115445,True
func_G_0x100004425,115241,True
func_G_0x100004457,116602,False
func_G_0x10000446c,116723,False
func_G_0x1000047e7,116332,False
func_G_0x1000048b8,115110,True
func_G_0x1000048bd,115559,True
func_G_0x100004ba6,115746,False
func_G_0x100004bac,115521,True
func_G_0x100004bae,116533,False
func_G_0x100004db9,115212,True
func_G_0x100004e70,114771,True
func_G_0x100004e77,115596,False
func_G_0x100004e7a,114926,False
func_G_0x100004f99,115873,True
func_G_0x100005125,116686,True
func_G_0x10000514c,116187,False
func_G_0x100005eb0,114974,False
func_G_0x100005f98,115043,False
func_G_0x100005fa3,116546,False
func_G_0x10000611a,116394,False
func_G_0x10000611c,114877,True
func_G_0x1000061a1,114853,True
func_G_0x100006347,116207,True
func_G_0x1000063c4,116447,False
func_G_0x1000063d3,116452,True
func_G_0x10000641c,115463,False
func_G_0x10000654b,115342,True
func_G_0x10000655e,115439,False
func_G_0x1000065aa,116446,True
func_G_0x100006664,115350,False
func_G_0x10000666a,116643,True
func_G_0x10000666e,116383,False
func_G_0x100006672,116272,False
func_G_0x1000068ae,115835,False
func_G_0x1000068b2,116481,False
func_G_0x1000068b4,115247,False
func_G_0x1000068b6,114766,False
func_G_0x100006db0,114914,True
func_G_0x100006dbd,115496,False
func_G_0x100006e09,116596,True
func_G_0x100006e2c,115934,True
func_G_0x1000071ba,115825,False
func_G_0x10000722b,116647,True
func_G_0x10000730e,114822,False
func_G_0x100007321,116028,False
func_G_0x100007af8,116332,True
func_G_0x1000081cd,115979,False
func_G_0x1000081e1,115868,False
func_G_0x1000083e1,115614,True
func_G_0x1000083e3,116673,False
func_G_0x1000083e5,116196,True
func_G_0x1000085a8,116093,True
func_G_0x100008b90,116170,True
func_G_0x100008b92,115932,True
func_G_0x100008b95,115988,True
func_G_0x100008ccc,115316,False
func_G_0x100008cce,114829,True
func_G_0x100008cd5,115049,True
func_G_0x100008cee,116062,True
func_G_0x10000901e,115149,False
func_G_0x100009025,116650,False
func_G_0x10000949f,115975,True
func_G_0x1000094a3,116573,False
func_G_0x10000967c,115347,True
func_G_0x10000967e,115623,False
func_G_0x1000096a0,115906,False
func_G_0x1000096d4,115011,False
func_G_0x1000096d6,116611,False
func_G_0x1000096d8,115729,False
func_G_0x1000098d1,115072,False
func_G_0x1000099d0,114834,False
func_G_0x100009b33,115467,True
func_G_0x100009b35,116297,False
func_G_0x100009b3f,115016,False
func_G_0x100009b57,115779,False
func_G_0x100009ba8,116274,False
func_G_0x100009d17,115324,False
func_G_0x100009d19,116637,False
func_G_0x100009d3a,115362,False
func_G_0x10000a40d,115525,True
func_G_0x10000a411,115095,False
func_G_0x10000a5f5,115302,True
func_G_0x10000a64d,114939,False
func_G_0x10000a7e4,116576,False
func_G_0x10000a820,115380,False
func_G_0x10000a843,116117,True
func_G_0x10000ac72,115755,False
func_G_0x10000ad1e,115042,True
func_G_0x10000b087,115487,False
func_G_0x10000b6f2,115119,True
func_G_0x10000b6f6,115518,True
func_G_0x10000b754,114785,False
func_G_0x10000b756,116065,True
func_G_0x10000b758,116144,False
func_G_0x10000b75c,115762,False
func_G_0x10000b769,115359,False
func_G_0x10000b76f,116729,True
func_G_0x10000b89f,115869,True
func_Ge_0x100002feb,115377,True
func_Ge_0x10000310a,115060,True
func_Ge_0x10000316b,116566,False
func_Ge_0x100004250,115189,False
func_Ge_0x100004bf8,116561,False
func_Ge_0x100004c12,115324,True
func_Ge_0x100004c6e,115113,False
func_Ge_0x100004c79,115911,True
func_Ge_0x100004c7c,115711,False
func_Ge_0x100004d6d,114874,True
func_Ge_0x100004dea,116676,True
func_Ge_0x10000509c,116005,True
func_Ge_0x1000050b7,114858,True
func_Ge_0x100005a1b,116148,False
func_Ge_0x100005e64,115617,False
func_Ge_0x100006018,116653,False
func_Ge_0x100006926,116706,True
func_Ge_0x100006f1d,115275,True
func_Ge_0x100006f45,115475,False
func_Ge_0x1000085c6,115578,False
func_Ge_0x100009035,115416,True
func_Ge_0x100009037,115660,True
func_Ge_0x100009039,116467,False
func_Ge_0x10000903d,115093,True
func_Ge_0x10000903f,115203,False
func_Ge_0x100009041,116165,True
func_Ge_0x10000904d,115456,False
func_Ge_0x100009051,115061,True
func_Ge_0x100009053,115514,False
func_Ge_0x100009059,114908,False
func_Ge_0x100009412,115853,True
func_Ge_0x100009433,115357,False
func_Ge_0x10000943d,116366,False
func_Ge_0x100009459,116637,True
func_Ge_0x100009984,114890,False
func_Ge_0x1000099a8,114822,True
func_Ge_0x100009e2c,116031,False
func_Ge_0x100009e2e,115170,True
func_Ge_0x10000a859,116753,True
func_Ge_0x10000a979,115636,False
func_Ge_0x10000b506,116288,False
func_Ge_0x10000b851,115685,True
func_Ge_0x10000b896,115002,False
func_Ge_0x10000b8dc,116612,True
func_Go_0x10000739b,115919,True
func_Go_0x10000739d,115458,False
func_Go_0x1000073a7,114853,False
func_Go_0x1000073a9,116619,False
func_Go_0x1000073b7,115748,False
func_Gt_0x10000332e,115257,True
func_Gt_0x100003331,115281,False
func_Gt_0x100003333,115154,True
func_Gt_0x10000334a,116135,True
func_Gt_0x100003351,116462,False
func_Gt_0x100003355,116705,False
func_Gt_0x100003359,115908,True
func_Gt_0x100003362,115526,False
func_Gt_0x100003367,115782,True
func_Gt_0x100003375,116577,True
func_Gt_0x1000033ab,116692,True
func_Gt_0x1000033b7,116362,False
func_Gt_0x1000035e6,115224,False
func_Gt_0x1000035e8,116020,True
func_Gt_0x1000035ee,115479,True
func_H_0x1000029f7,115918,False
func_H_0x1000029f9,115859,True
func_H_0x100002b17,115727,False
func_H_0x100002b4c,116075,True
func_H_0x100002e62,116287,True
func_H_0x100002e68,115876,True
func_H_0x100002e6a,115025,True
func_H_0x100002e8e,116095,False
func_H_0x100002e90,115893,True
func_H_0x100002e92,115729,False
func_H_0x100002f7e,116663,True
func_H_0x100003777,116502,False
func_H_0x10000377b,116214,False
func_H_0x10000470a,115942,False
func_H_0x100004710,116669,True
func_H_0x100004712,115611,False
func_H_0x100004714,115265,True
func_H_0x100004716,116135,True
func_H_0x10000471c,116484,False
func_H_0x10000472e,116008,True
func_H_0x100004807,115454,True
func_H_0x10000480b,116242,False
func_H_0x100004813,115824,False
func_H_0x100004816,116548,False
func_H_0x100004838,116740,False
func_H_0x10000483c,116187,False
func_H_0x100004842,115042,False
func_H_0x100004981,115218,True
func_H_0x100004bb8,115280,True
func_H_0x100004bba,115079,False
func_H_0x100004bc0,115380,False
func_H_0x100004bc2,116359,True
func_H_0x1000053ea,115949,True
func_H_0x100005a98,114962,True
func_H_0x100005a9d,116591,True
func_H_0x100005cf9,115505,True
func_H_0x100005eff,116364,True
func_H_0x100005f1c,115334,True
func_H_0x100005f7d,114822,False
func_H_0x1000062ba,116267,False
func_H_0x1000062d5,116240,True
func_H_0x10000641d,115681,True
func_H_0x10000644d,115904,False
func_H_0x1000064cd,115779,True
func_H_0x1000064cf,115596,False
func_H_0x1000064d1,116029,True
func_H_0x1000064d3,116036,False
func_H_0x1000064d7,115972,True
func_H_0x1000067b6,116668,True
func_H_0x100006afc,115354,True
func_H_0x100006b01,116113,False
func_H_0x100006b05,116324,False
func_H_0x100006b09,115148,False
func_H_0x100006b0b,116577,False
func_H_0x100006b0d,116710,False
func_H_0x100006b0f,116583,True
func_H_0x100006e21,116389,True
func_H_0x100007300,115800,False
func_H_0x100008185,116520,False
func_H_0x100008189,114883,False
func_H_0x1000081a3,115540,True
func_H_0x100008b8c,115062,False
func_H_0x100008c1b,115415,True
func_H_0x1000094b1,116525,False
func_H_0x1000094b3,115768,False
func_H_0x10000969b,115019,False
func_H_0x100009da9,116543,False
func_H_0x100009e25,115957,True
func_H_0x100009f44,114962,True
func_H_0x100009f71,115513,True
func_H_0x100009f79,115933,True
func_H_0x10000a3e1,116722,True
func_H_0x10000a3e9,116169,True
func_H_0x10000a3eb,115857,False
func_H_0x10000a3f1,114828,True
func_H_0x10000a420,114951,True
func_H_0x10000a479,116682,False
func_H_0x10000a48f,116605,False
func_H_0x10000a491,115581,True
func_H_0x10000a493,115517,True
func_H_0x10000a5fd,115079,True
func_H_0x10000a644,115802,False
func_H_0x10000ad21,116683,True
func_H_0x10000af95,116130,True
func_H_0x10000b04f,115452,False
func_H_0x10000b787,116322,False
func_H_0x10000b7d0,116167,False
func_He_0x100003981,115429,True
func_He_0x10000398f,114977,False
func_He_0x10000399c,116583,False
func_He_0x10000399e,116612,True
func_He_0x1000039ae,116410,True
func_He_0x1000039b8,114842,True
func_He_0x1000039be,116108,False
func_He_0x1000039c0,116184,True
func_He_0x1000039c4,115140,True
func_He_0x1000039f3,116131,False
func_He_0x1000039f6,114958,True
func_He_0x100003a01,114939,False
func_He_0x100003a08,116036,True
func_He_0x100003a0a,114937,True
func_He_0x100003a14,115046,False
func_He_0x100003a16,115817,True
func_He_0x100003a1a,115438,False
func_He_0x100003a22,115079,True
func_He_0x100003a26,116636,True
func_He_0x100003a2a,115420,True
func_He_0x100003a30,115399,True
func_He_0x100003a6c,116690,True
func_He_0x100003a72,116637,True
func_He_0x100003a78,114786,True
func_He_0x100003a7e,115891,True
func_He_0x100003a80,115257,False
func_He_0x100003a82,114783,False
func_He_0x100003a84,115325,False
func_He_0x100003a8a,115170,True
func_He_0x100003a8c,115982,True
func_He_0x100003a9a,116529,True
func_He_0x100003aa4,114959,False
func_He_0x100003aa8,116172,True
func_He_0x100003aaa,115470,True
func_He_0x100003abb,114833,False
func_He_0x100003abd,116452,False
func_He_0x100003abf,116222,False
func_He_0x100003ae5,115414,True
func_He_0x100003aec,116464,False
func_He_0x100003aee,115276,False
func_He_0x100003b18,116365,True
func_He_0x100003b1c,116311,True
func_He_0x100003b21,116178,True
func_He_0x100003b65,115570,True
func_He_0x100003b8c,115875,True
func_He_0x100003b90,116265,False
func_He_0x100003bb3,114932,True
func_He_0x100003bb5,115630,True
func_He_0x100003bbe,114885,False
func_He_0x100003bd5,114835,True
func_He_0x100003c34,115816,False
func_He_0x100003c37,115280,True
func_Hn_0x10000397e,116033,False
func_Hn_0x100003b7a,115134,True
func_Hn_0x100003beb,116225,True
func_Hn_0x100007d01,116344,False
func_Hn_0x100007e8c,114847,True
func_Hn_0x100007eb4,116472,False
func_Hn_0x100007ebe,116148,True
func_Hn_0x100007eec,114978,True
func_Hr_0x1000036ff,115802,True
func_Ht_0x100006f70,116107,True
func_Ht_0x10000b3fb,116261,False
func_I_0x100000123,115831,True
func_I_0x10000012f,116186,False
func_I_0x100000142,116246,False
func_I_0x100002788,116440,True
func_I_0x100002b12,116161,False
func_I_0x100002bfa,115952,False
func_I_0x100002c00,116623,True
func_I_0x100002c2c,115034,True
func_I_0x100002ceb,114872,True
func_I_0x100002cf0,116308,False
func_I_0x100002cf4,114800,True
func_I_0x100002cf6,115196,False
func_I_0x100002cfa,116576,False
func_I_0x100002e2b,115571,False
func_I_0x100002ee6,116176,False
func_I_0x100003014,116146,True
func_I_0x100004158,116181,True
func_I_0x10000433e,115680,False
func_I_0x1000043a4,115535,False
func_I_0x100004687,114844,True
func_I_0x1000047e4,115346,False
func_I_0x1000048c0,115003,True
func_I_0x100004903,115199,True
func_I_0x10000490b,116493,False
func_I_0x100004abb,116043,True
func_I_0x100004eaa,115556,True
func_I_0x100004f7f,116756,False
func_I_0x100004f83,116120,False
func_I_0x100005525,115532,False
func_I_0x100005f46,115321,False
func_I_0x100005fd7,116459,True
func_I_0x100006198,116739,True
func_I_0x100006387,115141,False
func_I_0x100006399,115641,True
func_I_0x1000063ef,116228,True
func_I_0x1000063f2,115074,True
func_I_0x1000063fa,115705,True
func_I_0x10000658f,116161,False
func_I_0x100006698,115048,False
func_I_0x10000687c,116122,True
func_I_0x100006ad0,115588,True
func_I_0x100006bb6,116657,False
func_I_0x100006ce2,114774,True
func_I_0x100006d36,115695,False
func_I_0x1000074b1,116291,True
func_I_0x1000074b5,114770,False
func_I_0x1000074ba,116720,True
func_I_0x100007939,115413,True
func_I_0x100007960,115419,False
func_I_0x100007a07,116369,True
func_I_0x100007f90,115031,False
func_I_0x100007fad,114876,False
func_I_0x100008152,114788,True
func_I_0x100008155,116382,False
func_I_0x1000081aa,116548,True
func_I_0x100008325,115621,False
func_I_0x100008371,115663,False
func_I_0x1000083b6,115589,False
func_I_0x1000083bf,116734,False
func_I_0x100008766,116085,False
func_I_0x10000876a,115943,False
func_I_0x1000087f7,115187,False
func_I_0x1000087f9,116689,False
func_I_0x1000087fd,116445,True
func_I_0x1000088f5,115628,True
func_I_0x100008b1f,115299,True
func_I_0x100008b21,114995,False
func_I_0x100008bcd,115576,False
func_I_0x100008d09,116543,True
func_I_0x100008d11,115746,False
func_I_0x100008d16,116695,False
func_I_0x100008d4a,116657,False
func_I_0x100008db1,116457,True
func_I_0x100008dc1,115707,False
func_I_0x100008dcb,114862,False
func_I_0x100008dcd,116663,False
func_I_0x100008dd3,115573,True
func_I_0x100008dd7,115827,True
func_I_0x100008ec4,114843,False
func_I_0x100009115,114823,True
func_I_0x10000921e,116362,False
func_I_0x10000927e,116091,False
func_I_0x100009711,116522,False
func_I_0x1000099c1,116326,True
func_I_0x100009b2c,115865,True
func_I_0x100009d87,115996,True
func_I_0x10000a5eb,114828,False
func_I_0x10000a609,115866,False
func_I_0x10000a60d,116615,True
func_I_0x10000a898,115030,True
func_I_0x10000aa4e,115773,False
func_I_0x10000ad6f,115244,False
func_I_0x10000ad76,115228,False
func_I_0x10000ad7f,114999,True
func_I_0x10000b4a6,116651,True
func_I_0x10000b73f,115923,True
func_I_0x10000b93e,115708,False
func_I_0x10000b940,116153,True
func_Ie_0x100002d51,115115,True
func_Ie_0x100002d60,116701,False
func_Ie_0x100003075,116663,False
func_Ie_0x1000044e8,116621,False
func_Ie_0x1000044ea,116664,False
func_Ie_0x1000044f0,115920,False
func_Ie_0x1000044f2,114806,True
func_Ie_0x1000044f6,115216,True
func_Ie_0x1000044fe,116620,True
func_Ie_0x10000450a,115226,False
func_Ie_0x10000450c,114848,True
func_Ie_0x100004510,116426,False
func_Ie_0x100004514,115209,True
func_Ie_0x10000451c,116582,False
func_Ie_0x100004522,115722,True
func_Ie_0x100004524,114998,True
func_Ie_0x10000452a,116467,True
func_Ie_0x10000452c,116261,True
func_Ie_0x100004530,115157,True
func_Ie_0x100004532,115273,False
func_Ie_0x100004534,115827,False
func_Ie_0x100004536,116025,True
func_Ie_0x100004538,115478,False
func_Ie_0x10000453a,115503,False
func_Ie_0x10000453c,116542,False
func_Ie_0x100004544,116582,True
func_Ie_0x10000454a,116308,False
func_Ie_0x100004554,115055,False
func_Ie_0x100004556,116678,True
func_Ie_0x100004558,116196,True
func_Ie_0x1000061e8,115091,True
func_Ie_0x10000624d,116050,False
func_Ie_0x10000624f,115220,False
func_Ie_0x100006251,115111,True
func_Ie_0x10000625a,114850,True
func_Ie_0x10000627a,115931,True
func_Ie_0x10000627c,116227,True
func_Ie_0x100006a46,116563,False
func_Ie_0x100006a66,116247,True
func_Ie_0x100006a72,115046,True
func_Ie_0x100006a7d,115101,True
func_Ie_0x100007ff4,115212,True
func_Ie_0x100008026,116325,True
func_Ie_0x10000802a,116004,True
func_Ie_0x10000803b,116130,False
func_Ie_0x10000803d,116488,False
func_Ie_0x100008053,116192,False
func_Ie_0x100008055,116260,False
func_Ie_0x100008057,115824,False
func_Ie_0x10000805b,115243,False
func_Ie_0x10000805d,116257,True
func_Ie_0x1000082a0,114927,True
func_Ie_0x1000082a8,116314,False
func_Ie_0x1000084b4,115472,True
func_Ie_0x1000084b6,116653,True
func_Ie_0x1000084b8,116566,True
func_Ie_0x1000084ba,116102,False
func_Ie_0x1000084be,116272,False
func_Ie_0x100008646,115931,True
func_Ie_0x10000864f,116411,True
func_Ie_0x100008677,116581,False
func_Ie_0x10000868b,115841,False
func_Ie_0x1000086a1,116445,False
func_Ie_0x1000086b2,115643,False
func_Ie_0x100008eed,115132,False
func_Ie_0x100008ef1,115228,False
func_Ie_0x100008ef3,116716,True
func_Ie_0x100009082,115046,False
func_Ie_0x10000ae2a,115742,True
func_Ie_0x10000aee4,115766,True
func_Ie_0x10000aee6,116379,True
func_Ie_0x10000affa,115563,True
func_Ie_0x10000affc,115872,True
func_Ie_0x10000affe,114766,False
func_Ie_0x10000b0a6,116711,True
func_Ie_0x10000b0a8,115449,True
func_Ie_0x10000b0aa,116488,True
func_Ie_0x10000b0ac,116040,False
func_Ie_0x10000b0b4,115429,True
func_Ie_0x10000b0ba,114781,True
func_Ie_0x10000b0c0,115045,False
func_Ie_0x10000b0c2,116564,False
func_Ie_0x10000b0c6,115638,True
func_Ie_0x10000b0cf,115205,False
func_Ii_0x10000a05d,115138,False
func_Ii_0x10000a0d7,115423,False
func_Ii_0x10000a0da,115417,False
func_Ii_0x10000a962,115486,False
func_Ii_0x10000abd8,115695,True
func_In_0x1000039b4,115500,False
func_In_0x1000039de,116690,True
func_In_0x1000039e6,115052,False
func_In_0x1000039f1,116732,True
func_In_0x1000039fa,116069,False
func_In_0x1000039fc,115344,True
func_In_0x1000039fe,116468,False
func_In_0x100003b75,115017,False
func_In_0x100003bd8,116441,True
func_In_0x100003bdc,115365,False
func_In_0x100003be0,115169,False
func_In_0x100003c10,115328,True
func_In_0x100003c16,116626,False
func_In_0x100003c22,115532,True
func_In_0x100003c3b,116161,True
func_Ir_0x1000007c3,116258,False
func_Ir_0x100003f4a,116093,False
func_Ir_0x100003f6d,116042,False
func_Ir_0x1000040a8,115818,True
func_Ir_0x1000040b2,115624,True
func_Ir_0x1000040bf,114806,True
func_Ir_0x1000040c3,115458,True
func_Ir_0x10000b3cf,115581,False
func_It_0x1000007ae,115400,False
func_It_0x1000007b0,115878,False
func_It_0x1000007b2,116121,True
func_It_0x100000802,114779,False
func_It_0x100000877,116470,True
func_It_0x100000889,116275,True
func_It_0x1000008a2,115756,False
func_It_0x1000008aa,115926,False
func_It_0x10000603d,114798,False
func_It_0x1000060f7,116722,False
func_It_0x1000060f9,115988,True
func_It_0x10000980f,116468,True
func_It_0x100009cd4,115591,False
func_J_0x1000027a6,116354,True
func_J_0x1000027a8,115108,True
func_J_0x100002b46,115743,False
func_J_0x100002e64,114907,True
func_J_0x100002e66,116724,False
func_J_0x100002e84,116004,True
func_J_0x100002e94,116695,False
func_J_0x100002fc2,115396,False
func_J_0x10000301b,115028,False
func_J_0x1000030c5,115774,True
func_J_0x100003758,114799,False
func_J_0x100003842,114941,True
func_J_0x100003ed7,114777,False
func_J_0x10000480e,116352,False
func_J_0x100004817,115713,False
func_J_0x100004bc6,115402,True
func_J_0x100004e69,116508,True
func_J_0x100005023,116187,False
func_J_0x100005a92,115989,False
func_J_0x100005a94,116036,False
func_J_0x100005a96,115673,True
func_J_0x100005a9f,115156,True
func_J_0x100005aa1,115778,True
func_J_0x100005aa3,115555,True
func_J_0x100005aa5,116237,False
func_J_0x100005c9a,116153,False
func_J_0x100005cf6,115426,True
func_J_0x100005cff,116554,False
func_J_0x100005eac,116260,False
func_J_0x100005eb6,115094,True
func_J_0x100005f17,116122,False
func_J_0x100005f54,115548,True
func_J_0x1000062b6,116000,True
func_J_0x1000062bc,116627,False
func_J_0x1000062d3,115444,True
func_J_0x1000062d7,116618,True
func_J_0x100006424,116430,False
func_J_0x1000064d5,115600,True
func_J_0x1000067ac,115398,False
func_J_0x1000067b0,115462,False
func_J_0x1000067c5,115375,True
func_J_0x1000069be,115517,False
func_J_0x100006afe,116117,False
func_J_0x100006b07,115664,True
func_J_0x100006b75,115890,False
func_J_0x100006e23,114855,True
func_J_0x1000071fc,114905,True
func_J_0x1000072fe,115504,True
func_J_0x100007306,115520,True
func_J_0x100008158,116337,True
func_J_0x10000815a,114995,True
func_J_0x10000818d,116151,False
func_J_0x1000081a5,116051,False
func_J_0x100009bcd,114780,True
func_J_0x100009bcf,114815,False
func_J_0x100009bd5,115250,False
func_J_0x100009f3d,115004,False
func_J_0x100009f77,116135,True
func_J_0x10000a3ef,115753,True
func_J_0x10000a477,114908,True
func_J_0x10000a47b,116656,True
func_J_0x10000a48d,115805,False
func_J_0x10000a4a6,115282,False
func_J_0x10000a646,116566,True
func_J_0x10000a648,115635,True
func_J_0x10000a734,115704,False
func_J_0x10000b047,116717,True
func_J_0x10000b049,116026,True
func_J_0x10000b04b,116637,False
func_J_0x10000b04d,115364,True
func_J_0x10000b055,116280,True
func_J_0x10000b059,116137,False
func_J_0x10000b7b4,116210,True
func_J_0x10000b7c2,115883,True
func_J_0x10000b7c6,115183,True
func_J_0x10000b7ca,115138,False
func_J_0x10000b7ce,116034,True
func_Ja_0x100007404,114997,False
func_Ja_0x100007406,116309,False
func_Je_0x100003d2d,116390,False
func_Je_0x100003d36,116536,True
func_Je_0x100003d38,116018,True
func_Je_0x100003d3c,116507,True
func_Je_0x100003d40,115438,True
func_Je_0x100003d44,115158,True
func_Je_0x100003d46,115058,True
func_Je_0x100003d48,116333,False
func_Je_0x100003d4a,115644,True
func_Je_0x100003d4d,116071,True
func_Je_0x100003d53,115666,False
func_Je_0x100003d69,115926,False
func_Je_0x100003d6b,114931,True
func_Je_0x100003d6d,115755,True
func_Je_0x100003d6f,115271,True
func_Je_0x100003d75,116212,True
func_Je_0x100003d77,115390,True
func_Je_0x100003e62,116554,False
func_Je_0x100003e6a,116216,True
func_Je_0x100003e76,115249,False
func_Je_0x100003e78,114826,False
func_Je_0x100003e7c,115492,False
func_Je_0x100003e84,115357,True
func_Je_0x100003e86,114981,True
func_Je_0x10000557e,115077,False
func_Je_0x100005580,115426,False
func_Je_0x100005584,115055,False
func_Je_0x100005594,116601,False
func_Je_0x100005640,115682,False
func_Je_0x100005644,116376,False
func_Je_0x10000573c,116082,True
func_Je_0x10000573e,115235,False
func_Je_0x100005742,115877,True
func_Je_0x100005752,115293,True
func_Je_0x100005754,115153,True
func_Je_0x100006fba,115297,True
func_Je_0x10000a94f,114842,True
func_Je_0x10000abbb,116025,True
func_Je_0x10000ac23,115268,False
func_Je_0x10000ac2e,115819,False
func_Je_0x10000ac32,116569,False
func_Je_0x10000ac36,115603,False
func_Jn_0x100007361,116433,False
func_Jn_0x100007378,116396,True
func_Jn_0x10000737a,115910,False
func_Jn_0x100007380,114849,True
func_Jn_0x100007393,116116,False
func_Jn_0x1000073a3,114863,True
func_Jn_0x1000073d5,115914,False
func_Jn_0x1000073d7,114984,False
func_Jn_0x1000073db,115974,False
func_Jn_0x1000073e3,115313,True
func_Jn_0x1000073e8,115939,True
func_Jo_0x100003f76,116131,False
func_Jo_0x100003f7a,115149,True
func_Jo_0x100003f7c,116379,False
func_Jo_0x100003f80,116272,True
func_Jo_0x100003f86,116613,True
func_Jo_0x100003f88,115352,True
func_Jo_0x100003f8a,116082,True
func_Jo_0x100003f8e,115772,False
func_Jo_0x100003f90,116488,True
func_Jo_0x100003f92,115661,False
func_Jo_0x100003f94,115373,False
func_Jo_0x100003f96,116239,False
func_Jo_0x100003f98,114897,True
func_Jo_0x100003f9a,115074,False
func_Jo_0x100003f9c,115671,True
func_Jo_0x100003f9e,116046,False
func_Jo_0x100003fa0,116178,False
func_Jo_0x100003fa4,115806,False
func_Jo_0x100003fa6,115873,True
func_Jt_0x100009ca9,116198,True
func_Jt_0x100009cb1,115984,False
func_Jt_0x100009cb3,115025,True
func_Jt_0x100009cbf,115087,False
func_Jt_0x100009fda,116623,False
func_Jt_0x10000a03a,116574,False
func_Jt_0x10000abdb,115536,False
func_Jt_0x10000b3c5,115851,True
func_Jt_0x10000b42e,115379,True
func_K_0x10000279c,114864,True
func_K_0x10000279e,115303,True
func_K_0x100002967,115749,True
func_K_0x100002975,115751,False
func_K_0x1000029cf,115913,True
func_K_0x1000029d1,116192,True
func_K_0x100002b3f,116606,False
func_K_0x1000030c8,116716,True
func_K_0x100003759,116077,False
func_K_0x10000376c,115138,False
func_K_0x100003f15,115127,False
func_K_0x1000047e8,115659,False
func_K_0x100004d10,116751,False
func_K_0x100005290,116673,True
func_K_0x100005292,116170,False
func_K_0x100005294,115040,True
func_K_0x100005298,116520,True
func_K_0x1000052bf,115863,True
func_K_0x100005c88,116482,True
func_K_0x100005c92,116620,True
func_K_0x100005c94,114990,True
func_K_0x100005c96,116319,True
func_K_0x100005c9b,114972,True
func_K_0x100005c9d,115803,False
func_K_0x100005ccc,115288,False
func_K_0x100005d00,116429,True
func_K_0x1000064bd,116018,False
func_K_0x100006550,115539,True
func_K_0x1000067b4,116413,False
func_K_0x1000067c3,116313,False
func_K_0x100006c0d,115222,False
func_K_0x100007a2e,115574,True
func_K_0x100007c9c,115830,True
func_K_0x10000889d,116476,True
func_K_0x100008a7e,116083,True
func_K_0x100008b60,115904,True
func_K_0x100008f8a,116618,True
func_K_0x100009765,115597,False
func_K_0x100009767,114849,False
func_K_0x100009769,115435,True
func_K_0x10000976b,115980,False
func_K_0x10000976f,114955,False
func_K_0x100009771,115676,False
func_K_0x100009773,116152,True
func_K_0x100009ad2,116725,False
func_K_0x100009ad4,116106,True
func_K_0x100009ae1,116425,True
func_K_0x100009ae3,116304,False
func_K_0x100009aeb,116756,False
func_K_0x100009b22,116073,False
func_K_0x100009b91,115400,True
func_K_0x100009b9a,115587,False
func_K_0x100009ba0,115666,False
func_K_0x100009ba2,114895,True
func_K_0x100009d43,116303,True
func_K_0x100009d45,116570,True
func_K_0x100009f48,116050,False
func_K_0x100009f4a,116360,True
func_K_0x10000a68a,116408,True
func_K_0x10000a7f7,115640,False
func_K_0x10000acaf,116012,True
func_K_0x10000b5c4,116594,True
func_K_0x10000b5c6,115503,True
func_K_0x10000b617,116404,True
func_K_0x10000b619,115241,True
func_K_0x10000b61b,115591,True
func_K_0x10000b61d,116080,True
func_K_0x10000b764,115888,False
func_K_0x10000b7b5,114886,True
func_K_0x10000b7b7,115508,False
func_Ke_0x100003173,115161,False
func_Ke_0x100004234,115032,False
func_Ke_0x100004248,115525,True
func_Ke_0x100004856,115068,True
func_Ke_0x100004bff,115743,True
func_Ke_0x100004c60,115931,False
func_Ke_0x100004c97,116634,True
func_Ke_0x100004d13,114987,True
func_Ke_0x100004d40,115431,True
func_Ke_0x100004d44,114909,False
func_Ke_0x100004d48,115447,True
func_Ke_0x100004d56,116751,False
func_Ke_0x100004dbe,115874,False
func_Ke_0x100004dc2,116580,False
func_Ke_0x100004e13,116258,False
func_Ke_0x10000518d,115054,True
func_Ke_0x1000051a5,116695,True
func_Ke_0x1000051ab,116043,False
func_Ke_0x100005a23,115338,False
func_Ke_0x10000681a,115937,True
func_Ke_0x100006824,115280,True
func_Ke_0x1000069c5,116296,False
func_Ke_0x1000069c8,116047,False
func_Ke_0x1000069ca,115170,False
func_Ke_0x100006f36,116484,True
func_Ke_0x10000847e,114771,True
func_Ke_0x10000849f,116250,False
func_Ke_0x1000084db,115066,True
func_Ke_0x1000084e7,116419,False
func_Ke_0x100008ee3,115695,True
func_Ke_0x10000aa05,116752,False
func_Ke_0x10000aff2,115915,True
func_Ke_0x10000b58f,115404,False
func_Ke_0x10000b593,115347,True
func_Ke_0x10000b5a3,116416,False
func_Ke_0x10000b859,116016,False
func_Ke_0x10000b8cb,115459,False
func_Ki_0x10000396c,115581,False
func_Ki_0x10000396e,115606,True
func_Ki_0x100003970,115961,False
func_Ki_0x100003972,115064,False
func_Ki_0x100003978,115639,False
func_Ki_0x10000397a,116308,True
func_Ki_0x100003b0b,116042,True
func_Kn_0x100003d61,115515,False
func_Kn_0x100003d65,116250,False
func_Kn_0x100003d79,116178,False
func_Kn_0x100005744,114905,False
func_Kn_0x100006f94,116751,False
func_Kn_0x10000abf0,115328,False
func_Kn_0x10000abf2,114795,True
func_Kn_0x10000abfb,116527,False
func_Kn_0x10000abfd,116370,True
func_Kn_0x10000ac12,116363,False
func_Ko_0x100006f7c,115221,False
func_Ko_0x10000a0b6,116165,False
func_Ko_0x10000a0b8,116017,True
func_Ko_0x10000b3df,115706,True
func_Ko_0x10000b3e3,115843,True
func_Ko_0x10000b411,115047,True
func_Kr_0x10000a085,116586,False
func_Kr_0x10000a0bf,115951,True
func_Kr_0x10000a337,115505,False
func_Kr_0x10000a33c,115317,False
func_Kr_0x10000b3dc,115612,True
func_Kt_0x1000007f7,115465,False
func_Kt_0x1000007fd,115165,False
func_Kt_0x100003f48,116286,True
func_Kt_0x100003f56,115338,False
func_Kt_0x100003f67,115197,True
func_Kt_0x100003f6b,116178,True
func_Kt_0x1000040a7,115611,True
func_Kt_0x1000040ab,115994,False
func_Kt_0x1000040bb,115366,False
func_Kt_0x1000040bd,115589,True
func_Kt_0x1000040c7,116543,False
func_Kt_0x1000040ca,115043,False
func_Kt_0x1000040cc,115234,False
func_Kt_0x1000040ce,115979,False
func_Kt_0x1000040d4,115350,False
func_Kt_0x1000040da,116438,False
func_Kt_0x1000040de,116174,True
func_Kt_0x1000040e0,115298,True
func_Kt_0x1000040e4,115454,False
func_Kt_0x1000040e6,116634,True
func_Kt_0x1000040e8,115454,True
func_Kt_0x1000040ef,114980,True
func_Kt_0x1000040f1,116644,False
func_Kt_0x10000a03b,116733,True
func_Kt_0x10000a03f,115979,False
func_Kt_0x10000a060,116385,True
func_L_0x100002791,114933,False
func_L_0x100002793,115780,False
func_L_0x100002797,115639,False
func_L_0x100002b19,116139,False
func_L_0x100002b44,116647,True
func_L_0x100002e8c,115730,False
func_L_0x100002ec1,116690,False
func_L_0x100002f7a,115616,False
func_L_0x100003776,115669,False
func_L_0x10000381b,116591,False
func_L_0x100003ea6,114849,True
func_L_0x1000041f1,116535,True
func_L_0x10000445a,116127,True
func_L_0x100004733,115410,False
func_L_0x100004749,115815,True
func_L_0x1000047fc,116113,True
func_L_0x1000047fe,114853,False
func_L_0x100004812,115015,True
func_L_0x10000483a,115316,True
func_L_0x100004ba0,115240,False
func_L_0x100004e62,115314,True
func_L_0x100005022,115104,True
func_L_0x100005cdd,114891,False
func_L_0x100005ce7,116211,True
func_L_0x100005cf1,116727,True
func_L_0x100005cf5,116004,True
func_L_0x100005eb5,115065,True
func_L_0x100005f14,115402,True
func_L_0x100005ff6,115186,False
func_L_0x10000610d,116612,False
func_L_0x10000613d,116469,True
func_L_0x1000062d1,115193,False
func_L_0x10000632c,116054,False
func_L_0x1000063c9,114775,True
func_L_0x1000063cb,114810,True
func_L_0x100006416,114995,True
func_L_0x10000644f,116135,False
func_L_0x1000067ef,115557,True
func_L_0x10000690d,116161,True
func_L_0x100006dbe,115996,False
func_L_0x100007147,114773,False
func_L_0x1000071c7,115360,False
func_L_0x1000071c9,115891,True
func_L_0x1000071cf,116225,False
func_L_0x1000071d1,115314,True
func_L_0x10000720c,115551,False
func_L_0x10000720e,115467,False
func_L_0x100007210,115087,False
func_L_0x100007b0a,115129,False
func_L_0x1000080c7,115148,False
func_L_0x1000080ff,115406,True
func_L_0x10000812c,115608,True
func_L_0x100008138,115382,True
func_L_0x1000081d1,115740,True
func_L_0x1000085ef,116650,False
func_L_0x100008727,115990,False
func_L_0x100008b68,115720,True
func_L_0x100008b97,115107,True
func_L_0x100008d68,114917,False
func_L_0x100009671,116407,True
func_L_0x100009baf,116219,False
func_L_0x100009bcc,116539,False
func_L_0x100009d31,115632,False
func_L_0x100009da1,116562,True
func_L_0x100009dad,116431,True
func_L_0x100009db1,116749,True
func_L_0x100009f39,115352,True
func_L_0x10000a64e,116568,True
func_L_0x10000a7e6,115267,False
func_L_0x10000af97,114878,False
func_L_0x10000b5bf,115186,True
func_L_0x10000b640,115323,True
func_Le_0x100007515,115989,False
func_Le_0x10000751d,115785,False
func_Le_0x100007524,114769,False
func_Le_0x1000075f6,116709,True
func_Le_0x1000075f8,115295,False
func_Le_0x100007604,115553,True
func_Le_0x100007615,115284,True
func_Le_0x100007618,116504,False
func_Le_0x100007626,114891,False
func_Le_0x10000762c,115573,True
func_Le_0x100007631,115366,True
func_Le_0x100007634,115214,False
func_Le_0x100007636,116559,False
func_Le_0x10000763f,115832,False
func_Le_0x100007644,116005,True
func_Le_0x10000764a,115742,False
func_Le_0x100007656,114842,True
func_Le_0x100007660,115048,True
func_Le_0x100007670,116393,False
func_Le_0x100007672,115688,False
func_Le_0x100007676,115054,False
func_Le_0x10000767b,115387,True
func_Le_0x10000767e,116064,True
func_Le_0x100007681,116134,True
func_Le_0x100007687,115594,False
func_Le_0x10000768d,115173,False
func_Le_0x100007690,115028,False
func_Le_0x10000769f,116218,False
func_Le_0x1000076a8,115076,False
func_Le_0x1000076b8,115248,False
func_Le_0x1000076ba,116070,True
func_Le_0x1000076be,116490,True
func_Le_0x1000076c0,116329,False
func_Le_0x1000076c4,115476,True
func_Le_0x1000076ca,116179,False
func_Le_0x1000076cf,115285,False
func_Le_0x1000076d2,114905,True
func_Le_0x1000076d4,115631,False
func_Le_0x1000076e6,116411,True
func_Le_0x1000076e8,116589,True
func_Le_0x1000076ec,116165,True
func_Le_0x1000076f0,114986,True
func_Le_0x1000076ff,115680,True
func_Le_0x100007705,116581,False
func_Le_0x100007709,115848,False
func_Le_0x100007712,115445,False
func_Le_0x10000771b,115603,True
func_Le_0x10000771f,115154,True
func_Le_0x100007730,116413,False
func_Le_0x100007744,116743,True
func_Le_0x100007746,115825,False
func_Le_0x100007749,116581,False
func_Le_0x10000774e,115260,False
func_Le_0x10000775a,115198,True
func_Le_0x100007766,116277,False
func_Le_0x10000777f,115913,False
func_Le_0x100007786,114883,True
func_Le_0x10000779c,115987,True
func_Le_0x1000077a0,115505,False
func_Le_0x1000077c2,115212,True
func_Le_0x1000077c5,115198,False
func_Le_0x1000077df,114816,False
func_Le_0x1000077e1,115647,False
func_Le_0x1000077e3,115912,True
func_Le_0x1000077e7,115625,False
func_Le_0x1000077ee,115619,True
func_Le_0x1000077f9,116087,True
func_Le_0x1000077fd,115442,True
func_Le_0x100007812,116601,True
func_Le_0x10000782c,116315,True
func_Le_0x100007832,115726,False
func_Le_0x10000784f,116731,False
func_Li_0x100003f2b,115694,False
func_Li_0x100003f2d,116516,False
func_Li_0x100003f35,116522,False
func_Li_0x100006f79,115040,False
func_Li_0x10000a0b5,115925,True
func_Li_0x10000a312,116088,False
func_Ln_0x10000394a,115949,False
func_Ln_0x100003957,116323,True
func_Ln_0x10000396b,115004,True
func_Ln_0x1000039d2,115385,True
func_Ln_0x100003b01,115772,True
func_Ln_0x100003b09,116485,False
func_Ln_0x100007ce7,116488,True
func_Ln_0x100007e19,116555,True
func_Ln_0x100007e2c,115010,True
func_Ln_0x100007e38,115552,True
func_Ln_0x100007e3c,114773,True
func_Ln_0x100007e96,115141,False
func_Ln_0x100007eca,115629,True
func_Ln_0x100007efa,116367,False
func_Lo_0x100007502,115707,False
func_Lo_0x100007504,116417,False
func_Lo_0x100007508,116172,True
func_Lo_0x100007607,115260,False
func_Lo_0x100007609,115721,True
func_Lo_0x10000760b,115221,False
func_Lo_0x10000760d,115518,True
func_Lo_0x1000077b3,115224,True
func_Lr_0x100007364,116151,True
func_Lr_0x100007368,114920,False
func_Lr_0x100007376,115133,True
func_Lr_0x10000737e,115065,True
func_Lr_0x100007395,115628,True
func_Lr_0x100007399,115441,True
func_Lr_0x10000739f,116402,False
func_Lr_0x1000073ab,116240,False
func_Lr_0x1000073b1,114853,False
func_Lr_0x1000073b5,116561,True
func_Lr_0x1000073b9,115059,False
func_Lr_0x1000073bf,116256,False
func_Lr_0x1000073c5,115499,False
func_Lr_0x1000073c7,116390,False
func_Lr_0x1000073c9,115910,True
func_Lr_0x1000073cb,115236,True
func_Lr_0x1000073cd,115393,True
func_Lr_0x1000073cf,114827,True
func_Lr_0x1000073d1,116168,True
func_Lr_0x1000073d3,116256,True
func_Lt_0x1000007b4,115593,False
func_Lt_0x1000040b5,116594,True
func_Lt_0x10000a043,114763,False
func_Lt_0x10000a045,115784,True
func_Lt_0x10000a047,116322,False
func_Lt_0x10000b33d,115268,False
func_Lt_0x10000b345,116305,True
func_Lt_0x10000b35d,116089,False
func_Lt_0x10000b363,116066,False
func_Lt_0x10000b36b,115075,True
func_Lt_0x10000b373,115913,True
func_Lt_0x10000b395,114853,True
func_Lt_0x10000b39d,116274,False
func_Lt_0x10000b3a3,114888,True
func_Lt_0x10000b3a9,115582,False
func_Lt_0x10000b3ab,116498,False
func_Lt_0x10000b3c7,115675,False
func_Lt_0x10000b3cd,115255,False
func_Lt_0x10000b487,115295,False
func_Lu_0x100003ffe,115362,True
func_M_0x1000002c0,116202,False
func_M_0x1000029ef,115478,True
func_M_0x1000029f3,115539,False
func_M_0x100002a00,116709,False
func_M_0x100002c10,115646,True
func_M_0x100002c17,114985,False
func_M_0x100002c23,116395,True
func_M_0x100002c31,114942,True
func_M_0x100002eda,115558,True
func_M_0x100002f08,115715,True
func_M_0x100003009,115053,False
func_M_0x10000382c,115678,False
func_M_0x10000382e,115170,False
func_M_0x100003834,115150,True
func_M_0x100003cfe,115510,True
func_M_0x1000041f7,116550,False
func_M_0x100004201,115148,False
func_M_0x100004209,115125,False
func_M_0x100004219,115641,True
func_M_0x10000421b,116443,False
func_M_0x1000042fc,115754,False
func_M_0x1000042fe,115558,True
func_M_0x100004304,115696,False
func_M_0x100004308,114790,True
func_M_0x10000430a,115047,True
func_M_0x1000043c0,116127,True
func_M_0x100004739,115336,False
func_M_0x100004755,116231,True
func_M_0x100004759,115774,True
func_M_0x10000488a,115430,False
func_M_0x1000048db,116591,False
func_M_0x100004f4d,115975,False
func_M_0x100004f57,115466,True
func_M_0x100004f7a,116450,True
func_M_0x10000544a,114797,False
func_M_0x10000578d,116009,False
func_M_0x100005791,116272,True
func_M_0x100005a7d,116401,False
func_M_0x100005a7f,116634,False
func_M_0x100005c64,115552,False
func_M_0x100005c6d,114881,True
func_M_0x100005c71,116511,True
func_M_0x100005c78,115920,True
func_M_0x100005c7e,116746,False
func_M_0x100005f1b,116752,True
func_M_0x100006111,115911,False
func_M_0x100006113,115390,False
func_M_0x100006130,115527,False
func_M_0x100006144,116252,True
func_M_0x100006146,115130,True
func_M_0x100006148,114791,False
func_M_0x100006194,116303,False
func_M_0x10000619b,114973,False
func_M_0x100006447,116657,False
func_M_0x100006449,116297,False
func_M_0x100006587,116567,True
func_M_0x100006589,116517,False
func_M_0x1000065a8,115317,False
func_M_0x10000678a,116606,False
func_M_0x10000678c,116474,True
func_M_0x10000678e,115491,True
func_M_0x100006794,116116,True
func_M_0x100006799,116145,False
func_M_0x100006969,115778,True
func_M_0x100006ada,115695,False
func_M_0x100006af3,116356,False
func_M_0x100006e75,116187,False
func_M_0x1000071b2,116181,False
func_M_0x1000071b4,116208,True
func_M_0x1000071bf,115843,False
func_M_0x1000071c6,114957,True
func_M_0x1000071da,116231,True
func_M_0x1000071dc,115130,False
func_M_0x1000071de,115531,False
func_M_0x1000083ea,115430,True
func_M_0x10000873f,115608,True
func_M_0x10000961e,115774,False
func_M_0x100009622,115146,True
func_M_0x10000962b,115898,True
func_M_0x100009680,116542,True
func_M_0x1000096fd,116640,False
func_M_0x1000096ff,114799,True
func_M_0x100009701,114870,True
func_M_0x100009703,115801,True
func_M_0x100009bbf,115805,True
func_M_0x100009d12,116219,True
func_M_0x10000a102,115995,False
func_M_0x10000a124,116133,False
func_M_0x10000a164,116668,False
func_M_0x10000a5f1,116618,False
func_M_0x10000a6f5,116623,False
func_M_0x10000a71c,115350,True
func_M_0x10000a840,115087,False
func_M_0x10000ad16,115791,True
func_M_0x10000b18f,116484,False
func_M_0x10000b73a,116688,True
func_Me_0x100003076,116295,False
func_Me_0x10000307e,115630,True
func_Me_0x100003088,115548,True
func_Me_0x100005b13,115485,False
func_Me_0x100005b15,115092,True
func_Me_0x100005b2b,115654,True
func_Me_0x100005b4b,116028,True
func_Me_0x100005b6d,116195,True
func_Me_0x100005b77,115120,False
func_Me_0x100006a67,116257,False
func_Me_0x100006a6d,116614,False
func_Me_0x10000868e,116761,True
func_Me_0x10000989d,115798,False
func_Me_0x100009a41,115680,True
func_Me_0x100009a43,115775,True
func_Me_0x100009a53,115829,False
func_Mi_0x10000335f,114818,False
func_Mi_0x100003381,115347,True
func_Mi_0x100003457,114988,False
func_Mo_0x100003712,116191,True
func_Mr_0x100002a41,115103,False
func_Mr_0x100002a55,114904,False
func_Mr_0x100002a61,115310,True
func_Mr_0x100002a63,116545,True
func_Mr_0x10000a0d6,116455,True
func_Mr_0x10000a0dc,115031,False
func_Mr_0x10000a964,115775,True
func_Mr_0x10000a968,116533,True
func_Ms_0x1000077d2,116000,True
func_Mt_0x100002d46,116733,True
func_Mt_0x100006a5f,115426,True
func_Mt_0x100007fed,116402,False
func_Mt_0x100007fef,116443,False
func_Mt_0x100008013,115621,True
func_Mt_0x1000097c7,115121,False
func_Mt_0x10000982a,115903,False
func_Mt_0x100009833,116696,True
func_Mt_0x100009835,114828,False
func_Mt_0x100009883,116674,True
func_Mt_0x100009a54,116546,False
func_Mt_0x10000b000,115378,True
func_Mt_0x10000b002,115016,False
func_Mt_0x10000b1ed,114875,False
func_Mt_0x10000b1fd,115290,True
func_Mt_0x10000b1ff,116002,False
func_Mt_0x10000b204,116194,True
func_Mt_0x10000b20c,115794,True
func_Mt_0x10000b214,115191,False
func_Mt_0x10000b216,115628,True
func_Mt_0x10000b21a,116473,False
func_Mt_0x10000b21c,116527,True
func_Mt_0x10000b220,116336,True
func_Mt_0x10000b230,115954,False
func_Mt_0x10000b232,115424,False
func_Mt_0x10000b236,114815,True
func_Mt_0x10000b238,115359,False
func_Mt_0x10000b242,115171,True
func_Mt_0x10000b248,114939,False
func_Mt_0x10000b24c,116617,False
func_Mt_0x10000b252,116448,False
func_Mt_0x10000b254,115142,True
func_Mt_0x10000b25c,116148,True
func_Mt_0x10000b26d,115170,False
func_Mt_0x10000b270,115704,False
func_N_0x1000001f7,115392,True
func_N_0x10000022f,116296,True
func_N_0x100000231,116715,False
func_N_0x100002c2f,115092,False
func_N_0x100002c34,116114,False
func_N_0x100002c36,115128,True
func_N_0x100002e51,115234,True
func_N_0x100002ea2,114868,True
func_N_0x100002eb4,115361,False
func_N_0x100002eb8,115333,True
func_N_0x100002f9e,116064,True
func_N_0x100003006,116624,False
func_N_0x1000030f9,115239,True
func_N_0x100003ce0,115931,False
func_N_0x100003ce2,116064,True
func_N_0x100003cfb,115890,True
func_N_0x100004203,116217,False
func_N_0x100004207,114839,False
func_N_0x1000042fa,115025,False
func_N_0x100004300,114856,False
func_N_0x100004302,115300,False
func_N_0x1000043c4,116046,True
func_N_0x1000043c8,115198,True
func_N_0x10000468f,115063,False
func_N_0x100004934,115038,True
func_N_0x10000494e,116142,True
func_N_0x100004950,114868,True
func_N_0x100004952,116170,True
func_N_0x100004f45,115224,True
func_N_0x100004f47,114865,False
func_N_0x100004f49,116684,False
func_N_0x100004f4b,116168,False
func_N_0x100004f4f,116515,True
func_N_0x100004f51,115946,True
func_N_0x100004f53,116047,True
func_N_0x100004f55,115459,False
func_N_0x100004f59,115658,True
func_N_0x100005205,116215,False
func_N_0x100005211,114983,False
func_N_0x100005566,115016,False
func_N_0x100005794,115101,True
func_N_0x1000059a7,116248,False
func_N_0x100005a7c,115383,True
func_N_0x100005a82,116004,True
func_N_0x100005c6a,115048,True
func_N_0x100005c74,116685,True
func_N_0x100005c76,115378,True
func_N_0x100005c7a,115374,False
func_N_0x10000613a,116235,False
func_N_0x10000613c,116163,True
func_N_0x100006140,115862,False
func_N_0x10000646a,115352,True
func_N_0x1000065a1,115239,False
func_N_0x100006783,115044,True
func_N_0x100006786,116139,False
func_N_0x100006797,114846,True
func_N_0x1000068ad,115705,True
func_N_0x100006965,115388,True
func_N_0x100006967,114839,True
func_N_0x100006978,115958,False
func_N_0x100007149,116373,True
func_N_0x10000714b,116542,False
func_N_0x10000718e,116383,False
func_N_0x100007bc8,116074,True
func_N_0x1000083d0,116366,True
func_N_0x1000083d2,115952,True
func_N_0x1000083d8,116030,True
func_N_0x1000083e8,116692,False
func_N_0x1000083f4,115743,False
func_N_0x100008556,116606,False
func_N_0x1000085ab,115594,True
func_N_0x100008860,114786,True
func_N_0x100009705,115289,False
func_N_0x10000979d,115061,True
func_N_0x1000098b8,114871,False
func_N_0x1000098ba,115776,False
func_N_0x1000098bc,116348,False
func_N_0x1000098d4,115001,True
func_N_0x1000098e4,115629,True
func_N_0x100009bbb,116569,False
func_N_0x100009cf5,116504,False
func_N_0x100009cff,114971,False
func_N_0x100009d10,116493,False
func_N_0x10000a5ef,116395,True
func_N_0x10000a6e2,115935,False
func_N_0x10000a6f3,115274,True
func_N_0x10000a88e,116002,True
func_N_0x10000aa4b,114807,False
func_N_0x10000ad0a,116016,False
func_N_0x10000ad0c,116384,True
func_N_0x10000ad0f,116409,True
func_N_0x10000ad14,115769,True
func_N_0x10000b131,114807,True
func_N_0x10000b133,114808,False
func_N_0x10000b135,114992,True
func_N_0x10000b1b4,115165,False
func_N_0x10000b5ec,115301,False
func_N_0x10000b5f0,115161,True
func_N_0x10000b736,115121,False
func_N_0x10000b8b0,115330,False
func_Ne_0x10000281f,115426,False
func_Ne_0x100002823,115887,True
func_Ne_0x100003159,115657,False
func_Ne_0x100004223,116501,True
func_Ne_0x100004229,115004,False
func_Ne_0x100004231,115870,True
func_Ne_0x10000423d,116553,False
func_Ne_0x100004bed,115455,False
func_Ne_0x100004c6a,115222,False
func_Ne_0x100004e08,116411,False
func_Ne_0x100004e0a,116047,False
func_Ne_0x1000050bb,115270,False
func_Ne_0x100005a59,115672,False
func_Ne_0x100005a77,115545,True
func_Ne_0x100005be0,115443,False
func_Ne_0x100005beb,116407,False
func_Ne_0x100005c23,115413,False
func_Ne_0x100005c25,115071,False
func_Ne_0x100005c31,115763,True
func_Ne_0x100008f7d,115089,False
func_Ne_0x100008f85,116519,True
func_Ne_0x100009417,115782,True
func_Ne_0x10000943e,116735,True
func_Ne_0x100009986,116352,True
func_Ne_0x100009988,116755,False
func_Ne_0x10000998a,116353,True
func_Ne_0x10000998e,115906,False
func_Ne_0x100009992,116336,False
func_Ne_0x100009998,116137,False
func_Ne_0x1000099b6,116012,True
func_Ne_0x10000aa0b,115696,False
func_Ne_0x10000aaaf,115103,False
func_Ne_0x10000b514,114862,True
func_Ne_0x10000b876,114866,False
func_Ne_0x10000b884,116666,True
func_No_0x10000b45b,115811,False
func_Nt_0x100007513,116316,True
func_Nt_0x100007519,116498,True
func_Nt_0x100007521,116755,False
func_Nt_0x1000075fc,116390,True
func_Nt_0x100007600,115467,True
func_Nt_0x100007646,115344,True
func_Nt_0x100007648,116222,False
func_Nt_0x10000764c,116224,True
func_Nt_0x10000764e,115909,True
func_Nt_0x100007650,116007,False
func_Nt_0x100007652,116691,True
func_Nt_0x100007654,116646,True
func_Nt_0x100007658,114967,False
func_Nt_0x10000765a,115929,True
func_Nt_0x10000765c,115502,False
func_Nt_0x10000765e,116531,False
func_Nt_0x100007662,115455,True
func_Nt_0x100007666,115117,True
func_Nt_0x100007668,114951,True
func_Nt_0x10000766a,115145,True
func_Nt_0x10000766c,115112,True
func_Nt_0x1000076a4,116294,True
func_Nt_0x1000076aa,115164,False
func_Nt_0x1000076b0,115115,True
func_Nt_0x1000076b2,116323,False
func_Nt_0x1000076b6,115063,True
func_Nt_0x1000076bc,116428,False
func_Nt_0x1000076c6,116188,False
func_Nt_0x1000076c8,115318,True
func_Nt_0x1000076da,116662,False
func_Nt_0x1000076dc,116589,True
func_Nt_0x1000076e0,115403,False
func_Nt_0x1000076e2,116119,False
func_Nt_0x1000076e4,115782,True
func_Nt_0x1000076f9,115016,True
func_Nt_0x1000076fd,116388,True
func_Nt_0x10000772a,114869,False
func_Nt_0x100007761,115090,False
func_Nt_0x100007797,115448,False
func_Nt_0x100007799,115038,True
func_Nt_0x1000077ab,116433,False
func_Nt_0x1000077bc,115212,True
func_Nt_0x1000077be,115384,False
func_Nt_0x1000077c0,116394,True
func_Nt_0x1000077e5,116156,True
func_Nt_0x100007801,116473,True
func_Nt_0x100007803,116485,True
func_Nt_0x100007805,115034,False
func_Nt_0x100007838,114911,True
func_Nu_0x100003ba4,115959,True
func_O_0x10000015d,114875,True
func_O_0x1000001b7,115037,True
func_O_0x1000001cf,115361,False
func_O_0x1000005d2,115864,True
func_O_0x1000005e1,114853,False
func_O_0x1000005e3,116562,False
func_O_0x1000005e5,115380,True
func_O_0x100000922,115511,True
func_O_0x100000924,114824,True
func_O_0x100000927,114795,False
func_O_0x100002764,115322,False
func_O_0x100002be8,116703,False
func_O_0x100002bec,115736,True
func_O_0x100002c91,115733,True
func_O_0x100002ce3,115262,True
func_O_0x100002e33,116252,True
func_O_0x100002f28,116409,False
func_O_0x100003011,114801,False
func_O_0x1000031ee,116086,False
func_O_0x1000031f4,115323,False
func_O_0x1000037dc,115437,True
func_O_0x1000041ee,116086,False
func_O_0x1000042d6,115137,True
func_O_0x100004326,116710,False
func_O_0x10000434e,115028,True
func_O_0x100004352,116705,False
func_O_0x100004354,116576,False
func_O_0x1000043b0,115833,False
func_O_0x1000043b2,115122,True
func_O_0x1000043e7,115378,False
func_O_0x10000440b,115612,False
func_O_0x100004411,114839,True
func_O_0x100004608,114851,False
func_O_0x1000048e5,115554,False
func_O_0x1000048ff,115319,True
func_O_0x100004901,115090,True
func_O_0x100004b32,115393,True
func_O_0x100004ee5,115646,False
func_O_0x100004f34,116122,False
func_O_0x100004f81,116599,False
func_O_0x10000502d,116104,False
func_O_0x10000522f,116196,True
func_O_0x100005ba0,116203,True
func_O_0x100005ba6,116394,True
func_O_0x100005fbe,116003,False
func_O_0x1000063dd,115225,False
func_O_0x100006875,115366,True
func_O_0x1000068a0,116220,True
func_O_0x100006962,114826,True
func_O_0x100006b4b,115195,True
func_O_0x100006bc9,116664,True
func_O_0x100006d25,116682,True
func_O_0x100006d38,114917,False
func_O_0x100006f56,114802,True
func_O_0x1000078e4,114883,True
func_O_0x10000790c,115052,False
func_O_0x100007f9e,115916,False
func_O_0x100007fb5,114963,True
func_O_0x10000814c,116453,False
func_O_0x10000814e,115081,False
func_O_0x100008150,114861,False
func_O_0x1000082e0,116674,False
func_O_0x1000082e6,115063,True
func_O_0x1000082eb,116689,True
func_O_0x10000833d,114915,True
func_O_0x10000835b,115529,False
func_O_0x1000086dd,115413,False
func_O_0x100008704,115377,True
func_O_0x100008757,115459,True
func_O_0x10000875b,116020,True
func_O_0x100008768,115626,True
func_O_0x1000088ca,114807,False
func_O_0x1000088df,115760,False
func_O_0x100008906,116090,False
func_O_0x100008b24,115902,False
func_O_0x100008b2e,115832,False
func_O_0x100008cc9,115577,False
func_O_0x100008d20,115526,True
func_O_0x100008daf,116014,False
func_O_0x100008ed8,114967,True
func_O_0x10000910f,115859,True
func_O_0x100009124,115199,False
func_O_0x1000091da,116743,False
func_O_0x100009d82,115665,False
func_O_0x100009d9c,115241,True
func_O_0x100009d9e,115115,True
func_O_0x100009e59,115978,False
func_O_0x10000a877,115533,False
func_O_0x10000a87c,116618,False
func_O_0x10000ac60,114889,True
func_O_0x10000ad33,115791,True
func_O_0x10000ad36,116446,True
func_O_0x10000ad7d,115722,False
func_O_0x10000b753,115279,True
func_O_0x10000b93a,115354,False
func_Oa_0x10000733e,116355,False
func_Oa_0x10000734d,116442,False
func_Oa_0x10000736b,115076,True
func_Oa_0x100007389,115003,False
func_Oa_0x10000738b,116434,True
func_Oa_0x10000738f,116113,False
func_Oa_0x1000073f0,115065,False
func_Oe_0x10000281d,116390,False
func_Oe_0x100003167,116105,True
func_Oe_0x1000047aa,116562,True
func_Oe_0x100004bf3,115317,True
func_Oe_0x100004c13,116350,False
func_Oe_0x100004c74,116042,False
func_Oe_0x100004d4b,114821,True
func_Oe_0x100004d7d,115622,False
func_Oe_0x100004e0c,115141,True
func_Oe_0x10000507a,116683,True
func_Oe_0x1000050a7,115209,False
func_Oe_0x100005bbb,115210,False
func_Oe_0x100005bd7,116247,False
func_Oe_0x100005bdd,115646,True
func_Oe_0x100005be7,115349,False
func_Oe_0x100005be9,116695,False
func_Oe_0x1000069c7,114779,True
func_Oe_0x100008ee1,116679,True
func_Oe_0x100008ee5,115860,False
func_Oe_0x100008f46,114835,True
func_Oe_0x100008f7b,116203,False
func_Oe_0x100008f7f,115915,True
func_Oe_0x100008f83,115200,True
func_Oe_0x100008f87,116511,False
func_Oe_0x100009419,115229,False
func_Oe_0x10000944e,116629,True
func_Oe_0x100009452,115209,False
func_Oe_0x1000099ac,115899,True
func_Oe_0x1000099b4,116092,False
func_Oe_0x10000a85d,115215,False
func_Oe_0x10000a860,115832,False
func_Oe_0x10000aac7,115101,False
func_Oe_0x10000ab1b,115019,True
func_Oe_0x10000ac92,116053,False
func_Oe_0x10000b038,115674,True
func_Oe_0x10000b7f4,114969,True
func_Oe_0x10000b873,115404,True
func_Oi_0x100003f39,116732,True
func_Oi_0x10000a0c0,115092,True
func_Oi_0x10000b3e1,115791,False
func_Oi_0x10000b450,115577,False
func_Oi_0x10000b452,116259,True
func_On_0x10000399a,115087,True
func_On_0x1000039af,116017,True
func_On_0x1000039c2,115134,False
func_On_0x100003a03,115820,True
func_On_0x100003a1c,115667,True
func_On_0x100003a24,116368,True
func_On_0x100003a28,115484,False
func_On_0x100003a2c,115347,False
func_On_0x100003a2e,116300,False
func_On_0x100003a6e,116087,True
func_On_0x100003a70,115322,True
func_On_0x100003a74,115329,True
func_On_0x100003a96,115595,False
func_On_0x100003a98,116611,False
func_On_0x100003a9c,115163,True
func_On_0x100003a9e,115165,False
func_On_0x100003aac,115576,False
func_On_0x100003af0,115554,True
func_On_0x100003b28,115650,True
func_On_0x100003b2d,116466,False
func_On_0x100003b6c,115622,True
func_On_0x100003b70,115222,False
func_On_0x100003b8a,116320,False
func_On_0x100003b8e,115996,True
func_On_0x100003bd3,115518,True
func_On_0x100003bda,115324,True
func_On_0x100003c1b,115495,True
func_Oo_0x100003fa8,115185,False
func_Oo_0x10000740d,115087,True
func_Oo_0x10000740f,115303,False
func_Or_0x1000035fa,116553,True
func_Or_0x100003608,115438,True
func_Or_0x10000360a,116166,True
func_Or_0x10000360e,115629,True
func_Or_0x100003610,114772,True
func_Or_0x100003612,115489,False
func_Or_0x100003616,115090,True
func_Or_0x100003618,114947,True
func_Or_0x10000361a,116475,True
func_Or_0x10000361c,115128,False
func_Or_0x100003624,115565,True
func_Or_0x100003628,115582,True
func_Or_0x10000362c,116194,False
func_Or_0x10000363a,116018,False
func_Or_0x10000363c,116186,True
func_Or_0x100003642,115656,False
func_Or_0x100003644,116710,False
func_Or_0x100003646,116270,True
func_Or_0x100003648,115334,True
func_Or_0x100003650,115296,True
func_Or_0x10000365c,116300,True
func_Or_0x10000365e,116737,True
func_Or_0x100003660,115914,True
func_Or_0x100003662,116627,False
func_Or_0x100003664,115983,False
func_Or_0x10000366a,115926,True
func_Or_0x10000366c,115886,True
func_Or_0x100003670,115206,False
func_Or_0x100003674,115085,True
func_Or_0x100003676,114938,True
func_Or_0x10000367a,115430,False
func_Or_0x10000367e,115788,False
func_Or_0x100003680,116434,True
func_Or_0x100003682,116257,False
func_Or_0x100003684,115384,True
func_Or_0x100003688,115125,False
func_Or_0x10000368a,115534,True
func_Or_0x100003694,115650,True
func_Or_0x100003696,116325,True
func_Or_0x10000369c,116480,True
func_Or_0x10000369e,115871,True
func_Or_0x1000036a4,115172,False
func_Or_0x1000036a6,115163,True
func_Or_0x1000036ae,115084,False
func_Or_0x1000036b0,115937,False
func_Or_0x1000036b2,116705,True
func_Or_0x1000036b6,115909,False
func_Or_0x1000036ba,115689,True
func_Or_0x1000036be,115821,False
func_Or_0x1000036c4,116761,False
func_Or_0x1000036d2,116713,False
func_Or_0x1000036d4,115716,True
func_Or_0x1000036d6,116599,True
func_Or_0x1000036da,114786,False
func_Or_0x1000036de,116103,True
func_Or_0x1000036e2,116623,True
func_Or_0x1000036e4,116502,True
func_Or_0x1000036e8,115490,False
func_Or_0x1000036ea,114828,True
func_Or_0x1000036f2,115237,False
func_Or_0x1000036f8,115933,True
func_Or_0x1000036fa,115579,False
func_Or_0x1000036fc,115609,True
func_Or_0x100003701,115161,False
func_Ot_0x100002d6b,115914,True
func_Ot_0x100002d75,115887,False
func_Ot_0x1000044e1,116361,True
func_Ot_0x1000044e4,115770,False
func_Ot_0x100004d1d,116749,True
func_Ot_0x100006a83,116759,True
func_Ot_0x100008667,115226,True
func_Ot_0x10000866b,116167,True
func_Ot_0x100008686,115131,False
func_Ot_0x100008f06,116720,True
func_Ot_0x100008f08,114843,True
func_Ot_0x100009533,116130,False
func_Ot_0x100009535,115472,False
func_Ot_0x100009537,115232,False
func_Ot_0x100009539,114933,False
func_Ot_0x10000953d,115852,True
func_Ot_0x10000953f,116492,False
func_Ot_0x100009541,115923,True
func_Ot_0x100009543,115873,False
func_Ot_0x100009545,114822,True
func_Ot_0x10000954f,116580,True
func_Ot_0x100009551,116679,True
func_Ot_0x100009553,115481,False
func_Ot_0x100009555,115046,False
func_Ot_0x100009557,115107,False
func_Ot_0x10000955d,116032,True
func_Ot_0x10000955f,116023,False
func_Ot_0x100009561,116391,False
func_Ot_0x100009569,115668,True
func_Ot_0x10000956d,115749,True
func_Ot_0x100009573,115596,True
func_Ot_0x100009579,116605,True
func_Ot_0x10000957d,116419,True
func_Ot_0x100009581,116656,True
func_Ot_0x100009589,116208,True
func_Ot_0x10000958b,115471,True
func_Ot_0x10000958f,115763,True
func_Ot_0x1000097b6,114861,True
func_Ot_0x1000097c2,116666,False
func_Ot_0x1000097d6,116531,True
func_Ot_0x100009822,115714,True
func_Ot_0x10000988a,116002,False
func_Ot_0x1000098a4,115673,True
func_Ot_0x100009a27,115893,False
func_Ot_0x100009a4b,114867,False
func_Ot_0x100009a4f,115027,False
func_Ot_0x100009a5f,115064,True
func_Ot_0x100009aaa,115131,False
func_Ot_0x10000ae30,116533,True
func_Ot_0x10000af0d,116718,False
func_Ot_0x10000af0f,115400,False
func_Ot_0x10000af13,115015,True
func_Ot_0x10000b012,115561,True
func_Ot_0x10000b0d8,116195,False
func_Ot_0x10000b527,116014,False
func_Ot_0x10000b529,115395,False
func_P_0x1000002ca,115559,False
func_P_0x100002c0e,116183,False
func_P_0x100002f77,115245,False
func_P_0x100003037,116178,False
func_P_0x10000303b,115897,False
func_P_0x10000303f,116284,True
func_P_0x100003041,116699,False
func_P_0x1000030c0,114777,False
func_P_0x10000373d,115350,False
func_P_0x10000383b,116752,True
func_P_0x100003e93,115324,False
func_P_0x100004162,116244,True
func_P_0x100004164,115103,False
func_P_0x1000041ff,116058,False
func_P_0x100004311,114883,False
func_P_0x10000441f,114838,True
func_P_0x100004421,115345,True
func_P_0x100004423,114989,True
func_P_0x10000442f,116008,False
func_P_0x10000445d,116687,True
func_P_0x100004463,115516,True
func_P_0x100004465,115765,False
func_P_0x10000446b,116417,False
func_P_0x100004744,116342,True
func_P_0x100004924,115535,False
func_P_0x100004928,116335,True
func_P_0x10000492a,115504,True
func_P_0x100004ae5,116461,False
func_P_0x100004b9f,115550,True
func_P_0x10000501c,115972,False
func_P_0x10000501e,115451,False
func_P_0x100005117,116253,True
func_P_0x100005119,114912,True
func_P_0x10000511b,114916,False
func_P_0x10000511f,115223,False
func_P_0x100005121,116098,False
func_P_0x100005163,115423,True
func_P_0x100005165,116476,True
func_P_0x100005208,114774,False
func_P_0x1000054e6,115470,False
func_P_0x100005548,116380,True
func_P_0x100006142,114886,True
func_P_0x100006196,115424,True
func_P_0x10000619d,115877,False
func_P_0x100006330,115940,False
func_P_0x10000634a,115726,True
func_P_0x1000063d5,115178,True
func_P_0x100006564,114830,True
func_P_0x10000658d,115139,True
func_P_0x100006592,115418,True
func_P_0x1000065a4,115380,True
func_P_0x1000065ae,116669,True
func_P_0x100006790,115810,True
func_P_0x100006a09,115272,True
func_P_0x100006a11,115728,False
func_P_0x100006adc,116402,False
func_P_0x100006b6c,116572,False
func_P_0x100006b7d,115361,False
func_P_0x100006b7f,115053,True
func_P_0x100006b81,114802,False
func_P_0x100006b89,115128,False
func_P_0x100006bf6,114972,False
func_P_0x100006ceb,116042,True
func_P_0x100007231,116321,True
func_P_0x100007233,115867,False
func_P_0x1000074e3,115722,True
func_P_0x100007af6,115127,True
func_P_0x100007afe,115639,True
func_P_0x100007b00,115697,False
func_P_0x100007b08,115552,False
func_P_0x100008090,116231,True
func_P_0x1000081ad,116062,True
func_P_0x1000081c7,115300,True
func_P_0x1000081c9,114941,True
func_P_0x1000081cf,116386,True
func_P_0x1000081db,116447,False
func_P_0x1000081dd,115400,True
func_P_0x1000081fe,115656,True
func_P_0x10000820f,115956,False
func_P_0x100008721,116104,True
func_P_0x10000872e,115477,True
func_P_0x100008730,116630,False
func_P_0x100008732,114942,False
func_P_0x10000873c,115680,False
func_P_0x100008852,114763,False
func_P_0x10000885e,115194,False
func_P_0x100008b15,115422,True
func_P_0x100008b88,116662,False
func_P_0x100008cca,115832,True
func_P_0x100008cf3,115449,False
func_P_0x100008cf5,115727,False
func_P_0x100008cf7,116297,False
func_P_0x10000967a,116493,True
func_P_0x100009681,115147,False
func_P_0x1000098d0,116217,True
func_P_0x100009bbc,115409,True
func_P_0x100009bc2,116508,False
func_P_0x10000a0fe,116382,True
func_P_0x10000a15e,115464,True
func_P_0x10000a162,115872,True
func_P_0x10000a7f2,115854,False
func_P_0x10000b13b,115172,False
func_P_0x10000b189,116242,False
func_P_0x10000b4b7,116326,True
func_P_0x10000b4b9,116226,True
func_P_0x10000b4bb,115513,False
func_P_0x10000b4c0,115066,False
func_P_0x10000b4c2,115253,True
func_P_0x10000b4c4,115729,False
func_P_0x10000b4c6,116129,True
func_P_0x10000b4c8,116068,True
func_P_0x10000b75a,116045,False
func_Pe_0x10000423e,115754,False
func_Pe_0x100004240,116137,True
func_Pe_0x100004253,116128,True
func_Pe_0x100004bfd,115938,True
func_Pe_0x100004c03,116164,False
func_Pe_0x100004c14,114866,True
func_Pe_0x100004c16,116256,False
func_Pe_0x100004c7d,115622,True
func_Pe_0x100004d4c,115216,False
func_Pe_0x100004d52,115449,True
func_Pe_0x100004d6e,114912,False
func_Pe_0x100004d70,115793,False
func_Pe_0x100004d72,115111,False
func_Pe_0x100004d7e,116706,False
func_Pe_0x100004d80,116568,False
func_Pe_0x100004e0d,116654,False
func_Pe_0x100004e10,116575,False
func_Pe_0x100005191,116686,False
func_Pe_0x1000051a1,114839,True
func_Pe_0x1000051d6,116655,True
func_Pe_0x1000051ef,116294,True
func_Pe_0x1000051f1,115596,True
func_Pe_0x1000051f5,114995,True
func_Pe_0x1000051f7,115017,False
func_Pe_0x1000051f9,116062,True
func_Pe_0x1000051fb,114851,False
func_Pe_0x1000051fd,115016,True
func_Pe_0x100005200,116233,False
func_Pe_0x100005a1e,115532,False
func_Pe_0x100006612,115454,True
func_Pe_0x1000067f0,115703,True
func_Pe_0x1000067f6,115559,False
func_Pe_0x1000067fa,116095,True
func_Pe_0x100006f2c,115287,True
func_Pe_0x100006f2e,114806,False
func_Pe_0x1000084c9,116197,False
func_Pe_0x1000084d3,114816,False
func_Pe_0x1000084ed,116098,False
func_Pe_0x1000084ef,115496,False
func_Pe_0x10000a9fe,114763,True
func_Pe_0x10000afea,115862,False
func_Pe_0x10000afee,116113,True
func_Pe_0x10000b536,114860,False
func_Pe_0x10000b599,115686,False
func_Pe_0x10000b59d,115124,False
func_Pe_0x10000b86d,116029,True
func_Pe_0x10000b86f,115951,True
func_Pe_0x10000b8d7,116129,False
func_Pi_0x100003f29,115613,True
func_Pi_0x100003f2f,116063,True
func_Pi_0x100003f31,115396,True
func_Pi_0x100003f33,116016,False
func_Pi_0x100003f37,114780,False
func_Pi_0x100006f82,116459,False
func_Pr_0x100003b78,115005,True
func_Pr_0x100003b7c,115201,True
func_Pr_0x100003b7f,115106,True
func_Pr_0x100007cdf,115127,False
func_Pr_0x100007e56,115597,True
func_Pr_0x100007e9c,116345,False
func_Q_0x1000001ef,115890,True
func_Q_0x1000001f9,115988,False
func_Q_0x1000001fb,114900,False
func_Q_0x1000001fd,114832,False
func_Q_0x10000022b,115354,False
func_Q_0x10000022d,115146,False
func_Q_0x100000233,115792,True
func_Q_0x1000002c5,115337,False
func_Q_0x100002c2a,115351,True
func_Q_0x100002c38,115309,False
func_Q_0x100002de7,115752,False
func_Q_0x100002de9,116558,True
func_Q_0x100002deb,115034,False
func_Q_0x100002ded,115776,False
func_Q_0x100002e53,115856,True
func_Q_0x100002e55,115342,False
func_Q_0x100002e57,115193,True
func_Q_0x100002e59,115498,False
func_Q_0x100002e6d,116375,True
func_Q_0x100002ea0,116560,True
func_Q_0x100002ea4,115662,False
func_Q_0x100002eb6,116453,True
func_Q_0x100002eba,116300,False
func_Q_0x100002ebc,115744,True
func_Q_0x100002ed9,115709,True
func_Q_0x100002f6c,115603,False
func_Q_0x100002f6e,115396,True
func_Q_0x100002f70,116661,False
func_Q_0x100002f72,115304,True
func_Q_0x100002f74,115166,True
func_Q_0x100002f9c,115803,False
func_Q_0x100003017,116077,True
func_Q_0x100003036,116440,True
func_Q_0x100003c9e,115671,True
func_Q_0x100003ce8,116289,False
func_Q_0x100003cea,115349,False
func_Q_0x100003d04,115741,False
func_Q_0x10000420d,116167,False
func_Q_0x10000421d,115422,True
func_Q_0x100004370,115755,True
func_Q_0x1000045df,116357,True
func_Q_0x10000468d,116613,False
func_Q_0x10000472d,115640,True
func_Q_0x10000494c,116228,False
func_Q_0x100004bab,115788,True
func_Q_0x100004e76,115107,True
func_Q_0x100004ea4,115306,False
func_Q_0x100004f93,116527,True
func_Q_0x100004fa5,114786,True
func_Q_0x100005204,115275,True
func_Q_0x100005407,116753,False
func_Q_0x100005409,115320,True
func_Q_0x10000540d,114813,False
func_Q_0x100005451,114938,True
func_Q_0x100005465,115626,True
func_Q_0x100005c7c,115120,True
func_Q_0x100005cd0,116383,True
func_Q_0x10000619f,116405,False
func_Q_0x100006324,116551,False
func_Q_0x100006530,115785,False
func_Q_0x10000653a,116606,True
func_Q_0x10000653c,116138,True
func_Q_0x10000653e,116329,True
func_Q_0x100006542,115222,False
func_Q_0x100006546,115646,False
func_Q_0x1000065ac,115458,False
func_Q_0x100006963,115680,False
func_Q_0x100006b72,114886,True
func_Q_0x100006d5a,115535,True
func_Q_0x1000074ee,115767,True
func_Q_0x1000083de,115275,False
func_Q_0x1000083f0,116037,True
func_Q_0x1000083f2,115642,True
func_Q_0x1000083f6,116734,True
func_Q_0x100008926,115553,False
func_Q_0x100008b13,116686,False
func_Q_0x100008c64,116123,False
func_Q_0x10000948a,115073,True
func_Q_0x1000094a9,114957,False
func_Q_0x1000098b6,115931,False
func_Q_0x1000098d6,115046,True
func_Q_0x1000098d8,115939,False
func_Q_0x1000098db,114911,True
func_Q_0x1000099cf,115688,True
func_Q_0x100009bc6,116326,True
func_Q_0x100009d0e,115637,False
func_Q_0x100009d14,115661,True
func_Q_0x100009d27,116034,False
func_Q_0x10000a0fb,115764,True
func_Q_0x10000a188,115200,False
func_Q_0x10000a18e,115859,False
func_Q_0x10000a192,115111,False
func_Q_0x10000a194,115381,True
func_Q_0x10000a1ac,115412,False
func_Q_0x10000a6de,116180,True
func_Q_0x10000a6e0,116253,False
func_Q_0x10000a88a,116545,False
func_Q_0x10000aa47,115451,False
func_Q_0x10000aa49,115558,True
func_Q_0x10000b12d,116534,False
func_Q_0x10000b12f,115468,True
func_Q_0x10000b137,116123,False
func_Q_0x10000b176,115125,True
func_Q_0x10000b181,116046,False
func_Q_0x10000b18e,115694,True
func_Q_0x10000b1b9,115743,True
func_Q_0x10000b1bb,115240,True
func_Q_0x10000b5ee,116477,True
func_Q_0x10000b8b3,115845,False
func_Qe_0x100003147,115901,True
func_Qe_0x100003164,115811,False
func_Qe_0x10000423a,115420,False
func_Qe_0x1000047a6,114960,False
func_Qe_0x100004c76,116302,True
func_Qe_0x100004c90,115964,True
func_Qe_0x100004d37,115915,False
func_Qe_0x100004dbd,116477,False
func_Qe_0x10000509d,114897,True
func_Qe_0x10000509f,115835,False
func_Qe_0x100005bd9,114809,False
func_Qe_0x100005c1b,115743,True
func_Qe_0x100005c21,115234,True
func_Qe_0x100006f3a,114875,False
func_Qe_0x100006f3c,116736,True
func_Qe_0x100006f4f,115497,True
func_Qe_0x100008441,115072,False
func_Qe_0x100008f21,115412,True
func_Qe_0x100008f23,116265,False
func_Qe_0x100008f44,115698,True
func_Qe_0x100009450,116037,False
func_Qe_0x10000aa02,115056,False
func_Qe_0x10000aac3,116535,True
func_Qe_0x10000aacf,114893,False
func_Qe_0x10000b03a,116568,True
func_Qe_0x10000b03c,116241,True
func_Qe_0x10000b03e,115224,False
func_Qe_0x10000b52f,115807,False
func_Qe_0x10000b58c,116483,False
func_Qe_0x10000b7f0,115670,False
func_Qe_0x10000b885,115341,False
func_Qr_0x1000056eb,114951,True
func_Qr_0x100005770,115730,True
func_Qr_0x100005777,115163,True
func_Qr_0x10000577a,116254,False
func_Qr_0x100009817,115787,False
func_Qt_0x10000084e,115621,True
func_Qt_0x10000089a,116206,True
func_Qt_0x100003f58,115672,False
func_Qt_0x10000556d,116339,False
func_Qt_0x100005573,114831,True
func_Qt_0x100005632,115680,False
func_Qt_0x100005704,115980,False
func_Qt_0x10000570e,115208,False
func_Qt_0x100005712,116312,False
func_Qt_0x100005718,115663,True
func_Qt_0x10000571a,116137,True
func_Qt_0x10000575e,116624,True
func_Qt_0x100009fd9,115548,True
func_Qt_0x10000aba2,116287,True
func_Qt_0x10000ac2a,116592,True
func_R_0x100000134,115124,False
func_R_0x1000001c6,115815,True
func_R_0x1000001c9,115483,True
func_R_0x1000001cb,115251,False
func_R_0x1000002ba,114785,False
func_R_0x1000005ea,116458,False
func_R_0x1000005ec,114961,True
func_R_0x1000005ee,116189,False
func_R_0x1000005f0,115861,False
func_R_0x100002853,115031,True
func_R_0x100002eac,115987,False
func_R_0x100002eed,115179,False
func_R_0x100002f88,115065,True
func_R_0x100003813,114780,True
func_R_0x100003815,115302,False
func_R_0x100003d00,115798,False
func_R_0x10000429d,116545,True
func_R_0x10000436d,114980,False
func_R_0x10000438a,115193,True
func_R_0x1000047dd,115809,False
func_R_0x1000048b7,115027,True
func_R_0x10000494b,115711,True
func_R_0x100004b65,116028,True
func_R_0x100004bb5,115579,False
func_R_0x100004ead,115976,False
func_R_0x10000501b,116580,True
func_R_0x10000545f,116751,False
func_R_0x100005461,115775,False
func_R_0x10000553d,115522,False
func_R_0x100005834,116758,False
func_R_0x100005fc3,115411,False
func_R_0x100006389,115792,False
func_R_0x10000639c,116295,True
func_R_0x1000063e4,115175,True
func_R_0x10000694c,115172,True
func_R_0x10000694e,115439,True
func_R_0x100006950,116160,False
func_R_0x100006b41,115683,True
func_R_0x100006bbb,114925,True
func_R_0x100006bca,116699,False
func_R_0x100006bd4,115162,True
func_R_0x100006cee,116560,True
func_R_0x100006d44,116480,True
func_R_0x100006d46,115690,True
func_R_0x100006d5f,114815,False
func_R_0x10000713c,115705,False
func_R_0x10000720a,116191,True
func_R_0x1000074e1,114811,False
func_R_0x1000074e6,115215,False
func_R_0x1000074e8,115575,True
func_R_0x100007b4c,116368,True
func_R_0x100008500,115918,True
func_R_0x10000850a,116036,True
func_R_0x100008519,114773,False
func_R_0x10000851d,116503,True
func_R_0x100008527,115569,True
func_R_0x10000852d,114944,True
func_R_0x100008530,116426,False
func_R_0x100008549,116386,False
func_R_0x10000855c,115023,False
func_R_0x10000855e,115414,True
func_R_0x1000086f5,115350,False
func_R_0x1000086fb,116623,True
func_R_0x100008827,114869,True
func_R_0x100008b10,116477,True
func_R_0x10000900c,115260,True
func_R_0x1000092b4,114791,True
func_R_0x1000092b6,115080,True
func_R_0x1000092cf,115160,True
func_R_0x1000093cd,115699,False
func_R_0x1000093cf,116664,False
func_R_0x10000948f,116053,True
func_R_0x100009699,115982,False
func_R_0x1000099d7,116441,True
func_R_0x1000099dc,115874,True
func_R_0x100009a01,116239,True
func_R_0x100009da0,115407,True
func_R_0x10000a40a,116266,False
func_R_0x10000a7cb,115556,True
func_R_0x10000accb,115561,False
func_R_0x10000ace9,115184,False
func_R_0x10000b164,116079,True
func_R_0x10000b70f,115194,True
func_R_0x10000b735,115887,False
func_R_0x10000b89a,115923,True
func_R_0x10000b8b5,115364,False
func_R_0x10000b8b9,115140,False
func_Re_0x100004243,115229,False
func_Re_0x100004259,116187,False
func_Re_0x1000047a8,115420,True
func_Re_0x100004bf1,116017,True
func_Re_0x100004c0c,115541,False
func_Re_0x100004c0e,115805,True
func_Re_0x100004c72,115662,False
func_Re_0x100004d54,114926,False
func_Re_0x100004d58,116622,False
func_Re_0x100004d68,115058,False
func_Re_0x100004d6a,116423,True
func_Re_0x100004d7b,115304,True
func_Re_0x100004df6,115870,False
func_Re_0x10000507b,116042,True
func_Re_0x1000050a1,115393,False
func_Re_0x1000050a4,116284,False
func_Re_0x1000051d8,116276,False
func_Re_0x1000051e5,114789,False
func_Re_0x1000051eb,116756,False
func_Re_0x1000051ed,115065,False
func_Re_0x1000051f3,116718,True
func_Re_0x100006806,115693,True
func_Re_0x10000680f,115878,True
func_Re_0x100006f3e,115168,False
func_Re_0x100006f40,116129,True
func_Re_0x1000084d5,116151,False
func_Re_0x1000084d7,116493,False
func_Re_0x100008f42,115255,True
func_Re_0x1000099b2,115815,False
func_Re_0x10000a9fb,115296,True
func_Re_0x10000aabf,115125,False
func_Re_0x10000aaca,115056,True
func_Re_0x10000aacc,116558,False
func_Re_0x10000b0a5,115909,False
func_Re_0x10000b7f1,116252,False
func_Re_0x10000b8c6,114935,False
func_Ri_0x100003614,115241,False
func_Ri_0x1000036b4,115335,True
func_Ri_0x1000036ec,115622,False
func_Ri_0x1000036ee,116306,False
func_Ri_0x1000036f0,116559,True
func_Rn_0x100005577,116678,True
func_Rn_0x10000557d,116689,True
func_Rn_0x100005630,115454,True
func_Rn_0x10000607f,115052,False
func_Rn_0x10000a936,116479,False
func_Rn_0x10000abe9,116710,False
func_Rn_0x10000ac0d,115867,True
func_Rn_0x10000ac22,116067,True
func_Ro_0x100007506,116118,False
func_Ro_0x10000750a,116250,True
func_Ro_0x10000750c,116437,False
func_Ro_0x10000750e,116062,True
func_Ro_0x100007510,116054,True
func_Ro_0x100007529,114761,True
func_Ro_0x10000752b,115873,True
func_Ro_0x10000752d,115896,True
func_Ro_0x1000077b7,116566,False
func_Ro_0x100007820,115405,False
func_Rr_0x100003361,115816,False
func_Rs_0x100003ba5,114922,True
func_Rs_0x100003ba7,115167,True
func_Rt_0x100002afe,114999,False
func_Rt_0x10000498b,116302,True
func_Rt_0x10000498f,115817,False
func_Rt_0x100004995,114932,False
func_Rt_0x100004999,115688,True
func_Rt_0x10000499b,114964,False
func_Rt_0x10000499d,116007,False
func_Rt_0x1000049a5,116054,True
func_Rt_0x1000049a7,116402,False
func_Rt_0x1000049a9,115442,False
func_Rt_0x10000531f,116619,True
func_Rt_0x100005332,115570,False
func_Rt_0x10000534a,115167,True
func_Rt_0x100005765,116357,True
func_Rt_0x100005767,115106,True
func_Rt_0x10000577d,116470,True
func_Rt_0x100005785,114867,True
func_Rt_0x100006046,115757,False
func_Rt_0x100006051,115543,True
func_Rt_0x100006061,115562,False
func_Rt_0x10000606d,115456,False
func_Rt_0x10000608a,116410,False
func_Rt_0x100006097,114853,True
func_Rt_0x1000060da,115912,False
func_Rt_0x1000060e4,115037,True
func_Rt_0x1000060f0,115799,False
func_Rt_0x100006100,115976,False
func_Rt_0x100009bf0,115905,True
func_Rt_0x100009bf2,116517,True
func_Rt_0x100009c08,114900,False
func_Rt_0x100009c0a,115923,True
func_Rt_0x100009c18,115141,True
func_Rt_0x100009c1e,115085,False
func_Rt_0x100009c9a,115059,False
func_S_0x10000010e,115331,False
func_S_0x100000116,116653,True
func_S_0x100000118,116339,False
func_S_0x10000014d,115758,False
func_S_0x10000014f,116358,True
func_S_0x100000151,116105,True
func_S_0x1000001d0,114792,False
func_S_0x1000001ea,116201,True
func_S_0x1000005e7,116145,True
func_S_0x100002c49,116144,True
func_S_0x100002c4b,115887,False
func_S_0x100002e80,116165,True
func_S_0x100003004,116490,False
func_S_0x100003832,116157,True
func_S_0x100003847,116679,True
func_S_0x10000429b,115994,False
func_S_0x1000042a1,116371,False
func_S_0x1000042e3,116579,False
func_S_0x1000043d7,116341,True
func_S_0x1000043d9,116603,True
func_S_0x1000045d7,116032,True
func_S_0x1000045d9,115150,False
func_S_0x1000045db,114959,False
func_S_0x100004947,116492,False
func_S_0x100004949,115134,True
func_S_0x100004b67,116689,False
func_S_0x100004f76,115452,False
func_S_0x100005464,116549,True
func_S_0x100005793,116496,False
func_S_0x100005828,115825,True
func_S_0x10000582c,114921,True
func_S_0x10000595f,116230,True
func_S_0x100005968,115536,True
func_S_0x1000059a6,116519,False
func_S_0x1000059ed,114783,False
func_S_0x100006446,115985,False
func_S_0x100006468,115450,False
func_S_0x10000646e,116128,False
func_S_0x10000648b,116297,False
func_S_0x10000652a,116345,True
func_S_0x1000066ac,116650,True
func_S_0x100006bb9,115506,False
func_S_0x100006bda,114967,True
func_S_0x100006be2,115315,False
func_S_0x100006ce8,115677,True
func_S_0x100006daf,116488,True
func_S_0x100006e6b,115541,True
func_S_0x10000747d,114773,True
func_S_0x1000074a9,115047,False
func_S_0x100007a16,115914,False
func_S_0x100007a87,115983,False
func_S_0x100007b46,115393,False
func_S_0x100007b48,115240,False
func_S_0x100007b69,116468,False
func_S_0x100007b8c,115565,True
func_S_0x1000082b6,115676,True
func_S_0x1000082ba,116108,True
func_S_0x1000082bc,116290,True
func_S_0x1000082be,115555,True
func_S_0x1000082c0,116085,False
func_S_0x1000082ca,115154,True
func_S_0x10000833b,115182,True
func_S_0x100008382,115441,True
func_S_0x100008386,116404,True
func_S_0x100008413,115498,True
func_S_0x100008428,114895,True
func_S_0x100008701,114974,True
func_S_0x100008bd3,115624,False
func_S_0x100008be3,116250,True
func_S_0x100008c0f,116389,True
func_S_0x100008c76,116620,False
func_S_0x100008c8f,115216,True
func_S_0x100008d05,116450,False
func_S_0x100008d18,116725,False
func_S_0x100008d34,115000,True
func_S_0x100008d3c,115369,True
func_S_0x100008d3e,115349,False
func_S_0x100008d40,116493,True
func_S_0x100008d42,115314,True
func_S_0x100008db5,116213,False
func_S_0x100008ec5,116718,True
func_S_0x100009010,116655,False
func_S_0x100009012,114861,True
func_S_0x100009270,115316,True
func_S_0x1000093c7,116546,False
func_S_0x100009486,116008,False
func_S_0x100009488,116504,False
func_S_0x10000948c,116337,False
func_S_0x100009654,116559,False
func_S_0x100009abb,114925,True
func_S_0x100009acf,115827,True
func_S_0x10000a101,116368,True
func_S_0x10000a187,116117,False
func_S_0x10000a1db,114783,False
func_S_0x10000a89f,114762,False
func_S_0x10000a8a3,115092,True
func_S_0x10000aa50,115676,True
func_S_0x10000aa89,116238,False
func_S_0x10000ad8a,115057,False
func_S_0x10000b7dc,116397,False
func_Se_0x100002d6d,115331,True
func_Se_0x100002d6f,115612,False
func_Se_0x100002d71,115672,True
func_Se_0x100002d73,115573,False
func_Se_0x100003082,116646,True
func_Se_0x100005b03,115803,False
func_Se_0x100005b1b,116116,True
func_Se_0x100005b29,116474,True
func_Se_0x100005b3f,116314,True
func_Se_0x100005b43,115219,False
func_Se_0x100005b49,116638,True
func_Se_0x100005b4f,115326,True
func_Se_0x100005b51,115371,False
func_Se_0x100005b53,114884,False
func_Se_0x100005b59,115242,False
func_Se_0x100005b5f,115685,True
func_Se_0x100005b65,116548,True
func_Se_0x100005b6b,114950,False
func_Se_0x100005b79,115296,True
func_Se_0x100006a50,116402,False
func_Se_0x100006a55,115294,False
func_Se_0x100007fde,115034,False
func_Se_0x100007fea,116313,False
func_Se_0x10000865d,116251,False
func_Se_0x100008661,115344,True
func_Se_0x100008665,115531,True
func_Se_0x1000086a7,116416,False
func_Se_0x100009591,115907,False
func_Se_0x1000097bf,115202,True
func_Se_0x1000097da,116600,True
func_Se_0x100009887,116277,False
func_Se_0x10000989f,114928,False
func_Se_0x1000098a6,116450,True
func_Se_0x1000098a8,116064,False
func_Se_0x1000098aa,115005,False
func_Se_0x1000098b2,116426,False
func_Se_0x100009a3d,115133,False
func_Se_0x100009a45,115252,True
func_Se_0x100009a49,114841,True
func_Se_0x100009a5b,115438,False
func_Se_0x10000b52b,115182,False
func_Si_0x100007335,115292,False
func_Si_0x100007366,115533,True
func_Si_0x10000737c,116130,True
func_Si_0x100007382,115155,False
func_Si_0x100007384,116523,True
func_Si_0x100007386,115332,False
func_Si_0x100007397,116029,False
func_Si_0x1000073a1,115407,True
func_Si_0x1000073a5,116723,False
func_Si_0x1000073ad,115549,False
func_Si_0x1000073af,115357,False
func_Si_0x1000073bb,115900,False
func_Si_0x1000073bd,114977,True
func_Si_0x1000073c1,115095,False
func_Si_0x1000073c3,114891,False
func_Si_0x1000073d9,114850,True
func_Si_0x1000073e1,115732,False
func_Sn_0x1000049b5,116597,True
func_Sn_0x10000558a,116348,False
func_Sn_0x1000056dd,116512,True
func_Sn_0x10000576f,115962,True
func_Sn_0x100005773,115902,False
func_Sn_0x1000060f6,115778,True
func_Sn_0x1000061e4,115849,True
func_Sn_0x10000980e,115240,True
func_St_0x1000039cb,116365,True
func_St_0x1000039cf,115935,True
func_St_0x100003afa,114780,True
func_St_0x100007d06,116086,True
func_St_0x100007d0c,115046,False
func_St_0x100007d0e,114761,True
func_St_0x100007e24,115029,True
func_St_0x100007e26,115812,True
func_St_0x100007e2a,116240,True
func_St_0x100007e32,115944,False
func_St_0x100007e46,116109,False
func_St_0x100007e54,115714,False
func_St_0x100007e58,115243,False
func_St_0x100007e5e,115229,False
func_St_0x100007e70,115154,False
func_St_0x100007e84,115786,False
func_St_0x100007e86,114994,True
func_St_0x100007e88,115930,False
func_St_0x100007e94,116740,True
func_St_0x100007e98,115611,True
func_St_0x100007e9e,115550,True
func_St_0x100007ea2,115271,False
func_St_0x100007eac,116534,True
func_St_0x100007eae,116538,False
func_St_0x100007eba,115457,False
func_St_0x100007ed4,114846,False
func_St_0x100007ed6,116615,False
func_St_0x100007eee,115670,False
func_St_0x100007ef4,116479,False
func_St_0x100007f29,116263,False
func_St_0x100007f49,115017,True
func_St_0x100007f6b,115625,False
func_T_0x1000029ea,115646,True
func_T_0x100002c0c,116444,True
func_T_0x100002c12,114859,True
func_T_0x100002e9e,116378,False
func_T_0x100002f06,115206,True
func_T_0x100002f0a,115746,True
func_T_0x100002f0c,115829,True
func_T_0x100002fc5,115936,False
func_T_0x10000382a,115229,True
func_T_0x100003839,115388,False
func_T_0x100003ce4,116696,True
func_T_0x100003d06,116588,True
func_T_0x1000041f9,115264,False
func_T_0x1000041fb,115812,False
func_T_0x1000041fd,115994,True
func_T_0x100004306,115587,True
func_T_0x100004310,114830,True
func_T_0x1000043be,115593,False
func_T_0x1000043c2,115968,True
func_T_0x1000043c6,116240,False
func_T_0x100004439,115704,False
func_T_0x100004753,116671,False
func_T_0x1000048d7,114898,False
func_T_0x1000048d9,115823,True
func_T_0x100004930,116096,True
func_T_0x100004935,115688,False
func_T_0x100005157,116328,True
func_T_0x10000515b,114802,False
func_T_0x10000515f,115259,False
func_T_0x1000054cd,115582,False
func_T_0x1000054cf,114986,False
func_T_0x1000054e8,116147,True
func_T_0x10000554a,114965,True
func_T_0x100005789,115860,True
func_T_0x10000578f,116712,False
func_T_0x100005796,115251,False
func_T_0x100005799,115103,False
func_T_0x1000059ef,115826,True
func_T_0x100005c43,116480,False
func_T_0x100005c66,115805,True
func_T_0x100005c6f,115037,True
func_T_0x100005c80,116743,True
func_T_0x100005c82,116291,True
func_T_0x100006137,115448,True
func_T_0x10000614a,116088,False
func_T_0x100006175,114808,True
func_T_0x100006199,116278,True
func_T_0x10000631f,115316,True
func_T_0x100006583,116669,True
func_T_0x100006585,116392,True
func_T_0x10000658b,115293,True
func_T_0x100006594,114921,True
func_T_0x100006788,114976,False
func_T_0x100006a07,115135,False
func_T_0x100006ad6,116007,True
func_T_0x100006ad8,115101,False
func_T_0x100006ade,115083,True
func_T_0x100006ae0,116666,False
func_T_0x100006ae4,115728,True
func_T_0x100006ae7,116478,False
func_T_0x100006ae9,116589,True
func_T_0x100006aeb,115727,False
func_T_0x100006aed,115437,True
func_T_0x100006aef,116675,False
func_T_0x100006af1,115427,True
func_T_0x100006b6e,115223,True
func_T_0x10000714d,114844,False
func_T_0x10000722f,116565,False
func_T_0x100007235,116198,False
func_T_0x100007239,115479,False
func_T_0x10000730d,114964,True
func_T_0x1000081ab,116011,False
func_T_0x100008200,116025,True
func_T_0x100008209,114832,True
func_T_0x100008213,114863,True
func_T_0x100008215,115948,True
func_T_0x1000083d5,115199,False
func_T_0x1000083d9,115301,True
func_T_0x1000083e0,115189,False
func_T_0x100008557,114876,False
func_T_0x10000872a,115372,True
func_T_0x100008734,115800,True
func_T_0x100008744,116188,False
func_T_0x100008854,115275,False
func_T_0x10000885c,114972,True
func_T_0x100008861,115062,True
func_T_0x100008b11,115606,False
func_T_0x100009624,116152,False
func_T_0x100009626,115803,True
func_T_0x100009628,116443,True
func_T_0x10000975e,115940,False
func_T_0x100009762,115242,True
func_T_0x1000098de,114824,False
func_T_0x1000098e6,116175,False
func_T_0x100009cf9,115139,False
func_T_0x10000a0fd,115638,True
func_T_0x10000a106,116356,False
func_T_0x10000a129,116524,True
func_T_0x10000a12e,116132,True
func_T_0x10000a5f3,115781,False
func_T_0x10000a63b,115910,False
func_T_0x10000a64b,116083,True
func_T_0x10000ad05,116434,True
func_T_0x10000ad08,116569,False
func_T_0x10000b192,115029,True
func_T_0x10000b1c5,115959,False
func_T_0x10000b5e7,114972,False
func_T_0x10000b5ea,115257,True
func_T_0x10000b6f1,116018,True
func_T_0x10000b738,115015,True
func_Te_0x100002d53,116206,True
func_Te_0x1000044ec,116074,True
func_Te_0x1000044ee,115724,True
func_Te_0x1000044f4,116359,True
func_Te_0x1000044f8,116485,False
func_Te_0x1000044fa,116021,False
func_Te_0x1000044fc,115773,True
func_Te_0x100004500,115470,False
func_Te_0x100004502,114876,True
func_Te_0x100004504,116034,True
func_Te_0x100004506,115533,False
func_Te_0x100004508,114982,True
func_Te_0x10000450e,116324,False
func_Te_0x100004512,116477,True
func_Te_0x100004516,115222,True
func_Te_0x100004518,114877,False
func_Te_0x10000451a,114992,False
func_Te_0x10000451e,116036,False
func_Te_0x100004520,115344,False
func_Te_0x100004526,116385,False
func_Te_0x100004528,115283,True
func_Te_0x10000452e,115989,True
func_Te_0x10000453e,115857,True
func_Te_0x100004540,115304,False
func_Te_0x100004542,116419,True
func_Te_0x100004546,116597,False
func_Te_0x100004548,115090,False
func_Te_0x10000454c,115971,False
func_Te_0x10000454e,115187,True
func_Te_0x100004550,115972,True
func_Te_0x100004552,116352,True
func_Te_0x10000455a,115534,False
func_Te_0x10000455c,116676,True
func_Te_0x100004d1a,115746,False
func_Te_0x1000061ef,116101,True
func_Te_0x1000061f3,116502,True
func_Te_0x100006200,115376,False
func_Te_0x10000625e,115233,True
func_Te_0x100006262,115176,True
func_Te_0x100006284,115674,False
func_Te_0x100006289,115125,False
func_Te_0x100006291,116695,True
func_Te_0x100006295,115977,False
func_Te_0x100006297,116017,False
func_Te_0x100006299,115938,False
func_Te_0x100008493,115135,False
func_Te_0x1000084bc,115051,True
func_Te_0x1000084c0,115270,False
func_Te_0x1000084c6,116202,False
func_Te_0x100008654,116074,False
func_Te_0x100009064,116446,False
func_Te_0x10000906a,115826,False
func_Te_0x10000906c,115812,False
func_Te_0x10000906e,116350,False
func_Te_0x100009078,116478,False
func_Te_0x100009aa0,116203,True
func_Te_0x100009aa6,115033,True
func_Te_0x10000add2,115804,True
func_Te_0x10000add4,115333,True
func_Te_0x10000add6,115001,False
func_Te_0x10000addc,115181,False
func_Te_0x10000ade6,116396,False
func_Te_0x10000adea,115917,False
func_Te_0x10000adf2,114789,False
func_Te_0x10000adfa,115835,True
func_Te_0x10000adfc,116116,True
func_Te_0x10000adfe,115930,False
func_Te_0x10000ae00,116066,False
func_Te_0x10000ae04,115300,True
func_Te_0x10000ae06,116085,False
func_Te_0x10000ae08,114841,True
func_Te_0x10000ae0a,114993,True
func_Te_0x10000ae0c,115889,True
func_Te_0x10000ae0e,115744,True
func_Te_0x10000ae12,115094,True
func_Te_0x10000ae14,116091,True
func_Te_0x10000ae18,115648,False
func_Te_0x10000ae1a,114769,False
func_Te_0x10000ae1c,116117,True
func_Te_0x10000ae20,114872,False
func_Te_0x10000ae22,116132,True
func_Te_0x10000ae24,116105,True
func_Te_0x10000ae28,116037,False
func_Te_0x10000ae2c,114792,False
func_Te_0x10000ae2e,116406,True
func_Te_0x10000af57,115353,False
func_Te_0x10000b2dc,116461,True
func_Te_0x10000b526,115585,False
func_Ti_0x1000077b2,115285,True
func_Ti_0x100007840,115684,False
func_Tn_0x10000b33f,115494,False
func_Tn_0x10000b349,114958,True
func_Tn_0x10000b34f,114978,True
func_Tn_0x10000b355,115897,True
func_Tn_0x10000b357,115058,True
func_Tn_0x10000b36d,114972,True
func_Tn_0x10000b36f,115850,True
func_Tn_0x10000b37b,114778,True
func_Tn_0x10000b37d,114984,True
func_Tn_0x10000b37f,116228,True
func_Tn_0x10000b381,116275,True
func_Tn_0x10000b38d,114773,False
func_Tn_0x10000b38f,114868,False
func_Tn_0x10000b391,115977,False
func_Tn_0x10000b399,115668,True
func_Tn_0x10000b3a1,115500,False
func_Tn_0x10000b3a5,116049,True
func_Tn_0x10000b3a7,116454,False
func_Tn_0x10000b3c9,116591,False
func_Tn_0x10000b3cb,116481,True
func_Tn_0x10000b42a,116332,True
func_Tn_0x10000b42c,116527,True
func_Tn_0x10000b430,116174,True
func_Tn_0x10000b47c,115659,True
func_Tr_0x100003963,114937,False
func_Tr_0x100003a76,115748,True
func_Tr_0x100003b1d,116516,True
func_Tr_0x100003b29,115446,False
func_Tr_0x100003b3f,116118,False
func_Tr_0x100003b51,116557,False
func_Tr_0x100003c30,115398,False
func_Tt_0x10000a317,116692,True
func_Tt_0x10000a31d,116142,True
func_Tt_0x10000a328,116693,True
func_Tt_0x10000a32e,115360,False
func_Tt_0x10000a35c,115194,False
func_Tt_0x10000a378,116562,True
func_Tt_0x10000a37e,115849,False
func_Tt_0x10000a390,115956,False
func_Tt_0x10000a3a2,116412,True
func_Tt_0x10000a3b5,114985,False
func_Tt_0x10000a3bb,116108,True
func_Tt_0x10000a3bd,115648,False
func_Tt_0x10000a3cf,114821,False
func_Tt_0x10000b432,115795,True
func_U_0x1000002c6,115476,True
func_U_0x10000278e,116305,True
func_U_0x100002c14,115942,True
func_U_0x100002c1d,115723,True
func_U_0x100002e5b,115544,False
func_U_0x100002fa2,115246,False
func_U_0x100003039,115458,True
func_U_0x10000303d,114901,True
func_U_0x100003d02,115541,True
func_U_0x100003d26,116041,False
func_U_0x10000415c,116485,False
func_U_0x10000415e,115066,False
func_U_0x100004160,116121,True
func_U_0x10000430b,114902,True
func_U_0x10000430d,115585,True
func_U_0x10000441d,116053,False
func_U_0x100004427,115920,True
func_U_0x100004455,116053,False
func_U_0x100004742,115129,True
func_U_0x100004748,116603,False
func_U_0x1000048ba,116251,True
func_U_0x100005020,115423,False
func_U_0x100005027,115019,False
func_U_0x100005127,114933,False
func_U_0x100005168,116641,False
func_U_0x1000054d7,115254,True
func_U_0x100005541,115852,True
func_U_0x100005e49,115851,False
func_U_0x100005ec3,116627,False
func_U_0x100005f9b,114856,False
func_U_0x100005fa1,115940,False
func_U_0x100005fa5,114763,False
func_U_0x10000601c,115462,False
func_U_0x100006184,115121,True
func_U_0x1000062a6,115761,True
func_U_0x1000062d0,115743,False
func_U_0x100006326,115009,True
func_U_0x1000063ce,115367,True
func_U_0x10000644b,116170,False
func_U_0x10000654d,115131,True
func_U_0x100006559,116377,False
func_U_0x100006562,116745,False
func_U_0x100006666,116463,True
func_U_0x100006668,116022,True
func_U_0x10000666c,115730,False
func_U_0x100006670,115391,True
func_U_0x1000068b0,115893,False
func_U_0x100006b70,115127,True
func_U_0x100006b7b,116162,True
func_U_0x100006b83,115322,True
func_U_0x100006b8b,115160,True
func_U_0x100006db2,115510,True
func_U_0x100006db7,116430,True
func_U_0x100006dbb,116327,True
func_U_0x1000071b6,115060,True
func_U_0x1000071bc,116014,False
func_U_0x100007329,114764,True
func_U_0x10000732b,115348,False
func_U_0x100007b02,115831,False
func_U_0x10000820b,115028,False
func_U_0x100008211,115173,False
func_U_0x1000083eb,116532,True
func_U_0x1000083ed,116626,True
func_U_0x10000854d,116631,True
func_U_0x10000872c,116434,True
func_U_0x100008739,114762,True
func_U_0x100008bab,115800,True
func_U_0x100008cd0,115898,False
func_U_0x100009021,115891,True
func_U_0x100009023,115190,True
func_U_0x10000909c,115264,True
func_U_0x10000949d,115023,False
func_U_0x1000094a5,114841,False
func_U_0x1000094aa,115463,False
func_U_0x1000094c1,116023,True
func_U_0x100009674,115923,True
func_U_0x100009676,115010,False
func_U_0x100009678,115367,False
func_U_0x10000969e,116573,False
func_U_0x100009789,115074,True
func_U_0x10000994d,116561,False
func_U_0x100009b59,115291,False
func_U_0x100009cfc,115403,True
func_U_0x100009d2d,114854,True
func_U_0x100009f90,114841,False
func_U_0x10000a3e0,115623,False
func_U_0x10000a40f,115357,False
func_U_0x10000a71e,115338,False
func_U_0x10000a7e2,115090,True
func_U_0x10000a7ed,116381,True
func_U_0x10000a7ef,115092,False
func_U_0x10000a817,115666,True
func_U_0x10000a841,115549,False
func_U_0x10000b184,116096,False
func_U_0x10000b4bd,116650,False
func_U_0x10000b6ef,116076,True
func_U_0x10000b76b,115457,True
func_Ud_0x1000077d5,115590,False
func_Ud_0x1000077d7,114831,True
func_Ue_0x100004dcf,114865,False
func_Ue_0x100004dd1,115675,False
func_Ue_0x1000051a6,115849,True
func_Ue_0x100005a24,114809,True
func_Ue_0x1000061ec,115364,False
func_Ue_0x1000067fe,116056,False
func_Ue_0x1000084a1,116451,True
func_Ue_0x100008f28,115723,True
func_Ue_0x1000095c3,115762,True
func_Ue_0x1000095c7,116372,True
func_Ue_0x1000095d7,115489,False
func_Ue_0x1000095d9,115608,True
func_Ue_0x1000095db,115864,True
func_Ue_0x10000b29c,115564,True
func_Ue_0x10000b2a6,116568,False
func_Ue_0x10000b2a8,116699,False
func_Ue_0x10000b2ac,116081,False
func_Ue_0x10000b2b4,115754,True
func_Ue_0x10000b2b8,115597,False
func_Ue_0x10000b2be,116454,True
func_Ue_0x10000b2cd,115274,True
func_Ue_0x10000b2cf,115171,False
func_Ue_0x10000b85a,115115,True
func_Ug_0x1000077d3,116312,False
func_Un_0x100007517,116185,False
func_Un_0x1000075e4,116316,False
func_Un_0x1000075ec,116615,True
func_Un_0x1000075fe,116225,True
func_Un_0x100007602,116642,True
func_Un_0x100007641,115913,True
func_Un_0x100007664,115651,True
func_Un_0x10000766e,116663,True
func_Un_0x1000076ac,114826,True
func_Un_0x1000076ae,115590,True
func_Un_0x1000076c2,115087,False
func_Un_0x1000076d6,116645,False
func_Un_0x1000076d8,115591,True
func_Un_0x1000076ea,116136,True
func_Un_0x1000076fb,115315,False
func_Un_0x10000772c,115096,False
func_Un_0x10000772e,116704,False
func_Un_0x10000773e,116656,True
func_Un_0x10000774c,115472,True
func_Un_0x100007750,116702,False
func_Un_0x100007755,116167,True
func_Un_0x10000777b,115986,False
func_Un_0x1000077a4,115997,False
func_Un_0x1000077e9,115684,False
func_Un_0x10000785a,115371,False
func_Ur_0x100005d0b,115326,False
func_Ur_0x100005d13,115732,False
func_Ur_0x100005d70,115841,True
func_Ur_0x100005d74,114849,False
func_Ur_0x100005d7c,115268,True
func_Ur_0x100005d97,114806,True
func_Ur_0x100005dae,115632,False
func_Ur_0x100005db2,116330,True
func_Ur_0x100005dd5,114948,True
func_Ur_0x100005dee,115112,False
func_Ur_0x100005e02,116724,False
func_Ur_0x100005e0e,115320,False
func_Ur_0x100005e25,115826,True
func_Ur_0x100005e2b,115010,False
func_Ur_0x100005e37,115532,True
func_Ur_0x100005e39,114918,True
func_Ut_0x100000854,115045,False
func_Ut_0x100000856,116637,False
func_Ut_0x100000858,115717,True
func_Ut_0x10000085a,114830,False
func_Ut_0x10000085c,116409,False
func_Ut_0x100000860,115808,True
func_Ut_0x100000864,116268,True
func_Ut_0x100003d3e,116585,False
func_Ut_0x100003d4f,116468,True
func_Ut_0x100003d59,115264,False
func_Ut_0x100003d5b,115276,True
func_Ut_0x100003d71,115151,True
func_Ut_0x100003d7b,115458,False
func_Ut_0x100003e72,115594,True
func_Ut_0x100003e7a,115765,False
func_Ut_0x100003e88,115513,False
func_Ut_0x100005596,115996,False
func_Ut_0x100005598,115497,False
func_Ut_0x100005726,116207,True
func_Ut_0x100005728,115624,True
func_Ut_0x100005730,116415,True
func_Ut_0x100005734,114914,True
func_Ut_0x100005736,114959,False
func_Ut_0x100005738,115617,False
func_Ut_0x10000574e,115219,True
func_Ut_0x100006f6b,116680,False
func_Ut_0x100006f8c,116368,True
func_Ut_0x100006f90,114990,True
func_Ut_0x100006f96,115798,True
func_Ut_0x100006f98,115528,True
func_Ut_0x100006f9a,116606,True
func_Ut_0x100006f9c,115652,False
func_Ut_0x100006fa2,114987,True
func_Ut_0x100006fa6,115372,False
func_Ut_0x100006fac,115098,False
func_Ut_0x100006fb2,116166,True
func_Ut_0x100006fb4,116351,False
func_Ut_0x100006fb6,115625,False
func_Ut_0x100006fb8,115591,False
func_V_0x1000001ba,115267,True
func_V_0x10000029e,114918,True
func_V_0x1000002a0,115778,False
func_V_0x1000002a2,115035,False
func_V_0x1000002a4,116329,False
func_V_0x10000031a,116575,True
func_V_0x1000005d6,115925,True
func_V_0x1000005d8,115328,False
func_V_0x100002924,116630,True
func_V_0x100002bb7,115087,True
func_V_0x100002bbb,116591,False
func_V_0x100002bbf,116554,True
func_V_0x100002bc3,115534,False
func_V_0x100002bca,114956,True
func_V_0x100002be6,115113,True
func_V_0x100002e48,116659,True
func_V_0x100002ed2,115435,True
func_V_0x100002ed5,116454,False
func_V_0x100002f69,115941,True
func_V_0x100003034,115690,True
func_V_0x100003c87,115745,False
func_V_0x10000434a,114831,False
func_V_0x10000434c,115750,True
func_V_0x100004350,116287,True
func_V_0x100004358,115001,False
func_V_0x100004413,116113,False
func_V_0x1000045e5,115294,True
func_V_0x1000048e9,115011,False
func_V_0x100004957,116674,False
func_V_0x100004e96,115658,True
func_V_0x100004e98,116630,True
func_V_0x100004e9a,115908,True
func_V_0x100004f2e,114833,False
func_V_0x1000054ee,115013,True
func_V_0x10000597b,115734,False
func_V_0x100005983,116578,True
func_V_0x100005eab,115761,True
func_V_0x100005ed8,116053,True
func_V_0x100005fc6,115974,True
func_V_0x100006301,116429,True
func_V_0x100006960,115296,False
func_V_0x10000698d,114989,True
func_V_0x100006b54,116230,True
func_V_0x100006b56,115172,False
func_V_0x100006b9f,115835,True
func_V_0x100006c35,114877,True
func_V_0x100006d3c,114816,False
func_V_0x100006df5,115757,False
func_V_0x1000071d4,116292,False
func_V_0x100007491,116425,False
func_V_0x100007891,116372,False
func_V_0x10000790f,114920,True
func_V_0x100007ac8,115758,False
func_V_0x100007b3c,116284,False
func_V_0x100007b76,114966,True
func_V_0x100007ba9,116262,False
func_V_0x100007f8a,115582,True
func_V_0x100008148,115359,False
func_V_0x1000082de,115322,True
func_V_0x1000082e9,115951,True
func_V_0x1000082ff,115373,True
func_V_0x100008305,115747,False
func_V_0x100008424,116412,True
func_V_0x1000086df,114976,True
func_V_0x1000086e1,115827,False
func_V_0x1000086e5,116033,False
func_V_0x100008759,116118,True
func_V_0x10000875d,115180,False
func_V_0x100008760,115302,True
func_V_0x10000876e,116217,True
func_V_0x100008808,115955,False
func_V_0x1000088a6,115951,False
func_V_0x100008903,116437,True
func_V_0x100008b0d,115570,True
func_V_0x100008bb0,116715,False
func_V_0x100008da7,116746,False
func_V_0x100008da9,116670,True
func_V_0x10000910d,116137,False
func_V_0x100009126,115267,False
func_V_0x1000091cb,115733,False
func_V_0x10000926f,116042,True
func_V_0x100009387,116397,True
func_V_0x100009393,115388,False
func_V_0x100009659,115929,False
func_V_0x100009708,116025,False
func_V_0x100009b30,114851,False
func_V_0x100009d79,116614,False
func_V_0x100009f63,115339,True
func_V_0x10000a61a,114912,False
func_V_0x10000a70d,115349,True
func_V_0x10000a87a,115983,True
func_V_0x10000a9ad,116088,False
func_V_0x10000a9af,116094,False
func_V_0x10000ac62,115723,False
func_V_0x10000acd9,115369,True
func_V_0x10000ad38,115137,False
func_V_0x10000ad4e,115318,False
func_V_0x10000ad7b,115893,False
func_V_0x10000b173,116520,False
func_V_0x10000b93c,115268,True
func_Va_0x100007ce9,116350,True
func_Ve_0x100000215,115994,True
func_Ve_0x1000027c5,115060,True
func_Ve_0x1000028ac,116358,True
func_Ve_0x1000028b5,116318,False
func_Ve_0x1000028d0,115437,True
func_Ve_0x100003762,114990,False
func_Ve_0x1000046c0,115412,True
func_Ve_0x1000047b7,115582,False
func_Ve_0x1000047ed,115694,True
func_Ve_0x10000485e,115122,True
func_Ve_0x100004864,116108,True
func_Ve_0x100004868,116633,True
func_Ve_0x100004884,116130,True
func_Ve_0x100004b05,116159,True
func_Ve_0x100004e01,115303,False
func_Ve_0x100005233,116435,True
func_Ve_0x100005236,115484,True
func_Ve_0x100005304,115010,True
func_Ve_0x100005308,115592,True
func_Ve_0x100005311,116423,True
func_Ve_0x100005487,114994,True
func_Ve_0x10000548d,115784,True
func_Ve_0x10000548f,115596,False
func_Ve_0x100005491,116516,False
func_Ve_0x100005495,115966,False
func_Ve_0x10000549b,116264,True
func_Ve_0x1000054a1,114965,True
func_Ve_0x1000054a9,115008,True
func_Ve_0x100006500,115119,True
func_Ve_0x1000065f2,115897,True
func_Ve_0x100006617,116391,True
func_Ve_0x10000690e,116051,False
func_Ve_0x1000069af,114826,True
func_Ve_0x1000069c1,115814,False
func_Ve_0x100007018,115445,True
func_Ve_0x100007c0c,114774,True
func_Ve_0x100008a89,115257,False
func_Ve_0x100008d74,115463,False
func_Ve_0x100009339,115580,False
func_Ve_0x10000933c,115717,True
func_Ve_0x100009342,116586,True
func_Ve_0x100009951,114980,False
func_Ve_0x100009953,115921,False
func_Ve_0x100009e01,116674,True
func_Ve_0x100009e03,115553,True
func_Ve_0x100009e05,116220,True
func_Ve_0x100009e41,114825,True
func_Ve_0x100009e49,115802,True
func_Ve_0x10000a76a,114990,True
func_Ve_0x10000b6b0,115516,True
func_Ve_0x10000b6d8,116560,True
func_Ve_0x10000b6eb,115039,False
func_Ve_0x10000b71f,115222,True
func_Ve_0x10000b721,115165,True
func_Ve_0x10000b8c4,115397,False
func_Ve_0x10000b8ea,116344,True
func_Vr_0x100002d20,115274,False
func_Vr_0x100002d28,115173,False
func_Vr_0x100002d2c,115042,False
func_Vr_0x100006266,115229,False
func_Vr_0x10000626f,115964,False
func_Vr_0x100006a5d,115293,True
func_Vr_0x100007331,115563,True
func_Vr_0x100007fff,116661,True
func_Vt_0x100002d42,114770,True
func_Vt_0x100005b69,115669,False
func_Vt_0x100006a36,114981,False
func_Vt_0x100006a53,115429,True
func_Vt_0x100006a69,116388,True
func_Vt_0x100007417,115572,False
func_Vt_0x100007fe1,115326,True
func_Vt_0x100007fe3,116687,False
func_Vt_0x100007ff1,115975,True
func_Vt_0x100008017,115594,False
func_Vt_0x100009820,115298,True
func_Vt_0x100009a35,116657,False
func_Vt_0x100009a56,116382,False
func_Vt_0x10000b1eb,114793,False
func_Vt_0x10000b246,115092,False
func_Vt_0x10000b25a,116321,False
func_Vt_0x10000b25f,115640,False
func_Vu_0x100003386,116103,False
func_Vu_0x100003388,115171,False
func_Vu_0x100003475,116606,True
func_Vu_0x100003479,116488,False
func_W_0x100000162,116161,True
func_W_0x1000001b6,115103,False
func_W_0x1000002f9,116168,False
func_W_0x100000303,115540,True
func_W_0x100000307,116106,False
func_W_0x100000552,116177,False
func_W_0x100000921,116702,False
func_W_0x10000283b,116033,True
func_W_0x10000285d,114921,False
func_W_0x100002a03,115903,False
func_W_0x100002a07,115766,True
func_W_0x100002b76,116562,False
func_W_0x100002b7a,116436,False
func_W_0x100002b7d,115282,True
func_W_0x100002b80,114922,False
func_W_0x100002bc8,116061,False
func_W_0x100002bd8,116472,True
func_W_0x100002bda,115419,False
func_W_0x100002cc6,116647,False
func_W_0x100002cfd,116006,False
func_W_0x100002de4,115508,False
func_W_0x100002ee4,115179,True
func_W_0x100002f5d,115357,False
func_W_0x100003030,114852,False
func_W_0x100003032,115695,False
func_W_0x100003c68,116225,True
func_W_0x100003c6a,116556,False
func_W_0x100003c8b,116511,True
func_W_0x100003c8f,115478,False
func_W_0x100003c99,114815,False
func_W_0x100004174,115857,True
func_W_0x100004282,115381,False
func_W_0x1000042b2,116357,True
func_W_0x1000042c0,116595,False
func_W_0x1000042c2,115406,False
func_W_0x1000042c4,114937,True
func_W_0x1000042c6,114982,True
func_W_0x1000042c8,114773,False
func_W_0x100004325,114882,True
func_W_0x1000043af,116755,False
func_W_0x1000043f1,116126,False
func_W_0x100004441,115293,True
func_W_0x1000045b0,115832,True
func_W_0x1000045e2,116583,False
func_W_0x100004607,114988,True
func_W_0x100004684,115873,False
func_W_0x100004695,115721,True
func_W_0x100004752,116206,True
func_W_0x10000495a,115786,False
func_W_0x100004b31,115873,True
func_W_0x100004fe4,115638,False
func_W_0x10000597a,115391,False
func_W_0x1000059c1,116640,True
func_W_0x10000647c,116662,False
func_W_0x10000648a,115060,False
func_W_0x100006782,116429,True
func_W_0x100006874,115176,True
func_W_0x1000068e7,116030,False
func_W_0x100006b8f,116516,False
func_W_0x100006c44,115088,True
func_W_0x100006c91,116042,True
func_W_0x100006d3f,116417,False
func_W_0x100006d8f,116441,False
func_W_0x100006e44,116228,True
func_W_0x100006e81,114855,True
func_W_0x100007a80,115885,False
func_W_0x100007b33,115064,True
func_W_0x100007bb3,115090,False
func_W_0x100007bb7,115590,False
func_W_0x100007f87,115029,False
func_W_0x1000080e9,116226,False
func_W_0x1000080ed,115563,True
func_W_0x1000083a1,115019,True
func_W_0x1000083a3,115719,True
func_W_0x100008751,116112,True
func_W_0x10000880a,115735,False
func_W_0x100008810,116568,False
func_W_0x100008ac8,116636,True
func_W_0x100008bb4,116132,False
func_W_0x100008bb8,115542,False
func_W_0x100008bf0,114877,True
func_W_0x100008d48,115267,False
func_W_0x100008e90,115419,True
func_W_0x100008e92,116437,True
func_W_0x100008ff6,116103,False
func_W_0x100008ff8,115258,False
func_W_0x1000090c5,116578,False
func_W_0x1000090cb,115266,True
func_W_0x1000090e5,115063,True
func_W_0x1000090e7,116667,False
func_W_0x10000918f,115412,False
func_W_0x100009191,116345,False
func_W_0x100009219,114937,True
func_W_0x100009397,115813,True
func_W_0x10000939e,116205,True
func_W_0x100009d75,116512,False
func_W_0x100009f8b,116418,True
func_W_0x10000a4c9,114888,False
func_W_0x10000a4cc,115084,False
func_W_0x10000a5e5,114906,False
func_W_0x10000a70c,116338,True
func_W_0x10000a727,115740,False
func_W_0x10000a7a7,115050,True
func_W_0x10000a98f,115545,True
func_W_0x10000ad4d,114796,False
func_W_0x10000ad5f,114799,False
func_W_0x10000af8c,115708,False
func_W_0x10000b15f,115369,True
func_Wa_0x100005e14,115504,True
func_Wa_0x100005e16,116555,True
func_We_0x1000027de,116152,False
func_We_0x100002898,116198,False
func_We_0x1000028b8,116276,False
func_We_0x100002fd8,116237,False
func_We_0x1000030cb,116674,False
func_We_0x1000030d3,114815,False
func_We_0x100004220,115128,True
func_We_0x1000046c3,115134,True
func_We_0x1000046c9,116085,False
func_We_0x1000046cb,115565,True
func_We_0x10000479b,116720,True
func_We_0x1000047f0,115868,False
func_We_0x100004abe,115192,False
func_We_0x100004ac6,115307,False
func_We_0x100004d0e,114820,False
func_We_0x100005094,115494,True
func_We_0x1000050aa,115986,False
func_We_0x10000510d,116184,False
func_We_0x100005241,114998,True
func_We_0x1000052d2,116156,False
func_We_0x1000052db,115953,True
func_We_0x10000530c,116091,True
func_We_0x10000593d,115919,True
func_We_0x100005a1a,116391,True
func_We_0x100005fff,116167,False
func_We_0x100006007,115242,False
func_We_0x100006013,115359,False
func_We_0x10000661a,115578,False
func_We_0x10000691c,116289,False
func_We_0x10000692a,116644,True
func_We_0x100006933,115208,True
func_We_0x10000701b,115346,False
func_We_0x100007c02,115466,True
func_We_0x100007c31,115196,False
func_We_0x100007c33,116676,True
func_We_0x100007c35,115728,False
func_We_0x100007c37,116317,True
func_We_0x100007c4a,115625,False
func_We_0x100007c4c,114960,True
func_We_0x100007c4e,116716,False
func_We_0x100007c5c,116466,True
func_We_0x100007c64,115359,True
func_We_0x100007c66,116528,False
func_We_0x100007c6c,115448,True
func_We_0x100007c8c,116100,True
func_We_0x100007c8e,115652,True
func_We_0x100007c90,115087,True
func_We_0x100007c92,115579,True
func_We_0x1000085c4,116003,False
func_We_0x1000085c9,115967,False
func_We_0x1000085e4,116422,True
func_We_0x100009343,115689,True
func_We_0x100009e4a,115689,True
func_We_0x10000a9f2,115840,False
func_We_0x10000a9f6,115850,False
func_We_0x10000ac77,116251,True
func_We_0x10000b4cd,114968,True
func_We_0x10000b4cf,116446,True
func_We_0x10000b50b,116343,True
func_We_0x10000b50f,115095,False
func_We_0x10000b511,116424,True
func_We_0x10000b521,116706,True
func_We_0x10000b5a9,116294,False
func_We_0x10000b5ad,115518,True
func_We_0x10000b84e,115903,False
func_We_0x10000b866,116115,False
func_We_0x10000b868,115078,False
func_Wn_0x10000394f,115029,True
func_Wn_0x100003955,116593,False
func_Wn_0x1000039c9,114791,False
func_Wn_0x1000039cd,115828,False
func_Wn_0x100003b03,116608,True
func_Wn_0x100003b05,115561,True
func_Wn_0x100003b07,116509,False
func_Wn_0x100003b85,115297,False
func_Wn_0x100007ce5,115018,True
func_Wn_0x100007cff,114791,False
func_Wn_0x100007e30,115727,True
func_Wn_0x100007e3a,115881,False
func_Wn_0x100007e4c,115635,False
func_Wn_0x100007e6a,115694,True
func_Wn_0x100007e76,114870,True
func_Wn_0x100007e8e,115644,False
func_Wn_0x100007eaa,115332,False
func_Wn_0x100007ec8,116032,True
func_Wn_0x100007ef6,114843,True
func_Wn_0x100007f16,115402,True
func_Wn_0x100007f3f,116030,True
func_Wn_0x100007f43,116680,False
func_Wn_0x100007f73,116333,False
func_Wo_0x100007347,114853,True
func_Wo_0x1000073b3,115197,True
func_Wr_0x10000a03d,115468,True
func_Wr_0x10000a049,116534,False
func_Wr_0x10000a04b,116525,True
func_Wr_0x10000b33a,114869,True
func_Wr_0x10000b347,116163,True
func_Wr_0x10000b34b,115629,True
func_Wr_0x10000b34d,116729,False
func_Wr_0x10000b351,115799,False
func_Wr_0x10000b353,116656,True
func_Wr_0x10000b359,116663,False
func_Wr_0x10000b35b,116199,True
func_Wr_0x10000b35f,115011,False
func_Wr_0x10000b361,116185,False
func_Wr_0x10000b365,115403,True
func_Wr_0x10000b369,116314,False
func_Wr_0x10000b371,115350,True
func_Wr_0x10000b375,115311,False
func_Wr_0x10000b377,116261,False
func_Wr_0x10000b379,115037,True
func_Wr_0x10000b383,116275,True
func_Wr_0x10000b385,116216,False
func_Wr_0x10000b387,116294,True
func_Wr_0x10000b389,115212,True
func_Wr_0x10000b38b,116207,True
func_Wr_0x10000b393,115026,False
func_Wr_0x10000b397,114905,False
func_Wr_0x10000b39f,116097,True
func_Wr_0x10000b3ad,115061,True
func_Wr_0x10000b3af,115132,False
func_Wr_0x10000b3b1,115897,False
func_Wr_0x10000b3bf,116138,False
func_Wr_0x10000b3c1,114972,False
func_Wr_0x10000b3d9,116147,True
func_Wt_0x100002acf,116073,True
func_Wt_0x100002af1,115871,True
func_Wt_0x100002af5,116456,True
func_Wt_0x10000498d,116157,False
func_Wt_0x100004993,115114,False
func_Wt_0x100004997,114837,False
func_Wt_0x10000499f,115839,True
func_Wt_0x1000049a1,115058,True
func_Wt_0x1000049a3,116451,False
func_Wt_0x1000049ab,115277,False
func_Wt_0x1000049ad,116081,True
func_Wt_0x1000049bd,116755,True
func_Wt_0x1000049bf,115813,False
func_Wt_0x1000049c1,115688,True
func_Wt_0x1000049c5,115400,False
func_Wt_0x1000049cb,116758,True
func_Wt_0x1000049d1,116085,True
func_Wt_0x1000049d3,115464,False
func_Wt_0x1000049d5,115800,True
func_Wt_0x1000049d7,116232,False
func_Wt_0x1000049dd,115454,True
func_Wt_0x1000049df,116039,False
func_Wt_0x1000049e1,115910,True
func_Wt_0x1000049eb,116136,False
func_Wt_0x1000049ed,116498,False
func_Wt_0x100005321,115355,False
func_Wt_0x100005323,115994,False
func_Wt_0x100006043,115104,False
func_Wt_0x10000604d,114837,False
func_Wt_0x10000605d,116270,False
func_Wt_0x100006088,116537,True
func_Wt_0x10000608e,115128,False
func_Wt_0x100006090,116103,False
func_Wt_0x100006093,115775,True
func_Wt_0x1000060d8,116682,True
func_Wt_0x1000060dc,115080,False
func_Wt_0x1000060de,116176,True
func_Wt_0x1000060ee,115402,False
func_Wt_0x1000060f4,115095,False
func_Wt_0x1000060fc,115746,False
func_Wt_0x1000060fe,115512,False
func_Wt_0x100009bfa,116274,True
func_Wt_0x100009c00,115470,True
func_Wt_0x100009c0d,114821,True
func_Wt_0x100009c12,116044,True
func_Wt_0x100009c8a,115877,False
func_Wt_0x100009c94,115180,False
func_Wt_0x100009ccc,115783,True
func_Wt_0x100009cf1,116501,False
func_Wt_0x10000b1f2,115321,False
func_X_0x1000027ab,116563,False
func_X_0x1000029f6,114837,True
func_X_0x100002ebe,115361,True
func_X_0x100002ec3,116002,False
func_X_0x100002ec5,115565,True
func_X_0x100002ec7,115724,True
func_X_0x100002fcc,116104,True
func_X_0x100003754,115132,True
func_X_0x100003eaa,114980,False
func_X_0x10000445e,116357,False
func_X_0x100004731,116211,True
func_X_0x10000474b,115418,False
func_X_0x100004800,115943,True
func_X_0x100004806,115333,False
func_X_0x10000481a,116242,False
func_X_0x10000488b,114981,False
func_X_0x100004ba2,115158,True
func_X_0x10000529a,115442,False
func_X_0x100005542,116644,False
func_X_0x10000579d,116036,True
func_X_0x100005aa7,115578,False
func_X_0x100005cdf,115956,True
func_X_0x100005ce1,115776,True
func_X_0x100005ce3,116191,False
func_X_0x100005cef,114793,False
func_X_0x100005cf3,114919,False
func_X_0x100005ebd,116347,True
func_X_0x100005ec1,114975,False
func_X_0x100005efb,115699,True
func_X_0x100005efd,114930,True
func_X_0x100005f07,114958,True
func_X_0x100005f50,115563,False
func_X_0x100005f58,115533,False
func_X_0x100005fa8,115794,False
func_X_0x100005fef,116653,False
func_X_0x100005ff3,115875,False
func_X_0x100005ffc,115907,False
func_X_0x100006dad,115972,False
func_X_0x100006db5,114856,True
func_X_0x100006e0f,115092,False
func_X_0x100006e11,115912,True
func_X_0x100006e17,115096,False
func_X_0x100006e25,115172,True
func_X_0x100006e28,115961,False
func_X_0x100007197,116755,False
func_X_0x1000071e6,115853,False
func_X_0x10000730a,115330,False
func_X_0x100007326,115836,True
func_X_0x100007bcb,115125,True
func_X_0x1000080c5,116701,False
func_X_0x1000080d1,115760,False
func_X_0x1000080d8,115874,False
func_X_0x1000080df,115263,False
func_X_0x1000080f4,116655,False
func_X_0x10000812a,115883,False
func_X_0x100008134,115419,True
func_X_0x100008136,115579,False
func_X_0x10000858d,116021,False
func_X_0x1000085e7,114855,True
func_X_0x100008b5b,114766,True
func_X_0x100008b5d,115027,True
func_X_0x100008b6c,114769,True
func_X_0x100008b84,115750,False
func_X_0x100008cd3,116492,False
func_X_0x1000094ae,115515,False
func_X_0x1000095a2,116127,False
func_X_0x100009670,116091,False
func_X_0x10000969a,116001,True
func_X_0x100009d2f,115080,True
func_X_0x100009eeb,115935,False
func_X_0x100009f3f,115285,True
func_X_0x100009f43,115263,True
func_X_0x100009f6e,116424,True
func_X_0x10000a6e4,115859,False
func_X_0x10000a6f7,116137,True
func_X_0x10000b2fa,114794,True
func_X_0x10000b767,115324,False
func_X_0x10000b770,115049,False
func_X_0x10000b78b,116628,False
func_Xa_0x100007408,116475,False
func_Xe_0x100000880,116656,True
func_Xe_0x100000887,115340,True
func_Xe_0x10000088b,116069,True
func_Xe_0x1000008a4,116273,False
func_Xe_0x1000056ed,115668,False
func_Xe_0x100006085,114956,True
func_Xe_0x100009811,114832,False
func_Xe_0x100009813,115144,False
func_Xe_0x100009815,116074,False
func_Xi_0x10000a0ba,114851,True
func_Xi_0x10000a0c2,116192,True
func_Xi_0x10000a33d,115356,True
func_Xi_0x10000a33f,116135,True
func_Xi_0x10000a341,115108,True
func_Xi_0x10000a343,115742,True
func_Xi_0x10000b454,116280,False
func_Xo_0x100003ff3,114971,False
func_Xt_0x1000008a0,116273,True
func_Xt_0x1000008a8,115266,False
func_Xt_0x1000049b6,116572,True
func_Xt_0x1000049ba,115745,True
func_Xt_0x1000056ef,115632,False
func_Xt_0x100005759,115388,False
func_Xt_0x100006083,115956,True
func_Xt_0x10000ab1e,116593,True
func_Xt_0x10000abad,116634,True
func_Xt_0x10000abb9,115933,True
func_Xt_0x10000abe0,115347,True
func_Xt_0x10000abe6,115765,True
func_Xt_0x10000ac02,115863,False
func_Xt_0x10000ac27,116532,False
func_Xt_0x10000ac4a,115472,False
func_Xt_0x10000ac4e,116708,True
func_Ye_0x100003080,114842,True
func_Ye_0x100003084,116162,True
func_Ye_0x10000308a,115751,False
func_Ye_0x100005ac2,115951,False
func_Ye_0x100005b01,115799,True
func_Ye_0x100005b09,116608,True
func_Ye_0x100005b0b,115938,False
func_Ye_0x100005b11,116538,True
func_Ye_0x100005b17,116426,False
func_Ye_0x100005b21,115468,True
func_Ye_0x100005b31,115352,True
func_Ye_0x100005b37,115857,True
func_Ye_0x100005b3d,116318,False
func_Ye_0x100005b47,115716,True
func_Ye_0x100005b4d,116176,False
func_Ye_0x100005b55,116218,False
func_Ye_0x100005b57,116572,False
func_Ye_0x100005b5d,115276,True
func_Ye_0x100005b61,114764,False
func_Ye_0x100005b63,115938,False
func_Ye_0x100005b67,115699,True
func_Ye_0x100005b6f,115289,True
func_Ye_0x100005b73,116275,False
func_Ye_0x100005b7b,115330,True
func_Ye_0x100005b7f,116605,False
func_Ye_0x100005b81,116527,False
func_Ye_0x100005b87,116475,False
func_Ye_0x1000061f6,115212,False
func_Ye_0x100007334,115511,False
func_Ye_0x10000865f,115227,False
func_Ye_0x100008663,115992,True
func_Ye_0x100008669,116385,True
func_Ye_0x100008678,115478,False
func_Ye_0x10000867f,115606,True
func_Ye_0x1000086a2,115294,False
func_Ye_0x1000086a4,115119,True
func_Ye_0x1000097c5,114823,False
func_Ye_0x1000097f9,116456,False
func_Ye_0x100009828,115053,False
func_Ye_0x10000988c,115830,False
func_Ye_0x100009a9e,116035,True
func_Ye_0x10000b010,115687,False
func_Yr_0x10000080d,116330,True
func_Yr_0x10000080f,116004,True
func_Yr_0x100000819,116138,True
func_Yr_0x10000081f,115430,False
func_Yr_0x100000821,116596,False
func_Yr_0x100000823,116452,False
func_Yr_0x100000825,114812,True
func_Yr_0x100000829,115108,False
func_Yr_0x10000082d,114918,True
func_Yr_0x10000082f,115530,False
func_Yr_0x100000831,116445,True
func_Yr_0x100000833,115510,False
func_Yr_0x10000083d,116451,True
func_Yr_0x10000083f,115903,False
func_Yr_0x100003f24,116624,True
func_Yr_0x100003f44,116154,True
func_Yr_0x10000409b,115178,True
func_Yr_0x1000040a0,115758,False
func_Yr_0x1000040a4,114938,False
func_Yr_0x10000a041,116292,True
func_Yr_0x10000b3db,115954,True
func_Yr_0x10000b43c,116278,False
func_Yt_0x10000321b,115257,True
func_Yt_0x100006f73,115460,True
func_Yt_0x100006f77,115772,False
func_Yt_0x10000a0ab,116671,True
func_Yt_0x10000a0b1,116148,False
func_Yt_0x10000a265,115266,False
func_Yt_0x10000a267,116038,False
func_Yt_0x10000a311,115492,False
func_Yt_0x10000a32c,115065,True
func_Yt_0x10000a33a,114768,True
func_Yt_0x10000a358,115780,False
func_Yt_0x10000a374,115134,False
func_Yt_0x10000a3ad,114997,False
func_Yt_0x10000a3b1,116639,True
func_Yt_0x10000a3b3,116713,True
func_Yt_0x10000a3bf,116639,True
func_Yt_0x10000b3fc,116754,False
func_Yt_0x10000b400,115767,True
func_Yt_0x10000b433,115316,False
func_Yt_0x10000b44b,116316,False
func_Z_0x100000200,115039,False
func_Z_0x100000202,116066,False
func_Z_0x100000206,115678,True
func_Z_0x100002965,115308,True
func_Z_0x10000296f,116354,False
func_Z_0x100002977,115454,False
func_Z_0x10000298b,115970,False
func_Z_0x10000298d,115049,False
func_Z_0x1000029d3,116181,True
func_Z_0x100002b4e,114980,True
func_Z_0x100002fb6,115763,False
func_Z_0x100003770,115309,True
func_Z_0x1000046a9,115516,False
func_Z_0x100004f9e,116086,True
func_Z_0x10000530a,115405,False
func_Z_0x1000053ef,115993,False
func_Z_0x10000546c,115773,False
func_Z_0x100005c8a,115702,True
func_Z_0x100005c8c,116314,False
func_Z_0x100005c8e,115067,False
func_Z_0x100005c90,116368,False
func_Z_0x100006554,115872,True
func_Z_0x100006556,115334,True
func_Z_0x100006b73,115336,False
func_Z_0x100006b78,116332,False
func_Z_0x100006bf1,114910,False
func_Z_0x100007c81,114883,False
func_Z_0x10000818b,114789,True
func_Z_0x1000081d4,116058,True
func_Z_0x100008a7b,114889,True
func_Z_0x100008a80,116681,True
func_Z_0x100008d56,115122,True
func_Z_0x100008d5a,115417,False
func_Z_0x100008d5c,116746,True
func_Z_0x1000096dc,116014,False
func_Z_0x100009791,116654,False
func_Z_0x100009793,116687,False
func_Z_0x100009795,115808,True
func_Z_0x100009797,115868,True
func_Z_0x100009ad6,114864,True
func_Z_0x100009add,116546,True
func_Z_0x100009ae9,115509,True
func_Z_0x100009b24,116245,False
func_Z_0x100009b9c,115461,True
func_Z_0x100009dbf,115146,True
func_Z_0x10000a67d,115488,True
func_Z_0x10000a681,116521,True
func_Z_0x10000a688,115037,True
func_Z_0x10000a695,115243,False
func_Z_0x10000a69f,115737,True
func_Z_0x10000a6a5,115181,True
func_Z_0x10000a6ab,116486,True
func_Z_0x10000a6b2,115366,True
func_Z_0x10000a7f5,115758,True
func_Z_0x10000a7f9,116094,True
func_Z_0x10000a7fb,115736,True
func_Z_0x10000a7ff,116439,False
func_Z_0x10000a806,116004,False
func_Z_0x10000a9ea,116442,False
func_Z_0x10000b613,116039,True
func_Z_0x10000b623,114761,False
func_Z_0x10000b629,116135,True
func_Ze_0x100002d89,115045,True
func_Ze_0x100002d90,115440,False
func_Ze_0x100005ac1,116172,False
func_Ze_0x100005bc3,115290,True
func_Ze_0x100005bc9,115937,False
func_Ze_0x100006a41,115115,True
func_Ze_0x100006a4a,115759,True
func_Ze_0x100006a59,116054,False
func_Ze_0x100006a7b,116728,True
func_Ze_0x100006a8a,115794,True
func_Ze_0x100006a8e,116225,True
func_Ze_0x100006a95,116285,False
func_Ze_0x100006a9c,114938,False
func_Ze_0x100007ff6,114926,True
func_Ze_0x10000802e,115863,False
func_Ze_0x10000806d,115829,False
func_Ze_0x10000806f,115178,True
func_Ze_0x100008071,115960,False
func_Ze_0x100008073,115324,False
func_Ze_0x10000807f,115983,True
func_Ze_0x100008081,116579,False
func_Ze_0x100008253,116222,True
func_Ze_0x100008267,116213,False
func_Ze_0x100008297,115838,True
func_Ze_0x10000829c,116104,True
func_Ze_0x1000084b3,115422,False
func_Ze_0x100008672,116598,True
func_Ze_0x100008696,115349,True
func_Ze_0x100008ee8,115844,True
func_Ze_0x100008eea,115348,True
func_Ze_0x100008ef7,115291,True
func_Ze_0x100008f33,115164,False
func_Ze_0x100008f35,116603,True
func_Ze_0x100008f3d,115732,False
func_Ze_0x100009532,115397,True
func_Ze_0x10000aca2,116365,False
func_Ze_0x10000b016,115285,False
func_Ze_0x10000b0d3,116548,True
func_Ze_0x10000b0e5,115657,True
func_Ze_0x10000b0e9,114825,False
func_Ze_0x10000b0f0,115851,False
func_Ze_0x10000b0f7,116178,False
func_Ze_0x10000b106,115580,True
func_Ze_0x10000b115,114779,False
func_Ze_0x10000b11a,116750,False
func_Ze_0x10000b11c,115275,True
func_Ze_0x10000b2d5,115050,True
func_Zn_0x100002afc,116282,False
func_Zn_0x1000049af,116281,False
func_Zn_0x1000056bf,116590,True
func_Zn_0x100006082,114869,False
func_Zn_0x10000608b,115545,True
func_Zo_0x100003f71,115820,False
func_Zr_0x1000035f8,116326,False
func_Zr_0x1000035fc,115233,False
func_Zr_0x1000035fe,115384,False
func_Zr_0x100003600,115271,False
func_Zr_0x100003602,115163,True
func_Zr_0x100003604,116676,True
func_Zr_0x100003606,115345,False
func_Zr_0x10000360c,115528,False
func_Zr_0x10000361e,115993,True
func_Zr_0x100003620,115151,True
func_Zr_0x100003622,114803,True
func_Zr_0x100003626,116480,True
func_Zr_0x10000362a,115611,False
func_Zr_0x10000362e,115839,False
func_Zr_0x100003630,115042,False
func_Zr_0x100003632,116178,True
func_Zr_0x100003634,114989,False
func_Zr_0x100003636,115853,False
func_Zr_0x100003638,116484,True
func_Zr_0x10000363e,116604,False
func_Zr_0x100003640,115286,False
func_Zr_0x10000364a,115470,False
func_Zr_0x10000364c,116479,True
func_Zr_0x10000364e,115955,False
func_Zr_0x100003652,115294,False
func_Zr_0x100003654,115520,False
func_Zr_0x100003656,114906,True
func_Zr_0x100003658,115504,False
func_Zr_0x10000365a,115374,True
func_Zr_0x100003666,116002,True
func_Zr_0x100003668,115699,True
func_Zr_0x10000366e,116039,True
func_Zr_0x100003672,115557,True
func_Zr_0x100003678,116321,False
func_Zr_0x10000367c,115637,False
func_Zr_0x100003686,116072,True
func_Zr_0x10000368c,116415,False
func_Zr_0x10000368e,116447,False
func_Zr_0x100003690,114847,True
func_Zr_0x100003692,115090,True
func_Zr_0x100003698,114980,True
func_Zr_0x10000369a,115445,False
func_Zr_0x1000036a0,116267,True
func_Zr_0x1000036a2,116719,True
func_Zr_0x1000036a8,116687,False
func_Zr_0x1000036aa,115500,False
func_Zr_0x1000036ac,114779,True
func_Zr_0x1000036b8,116589,False
func_Zr_0x1000036bc,115960,True
func_Zr_0x1000036c0,115294,True
func_Zr_0x1000036c2,116663,True
func_Zr_0x1000036c6,115699,False
func_Zr_0x1000036c8,115473,False
func_Zr_0x1000036ca,116698,False
func_Zr_0x1000036cc,116492,True
func_Zr_0x1000036ce,116333,False
func_Zr_0x1000036d0,115263,True
func_Zr_0x1000036d8,115177,False
func_Zr_0x1000036dc,115756,True
func_Zr_0x1000036e0,115834,True
func_Zr_0x1000036e6,115480,False
func_Zr_0x1000036f4,115081,False
func_Zr_0x1000036f6,115869,True
func_Zr_0x100003708,115096,False
func_Zr_0x10000370e,115601,False
func_Zr_0x100003710,114793,False
func_Zr_0x100003716,116578,False
func_Zt_0x10000395d,115591,False
func_Zt_0x100003969,116240,True
func_Zt_0x10000398c,115654,True
func_Zt_0x100003991,116298,False
func_Zt_0x100003998,115252,True
func_Zt_0x1000039a6,116459,True
func_Zt_0x1000039b6,116088,True
func_Zt_0x1000039d7,116414,True
func_Zt_0x1000039dc,115247,False
func_Zt_0x1000039ea,115518,True
func_Zt_0x100003a06,116550,False
func_Zt_0x100003a0c,115587,True
func_Zt_0x100003a0e,115386,False
func_Zt_0x100003a10,116453,True
func_Zt_0x100003a12,115540,False
func_Zt_0x100003a18,115272,False
func_Zt_0x100003a1e,115140,True
func_Zt_0x100003a20,115041,False
func_Zt_0x100003a32,115021,True
func_Zt_0x100003a34,116069,True
func_Zt_0x100003a3d,116579,False
func_Zt_0x100003a43,115280,True
func_Zt_0x100003a4f,116443,False
func_Zt_0x100003a5b,115023,False
func_Zt_0x100003a5e,115140,False
func_Zt_0x100003a61,116090,True
func_Zt_0x100003a64,116576,True
func_Zt_0x100003a68,116537,False
func_Zt_0x100003a7a,115184,False
func_Zt_0x100003a7c,115984,True
func_Zt_0x100003a86,116048,False
func_Zt_0x100003a88,115759,True
func_Zt_0x100003a91,114858,False
func_Zt_0x100003a94,114770,True
func_Zt_0x100003aa2,114786,False
func_Zt_0x100003aa6,115658,True
func_Zt_0x100003ab0,116306,False
func_Zt_0x100003ab2,115945,False
func_Zt_0x100003ab5,115719,False
func_Zt_0x100003ac1,115655,False
func_Zt_0x100003ac3,115764,True
func_Zt_0x100003ac7,115448,False
func_Zt_0x100003acb,116215,False
func_Zt_0x100003ad9,116160,True
func_Zt_0x100003ae1,116675,False
func_Zt_0x100003af2,116424,False
func_Zt_0x100003af5,115619,True
func_Zt_0x100003af7,115600,True
func_Zt_0x100003afe,115328,False
func_Zt_0x100003b10,116190,True
func_Zt_0x100003b12,114849,True
func_Zt_0x100003b15,116120,True
func_Zt_0x100003b1a,115510,True
func_Zt_0x100003b26,115711,False
func_Zt_0x100003b4d,115002,False
func_Zt_0x100003b4f,116095,False
func_Zt_0x100003b63,116037,False
func_Zt_0x100003b6a,115756,True
func_Zt_0x100003b93,115795,True
func_Zt_0x100003bad,114921,True
func_Zt_0x100003bb1,114912,False
func_Zt_0x100003bb7,116323,False
func_Zt_0x100003bc2,115911,True
func_Zt_0x100003bc9,115826,True
func_Zt_0x100003bcd,116659,False
func_Zt_0x100003bcf,116621,False
func_Zt_0x100003bd1,116086,True
func_Zt_0x100003c08,115338,False
func_Zt_0x100003c0e,115118,False
func_a_0x100000017,115235,False
func_a_0x1000000ab,116330,True
func_a_0x10000018a,114948,True
func_a_0x100000278,115393,True
func_a_0x100000293,115157,False
func_a_0x1000002b1,115801,True
func_a_0x1000002de,115453,False
func_a_0x1000002e5,116633,False
func_a_0x100000328,114879,False
func_a_0x100000350,116622,True
func_a_0x10000036b,115904,True
func_a_0x10000038e,115422,False
func_a_0x1000003da,115924,True
func_a_0x1000003fa,116363,False
func_a_0x1000003ff,115331,True
func_a_0x100000402,115045,True
func_a_0x100000408,115931,False
func_a_0x100000418,116364,True
func_a_0x100000431,115146,False
func_a_0x10000044f,116492,True
func_a_0x100000477,116455,False
func_a_0x1000004a6,115526,True
func_a_0x1000004de,115061,True
func_a_0x1000004e6,116123,True
func_a_0x10000050d,114890,False
func_a_0x10000053b,116350,True
func_a_0x100000563,115548,True
func_a_0x100000577,116015,True
func_a_0x10000058d,114811,True
func_a_0x10000059c,114813,True
func_a_0x1000005a3,114832,True
func_a_0x1000005ad,116339,True
func_a_0x1000005fa,116301,False
func_a_0x1000008b9,115395,True
func_a_0x1000008c6,115930,False
func_a_0x1000008fe,115918,False
func_a_0x100000930,116619,False
func_a_0x100000942,115628,False
func_a_0x10000097b,115547,False
func_a_0x100000989,116222,True
func_a_0x100000999,116541,True
func_a_0x1000009b9,116658,False
func_a_0x100002829,115955,True
func_a_0x100002b04,115318,False
func_a_0x100002c6e,116628,False
func_a_0x1000037b3,116263,False
func_a_0x100004211,114985,False
func_a_0x10000427c,115342,False
func_a_0x1000043cf,115907,False
func_a_0x100004401,115055,False
func_a_0x10000448f,116362,False
func_a_0x100004499,115504,True
func_a_0x1000044aa,115770,True
func_a_0x1000044ca,114931,True
func_a_0x1000045c2,115934,False
func_a_0x100004625,116722,True
func_a_0x1000047c2,116011,True
func_a_0x1000048a7,115929,False
func_a_0x100004b6f,116054,True
func_a_0x100004efe,115272,True
func_a_0x100004ff2,115630,True
func_a_0x100005843,115249,False
func_a_0x100005850,115301,False
func_a_0x10000596b,116124,False
func_a_0x100005991,115137,False
func_a_0x100005c34,115551,True
func_a_0x100006108,116696,False
func_a_0x1000062f1,115395,True
func_a_0x10000630b,116297,True
func_a_0x100006315,116076,False
func_a_0x100006398,114962,False
func_a_0x1000063a8,115806,True
func_a_0x100006460,115779,True
func_a_0x100006463,115672,True
func_a_0x1000064e6,115128,False
func_a_0x10000698a,116379,False
func_a_0x10000699d,115966,True
func_a_0x100006c5b,115534,True
func_a_0x100006ca8,116258,False
func_a_0x100006cbd,116150,True
func_a_0x100006e7b,115054,True
func_a_0x10000713f,115837,True
func_a_0x10000723c,116471,False
func_a_0x100007459,116643,True
func_a_0x100007464,116091,False
func_a_0x1000074cc,115965,False
func_a_0x10000792f,116228,False
func_a_0x10000794d,115772,False
func_a_0x1000079cd,115863,True
func_a_0x100007a76,116297,True
func_a_0x100007a7a,114808,False
func_a_0x100007ab8,116538,True
func_a_0x100007b8f,115047,True
func_a_0x100007fa1,115558,True
func_a_0x100008086,116014,False
func_a_0x100008572,116698,False
func_a_0x1000087dc,115816,False
func_a_0x1000087ec,116232,True
func_a_0x100008949,116010,False
func_a_0x10000895c,116343,False
func_a_0x10000897a,114950,True
func_a_0x10000898a,116653,False
func_a_0x100008a16,114946,True
func_a_0x100008a30,115437,False
func_a_0x100008a9b,114814,False
func_a_0x100008b31,115174,True
func_a_0x100008b35,115593,False
func_a_0x100008b46,116633,True
func_a_0x100008b50,115218,False
func_a_0x100008bbf,116263,False
func_a_0x100008dda,116191,False
func_a_0x100008ea1,116736,False
func_a_0x1000090f2,115785,True
func_a_0x10000913c,116124,True
func_a_0x1000091fa,114972,False
func_a_0x100009285,114967,True
func_a_0x1000092db,116219,False
func_a_0x1000092ed,116181,True
func_a_0x1000094c4,116571,True
func_a_0x1000094ca,116227,True
func_a_0x1000094e2,114921,False
func_a_0x100009731,115815,True
func_a_0x1000098f9,116279,False
func_a_0x100009d65,115496,True
func_a_0x100009e7d,116445,False
func_a_0x100009eca,115952,False
func_a_0x10000a0ee,115093,True
func_a_0x10000a0f5,115320,False
func_a_0x10000a131,116503,True
func_a_0x10000a1b5,115821,False
func_a_0x10000a1c4,116344,False
func_a_0x10000a1d2,116716,True
func_a_0x10000a417,115453,False
func_a_0x10000a7a0,114907,False
func_a_0x10000a7ac,116605,True
func_a_0x10000a996,114835,False
func_a_0x10000a9a3,114915,True
func_a_0x10000aa6f,115017,True
func_a_0x10000aad6,115399,True
func_a_0x10000aadd,115032,False
func_a_0x10000aaf6,115955,False
func_a_0x10000ab02,116040,False
func_a_0x10000ab0e,116334,True
func_a_0x10000ac6a,116338,True
func_a_0x10000ace1,116559,False
func_a_0x10000b081,115529,False
func_a_0x10000b943,115887,True
func_aa_0x100003469,115243,False
func_aa_0x10000346d,115540,False
func_aa_0x1000034eb,116095,True
func_ae_0x10000288a,115467,True
func_ae_0x100002890,116629,False
func_ae_0x10000297b,115810,False
func_ae_0x100002981,115267,True
func_ae_0x100002987,115559,True
func_ae_0x1000029b9,115948,False
func_ae_0x100002b52,116171,False
func_ae_0x100002fd5,116010,False
func_ae_0x10000376d,115087,False
func_ae_0x100003caa,114913,True
func_ae_0x100003cac,116457,True
func_ae_0x100003cb2,115915,False
func_ae_0x100003cb4,114843,False
func_ae_0x100003cb6,116438,False
func_ae_0x100003cba,115743,False
func_ae_0x100004723,115020,True
func_ae_0x100004dba,116027,True
func_ae_0x100004e2a,115497,True
func_ae_0x1000053ed,115808,True
func_ae_0x1000053f5,115431,True
func_ae_0x1000053f9,115790,True
func_ae_0x1000053fb,116397,True
func_ae_0x100005403,115522,False
func_ae_0x10000546e,114968,True
func_ae_0x100005470,116595,True
func_ae_0x100005476,114879,False
func_ae_0x100005478,115048,False
func_ae_0x10000547c,116521,False
func_ae_0x10000547e,115445,False
func_ae_0x100005480,115824,True
func_ae_0x100005d02,115548,False
func_ae_0x100005f02,115642,False
func_ae_0x100005f5e,115057,True
func_ae_0x100005f63,115331,True
func_ae_0x100005ffe,116616,False
func_ae_0x1000062a8,115697,False
func_ae_0x10000650c,115158,False
func_ae_0x100006bfb,116615,True
func_ae_0x100006c05,116141,False
func_ae_0x100007a41,114769,True
func_ae_0x100007a49,115534,False
func_ae_0x100007a4b,116676,True
func_ae_0x100007a4f,115844,False
func_ae_0x100007a51,115730,False
func_ae_0x100007a53,115461,True
func_ae_0x100007a57,115162,True
func_ae_0x100007a65,115061,True
func_ae_0x100007a6d,115665,False
func_ae_0x100007c71,116250,True
func_ae_0x100007c99,116177,True
func_ae_0x10000819b,115110,False
func_ae_0x100008a82,114891,False
func_ae_0x100008c26,116343,False
func_ae_0x100008c2c,115319,True
func_ae_0x100008c2e,116461,False
func_ae_0x100008d71,115871,True
func_ae_0x100009958,116635,True
func_ae_0x10000995a,116010,False
func_ae_0x100009ae5,116383,True
func_ae_0x100009b81,116284,True
func_ae_0x100009b83,115598,True
func_ae_0x100009bb4,116693,True
func_ae_0x100009dee,115379,False
func_ae_0x100009df4,116639,False
func_ae_0x100009df6,115451,True
func_ae_0x100009e08,116701,False
func_ae_0x10000a50f,116736,False
func_ae_0x10000a54c,115208,True
func_ae_0x10000a6a7,114818,True
func_ae_0x10000a845,116011,False
func_ae_0x10000aa0f,116755,True
func_ae_0x10000aa12,115728,True
func_ae_0x10000aa14,115006,True
func_ae_0x10000afcf,115102,False
func_ae_0x10000b625,116681,False
func_ae_0x10000b728,115967,False
func_ae_0x10000b75f,115640,True
func_ai_0x10000332c,115189,True
func_ai_0x100006f75,116318,False
func_ai_0x10000a087,116139,True
func_ai_0x10000a089,114845,False
func_ai_0x10000a08b,116071,True
func_ai_0x10000a097,114765,True
func_ai_0x10000a099,115718,False
func_ai_0x10000a09d,114894,True
func_ai_0x10000a09f,116480,False
func_ai_0x10000a0a1,115158,False
func_ai_0x10000a0a3,115569,True
func_ai_0x10000a0ad,115948,False
func_ai_0x10000b410,116048,True
func_ai_0x10000b44d,116617,False
func_an_0x10000060a,116135,True
func_an_0x10000060c,115028,True
func_an_0x10000088f,115917,True
func_an_0x10000560b,115861,True
func_an_0x100005611,114875,False
func_an_0x100009cd7,116565,True
func_an_0x100009cdd,114959,False
func_an_0x100009cdf,114987,True
func_an_0x100009ce2,116631,True
func_an_0x10000ab1c,115533,True
func_an_0x10000abaf,116380,False
func_an_0x10000abb3,114984,True
func_an_0x10000abb7,115347,False
func_an_0x10000ac1d,116117,True
func_an_0x10000ac39,114916,False
func_an_0x10000ac44,114773,True
func_an_0x10000ac53,116235,False
func_ar_0x100002a5d,115713,True
func_ar_0x100005745,116286,True
func_ar_0x10000a052,116346,True
func_ar_0x10000a056,116748,True
func_ar_0x10000a058,116168,True
func_ar_0x10000a082,115816,False
func_ar_0x10000a0d0,115995,True
func_ar_0x10000a0d2,115771,False
func_ar_0x10000a0e0,116665,False
func_ar_0x10000a0e2,115557,False
func_ar_0x10000a0e6,116621,False
func_ar_0x10000a95f,115250,False
func_ar_0x10000abca,115187,False
func_ar_0x10000abcc,115926,True
func_ar_0x10000abce,116432,False
func_ar_0x10000abd4,116716,True
func_ar_0x10000ac1a,116297,False
func_at_0x100002a6c,116493,False
func_at_0x100002ae5,116449,True
func_at_0x100002ae9,116168,False
func_at_0x100002aef,114976,False
func_at_0x100002afb,116380,True
func_at_0x100002d37,116064,True
func_at_0x1000049c3,116126,False
func_at_0x1000049c7,115196,True
func_at_0x1000049c9,115045,True
func_at_0x1000049cd,115530,False
func_at_0x1000049d9,116231,False
func_at_0x1000049db,116260,True
func_at_0x1000049e3,116424,True
func_at_0x1000049e5,116461,False
func_at_0x1000049e7,116628,True
func_at_0x1000049e9,115941,False
func_at_0x1000049f1,115397,False
func_at_0x1000049f3,115418,True
func_at_0x1000049f5,115804,False
func_at_0x1000049f7,115586,False
func_at_0x1000049f9,116155,False
func_at_0x1000049fd,116604,True
func_at_0x100004a01,116115,True
func_at_0x100004a09,116039,True
func_at_0x100004a0b,115096,False
func_at_0x100004a0d,116761,False
func_at_0x100004a0f,115864,False
func_at_0x100004a11,116293,False
func_at_0x100004a13,116656,False
func_at_0x100005346,116279,True
func_at_0x100005366,116478,False
func_at_0x100005372,115952,False
func_at_0x100006041,115703,False
func_at_0x100006049,115748,False
func_at_0x100006053,115445,True
func_at_0x100006055,116309,False
func_at_0x100006057,114918,False
func_at_0x10000605f,115480,False
func_at_0x100006063,116177,False
func_at_0x100006065,116434,True
func_at_0x100006069,115172,False
func_at_0x100006095,115569,False
func_at_0x100006099,115080,True
func_at_0x1000060e0,115159,False
func_at_0x1000060e6,116725,True
func_at_0x1000060ec,115306,False
func_at_0x100009bec,115746,False
func_at_0x100009bee,115008,False
func_at_0x100009bf4,115090,False
func_at_0x100009bfe,116544,True
func_at_0x100009c02,116090,True
func_at_0x100009c04,116118,True
func_at_0x100009c06,115968,False
func_at_0x100009c0f,115053,True
func_at_0x100009c14,116250,True
func_at_0x100009c1c,114808,True
func_at_0x100009c90,115105,False
func_at_0x100009c92,115775,True
func_at_0x100009c96,116538,True
func_at_0x100009c9c,116278,False
func_at_0x100009c9e,116703,True
func_at_0x100009cc8,115101,False
func_at_0x100009cca,116696,True
func_at_0x100009cce,116046,False
func_at_0x100009cd0,115779,False
func_at_0x10000b1f0,116172,True
func_b0_0x1000073fb,116034,True
func_b_0x10000022a,116169,True
func_b_0x10000031b,115271,False
func_b_0x10000275e,116293,True
func_b_0x100002762,115680,True
func_b_0x100002842,115566,True
func_b_0x100002bf8,116532,False
func_b_0x100002c44,116098,True
func_b_0x100002c46,115842,False
func_b_0x100002c4d,115565,False
func_b_0x100002c4f,114789,False
func_b_0x100002c53,115207,False
func_b_0x100002ce1,115515,True
func_b_0x100002ce8,115252,True
func_b_0x100002e28,115723,True
func_b_0x100002f11,115448,False
func_b_0x100003012,115567,False
func_b_0x10000305a,115069,False
func_b_0x1000037f6,116302,False
func_b_0x100004261,115711,False
func_b_0x100004296,115071,False
func_b_0x100004389,115097,False
func_b_0x1000043bb,115128,True
func_b_0x1000043f2,115956,True
func_b_0x10000440c,116069,True
func_b_0x10000440e,115497,False
func_b_0x1000048ee,115803,True
func_b_0x100004f2f,115125,False
func_b_0x100004f37,115911,False
func_b_0x100004f79,116074,True
func_b_0x100005203,116453,False
func_b_0x100005513,115352,False
func_b_0x100005515,115246,True
func_b_0x10000551b,116195,False
func_b_0x10000551f,116512,False
func_b_0x100005521,115775,False
func_b_0x1000057fa,116423,False
func_b_0x100005fc0,115696,True
func_b_0x100006346,114886,True
func_b_0x1000063fb,115828,False
func_b_0x10000649a,115439,False
func_b_0x10000668f,114876,True
func_b_0x100006696,116109,False
func_b_0x10000669a,115221,False
func_b_0x1000066a8,114779,False
func_b_0x1000068bf,116722,True
func_b_0x1000068dc,115328,True
func_b_0x1000068fb,115622,True
func_b_0x100006a02,115054,False
func_b_0x100006a14,116601,True
func_b_0x100006b40,115241,True
func_b_0x100006ba0,116398,True
func_b_0x100006ba6,115147,True
func_b_0x100006cdd,115128,False
func_b_0x100006ce0,115958,False
func_b_0x100006d1b,115712,True
func_b_0x100006d33,115921,True
func_b_0x100006def,116138,False
func_b_0x100006e63,116000,False
func_b_0x100006e67,115109,False
func_b_0x100006e69,115902,False
func_b_0x100006e6e,115206,False
func_b_0x100007131,116239,False
func_b_0x10000717f,116714,False
func_b_0x1000074af,116418,True
func_b_0x1000074b8,115810,False
func_b_0x100007962,116357,True
func_b_0x100007a13,116552,False
func_b_0x100007a89,114903,True
func_b_0x100007a96,115192,True
func_b_0x100007b67,115225,False
func_b_0x100007f8b,115426,True
func_b_0x100007f9c,116567,True
func_b_0x1000083b0,114819,True
func_b_0x1000083bd,115185,True
func_b_0x1000083c3,115244,False
func_b_0x1000083c9,116200,False
func_b_0x1000084f2,116415,False
func_b_0x10000876c,115214,True
func_b_0x1000087f1,115609,False
func_b_0x1000087f3,116052,True
func_b_0x1000088f3,115810,True
func_b_0x1000088f7,114821,False
func_b_0x100008904,116088,True
func_b_0x100008920,114967,False
func_b_0x100008922,116443,True
func_b_0x100008c0e,116617,True
func_b_0x100008ffb,114882,True
func_b_0x10000929f,115390,True
func_b_0x10000949a,115334,True
func_b_0x100009657,116666,True
func_b_0x10000965a,115886,False
func_b_0x10000970d,114818,False
func_b_0x1000099c5,116454,False
func_b_0x1000099c7,114796,False
func_b_0x100009abd,115378,True
func_b_0x100009bc5,116038,True
func_b_0x100009d89,114807,False
func_b_0x10000a607,116235,True
func_b_0x10000a60b,115383,True
func_b_0x10000a61b,116634,False
func_b_0x10000ad81,115494,True
func_b_0x10000ad87,115735,True
func_b_0x10000b733,116360,False
func_b_0x10000b7db,115477,False
func_ba_0x100003bec,116691,True
func_ba_0x100003bee,115516,False
func_ba_0x100003bf0,115034,True
func_ba_0x100003bf4,114908,False
func_be_0x1000027da,116068,True
func_be_0x1000027dc,116255,True
func_be_0x1000028b1,116521,False
func_be_0x100003103,116283,False
func_be_0x10000317a,115093,True
func_be_0x1000046c1,116329,True
func_be_0x1000046c5,115401,True
func_be_0x1000046c7,116321,False
func_be_0x1000046cd,116344,True
func_be_0x100004797,115081,True
func_be_0x100004ac4,116665,True
func_be_0x100004ace,116023,False
func_be_0x100004ad0,116670,True
func_be_0x100004ad7,116705,False
func_be_0x100004ae0,115280,True
func_be_0x100004af8,116093,False
func_be_0x100004afa,115939,False
func_be_0x100004b06,115451,False
func_be_0x100004b08,114948,True
func_be_0x100004b0a,116332,True
func_be_0x100004db4,115835,False
func_be_0x100005092,114848,False
func_be_0x100005096,114971,False
func_be_0x10000510e,115489,False
func_be_0x1000052d4,116421,False
func_be_0x1000052d6,115354,False
func_be_0x10000531a,115300,True
func_be_0x10000531c,116212,False
func_be_0x100006005,115512,False
func_be_0x10000600d,115122,False
func_be_0x1000064fe,116664,False
func_be_0x100006501,116100,True
func_be_0x100006f27,115690,True
func_be_0x100007c04,116371,False
func_be_0x100007c0a,115381,True
func_be_0x100007c42,115281,True
func_be_0x100007c50,116071,True
func_be_0x100007c52,115503,False
func_be_0x100007c56,115760,False
func_be_0x100007c5e,115320,True
func_be_0x100007c68,115659,True
func_be_0x100007c6a,116328,False
func_be_0x100008191,114926,True
func_be_0x100008193,116524,True
func_be_0x1000085c2,116486,True
func_be_0x1000085cb,116020,False
func_be_0x1000085cd,116609,True
func_be_0x1000085de,115172,True
func_be_0x1000085e0,115107,True
func_be_0x100009e4c,115274,False
func_be_0x10000a856,115633,True
func_be_0x10000a865,116203,False
func_be_0x10000a970,115926,False
func_be_0x10000a9f0,115284,True
func_be_0x10000aad2,115826,False
func_be_0x10000b030,115690,False
func_be_0x10000b51f,116092,True
func_be_0x10000b862,115945,True
func_be_0x10000b86a,115967,False
func_bi_0x100007737,114774,False
func_bi_0x10000776e,114884,False
func_bi_0x100007789,115707,False
func_bi_0x100007857,115214,True
func_bn_0x10000334d,115225,False
func_bn_0x10000334f,116527,True
func_bn_0x100003373,115973,True
func_bn_0x10000337d,116329,False
func_bn_0x10000338d,116566,True
func_bn_0x100003391,115312,True
func_bn_0x100003393,115943,True
func_bn_0x100003395,116264,True
func_bn_0x100003397,116750,True
func_bn_0x100003399,114798,True
func_bn_0x10000339f,115463,True
func_bn_0x1000033a5,116304,False
func_bn_0x1000033a7,115418,True
func_bn_0x1000033ad,115845,True
func_bn_0x1000033b3,115616,False
func_bn_0x1000033b5,115447,False
func_bn_0x1000033b9,116129,False
func_bn_0x1000033bf,116759,True
func_bn_0x1000033c3,115201,True
func_bn_0x1000033c7,115537,False
func_bn_0x1000033c9,115665,False
func_bn_0x1000033cd,116282,True
func_bn_0x1000033d1,116097,False
func_bn_0x1000033d3,116075,False
func_bn_0x1000033d5,115028,False
func_bn_0x1000033d7,116146,False
func_bn_0x1000033d9,116344,False
func_bn_0x1000033e3,116066,True
func_bn_0x1000033e5,114795,False
func_bn_0x1000033e7,114936,True
func_bn_0x1000033eb,115897,True
func_bn_0x1000033ed,115605,False
func_bn_0x1000033ef,115596,False
func_bn_0x1000033f1,115054,True
func_bn_0x1000033f5,115670,True
func_bn_0x1000033f9,115485,True
func_bn_0x1000033fd,115278,True
func_bn_0x100003401,115604,False
func_bn_0x10000340b,115268,True
func_bn_0x10000340d,116601,True
func_bn_0x100003411,115952,False
func_bn_0x100003413,115012,False
func_bn_0x100003419,115211,True
func_bn_0x10000341b,116422,True
func_bn_0x10000341d,114931,False
func_bn_0x10000341f,115746,True
func_bn_0x100003421,114909,False
func_bn_0x100003425,114984,False
func_bn_0x100003427,115933,True
func_bn_0x10000342f,116176,True
func_bn_0x100003433,116157,False
func_bn_0x100003437,114988,False
func_bn_0x100003439,114951,False
func_bn_0x10000343b,115563,False
func_bn_0x10000343d,115757,False
func_bn_0x10000343f,115904,True
func_bn_0x100003441,114833,False
func_bn_0x100003445,115019,False
func_bn_0x10000344d,116054,False
func_bn_0x100003451,116194,False
func_bn_0x100003453,115255,True
func_bn_0x100003455,114834,True
func_bn_0x100003461,116375,False
func_bn_0x100003463,116636,True
func_bn_0x100003465,114862,True
func_bn_0x100003467,115761,True
func_bn_0x10000346f,116209,False
func_bn_0x100003473,116113,False
func_bn_0x10000347b,115953,True
func_bn_0x10000347d,115400,False
func_bn_0x10000347f,115291,False
func_bn_0x100003483,116649,True
func_bn_0x100003487,115731,False
func_bn_0x10000348f,115683,False
func_bn_0x100003495,115634,False
func_bn_0x100003499,115187,False
func_bn_0x10000349d,114908,False
func_bn_0x1000034a3,115713,True
func_bn_0x1000034a5,116518,False
func_bn_0x1000034a9,116691,False
func_bn_0x1000034ad,116448,True
func_bn_0x1000034b1,116606,False
func_bn_0x1000034b3,116075,False
func_bn_0x1000034b5,115942,True
func_bn_0x1000034bf,115136,False
func_bn_0x1000034c1,115550,True
func_bn_0x1000034c3,115073,True
func_bn_0x1000034c5,116375,True
func_bn_0x1000034cb,114854,False
func_bn_0x1000034cf,114894,True
func_bn_0x1000034d3,116744,True
func_bn_0x1000034d5,116493,True
func_bn_0x1000034db,114983,True
func_bn_0x1000034df,114947,True
func_bn_0x1000034e1,116394,False
func_bn_0x1000034e5,116114,False
func_bn_0x1000034e9,115924,False
func_bn_0x1000034ed,115213,False
func_bn_0x1000034ef,115124,True
func_bn_0x1000034f7,116128,True
func_bn_0x1000034fd,116052,False
func_bn_0x1000034ff,115010,False
func_bn_0x100003503,116364,False
func_bn_0x100003507,115769,False
func_bn_0x10000350b,114937,False
func_bn_0x10000350f,114968,False
func_bn_0x100003521,115505,True
func_bn_0x100003525,115411,False
func_bn_0x100003527,115557,True
func_bn_0x100003529,116229,True
func_bn_0x10000352d,114826,True
func_bn_0x10000352f,115001,False
func_bn_0x100003533,115289,False
func_bn_0x100003535,116577,False
func_bn_0x100003537,115438,True
func_bn_0x100003539,115343,False
func_bn_0x10000353d,116399,True
func_bn_0x10000353f,116064,True
func_bn_0x100003541,116251,True
func_bn_0x100003543,115267,True
func_bn_0x100003547,115294,True
func_bn_0x10000354d,116372,True
func_bn_0x100003553,115322,True
func_bn_0x100003555,114947,False
func_bn_0x100003557,115648,False
func_bn_0x10000355f,115138,False
func_bn_0x100003561,116044,True
func_bn_0x100003565,115274,False
func_bn_0x10000356b,116413,True
func_bn_0x10000356d,115154,False
func_bn_0x10000356f,116617,False
func_bn_0x100003579,116106,False
func_bn_0x10000357b,114931,True
func_bn_0x100003583,115245,False
func_bn_0x100003585,116478,True
func_bn_0x100003587,116034,False
func_bn_0x100003589,116657,False
func_bn_0x10000358d,115626,True
func_bn_0x100003593,115009,False
func_bn_0x100003599,115864,False
func_bn_0x10000359b,115451,False
func_bn_0x10000359d,116533,True
func_bn_0x1000035a1,116338,False
func_bn_0x1000035a5,115571,True
func_bn_0x1000035ab,115649,False
func_bn_0x1000035af,115229,True
func_bn_0x1000035b3,115739,False
func_bn_0x1000035b5,115436,False
func_bn_0x1000035bb,116201,False
func_bn_0x1000035bd,115761,True
func_bn_0x1000035bf,115841,True
func_bn_0x1000035c1,114954,True
func_bn_0x1000035c5,115490,False
func_bn_0x1000035c7,115587,False
func_bn_0x1000035cb,115175,False
func_bn_0x1000035cd,116666,True
func_bn_0x1000035cf,116564,False
func_bn_0x10000371b,114884,False
func_bn_0x100003727,115105,False
func_bn_0x10000372b,114958,False
func_bt_0x100002d3f,115095,True
func_bt_0x10000308e,115986,True
func_bt_0x100003090,115356,False
func_bt_0x100004d1b,114839,False
func_bt_0x100004d1f,115818,False
func_bt_0x100004d21,115040,True
func_bt_0x100004d23,115914,False
func_bt_0x100004d25,115611,False
func_bt_0x1000061e6,115137,False
func_bt_0x1000061f5,116577,True
func_bt_0x10000625c,115283,True
func_bt_0x100006272,115777,False
func_bt_0x100006a4f,116186,False
func_bt_0x100006a98,115771,False
func_bt_0x100008299,116670,False
func_bt_0x100008499,114850,False
func_bt_0x100009072,114941,False
func_bt_0x10000953b,114905,False
func_bt_0x100009547,116726,False
func_bt_0x100009549,115915,True
func_bt_0x10000954b,115625,True
func_bt_0x10000954d,115263,True
func_bt_0x100009559,114892,True
func_bt_0x10000955b,114835,False
func_bt_0x100009563,115234,False
func_bt_0x100009565,115311,False
func_bt_0x100009567,115940,True
func_bt_0x10000956b,116431,False
func_bt_0x10000956f,114888,False
func_bt_0x100009571,115663,True
func_bt_0x100009575,115507,False
func_bt_0x100009577,116601,False
func_bt_0x10000957b,115053,True
func_bt_0x10000957f,116602,False
func_bt_0x100009583,115730,True
func_bt_0x100009585,115309,True
func_bt_0x100009587,116000,True
func_bt_0x10000958d,115949,True
func_bt_0x100009594,115506,False
func_bt_0x1000097d4,116419,False
func_bt_0x100009825,116107,True
func_bt_0x100009878,116711,False
func_bt_0x10000987a,116230,False
func_bt_0x10000987c,115428,False
func_bt_0x10000987e,115658,True
func_bt_0x1000098ad,116467,True
func_bt_0x100009a39,116422,True
func_bt_0x100009a3f,116069,False
func_bt_0x100009a4d,114938,False
func_bt_0x100009a5d,114920,True
func_bt_0x100009a95,115537,False
func_bt_0x100009aac,115216,True
func_bt_0x10000af11,116098,True
func_bt_0x10000af23,115136,True
func_bt_0x10000b0da,114905,False
func_c_0x100000103,115132,True
func_c_0x100000107,116579,False
func_c_0x10000016c,115798,False
func_c_0x1000001df,116131,False
func_c_0x100000247,116371,True
func_c_0x100000250,116001,True
func_c_0x10000030a,115140,False
func_c_0x100000356,115934,True
func_c_0x100000434,116531,True
func_c_0x10000046c,115274,False
func_c_0x100000495,115343,True
func_c_0x100000499,115197,True
func_c_0x10000049f,116110,True
func_c_0x100000537,116015,True
func_c_0x100000540,115233,False
func_c_0x100000543,115968,True
func_c_0x10000054c,114923,True
func_c_0x10000055e,114874,True
func_c_0x1000005c0,116560,False
func_c_0x1000005cd,115423,True
func_c_0x1000005dc,115921,True
func_c_0x1000008ef,116118,False
func_c_0x10000094a,115672,False
func_c_0x1000009c1,114836,False
func_c_0x1000009d9,116163,True
func_c_0x10000282d,115674,True
func_c_0x1000028d6,115959,True
func_c_0x100002b87,115154,False
func_c_0x100002c9b,115187,True
func_c_0x100002cce,114852,False
func_c_0x100002dde,115953,True
func_c_0x10000320d,116338,True
func_c_0x100003792,115307,True
func_c_0x1000037d3,116228,True
func_c_0x100003874,115910,False
func_c_0x100003c4e,116444,False
func_c_0x100003c73,116508,False
func_c_0x10000413c,116243,True
func_c_0x100004179,116502,True
func_c_0x1000043e6,116629,True
func_c_0x1000043f6,115913,True
func_c_0x10000457d,115552,False
func_c_0x100004582,115068,True
func_c_0x10000458c,116090,True
func_c_0x100004629,115952,True
func_c_0x1000048aa,115738,False
func_c_0x100004975,116608,True
func_c_0x100004bd8,115824,True
func_c_0x100004eec,116170,True
func_c_0x100004f15,115829,False
func_c_0x100005065,115228,False
func_c_0x10000564a,116471,False
func_c_0x100005868,114997,False
func_c_0x1000062a0,114955,False
func_c_0x100006334,115284,True
func_c_0x100006340,115841,False
func_c_0x100006459,115407,True
func_c_0x100006493,115150,True
func_c_0x1000067e3,116317,False
func_c_0x1000067eb,116325,True
func_c_0x100006896,116110,True
func_c_0x100006cae,116686,True
func_c_0x100006e43,114993,False
func_c_0x100007173,115126,False
func_c_0x1000074fb,116120,True
func_c_0x1000078ab,115010,False
func_c_0x1000078d5,115079,True
func_c_0x100007915,115899,False
func_c_0x100007957,116582,True
func_c_0x10000797b,115856,True
func_c_0x100007988,114866,False
func_c_0x100007aa3,115269,False
func_c_0x100007ba8,115458,False
func_c_0x100007bb6,116350,False
func_c_0x100007bc2,115393,False
func_c_0x100007bed,114995,True
func_c_0x100007f81,116182,False
func_c_0x10000834e,116551,False
func_c_0x100008563,115611,True
func_c_0x100008848,114967,True
func_c_0x1000088d0,115235,False
func_c_0x1000088d5,115674,False
func_c_0x1000089a3,115076,False
func_c_0x100008cbb,115648,False
func_c_0x100008d02,115722,False
func_c_0x100008d14,115389,False
func_c_0x100008d97,115874,False
func_c_0x100008e38,116654,True
func_c_0x100008e55,116444,False
func_c_0x100008e8f,115105,False
func_c_0x100008ea7,116574,False
func_c_0x10000919f,116271,False
func_c_0x1000091bd,116668,True
func_c_0x100009223,115063,True
func_c_0x100009235,115182,True
func_c_0x100009366,114875,False
func_c_0x1000094d4,115035,False
func_c_0x100009613,115478,False
func_c_0x100009743,115455,True
func_c_0x100009901,114851,False
func_c_0x100009923,116358,True
func_c_0x100009a0c,115431,False
func_c_0x100009a19,116761,False
func_c_0x10000a14e,115101,True
func_c_0x10000a1bd,115612,True
func_c_0x10000a4dd,116285,True
func_c_0x10000aaff,116732,False
func_c_0x10000b158,114959,True
func_c_0x10000b497,115464,True
func_ce_0x10000020c,115968,True
func_ce_0x100002866,115237,False
func_ce_0x100002868,116334,True
func_ce_0x10000286a,115634,True
func_ce_0x10000288e,116261,True
func_ce_0x100002984,116485,False
func_ce_0x1000029bf,115276,False
func_ce_0x100002b53,115534,False
func_ce_0x100002fa7,115525,True
func_ce_0x100002fb4,116620,False
func_ce_0x100003ca4,114869,True
func_ce_0x100003ca6,116434,False
func_ce_0x100003ca8,115730,False
func_ce_0x100003cae,115872,True
func_ce_0x100003cb0,116009,True
func_ce_0x100003cb8,115108,True
func_ce_0x100003cbc,115635,False
func_ce_0x100004435,115634,True
func_ce_0x1000046ae,116002,True
func_ce_0x1000046b0,114948,False
func_ce_0x1000046b4,116626,False
func_ce_0x1000046d4,115301,True
func_ce_0x100004720,116310,True
func_ce_0x100004725,116074,False
func_ce_0x100004e20,116480,False
func_ce_0x100004e22,116541,False
func_ce_0x1000053f1,115411,False
func_ce_0x1000053f7,115388,True
func_ce_0x1000053fd,115886,False
func_ce_0x1000053ff,116413,True
func_ce_0x100005401,116184,False
func_ce_0x100005e4e,115993,False
func_ce_0x100005e50,115942,False
func_ce_0x100005e52,115792,True
func_ce_0x100005e54,115881,True
func_ce_0x100005f11,115911,False
func_ce_0x100005f6c,115786,False
func_ce_0x1000062aa,115800,False
func_ce_0x1000064b6,115397,True
func_ce_0x1000064b8,116152,False
func_ce_0x10000651c,116131,False
func_ce_0x10000651e,116039,True
func_ce_0x100006520,116352,True
func_ce_0x100007a3f,115006,True
func_ce_0x100007a45,116213,False
func_ce_0x100007a47,115920,True
func_ce_0x100007a4d,116360,False
func_ce_0x100007a55,115171,True
func_ce_0x100007a59,116188,False
func_ce_0x100007a5b,115451,False
func_ce_0x100007a63,114927,True
func_ce_0x100007a6f,115541,False
func_ce_0x100007a73,115269,False
func_ce_0x100007c7b,116042,False
func_ce_0x100007c7d,115535,True
func_ce_0x100008187,115361,True
func_ce_0x1000081d7,115516,True
func_ce_0x100008a8c,115361,False
func_ce_0x100008a8e,116149,False
func_ce_0x100008b59,116300,True
func_ce_0x100008c24,115063,True
func_ce_0x100008c28,114792,True
func_ce_0x100008c2a,116363,True
func_ce_0x100008c30,114763,False
func_ce_0x100008d60,115673,False
func_ce_0x100008d66,115649,False
func_ce_0x100008d69,115286,True
func_ce_0x100009798,115001,False
func_ce_0x100009956,116602,False
func_ce_0x10000995c,116088,True
func_ce_0x10000995e,116328,True
func_ce_0x100009960,115316,False
func_ce_0x100009962,116739,False
func_ce_0x100009bb2,115927,False
func_ce_0x100009ddf,115353,True
func_ce_0x100009de1,116677,False
func_ce_0x100009deb,116738,True
func_ce_0x100009df8,115051,True
func_ce_0x10000a50b,114906,False
func_ce_0x10000a50d,115226,True
func_ce_0x10000a53d,116556,False
func_ce_0x10000a54e,115565,False
func_ce_0x10000a561,115495,False
func_ce_0x10000a569,115379,False
func_ce_0x10000a56e,115412,True
func_ce_0x10000a59a,115347,True
func_ce_0x10000a690,115388,True
func_ce_0x10000a807,116190,True
func_ce_0x10000a9e6,116694,True
func_ce_0x10000a9ed,115528,False
func_ce_0x10000aa18,115674,False
func_ce_0x10000b60e,116051,False
func_ce_0x10000b611,115019,True
func_ce_0x10000b65f,115648,False
func_ce_0x10000b667,115111,True
func_ce_0x10000b713,116741,True
func_ce_0x10000b72a,116074,True
func_ce_0x10000b72e,116245,True
func_ci_0x10000b412,116021,False
func_ci_0x10000b416,115844,True
func_ci_0x10000b418,115986,False
func_co_0x100007738,114872,True
func_co_0x10000773f,115154,True
func_cr_0x100003f74,116265,True
func_cr_0x100003f7e,115566,False
func_cr_0x100003f84,115941,True
func_cr_0x100003fa2,115004,False
func_cr_0x100007392,115587,True
func_ct_0x1000061f9,115152,False
func_ct_0x100006278,114824,False
func_ct_0x10000627e,115423,False
func_ct_0x100006286,115009,False
func_ct_0x10000628b,115257,False
func_ct_0x10000628f,115561,False
func_ct_0x100006a97,115582,False
func_ct_0x100008030,116293,False
func_ct_0x10000827c,115976,True
func_ct_0x10000848f,116438,False
func_ct_0x100008491,115439,False
func_ct_0x100008495,116549,True
func_ct_0x100008655,114829,True
func_ct_0x10000869c,114820,False
func_ct_0x100008f05,115317,False
func_ct_0x100009062,116659,True
func_ct_0x100009066,116068,False
func_ct_0x100009068,115905,True
func_ct_0x100009070,115417,True
func_ct_0x100009076,115591,True
func_ct_0x10000907a,115730,True
func_ct_0x10000907e,116250,True
func_ct_0x100009080,114882,False
func_ct_0x100009a2f,115648,True
func_ct_0x100009a92,116098,True
func_ct_0x100009a94,116022,True
func_ct_0x100009a98,115609,False
func_ct_0x100009a9a,116573,False
func_ct_0x100009a9c,115881,True
func_ct_0x100009aa8,116507,False
func_ct_0x100009aae,114818,True
func_ct_0x100009ab0,116014,False
func_ct_0x100009ab2,115925,False
func_ct_0x10000add8,115845,False
func_ct_0x10000adda,116425,True
func_ct_0x10000adde,116648,False
func_ct_0x10000ade0,115519,True
func_ct_0x10000ade2,115480,True
func_ct_0x10000ade4,114813,True
func_ct_0x10000ade8,115313,False
func_ct_0x10000adec,116681,True
func_ct_0x10000adee,116760,False
func_ct_0x10000adf4,116084,True
func_ct_0x10000adf6,115466,True
func_ct_0x10000adf8,115327,False
func_ct_0x10000ae02,116251,False
func_ct_0x10000ae10,116258,True
func_ct_0x10000ae1e,116257,True
func_ct_0x10000ae26,114773,False
func_ct_0x10000af6d,116492,True
func_ct_0x10000b0d7,115334,False
func_ct_0x10000b2d6,115804,False
func_ct_0x10000b2d8,115141,False
func_ct_0x10000b2da,115347,True
func_ct_0x10000b2de,115191,True
func_cu_0x1000073f9,115723,True
func_de_0x1000027c0,115595,False
func_de_0x1000027c2,115944,True
func_de_0x1000027c7,115862,True
func_de_0x1000027e1,115539,True
func_de_0x1000027f0,115836,True
func_de_0x1000027f2,114876,True
func_de_0x1000027f4,115868,True
func_de_0x100002fd6,115301,False
func_de_0x100003760,115922,False
func_de_0x100003764,115094,False
func_de_0x1000046bb,114841,True
func_de_0x100004792,115682,True
func_de_0x10000486c,115323,False
func_de_0x100004872,115738,False
func_de_0x100004882,115957,False
func_de_0x100004a1a,115212,False
func_de_0x100004aef,115618,True
func_de_0x100004dfa,116676,False
func_de_0x100004e00,116699,False
func_de_0x100005921,115018,False
func_de_0x10000593c,114921,False
func_de_0x100005f91,116169,True
func_de_0x1000064bf,115555,True
func_de_0x1000064c6,115566,False
func_de_0x1000069ad,116230,True
func_de_0x1000069de,115113,False
func_de_0x1000069e2,114944,True
func_de_0x1000069e4,115406,False
func_de_0x1000069e6,115744,False
func_de_0x10000700d,116085,True
func_de_0x100007016,115448,True
func_de_0x10000702e,115380,False
func_de_0x100007030,116312,False
func_de_0x100007032,115254,True
func_de_0x100007034,116293,True
func_de_0x100007c8b,115083,True
func_de_0x100008a11,116301,False
func_de_0x100008d91,114872,True
func_de_0x100008fad,115152,False
func_de_0x100008fb5,114961,True
func_de_0x100008fbb,114906,False
func_de_0x10000933e,115450,True
func_de_0x100009340,115804,True
func_de_0x10000941c,116569,True
func_de_0x10000977a,115460,False
func_de_0x100009785,114892,True
func_de_0x100009bb6,115764,True
func_de_0x100009dfb,116678,False
func_de_0x100009e16,116593,False
func_de_0x100009e40,115910,False
func_de_0x10000a49c,116632,False
func_de_0x10000a8e8,114818,False
func_de_0x10000a97d,116604,False
func_de_0x10000b6a7,116239,False
func_de_0x10000b6ad,115765,True
func_de_0x10000b6cd,116315,False
func_de_0x10000b6d0,116631,True
func_de_0x10000b915,115459,True
func_de_0x10000b917,115957,True
func_de_0x10000b919,115851,True
func_di_0x10000b46f,115167,False
func_dn_0x100003d2f,115690,True
func_dn_0x100003d51,116086,True
func_dn_0x100003d5d,114847,True
func_dn_0x100003d63,115707,False
func_dn_0x100003d67,116609,True
func_dn_0x100006f6d,115489,True
func_dn_0x100006f8e,115249,False
func_dn_0x100006f92,116751,False
func_dn_0x100006f9e,116648,True
func_dn_0x100006fa0,116107,False
func_dn_0x100006fa4,114814,True
func_dn_0x100006fa8,116259,True
func_dn_0x100006faa,116317,True
func_dn_0x100006fb0,115682,True
func_dn_0x10000a957,115629,True
func_dn_0x10000abee,115906,True
func_dn_0x10000abf9,115666,False
func_dn_0x10000abff,116386,True
func_dn_0x10000ac14,115880,False
func_dn_0x10000ac18,116130,True
func_dr_0x1000075e6,116223,True
func_dr_0x1000075e8,115050,False
func_dr_0x1000076b4,114814,False
func_dr_0x1000076de,114894,True
func_dr_0x1000076f7,114943,False
func_dr_0x10000775c,116569,True
func_dr_0x100007783,115276,True
func_dt_0x10000306b,115655,True
func_dt_0x10000314a,115127,False
func_dt_0x100003175,116679,False
func_dt_0x100004235,116557,False
func_dt_0x100004848,115940,True
func_dt_0x10000484a,116382,False
func_dt_0x100004854,114993,False
func_dt_0x100004c80,115429,False
func_dt_0x100004c82,116648,True
func_dt_0x100004dc9,115437,True
func_dt_0x100004df3,114857,True
func_dt_0x10000508c,115422,True
func_dt_0x100005197,115373,False
func_dt_0x100005a2e,114784,True
func_dt_0x100005a30,115597,True
func_dt_0x100005bce,116406,True
func_dt_0x100005bd0,116460,True
func_dt_0x1000067f2,116533,True
func_dt_0x10000681c,116144,True
func_dt_0x1000069ce,115800,False
func_dt_0x1000069d3,115193,True
func_dt_0x10000a1ff,116225,True
func_dt_0x10000ac99,116313,False
func_dt_0x10000b28f,114852,False
func_dt_0x10000b293,115317,False
func_dt_0x10000b2f1,116035,True
func_dt_0x10000b892,115026,True
func_du_0x100003ffc,116130,False
func_e_0x10000039a,116708,False
func_e_0x1000003e4,115155,False
func_e_0x100000416,115135,False
func_e_0x100000449,116565,True
func_e_0x10000047e,115769,True
func_e_0x1000005a6,115098,True
func_e_0x1000008f2,115026,False
func_e_0x1000008fc,114908,True
func_e_0x10000090e,116602,False
func_e_0x10000091a,116617,False
func_e_0x100000936,115447,False
func_e_0x10000093d,115282,True
func_e_0x100000945,115080,False
func_e_0x100000963,115732,True
func_e_0x1000009d5,116531,False
func_e_0x100002751,115958,False
func_e_0x100002b57,115929,False
func_e_0x100002b61,115295,True
func_e_0x10000305e,115514,False
func_e_0x100003066,116354,False
func_e_0x100003068,115890,True
func_e_0x100003072,116141,True
func_e_0x1000030a0,115448,True
func_e_0x10000318c,116728,True
func_e_0x100003194,116092,False
func_e_0x1000031a1,116429,True
func_e_0x1000031a4,116670,True
func_e_0x1000031af,115935,True
func_e_0x1000031c1,116304,False
func_e_0x1000037ac,114790,True
func_e_0x1000037e8,116178,True
func_e_0x1000044d3,114920,True
func_e_0x10000467b,115555,True
func_e_0x100004a80,115764,True
func_e_0x100004aaa,116395,False
func_e_0x100004d14,116085,False
func_e_0x100005181,115104,True
func_e_0x100005c2a,116193,False
func_e_0x100006fc0,114970,False
func_e_0x10000874a,115033,True
func_e_0x10000879a,116040,False
func_e_0x1000087ad,115970,True
func_e_0x1000087b1,115720,False
func_e_0x1000087d1,116312,False
func_e_0x1000087e1,116470,True
func_e_0x100008de8,116316,False
func_e_0x100008ded,115180,False
func_e_0x100008e42,115735,True
func_e_0x100008e5f,116697,True
func_e_0x1000090b4,115293,True
func_e_0x1000090b8,116293,True
func_e_0x100009354,115284,False
func_e_0x1000095a7,116206,False
func_e_0x1000095bf,114876,True
func_e_0x10000971b,116483,True
func_e_0x100009914,115410,True
func_e_0x10000a200,116486,False
func_e_0x10000a202,115568,False
func_e_0x10000a8ee,116549,True
func_e_0x10000a8f0,115731,True
func_e_0x10000a8fe,114857,True
func_e_0x10000a904,116432,False
func_e_0x10000a90a,116230,True
func_e_0x10000a912,115537,False
func_e_0x10000a916,116722,True
func_e_0x10000a918,115598,True
func_e_0x10000aefb,115692,True
func_e_0x10000af2f,114852,False
func_e_0x10000af33,115015,False
func_e_0x10000af37,114945,True
func_e_0x10000af3d,115899,False
func_e_0x10000af3f,114951,False
func_e_0x10000af41,115976,False
func_e_0x10000af43,116214,False
func_e_0x10000b8d3,115381,False
func_e_0x10000b969,115404,True
func_ea_0x10000336b,116263,True
func_ee_0x10000279b,116398,True
func_ee_0x1000027a4,115402,True
func_ee_0x1000027ad,116260,False
func_ee_0x1000027c4,114956,True
func_ee_0x100002927,115075,False
func_ee_0x100002b1b,116165,False
func_ee_0x100002b3e,115740,False
func_ee_0x100002e5e,116297,True
func_ee_0x100002e60,116611,False
func_ee_0x100002e89,116642,True
func_ee_0x100002f80,116417,True
func_ee_0x100002f82,116243,False
func_ee_0x100002fba,114776,True
func_ee_0x100002fbe,115850,False
func_ee_0x100002fc0,115094,False
func_ee_0x100002fcd,116109,False
func_ee_0x100002fcf,114931,True
func_ee_0x10000301c,116515,False
func_ee_0x100003022,116345,True
func_ee_0x10000383c,115105,False
func_ee_0x100003ca3,115164,False
func_ee_0x100003eeb,116405,False
func_ee_0x100003eed,116197,True
func_ee_0x100003f09,115068,True
func_ee_0x10000410f,116008,True
func_ee_0x100004111,115653,False
func_ee_0x100004117,115651,True
func_ee_0x10000411b,116003,False
func_ee_0x10000411d,116214,False
func_ee_0x10000411f,115916,True
func_ee_0x100004121,115542,False
func_ee_0x100004123,115841,False
func_ee_0x100004125,114876,True
func_ee_0x100004127,116122,False
func_ee_0x10000412b,114983,True
func_ee_0x10000412d,116249,True
func_ee_0x10000412f,116551,False
func_ee_0x100004131,114988,True
func_ee_0x100004803,115725,False
func_ee_0x100004bbc,116689,False
func_ee_0x100004bc9,114803,False
func_ee_0x100004e5d,115887,True
func_ee_0x100005217,116453,True
func_ee_0x100005a7a,115100,False
func_ee_0x100005f0a,116310,True
func_ee_0x100005f47,116668,False
func_ee_0x100005f4b,116059,True
func_ee_0x100005f56,115434,False
func_ee_0x1000062b8,115903,True
func_ee_0x100006350,115884,False
func_ee_0x10000640d,115548,True
func_ee_0x1000067be,115405,False
func_ee_0x100007207,114955,True
func_ee_0x1000081a7,116397,False
func_ee_0x1000085f0,115732,True
func_ee_0x1000085f2,115085,False
func_ee_0x100008897,114959,False
func_ee_0x100008b8a,114764,False
func_ee_0x100009764,115704,True
func_ee_0x100009790,115603,True
func_ee_0x100009b5b,115898,True
func_ee_0x100009b5d,116510,True
func_ee_0x100009b90,115636,False
func_ee_0x100009b99,115377,True
func_ee_0x100009f73,116501,False
func_ee_0x100009f75,116531,False
func_ee_0x10000a47d,116186,False
func_ee_0x10000a485,116597,True
func_ee_0x10000a487,115656,False
func_ee_0x10000a489,115384,False
func_ee_0x10000a4a8,115921,False
func_ee_0x10000a6f0,115381,False
func_ee_0x10000a6f8,115576,False
func_ee_0x10000a6fc,115188,False
func_ee_0x10000a6fe,115513,True
func_ee_0x10000acb2,114867,True
func_ee_0x10000afcd,116255,True
func_ee_0x10000b051,116725,False
func_ee_0x10000b057,115104,True
func_ee_0x10000b05b,116330,False
func_ee_0x10000b71b,115393,True
func_ei_0x100005592,116517,True
func_ei_0x10000570a,115691,True
func_ei_0x10000607a,116034,True
func_ei_0x10000a93a,114972,True
func_ei_0x10000a93e,116646,True
func_ei_0x10000a946,114936,True
func_ei_0x10000ac09,116564,False
func_ei_0x10000ac0f,116735,False
func_en_0x10000a0a9,116661,False
func_en_0x10000a0b3,115458,True
func_en_0x10000a0bd,116554,False
func_en_0x10000a0c7,116326,True
func_en_0x10000a336,115444,False
func_en_0x10000a37c,116679,False
func_en_0x10000a386,116116,True
func_en_0x10000b402,114915,True
func_en_0x10000b404,116326,True
func_en_0x10000b406,116599,True
func_en_0x10000b408,116347,False
func_en_0x10000b435,115267,False
func_en_0x10000b447,116086,False
func_en_0x10000b459,116748,False
func_er_0x100003703,114838,False
func_er_0x100003706,116103,False
func_er_0x10000370a,116516,False
func_er_0x10000370c,115611,True
func_et_0x100002fe5,116154,True
func_et_0x100002fe9,114880,True
func_et_0x10000310e,115011,True
func_et_0x10000315d,116036,True
func_et_0x10000315f,116335,True
func_et_0x10000424d,115953,True
func_et_0x10000425c,115509,True
func_et_0x10000425e,116433,True
func_et_0x100004bec,115414,True
func_et_0x100004dec,116252,True
func_et_0x1000050b9,116357,True
func_et_0x1000050bf,115635,True
func_et_0x100005929,115583,False
func_et_0x100005a14,116108,False
func_et_0x100005a75,116699,False
func_et_0x100005e5e,116261,False
func_et_0x100005e60,116402,True
func_et_0x100005e62,115191,False
func_et_0x100005e6a,116589,True
func_et_0x1000065f6,115413,False
func_et_0x1000065f8,116128,True
func_et_0x100006604,115340,False
func_et_0x100006608,115972,True
func_et_0x10000660c,115308,False
func_et_0x100006610,116604,False
func_et_0x100006f2b,115820,True
func_et_0x100007a69,114983,False
func_et_0x10000902b,115743,True
func_et_0x10000902d,115421,False
func_et_0x10000902f,116483,False
func_et_0x100009031,115887,False
func_et_0x10000903b,116595,False
func_et_0x100009043,115165,False
func_et_0x100009045,116153,False
func_et_0x100009047,115934,True
func_et_0x10000904b,115583,True
func_et_0x100009057,115344,True
func_et_0x10000942a,115883,True
func_et_0x10000944d,116211,False
func_et_0x100009457,115235,True
func_et_0x1000099a6,115053,True
func_et_0x1000099b0,116136,False
func_et_0x100009e29,116068,False
func_et_0x10000a85c,116555,False
func_et_0x10000a975,116076,True
func_et_0x10000aabe,115479,True
func_et_0x10000b037,115156,True
func_et_0x10000b516,116678,False
func_et_0x10000b51c,115415,True
func_et_0x10000b6d9,115984,True
func_et_0x10000b854,116502,False
func_et_0x10000b872,115899,True
func_et_0x10000b888,115354,False
func_et_0x10000b890,116552,True
func_et_0x10000b8df,115518,True
func_f_0x100000049,115682,False
func_f_0x10000011d,115373,False
func_f_0x10000015b,114810,False
func_f_0x1000001bf,116329,False
func_f_0x10000023c,116549,False
func_f_0x10000025a,115444,True
func_f_0x100000283,116454,False
func_f_0x100000330,115740,True
func_f_0x10000033f,115125,False
func_f_0x1000003a5,115422,True
func_f_0x100000403,116447,True
func_f_0x10000094d,115790,False
func_f_0x100002858,115823,True
func_f_0x100002a0f,115342,False
func_f_0x100002b88,115063,False
func_f_0x100002bb3,115737,True
func_f_0x100002be5,115055,True
func_f_0x100002bf7,116151,False
func_f_0x100002c83,115575,True
func_f_0x100002ca8,115643,True
func_f_0x100002cd1,115553,True
func_f_0x100002d17,116075,True
func_f_0x100002dce,115747,False
func_f_0x100002ddf,115086,False
func_f_0x100002e17,115304,True
func_f_0x100002e42,115344,False
func_f_0x100002e44,115745,True
func_f_0x100002f37,115912,True
func_f_0x100002f3a,115205,False
func_f_0x1000031e5,116014,True
func_f_0x100003c5d,116561,False
func_f_0x100003c64,115301,False
func_f_0x100003cf0,116324,True
func_f_0x100003cf2,116685,False
func_f_0x100004148,114860,False
func_f_0x10000414a,115586,False
func_f_0x10000414d,116354,True
func_f_0x1000041e2,115234,True
func_f_0x1000042ba,116627,False
func_f_0x10000437d,114905,True
func_f_0x10000437f,115339,True
func_f_0x100004385,114802,False
func_f_0x10000439e,115076,True
func_f_0x100004494,116453,True
func_f_0x100004563,115257,True
func_f_0x1000045bf,116191,True
func_f_0x1000045f6,115714,True
func_f_0x1000045ff,114935,False
func_f_0x100004640,115399,False
func_f_0x10000465b,115794,True
func_f_0x1000047c3,115134,False
func_f_0x100004893,114998,False
func_f_0x100004a7d,115041,True
func_f_0x100004aa7,115888,True
func_f_0x100004ce0,116252,False
func_f_0x100004f6a,115946,False
func_f_0x100005045,115364,False
func_f_0x100005074,116334,False
func_f_0x100005155,115180,True
func_f_0x1000057f6,115574,False
func_f_0x10000583a,114987,True
func_f_0x100005840,115205,True
func_f_0x100005846,116567,True
func_f_0x1000058a1,116291,False
func_f_0x1000058c6,115851,False
func_f_0x1000058ca,115920,True
func_f_0x10000596d,114770,True
func_f_0x10000610a,116027,True
func_f_0x1000062a3,115425,True
func_f_0x1000062f2,115203,True
func_f_0x1000062fa,115748,True
func_f_0x10000630f,115016,False
func_f_0x100006364,115269,True
func_f_0x10000645b,115878,True
func_f_0x100006658,114841,False
func_f_0x10000688f,115692,False
func_f_0x100006b9e,116153,False
func_f_0x100006c5c,115640,False
func_f_0x100006c6e,116103,False
func_f_0x100006ccb,115166,True
func_f_0x100006d24,114998,True
func_f_0x100006d7a,116351,True
func_f_0x100006d7c,116549,False
func_f_0x100007178,115945,True
func_f_0x1000074c9,116685,False
func_f_0x1000074d1,115361,True
func_f_0x1000078d0,116597,True
func_f_0x100007948,116644,False
func_f_0x100007989,115109,True
func_f_0x100007bc5,116012,True
func_f_0x100007bf2,116398,True
func_f_0x100007bf5,115758,False
func_f_0x100007f7b,115991,True
func_f_0x1000080e2,115455,False
func_f_0x10000839b,115398,True
func_f_0x1000086d9,115946,False
func_f_0x100008784,116467,True
func_f_0x10000881f,116490,True
func_f_0x100008990,115813,True
func_f_0x100008993,115549,False
func_f_0x100008b51,114846,False
func_f_0x100008bae,116177,True
func_f_0x100008c4a,115613,False
func_f_0x100008c9d,116754,False
func_f_0x100008cc1,116219,False
func_f_0x100008d27,114768,True
func_f_0x100008d9f,116287,True
func_f_0x100008ea8,115015,False
func_f_0x1000090f6,114980,True
func_f_0x1000090fd,115577,True
func_f_0x10000920b,115852,True
func_f_0x10000923e,116735,True
func_f_0x10000928e,116139,False
func_f_0x1000092a8,116146,False
func_f_0x1000092e4,115085,True
func_f_0x1000094d1,115099,True
func_f_0x10000975b,115498,True
func_f_0x100009924,115949,False
func_f_0x100009b29,116547,True
func_f_0x100009d74,116590,False
func_f_0x100009d8d,115035,False
func_f_0x100009db8,116222,False
func_f_0x100009f56,116428,True
func_f_0x10000a14b,116730,True
func_f_0x10000a172,116580,True
func_f_0x10000aa6b,115418,True
func_f_0x10000aa70,116012,False
func_f_0x10000aae9,115951,True
func_f_0x10000aaed,116551,True
func_f_0x10000aaef,116507,False
func_f_0x10000ac6e,114842,True
func_f_0x10000ad2a,115491,False
func_f_0x10000b74b,116221,True
func_f_0x10000b74e,115250,False
func_f_0x10000b929,115240,True
func_fa_0x100007351,114957,False
func_fa_0x10000736f,115577,True
func_fa_0x100007373,116599,False
func_fe_0x1000028ab,116055,True
func_fe_0x1000029cc,115674,False
func_fe_0x100002fab,116186,True
func_fe_0x10000418e,116182,True
func_fe_0x1000046eb,116575,False
func_fe_0x100004788,115892,False
func_fe_0x10000478a,114911,False
func_fe_0x100004790,114908,True
func_fe_0x100004794,115024,True
func_fe_0x1000047b4,116052,True
func_fe_0x1000047be,116261,False
func_fe_0x1000047eb,115858,False
func_fe_0x100004859,115354,False
func_fe_0x100004a18,116737,True
func_fe_0x100004b11,115666,False
func_fe_0x100004b15,116159,True
func_fe_0x100004e1b,115186,False
func_fe_0x100005246,116340,True
func_fe_0x100005423,116272,False
func_fe_0x100005906,115664,True
func_fe_0x100005917,115121,False
func_fe_0x10000594a,115346,True
func_fe_0x100005f81,115256,False
func_fe_0x100005f85,116014,False
func_fe_0x100005f8b,115147,False
func_fe_0x1000064ca,115219,False
func_fe_0x1000069bb,115500,True
func_fe_0x1000069dc,115428,True
func_fe_0x100007026,115570,True
func_fe_0x10000702c,116010,True
func_fe_0x100008a06,115416,False
func_fe_0x100008a09,116747,True
func_fe_0x100008d61,115494,False
func_fe_0x100008d73,114885,True
func_fe_0x100008d93,116649,False
func_fe_0x100008fd1,115321,False
func_fe_0x100009783,116146,True
func_fe_0x10000994e,114972,True
func_fe_0x100009b86,116690,True
func_fe_0x10000a472,115389,False
func_fe_0x10000a496,115295,False
func_fe_0x10000a498,116326,False
func_fe_0x10000a49a,115832,False
func_fe_0x10000a685,116257,True
func_fe_0x10000a6a2,115690,True
func_fe_0x10000a789,116664,True
func_fe_0x10000a8da,116725,True
func_fe_0x10000a8e0,115408,True
func_fe_0x10000a8eb,115950,True
func_fe_0x10000a983,115363,False
func_fe_0x10000aa8b,116191,True
func_fe_0x10000b01e,114987,False
func_fe_0x10000b6d2,115896,False
func_fe_0x10000b6d4,116251,True
func_fe_0x10000b6d6,116269,False
func_fe_0x10000b714,116322,False
func_fe_0x10000b718,115649,False
func_fe_0x10000b71e,116054,False
func_fe_0x10000b8e6,114864,True
func_fe_0x10000b8ef,115137,False
func_fe_0x10000b91b,116237,True
func_fr_0x100002d2e,115509,True
func_fr_0x100002d47,115431,False
func_fr_0x100002d49,116562,True
func_fr_0x10000800a,115621,True
func_fr_0x10000801a,115496,False
func_fr_0x10000801c,114997,True
func_fr_0x10000801e,115847,True
func_fr_0x10000959c,115951,False
func_fr_0x10000983a,115097,False
func_fr_0x10000ae37,116584,True
func_fr_0x10000ae3d,116317,True
func_fr_0x10000ae41,116386,False
func_fr_0x10000ae45,116689,False
func_fr_0x10000ae47,116470,True
func_fr_0x10000ae49,116218,False
func_fr_0x10000ae4d,115047,False
func_fr_0x10000ae4f,116756,True
func_fr_0x10000ae51,115721,False
func_fr_0x10000ae53,116257,True
func_fr_0x10000b1ef,115703,True
func_fr_0x10000b2eb,115049,True
func_fr_0x10000b2ed,116655,True
func_ft_0x1000075ea,116444,True
func_ft_0x1000075f0,115378,True
func_ft_0x1000075f2,115701,False
func_ft_0x1000075f4,115729,False
func_ft_0x1000075fa,115761,False
func_ft_0x10000761a,116217,True
func_ft_0x100007620,116377,True
func_ft_0x100007622,116588,True
func_ft_0x100007628,115712,True
func_ft_0x10000762a,115543,True
func_ft_0x100007638,114823,False
func_ft_0x100007674,116634,True
func_ft_0x100007678,115092,False
func_ft_0x100007684,115331,True
func_ft_0x10000768a,115548,False
func_ft_0x100007693,115141,False
func_ft_0x100007696,115537,False
func_ft_0x100007699,115981,True
func_ft_0x10000769c,115353,True
func_ft_0x1000076a2,116198,True
func_ft_0x1000076a6,115216,False
func_ft_0x1000076cc,116201,True
func_ft_0x1000076ee,116718,False
func_ft_0x1000076f3,116371,False
func_ft_0x100007701,115352,True
func_ft_0x10000770d,115847,True
func_ft_0x100007717,116624,False
func_ft_0x100007728,115092,True
func_ft_0x100007733,115440,False
func_ft_0x100007735,116584,True
func_ft_0x10000773c,115908,False
func_ft_0x100007742,115290,False
func_ft_0x10000777d,115659,False
func_ft_0x100007781,116484,False
func_ft_0x100007795,115334,True
func_ft_0x10000779e,115991,False
func_ft_0x1000077a2,116024,True
func_ft_0x1000077a7,116722,True
func_ft_0x1000077dd,116694,True
func_ft_0x1000077ec,115146,False
func_ft_0x1000077f2,115544,False
func_ft_0x1000077f7,115379,False
func_ft_0x1000077fb,115859,False
func_ft_0x1000077ff,115817,False
func_ft_0x10000780a,115280,False
func_ft_0x100007810,116171,True
func_ft_0x10000782e,114784,False
func_ft_0x10000783a,115302,False
func_ft_0x100007846,115402,True
func_ft_0x10000784b,115111,True
func_ft_0x100007851,114823,True
func_ft_0x10000785d,116202,True
func_ft_0x100007861,115189,False
func_ft_0x100007864,115566,False
func_g0_0x100003339,114765,False
func_g0_0x10000333d,115539,False
func_g0_0x10000333f,116612,False
func_g0_0x100003341,114766,False
func_g0_0x100003347,116574,False
func_g_0x10000015c,115617,True
func_g_0x100000160,116386,False
func_g_0x1000001dc,115225,True
func_g_0x10000028d,115877,True
func_g_0x10000028f,115437,True
func_g_0x1000002fd,115980,True
func_g_0x1000002ff,116665,False
func_g_0x100000305,116258,False
func_g_0x1000005e0,115301,False
func_g_0x1000028f6,115620,False
func_g_0x100002b6d,114777,True
func_g_0x100002bc6,116164,False
func_g_0x100002bcd,115031,False
func_g_0x100002c48,116021,False
func_g_0x100002cff,115357,True
func_g_0x100002e4e,116365,True
func_g_0x100002f4e,115697,True
func_g_0x100003c91,116443,True
func_g_0x100003c97,115955,False
func_g_0x100003c9b,116573,False
func_g_0x10000448c,116235,True
func_g_0x1000044b1,115069,False
func_g_0x1000044b7,115052,True
func_g_0x1000044bb,115652,True
func_g_0x100004565,115174,True
func_g_0x1000045d4,116145,False
func_g_0x1000046f6,115288,True
func_g_0x100004ee3,115639,True
func_g_0x100004fe0,116342,True
func_g_0x100004fed,116226,True
func_g_0x10000502c,116698,True
func_g_0x100005859,116255,True
func_g_0x1000058b0,116455,True
func_g_0x100005982,114947,True
func_g_0x100005edb,116488,False
func_g_0x100006308,115046,False
func_g_0x100006467,115189,False
func_g_0x10000689f,115442,True
func_g_0x100006906,115563,False
func_g_0x100006c38,115000,True
func_g_0x100006cf1,116368,False
func_g_0x100006d95,115950,True
func_g_0x100006deb,116711,False
func_g_0x100006df9,115895,True
func_g_0x100006e50,115932,True
func_g_0x100006f55,115668,True
func_g_0x1000078d2,116248,False
func_g_0x100007965,116657,True
func_g_0x100007a09,116355,True
func_g_0x100007b31,115996,False
func_g_0x100007b35,115729,False
func_g_0x100007b3e,116725,False
func_g_0x100007b92,116644,False
func_g_0x100007bee,116208,False
func_g_0x1000080f1,116581,False
func_g_0x1000082b2,115782,False
func_g_0x10000842f,115564,True
func_g_0x100008432,115420,False
func_g_0x100008537,115140,True
func_g_0x1000086e3,114898,False
func_g_0x100008762,115650,False
func_g_0x10000880c,115331,True
func_g_0x10000880e,116270,True
func_g_0x100008812,115850,False
func_g_0x100008a36,115849,False
func_g_0x100008ad8,115909,True
func_g_0x100008b56,115269,False
func_g_0x100008bbc,115822,True
func_g_0x100008c5f,116706,False
func_g_0x100008cfb,115486,False
func_g_0x100008d15,115590,True
func_g_0x100008d28,115002,False
func_g_0x100008d4e,115658,False
func_g_0x100008e1b,115042,False
func_g_0x100008fec,115724,True
func_g_0x100008fee,116492,False
func_g_0x100008ff0,116461,True
func_g_0x100008ff4,116298,True
func_g_0x1000090c7,116315,False
func_g_0x1000090c9,116104,False
func_g_0x1000090e9,116078,True
func_g_0x100009194,114791,True
func_g_0x10000921b,115557,False
func_g_0x100009399,114859,True
func_g_0x1000093b3,116301,True
func_g_0x100009a0f,116602,True
func_g_0x100009b4f,115170,False
func_g_0x100009d67,116627,False
func_g_0x100009f59,115369,False
func_g_0x10000a15c,114951,False
func_g_0x10000a4ce,115810,True
func_g_0x10000a72f,116484,True
func_g_0x10000a98b,115525,False
func_g_0x10000aa25,116063,False
func_g_0x10000aa58,115591,False
func_g_0x10000aa76,115577,True
func_g_0x10000ac66,115910,True
func_g_0x10000ad55,116579,True
func_g_0x10000b7e0,116568,True
func_g_0x10000b92f,116596,False
func_ga_0x100007341,116510,True
func_ge_0x1000027d2,116306,False
func_ge_0x1000027d4,115196,False
func_ge_0x1000027d6,115292,False
func_ge_0x1000027d8,114832,True
func_ge_0x100003105,114882,True
func_ge_0x100003107,115151,True
func_ge_0x100003139,115916,False
func_ge_0x100004ac0,115146,True
func_ge_0x100004acc,115495,False
func_ge_0x100004ad3,115311,True
func_ge_0x100004ad5,115442,False
func_ge_0x100004adb,115454,True
func_ge_0x100004af3,115996,False
func_ge_0x100004b0c,116655,True
func_ge_0x100004c4d,116200,True
func_ge_0x100004c8c,114996,True
func_ge_0x100004d11,116520,False
func_ge_0x100004db6,116289,False
func_ge_0x100004ddf,116255,False
func_ge_0x100005098,115739,True
func_ge_0x100005933,115408,True
func_ge_0x100006503,114910,True
func_ge_0x100006505,115245,True
func_ge_0x100006507,115621,True
func_ge_0x100006509,115576,True
func_ge_0x100006915,115688,True
func_ge_0x100006ea5,114787,True
func_ge_0x100006f23,114761,True
func_ge_0x100006f25,115966,True
func_ge_0x100007c3b,116482,False
func_ge_0x100007c3d,116757,False
func_ge_0x100007c47,115235,False
func_ge_0x100007c60,114934,True
func_ge_0x1000085d2,116296,False
func_ge_0x1000085d8,115204,True
func_ge_0x1000085da,116311,True
func_ge_0x1000085dc,115591,True
func_ge_0x10000a972,116389,False
func_ge_0x10000a9f4,116148,True
func_ge_0x10000aa8e,115485,True
func_ge_0x10000aab4,116266,False
func_ge_0x10000aab6,115271,False
func_ge_0x10000aab8,116082,False
func_ge_0x10000aaba,115222,True
func_ge_0x10000b4cb,115855,False
func_ge_0x10000b505,115323,True
func_ge_0x10000b5af,116598,False
func_ge_0x10000b5b3,116711,False
func_ge_0x10000b6e5,115523,False
func_ge_0x10000b7ed,115041,True
func_ge_0x10000b864,114775,True
func_gn_0x100005756,116321,False
func_gn_0x100006f88,116480,True
func_gn_0x10000a95a,115577,True
func_gn_0x10000abd2,115778,False
func_go_0x100003bfe,115450,True
func_go_0x100007d0a,115622,False
func_gt_0x100004d2a,116159,True
func_gt_0x100005182,114932,False
func_gt_0x100005184,116285,False
func_gt_0x1000067ff,116739,True
func_gt_0x100006822,116565,False
func_gt_0x100008287,115777,False
func_gt_0x1000082af,115094,True
func_gt_0x100008483,116675,False
func_gt_0x100008485,116348,True
func_gt_0x10000848b,116127,True
func_gt_0x1000084a2,116030,False
func_gt_0x1000084a4,116723,True
func_gt_0x1000084a6,115073,False
func_gt_0x10000864c,116486,True
func_gt_0x1000086c2,115910,False
func_gt_0x1000086c9,114811,True
func_gt_0x1000086cb,116528,True
func_gt_0x1000086cf,116162,False
func_gt_0x100008efc,115702,False
func_gt_0x100008f0f,116215,False
func_gt_0x100008f17,116495,False
func_gt_0x100008f19,115892,True
func_gt_0x100008f2a,114778,False
func_gt_0x100009061,115365,True
func_gt_0x1000095b4,115313,False
func_gt_0x10000ac9c,115359,True
func_gt_0x10000af4c,115532,False
func_gt_0x10000af53,115267,False
func_gu_0x1000077ce,116461,False
func_h_0x100000126,115551,True
func_h_0x100000128,116365,False
func_h_0x10000012d,116620,True
func_h_0x100000131,116284,True
func_h_0x1000001d2,116647,True
func_h_0x10000031d,116307,False
func_h_0x10000031f,116048,False
func_h_0x100000321,116228,False
func_h_0x100002760,115221,False
func_h_0x100002784,116214,False
func_h_0x10000283c,115277,False
func_h_0x100002840,116588,False
func_h_0x100002844,114821,False
func_h_0x100002a05,116195,True
func_h_0x100002c93,115784,False
func_h_0x100002cee,115645,False
func_h_0x100002ed6,114978,True
func_h_0x100002ed8,115830,True
func_h_0x100002ee8,115744,True
func_h_0x100002ff2,115456,True
func_h_0x100004167,116302,True
func_h_0x1000042da,115385,False
func_h_0x100004318,115373,True
func_h_0x100004359,115652,True
func_h_0x1000047e2,116411,True
func_h_0x1000048de,115732,False
func_h_0x100004b47,115903,True
func_h_0x100004b84,115979,False
func_h_0x100004cd2,116120,False
func_h_0x100004f35,116741,True
func_h_0x100004fe1,115341,False
func_h_0x100005406,114997,False
func_h_0x100005450,116677,False
func_h_0x100005519,115304,False
func_h_0x10000551d,116033,False
func_h_0x100005523,116455,False
func_h_0x100005964,115182,True
func_h_0x1000059f1,115533,True
func_h_0x1000063df,115561,True
func_h_0x100006692,115763,True
func_h_0x100006694,116044,True
func_h_0x1000066aa,116592,True
func_h_0x10000690c,116583,True
func_h_0x100006976,115547,True
func_h_0x100006ba2,116641,True
func_h_0x100006cf2,115354,False
func_h_0x100006d17,115158,True
func_h_0x100006d19,115693,False
func_h_0x100006e65,115777,False
func_h_0x100006e70,116557,True
func_h_0x100006e72,115734,False
func_h_0x100006e78,116513,True
func_h_0x100007048,115447,True
func_h_0x1000071d5,115017,True
func_h_0x100007478,115331,False
func_h_0x100007483,116244,False
func_h_0x100007485,116215,False
func_h_0x1000074a1,115913,True
func_h_0x1000078e5,115539,True
func_h_0x100007966,115376,False
func_h_0x100007a8b,115573,True
func_h_0x100007a8d,115657,True
func_h_0x100007a91,115182,False
func_h_0x100007b5c,116630,False
func_h_0x100007b99,116015,False
func_h_0x100007b9b,116210,True
func_h_0x100007b9f,115913,False
func_h_0x100007ba5,115441,True
func_h_0x1000082c2,115950,True
func_h_0x1000082ee,116672,False
func_h_0x10000830b,115154,False
func_h_0x10000830d,116558,False
func_h_0x10000831b,115460,True
func_h_0x100008327,116305,True
func_h_0x100008329,115236,False
func_h_0x10000832b,115570,False
func_h_0x10000833e,115898,False
func_h_0x10000834b,116662,False
func_h_0x1000087f5,115839,False
func_h_0x10000891e,116726,True
func_h_0x100008bd1,115997,False
func_h_0x100008bd9,116037,False
func_h_0x100008bdb,115378,True
func_h_0x100008bdd,116720,False
func_h_0x100008cfc,115650,False
func_h_0x100008d03,116547,True
func_h_0x100008edb,115218,True
func_h_0x100009110,116450,True
func_h_0x10000912a,115170,False
func_h_0x1000091cd,115679,True
func_h_0x100009650,115043,False
func_h_0x10000970b,115343,False
func_h_0x10000970f,115212,False
func_h_0x1000099bb,116490,False
func_h_0x1000099bf,115101,False
func_h_0x100009ac9,115071,True
func_h_0x100009d83,115660,True
func_h_0x100009d85,116533,True
func_h_0x10000a6c4,116289,False
func_h_0x10000a889,115848,False
func_h_0x10000a8ab,115217,True
func_h_0x10000a8af,115895,False
func_h_0x10000a8b1,115936,True
func_h_0x10000a9bc,116545,False
func_h_0x10000aa2a,115253,False
func_h_0x10000b183,114860,True
func_h_0x10000b6fb,115697,False
func_h_0x10000b73d,115615,False
func_ha_0x10000733a,115565,True
func_ha_0x10000734f,114889,False
func_ha_0x10000738d,116570,True
func_ha_0x1000073f5,114852,False
func_he_0x1000027eb,116624,True
func_he_0x10000281c,116526,True
func_he_0x100002899,115502,True
func_he_0x10000289b,115308,False
func_he_0x10000289d,116368,False
func_he_0x10000289f,116703,True
func_he_0x1000028a1,115194,False
func_he_0x1000028a3,115442,True
func_he_0x100002a3b,115444,False
func_he_0x100002fdd,115857,False
func_he_0x100003109,115830,True
func_he_0x100003111,116702,False
func_he_0x1000047a3,115865,True
func_he_0x100004877,116564,True
func_he_0x100004c50,116302,False
func_he_0x100004c69,114836,True
func_he_0x100004de4,116202,True
func_he_0x100004de6,115592,True
func_he_0x100004e05,116581,True
func_he_0x1000050b6,115041,True
func_he_0x1000052cf,115945,True
func_he_0x100005a53,115773,False
func_he_0x100005a55,116244,False
func_he_0x100005a57,115036,False
func_he_0x100005a5d,116333,False
func_he_0x100005a5f,116395,True
func_he_0x100005a63,114812,True
func_he_0x100005a6f,115295,False
func_he_0x100005be4,115361,False
func_he_0x100006017,116280,True
func_he_0x100006f1f,115488,True
func_he_0x100006f43,116164,True
func_he_0x100006f4e,114788,False
func_he_0x10000701f,115702,True
func_he_0x100008fc2,116292,True
func_he_0x10000902a,115381,False
func_he_0x10000aa90,115548,False
func_he_0x10000aa96,116515,True
func_he_0x10000aaac,114927,True
func_he_0x10000ac78,116731,True
func_he_0x10000ac7e,114880,True
func_he_0x10000ac86,116240,False
func_he_0x10000ac8e,115932,True
func_he_0x10000b28c,114956,True
func_he_0x10000b5b0,115232,True
func_he_0x10000b6e3,115745,False
func_he_0x10000b88a,115799,True
func_hi_0x100003bf2,115792,False
func_hi_0x100003bf6,116302,True
func_hi_0x100003bf8,115828,True
func_hi_0x100003bfc,114863,True
func_hi_0x100007f57,116000,True
func_hn_0x100005605,114968,True
func_hn_0x100005607,114892,False
func_hn_0x100005609,115041,False
func_hn_0x10000560d,115477,False
func_hn_0x10000560f,115988,False
func_hn_0x100005615,116468,True
func_hn_0x10000561a,115803,False
func_hn_0x10000561c,115669,True
func_hn_0x10000561e,115463,True
func_hn_0x100005628,116091,False
func_hn_0x10000562a,115602,False
func_hn_0x10000563b,115868,True
func_hn_0x10000563d,116007,True
func_hn_0x100005700,115056,False
func_hn_0x100005702,116551,True
func_hn_0x100005708,115813,True
func_hn_0x10000570d,115019,True
func_hn_0x100009cd5,116667,False
func_hn_0x100009cd9,115257,False
func_hn_0x10000abb1,116072,False
func_hn_0x10000abb5,115175,False
func_hn_0x10000ac41,116101,True
func_hn_0x10000ac51,116339,False
func_ho_0x100003fa9,115657,False
func_ho_0x100003fc1,116054,False
func_ho_0x100003fe1,116281,True
func_ho_0x100003ff1,115141,True
func_hr_0x100009fe0,115109,True
func_hr_0x100009fe4,115378,True
func_hr_0x100009fe8,114769,True
func_hr_0x100009fea,116687,True
func_hr_0x100009ff8,115433,False
func_hr_0x100009ffe,116065,False
func_hr_0x10000a002,116691,False
func_hr_0x10000a004,115108,False
func_hr_0x10000a006,114856,False
func_hr_0x10000a00c,115054,True
func_hr_0x10000a00e,116210,False
func_hr_0x10000a010,115813,False
func_hr_0x10000a01c,115878,True
func_hr_0x10000a024,115590,False
func_hr_0x10000a026,115292,True
func_hr_0x10000a02c,115408,False
func_hr_0x10000a02e,115780,False
func_hr_0x10000a032,115643,True
func_hr_0x10000a04e,115200,True
func_hr_0x10000a050,115050,False
func_hr_0x10000a054,115799,True
func_hr_0x10000a05a,115651,True
func_hr_0x10000a0ca,115452,False
func_hr_0x10000a0cc,115287,True
func_hr_0x10000a0ce,115977,False
func_hr_0x10000a0d4,116611,True
func_hr_0x10000a0e4,115226,False
func_hr_0x10000abbe,114993,True
func_hr_0x10000abc0,116458,True
func_hr_0x10000abc4,115973,False
func_hr_0x10000abc8,115463,False
func_hr_0x10000abf7,115633,True
func_ht_0x10000084a,115346,True
func_ht_0x10000085e,114845,False
func_ht_0x100000862,115622,False
func_ht_0x100003d31,115682,True
func_ht_0x100003d34,115326,False
func_ht_0x100003d3a,116318,False
func_ht_0x100003d42,116398,True
func_ht_0x100003d55,116098,False
func_ht_0x100003d57,115586,True
func_ht_0x100003d5f,115395,False
func_ht_0x100003d73,115415,False
func_ht_0x100003d7d,116340,False
func_ht_0x100003e5e,116571,False
func_ht_0x100003e60,114799,True
func_ht_0x100003e64,116684,True
func_ht_0x100003e66,114869,True
func_ht_0x100003e68,116429,True
func_ht_0x100003e6c,115424,False
func_ht_0x100003e6e,115151,False
func_ht_0x100003e70,116576,True
func_ht_0x100003e74,115238,True
func_ht_0x100003e7e,115485,False
func_ht_0x100003e80,116014,True
func_ht_0x100003e82,115689,False
func_ht_0x100003e8a,114828,False
func_ht_0x100003e8c,114875,True
func_ht_0x100003e8e,114783,False
func_ht_0x100003e90,116715,False
func_ht_0x100005642,115032,False
func_ht_0x100005724,116300,True
func_ht_0x10000572a,116631,True
func_ht_0x10000572c,116063,False
func_ht_0x10000572e,116706,True
func_ht_0x100005732,115291,True
func_ht_0x10000573a,116214,False
func_ht_0x100006f62,115685,False
func_ht_0x100006f64,115220,True
func_ht_0x100006f67,115945,True
func_ht_0x100006fae,116752,True
func_ht_0x100006fbc,114907,True
func_ht_0x10000a94b,116115,False
func_ht_0x10000a94d,115649,True
func_ht_0x10000ac20,115256,False
func_ht_0x10000ac30,116235,True
func_i_0x100000004,116244,False
func_i_0x100000030,116594,True
func_i_0x100000092,115190,True
func_i_0x1000000b7,115348,False
func_i_0x1000000d8,116543,False
func_i_0x100000100,115874,False
func_i_0x100000155,116125,False
func_i_0x10000025d,116440,False
func_i_0x10000026b,116037,True
func_i_0x1000002a9,114762,False
func_i_0x1000002eb,116555,False
func_i_0x100000311,116076,False
func_i_0x10000034a,114916,True
func_i_0x10000036e,114966,False
func_i_0x100000380,114762,False
func_i_0x10000038b,115395,False
func_i_0x1000003c4,116606,False
func_i_0x1000003c8,114917,False
func_i_0x1000003cc,115835,False
func_i_0x1000003e9,115644,True
func_i_0x1000003ec,115710,True
func_i_0x1000003ef,115917,False
func_i_0x1000003f4,115254,False
func_i_0x1000003f6,116507,False
func_i_0x100000411,116595,False
func_i_0x100000440,114797,False
func_i_0x100000461,115878,True
func_i_0x10000048b,115023,False
func_i_0x1000004e2,115114,False
func_i_0x1000004f8,116239,True
func_i_0x100000502,116184,False
func_i_0x100000521,115971,True
func_i_0x100000525,115819,True
func_i_0x100000560,115813,False
func_i_0x100000567,115408,True
func_i_0x100000583,115909,False
func_i_0x1000005aa,114958,True
func_i_0x1000005cb,114891,True
func_i_0x100000603,115204,False
func_i_0x1000008da,116395,True
func_i_0x1000008e0,116361,False
func_i_0x100000967,116431,False
func_i_0x100000971,116241,True
func_i_0x100000977,115864,False
func_i_0x100000980,115551,True
func_i_0x100000983,115316,False
func_i_0x10000098e,115723,False
func_i_0x10000099c,114804,True
func_i_0x10000099f,116679,False
func_i_0x100002744,115589,False
func_i_0x100002838,115135,False
func_i_0x1000028f2,116603,True
func_i_0x100002c26,114791,False
func_i_0x100002c82,114893,False
func_i_0x100002d0d,115794,False
func_i_0x100002d16,115734,True
func_i_0x100002dfa,115668,False
func_i_0x100002f45,116464,True
func_i_0x100003181,115372,False
func_i_0x10000320a,115844,True
func_i_0x10000379b,115908,False
func_i_0x1000037b2,116117,False
func_i_0x1000037b6,115730,True
func_i_0x100003850,115947,True
func_i_0x10000386b,115807,True
func_i_0x100004155,115552,False
func_i_0x100004182,116323,True
func_i_0x100004187,115812,False
func_i_0x100004286,116373,True
func_i_0x1000042b5,115435,True
func_i_0x10000431e,115352,False
func_i_0x100004362,115935,True
func_i_0x100004444,115210,True
func_i_0x1000044be,115881,False
func_i_0x10000459f,116155,False
func_i_0x1000045e8,115974,False
func_i_0x100004648,116657,True
func_i_0x100004673,115489,False
func_i_0x100004675,115989,False
func_i_0x100004677,116252,True
func_i_0x1000046ef,116712,True
func_i_0x1000046f4,115475,True
func_i_0x100004966,116028,True
func_i_0x100004a8f,115913,True
func_i_0x100004ca1,116709,True
func_i_0x100004ef1,116140,False
func_i_0x100004f3b,115661,False
func_i_0x100004f40,116045,True
func_i_0x1000052cd,114876,False
func_i_0x1000057c4,115120,False
func_i_0x100005849,116428,False
func_i_0x100005864,114905,True
func_i_0x100005872,115569,True
func_i_0x10000587a,114932,False
func_i_0x100005889,116421,False
func_i_0x100005891,115045,False
func_i_0x100005895,116201,True
func_i_0x100005899,115259,True
func_i_0x10000589d,115619,True
func_i_0x1000059ab,115704,True
func_i_0x100005a8c,115465,True
func_i_0x100006104,115787,False
func_i_0x100006135,116347,True
func_i_0x1000062e3,116357,True
func_i_0x1000062ea,116479,True
func_i_0x10000642a,115399,True
func_i_0x100006499,116505,False
func_i_0x100006549,115780,True
func_i_0x100006902,116618,False
func_i_0x10000696d,115655,True
func_i_0x100006ca3,115869,True
func_i_0x100006da7,115643,False
func_i_0x10000745d,116348,True
func_i_0x1000074be,116064,False
func_i_0x10000789b,115518,True
func_i_0x1000078c1,115490,True
func_i_0x1000078c6,116611,False
func_i_0x1000078dc,116323,False
func_i_0x10000791e,116642,False
func_i_0x100007924,115088,False
func_i_0x100007983,115838,False
func_i_0x10000798e,115288,False
func_i_0x100007a03,116739,False
func_i_0x100007a2c,115497,False
func_i_0x100007ab6,115683,True
func_i_0x100007b5f,115234,False
func_i_0x10000831e,116361,True
func_i_0x100008369,116259,True
func_i_0x100008389,115349,False
func_i_0x10000838e,116140,True
func_i_0x100008396,115114,True
func_i_0x1000087a6,116230,False
func_i_0x1000087d9,115938,False
func_i_0x1000087e7,116138,True
func_i_0x10000892a,116110,False
func_i_0x10000894e,116577,True
func_i_0x100008958,115493,True
func_i_0x10000895f,116386,False
func_i_0x100008977,115362,False
func_i_0x100008a25,116741,True
func_i_0x100008b3c,114860,False
func_i_0x100008b42,115033,False
func_i_0x100008bf6,115726,True
func_i_0x100008c3f,115174,True
func_i_0x100008cb8,115798,True
func_i_0x100008cc4,116456,True
func_i_0x100008df9,115095,False
func_i_0x100008e15,115935,False
func_i_0x100008e22,114902,False
func_i_0x100008e67,116624,True
func_i_0x100008e6c,116704,True
func_i_0x100008e79,115134,True
func_i_0x100008e9b,116564,True
func_i_0x100008eb6,116381,True
func_i_0x100009145,116477,False
func_i_0x1000092d2,115168,True
func_i_0x10000935b,116494,True
func_i_0x10000937d,115559,True
func_i_0x1000094f2,115641,True
func_i_0x1000096e7,115897,True
func_i_0x1000098eb,116129,False
func_i_0x100009919,116109,False
func_i_0x100009a21,115417,True
func_i_0x100009d5e,115172,False
func_i_0x100009e92,116698,True
func_i_0x100009ea1,115758,False
func_i_0x100009ec1,114776,False
func_i_0x100009f5e,115007,True
func_i_0x10000a1cb,115660,False
func_i_0x10000a3d6,115991,True
func_i_0x10000a41d,115277,False
func_i_0x10000a79c,115659,False
func_i_0x10000a7b2,115305,False
func_i_0x10000aa5f,116708,False
func_i_0x10000aaf2,115075,False
func_i_0x10000aafb,116424,True
func_i_0x10000ab06,115720,False
func_i_0x10000ae61,114944,True
func_i_0x10000af77,115669,True
func_i_0x10000b95d,116474,False
func_ia_0x10000345b,114780,True
func_ie_0x100000204,116456,False
func_ie_0x100000208,115123,True
func_ie_0x10000020a,114786,True
func_ie_0x100002b41,115523,False
func_ie_0x100004431,116521,False
func_ie_0x100004433,116450,False
func_ie_0x10000529d,115958,False
func_ie_0x1000052a0,116329,False
func_ie_0x1000052a4,115857,False
func_ie_0x1000053eb,116635,False
func_ie_0x1000053f3,115737,True
func_ie_0x10000546a,116012,True
func_ie_0x100005472,114988,True
func_ie_0x100005474,116444,False
func_ie_0x10000547a,115900,True
func_ie_0x100005c86,116079,True
func_ie_0x100005f04,116181,True
func_ie_0x1000062ac,114880,True
func_ie_0x1000062ae,116167,True
func_ie_0x1000064b4,115971,True
func_ie_0x1000064fa,115723,True
func_ie_0x100006552,116558,True
func_ie_0x100007c97,115733,False
func_ie_0x100008b6a,116606,False
func_ie_0x100008c32,115847,False
func_ie_0x100008d58,116687,False
func_ie_0x100008d5e,115848,False
func_ie_0x100008d6d,115870,True
func_ie_0x100008d6f,115561,False
func_ie_0x100008d8e,116108,True
func_ie_0x100009adb,116679,True
func_ie_0x100009adf,115049,False
func_ie_0x100009ae7,115136,True
func_ie_0x100009b93,115926,True
func_ie_0x100009d46,114827,False
func_ie_0x100009e0a,115705,True
func_ie_0x10000a4a1,114997,False
func_ie_0x10000a4a3,116035,False
func_ie_0x10000a67f,115158,False
func_ie_0x10000a6ae,115140,False
func_ie_0x10000a6b0,116262,False
func_ie_0x10000a703,115657,True
func_ie_0x10000a802,116283,True
func_ie_0x10000a9dd,116005,False
func_ie_0x10000a9e1,115189,False
func_ie_0x10000aa1b,115069,False
func_ie_0x10000b5d0,116565,False
func_ie_0x10000b615,114846,True
func_ie_0x10000b627,115703,False
func_ie_0x10000b62f,115673,False
func_ie_0x10000b63b,115231,True
func_ie_0x10000b63d,116392,True
func_ie_0x10000b71c,116079,False
func_ie_0x10000b72c,115743,False
func_ie_0x10000b762,115096,False
func_ii_0x100000839,115203,True
func_ii_0x100000847,116536,False
func_ii_0x10000a061,115278,True
func_ii_0x10000a063,116250,True
func_ii_0x10000a06f,115183,False
func_ii_0x10000a071,114928,True
func_ii_0x10000a073,115807,True
func_ii_0x10000b3b6,116699,False
func_ii_0x10000b3ba,115462,False
func_ii_0x10000b3bc,115128,True
func_ii_0x10000b422,115278,True
func_ii_0x10000b43f,115114,False
func_ir_0x10000398a,115027,False
func_ir_0x1000039aa,116112,True
func_ir_0x1000039c6,116710,True
func_ir_0x100003aa0,116069,False
func_ir_0x100003ab9,115616,True
func_ir_0x100003af9,116369,False
func_ir_0x100003b54,115177,False
func_ir_0x100003bb9,114953,True
func_iu_0x100003338,115413,False
func_j_0x100002799,116705,True
func_j_0x1000030c1,114881,True
func_j_0x100003740,116384,True
func_j_0x100003756,115928,False
func_j_0x100003774,115095,False
func_j_0x10000377e,115192,True
func_j_0x100003780,115607,True
func_j_0x100003782,116154,False
func_j_0x100003786,116020,False
func_j_0x100003788,114850,False
func_j_0x10000378c,115675,False
func_j_0x100003818,116465,False
func_j_0x100003eb4,116269,True
func_j_0x100003eb8,116266,False
func_j_0x100003ebc,114838,False
func_j_0x100003ec4,116501,True
func_j_0x100003ec8,115993,True
func_j_0x100003ecc,115374,True
func_j_0x100003ed0,116155,False
func_j_0x1000041f3,116664,True
func_j_0x100004458,115084,False
func_j_0x100004460,116065,False
func_j_0x100004466,116721,True
func_j_0x100004735,115253,True
func_j_0x10000481c,116648,False
func_j_0x10000481e,116593,False
func_j_0x100004ba4,115390,True
func_j_0x100004bb7,114947,True
func_j_0x100004e68,116134,True
func_j_0x100004e6e,115541,True
func_j_0x10000514a,115187,False
func_j_0x100005151,116413,True
func_j_0x100005209,116012,True
func_j_0x10000520d,115116,True
func_j_0x100005cd9,114911,False
func_j_0x100005cdb,115488,False
func_j_0x100005ceb,115504,True
func_j_0x100005ec5,115829,False
func_j_0x100005f1e,116156,False
func_j_0x100005f20,116695,False
func_j_0x100005ff1,114873,False
func_j_0x100005ff8,116295,False
func_j_0x100006182,115033,False
func_j_0x10000632b,115028,False
func_j_0x10000654f,115863,False
func_j_0x10000655c,115005,False
func_j_0x100006d1e,115023,False
func_j_0x100006db9,116751,True
func_j_0x100006dc1,115561,True
func_j_0x100006dc4,115955,False
func_j_0x100006dc6,115414,False
func_j_0x100006e0b,116106,True
func_j_0x100006e15,114791,True
func_j_0x100006e2a,115238,True
func_j_0x1000071e2,115505,True
func_j_0x100007215,115036,False
func_j_0x100007309,115168,False
func_j_0x100007322,116205,True
func_j_0x10000732c,115186,True
func_j_0x1000079a3,115510,False
func_j_0x100007bc9,116298,True
func_j_0x100007be0,116518,True
func_j_0x100007be3,115213,True
func_j_0x100007be5,115338,True
func_j_0x100007be7,116705,False
func_j_0x1000080d4,116569,False
func_j_0x1000080d6,114973,True
func_j_0x1000080da,115616,False
func_j_0x1000080dd,116045,True
func_j_0x1000080fb,114804,True
func_j_0x100008132,116572,False
func_j_0x10000813c,114818,True
func_j_0x1000081df,116528,False
func_j_0x10000858f,115219,True
func_j_0x100008591,115623,False
func_j_0x100008593,115827,True
func_j_0x10000859c,115507,True
func_j_0x1000085a2,116595,True
func_j_0x1000085e9,116343,True
func_j_0x1000085f5,115819,False
func_j_0x100008b9b,115735,False
func_j_0x100008c14,116255,True
func_j_0x1000094a7,115746,True
func_j_0x10000978b,115653,True
func_j_0x100009b3b,115248,True
func_j_0x100009b50,115091,False
func_j_0x100009cfa,116726,False
func_j_0x10000a12a,116725,True
func_j_0x10000a650,115369,False
func_j_0x10000a71f,115577,True
func_j_0x10000a721,114886,False
func_j_0x10000ad17,116407,True
func_j_0x10000ad23,115121,True
func_j_0x10000b142,116338,True
func_j_0x10000b76c,115130,True
func_je_0x100002d62,115591,True
func_je_0x100002d67,115260,True
func_je_0x1000061ea,116461,True
func_je_0x1000061ed,115625,True
func_je_0x1000061f1,116294,True
func_je_0x10000624a,116072,True
func_je_0x100006253,115485,True
func_je_0x100006255,115042,True
func_je_0x100006a31,115548,True
func_je_0x100006a5b,116089,False
func_je_0x100006a90,116229,False
func_je_0x100006a92,116487,False
func_je_0x100006aa2,116566,True
func_je_0x100007fe6,115891,True
func_je_0x100007fe8,115715,False
func_je_0x100008028,115149,False
func_je_0x10000802c,115856,True
func_je_0x100008032,115404,False
func_je_0x10000803f,115420,False
func_je_0x100008043,114860,True
func_je_0x100008045,116137,True
func_je_0x10000804b,115921,True
func_je_0x10000804f,116667,True
func_je_0x100008051,115671,False
func_je_0x100008061,116385,False
func_je_0x100008063,116616,False
func_je_0x100008065,116181,False
func_je_0x10000806b,115359,True
func_je_0x100008077,115064,True
func_je_0x100008083,115220,False
func_je_0x1000084c2,115397,False
func_je_0x100008651,116149,False
func_je_0x10000aee3,115728,False
func_je_0x10000aff6,114841,False
func_je_0x10000aff8,115032,True
func_je_0x10000b00e,116167,True
func_je_0x10000b0ae,116534,True
func_je_0x10000b0b0,115659,True
func_je_0x10000b0b2,116108,False
func_je_0x10000b0b6,114823,True
func_je_0x10000b0b8,116569,True
func_je_0x10000b0bc,116710,True
func_je_0x10000b0be,115022,True
func_je_0x10000b0c4,116319,False
func_je_0x10000b0c8,115416,False
func_je_0x10000b0ca,114927,False
func_je_0x10000b0d1,116009,True
func_je_0x10000b0e7,114816,False
func_je_0x10000b0eb,115881,True
func_je_0x10000b0f2,115389,False
func_je_0x10000b0fa,115488,False
func_je_0x10000b108,116079,False
func_je_0x10000b110,114854,True
func_je_0x10000b113,115115,True
func_ji_0x10000775d,116603,True
func_ji_0x100007771,116477,False
func_ji_0x100007843,115403,True
func_jn_0x10000336d,115871,True
func_jn_0x10000336f,114873,True
func_jn_0x100003371,115139,True
func_jn_0x1000033a9,115877,True
func_jn_0x100003449,115117,False
func_jn_0x100003575,114772,True
func_jn_0x1000035a7,116372,False
func_jn_0x1000035d4,116644,True
func_jn_0x1000035d7,114803,True
func_jn_0x1000035e1,115053,False
func_jn_0x10000371f,115607,False
func_jn_0x100003723,116098,True
func_jn_0x100003725,116081,True
func_jo_0x10000740b,115302,False
func_jr_0x1000075ed,116509,False
func_jr_0x100007723,114953,True
func_jr_0x100007756,115196,False
func_jr_0x100007762,115249,False
func_jr_0x100007854,116638,False
func_jt_0x10000387d,115520,False
func_k0_0x10000b471,114766,True
func_k_0x1000001ed,116065,True
func_k_0x1000001f1,114828,True
func_k_0x1000001f3,115905,True
func_k_0x1000001f5,114946,True
func_k_0x1000002b8,116725,False
func_k_0x100002c28,115939,False
func_k_0x100002c2d,115079,True
func_k_0x100002c3b,116218,True
func_k_0x100002c41,115680,False
func_k_0x100002def,116581,False
func_k_0x100002df1,115549,False
func_k_0x100002df3,116668,False
func_k_0x100002edd,116248,True
func_k_0x100002f00,116346,True
func_k_0x100003019,116075,True
func_k_0x100003825,116014,True
func_k_0x100003ca0,116534,True
func_k_0x100003cde,115930,True
func_k_0x100003ce6,116392,True
func_k_0x100003d2a,115867,False
func_k_0x1000041f6,116004,True
func_k_0x100004299,115982,True
func_k_0x1000043a5,115951,True
func_k_0x10000441c,114970,False
func_k_0x100004691,115494,True
func_k_0x100004b48,115437,True
func_k_0x100004b82,116074,True
func_k_0x100004fa0,114861,True
func_k_0x100004fa7,116037,True
func_k_0x10000513f,115849,True
func_k_0x100005156,114969,False
func_k_0x100005210,115613,False
func_k_0x100005216,115286,True
func_k_0x10000540b,116258,True
func_k_0x100005448,115583,False
func_k_0x100005453,115319,True
func_k_0x100005825,116532,True
func_k_0x1000063c3,116635,False
func_k_0x100006469,115589,False
func_k_0x100006533,115649,False
func_k_0x100006535,115776,False
func_k_0x100006537,115308,True
func_k_0x100006540,116686,False
func_k_0x100006544,115272,False
func_k_0x100006663,115750,False
func_k_0x100006977,115832,False
func_k_0x100006a04,116580,False
func_k_0x100006b43,115525,True
func_k_0x100006d42,115433,True
func_k_0x100006d5d,115249,False
func_k_0x100006dfc,115222,True
func_k_0x100007151,115478,True
func_k_0x100007154,114795,False
func_k_0x10000719a,116457,True
func_k_0x1000074aa,116043,True
func_k_0x1000074ac,116647,False
func_k_0x1000074d5,115148,False
func_k_0x1000074ec,116632,True
func_k_0x1000074f0,115132,True
func_k_0x100007a10,116548,True
func_k_0x100007b80,115566,False
func_k_0x1000081ee,115351,False
func_k_0x10000837b,115084,False
func_k_0x10000837e,115324,True
func_k_0x100008502,115640,False
func_k_0x100008508,115229,True
func_k_0x10000852a,116484,False
func_k_0x100008550,114874,False
func_k_0x1000092b2,116587,True
func_k_0x1000092bb,115672,True
func_k_0x10000962a,114848,True
func_k_0x1000096fc,115852,True
func_k_0x1000098e8,116083,True
func_k_0x100009bc8,115853,True
func_k_0x100009bca,115839,False
func_k_0x100009cf7,115730,False
func_k_0x100009d2b,116614,False
func_k_0x100009d36,115921,True
func_k_0x10000a15d,116167,False
func_k_0x10000a18a,116298,False
func_k_0x10000a190,116488,True
func_k_0x10000a1a8,115812,True
func_k_0x10000a1ae,115387,True
func_k_0x10000a62f,115665,False
func_k_0x10000a655,114834,False
func_k_0x10000a6c7,114803,True
func_k_0x10000a714,115178,False
func_k_0x10000a716,115341,True
func_k_0x10000a71a,115639,False
func_k_0x10000a88c,115624,False
func_k_0x10000a892,114779,False
func_k_0x10000aa46,116276,False
func_k_0x10000b145,115457,False
func_k_0x10000b168,115480,True
func_k_0x10000b178,115290,False
func_k_0x10000b17c,116128,True
func_k_0x10000b5bd,116420,True
func_ke_0x100002d40,114946,True
func_ke_0x100002d44,115424,False
func_ke_0x100002d54,116162,True
func_ke_0x100003078,115122,True
func_ke_0x10000307a,115337,True
func_ke_0x10000307c,116575,True
func_ke_0x100003086,116204,False
func_ke_0x100003d33,115083,True
func_ke_0x100005aff,115645,False
func_ke_0x100005b05,115245,False
func_ke_0x100005b07,114795,False
func_ke_0x100005b0d,115395,False
func_ke_0x100005b19,115294,True
func_ke_0x100005b1d,116429,True
func_ke_0x100005b1f,115890,False
func_ke_0x100005b23,115882,False
func_ke_0x100005b25,115143,True
func_ke_0x100005b2d,116458,True
func_ke_0x100005b2f,116316,False
func_ke_0x100005b33,114881,False
func_ke_0x100005b35,115460,True
func_ke_0x100005b39,116584,True
func_ke_0x100005b3b,115852,True
func_ke_0x100005b41,116259,False
func_ke_0x100005b45,114854,True
func_ke_0x100005b5b,115066,True
func_ke_0x100005b71,115355,True
func_ke_0x100005b75,115562,True
func_ke_0x100005b7d,115693,True
func_ke_0x100005b83,115139,True
func_ke_0x100005b85,115377,False
func_ke_0x100005b89,115642,True
func_ke_0x100006293,115488,True
func_ke_0x100006a3a,116097,True
func_ke_0x100008010,114783,True
func_ke_0x10000866c,115731,False
func_ke_0x10000867a,116336,True
func_ke_0x10000867c,115226,True
func_ke_0x100008691,115237,False
func_ke_0x100009596,116610,False
func_ke_0x10000988e,116407,True
func_ke_0x100009890,116233,True
func_ke_0x100009892,116008,True
func_ke_0x100009a2a,116110,True
func_ke_0x100009a32,115692,False
func_ke_0x10000afff,116542,False
func_ki_0x100007358,115680,True
func_kn_0x100005571,114958,True
func_kn_0x100005575,115059,False
func_kn_0x1000055a3,115159,True
func_kn_0x100005613,115619,False
func_kn_0x100005620,115798,False
func_kn_0x10000562e,116585,False
func_kn_0x100005634,116601,True
func_kn_0x100005637,115921,False
func_kn_0x100005639,115561,True
func_kn_0x1000056fc,116274,True
func_kn_0x1000056fe,114982,False
func_kn_0x100005706,115413,True
func_kn_0x10000a935,116393,False
func_kn_0x10000aba9,116396,False
func_kn_0x10000abe1,115110,False
func_kn_0x10000ac1f,115359,False
func_ko_0x100007343,115991,False
func_ko_0x1000073f1,116499,True
func_ko_0x1000073f3,116220,False
func_ko_0x1000073f7,115339,True
func_kr_0x100005d17,116748,True
func_kr_0x100005d5b,115772,True
func_kr_0x100005d5d,115669,True
func_kr_0x100005d65,115627,True
func_kr_0x100005d6b,114805,True
func_kr_0x100005d76,116073,False
func_kr_0x100005d81,116698,True
func_kr_0x100005d83,115954,False
func_kr_0x100005d89,116345,True
func_kr_0x100005d93,115099,True
func_kr_0x100005da4,115511,False
func_kr_0x100005da8,115339,True
func_kr_0x100005db4,115780,False
func_kr_0x100005db7,115368,False
func_kr_0x100005dcf,115514,False
func_kr_0x100005dd2,114776,False
func_kr_0x100005ddb,114966,True
func_kr_0x100005df0,116420,False
func_kr_0x100005e1f,116596,True
func_kr_0x100005e21,115067,False
func_kr_0x100005e2f,115194,True
func_kr_0x100005e35,114939,True
func_kr_0x10000b3ee,116381,True
func_kt_0x10000753a,116147,True
func_l_0x1000001b2,114838,True
func_l_0x1000002d0,115583,False
func_l_0x1000002e2,115107,True
func_l_0x10000033e,115655,True
func_l_0x100000397,114952,True
func_l_0x10000043c,116496,False
func_l_0x100000558,116258,True
func_l_0x100000955,114779,True
func_l_0x1000009b0,115943,False
func_l_0x1000028f5,114943,True
func_l_0x100002bd7,116537,True
func_l_0x100002c75,115180,True
func_l_0x100002cab,116615,False
func_l_0x100002f27,116513,True
func_l_0x100002f4b,115330,False
func_l_0x100003203,115679,True
func_l_0x1000037bd,114936,True
func_l_0x100003c76,116205,False
func_l_0x100003c78,115631,True
func_l_0x10000413a,116707,False
func_l_0x100004287,116347,True
func_l_0x10000447b,116368,False
func_l_0x1000044cc,115766,False
func_l_0x1000044ce,116583,False
func_l_0x10000456e,115761,True
func_l_0x100004585,115126,True
func_l_0x100004594,116457,True
func_l_0x1000045a0,115196,True
func_l_0x1000045c3,116414,True
func_l_0x1000048ab,115420,False
func_l_0x100004aa5,115024,False
func_l_0x100004b35,115490,False
func_l_0x100004b70,116172,False
func_l_0x100004bcf,116435,False
func_l_0x100004bdd,115035,False
func_l_0x100005076,115489,True
func_l_0x1000058b3,116325,False
func_l_0x1000058c2,115380,True
func_l_0x100005976,115149,False
func_l_0x1000059c5,116553,False
func_l_0x100005ef3,115165,False
func_l_0x1000062ee,116213,False
func_l_0x10000635f,115212,True
func_l_0x10000669d,115406,True
func_l_0x1000067e4,116092,False
func_l_0x1000068f2,116454,True
func_l_0x100006b59,116605,True
func_l_0x100006d7f,114904,True
func_l_0x10000700a,116074,False
func_l_0x10000717b,115224,True
func_l_0x1000074fc,115226,False
func_l_0x1000078a4,116144,False
func_l_0x1000078ae,116738,False
func_l_0x1000078c2,116421,False
func_l_0x1000078c7,115218,False
func_l_0x1000078dd,115165,False
func_l_0x100007978,115142,True
func_l_0x10000797f,116198,False
func_l_0x100007984,115777,False
func_l_0x10000798f,115248,False
func_l_0x100007a04,116695,True
func_l_0x100007f8f,116363,True
func_l_0x100008324,115293,False
func_l_0x10000836a,116375,True
func_l_0x10000843e,114875,True
func_l_0x10000877f,115620,False
func_l_0x100008781,116629,True
func_l_0x100008792,116126,False
func_l_0x100008b32,116087,True
func_l_0x100008b3d,115448,False
func_l_0x100008b47,115470,True
func_l_0x100008b49,115226,True
func_l_0x100008e26,116253,True
func_l_0x100008e30,116736,False
func_l_0x100008e9c,115213,True
func_l_0x1000090ce,116671,True
func_l_0x1000090f3,114894,True
func_l_0x100009107,115198,False
func_l_0x100009274,115326,False
func_l_0x100009296,114835,False
func_l_0x1000094d5,114896,True
func_l_0x100009752,114880,True
func_l_0x10000992d,115241,False
func_l_0x100009e98,116390,True
func_l_0x10000a135,116428,True
func_l_0x10000a178,116110,False
func_l_0x10000a7c4,116721,True
func_l_0x10000a7c6,115373,True
func_l_0x10000aae6,114848,True
func_l_0x10000aaf3,115389,True
func_l_0x10000b732,116026,False
func_l_0x10000b927,115880,False
func_l_0x10000b94d,115738,True
func_le_0x100000213,115897,False
func_le_0x100000217,114763,False
func_le_0x1000027cb,115469,False
func_le_0x1000027d0,116467,False
func_le_0x1000028ae,116689,True
func_le_0x1000028c8,115833,False
func_le_0x1000030d5,114953,False
func_le_0x100004796,115597,False
func_le_0x1000047f8,116366,True
func_le_0x100004aea,115320,True
func_le_0x100004e03,115623,True
func_le_0x1000050c2,114793,True
func_le_0x100005231,116697,True
func_le_0x10000530b,115164,False
func_le_0x100005313,116714,False
func_le_0x100005319,115882,True
func_le_0x100005421,116430,False
func_le_0x100005928,116502,True
func_le_0x100006619,116086,False
func_le_0x10000661d,116198,True
func_le_0x10000691a,115376,True
func_le_0x10000692f,115191,True
func_le_0x100006937,116359,False
func_le_0x100006939,115213,True
func_le_0x1000069bf,116415,False
func_le_0x10000700f,116574,False
func_le_0x100007013,115173,False
func_le_0x100008190,115805,False
func_le_0x100008a85,115844,True
func_le_0x100008d76,116179,True
func_le_0x100009de4,116564,True
func_le_0x100009e17,116706,False
func_le_0x100009e1e,115134,False
func_le_0x10000a69b,116598,True
func_le_0x10000a846,115940,True
func_le_0x10000a848,114991,True
func_le_0x10000a84a,116413,True
func_le_0x10000a84c,115104,True
func_le_0x10000a852,115409,True
func_le_0x10000b021,116665,True
func_le_0x10000b696,115049,False
func_ln_0x100002a72,115720,True
func_ln_0x100002a76,116359,True
func_ln_0x100002a84,115441,False
func_ln_0x100002a8a,115278,False
func_ln_0x10000498a,116282,True
func_ln_0x10000959a,116608,True
func_ln_0x1000097e8,116231,False
func_ln_0x1000097ec,115120,True
func_ln_0x1000097ee,115813,False
func_ln_0x1000097f2,115504,False
func_ln_0x10000980c,115818,True
func_ln_0x10000a91f,115145,False
func_ln_0x10000a921,116216,False
func_ln_0x10000a923,116631,True
func_ln_0x10000a929,115463,False
func_ln_0x10000a92d,116134,True
func_ln_0x10000a931,115234,True
func_ln_0x10000b1fa,116489,True
func_ln_0x10000b2e9,114895,False
func_lt_0x10000314c,114994,True
func_lt_0x10000314e,115150,True
func_lt_0x10000316f,114931,False
func_lt_0x100004c5a,114959,True
func_lt_0x100004c5e,115356,False
func_lt_0x100004c62,114869,True
func_lt_0x100004c64,115298,True
func_lt_0x100004c66,116761,False
func_lt_0x100004c91,114809,True
func_lt_0x100004d3a,115825,True
func_lt_0x100004d3c,115553,True
func_lt_0x100004d3e,116462,True
func_lt_0x100004d46,115194,True
func_lt_0x100004d50,115581,True
func_lt_0x100004dc8,114778,True
func_lt_0x100004dce,115965,False
func_lt_0x10000508e,114838,False
func_lt_0x10000518e,114779,True
func_lt_0x100005194,116235,False
func_lt_0x10000519f,116365,False
func_lt_0x1000051a2,115288,True
func_lt_0x1000051e0,115635,False
func_lt_0x1000051e7,116062,True
func_lt_0x100005a2a,115926,True
func_lt_0x100005a2c,116760,False
func_lt_0x100005bd2,114793,False
func_lt_0x100006804,116573,True
func_lt_0x10000681e,115241,True
func_lt_0x1000069d1,114805,False
func_lt_0x100008f0e,116696,True
func_lt_0x100009a38,116375,False
func_lt_0x10000aca9,116628,False
func_lt_0x10000b58d,115614,True
func_lt_0x10000b8c9,116532,True
func_lt_0x10000b8d2,115069,False
func_m0_0x10000b46e,115210,True
func_m_0x10000010d,116234,True
func_m_0x1000001bc,116469,True
func_m_0x100000226,116701,True
func_m_0x100000228,115640,False
func_m_0x100000284,115181,False
func_m_0x1000002fb,115197,False
func_m_0x100000301,115493,False
func_m_0x1000005d4,115539,True
func_m_0x1000028f8,115478,True
func_m_0x1000028fa,115836,True
func_m_0x100002922,115676,False
func_m_0x100002bb9,114891,True
func_m_0x100002bbd,116166,True
func_m_0x100002bd2,115245,True
func_m_0x100002c98,116496,False
func_m_0x100002cea,115242,False
func_m_0x100002d02,115713,True
func_m_0x100002f67,115827,False
func_m_0x1000037e0,116570,True
func_m_0x100004315,115763,True
func_m_0x100004323,115132,False
func_m_0x10000433d,115496,True
func_m_0x1000043d4,116081,True
func_m_0x1000044b3,114891,True
func_m_0x1000044b5,115173,False
func_m_0x1000044b9,115022,True
func_m_0x10000466b,115317,False
func_m_0x1000048e1,114868,True
func_m_0x1000048f2,115036,False
func_m_0x100004cc1,115103,True
func_m_0x100004ee8,116062,True
func_m_0x100004f6b,115754,False
func_m_0x1000054cc,116056,False
func_m_0x1000057c9,116150,True
func_m_0x100005b8c,115675,False
func_m_0x100005f3e,115568,False
func_m_0x100006139,116035,False
func_m_0x1000063f9,116015,True
func_m_0x100006477,116007,False
func_m_0x100006680,116406,True
func_m_0x100006682,116372,False
func_m_0x1000068ba,115902,True
func_m_0x1000068bd,115531,False
func_m_0x1000068fa,115061,True
func_m_0x10000695e,114807,True
func_m_0x100006bc1,115437,True
func_m_0x100006d8a,115846,True
func_m_0x100006d8d,114867,True
func_m_0x100006ded,116018,True
func_m_0x100006df2,115265,False
func_m_0x100006df7,115684,True
func_m_0x100006e3c,115386,False
func_m_0x100007475,116159,False
func_m_0x100007893,116688,False
func_m_0x100007895,115893,True
func_m_0x100007897,114926,True
func_m_0x10000795d,115975,False
func_m_0x10000795f,115320,False
func_m_0x100007bab,115746,True
func_m_0x100007bfd,115501,True
func_m_0x1000080eb,116046,True
func_m_0x10000814a,115939,True
func_m_0x1000082e2,115099,False
func_m_0x1000082e4,116362,False
func_m_0x10000834f,115089,False
func_m_0x100008351,116479,True
func_m_0x100008357,116149,False
func_m_0x10000835d,115403,True
func_m_0x100008366,114984,False
func_m_0x1000086e7,115491,False
func_m_0x100008764,115988,False
func_m_0x1000088a1,114925,True
func_m_0x100008ad6,115806,False
func_m_0x100008b87,115593,False
func_m_0x100008da3,114802,False
func_m_0x100008dab,115721,False
func_m_0x100008ff2,114948,True
func_m_0x10000926b,115728,True
func_m_0x10000926d,116568,False
func_m_0x10000929b,116230,False
func_m_0x10000929d,115498,False
func_m_0x100009395,115354,False
func_m_0x1000093aa,116312,True
func_m_0x10000970a,116594,True
func_m_0x100009714,115613,False
func_m_0x100009d76,115996,False
func_m_0x10000a4d0,115115,False
func_m_0x10000a6cb,116221,True
func_m_0x10000a9b1,116743,True
func_m_0x10000ac64,116387,True
func_m_0x10000ad3c,116455,False
func_m_0x10000ad71,115341,True
func_m_0x10000ad79,116354,False
func_m_0x10000b172,116657,False
func_m_0x10000b5bc,116565,False
func_m_0x10000b7d8,115431,True
func_m_0x10000b7da,116215,True
func_ma_0x10000b3eb,115039,False
func_me_0x100004c01,115990,True
func_me_0x100004c99,116611,True
func_me_0x100004d38,116141,True
func_me_0x100004d4e,115997,True
func_me_0x100004d74,115393,True
func_me_0x100004d76,115553,True
func_me_0x100004d82,115803,False
func_me_0x100004e11,116312,True
func_me_0x10000517d,115000,False
func_me_0x100005193,115828,False
func_me_0x1000051e3,116202,False
func_me_0x100006802,116350,True
func_me_0x10000680a,116564,True
func_me_0x10000680c,115569,False
func_me_0x100006f30,116270,False
func_me_0x1000084b1,115552,True
func_me_0x1000084cb,116145,True
func_me_0x1000084cd,115354,False
func_me_0x1000084d9,115986,True
func_me_0x1000084dd,116255,False
func_me_0x1000084e2,115825,True
func_me_0x1000084e4,115068,False
func_me_0x1000084e9,116420,False
func_me_0x1000084eb,115083,False
func_me_0x10000a9fc,116396,False
func_me_0x10000aa03,114797,False
func_me_0x10000ac93,115211,True
func_me_0x10000ac95,115547,False
func_me_0x10000aca7,115579,True
func_me_0x10000ae6f,116079,True
func_me_0x10000b03f,115421,True
func_me_0x10000b532,116617,False
func_me_0x10000b534,114875,True
func_me_0x10000b591,114978,True
func_me_0x10000b595,116621,False
func_me_0x10000b597,116362,True
func_me_0x10000b59f,116087,False
func_me_0x10000b5a1,115686,True
func_me_0x10000b855,115647,False
func_me_0x10000b891,116744,False
func_me_0x10000b8c7,115206,True
func_me_0x10000b8cf,114826,False
func_me_0x10000b8d9,115081,False
func_mi_0x100003f25,115318,False
func_mi_0x10000b3b4,114877,True
func_mi_0x10000b441,115219,True
func_mi_0x10000b444,116485,True
func_mi_0x10000b482,115942,True
func_mn_0x100009ca1,115864,True
func_mn_0x100009cb5,115890,False
func_mn_0x100009cb9,116624,True
func_mn_0x100009cbd,115906,False
func_mn_0x100009cc1,115818,False
func_mn_0x100009cc5,116056,True
func_mn_0x100009fdb,116350,True
func_mn_0x10000b367,116032,True
func_mn_0x10000b39b,115847,True
func_mn_0x10000b3c3,115358,False
func_mn_0x10000b43a,116507,True
func_mo_0x100003fb3,115085,True
func_mo_0x100003ff6,116093,True
func_mr_0x100005d78,115034,False
func_mr_0x100005da2,115651,True
func_mr_0x100005dac,115244,True
func_mr_0x100005dbf,116316,False
func_mr_0x100005dc5,115900,True
func_mr_0x100005dcd,114981,False
func_mr_0x100005dd9,115673,False
func_mr_0x100005dec,115663,True
func_mr_0x100005df6,115230,False
func_mr_0x100005df8,115975,True
func_mr_0x100005dfa,115430,False
func_mr_0x100005dfc,115142,False
func_mr_0x100005e04,115381,True
func_mr_0x100005e2d,115142,False
func_mr_0x10000b467,115322,True
func_mr_0x10000b46b,114977,True
func_mt_0x100002d5d,116471,False
func_mt_0x100002d65,116469,False
func_mt_0x100002d7b,116040,False
func_mt_0x100002d7f,116206,True
func_mt_0x100002d8e,116655,True
func_mt_0x100002dcb,115301,True
func_mt_0x10000306f,116726,False
func_mt_0x100004d17,116001,False
func_mt_0x100005186,115833,True
func_mt_0x100008251,114927,False
func_mt_0x100008257,116116,False
func_mt_0x100008259,114768,False
func_mt_0x10000825b,115696,False
func_mt_0x10000825d,114859,False
func_mt_0x10000826b,115973,False
func_mt_0x10000826d,115013,True
func_mt_0x100008271,116576,True
func_mt_0x100008275,116301,False
func_mt_0x100008283,114831,True
func_mt_0x10000828f,116615,False
func_mt_0x100008291,115100,False
func_mt_0x100008293,115796,True
func_mt_0x10000829e,116644,True
func_mt_0x1000082a2,115484,True
func_mt_0x1000082a6,116467,True
func_mt_0x10000865a,114835,False
func_mt_0x100008682,116138,True
func_mt_0x100008689,116018,True
func_mt_0x10000869f,115887,False
func_mt_0x1000086ac,116584,False
func_mt_0x1000086b5,114790,True
func_mt_0x1000086cd,115766,True
func_mt_0x1000095b2,116476,True
func_mt_0x100009824,116097,False
func_mt_0x10000a257,115986,True
func_n_0x100000002,115118,False
func_n_0x10000000b,115078,True
func_n_0x100000013,114794,True
func_n_0x100000015,114821,False
func_n_0x10000001a,116399,True
func_n_0x100000045,116662,True
func_n_0x100000074,115736,True
func_n_0x1000000a8,116488,False
func_n_0x1000000fb,115160,False
func_n_0x100000178,116221,True
func_n_0x100000183,115554,True
func_n_0x10000019f,116613,True
func_n_0x1000001a3,116047,False
func_n_0x1000001a9,116750,False
func_n_0x100000240,115630,False
func_n_0x100000264,116727,False
func_n_0x100000268,115056,False
func_n_0x100000270,116688,True
func_n_0x100000273,116142,True
func_n_0x100000346,114775,True
func_n_0x100000368,116598,True
func_n_0x100000378,115220,False
func_n_0x1000003d7,115457,False
func_n_0x1000003de,115563,False
func_n_0x1000003f2,114804,True
func_n_0x1000003f8,115832,False
func_n_0x10000040d,114900,False
func_n_0x100000438,116670,True
func_n_0x10000043a,115652,False
func_n_0x10000044d,116028,False
func_n_0x10000045b,115884,True
func_n_0x100000471,115643,True
func_n_0x100000479,114837,False
func_n_0x100000482,115377,True
func_n_0x1000004b5,115361,False
func_n_0x1000004bb,116738,True
func_n_0x1000004c7,115348,False
func_n_0x1000004d8,116566,False
func_n_0x1000004f4,114843,True
func_n_0x1000004fe,115467,False
func_n_0x100000505,115888,True
func_n_0x10000051b,115404,False
func_n_0x100000571,115637,True
func_n_0x10000057a,116216,False
func_n_0x1000005b8,114977,False
func_n_0x1000005ff,115980,False
func_n_0x1000008b3,115411,False
func_n_0x100000915,116009,False
func_n_0x10000091c,114965,True
func_n_0x10000092d,115419,True
func_n_0x100000938,116689,False
func_n_0x10000093f,115424,True
func_n_0x100000947,115028,False
func_n_0x100000950,114848,False
func_n_0x1000009a5,116505,True
func_n_0x1000009a7,116474,True
func_n_0x1000009a9,116419,True
func_n_0x1000009ab,116027,False
func_n_0x1000009cf,114808,False
func_n_0x1000009e1,115890,True
func_n_0x100002755,115084,True
func_n_0x100002be3,115327,True
func_n_0x100002e36,116267,False
func_n_0x100003184,116035,False
func_n_0x100003186,114790,False
func_n_0x100003189,114796,False
func_n_0x10000318f,116443,True
func_n_0x100003197,115165,True
func_n_0x10000319a,116108,True
func_n_0x10000319d,116082,True
func_n_0x1000031a9,115473,False
func_n_0x1000031ac,115203,False
func_n_0x1000031b2,116077,False
func_n_0x1000031b7,115574,True
func_n_0x1000031ba,115292,False
func_n_0x1000031bd,115421,False
func_n_0x1000031fd,115852,True
func_n_0x100003377,115165,False
func_n_0x100003407,115955,False
func_n_0x100003571,116482,True
func_n_0x1000035a9,115571,True
func_n_0x1000035d9,115117,True
func_n_0x1000035dc,114919,False
func_n_0x1000035de,115772,False
func_n_0x1000035e4,115570,True
func_n_0x1000035f2,115976,True
func_n_0x100003721,116236,True
func_n_0x100003795,116642,False
func_n_0x100003798,115034,False
func_n_0x1000037a7,116334,True
func_n_0x1000037ee,115814,False
func_n_0x1000037f1,116061,True
func_n_0x10000385a,115274,True
func_n_0x100003877,115272,True
func_n_0x100003c7b,115053,True
func_n_0x100004367,115785,False
func_n_0x1000044c8,115588,True
func_n_0x1000044d1,115259,False
func_n_0x1000045f9,115132,False
func_n_0x10000461b,115542,False
func_n_0x10000462c,115973,False
func_n_0x100004a6c,115087,False
func_n_0x100004a8b,115695,True
func_n_0x100004a9b,115003,True
func_n_0x100004ab1,114906,True
func_n_0x10000633d,115578,True
func_n_0x1000064db,116534,True
func_n_0x1000064de,115544,False
func_n_0x100006ca6,115576,True
func_n_0x100006cac,115284,True
func_n_0x10000799d,115041,False
func_n_0x100007a1a,116698,True
func_n_0x100007a1e,115386,False
func_n_0x100008747,115659,False
func_n_0x10000874e,114834,False
func_n_0x100008771,115131,False
func_n_0x100008776,116757,True
func_n_0x100008796,116158,True
func_n_0x1000087a2,114951,False
func_n_0x1000087b5,114808,True
func_n_0x1000087d6,115993,False
func_n_0x1000087df,116610,False
func_n_0x1000088cd,115173,False
func_n_0x100008de2,115525,False
func_n_0x100008df2,115891,True
func_n_0x100008df6,114990,True
func_n_0x100008e04,115973,True
func_n_0x100008e09,115602,False
func_n_0x100008e29,116453,True
func_n_0x100008e73,115813,False
func_n_0x100008e76,114959,False
func_n_0x100008e7f,116129,False
func_n_0x100008eb4,116372,False
func_n_0x1000090bd,115337,True
func_n_0x1000090c1,115517,False
func_n_0x100009358,116650,True
func_n_0x100009369,115061,True
func_n_0x100009372,116694,True
func_n_0x100009726,115644,False
func_n_0x100009e6e,115781,True
func_n_0x100009e79,116298,True
func_n_0x100009e9b,115764,False
func_n_0x100009eaa,114920,False
func_n_0x100009eae,114778,True
func_n_0x100009ecd,116198,True
func_n_0x100009ed8,116239,False
func_n_0x10000ad91,116499,True
func_n_0x10000ae5a,116288,True
func_n_0x10000ae6c,115486,False
func_n_0x10000af72,115114,False
func_n_0x10000af7b,115440,True
func_n_0x10000b1c0,116593,True
func_n_0x10000b48e,115813,True
func_ne_0x1000027ae,115550,True
func_ne_0x100002b13,114882,True
func_ne_0x100002b47,116382,False
func_ne_0x100002b49,115424,False
func_ne_0x100002e85,115453,True
func_ne_0x100002e87,116258,False
func_ne_0x100002fbc,116520,True
func_ne_0x100002fd1,114888,True
func_ne_0x100002fd3,115134,False
func_ne_0x100003020,115837,True
func_ne_0x100003779,115597,False
func_ne_0x100003ee5,115673,True
func_ne_0x100003ee9,115051,False
func_ne_0x100003eef,115338,True
func_ne_0x100003ef1,116330,False
func_ne_0x100003ef3,116267,True
func_ne_0x100003ef5,114841,True
func_ne_0x100003ef7,115816,True
func_ne_0x100003ef9,116242,True
func_ne_0x100003efb,116682,True
func_ne_0x100003efd,115685,False
func_ne_0x100003f01,114874,True
func_ne_0x100003f05,114996,True
func_ne_0x100003f0b,116546,True
func_ne_0x100003f0d,115074,True
func_ne_0x100003f0f,114970,True
func_ne_0x100003f11,114945,True
func_ne_0x1000040f6,116018,False
func_ne_0x1000040f9,116605,False
func_ne_0x100004113,115568,True
func_ne_0x100004115,116580,True
func_ne_0x100004119,115465,True
func_ne_0x100004129,115882,False
func_ne_0x100004133,116129,False
func_ne_0x100004135,115265,True
func_ne_0x100004137,114876,False
func_ne_0x10000442b,114794,True
func_ne_0x10000480f,115328,True
func_ne_0x10000483d,115000,False
func_ne_0x100004843,115617,False
func_ne_0x100004ae8,115894,True
func_ne_0x100004e5f,115465,False
func_ne_0x100004fa2,115643,True
func_ne_0x100005a8e,116117,True
func_ne_0x100005cfa,115610,True
func_ne_0x100005cfc,116498,True
func_ne_0x100005f48,114804,False
func_ne_0x100005f60,115469,False
func_ne_0x100005f6a,115444,False
func_ne_0x1000062d9,115243,True
func_ne_0x10000634e,116573,True
func_ne_0x100006420,115717,False
func_ne_0x1000067aa,116581,True
func_ne_0x1000067b2,115665,False
func_ne_0x1000067bc,114854,False
func_ne_0x1000067c0,116215,True
func_ne_0x100006b03,116052,False
func_ne_0x1000079c3,116580,True
func_ne_0x1000079c6,115470,False
func_ne_0x100007bcd,115335,True
func_ne_0x1000080fd,116499,True
func_ne_0x100008156,115956,False
func_ne_0x100008205,115193,False
func_ne_0x100008899,115668,True
func_ne_0x10000889b,116715,False
func_ne_0x100009b5f,115076,False
func_ne_0x100009bd0,115079,True
func_ne_0x100009bd3,115228,True
func_ne_0x100009d41,115154,False
func_ne_0x100009f47,115566,False
func_ne_0x100009f6f,116649,True
func_ne_0x10000a481,115026,True
func_ne_0x10000a48b,115042,False
func_ne_0x10000a4a0,115546,True
func_ne_0x10000a63e,115153,True
func_ne_0x10000a640,115011,False
func_ne_0x10000a642,116122,True
func_ne_0x10000a6e7,116191,False
func_ne_0x10000a6e9,115791,False
func_ne_0x10000a6ee,114856,True
func_ne_0x10000a6fa,116281,True
func_ne_0x10000a702,116415,False
func_ne_0x10000a812,116219,False
func_ne_0x10000ac75,114808,False
func_ne_0x10000b4ca,116509,False
func_ne_0x10000b789,116747,True
func_ne_0x10000b7c8,115819,False
func_ne_0x10000b8c3,114992,False
func_ni_0x100007501,115249,False
func_ni_0x10000751b,116736,True
func_ni_0x100007751,114966,True
func_ni_0x10000778f,116664,False
func_ni_0x1000077c7,115954,False
func_ni_0x10000783f,114972,False
func_nn_0x100003353,115607,True
func_nn_0x100003357,116617,False
func_nn_0x10000335b,115165,True
func_nn_0x100003369,115926,True
func_nn_0x10000337b,116506,True
func_nn_0x10000337f,116705,False
func_nn_0x10000338b,115217,True
func_nn_0x10000338f,116292,False
func_nn_0x10000339b,116637,False
func_nn_0x10000339d,114978,True
func_nn_0x1000033a1,116239,False
func_nn_0x1000033a3,114908,True
func_nn_0x1000033af,115959,False
func_nn_0x1000033b1,116321,True
func_nn_0x1000033bb,115806,True
func_nn_0x1000033bd,116669,True
func_nn_0x1000033c1,116276,True
func_nn_0x1000033c5,115414,True
func_nn_0x1000033cb,115888,True
func_nn_0x1000033cf,116624,True
func_nn_0x1000033db,116449,False
func_nn_0x1000033dd,115102,True
func_nn_0x1000033df,115477,False
func_nn_0x1000033e1,115501,True
func_nn_0x1000033e9,116421,False
func_nn_0x1000033f3,116683,True
func_nn_0x1000033f7,116154,False
func_nn_0x1000033fb,115329,False
func_nn_0x1000033ff,115626,True
func_nn_0x100003403,116559,False
func_nn_0x100003405,115205,True
func_nn_0x100003409,114943,False
func_nn_0x10000340f,115654,False
func_nn_0x100003415,115501,True
func_nn_0x100003417,116477,False
func_nn_0x100003423,115409,False
func_nn_0x100003429,114958,True
func_nn_0x10000342b,114782,True
func_nn_0x10000342d,116592,False
func_nn_0x100003431,114874,True
func_nn_0x100003435,116203,True
func_nn_0x100003443,116544,False
func_nn_0x100003447,116729,False
func_nn_0x10000344f,115989,True
func_nn_0x100003459,115719,False
func_nn_0x10000345d,116115,True
func_nn_0x10000345f,115681,True
func_nn_0x10000346b,115117,True
func_nn_0x100003471,115747,False
func_nn_0x100003477,115641,False
func_nn_0x100003489,116057,False
func_nn_0x10000348b,115443,True
func_nn_0x10000348d,116264,True
func_nn_0x100003497,115790,True
func_nn_0x10000349b,116303,False
func_nn_0x10000349f,116669,False
func_nn_0x1000034a1,116501,True
func_nn_0x1000034a7,115767,False
func_nn_0x1000034ab,114820,True
func_nn_0x1000034af,116477,True
func_nn_0x1000034b7,115542,False
func_nn_0x1000034b9,116380,False
func_nn_0x1000034bb,115818,False
func_nn_0x1000034bd,115798,False
func_nn_0x1000034c7,116453,True
func_nn_0x1000034c9,116411,True
func_nn_0x1000034cd,115110,False
func_nn_0x1000034d1,114868,True
func_nn_0x1000034d7,115830,True
func_nn_0x1000034d9,116103,False
func_nn_0x1000034dd,116516,False
func_nn_0x1000034e3,115355,True
func_nn_0x1000034e7,115916,True
func_nn_0x1000034f1,114884,True
func_nn_0x1000034f3,115946,True
func_nn_0x1000034f5,114799,False
func_nn_0x1000034f9,116340,False
func_nn_0x1000034fb,115964,False
func_nn_0x100003501,116645,True
func_nn_0x100003505,116032,False
func_nn_0x100003509,115366,True
func_nn_0x10000350d,114875,False
func_nn_0x100003511,116117,False
func_nn_0x100003513,115061,False
func_nn_0x100003515,115471,True
func_nn_0x100003517,116371,True
func_nn_0x100003519,115617,True
func_nn_0x10000351b,115103,True
func_nn_0x10000351d,115724,False
func_nn_0x10000351f,115366,True
func_nn_0x100003523,116105,True
func_nn_0x10000352b,115720,False
func_nn_0x100003531,115063,False
func_nn_0x10000353b,115102,True
func_nn_0x100003545,114762,True
func_nn_0x100003549,116601,True
func_nn_0x10000354b,116446,False
func_nn_0x10000354f,116179,True
func_nn_0x100003551,116538,False
func_nn_0x100003559,115906,False
func_nn_0x10000355b,116633,True
func_nn_0x10000355d,115475,True
func_nn_0x100003563,115702,True
func_nn_0x100003567,115762,False
func_nn_0x100003569,115600,False
func_nn_0x100003577,116344,False
func_nn_0x10000357d,115496,True
func_nn_0x10000357f,116248,True
func_nn_0x100003581,115077,False
func_nn_0x10000358b,115636,True
func_nn_0x10000358f,116452,True
func_nn_0x100003591,115988,True
func_nn_0x100003595,116133,False
func_nn_0x100003597,115497,True
func_nn_0x10000359f,116532,False
func_nn_0x1000035a3,116301,True
func_nn_0x1000035ad,115857,False
func_nn_0x1000035b1,116285,True
func_nn_0x1000035b7,116379,True
func_nn_0x1000035b9,116166,False
func_nn_0x1000035c3,115196,False
func_nn_0x1000035c9,115814,True
func_nn_0x1000035d2,114781,False
func_nn_0x1000035ea,116563,True
func_nn_0x1000035f0,115970,True
func_nn_0x1000035f5,116007,True
func_nn_0x10000371d,116097,False
func_nn_0x100003729,114921,True
func_nt_0x100002fe7,115622,True
func_nt_0x1000030ff,114939,True
func_nt_0x100003146,116265,True
func_nt_0x100003157,116417,False
func_nt_0x10000315b,116183,True
func_nt_0x100004221,115449,True
func_nt_0x100004225,115159,True
func_nt_0x100004227,115926,True
func_nt_0x10000422b,115425,False
func_nt_0x10000422d,116721,False
func_nt_0x10000422f,116463,True
func_nt_0x100004245,115985,False
func_nt_0x100004247,115325,False
func_nt_0x10000424b,115484,False
func_nt_0x100004252,115311,True
func_nt_0x1000047a5,115244,False
func_nt_0x100004bfc,115588,False
func_nt_0x100004d65,114846,True
func_nt_0x100004e06,115602,True
func_nt_0x100005082,116692,True
func_nt_0x1000050bd,114831,False
func_nt_0x100005109,115750,True
func_nt_0x10000519e,115281,False
func_nt_0x100005be5,115353,False
func_nt_0x100006015,116693,True
func_nt_0x1000065f4,116468,False
func_nt_0x1000065fa,115555,False
func_nt_0x1000065fc,115634,False
func_nt_0x1000065fe,116059,True
func_nt_0x100006600,115409,True
func_nt_0x100006602,115248,True
func_nt_0x100006606,114785,False
func_nt_0x10000660a,115794,False
func_nt_0x10000660e,116161,True
func_nt_0x100006f39,116244,False
func_nt_0x100009049,116381,False
func_nt_0x10000904f,115034,True
func_nt_0x100009055,115366,False
func_nt_0x10000905b,116204,False
func_nt_0x10000905f,116484,True
func_nt_0x100009415,114811,True
func_nt_0x10000941e,115812,True
func_nt_0x100009420,115900,False
func_nt_0x100009422,116348,True
func_nt_0x100009428,116447,True
func_nt_0x10000942c,115637,False
func_nt_0x10000942e,114769,False
func_nt_0x100009430,116139,True
func_nt_0x10000998c,115153,True
func_nt_0x100009990,115048,False
func_nt_0x100009994,115365,False
func_nt_0x100009996,115965,True
func_nt_0x10000999a,115626,True
func_nt_0x1000099a2,114972,False
func_nt_0x1000099a4,115518,True
func_nt_0x1000099aa,115328,False
func_nt_0x1000099ae,115124,True
func_nt_0x100009e27,115858,True
func_nt_0x10000a977,116141,False
func_nt_0x10000aaae,115593,True
func_nt_0x10000b518,116614,True
func_nt_0x10000b7ef,116531,False
func_nt_0x10000b88b,116159,True
func_nt_0x10000b8dd,115261,False
func_nt_0x10000b8e1,116428,False
func_o0_0x10000333b,116264,False
func_o0_0x100003345,115484,True
func_o0_0x100003491,115251,True
func_o0_0x100003493,115052,False
func_oe_0x1000029bb,116352,False
func_oe_0x1000029c6,115602,True
func_oe_0x1000029c8,116477,False
func_oe_0x100002fb0,115508,True
func_oe_0x10000375f,115874,True
func_oe_0x1000046d2,116616,False
func_oe_0x1000046db,114853,True
func_oe_0x1000046dd,116714,False
func_oe_0x100004988,115039,False
func_oe_0x100004b13,114791,True
func_oe_0x100004e1a,115162,True
func_oe_0x100004e1e,115023,False
func_oe_0x10000523c,114957,True
func_oe_0x10000590d,115920,False
func_oe_0x10000590f,114862,True
func_oe_0x100005911,115380,True
func_oe_0x100005e6f,116593,False
func_oe_0x100005e74,115570,False
func_oe_0x100005e76,116357,True
func_oe_0x100005e9b,116366,False
func_oe_0x1000064c4,115275,False
func_oe_0x10000662a,115958,False
func_oe_0x100006bfe,115263,False
func_oe_0x100007c7f,115174,False
func_oe_0x100008f8b,115440,False
func_oe_0x100008fa2,115855,True
func_oe_0x100008fa6,115812,True
func_oe_0x100008fa8,115233,True
func_oe_0x100008fb1,116320,True
func_oe_0x100008fc6,115651,False
func_oe_0x100008fce,115390,True
func_oe_0x100008fd5,116689,False
func_oe_0x100008fda,115586,True
func_oe_0x100008fdc,116390,False
func_oe_0x100008fe1,115212,True
func_oe_0x1000092fe,115993,True
func_oe_0x100009779,116532,True
func_oe_0x100009b8a,115403,True
func_oe_0x100009e0c,114776,False
func_oe_0x100009e31,114780,True
func_oe_0x100009e39,114821,False
func_oe_0x100009e3f,115836,False
func_oe_0x100009e45,114805,False
func_oe_0x10000a547,116028,True
func_oe_0x10000a572,116048,False
func_oe_0x10000a735,115914,False
func_oe_0x10000a737,116684,False
func_oe_0x10000a774,114868,True
func_oe_0x10000a776,116208,False
func_oe_0x10000a77a,115420,True
func_oe_0x10000a783,115392,False
func_oe_0x10000a8e4,114959,True
func_oe_0x10000a981,114924,True
func_oe_0x10000afd0,115437,False
func_oe_0x10000afd4,115809,True
func_oe_0x10000afd6,116650,True
func_oe_0x10000afdb,116468,True
func_oe_0x10000b62b,114986,True
func_oe_0x10000b671,116344,False
func_oe_0x10000b67c,115348,False
func_oe_0x10000b680,115132,True
func_oe_0x10000b686,116675,False
func_oe_0x10000b692,116302,True
func_oe_0x10000b7bd,115776,True
func_oi_0x10000b41b,116475,False
func_oi_0x10000b45e,116320,False
func_oi_0x10000b464,116717,True
func_on_0x10000a084,115981,True
func_on_0x10000a263,116269,False
func_on_0x10000a315,115889,False
func_on_0x10000a326,116062,False
func_on_0x10000a330,115819,True
func_on_0x10000a34e,115508,False
func_on_0x10000a352,115103,False
func_on_0x10000a354,116022,False
func_on_0x10000a35a,115040,True
func_on_0x10000a360,115953,True
func_on_0x10000a366,115320,False
func_on_0x10000a36a,115869,False
func_on_0x10000a36c,115164,True
func_on_0x10000a376,115547,False
func_on_0x10000a37a,115297,False
func_on_0x10000a382,115579,False
func_on_0x10000a388,115777,False
func_on_0x10000a392,115726,True
func_on_0x10000a394,116586,False
func_on_0x10000a398,115206,False
func_on_0x10000a3a0,116220,True
func_on_0x10000a3b7,115996,True
func_on_0x10000a3b9,114808,False
func_on_0x10000a3c1,116403,False
func_on_0x10000a3cd,114909,True
func_on_0x10000a3d3,116018,True
func_on_0x10000b3d2,116268,False
func_or_0x100000866,115440,True
func_or_0x100002a3c,115086,False
func_or_0x10000abec,115800,False
func_ot_0x100002d3d,116696,True
func_ot_0x100002d5f,114893,False
func_ot_0x100002d69,115963,False
func_ot_0x100002d81,116532,False
func_ot_0x100002d83,114962,False
func_ot_0x10000306d,115897,False
func_ot_0x100005bc5,116675,False
func_ot_0x100005bc7,116088,False
func_ot_0x100006a64,116284,False
func_ot_0x100006a76,116304,False
func_ot_0x100006a9e,116003,True
func_ot_0x100006aa0,115787,True
func_ot_0x100008277,116608,True
func_ot_0x100008279,114877,False
func_ot_0x10000864e,115250,True
func_ot_0x100008684,116687,False
func_ot_0x100008694,116437,True
func_ot_0x100008ef5,115080,True
func_ot_0x100008eff,116754,False
func_ot_0x100008f01,115345,True
func_ot_0x100008f39,116126,False
func_ot_0x100008f3b,116646,True
func_ot_0x100008f3f,115079,True
func_ot_0x10000af56,116372,False
func_p_0x100000098,116334,False
func_p_0x100000362,116160,False
func_p_0x10000053d,116031,False
func_p_0x1000009c2,114786,False
func_p_0x100002b05,116520,False
func_p_0x100002ba0,115703,False
func_p_0x100002ba6,115042,False
func_p_0x100002bab,115724,False
func_p_0x100002c65,116042,False
func_p_0x100002c79,115934,False
func_p_0x100002c9c,114878,True
func_p_0x100002e12,115367,False
func_p_0x100002e15,115838,False
func_p_0x100003029,115159,True
func_p_0x100003213,116001,True
func_p_0x1000037db,116347,True
func_p_0x100003c5f,115123,False
func_p_0x100004176,116668,True
func_p_0x10000428f,114996,True
func_p_0x100004291,115445,False
func_p_0x100004293,115468,False
func_p_0x1000044a0,115769,False
func_p_0x1000044a4,115455,True
func_p_0x1000044af,116548,True
func_p_0x100004574,114868,True
func_p_0x100004576,115513,True
func_p_0x100004598,115845,True
func_p_0x10000459c,116390,True
func_p_0x10000460b,114978,True
func_p_0x100004613,115608,False
func_p_0x100004641,116142,True
func_p_0x100004653,116143,True
func_p_0x10000466a,116122,False
func_p_0x1000047c4,116752,True
func_p_0x100004956,116567,True
func_p_0x100004be5,116185,False
func_p_0x100004eff,115727,False
func_p_0x100004f0c,115551,False
func_p_0x100004f18,114769,False
func_p_0x100004f75,116194,False
func_p_0x100004fdd,114999,True
func_p_0x100005047,116497,False
func_p_0x10000553c,115569,False
func_p_0x10000584d,115202,True
func_p_0x10000587c,116121,True
func_p_0x1000058cc,115142,False
func_p_0x100005c3f,116372,False
func_p_0x100005f3b,116358,True
func_p_0x100006337,116534,True
func_p_0x100006371,115748,True
func_p_0x10000637c,115292,True
func_p_0x1000063dc,115301,True
func_p_0x1000064ea,115627,True
func_p_0x100006677,115892,True
func_p_0x100006897,114913,False
func_p_0x1000068bc,116753,False
func_p_0x1000068d8,115439,False
func_p_0x1000068eb,116297,True
func_p_0x100006b60,115790,False
func_p_0x100006b67,116733,True
func_p_0x100006de1,116754,False
func_p_0x100006e40,115044,False
func_p_0x100006e7d,115456,True
func_p_0x100007128,115863,False
func_p_0x10000717c,114993,True
func_p_0x100007467,115060,False
func_p_0x100007880,116006,True
func_p_0x1000078b8,115423,False
func_p_0x100007a00,115908,False
func_p_0x100007a9b,116014,True
func_p_0x100007b90,116081,True
func_p_0x100007f79,115607,False
func_p_0x100007fa2,116571,False
func_p_0x1000082d3,115607,False
func_p_0x1000082f5,114837,False
func_p_0x100008308,116421,False
func_p_0x1000083ac,115749,True
func_p_0x10000856b,116677,True
func_p_0x1000086ea,116622,False
func_p_0x10000878e,116197,True
func_p_0x1000087ce,115270,False
func_p_0x100008818,115328,True
func_p_0x1000089a0,115935,True
func_p_0x1000089a8,115461,True
func_p_0x1000089ac,115023,True
func_p_0x1000089b2,115983,True
func_p_0x100008cbc,115611,False
func_p_0x100008fea,116707,True
func_p_0x1000090af,114772,True
func_p_0x1000090b1,115979,False
func_p_0x1000090fb,115645,True
func_p_0x100009137,115718,True
func_p_0x100009139,115033,False
func_p_0x100009140,116063,False
func_p_0x100009142,115912,False
func_p_0x10000914a,115770,False
func_p_0x10000914c,115563,True
func_p_0x100009157,116670,False
func_p_0x10000916b,115141,True
func_p_0x10000917b,116276,False
func_p_0x10000919a,116690,False
func_p_0x10000919c,114791,False
func_p_0x1000091a3,116320,False
func_p_0x1000091ac,115143,False
func_p_0x1000091ae,115378,True
func_p_0x1000091eb,115642,False
func_p_0x1000091ed,116385,False
func_p_0x1000091f4,116134,False
func_p_0x1000091fd,116361,True
func_p_0x1000091ff,116292,False
func_p_0x100009206,115670,True
func_p_0x10000920e,115062,True
func_p_0x100009239,115951,True
func_p_0x10000924c,114990,False
func_p_0x100009254,114798,False
func_p_0x100009256,114922,True
func_p_0x100009289,115077,True
func_p_0x100009293,114846,False
func_p_0x1000092ac,115382,False
func_p_0x1000092d6,116610,True
func_p_0x1000092d8,116561,True
func_p_0x1000092e1,116275,False
func_p_0x1000092e7,116595,False
func_p_0x1000092f0,115245,True
func_p_0x1000092f2,114944,False
func_p_0x1000093a5,116316,True
func_p_0x1000093a7,116675,False
func_p_0x1000093bb,115576,False
func_p_0x100009614,116731,True
func_p_0x100009933,115634,True
func_p_0x100009a0d,115337,True
func_p_0x100009d24,115119,False
func_p_0x100009e8b,116741,False
func_p_0x100009f58,115260,False
func_p_0x100009f62,116346,False
func_p_0x10000a612,115362,True
func_p_0x10000a98a,116461,True
func_p_0x10000aa69,115558,True
func_p_0x10000aaeb,115049,True
func_p_0x10000af8b,115608,True
func_p_0x10000b15e,114988,False
func_p_0x10000b49c,115500,False
func_pe_0x100000212,115577,False
func_pe_0x100002b4f,115072,False
func_pe_0x1000046bd,115135,False
func_pe_0x100004782,114815,True
func_pe_0x100004786,115154,False
func_pe_0x1000047b2,115636,True
func_pe_0x1000047bb,115091,True
func_pe_0x10000486e,115305,True
func_pe_0x100004874,115394,False
func_pe_0x10000487c,116168,True
func_pe_0x100004880,115792,True
func_pe_0x100004aec,116268,False
func_pe_0x100004dbc,114849,True
func_pe_0x100005247,116560,True
func_pe_0x10000530f,116092,True
func_pe_0x100005489,116227,True
func_pe_0x10000548b,115465,True
func_pe_0x100005f8d,114884,True
func_pe_0x100005f8f,116735,True
func_pe_0x100005f93,116570,True
func_pe_0x100005f95,116372,False
func_pe_0x1000064c2,115007,False
func_pe_0x1000065f0,114780,False
func_pe_0x100006621,115647,True
func_pe_0x100006625,116578,False
func_pe_0x100006627,116311,True
func_pe_0x10000662b,115955,False
func_pe_0x100006ea0,116714,False
func_pe_0x100007028,116181,False
func_pe_0x100007c89,116158,True
func_pe_0x1000085f8,114851,False
func_pe_0x100008a0b,115027,False
func_pe_0x100008a0d,116064,True
func_pe_0x100008d7a,116594,False
func_pe_0x100008f9e,115678,True
func_pe_0x100008fb3,115013,True
func_pe_0x100008fb7,115978,False
func_pe_0x100008fb9,116211,False
func_pe_0x100009777,115887,False
func_pe_0x100009b88,116001,False
func_pe_0x100009dfd,114765,True
func_pe_0x100009e0d,115211,True
func_pe_0x10000a8e6,116192,False
func_pe_0x10000a97f,114843,True
func_pe_0x10000afd1,114910,True
func_pe_0x10000afdc,115302,False
func_pe_0x10000afe2,115719,True
func_pe_0x10000b02e,115480,True
func_pe_0x10000b632,116487,True
func_pe_0x10000b638,116084,True
func_pe_0x10000b69c,116404,True
func_pe_0x10000b8be,115911,True
func_pe_0x10000b8c1,115859,False
func_pe_0x10000b8e4,116268,True
func_pe_0x10000b8e8,116580,True
func_pe_0x10000b8ec,116456,False
func_pn_0x100002a68,116476,False
func_pn_0x100002a6a,116268,False
func_pn_0x100002ad1,115243,True
func_pn_0x100002ad5,115697,True
func_pn_0x100002ad7,115528,False
func_pn_0x100002ae1,115869,True
func_pn_0x100002af3,116147,False
func_pn_0x100002af7,115246,False
func_pn_0x10000532a,115038,False
func_pn_0x10000532e,116554,False
func_pn_0x100005336,116627,True
func_pn_0x10000533c,116527,True
func_pn_0x100005340,116559,False
func_pn_0x100005344,116205,False
func_pn_0x10000534c,115658,False
func_pn_0x10000534e,115580,True
func_pn_0x100005356,114815,False
func_pn_0x100005358,115069,False
func_pn_0x10000535c,116237,True
func_pn_0x100005362,116581,True
func_pn_0x10000536a,115189,True
func_pn_0x100005370,116653,False
func_pn_0x100005374,116437,False
func_pn_0x100005376,115885,True
func_pn_0x100005378,115712,True
func_pn_0x10000537a,116741,True
func_pn_0x1000097e0,116243,False
func_pn_0x1000097e4,116456,False
func_pn_0x1000097ea,115218,False
func_pn_0x1000097f0,116030,True
func_pn_0x1000097f4,116433,False
func_pn_0x1000097f6,115005,False
func_pn_0x100009800,115763,True
func_pn_0x100009804,115980,False
func_pn_0x100009808,115124,False
func_pn_0x10000a91d,116194,True
func_pn_0x10000a925,115138,False
func_pn_0x10000a927,116282,False
func_pn_0x10000a92b,115014,False
func_pr_0x100006f6f,116501,True
func_pr_0x100009cab,116742,True
func_pr_0x100009cad,115379,False
func_pr_0x10000a0ea,115484,True
func_pt_0x1000007fb,115009,True
func_pt_0x100000804,116002,False
func_pt_0x100003f20,115895,False
func_pt_0x100003f46,116375,True
func_pt_0x100003f4c,116009,True
func_pt_0x100003f52,116145,False
func_pt_0x100003f54,115454,False
func_pt_0x100003f65,115064,True
func_pt_0x100003f69,115318,False
func_pt_0x100003f6f,116450,True
func_pt_0x10000408d,116432,True
func_pt_0x10000408f,115765,True
func_pt_0x100004092,116733,False
func_pt_0x100004099,115981,False
func_pt_0x1000040af,116413,False
func_pt_0x1000040b7,115392,False
func_pt_0x1000040b9,115962,False
func_pt_0x1000040d6,116048,True
func_pt_0x1000040d8,116393,False
func_pt_0x1000040dc,116000,True
func_pt_0x1000040ea,116660,False
func_pt_0x1000040ec,116378,True
func_pt_0x100005d06,115380,True
func_pt_0x10000b47e,116195,False
func_pt_0x10000b48a,116288,False
func_q_0x100002f85,116627,False
func_q_0x100003784,114831,True
func_q_0x10000378a,115693,False
func_q_0x100003d27,115130,False
func_q_0x100003eac,116150,False
func_q_0x100003eae,115653,True
func_q_0x100003eb0,115148,True
func_q_0x100003eba,116583,False
func_q_0x100003ebe,116148,True
func_q_0x100003ec0,116746,False
func_q_0x100003eca,115558,True
func_q_0x10000473a,115044,True
func_q_0x100004745,115378,False
func_q_0x100004bb1,116407,False
func_q_0x100004e73,116145,True
func_q_0x100004e7d,115645,False
func_q_0x100004f95,115515,False
func_q_0x100005123,115504,True
func_q_0x100005129,116575,False
func_q_0x100005140,115278,False
func_q_0x100005142,116550,True
func_q_0x100005144,115663,True
func_q_0x100005146,116092,True
func_q_0x100005148,116154,False
func_q_0x10000514e,116526,False
func_q_0x100005150,115596,True
func_q_0x10000520b,116752,False
func_q_0x10000579c,116254,False
func_q_0x100005ced,116720,True
func_q_0x100005eae,115013,False
func_q_0x100005eba,115294,True
func_q_0x100005ebf,115337,True
func_q_0x100005ec7,115655,True
func_q_0x100005f35,116389,False
func_q_0x100005f9c,114916,True
func_q_0x100005ffa,116274,False
func_q_0x10000610f,115026,True
func_q_0x10000632a,114781,True
func_q_0x10000634d,115843,False
func_q_0x100006355,115545,False
func_q_0x10000635b,115728,False
func_q_0x1000063c8,115667,True
func_q_0x10000644c,115291,False
func_q_0x1000064b2,116460,True
func_q_0x1000064f9,115148,True
func_q_0x1000067c2,115710,False
func_q_0x100006d20,114983,True
func_q_0x100006e0d,116487,True
func_q_0x100006e13,115331,True
func_q_0x100006e1d,116495,False
func_q_0x100006e1f,115802,False
func_q_0x1000071e4,115514,False
func_q_0x10000720b,116400,True
func_q_0x100007213,116652,True
func_q_0x10000721c,115280,True
func_q_0x10000722c,115585,True
func_q_0x1000072fb,116035,True
func_q_0x100007304,115994,False
func_q_0x100007325,116422,True
func_q_0x100007afa,115542,False
func_q_0x100007bcf,115914,False
func_q_0x100007bd1,115966,True
func_q_0x100007bea,114905,True
func_q_0x10000808d,115391,False
func_q_0x1000080c1,115217,True
func_q_0x1000080c3,116477,True
func_q_0x1000080c9,115299,True
func_q_0x1000080cb,115836,True
func_q_0x1000080cd,115423,False
func_q_0x1000080f7,116219,True
func_q_0x1000080f9,116278,False
func_q_0x1000081e3,116167,True
func_q_0x1000081e7,115726,False
func_q_0x100008203,115836,True
func_q_0x100008595,115991,True
func_q_0x100008597,115210,True
func_q_0x10000859a,116673,False
func_q_0x10000859e,115282,False
func_q_0x1000085a0,116212,False
func_q_0x1000085a4,115693,True
func_q_0x1000085a6,114954,True
func_q_0x1000085eb,116478,False
func_q_0x1000085ed,114834,True
func_q_0x100008724,116008,True
func_q_0x100008856,115242,False
func_q_0x100008b8e,115336,True
func_q_0x100008b99,115585,True
func_q_0x100008cf1,115495,True
func_q_0x1000094a1,115072,True
func_q_0x1000094ac,116353,False
func_q_0x1000099d2,116577,False
func_q_0x1000099d4,115897,False
func_q_0x100009b37,115775,True
func_q_0x100009b39,116166,True
func_q_0x100009b3d,116214,True
func_q_0x100009b52,116258,False
func_q_0x100009b54,115710,False
func_q_0x100009baa,115245,False
func_q_0x10000a41f,116649,False
func_q_0x10000a723,116524,True
func_q_0x10000ad1b,115087,True
func_q_0x10000b13c,116440,True
func_q_0x10000b13e,115396,True
func_q_0x10000b140,116078,False
func_q_0x10000b186,115148,True
func_q_0x10000b6f4,116013,False
func_qa_0x100007cee,115461,True
func_qa_0x100007cf0,115695,False
func_qa_0x100007cf6,116182,True
func_qe_0x100002821,116701,True
func_qe_0x100002825,116259,True
func_qe_0x10000316c,115516,False
func_qe_0x10000316e,115721,True
func_qe_0x100004239,115445,False
func_qe_0x100004258,114784,False
func_qe_0x10000477b,115811,True
func_qe_0x10000477d,115778,True
func_qe_0x10000477f,116308,True
func_qe_0x1000047ac,116246,True
func_qe_0x100004bef,116331,False
func_qe_0x100004bf9,115323,False
func_qe_0x100004c0b,116107,True
func_qe_0x100004c56,116706,True
func_qe_0x100004c87,115943,False
func_qe_0x100005080,115464,False
func_qe_0x1000050a3,115940,False
func_qe_0x100005a12,115921,False
func_qe_0x100005a16,114870,True
func_qe_0x100005bdb,115549,True
func_qe_0x100005be2,116671,False
func_qe_0x100005c1d,116621,True
func_qe_0x100005c1f,116474,True
func_qe_0x100008f1f,114910,True
func_qe_0x100008f26,116037,True
func_qe_0x100008f81,116663,True
func_qe_0x100009424,115729,True
func_qe_0x100009434,116478,True
func_qe_0x100009436,115173,False
func_qe_0x100009438,115786,True
func_qe_0x10000943a,115378,False
func_qe_0x100009440,116365,False
func_qe_0x100009442,114914,False
func_qe_0x100009444,115525,False
func_qe_0x100009448,116631,True
func_qe_0x10000944a,114835,False
func_qe_0x10000999c,115470,True
func_qe_0x10000999e,115984,True
func_qe_0x1000099a0,115313,False
func_qe_0x10000afe9,115749,False
func_qe_0x10000b51a,116582,False
func_qe_0x10000b5b5,115774,True
func_qe_0x10000b87b,115452,True
func_qi_0x100003b40,115893,False
func_qi_0x100003b84,116051,True
func_qi_0x100003c1f,116706,True
func_qi_0x100003c31,115889,False
func_qn_0x10000761c,116241,False
func_qn_0x10000761e,115023,False
func_qn_0x100007624,116363,False
func_qn_0x10000762f,114849,False
func_qn_0x10000763a,115676,False
func_qn_0x10000763c,115151,False
func_qn_0x100007710,115726,True
func_qn_0x100007715,115724,True
func_qn_0x100007776,116214,False
func_qn_0x1000077a9,115668,True
func_qn_0x1000077f4,115010,False
func_qn_0x100007808,115622,False
func_qn_0x10000780c,114865,False
func_qn_0x100007817,114762,True
func_qn_0x100007819,115422,True
func_qn_0x100007834,115220,True
func_qr_0x100000807,116255,True
func_qr_0x100000809,115420,True
func_qr_0x10000080b,116637,False
func_qr_0x100000811,115031,True
func_qr_0x100000813,116761,True
func_qr_0x100000815,115063,True
func_qr_0x100000817,115187,False
func_qr_0x10000081b,115352,False
func_qr_0x100000827,116478,True
func_qr_0x10000082b,116271,True
func_qr_0x100000835,116696,True
func_qr_0x100000837,115649,False
func_qr_0x10000083b,114898,True
func_qr_0x100000841,115921,False
func_qr_0x100000845,116561,True
func_qr_0x100003f5c,114956,False
func_qr_0x100003f5e,114935,True
func_qr_0x10000409e,115616,True
func_qr_0x1000040d0,116176,True
func_qr_0x1000040e2,116447,True
func_qr_0x10000a079,116073,False
func_qr_0x10000b47f,116430,False
func_qr_0x10000b481,115534,True
func_qt_0x100007cdd,116751,True
func_r_0x100000000,115482,False
func_r_0x100000006,115597,True
func_r_0x10000000e,115139,False
func_r_0x10000001d,115478,True
func_r_0x100000041,115597,False
func_r_0x10000007a,116208,True
func_r_0x1000000b4,115031,True
func_r_0x1000000bd,116695,True
func_r_0x1000000c2,116469,True
func_r_0x100000166,116362,True
func_r_0x100000169,116426,False
func_r_0x10000017b,116685,True
func_r_0x100000186,115222,True
func_r_0x100000190,114956,True
func_r_0x100000194,114879,True
func_r_0x10000019a,116435,True
func_r_0x1000001a6,114964,False
func_r_0x10000023a,116068,True
func_r_0x100000243,115664,False
func_r_0x100000275,115810,False
func_r_0x100000297,116176,True
func_r_0x1000002db,115073,False
func_r_0x100000338,115342,True
func_r_0x100000343,115863,True
func_r_0x100000365,115951,False
func_r_0x1000003b7,116690,False
func_r_0x1000003bd,115433,True
func_r_0x1000003d4,114828,False
func_r_0x100000414,116613,False
func_r_0x100000420,115501,True
func_r_0x100000423,115055,False
func_r_0x100000426,116492,True
func_r_0x10000044b,116394,False
func_r_0x100000458,115649,False
func_r_0x10000045d,115927,True
func_r_0x10000047b,116732,True
func_r_0x100000492,116228,True
func_r_0x1000004af,115710,False
func_r_0x1000004b2,115915,False
func_r_0x1000004b8,114924,False
func_r_0x1000004be,116325,True
func_r_0x1000004c1,115088,False
func_r_0x1000004c4,115564,False
func_r_0x1000004ca,115428,True
func_r_0x1000004d1,116339,True
func_r_0x1000004d3,114981,True
func_r_0x1000004db,115261,True
func_r_0x100000500,115749,True
func_r_0x100000507,115421,False
func_r_0x100000512,115466,False
func_r_0x100000515,116490,True
func_r_0x100000533,116668,False
func_r_0x10000056f,116287,True
func_r_0x100000573,114917,False
func_r_0x100000575,115699,True
func_r_0x1000005bc,116380,True
func_r_0x1000005c5,116114,False
func_r_0x1000007ac,115753,True
func_r_0x100000871,115933,True
func_r_0x100000873,115650,False
func_r_0x10000087e,116463,True
func_r_0x100000891,115987,False
func_r_0x100000894,115042,False
func_r_0x10000089c,115089,True
func_r_0x1000008a6,115589,True
func_r_0x1000008ad,115927,True
func_r_0x1000008d2,115459,False
func_r_0x1000008e9,115338,False
func_r_0x1000008ed,115901,True
func_r_0x100000910,114877,True
func_r_0x100000912,114890,False
func_r_0x10000095f,115151,False
func_r_0x100000969,115432,False
func_r_0x10000096b,116752,True
func_r_0x10000096e,116345,False
func_r_0x10000097e,116165,True
func_r_0x100000987,115871,True
func_r_0x100000994,114866,True
func_r_0x100000996,115294,False
func_r_0x1000009b3,114945,True
func_r_0x1000009bf,115594,False
func_r_0x10000273e,116428,True
func_r_0x100002b85,115022,True
func_r_0x100002bd5,116126,False
func_r_0x100002c8a,115202,True
func_r_0x100002d0b,116179,True
func_r_0x100002d14,116064,True
func_r_0x1000031d2,115386,True
func_r_0x100003216,114868,False
func_r_0x100003790,115641,True
func_r_0x10000384e,116597,False
func_r_0x100003860,114848,True
func_r_0x100003cf7,115966,True
func_r_0x100003f18,116159,False
func_r_0x100004150,115190,True
func_r_0x10000417e,114997,False
func_r_0x100004277,115647,False
func_r_0x100004369,115651,True
func_r_0x100004479,115614,False
func_r_0x100004497,116554,False
func_r_0x100004569,115912,True
func_r_0x10000458a,115911,False
func_r_0x1000045a5,116456,False
func_r_0x1000045a7,115256,True
func_r_0x10000461d,115175,True
func_r_0x10000462e,115476,False
func_r_0x10000489a,116503,False
func_r_0x100004a84,116031,False
func_r_0x100004ab4,116283,False
func_r_0x100004b3c,116324,False
func_r_0x100004f67,116693,False
func_r_0x100005006,116638,False
func_r_0x10000503e,115691,False
func_r_0x10000513d,116324,True
func_r_0x10000517b,115402,True
func_r_0x10000528c,116740,True
func_r_0x1000057ed,116259,True
func_r_0x100005876,115101,True
func_r_0x100005884,115623,True
func_r_0x10000588d,115866,False
func_r_0x1000059af,116597,False
func_r_0x100005ea8,115041,False
func_r_0x10000603b,115589,False
func_r_0x10000609f,115746,False
func_r_0x100006133,116437,True
func_r_0x1000061e1,115656,True
func_r_0x10000629f,116578,True
func_r_0x1000062df,114894,True
func_r_0x100006474,115397,False
func_r_0x1000064e0,115432,False
func_r_0x100006528,116168,True
func_r_0x100006981,116167,False
func_r_0x100006984,114950,True
func_r_0x10000699b,116514,False
func_r_0x100006af6,114954,True
func_r_0x1000074f9,116391,True
func_r_0x1000078aa,116295,False
func_r_0x1000078b3,115320,False
func_r_0x10000792c,116125,False
func_r_0x100007997,115259,True
func_r_0x10000799a,115127,False
func_r_0x100007a21,116652,False
func_r_0x100007b38,116659,False
func_r_0x100008418,116022,True
func_r_0x10000857b,115682,False
func_r_0x1000086d3,115872,False
func_r_0x1000086d7,114813,True
func_r_0x10000892d,115608,False
func_r_0x10000892f,115988,True
func_r_0x100008931,115530,True
func_r_0x100008933,114927,False
func_r_0x100008935,115929,True
func_r_0x100008937,115562,False
func_r_0x100008939,116597,False
func_r_0x10000893b,115959,True
func_r_0x10000893d,116299,False
func_r_0x10000893f,116678,False
func_r_0x100008941,115433,False
func_r_0x100008943,115328,False
func_r_0x100008945,114843,False
func_r_0x100008947,114964,False
func_r_0x100008956,115379,True
func_r_0x10000897d,115121,True
func_r_0x10000897f,115152,False
func_r_0x100008981,115193,False
func_r_0x100008984,115474,False
func_r_0x1000089af,115550,True
func_r_0x100008cfa,116408,False
func_r_0x100008d1e,115225,True
func_r_0x100008e0c,115042,True
func_r_0x100008e33,115504,True
func_r_0x100008e3b,116617,False
func_r_0x100008e47,116422,False
func_r_0x100008e50,115682,True
func_r_0x100008e58,115901,True
func_r_0x100008ead,115085,True
func_r_0x10000909f,115196,True
func_r_0x100009102,116389,False
func_r_0x1000094ef,116211,False
func_r_0x100009502,116483,True
func_r_0x10000972a,116261,False
func_r_0x100009947,115899,True
func_r_0x100009a25,115455,False
func_r_0x100009e73,115755,True
func_r_0x100009eb1,115830,False
func_r_0x10000a99e,116332,True
func_r_0x10000aa5b,114984,False
func_r_0x10000aa68,116707,True
func_r_0x10000ace7,115826,False
func_r_0x10000af82,115923,True
func_r_0x10000af88,115867,True
func_r_0x10000b07d,115557,True
func_r_0x10000b155,115872,True
func_r_0x10000b953,116263,True
func_ra_0x100003f78,115057,False
func_ra_0x100003f8c,115476,False
func_re_0x10000020d,116060,False
func_re_0x100002888,115496,True
func_re_0x100002892,116479,True
func_re_0x100002982,115258,True
func_re_0x1000030ca,115468,False
func_re_0x1000046aa,116553,True
func_re_0x1000046ac,116390,True
func_re_0x1000046b8,116345,True
func_re_0x1000046d8,115124,False
func_re_0x1000046e1,116673,True
func_re_0x1000046e5,114991,False
func_re_0x100004982,116605,False
func_re_0x100004984,114812,True
func_re_0x100004986,115053,True
func_re_0x100004a67,115311,False
func_re_0x100004b1b,116672,True
func_re_0x1000052c0,116755,False
func_re_0x10000590b,116754,True
func_re_0x100005e45,116374,True
func_re_0x100005e4a,115237,False
func_re_0x100005e56,115347,True
func_re_0x100005e6d,115004,True
func_re_0x100005e96,115771,False
func_re_0x100005f00,116155,False
func_re_0x100005f64,115171,True
func_re_0x100006510,116533,True
func_re_0x100006c06,115240,False
func_re_0x100007a38,114925,True
func_re_0x100007a3b,116607,True
func_re_0x100007a3d,116280,False
func_re_0x100007a61,116681,True
func_re_0x100007c75,116267,True
func_re_0x100007c87,116535,True
func_re_0x1000081d5,115782,True
func_re_0x100008b57,116438,True
func_re_0x100008d6a,116465,True
func_re_0x100008d7d,116434,False
func_re_0x100008fc9,116091,False
func_re_0x100008fcc,115094,True
func_re_0x1000096dd,115307,False
func_re_0x1000096df,116249,True
func_re_0x100009949,115416,True
func_re_0x100009df2,115661,False
func_re_0x100009e00,116616,True
func_re_0x100009e22,115186,False
func_re_0x100009e35,115951,False
func_re_0x100009e3b,116609,False
func_re_0x10000a482,116566,False
func_re_0x10000a495,114884,False
func_re_0x10000a554,115830,False
func_re_0x10000a58d,115664,True
func_re_0x10000a684,115249,False
func_re_0x10000a6a1,116463,False
func_re_0x10000a772,115084,True
func_re_0x10000a778,115962,False
func_re_0x10000a781,115706,True
func_re_0x10000a787,116294,False
func_re_0x10000a78d,116310,False
func_re_0x10000a792,116265,True
func_re_0x10000a794,116715,False
func_re_0x10000a9e7,116684,False
func_re_0x10000b523,115644,True
func_re_0x10000b5ce,116109,True
func_re_0x10000b657,114836,False
func_re_0x10000b659,115365,False
func_re_0x10000b66d,115445,True
func_re_0x10000b66f,116184,True
func_re_0x10000b677,116130,True
func_re_0x10000b67a,115834,False
func_re_0x10000b67e,115540,False
func_re_0x10000b682,116141,True
func_re_0x10000b684,114767,True
func_re_0x10000b688,116106,False
func_re_0x10000b68a,116682,True
func_re_0x10000b68c,114929,True
func_re_0x10000b68e,115773,False
func_re_0x10000b726,115280,True
func_ri_0x100002a3d,116202,False
func_ri_0x100002a4f,116436,False
func_ri_0x100006f89,115685,True
func_ri_0x100009fde,116521,True
func_ri_0x100009ffc,115407,True
func_ri_0x10000a966,116085,False
func_ri_0x10000b33c,115845,True
func_rn_0x100000606,114845,True
func_rn_0x100000850,115620,True
func_rn_0x100000875,115042,True
func_rn_0x10000088d,114816,False
func_rn_0x100005591,114998,False
func_rn_0x1000055a1,115354,False
func_rn_0x1000055a5,115198,False
func_rn_0x1000056f0,116313,False
func_rn_0x1000056fa,115379,True
func_rn_0x10000aba5,115722,True
func_rn_0x10000ac3a,115918,True
func_rn_0x10000ac3c,115640,False
func_ro_0x100005d0c,115666,False
func_ro_0x100005d0e,115237,True
func_ro_0x100005e13,115097,False
func_rr_0x100000610,116077,False
func_rr_0x1000056bb,115166,False
func_rr_0x100005779,115465,True
func_rr_0x100006038,116485,True
func_rr_0x10000609e,115741,False
func_rt_0x100003f28,115491,False
func_rt_0x10000a319,114815,True
func_rt_0x10000a31f,114925,True
func_rt_0x10000a321,116488,False
func_rt_0x10000a324,114873,True
func_rt_0x10000a32a,115615,False
func_rt_0x10000a346,116302,True
func_rt_0x10000a348,116619,False
func_rt_0x10000a34c,116377,False
func_rt_0x10000a35e,115320,False
func_rt_0x10000a364,115354,True
func_rt_0x10000a36f,115530,False
func_rt_0x10000a380,115538,False
func_rt_0x10000a38c,115653,False
func_rt_0x10000a38e,114841,False
func_rt_0x10000a39e,116658,False
func_rt_0x10000a3a4,116744,False
func_rt_0x10000a3ab,115845,False
func_rt_0x10000a3c5,115280,False
func_rt_0x10000a3cb,115904,True
func_rt_0x10000b437,115195,False
func_s_0x100000097,116137,False
func_s_0x100000220,115137,True
func_s_0x100000261,115240,False
func_s_0x1000003a8,114886,False
func_s_0x10000041a,116169,False
func_s_0x100000428,115697,True
func_s_0x100000487,115892,False
func_s_0x1000004cd,114813,True
func_s_0x1000004ef,115266,False
func_s_0x100000547,115015,True
func_s_0x100000596,115441,True
func_s_0x1000005b5,116223,False
func_s_0x1000008f4,116111,False
func_s_0x100000974,115209,True
func_s_0x1000009ad,116468,True
func_s_0x100002747,116376,False
func_s_0x1000027b9,116453,True
func_s_0x100002b8f,115278,False
func_s_0x100002bae,116212,False
func_s_0x100002c78,116206,False
func_s_0x1000031e0,115129,False
func_s_0x1000031ec,115640,False
func_s_0x10000372f,115899,True
func_s_0x1000037c0,116168,True
func_s_0x10000385d,115887,True
func_s_0x100004157,115495,True
func_s_0x1000042e9,114795,False
func_s_0x100004357,116398,False
func_s_0x100004382,116720,False
func_s_0x10000439c,115464,False
func_s_0x1000043b6,115523,False
func_s_0x1000043e1,115969,True
func_s_0x1000045a9,115689,False
func_s_0x1000045ae,116504,False
func_s_0x1000045ed,116541,True
func_s_0x1000045f2,116371,True
func_s_0x100004636,116150,True
func_s_0x100004681,116105,True
func_s_0x10000488f,116218,True
func_s_0x100004a98,115638,False
func_s_0x100004b6c,115299,False
func_s_0x100004b75,116366,True
func_s_0x100004b7b,115678,True
func_s_0x100004bce,115073,True
func_s_0x100004bdc,116400,False
func_s_0x100004f09,115324,False
func_s_0x100004f69,116679,False
func_s_0x100004fdc,115162,True
func_s_0x100004fec,115857,False
func_s_0x100005837,116194,False
func_s_0x10000583d,116347,False
func_s_0x10000585c,116651,True
func_s_0x100005860,115788,False
func_s_0x10000586e,116400,True
func_s_0x10000587f,114829,True
func_s_0x100005970,116394,True
func_s_0x10000597f,116335,False
func_s_0x100005996,116680,False
func_s_0x1000059b3,116294,True
func_s_0x1000059b7,116260,True
func_s_0x100005f3a,115489,False
func_s_0x100005fbd,114765,False
func_s_0x100006386,116638,False
func_s_0x1000063f5,115040,True
func_s_0x100006873,114965,True
func_s_0x1000068d2,116041,True
func_s_0x1000068ea,115790,False
func_s_0x100006953,116586,False
func_s_0x100006d94,115948,True
func_s_0x100007047,116227,True
func_s_0x100007124,115377,True
func_s_0x100007140,116476,False
func_s_0x1000078a3,116528,True
func_s_0x1000078b0,115853,False
func_s_0x1000078b7,115910,False
func_s_0x1000078ce,115457,False
func_s_0x100007975,115758,True
func_s_0x100007a9a,115191,False
func_s_0x100007aaa,115368,True
func_s_0x100007f78,116409,False
func_s_0x10000838a,114981,False
func_s_0x100008437,115331,True
func_s_0x100008779,115075,True
func_s_0x100008a91,114874,True
func_s_0x100008a96,116331,False
func_s_0x100008aaf,116732,True
func_s_0x100008ab7,116299,False
func_s_0x100008acb,116439,False
func_s_0x100008bc6,116507,False
func_s_0x100008c37,115987,True
func_s_0x100008c96,115814,False
func_s_0x100008d47,116758,True
func_s_0x100008e12,115705,True
func_s_0x100008e3f,116050,True
func_s_0x100008e4c,116528,False
func_s_0x100008e5c,115545,True
func_s_0x100008eb1,115631,False
func_s_0x100008ebf,115263,False
func_s_0x1000090a1,116749,False
func_s_0x1000090c4,116285,True
func_s_0x1000090dd,116522,True
func_s_0x1000090fa,115724,True
func_s_0x100009132,115111,False
func_s_0x100009151,116684,True
func_s_0x10000915a,115975,True
func_s_0x100009163,115459,False
func_s_0x10000916e,116623,True
func_s_0x100009178,115305,False
func_s_0x100009197,116454,True
func_s_0x1000091a8,115630,False
func_s_0x1000091f0,115616,True
func_s_0x100009202,115058,False
func_s_0x100009214,115397,True
func_s_0x100009249,115637,True
func_s_0x100009259,116057,True
func_s_0x10000939c,115758,False
func_s_0x10000947f,116306,False
func_s_0x1000094f5,116167,False
func_s_0x1000098f6,116078,True
func_s_0x100009904,116407,False
func_s_0x10000991e,115297,True
func_s_0x10000992b,116143,False
func_s_0x100009941,115048,True
func_s_0x100009e76,115409,False
func_s_0x100009f50,114902,True
func_s_0x10000a142,116497,True
func_s_0x10000a16a,116456,True
func_s_0x10000a19b,115345,True
func_s_0x10000a7b8,115783,False
func_s_0x10000a882,115546,False
func_s_0x10000aa33,115310,True
func_s_0x10000acd3,115272,True
func_s_0x10000ae68,116125,False
func_s_0x10000b5b8,115244,True
func_s_0x10000b94c,114794,True
func_s_0x10000b95a,115720,False
func_s_0x10000b964,116595,True
func_sa_0x100007338,114854,False
func_sa_0x100007340,115898,True
func_sa_0x100007348,115715,True
func_sa_0x100007371,116597,True
func_se_0x100002897,115841,False
func_se_0x1000029c3,115736,False
func_se_0x100002fae,116412,True
func_se_0x100003766,116415,False
func_se_0x1000046ba,115688,True
func_se_0x10000478c,115390,True
func_se_0x10000478e,116047,True
func_se_0x1000047b0,114944,False
func_se_0x1000047ba,116031,False
func_se_0x1000047e9,115891,False
func_se_0x100004a1c,114888,True
func_se_0x100004a69,115023,False
func_se_0x100004ae9,115294,True
func_se_0x100004b17,115416,False
func_se_0x100004b19,116192,True
func_se_0x10000524d,116397,True
func_se_0x100005250,115780,False
func_se_0x1000052d1,115400,True
func_se_0x10000591d,116459,False
func_se_0x100005942,116525,False
func_se_0x100005e4c,116400,False
func_se_0x100005f0d,115769,True
func_se_0x1000064be,116542,True
func_se_0x1000064c8,115788,True
func_se_0x1000069c3,115402,True
func_se_0x1000069d8,114981,False
func_se_0x100006bfc,115575,False
func_se_0x10000700b,115474,False
func_se_0x100007a67,114953,True
func_se_0x10000819d,116710,False
func_se_0x100008a84,116329,True
func_se_0x100008d63,116571,False
func_se_0x100008f9a,115994,True
func_se_0x100008fa0,115159,True
func_se_0x100008fa4,115497,True
func_se_0x100008faa,116084,True
func_se_0x100008fbd,116525,False
func_se_0x100008fe5,115736,True
func_se_0x10000994a,116157,False
func_se_0x100009de3,116307,True
func_se_0x100009e0f,116010,False
func_se_0x100009e37,115619,False
func_se_0x100009e47,116172,False
func_se_0x10000a68d,115226,True
func_se_0x10000a6a8,116413,False
func_se_0x10000a739,116471,False
func_se_0x10000a73b,115053,True
func_se_0x10000a77c,116346,True
func_se_0x10000a796,116310,True
func_se_0x10000a799,115377,True
func_se_0x10000a8dd,115956,False
func_se_0x10000a985,116162,True
func_se_0x10000a987,116359,True
func_se_0x10000a9da,116662,True
func_se_0x10000b027,115807,True
func_se_0x10000b66b,115363,True
func_se_0x10000b6a1,115707,True
func_se_0x10000b6a3,115137,True
func_se_0x10000b6a9,115194,False
func_se_0x10000b6e9,116002,True
func_se_0x10000b716,115248,False
func_se_0x10000b7bb,114943,False
func_se_0x10000b8f1,116223,True
func_sn_0x100002d22,114820,True
func_sn_0x10000800d,114762,False
func_sn_0x100008019,115091,False
func_sn_0x1000097bb,115426,False
func_sn_0x10000982c,115198,False
func_sn_0x10000a91c,116724,True
func_sn_0x10000b206,116486,True
func_sn_0x10000b208,115417,False
func_sn_0x10000b20a,116209,True
func_sn_0x10000b20e,116386,True
func_sn_0x10000b210,114810,True
func_sn_0x10000b212,115560,False
func_sn_0x10000b218,114989,False
func_sn_0x10000b21e,114820,True
func_sn_0x10000b222,115488,True
func_sn_0x10000b224,115176,True
func_sn_0x10000b226,116362,True
func_sn_0x10000b228,116069,True
func_sn_0x10000b22a,116024,False
func_sn_0x10000b22e,116092,True
func_sn_0x10000b234,116539,True
func_sn_0x10000b23a,115244,False
func_sn_0x10000b23c,115898,False
func_sn_0x10000b240,115897,True
func_sn_0x10000b244,115722,False
func_sn_0x10000b24e,116285,True
func_sn_0x10000b2e0,115990,True
func_so_0x100003fad,115023,True
func_so_0x100003faf,115880,False
func_so_0x100003fb7,115960,True
func_so_0x100003fb9,116180,True
func_so_0x100003fbb,114794,False
func_so_0x100003fcd,115412,True
func_so_0x100003fcf,115166,True
func_so_0x100003fd3,116584,False
func_so_0x100003fdb,116444,True
func_so_0x100003fdd,115150,True
func_so_0x100003fdf,116627,True
func_so_0x100003fe7,116342,True
func_so_0x100003feb,116258,False
func_so_0x100003fed,115044,True
func_so_0x100003fef,116537,True
func_sr_0x100000608,115760,True
func_sr_0x100000853,115732,False
func_sr_0x10000556b,115190,False
func_sr_0x10000556f,116417,True
func_sr_0x100005579,115699,False
func_sr_0x10000558b,115644,True
func_sr_0x100005622,116343,False
func_sr_0x100005624,114942,False
func_sr_0x100005626,116338,False
func_sr_0x10000562c,115219,False
func_sr_0x1000056f2,115301,False
func_sr_0x1000056f4,116031,True
func_sr_0x1000056f8,116602,False
func_sr_0x10000571e,115141,False
func_sr_0x100005720,115213,False
func_sr_0x10000575a,115412,False
func_sr_0x10000575c,116455,True
func_sr_0x10000ac29,115994,False
func_st_0x100002a66,116600,True
func_st_0x100002a7a,116692,False
func_st_0x100002a7c,116650,True
func_st_0x100002a7e,114804,True
func_st_0x100002a80,115697,True
func_st_0x100002a82,116613,True
func_st_0x100002a86,115837,True
func_st_0x100002a88,116126,False
func_st_0x100002ad9,115383,True
func_st_0x100002adf,115008,False
func_st_0x100002ae3,115134,True
func_st_0x100002ae7,116698,True
func_st_0x100002aed,114881,True
func_st_0x100002af9,115274,False
func_st_0x100002d31,116157,True
func_st_0x100002d33,116616,False
func_st_0x100005325,114956,False
func_st_0x100005328,116380,True
func_st_0x10000532c,114887,True
func_st_0x100005330,115264,False
func_st_0x100005334,116517,True
func_st_0x100005338,116390,True
func_st_0x10000533a,115770,True
func_st_0x10000533e,114816,False
func_st_0x100005342,116527,False
func_st_0x100005348,116177,True
func_st_0x100005350,116132,True
func_st_0x100005352,115141,False
func_st_0x100005354,115774,False
func_st_0x10000535a,115400,False
func_st_0x10000535e,115731,True
func_st_0x100005360,116208,True
func_st_0x100005364,115854,True
func_st_0x100005368,116489,True
func_st_0x10000536e,115895,True
func_st_0x10000537c,115519,True
func_st_0x10000537e,116302,True
func_st_0x1000060e8,115871,False
func_st_0x1000097e2,115738,False
func_st_0x1000097e6,116125,False
func_st_0x100009802,114777,True
func_st_0x100009806,116730,True
func_st_0x10000980a,115974,True
func_st_0x100009cd2,114825,False
func_st_0x100009ce5,115334,True
func_st_0x100009ceb,116243,False
func_st_0x10000a92f,116229,False
func_st_0x10000ae33,116177,False
func_st_0x10000b1f4,115564,False
func_st_0x10000b1f8,116580,False
func_t0_0x100003714,115705,False
func_t_0x10000484e,115941,False
func_t_0x100004c92,116040,True
func_t_0x100004c94,115205,False
func_t_0x100004d5a,115841,True
func_t_0x100004dd3,115698,True
func_t_0x1000051e8,116008,False
func_t_0x100005bcc,114836,True
func_t_0x1000067fc,115573,True
func_t_0x100006820,116699,False
func_t_0x100006fce,115801,False
func_t_0x10000aff3,115848,False
func_t_0x10000b296,115364,False
func_t_0x10000b298,114964,False
func_t_0x10000b29a,116490,True
func_t_0x10000b29e,116407,True
func_t_0x10000b2a2,115633,False
func_t_0x10000b2a4,116678,False
func_t_0x10000b2aa,115144,False
func_t_0x10000b2ae,115261,True
func_t_0x10000b2b0,115198,False
func_t_0x10000b2b2,115540,True
func_t_0x10000b2b6,116230,True
func_t_0x10000b2ba,116363,False
func_t_0x10000b2bc,116221,False
func_t_0x10000b2c0,115972,False
func_t_0x10000b2c6,115142,False
func_t_0x10000b2c8,116492,False
func_t_0x10000b2ca,116455,False
func_t_0x10000b85c,115989,False
func_t_0x10000b85e,116549,True
func_ta_0x100003f72,116349,True
func_ta_0x100003f82,115239,True
func_te_0x10000288c,115031,False
func_te_0x100002895,115756,False
func_te_0x100002978,114968,True
func_te_0x10000297c,115608,True
func_te_0x10000297e,115879,False
func_te_0x1000029bd,115929,False
func_te_0x1000029c1,115793,True
func_te_0x1000029c5,116335,True
func_te_0x1000029cb,115263,True
func_te_0x100002fa9,115958,True
func_te_0x1000046b2,116004,True
func_te_0x1000046b6,116653,True
func_te_0x1000046d0,115770,False
func_te_0x1000046d6,116296,True
func_te_0x1000046df,116083,True
func_te_0x1000046e3,116397,False
func_te_0x1000046e7,115089,False
func_te_0x100004727,116562,True
func_te_0x100004729,116181,False
func_te_0x100004779,115575,False
func_te_0x100004a61,114832,False
func_te_0x100004a63,115450,False
func_te_0x100004a65,115536,False
func_te_0x100004e24,115793,False
func_te_0x100004e27,115945,False
func_te_0x1000052c2,115275,False
func_te_0x100005468,115976,False
func_te_0x100005486,116109,True
func_te_0x100005e43,116116,False
func_te_0x100005e47,116111,False
func_te_0x100005e72,115219,False
func_te_0x100005ea5,115989,False
func_te_0x100005f0b,115942,True
func_te_0x1000064fc,116311,False
func_te_0x10000650e,116740,False
func_te_0x100006512,116070,True
func_te_0x100006514,115147,False
func_te_0x100006516,116652,True
func_te_0x100006518,115711,False
func_te_0x10000651a,115608,True
func_te_0x100006522,115220,False
func_te_0x100006c00,115513,True
func_te_0x100007025,115315,True
func_te_0x100007a43,115287,True
func_te_0x100007a5d,115073,True
func_te_0x100007a5f,115724,False
func_te_0x100007a6b,116378,True
func_te_0x100007a71,115861,False
func_te_0x100007c73,116562,False
func_te_0x100007c77,115580,True
func_te_0x100007c79,116445,False
func_te_0x100007c83,116595,False
func_te_0x100007c85,115181,False
func_te_0x100007c95,115898,False
func_te_0x100008d90,115549,False
func_te_0x100008ee0,116581,False
func_te_0x1000096da,115969,True
func_te_0x1000096e1,116670,True
func_te_0x1000096e3,116222,False
func_te_0x100009b85,116682,True
func_te_0x100009df0,115459,False
func_te_0x100009e12,115873,True
func_te_0x100009e14,115349,False
func_te_0x100009e33,114856,True
func_te_0x100009e3d,115975,True
func_te_0x10000a513,116281,True
func_te_0x10000a550,115695,True
func_te_0x10000a588,115914,True
func_te_0x10000a68c,116302,True
func_te_0x10000a76c,114905,True
func_te_0x10000a76e,116275,False
func_te_0x10000a770,115688,False
func_te_0x10000a77f,114867,True
func_te_0x10000a785,116089,True
func_te_0x10000a78b,115785,True
func_te_0x10000a78f,115787,False
func_te_0x10000a8b4,115915,False
func_te_0x10000a9e3,116157,False
func_te_0x10000b62d,116661,False
func_te_0x10000b631,115424,False
func_te_0x10000b65b,115549,False
func_te_0x10000b65d,116590,False
func_te_0x10000b661,115610,False
func_te_0x10000b663,115558,True
func_te_0x10000b665,115447,False
func_te_0x10000b669,116248,False
func_te_0x10000b675,115888,False
func_tn_0x100002d56,116518,False
func_tn_0x100002d58,116160,False
func_tn_0x100005b0f,116266,True
func_tn_0x100005b27,116013,True
func_tn_0x100006a34,115261,True
func_tn_0x100006a38,115625,True
func_tn_0x100006a3b,115169,True
func_tn_0x10000868c,116346,True
func_tn_0x1000097b8,116077,True
func_tn_0x1000097cf,115993,False
func_tn_0x1000097d1,116234,True
func_tn_0x1000097db,115029,True
func_tn_0x1000097de,114877,False
func_tn_0x10000981d,116689,True
func_tn_0x100009832,116609,False
func_tn_0x100009880,114950,True
func_tn_0x100009894,116338,False
func_tn_0x100009a28,114808,False
func_tn_0x10000b203,115535,False
func_tr_0x100004991,115127,False
func_tr_0x1000056a5,116724,False
func_tr_0x1000056a9,116411,False
func_tr_0x1000056ad,115883,True
func_tr_0x1000056b3,115098,True
func_tr_0x1000056b5,114768,True
func_tr_0x1000056c1,115554,False
func_tr_0x1000056c3,115176,True
func_tr_0x1000056c5,115824,True
func_tr_0x1000056c7,115974,True
func_tr_0x1000056c9,116117,True
func_tr_0x1000056cb,115634,False
func_tr_0x1000056cd,116059,True
func_tr_0x1000056cf,115477,False
func_tr_0x1000056d7,115300,True
func_tr_0x1000056d9,115120,True
func_tr_0x1000056db,115319,True
func_tr_0x1000056df,115431,False
func_tr_0x1000056e3,115770,True
func_tr_0x1000056e7,116093,False
func_tr_0x100005783,115017,True
func_tr_0x10000604a,116451,True
func_tr_0x100006059,116367,False
func_tr_0x100006067,114934,True
func_tr_0x10000609c,115254,True
func_tr_0x1000060f1,116400,True
func_tr_0x100009bf6,114785,True
func_tt_0x100003062,116456,False
func_tt_0x100003064,116707,False
func_tt_0x100003098,115069,True
func_tt_0x10000309a,114811,False
func_tt_0x10000309c,115167,False
func_tt_0x1000030a2,115607,True
func_tt_0x1000030a4,115644,False
func_tt_0x1000030a8,115271,False
func_tt_0x1000030aa,114864,True
func_tt_0x1000030ae,116407,False
func_tt_0x1000030b0,115570,False
func_tt_0x1000030b2,116605,False
func_tt_0x1000030b8,115677,False
func_tt_0x10000484f,116362,False
func_tt_0x100004851,114819,False
func_tt_0x100004d16,114795,True
func_tt_0x100004d2e,116381,False
func_tt_0x100004d30,115049,True
func_tt_0x100004d32,116530,False
func_tt_0x100004d34,116528,True
func_tt_0x100004d5b,114999,True
func_tt_0x100004d5d,116092,False
func_tt_0x100004d5f,115214,True
func_tt_0x10000518a,115695,True
func_tt_0x100006fca,115266,True
func_tt_0x10000821a,116365,True
func_tt_0x1000095a3,115577,False
func_tt_0x1000095ab,115567,True
func_tt_0x10000a208,115411,True
func_tt_0x10000a20a,115659,True
func_tt_0x10000a20e,115759,True
func_tt_0x10000a210,116172,True
func_tt_0x10000a212,115629,False
func_tt_0x10000a214,115732,True
func_tt_0x10000a218,116310,False
func_tt_0x10000a21c,115787,False
func_tt_0x10000a21e,115845,True
func_tt_0x10000a220,115858,False
func_tt_0x10000a222,114865,True
func_tt_0x10000a224,114885,True
func_tt_0x10000a22c,115537,False
func_tt_0x10000a22e,115829,True
func_tt_0x10000a232,115968,False
func_tt_0x10000a240,116747,True
func_tt_0x10000a244,115344,True
func_tt_0x10000a246,114971,False
func_tt_0x10000a248,114934,True
func_tt_0x10000a24a,115833,True
func_tt_0x10000a24e,115430,False
func_tt_0x10000a250,116091,False
func_tt_0x10000a254,115567,False
func_tt_0x10000a8f6,115407,True
func_tt_0x10000a8fa,115319,False
func_tt_0x10000a90c,114769,False
func_tt_0x10000add1,116408,False
func_tt_0x10000af2d,116495,False
func_tt_0x10000af31,115469,True
func_tt_0x10000af35,116651,False
func_tt_0x10000af39,116453,False
func_tt_0x10000af3b,116629,False
func_tt_0x10000af45,115036,False
func_tt_0x10000af4b,116253,True
func_u_0x1000001ae,116247,False
func_u_0x10000025e,114900,True
func_u_0x1000002e8,116571,False
func_u_0x10000035b,116556,False
func_u_0x10000039c,114947,False
func_u_0x1000003ce,116636,True
func_u_0x100000446,116459,True
func_u_0x100000466,115209,True
func_u_0x10000056a,115033,True
func_u_0x1000005f5,116581,False
func_u_0x1000008f8,116453,True
func_u_0x100000933,115839,False
func_u_0x100002ba3,116285,True
func_u_0x100002c62,116760,False
func_u_0x100002ca3,116098,False
func_u_0x100002dff,116238,True
func_u_0x100002e3b,116159,True
func_u_0x100002efb,116061,False
func_u_0x100002f39,115802,False
func_u_0x10000302f,115214,False
func_u_0x100003200,116616,False
func_u_0x100003217,115729,True
func_u_0x1000037a3,115047,True
func_u_0x1000037cd,116148,True
func_u_0x1000037cf,115495,False
func_u_0x1000037d9,114944,True
func_u_0x100004151,115953,False
func_u_0x100004445,116058,False
func_u_0x100004448,114842,True
func_u_0x100004452,116089,False
func_u_0x10000449f,116180,True
func_u_0x10000455f,116740,True
func_u_0x1000045ba,115286,False
func_u_0x100004627,116202,False
func_u_0x1000046f0,115567,True
func_u_0x1000047cb,116486,True
func_u_0x100004be4,114867,False
func_u_0x100004ce2,116386,False
func_u_0x100004ed2,115061,False
func_u_0x100004f3d,116334,False
func_u_0x100005044,115222,True
func_u_0x1000057f0,115804,True
func_u_0x100005b9f,115073,True
func_u_0x100005ee7,114907,False
func_u_0x100006105,116355,False
func_u_0x100006304,116479,False
func_u_0x1000063b4,116122,False
func_u_0x10000647b,115324,False
func_u_0x1000064a3,116401,False
func_u_0x1000064e7,115743,True
func_u_0x1000066a7,115877,True
func_u_0x100006958,115251,True
func_u_0x100006b4a,116149,False
func_u_0x100006c2c,115949,True
func_u_0x100006c70,116027,False
func_u_0x100006ca9,116321,False
func_u_0x10000789f,116037,True
func_u_0x1000078cc,115782,True
func_u_0x1000078e3,116753,False
func_u_0x100007925,115906,False
func_u_0x100007930,116677,True
func_u_0x100007941,116122,False
func_u_0x100007a29,114991,False
func_u_0x100007b0d,115504,False
func_u_0x100007b3b,115904,True
func_u_0x100007b64,116454,True
func_u_0x10000835a,115385,False
func_u_0x100008398,116197,False
func_u_0x1000087b8,115804,False
func_u_0x1000087ed,114798,False
func_u_0x100008815,115035,False
func_u_0x10000894b,116726,True
func_u_0x100008968,115023,False
func_u_0x10000896b,116322,True
func_u_0x100008a22,116642,True
func_u_0x100008adb,115579,False
func_u_0x100008bc3,114887,True
func_u_0x100008be6,115396,False
func_u_0x100008e1a,115708,True
func_u_0x100008ec1,114977,True
func_u_0x1000090a9,115051,False
func_u_0x1000090ec,116431,True
func_u_0x100009180,116536,True
func_u_0x1000092f5,115555,False
func_u_0x100009363,115362,False
func_u_0x10000936c,114777,False
func_u_0x1000094d8,114855,True
func_u_0x1000094dd,115608,False
func_u_0x100009667,115328,True
func_u_0x100009740,114960,True
func_u_0x1000098f3,115667,True
func_u_0x100009911,115658,False
func_u_0x100009d1d,115067,False
func_u_0x100009db5,115672,True
func_u_0x100009e8a,114869,True
func_u_0x10000a0f8,115527,False
func_u_0x10000a1b8,115346,True
func_u_0x10000a1ba,116654,False
func_u_0x10000a1c6,115840,False
func_u_0x10000a1cd,116247,False
func_u_0x10000a1cf,114815,False
func_u_0x10000a1d6,116437,False
func_u_0x10000a1d8,114918,False
func_u_0x10000a3d8,116465,False
func_u_0x10000a621,115356,True
func_u_0x10000a6b5,116674,True
func_u_0x10000a708,115946,True
func_u_0x10000a79d,116506,True
func_u_0x10000a871,115714,False
func_u_0x10000a99f,115212,True
func_u_0x10000a9a4,115544,False
func_u_0x10000a9a7,116761,True
func_u_0x10000aa72,116643,False
func_u_0x10000aaf8,116006,False
func_u_0x10000ab03,115330,False
func_u_0x10000af8a,115117,False
func_u_0x10000b123,115569,False
func_u_0x10000b16d,116666,False
func_u_0x10000b4a1,115675,False
func_u_0x10000b7d7,114847,False
func_u_0x10000b91e,116312,False
func_ue_0x1000027a0,115213,False
func_ue_0x100002963,116264,False
func_ue_0x100002969,115994,True
func_ue_0x10000296d,114896,True
func_ue_0x100002971,115422,False
func_ue_0x100002973,115159,False
func_ue_0x100002b14,116647,True
func_ue_0x100002b1e,114908,False
func_ue_0x100002e95,116556,False
func_ue_0x100002fa3,116711,False
func_ue_0x100002fb3,115219,False
func_ue_0x10000301e,115159,False
func_ue_0x100003ee3,116457,False
func_ue_0x100003ee7,116513,True
func_ue_0x100003eff,116457,False
func_ue_0x100003f03,116563,False
func_ue_0x100003f07,116250,True
func_ue_0x100003f13,115869,False
func_ue_0x1000040f4,115267,True
func_ue_0x10000470b,115245,True
func_ue_0x10000470d,115166,True
func_ue_0x10000483f,116394,False
func_ue_0x100004abc,115124,True
func_ue_0x100004bbe,116375,False
func_ue_0x100004bc7,115346,False
func_ue_0x100004e65,115182,False
func_ue_0x10000529b,114790,False
func_ue_0x100005a90,116003,False
func_ue_0x100005cbe,116005,False
func_ue_0x100005cc1,116442,False
func_ue_0x100005cc5,116499,False
func_ue_0x100005cc9,116621,False
func_ue_0x100005f62,115493,False
func_ue_0x1000062db,115302,False
func_ue_0x100006351,115841,True
func_ue_0x100006412,116274,True
func_ue_0x10000641e,115828,True
func_ue_0x1000064b3,115983,False
func_ue_0x100006bef,116335,False
func_ue_0x100006bf3,115245,True
func_ue_0x100006c03,114928,True
func_ue_0x100006c0b,116060,False
func_ue_0x1000071ff,115543,True
func_ue_0x100007203,115723,False
func_ue_0x100008b5f,116394,True
func_ue_0x100009bb1,116549,True
func_ue_0x100009d3b,116028,True
func_ue_0x100009d3d,115422,False
func_ue_0x100009d3f,114775,True
func_ue_0x10000a475,116666,True
func_ue_0x10000a47f,116017,True
func_ue_0x10000a6e5,116410,False
func_ue_0x10000a6eb,115550,False
func_ue_0x10000a80e,115337,False
func_ue_0x10000a810,115523,False
func_ue_0x10000ac73,114777,True
func_ue_0x10000acae,114910,False
func_ue_0x10000afd9,115779,True
func_ue_0x10000b5cc,115221,True
func_ue_0x10000b5f3,115905,True
func_ue_0x10000b75e,114832,False
func_ui_0x1000073dd,115464,True
func_ui_0x1000073e6,114827,False
func_ui_0x1000073ec,115468,False
func_ui_0x100007414,115805,True
func_un_0x100002d1f,115430,False
func_un_0x100002d59,116333,True
func_un_0x10000626e,115409,False
func_un_0x100006a5c,116348,True
func_un_0x100006a6b,116059,True
func_un_0x100007330,116174,True
func_un_0x100007fdf,115737,False
func_un_0x100007feb,115872,True
func_un_0x100007ffa,114847,False
func_un_0x100008011,115439,True
func_un_0x100008015,116532,True
func_un_0x1000097d7,115065,True
func_un_0x1000097fa,115422,False
func_un_0x1000097fc,116727,False
func_un_0x100009837,114974,False
func_un_0x100009881,116332,False
func_un_0x100009a33,116060,True
func_un_0x10000b004,116084,True
func_un_0x10000b24a,116426,True
func_un_0x10000b250,115576,False
func_un_0x10000b258,116381,True
func_un_0x10000b262,116048,False
func_un_0x10000b264,115311,True
func_un_0x10000b266,114846,False
func_un_0x10000b268,115017,False
func_un_0x10000b26b,116438,False
func_unknown_0x10000011a,115341,True
func_unknown_0x100000124,115662,True
func_unknown_0x100000133,115469,False
func_unknown_0x100000143,115314,True
func_unknown_0x100000323,116520,True
func_unknown_0x100002855,116181,False
func_unknown_0x100002a09,115848,True
func_unknown_0x100002e9b,115655,True
func_unknown_0x100002f03,115727,False
func_unknown_0x100004159,114931,False
func_unknown_0x1000042d8,116632,True
func_unknown_0x1000042df,116420,False
func_unknown_0x1000042e1,116541,True
func_unknown_0x100004340,116533,False
func_unknown_0x1000045dd,115355,True
func_unknown_0x100004688,115183,True
func_unknown_0x10000468a,115708,True
func_unknown_0x1000047dc,115985,False
func_unknown_0x1000048d4,116465,False
func_unknown_0x100004905,116334,True
func_unknown_0x100004945,115588,True
func_unknown_0x100004cc2,116395,False
func_unknown_0x100004cc4,115826,True
func_unknown_0x100004cc6,116015,True
func_unknown_0x100004f27,115551,True
func_unknown_0x100004f29,115109,True
func_unknown_0x100004f2b,115959,True
func_unknown_0x100004ff3,116012,False
func_unknown_0x100005116,115132,False
func_unknown_0x100005517,116502,False
func_unknown_0x1000057ea,114895,True
func_unknown_0x10000582a,115538,False
func_unknown_0x1000058cf,115274,True
func_unknown_0x100005966,116715,True
func_unknown_0x1000059f3,114821,True
func_unknown_0x100005c42,115638,False
func_unknown_0x1000062a4,115940,True
func_unknown_0x10000655b,115045,False
func_unknown_0x100006b00,115788,True
func_unknown_0x100006ba4,116163,False
func_unknown_0x100006ba9,115219,False
func_unknown_0x100006d96,116563,True
func_unknown_0x1000071c4,116093,True
func_unknown_0x100007912,115821,False
func_unknown_0x100007a85,115669,True
func_unknown_0x100007a8f,115697,False
func_unknown_0x100007a93,115028,False
func_unknown_0x100007b4a,116718,True
func_unknown_0x1000082b8,116540,True
func_unknown_0x1000082c4,115281,True
func_unknown_0x1000082c6,115991,False
func_unknown_0x10000830f,116476,True
func_unknown_0x100008311,115359,False
func_unknown_0x1000083b9,115613,False
func_unknown_0x100008426,116216,False
func_unknown_0x10000842a,116120,False
func_unknown_0x10000850f,115059,False
func_unknown_0x1000088f9,116587,False
func_unknown_0x100008bcf,116064,True
func_unknown_0x100008bd5,116322,False
func_unknown_0x100008bd7,116034,True
func_unknown_0x100008bdf,116708,True
func_unknown_0x100008be1,116688,False
func_unknown_0x100008bf2,115638,True
func_unknown_0x100008d38,116552,True
func_unknown_0x100008d3a,115589,True
func_unknown_0x100008da5,115772,True
func_unknown_0x100008ec7,116530,True
func_unknown_0x100008ec9,115266,True
func_unknown_0x10000900a,115409,True
func_unknown_0x10000900e,115009,False
func_unknown_0x100009014,115259,False
func_unknown_0x100009016,114982,False
func_unknown_0x100009116,116360,False
func_unknown_0x100009118,116612,True
func_unknown_0x10000912c,115274,True
func_unknown_0x1000099e0,115136,True
func_unknown_0x100009ab7,115034,False
func_unknown_0x100009ab9,115682,False
func_unknown_0x100009ac7,116205,True
func_unknown_0x100009acb,116072,False
func_unknown_0x100009acd,115622,False
func_unknown_0x100009b2a,116499,False
func_unknown_0x100009cf4,115885,False
func_unknown_0x100009f69,115600,True
func_unknown_0x10000a1a5,116230,True
func_unknown_0x10000a3f9,116204,True
func_unknown_0x10000a89d,115076,True
func_unknown_0x10000a8a1,116348,False
func_unknown_0x10000a8a5,115568,True
func_unknown_0x10000a8a7,116713,True
func_unknown_0x10000aa2c,115185,True
func_unknown_0x10000aa2e,116140,True
func_unknown_0x10000ad89,115083,True
func_unknown_0x10000b067,115024,True
func_unknown_0x10000b161,115203,False
func_uo_0x100005d72,115340,False
func_uo_0x100005df4,114955,False
func_uo_0x100005e1a,115224,True
func_uo_0x10000b3f3,115783,True
func_ur_0x1000007b5,114965,True
func_ur_0x1000007bb,116213,False
func_ur_0x1000007bf,115146,True
func_ur_0x1000007c5,116638,True
func_ur_0x1000007c7,114964,True
func_ur_0x1000007c9,115823,True
func_ur_0x1000007d1,115681,True
func_ur_0x1000007d3,115993,False
func_ur_0x1000007d5,115438,True
func_ur_0x1000007db,116102,True
func_ur_0x1000007e7,115677,True
func_ur_0x1000007eb,116021,True
func_ur_0x1000007ed,116297,True
func_ur_0x1000007ef,114842,True
func_ur_0x1000007f1,116123,True
func_ur_0x1000007ff,115265,True
func_ur_0x100003f22,114966,True
func_ur_0x100003f4e,116175,True
func_ur_0x100003f50,115450,True
func_ur_0x100004096,116159,False
func_ur_0x10000409d,116543,False
func_ur_0x1000040a3,115917,True
func_ur_0x1000040b1,115153,True
func_ur_0x1000040c5,116182,False
func_ur_0x10000b340,116000,True
func_ut_0x100003092,115692,False
func_ut_0x100003094,115535,False
func_ut_0x1000044e6,116442,True
func_ut_0x1000061fd,116261,True
func_ut_0x100006258,115241,True
func_ut_0x100006260,115300,False
func_ut_0x100006274,116528,False
func_ut_0x100006276,115683,False
func_ut_0x100006a33,115424,False
func_ut_0x100006a47,116352,True
func_ut_0x100006a85,116498,True
func_ut_0x10000827a,114990,True
func_ut_0x10000848d,116295,True
func_ut_0x100008497,115366,False
func_ut_0x10000865c,115449,True
func_ut_0x100008697,116677,False
func_ut_0x100008699,115207,False
func_ut_0x100009074,114999,False
func_ut_0x10000907c,116437,True
func_ut_0x100009a2d,114771,False
func_ut_0x100009a3b,115308,True
func_ut_0x100009a47,116063,False
func_ut_0x100009a51,116343,False
func_ut_0x100009a59,115464,True
func_ut_0x100009aa2,115366,False
func_ut_0x100009aa4,115318,True
func_ut_0x100009ab4,116120,False
func_ut_0x10000adf0,115027,True
func_ut_0x10000ae16,116581,False
func_ut_0x10000af6b,115137,True
func_ut_0x10000b00f,115522,False
func_ut_0x10000b524,116400,True
func_uu_0x10000736a,115561,False
func_v_0x100000110,116144,False
func_v_0x100000112,116303,True
func_v_0x100000138,115013,True
func_v_0x100000145,116531,True
func_v_0x100002765,116449,True
func_v_0x10000283e,115590,True
func_v_0x100002e50,115264,True
func_v_0x100002e82,115793,False
func_v_0x100002e9d,114858,False
func_v_0x100002eae,115960,False
func_v_0x10000384a,115751,False
func_v_0x100003ca2,114953,False
func_v_0x100004168,115100,True
func_v_0x100004215,115279,True
func_v_0x100004297,116650,True
func_v_0x1000042db,115256,True
func_v_0x1000042e5,116411,False
func_v_0x1000042f9,115568,True
func_v_0x1000047df,116237,False
func_v_0x100004910,115828,True
func_v_0x100004b5a,115704,True
func_v_0x100004b5c,114976,True
func_v_0x100004b5e,115440,True
func_v_0x100004ea8,116205,False
func_v_0x100004eab,116214,True
func_v_0x100005444,116710,False
func_v_0x100005547,116536,True
func_v_0x100005830,115598,True
func_v_0x100005a84,116647,True
func_v_0x10000687d,115507,True
func_v_0x10000687f,116594,False
func_v_0x100006baa,115919,True
func_v_0x100006bbd,116020,False
func_v_0x100006bd6,114927,True
func_v_0x100006bdc,115189,False
func_v_0x100006bea,116577,True
func_v_0x100006bec,115284,True
func_v_0x100006d1d,116170,False
func_v_0x100006d40,116191,True
func_v_0x100006d63,115059,True
func_v_0x100006e74,114981,True
func_v_0x100007132,115995,False
func_v_0x1000071d7,115871,False
func_v_0x10000723d,115930,False
func_v_0x1000074a4,115198,True
func_v_0x1000074ea,116179,False
func_v_0x100007b79,116477,False
func_v_0x100007b7e,115759,False
func_v_0x100008337,115237,True
func_v_0x100008339,115177,False
func_v_0x100008340,114843,True
func_v_0x100008380,116495,False
func_v_0x1000083fc,114794,False
func_v_0x100008410,115678,True
func_v_0x100008415,115315,False
func_v_0x10000850c,116263,False
func_v_0x100008521,115405,True
func_v_0x100008525,115615,False
func_v_0x100008533,115741,True
func_v_0x10000854b,115254,False
func_v_0x100008553,116478,False
func_v_0x100008560,116724,False
func_v_0x1000086f7,115758,False
func_v_0x1000086ff,116723,False
func_v_0x100008825,115359,True
func_v_0x10000882b,115780,True
func_v_0x10000883d,115969,False
func_v_0x100008841,116472,True
func_v_0x100008c67,115182,False
func_v_0x100009002,114883,True
func_v_0x10000901d,115913,True
func_v_0x100009112,116566,False
func_v_0x1000092a2,116153,False
func_v_0x1000092a4,116333,False
func_v_0x1000092cd,115750,True
func_v_0x1000093cb,115847,False
func_v_0x100009ac5,115720,True
func_v_0x100009d4a,115919,False
func_v_0x100009ee6,115128,True
func_v_0x10000a1b0,115523,True
func_v_0x10000a601,116505,True
func_v_0x10000a713,116014,False
func_v_0x10000a83e,115072,False
func_v_0x10000aa26,116373,True
func_v_0x10000acce,116548,False
func_v_0x10000ad82,116457,True
func_v_0x10000b073,114965,False
func_v_0x10000b075,114889,False
func_v_0x10000b079,116480,True
func_v_0x10000b162,115376,True
func_v_0x10000b175,116549,False
func_v_0x10000b274,116261,False
func_v_0x10000b4bf,116400,True
func_v_0x10000b8bb,115806,False
func_ve_0x100003149,115436,False
func_ve_0x100004232,115379,True
func_ve_0x100004255,115647,False
func_ve_0x100004c59,116690,False
func_ve_0x100004c88,116486,True
func_ve_0x100004d66,115493,False
func_ve_0x100004d79,115069,False
func_ve_0x100004dc0,115969,False
func_ve_0x100004dc4,115038,True
func_ve_0x100004dc6,116449,True
func_ve_0x100004dcc,114844,False
func_ve_0x100004ded,116472,False
func_ve_0x100004def,116235,True
func_ve_0x100004e15,116191,False
func_ve_0x100005085,116250,True
func_ve_0x10000517f,115614,False
func_ve_0x1000051dd,116418,False
func_ve_0x1000051df,115725,False
func_ve_0x100005c28,116026,True
func_ve_0x1000067f4,115274,False
func_ve_0x1000067f8,115154,True
func_ve_0x100006870,115085,False
func_ve_0x100006f32,115458,False
func_ve_0x100006f34,114893,False
func_ve_0x10000849d,116735,True
func_ve_0x1000084cf,115428,True
func_ve_0x1000084d1,116262,True
func_ve_0x1000084df,116415,True
func_ve_0x10000aa07,116288,False
func_ve_0x10000aac1,114932,True
func_ve_0x10000aac5,115909,True
func_ve_0x10000afec,116495,False
func_ve_0x10000aff0,114964,True
func_ve_0x10000b530,116012,True
func_ve_0x10000b59b,116332,True
func_ve_0x10000b857,116456,True
func_ve_0x10000b8cd,116343,True
func_vi_0x100007526,115790,True
func_vi_0x100007606,115085,False
func_vi_0x100007772,114983,True
func_vi_0x100007787,116004,True
func_vi_0x100007790,116537,True
func_vi_0x1000077ad,115063,True
func_vi_0x10000781b,115209,True
func_vi_0x100007855,116731,True
func_vn_0x100009ca3,116656,True
func_vn_0x100009ca5,116198,True
func_vn_0x100009ca7,116065,True
func_vn_0x100009caf,116426,True
func_vn_0x100009cb7,114993,True
func_vn_0x100009cbb,115493,True
func_vn_0x100009cc3,116744,True
func_vn_0x10000abda,115212,False
func_vr_0x100002d4c,115325,False
func_vr_0x100008008,115566,False
func_vr_0x100009598,115005,False
func_vr_0x10000a933,116483,False
func_vr_0x10000ae35,115068,False
func_vr_0x10000ae39,115302,True
func_vr_0x10000ae3b,115127,False
func_vr_0x10000ae3f,116125,False
func_vr_0x10000ae43,115806,False
func_vr_0x10000ae4b,116509,False
func_vr_0x10000b006,115689,True
func_vt_0x100000993,115761,False
func_w_0x100000136,115642,True
func_w_0x1000001eb,115401,True
func_w_0x1000002b6,116653,False
func_w_0x1000002bc,116495,False
func_w_0x1000002be,115621,True
func_w_0x1000002cd,116166,True
func_w_0x1000005e8,116710,True
func_w_0x100002c19,114860,True
func_w_0x100002de5,116145,True
func_w_0x100002eaa,116379,True
func_w_0x100002edf,116036,False
func_w_0x100002ee9,116127,False
func_w_0x100002f05,116651,False
func_w_0x1000030db,115418,False
func_w_0x100003809,116747,False
func_w_0x100003838,115326,False
func_w_0x100003cfa,115446,True
func_w_0x10000415b,116395,False
func_w_0x100004216,116614,True
func_w_0x100004274,116279,False
func_w_0x1000042dd,115686,False
func_w_0x10000436b,115643,False
func_w_0x10000438c,114967,False
func_w_0x10000438e,116688,True
func_w_0x1000048d6,115140,True
func_w_0x100004ae4,115091,False
func_w_0x100004b62,115644,True
func_w_0x100004f44,115336,True
func_w_0x100004f97,114970,True
func_w_0x100004f9b,116137,True
func_w_0x100005214,116056,True
func_w_0x10000544d,115151,False
func_w_0x100005fa0,115042,True
func_w_0x100006376,115652,False
func_w_0x1000063e0,115151,False
func_w_0x10000648d,115940,False
func_w_0x100006b45,115378,False
func_w_0x100006ce9,115811,False
func_w_0x100006d61,115422,False
func_w_0x10000714f,116593,False
func_w_0x1000071e1,116641,True
func_w_0x100007b7b,116409,True
func_w_0x1000080f6,116421,True
func_w_0x1000082fd,116379,True
func_w_0x10000836f,116520,True
func_w_0x100008504,114809,True
func_w_0x100008506,114852,False
func_w_0x1000086f3,116065,False
func_w_0x1000086f9,115232,False
func_w_0x1000086fd,114828,True
func_w_0x100008823,116696,False
func_w_0x100008845,115642,False
func_w_0x100008c6e,115157,False
func_w_0x100008c72,115285,False
func_w_0x100008c74,116216,False
func_w_0x100008d36,116516,False
func_w_0x100008db3,115491,True
func_w_0x1000092b8,116318,True
func_w_0x10000948d,114921,True
func_w_0x1000099bc,115686,False
func_w_0x1000099da,116350,False
func_w_0x1000099de,116169,False
func_w_0x100009a03,115352,True
func_w_0x100009d34,114930,False
func_w_0x100009d38,115541,False
func_w_0x100009f6a,116204,False
func_w_0x100009f6c,115547,False
func_w_0x10000a18c,115548,True
func_w_0x10000a196,116670,True
func_w_0x10000a1a6,116558,False
func_w_0x10000a1aa,116488,False
func_w_0x10000a414,115188,False
func_w_0x10000a5ee,115519,False
func_w_0x10000a603,116705,False
func_w_0x10000a6c5,115082,True
func_w_0x10000a718,115432,False
func_w_0x10000a890,115353,False
func_w_0x10000a894,116015,True
func_w_0x10000b139,116239,False
func_w_0x10000b151,115706,True
func_w_0x10000b17a,115812,True
func_w_0x10000b1bd,115279,True
func_w_0x10000b8b7,116191,True
func_we_0x1000028bd,115569,False
func_we_0x100002fe4,114864,True
func_we_0x100004afd,114856,True
func_we_0x100004aff,115836,True
func_we_0x100004c0a,115437,False
func_we_0x100004c55,116402,True
func_we_0x100004de0,116157,False
func_we_0x100004de2,116037,False
func_we_0x100004de8,115879,True
func_we_0x100005106,116760,True
func_we_0x100005108,115557,False
func_we_0x1000052d8,115997,False
func_we_0x100005a1d,116430,True
func_we_0x100005a73,116208,False
func_we_0x10000691d,115328,True
func_we_0x100006f1b,115440,True
func_we_0x100009033,116658,True
func_we_0x10000905d,115880,False
func_we_0x100009447,115404,True
func_we_0x100009e53,115744,True
func_we_0x10000a857,116670,False
func_we_0x10000a9fa,116571,True
func_we_0x10000b031,115288,False
func_we_0x10000b033,116550,True
func_we_0x10000b513,115236,True
func_we_0x10000b6db,116178,True
func_we_0x10000b6e0,116445,False
func_we_0x10000b7f7,115817,False
func_we_0x10000b86c,115910,True
func_wi_0x1000035f7,115890,True
func_wn_0x100002aea,115578,True
func_wn_0x100002b00,115884,True
func_wn_0x1000056a3,116669,False
func_wn_0x1000056a7,116742,False
func_wn_0x1000056ab,116413,False
func_wn_0x1000056af,116120,True
func_wn_0x1000056b1,115884,False
func_wn_0x1000056b7,115039,True
func_wn_0x1000056b9,116481,False
func_wn_0x1000056bd,115706,True
func_wn_0x1000056d1,115752,True
func_wn_0x1000056d3,116218,True
func_wn_0x1000056d5,115104,True
func_wn_0x1000056e1,116437,False
func_wn_0x1000056e5,115672,False
func_wn_0x1000056e9,116222,False
func_wn_0x100005761,116411,False
func_wn_0x100005763,115469,True
func_wn_0x100005769,115477,True
func_wn_0x10000576b,116394,False
func_wn_0x10000576d,114874,False
func_wn_0x100005775,115113,True
func_wn_0x10000577f,115986,False
func_wn_0x100005781,115510,False
func_wn_0x100006044,116136,False
func_wn_0x100009bf8,115941,False
func_wo_0x100007527,115311,True
func_wo_0x10000752f,115885,True
func_wo_0x100007531,115449,False
func_wo_0x100007533,115291,False
func_wo_0x100007535,115731,True
func_wo_0x100007537,115284,True
func_wo_0x1000077b5,115056,False
func_wo_0x1000077c8,114818,True
func_wo_0x100007822,116551,False
func_wr_0x100003f5a,116173,False
func_wr_0x10000a07d,116558,True
func_wr_0x10000b424,116492,True
func_wt_0x100003b5c,114976,True
func_wt_0x100007cde,116712,True
func_wt_0x100007cfd,116254,True
func_wt_0x100007d08,115984,False
func_wt_0x100007e15,115699,True
func_wt_0x100007e28,116073,False
func_wt_0x100007e34,115329,True
func_wt_0x100007e50,115957,False
func_wt_0x100007e5c,116751,True
func_wt_0x100007e6c,116436,False
func_wt_0x100007e74,115604,False
func_wt_0x100007e7c,115260,True
func_wt_0x100007e80,115897,True
func_wt_0x100007e92,115028,False
func_wt_0x100007ea6,115846,False
func_wt_0x100007eb0,115856,False
func_wt_0x100007ebc,116046,True
func_wt_0x100007ec0,115840,False
func_wt_0x100007ec2,115915,False
func_wt_0x100007ec4,114919,True
func_wt_0x100007ec6,114877,False
func_wt_0x100007ecc,116483,True
func_wt_0x100007ece,116572,True
func_wt_0x100007ed8,115073,False
func_wt_0x100007eda,116137,False
func_wt_0x100007edc,116567,False
func_wt_0x100007ede,116479,False
func_wt_0x100007eea,115206,False
func_wt_0x100007ef8,116639,True
func_wt_0x100007efc,115911,False
func_wt_0x100007f00,115484,True
func_wt_0x100007f14,115762,False
func_wt_0x100007f19,114794,False
func_wt_0x100007f1b,115439,True
func_wt_0x100007f24,115760,True
func_wt_0x100007f27,115851,False
func_wt_0x100007f2b,116699,True
func_wt_0x100007f2f,116696,True
func_wt_0x100007f31,116351,True
func_wt_0x100007f33,115842,False
func_wt_0x100007f37,114802,True
func_wt_0x100007f3b,116450,True
func_wt_0x100007f3d,115073,False
func_wt_0x100007f41,116318,False
func_wt_0x100007f4b,115556,False
func_wt_0x100007f51,115654,True
func_wt_0x100007f53,116403,False
func_wt_0x100007f5d,114984,False
func_wt_0x100007f61,116241,False
func_wt_0x100007f65,114762,False
func_wt_0x100007f67,115307,True
func_wt_0x100007f69,115842,False
func_wt_0x100007f6d,115001,True
func_wt_0x100007f71,116728,True
func_x0_0x1000073fe,116041,True
func_x0_0x100007400,116567,True
func_x0_0x100007402,116354,False
func_x_0x10000013e,116508,False
func_x_0x10000024d,115120,False
func_x_0x10000029c,116171,True
func_x_0x10000030e,115990,False
func_x_0x100000372,115802,True
func_x_0x10000040b,115808,True
func_x_0x10000041c,115950,True
func_x_0x10000042b,115284,False
func_x_0x100000442,116558,True
func_x_0x10000057d,114886,False
func_x_0x100000906,115855,False
func_x_0x10000090b,115865,True
func_x_0x1000009dd,116477,False
func_x_0x100002b97,116226,True
func_x_0x100002c56,114780,False
func_x_0x100002f5a,115733,False
func_x_0x100003ced,115714,False
func_x_0x10000414c,115965,True
func_x_0x100004184,116289,False
func_x_0x100004188,116103,False
func_x_0x100004212,115720,False
func_x_0x100004279,115386,False
func_x_0x1000042eb,114804,False
func_x_0x10000431f,115708,False
func_x_0x100004322,116079,False
func_x_0x100004364,115705,True
func_x_0x10000437a,115886,True
func_x_0x100004384,114769,False
func_x_0x1000043a3,116611,True
func_x_0x1000043b8,115373,False
func_x_0x1000043d1,116608,True
func_x_0x1000043de,115967,False
func_x_0x1000043e3,115931,True
func_x_0x10000449a,115859,False
func_x_0x10000456b,115647,True
func_x_0x10000457f,114761,False
func_x_0x1000045ab,115611,True
func_x_0x1000045ea,116641,False
func_x_0x1000045ef,116367,False
func_x_0x100004650,116334,False
func_x_0x10000465a,114999,True
func_x_0x100004a70,114849,True
func_x_0x100004a9e,114970,False
func_x_0x100004b7c,115950,True
func_x_0x100004bd6,116437,False
func_x_0x100004cbe,116579,False
func_x_0x100004e9d,115887,True
func_x_0x100004ed3,116726,False
func_x_0x100004ed6,116479,True
func_x_0x100005529,115202,False
func_x_0x1000057c2,116316,True
func_x_0x100005987,115107,False
func_x_0x100005fd6,114915,False
func_x_0x100006367,115773,False
func_x_0x10000677a,115607,True
func_x_0x100006891,115171,True
func_x_0x100006955,115551,False
func_x_0x100006b37,114809,True
func_x_0x100006c90,116526,True
func_x_0x100006d66,115460,False
func_x_0x100006e30,116685,False
func_x_0x100006f5b,116464,False
func_x_0x10000746b,116525,True
func_x_0x1000079db,116220,False
func_x_0x100007a77,115142,False
func_x_0x100008393,116022,False
func_x_0x10000841a,115627,True
func_x_0x10000843c,115569,True
func_x_0x100008787,116467,True
func_x_0x10000878a,116032,False
func_x_0x1000087c3,116271,False
func_x_0x1000087c5,114789,False
func_x_0x1000087e8,115410,False
func_x_0x1000088d2,115331,False
func_x_0x100008953,114807,True
func_x_0x100008974,116720,False
func_x_0x100008a2d,115185,True
func_x_0x100008a33,115278,False
func_x_0x100008ab4,114830,True
func_x_0x100008b43,116273,True
func_x_0x100008c3c,116476,False
func_x_0x100008c4d,116743,False
func_x_0x100008c98,115952,False
func_x_0x100008cc5,115578,False
func_x_0x100008d26,116528,False
func_x_0x100008ea2,115612,False
func_x_0x1000090ef,116326,True
func_x_0x10000911d,115587,False
func_x_0x10000918a,116098,False
func_x_0x1000091ca,115408,False
func_x_0x100009482,114775,True
func_x_0x100009746,115742,False
func_x_0x100009757,116727,False
func_x_0x1000098fd,114869,True
func_x_0x10000990f,115454,False
func_x_0x100009932,115500,False
func_x_0x100009ebe,116136,True
func_x_0x10000a138,116470,False
func_x_0x10000a1bf,115709,True
func_x_0x10000a1c1,115333,False
func_x_0x10000a1c8,116407,True
func_x_0x10000a99b,116280,True
func_x_0x10000aa1f,115102,True
func_x_0x10000aa38,115648,False
func_x_0x10000aada,116476,False
func_x_0x10000ace2,116070,False
func_x_0x10000b74d,115582,False
func_xa_0x100003335,116486,False
func_xa_0x100003343,116384,True
func_xa_0x100003364,114850,False
func_xa_0x100003382,115869,True
func_xe_0x1000027e3,116216,True
func_xe_0x1000027e5,114877,False
func_xe_0x1000027e7,116393,False
func_xe_0x1000027e9,116221,False
func_xe_0x1000027ed,115935,False
func_xe_0x1000028a5,116451,True
func_xe_0x1000028a7,115744,False
func_xe_0x10000313a,116667,True
func_xe_0x100003144,115812,True
func_xe_0x100003152,116667,True
func_xe_0x10000317d,115241,False
func_xe_0x100004199,115165,True
func_xe_0x1000041a3,116596,False
func_xe_0x1000041a5,115243,True
func_xe_0x1000041a7,115449,True
func_xe_0x1000041ad,115937,False
func_xe_0x1000041b3,114988,True
func_xe_0x1000041b7,115449,False
func_xe_0x1000041b9,115558,False
func_xe_0x1000041bb,115288,True
func_xe_0x1000041bf,114846,True
func_xe_0x1000041c1,116055,True
func_xe_0x1000041c5,115902,True
func_xe_0x1000041c7,115387,False
func_xe_0x1000041c9,115211,False
func_xe_0x1000041cb,115495,False
func_xe_0x1000041d1,115182,False
func_xe_0x1000041d5,115819,True
func_xe_0x1000041d7,114836,True
func_xe_0x1000041d9,115949,True
func_xe_0x1000047a1,116208,True
func_xe_0x100004879,115043,True
func_xe_0x100004b0d,116229,True
func_xe_0x100004c52,116099,True
func_xe_0x100004c9c,115315,False
func_xe_0x100004c9e,115910,False
func_xe_0x100004d85,115094,True
func_xe_0x100005079,115099,True
func_xe_0x100005105,116661,True
func_xe_0x100005238,114878,False
func_xe_0x100005931,115288,False
func_xe_0x100005943,116588,True
func_xe_0x100006921,115569,True
func_xe_0x1000069b4,115100,True
func_xe_0x100006ea9,115703,True
func_xe_0x100006f21,115578,True
func_xe_0x100006f29,115303,False
func_xe_0x100006f49,116155,False
func_xe_0x100007021,116500,True
func_xe_0x100009402,115278,False
func_xe_0x100009404,115514,True
func_xe_0x100009406,116181,False
func_xe_0x10000940c,115474,True
func_xe_0x10000940e,115120,True
func_xe_0x100009410,115299,True
func_xe_0x10000aa8c,115220,True
func_xe_0x10000aa92,116577,True
func_xe_0x10000aa98,116102,True
func_xe_0x10000aa9c,115454,True
func_xe_0x10000aa9e,116523,True
func_xe_0x10000aaa0,115482,False
func_xe_0x10000aaa2,114845,True
func_xe_0x10000aaaa,115319,True
func_xe_0x10000ac7a,116209,True
func_xe_0x10000ac7c,114907,True
func_xe_0x10000ac82,116433,True
func_xe_0x10000ac84,116570,False
func_xe_0x10000ac88,115752,False
func_xe_0x10000ac8a,114936,True
func_xe_0x10000ac8c,115722,False
func_xe_0x10000ac90,115414,False
func_xe_0x10000b6df,116675,False
func_xe_0x10000b87e,115680,True
func_xe_0x10000b880,114880,True
func_xi_0x100003fab,114895,True
func_xi_0x100003fb1,115461,False
func_xi_0x100003fb5,115079,False
func_xi_0x100003fbd,115811,False
func_xi_0x100003fbf,115994,True
func_xi_0x100003fc3,115374,False
func_xi_0x100003fc5,115967,True
func_xi_0x100003fc7,115139,False
func_xi_0x100003fc9,116690,True
func_xi_0x100003fcb,116018,False
func_xi_0x100003fd1,115840,True
func_xi_0x100003fd5,116254,False
func_xi_0x100003fd7,115900,True
func_xi_0x100003fd9,116556,False
func_xi_0x100003fe3,115048,False
func_xi_0x100003fe5,114949,True
func_xi_0x100003fe9,115433,False
func_xi_0x100003ff5,116217,True
func_xi_0x100003ff9,114886,True
func_xi_0x100003ffb,115238,False
func_xr_0x10000626a,116400,True
func_xr_0x10000626c,114927,False
func_xr_0x100008020,115648,True
func_xr_0x100008022,115041,True
func_xr_0x100009597,116512,False
func_xr_0x1000097c8,114942,True
func_xr_0x1000097ca,116338,False
func_xr_0x1000097cc,115927,False
func_xr_0x100009839,116583,True
func_xr_0x100009895,116729,False
func_xr_0x10000b005,116629,True
func_xr_0x10000b201,116212,False
func_xr_0x10000b2e3,116592,True
func_xr_0x10000b2e7,114905,False
func_xt_0x100002d24,115802,False
func_xt_0x100002d26,116330,False
func_xt_0x100002d2a,114949,False
func_xt_0x1000056a2,115012,True
func_xt_0x100006268,115435,True
func_xt_0x100007ffb,115973,False
func_xt_0x100007ffd,116681,False
func_xt_0x100008001,116020,False
func_xt_0x100008003,115057,False
func_xt_0x100008005,115837,True
func_xt_0x1000097b9,116336,True
func_xt_0x100009c11,116330,True
func_xt_0x10000ae32,115995,False
func_xt_0x10000b1f7,114955,True
func_xt_0x10000b22c,115724,True
func_xt_0x10000b23e,116348,False
func_xt_0x10000b255,114972,True
func_y_0x10000012b,116149,True
func_y_0x1000001c2,116670,True
func_y_0x1000001c5,116658,True
func_y_0x10000278a,115985,False
func_y_0x10000278c,116403,False
func_y_0x100002a08,115564,False
func_y_0x100002bea,115479,False
func_y_0x100002bee,116166,False
func_y_0x100002bf0,116577,True
func_y_0x100002bfc,115042,False
func_y_0x100002bfe,116660,True
func_y_0x100002c8d,116157,True
func_y_0x100002c8f,116731,True
func_y_0x100002cd7,116656,True
func_y_0x100002cd9,116708,True
func_y_0x100002cdb,115821,False
func_y_0x100002ce5,116509,False
func_y_0x100002cf2,114914,True
func_y_0x100002cf8,116424,True
func_y_0x100002e2d,116060,True
func_y_0x100002e2f,115549,False
func_y_0x100002e31,116462,False
func_y_0x100002e49,115521,True
func_y_0x1000031f0,115888,False
func_y_0x1000031f2,116020,False
func_y_0x100004316,114871,True
func_y_0x100004343,115149,False
func_y_0x10000436a,114840,False
func_y_0x100004489,115970,True
func_y_0x1000045d6,115690,True
func_y_0x1000048eb,116675,True
func_y_0x10000490f,114931,True
func_y_0x100004f26,115138,False
func_y_0x100004f31,115477,True
func_y_0x100004f9d,115639,True
func_y_0x1000057e8,116641,True
func_y_0x10000598d,115153,False
func_y_0x100005ba2,116745,False
func_y_0x100005ba4,115045,False
func_y_0x100005edd,115485,False
func_y_0x10000617d,115003,True
func_y_0x100006434,116640,False
func_y_0x1000065a3,115314,False
func_y_0x100006678,115834,True
func_y_0x100006877,116290,True
func_y_0x100006879,115980,True
func_y_0x100006c31,115180,False
func_y_0x100006c33,115044,False
func_y_0x100006ce4,115078,True
func_y_0x100006ce6,116073,False
func_y_0x100006d3a,115698,False
func_y_0x10000717e,115777,False
func_y_0x1000074a7,116169,True
func_y_0x1000074b3,116082,False
func_y_0x10000788c,116691,False
func_y_0x10000788f,114922,False
func_y_0x100007936,115897,True
func_y_0x100007a0a,115239,False
func_y_0x100007b65,116564,True
func_y_0x100007b7d,116240,True
func_y_0x100007f99,115456,True
func_y_0x100007fab,115307,True
func_y_0x100007faf,115167,False
func_y_0x100008334,116653,True
func_y_0x1000083b2,115277,False
func_y_0x1000083b8,116006,False
func_y_0x1000083fb,114847,False
func_y_0x1000088a2,115379,True
func_y_0x100008908,115877,False
func_y_0x100008924,115853,False
func_y_0x100008b1d,116430,True
func_y_0x100008dcf,116075,True
func_y_0x100008dd1,115255,False
func_y_0x100008dd5,115014,True
func_y_0x100008ecc,115679,False
func_y_0x100009129,115329,False
func_y_0x10000921c,115851,True
func_y_0x10000927a,114945,False
func_y_0x10000927c,115579,False
func_y_0x100009281,116429,True
func_y_0x1000098b5,115584,False
func_y_0x1000099c3,116346,False
func_y_0x100009d7a,116042,True
func_y_0x10000a60f,114972,True
func_y_0x10000a61d,115699,True
func_y_0x10000a6ce,114866,True
func_y_0x10000a875,114762,True
func_y_0x10000a87d,115159,False
func_y_0x10000ac5d,115984,False
func_y_0x10000acd5,115534,True
func_y_0x10000acd7,115051,True
func_y_0x10000ad73,115984,False
func_y_0x10000ad95,115365,False
func_y_0x10000b741,115673,True
func_y_0x10000b931,115065,True
func_y_0x10000b933,116637,False
func_y_0x10000b935,114880,True
func_y_0x10000b938,115409,True
func_ya_0x100003ba2,115946,False
func_ya_0x100003baa,114825,True
func_ya_0x100007cf2,116059,False
func_ye_0x10000559a,115205,True
func_ye_0x10000559f,116652,True
func_ye_0x100005646,115438,False
func_ye_0x100005750,116509,False
func_ye_0x100006076,115520,True
func_ye_0x100009ca0,115192,True
func_ye_0x10000a940,116010,True
func_ye_0x10000a951,115765,True
func_ye_0x10000a953,115554,False
func_ye_0x10000a955,115522,True
func_ye_0x10000abd1,116134,True
func_ye_0x10000ac07,115827,True
func_ye_0x10000ac34,116312,False
func_yi_0x100006f7a,115321,True
func_yi_0x100006f80,116256,False
func_yi_0x10000b3dd,115191,True
func_yi_0x10000b3e5,115762,True
func_yi_0x10000b3e7,115130,False
func_yn_0x100000896,116014,False
func_yn_0x1000049b0,114788,True
func_yn_0x1000049b2,116676,False
func_yn_0x100006039,116169,False
func_yn_0x100009818,116337,True
func_yn_0x100009cdb,116321,True
func_yn_0x10000abe4,115359,False
func_yn_0x10000ac46,115899,False
func_yn_0x10000ac48,116244,False
func_yn_0x10000ac4c,114804,True
func_yo_0x10000734b,115817,True
func_yo_0x100007359,115031,False
func_yo_0x10000735c,115255,False
func_yo_0x10000735e,116227,False
func_yr_0x100005d57,116627,False
func_yr_0x100005d59,116718,False
func_yr_0x100005d5f,116438,False
func_yr_0x100005d61,116649,True
func_yr_0x100005d63,115688,True
func_yr_0x100005d67,115295,False
func_yr_0x100005d69,114962,False
func_yr_0x100005d8f,115935,False
func_yr_0x100005d95,116507,False
func_yr_0x100005d99,115385,True
func_yr_0x100005da0,114835,True
func_yr_0x100005dbd,116268,True
func_yr_0x100005dc3,116297,False
func_yr_0x100005dcb,116223,False
func_yr_0x100005de6,114832,True
func_yr_0x100005df2,115022,True
func_yr_0x100005e08,114984,True
func_yr_0x100005e0a,115028,True
func_yr_0x100005e1d,115193,False
func_yr_0x100005e3b,116156,False
func_yr_0x10000b466,116733,False
func_yt_0x100005c29,114810,True
func_yt_0x100005c2d,114970,False
func_yt_0x1000095a9,116126,False
func_yt_0x1000095ad,114766,True
func_yt_0x1000095bd,114797,False
func_yt_0x1000095c1,116058,True
func_yt_0x1000095c5,116414,False
func_yt_0x1000095c9,115032,False
func_yt_0x1000095cb,115771,True
func_yt_0x1000095cd,116085,False
func_yt_0x1000095cf,116595,True
func_yt_0x1000095d1,115482,False
func_yt_0x1000095d5,116556,True
func_yt_0x10000a8f2,116703,True
func_yt_0x10000a8f4,114964,False
func_yt_0x10000a8f8,116728,False
func_yt_0x10000a906,115977,True
func_yt_0x10000aed8,116047,True
func_yt_0x10000af06,116030,True
func_yt_0x10000af47,115848,True
func_yt_0x10000af49,116567,True
func_yu_0x100007409,115395,False
func_z_0x1000001ff,115302,True
func_z_0x10000278f,115714,True
func_z_0x100002795,115926,False
func_z_0x1000027a3,115324,False
func_z_0x1000029fb,115929,False
func_z_0x1000029fd,116176,False
func_z_0x100002e5c,115759,True
func_z_0x100002f7c,115435,True
func_z_0x10000373e,115407,True
func_z_0x100003819,115571,True
func_z_0x10000381d,115285,False
func_z_0x100003840,116690,True
func_z_0x1000040f8,115413,False
func_z_0x100004428,115968,False
func_z_0x10000442a,114847,False
func_z_0x100004718,115682,False
func_z_0x10000471a,116566,True
func_z_0x10000471e,116348,True
func_z_0x10000473b,116194,False
func_z_0x10000474c,115005,True
func_z_0x100004802,115902,True
func_z_0x10000480a,115460,True
func_z_0x100004bc4,116653,False
func_z_0x100004e5c,116581,False
func_z_0x10000512a,115851,False
func_z_0x100005467,115003,False
func_z_0x1000059f6,114836,True
func_z_0x100005a9b,116692,False
func_z_0x100005ce5,116212,False
func_z_0x100005ce9,115727,True
func_z_0x100005f4e,114954,True
func_z_0x100005f52,116526,True
func_z_0x100005f5b,115878,True
func_z_0x100005f80,115670,True
func_z_0x1000062b2,116195,True
func_z_0x100006356,115035,True
func_z_0x10000641a,114987,True
func_z_0x100006426,115675,True
func_z_0x100006afa,116571,False
func_z_0x100006b12,115407,False
func_z_0x100006e1a,114913,True
func_z_0x100007194,115496,False
func_z_0x1000071cb,115828,True
func_z_0x1000071cd,116242,True
func_z_0x1000072fd,115348,False
func_z_0x1000080cf,114957,False
func_z_0x100008130,116645,False
func_z_0x100008725,115203,False
func_z_0x100008896,114832,True
func_z_0x100008b63,115049,False
func_z_0x100008b65,116409,True
func_z_0x100008c15,116407,True
func_z_0x100008c17,116648,False
func_z_0x100008c19,115765,True
func_z_0x100008c1d,115066,True
func_z_0x100008c1f,116653,True
func_z_0x100008c21,116633,False
func_z_0x100009027,114853,True
func_z_0x1000094b0,116174,False
func_z_0x10000978c,115251,True
func_z_0x10000978e,115257,False
func_z_0x1000098e1,116466,False
func_z_0x100009b80,115978,False
func_z_0x100009da3,115186,True
func_z_0x100009da5,116001,True
func_z_0x100009da7,115076,True
func_z_0x100009dab,116088,False
func_z_0x100009daf,115092,True
func_z_0x100009ee7,115897,False
func_z_0x100009ee9,115741,False
func_z_0x100009f3b,115256,True
func_z_0x100009f41,116225,False
func_z_0x100009f7b,115811,True
func_z_0x100009f7d,116760,False
func_z_0x10000a3e3,115730,True
func_z_0x10000a3e5,115566,True
func_z_0x10000a3e7,114862,False
func_z_0x10000a3ed,116543,True
func_z_0x10000a3f4,114903,True
func_z_0x10000a5f6,116187,True
func_z_0x10000a5f8,115486,False
func_z_0x10000a5fa,115242,False
func_z_0x10000a63d,115333,True
func_z_0x10000a7f4,115821,True
func_z_0x10000a80d,115084,False
func_z_0x10000b710,115975,True
func_z_0x10000b7c4,115041,False
func_z_0x10000b7d2,116353,True
func_z_0x10000b7d4,115266,True
func_z_0x10000b8a0,114924,True
func_z_0x10000b8a3,116113,True
func_za_0x10000b46d,115083,True
func_ze_0x100002d79,115882,True
func_ze_0x100005188,116326,True
func_ze_0x100008218,115910,True
func_ze_0x100008255,115721,True
func_ze_0x100008261,116415,True
func_ze_0x100008265,115086,False
func_ze_0x100008269,116328,True
func_ze_0x10000826f,115836,True
func_ze_0x100008273,116196,True
func_ze_0x10000827f,114854,False
func_ze_0x1000082a4,115574,True
func_ze_0x1000084a8,115825,True
func_ze_0x1000084ac,116200,True
func_ze_0x1000084ae,116647,False
func_ze_0x10000864a,116730,False
func_ze_0x100008675,116022,False
func_ze_0x1000086bd,114972,False
func_ze_0x1000086c0,114901,False
func_ze_0x1000086c4,115534,True
func_ze_0x1000086c6,116573,False
func_ze_0x100008ee7,115375,True
func_ze_0x100008f11,115254,True
func_ze_0x100008f13,115988,True
func_ze_0x100008f15,114892,False
func_ze_0x1000095b0,116216,True
func_ze_0x10000aedb,114768,True
func_ze_0x10000aee2,116357,True
func_ze_0x10000af08,115190,False
func_ze_0x10000af0c,114838,True
func_zi_0x10000335c,116042,False
func_zi_0x100003378,115959,False
func_zi_0x10000344b,116288,True
func_zi_0x100003573,116395,False
func_zn_0x100002d4b,115081,True
func_zn_0x100005327,114808,False
func_zn_0x10000609b,114931,False
func_zn_0x100006264,116038,False
func_zn_0x100008007,116339,True
func_zn_0x1000097ff,114982,False
func_zn_0x10000989a,116210,True
func_zn_0x10000ae55,116380,False
func_zn_0x10000b008,115596,True
func_zn_0x10000b2e1,115908,True
func_zn_0x10000b2e5,116124,True
func_zo_0x100007610,115937,True
func_zo_0x1000077cb,116048,False
func_zo_0x1000077d0,116162,True
func_zo_0x1000077da,116352,False
func_zt_0x100006a43,116176,False
func_zt_0x100006a4d,115744,False
func_zt_0x100006a74,115547,False
func_zt_0x100006a7f,116143,False
func_zt_0x100006a8c,116510,False
func_zt_0x100007ff8,115471,False
func_zt_0x100008035,114837,True
func_zt_0x100008037,115843,True
func_zt_0x100008039,116255,False
func_zt_0x100008041,116559,True
func_zt_0x100008047,116383,True
func_zt_0x100008049,116598,True
func_zt_0x10000804d,116317,True
func_zt_0x100008059,115586,True
func_zt_0x10000805f,115456,False
func_zt_0x100008067,116231,False
func_zt_0x100008069,114974,True
func_zt_0x100008075,115047,True
func_zt_0x100008079,116516,False
func_zt_0x10000807b,116063,True
func_zt_0x10000807d,115688,True
func_zt_0x1000084c4,115729,True
func_zt_0x1000086b0,116325,True
func_zt_0x100008eef,115596,True
func_zt_0x100008ef9,116062,False
func_zt_0x10000a25b,116566,False
func_zt_0x10000b0d5,115538,False
func_zt_0x10000b0dd,115110,False
func_zt_0x10000b0ee,115393,True
func_zt_0x10000b0f5,116515,False
func_zt_0x10000b0fd,115543,False
func_zt_0x10000b100,115608,True
func_zt_0x10000b10d,115465,False
func_zt_0x10000b118,114804,False
func_zt_0x10000b11e,114948,False
