func_$_0x100003ab0,1124,True
func_$_0x100003ff1,1045,True
func_$_0x10000405b,64,True
func_$_0x10000413b,946,True
func_$_0x10000435b,681,True
func_$_0x1000043cb,-153,True
func_$_0x100004427,1096,False
func_$_0x10000442d,924,False
func_$_0x1000049c9,-672,False
func_$_0x1000049d2,827,True
func_$_0x1000049d4,1124,False
func_$_0x1000049d6,526,False
func_$_0x100004a2e,-736,True
func_$_0x100004bad,873,False
func_$_0x100004c5e,-306,False
func_$_0x100006171,958,True
func_$_0x10000617d,-336,True
func_$_0x100006510,-481,True
func_$_0x100006512,-749,True
func_$_0x100006518,309,True
func_$_0x100006e42,-804,True
func_$_0x100006e44,925,False
func_$_0x1000071aa,949,False
func_$_0x1000076f3,1101,False
func_$_0x100007afe,513,False
func_$_0x100007c18,-598,True
func_$_0x100007f75,692,False
func_$_0x100007f7c,606,False
func_$_0x100007f7e,975,False
func_$_0x100007f80,-779,False
func_$_0x1000083a7,-540,False
func_$_0x1000083aa,817,True
func_$_0x1000083ac,360,True
func_$_0x1000083b2,-357,False
func_$_0x1000083bb,768,False
func_$_0x1000083bd,269,True
func_$_0x100008978,319,False
func_$_0x10000897b,-375,True
func_$_0x100008998,-569,False
func_$_0x10000969a,-531,True
func_$_0x1000096d5,-360,True
func_$_0x1000096d7,1056,False
func_$_0x10000a277,885,False
func_$_0x10000a279,-691,True
func_$_0x10000a37c,-766,False
func_$_0x10000a37e,-15,True
func_$_0x10000a382,312,True
func_$_0x10000a384,423,False
func_$_0x10000a7fb,1119,False
func_$_0x10000a869,62,True
func_$_0x10000a8a3,-148,True
func_$_0x10000a8a9,1145,True
func_$_0x10000a8ad,453,True
func_$_0x10000a8af,-683,False
func_$_0x10000a8b3,-394,True
func_$_0x10000a8b7,814,False
func_$_0x10000a8c1,380,False
func_$_0x10000a8c5,710,False
func_$_0x10000a8c7,-406,False
func_$_0x10000ab3b,-691,True
func_$_0x10000abfe,-805,False
func_$_0x10000ac03,-281,False
func_$_0x10000ac05,-165,False
func_$_0x10000ac0f,142,True
func_$_0x10000ac11,795,False
func_$_0x10000ac19,-515,False
func_$_0x10000ac37,71,True
func_$_0x10000b349,-178,True
func_$_0x10000b34b,-237,False
func_$_0x10000b360,-156,False
func_$_0x10000b364,664,False
func_$_0x10000b514,204,True
func_$_0x10000b516,751,True
func_$_0x10000b51a,421,False
func_$_0x10000b683,-406,False
func_$_0x10000b697,-341,False
func_$_0x10000b69d,443,False
func_$_0x10000b6d9,669,False
func_$_0x10000b8fd,-797,False
func_$_0x10000b964,531,False
func_$_0x10000b966,525,True
func_$_0x10000b974,156,False
func_$_0x10000baf8,516,True
func_$_0x10000bafb,-467,False
func_$_0x10000bb29,834,True
func_$_0x10000c094,-240,True
func_$_0x10000c09e,553,False
func_$_0x10000c0a2,54,False
func_$_0x10000c0a4,740,False
func_$_0x10000cbd4,921,False
func_$_0x10000cc3a,563,True
func_$_0x10000cc56,-478,True
func_$_0x10000cc58,434,False
func_$_0x10000cc5e,-246,True
func_$_0x10000cc60,262,True
func_$_0x10000cc62,917,False
func_$_0x10000cc64,533,False
func_$_0x10000d0d9,873,False
func_$_0x10000d325,-321,True
func_$_0x10000d380,750,True
func_$_0x10000d382,873,False
func_$_0x10000d384,-694,True
func_$_0x10000d388,-195,True
func_$a_0x100008bf6,955,True
func_$a_0x100008bf8,-814,True
func_$e_0x100003ae3,754,False
func_$e_0x100003aed,-750,False
func_$e_0x100004d2d,-482,False
func_$e_0x100004d63,399,True
func_$e_0x100004dc0,632,True
func_$e_0x100005fea,-360,False
func_$e_0x100006120,603,False
func_$e_0x100006183,-153,False
func_$e_0x10000618f,408,True
func_$e_0x100006462,-618,False
func_$e_0x100006464,788,False
func_$e_0x100006763,-401,True
func_$e_0x100006a35,-16,False
func_$e_0x100006c05,-51,False
func_$e_0x100006c1a,807,True
func_$e_0x100006c22,-681,False
func_$e_0x100006c26,-501,True
func_$e_0x100006c28,1079,False
func_$e_0x10000722f,405,True
func_$e_0x100007231,696,False
func_$e_0x100008703,-80,True
func_$e_0x100009fc8,-719,True
func_$e_0x100009fe0,-266,False
func_$e_0x10000aa57,751,False
func_$e_0x10000b27e,538,True
func_$e_0x10000ba0d,359,False
func_$e_0x10000c69b,365,True
func_$e_0x10000c6bf,-284,True
func_$e_0x10000c6c1,194,False
func_$e_0x10000d40d,-697,False
func_$e_0x10000d446,-129,True
func_$e_0x10000d44a,845,False
func_$e_0x10000d452,-177,False
func_$i_0x1000057cf,446,False
func_$i_0x100005e65,669,True
func_$n_0x100008b25,225,True
func_$t_0x1000036a7,756,False
func_$t_0x1000036a9,1127,False
func_$t_0x1000062d8,-678,False
func_$t_0x1000062da,268,True
func_$t_0x1000062dc,548,True
func_$t_0x1000062e4,1025,True
func_$t_0x1000062e8,651,True
func_$t_0x1000062ec,569,False
func_$t_0x1000062f8,-426,True
func_$t_0x1000062fa,1090,False
func_$t_0x1000062fe,-556,True
func_$t_0x100006300,830,False
func_$t_0x100006302,-255,False
func_$t_0x100006304,234,True
func_$t_0x100006306,-329,False
func_$t_0x10000631c,696,True
func_$t_0x100006326,53,False
func_$t_0x100006328,7,True
func_$t_0x100006330,516,False
func_$t_0x100006336,580,True
func_$t_0x10000633a,1062,True
func_$t_0x10000633c,-142,False
func_$t_0x10000633e,217,True
func_$t_0x100006346,-634,False
func_$t_0x10000b899,-689,True
func_$t_0x10000c7a8,-718,False
func_$t_0x10000c7ec,-364,True
func_$t_0x10000c7f0,19,False
func_$u_0x100004fd0,740,True
func_A_0x100000089,152,False
func_A_0x1000000f2,-839,True
func_A_0x1000000f6,175,False
func_A_0x100000271,-628,False
func_A_0x100000336,-106,True
func_A_0x100000371,-619,True
func_A_0x1000003a1,-607,True
func_A_0x1000003d6,-686,True
func_A_0x1000003fa,808,False
func_A_0x100000406,1154,True
func_A_0x100000432,795,False
func_A_0x100000481,-558,True
func_A_0x100000534,-350,True
func_A_0x100000538,182,False
func_A_0x10000053d,-266,False
func_A_0x1000005be,-406,True
func_A_0x1000005c6,193,False
func_A_0x1000005cf,811,True
func_A_0x1000008a7,763,False
func_A_0x1000008fe,-420,True
func_A_0x10000093f,-789,False
func_A_0x100003b74,-713,False
func_A_0x100003b7d,1101,False
func_A_0x100003fa6,-694,True
func_A_0x1000040f8,672,False
func_A_0x100004239,840,True
func_A_0x1000042aa,498,False
func_A_0x10000432e,-325,False
func_A_0x1000043f9,-629,False
func_A_0x100004406,879,False
func_A_0x10000451c,-823,False
func_A_0x100004526,-545,True
func_A_0x100004546,480,True
func_A_0x1000045f5,369,False
func_A_0x1000047ac,-372,False
func_A_0x100004afa,652,False
func_A_0x100004e62,54,False
func_A_0x10000539a,15,False
func_A_0x1000053d1,616,False
func_A_0x1000053d7,-284,True
func_A_0x10000546c,982,True
func_A_0x10000547c,-509,True
func_A_0x100005a6e,-45,False
func_A_0x100005adb,-124,True
func_A_0x100005f3e,565,False
func_A_0x1000061c3,927,True
func_A_0x1000062c2,759,False
func_A_0x1000063c7,821,True
func_A_0x10000648a,116,False
func_A_0x100006536,852,True
func_A_0x100006819,542,False
func_A_0x100006856,282,True
func_A_0x100007a4d,383,False
func_A_0x100007af0,-720,False
func_A_0x100007b18,-43,False
func_A_0x100007bf3,-697,True
func_A_0x100007e63,-478,False
func_A_0x1000080ff,-598,False
func_A_0x100008145,-708,False
func_A_0x1000083e8,-614,True
func_A_0x100008432,1113,False
func_A_0x1000090a2,679,False
func_A_0x1000090af,247,False
func_A_0x1000090c0,982,False
func_A_0x100009135,105,False
func_A_0x100009154,-74,False
func_A_0x100009223,-94,True
func_A_0x100009270,266,False
func_A_0x100009275,1052,False
func_A_0x10000931a,944,True
func_A_0x1000093cd,-40,False
func_A_0x1000093f5,627,True
func_A_0x100009447,866,False
func_A_0x1000098c0,-835,False
func_A_0x100009a6e,140,True
func_A_0x100009e7f,561,False
func_A_0x100009f6c,-493,True
func_A_0x10000a2df,-645,False
func_A_0x10000a853,-818,False
func_A_0x10000ab6b,-35,False
func_A_0x10000abc5,458,True
func_A_0x10000acc8,-823,False
func_A_0x10000ace6,-429,False
func_A_0x10000ad06,-709,False
func_A_0x10000ad0d,946,False
func_A_0x10000af42,747,True
func_A_0x10000af70,656,True
func_A_0x10000af89,-649,False
func_A_0x10000aff9,-501,True
func_A_0x10000b085,-385,False
func_A_0x10000b08e,-37,False
func_A_0x10000b11c,1048,True
func_A_0x10000b19d,66,True
func_A_0x10000b31b,-646,True
func_A_0x10000b31e,416,False
func_A_0x10000b321,490,False
func_A_0x10000b4b7,1055,False
func_A_0x10000b4dd,-531,False
func_A_0x10000b5be,1145,False
func_A_0x10000b978,682,False
func_A_0x10000bb03,464,True
func_A_0x10000bd9a,-822,True
func_A_0x10000c0fa,-678,False
func_A_0x10000c3b8,-1,False
func_A_0x10000c486,-598,True
func_A_0x10000cd4e,-691,True
func_A_0x10000d06f,-821,False
func_A_0x10000d30f,184,True
func_Ae_0x100003810,-403,False
func_Ae_0x10000381b,-680,False
func_Ae_0x10000381f,394,True
func_Ae_0x10000382b,-358,False
func_Ae_0x10000383f,-257,False
func_Ae_0x100003847,281,False
func_Ae_0x100003849,804,True
func_Ae_0x10000403c,-385,True
func_Ae_0x10000476e,432,True
func_Ae_0x10000484b,712,True
func_Ae_0x10000488f,-474,False
func_Ae_0x100004a3e,-157,True
func_Ae_0x100004bb2,856,False
func_Ae_0x100004be9,578,True
func_Ae_0x100004beb,354,False
func_Ae_0x100004bf1,-546,False
func_Ae_0x100005359,1059,False
func_Ae_0x10000537d,-596,False
func_Ae_0x100005759,717,False
func_Ae_0x100006043,-300,True
func_Ae_0x100006045,858,True
func_Ae_0x100006047,-764,True
func_Ae_0x100006049,1034,True
func_Ae_0x10000604b,463,True
func_Ae_0x10000604d,-322,False
func_Ae_0x10000604f,17,False
func_Ae_0x100006051,-183,True
func_Ae_0x100006053,1025,True
func_Ae_0x10000619b,657,False
func_Ae_0x1000061b3,-738,True
func_Ae_0x1000061b7,-687,True
func_Ae_0x100006446,-604,False
func_Ae_0x10000646b,-107,True
func_Ae_0x100006523,1137,False
func_Ae_0x100006525,720,True
func_Ae_0x1000067d9,922,False
func_Ae_0x100006cae,-556,True
func_Ae_0x100006db4,284,True
func_Ae_0x1000071b4,-750,True
func_Ae_0x10000744a,862,True
func_Ae_0x10000744e,158,True
func_Ae_0x1000075fa,923,True
func_Ae_0x1000075fe,106,True
func_Ae_0x100007600,-372,True
func_Ae_0x100007604,67,True
func_Ae_0x100007606,-174,False
func_Ae_0x10000760c,969,False
func_Ae_0x100007617,-336,False
func_Ae_0x100007704,-828,False
func_Ae_0x100007733,-301,True
func_Ae_0x1000078e9,1133,True
func_Ae_0x1000078ed,-218,False
func_Ae_0x100007a89,-273,True
func_Ae_0x10000832e,11,True
func_Ae_0x100008330,971,True
func_Ae_0x100008334,862,True
func_Ae_0x10000833a,795,False
func_Ae_0x100008340,414,True
func_Ae_0x1000083b6,607,False
func_Ae_0x10000b507,-114,False
func_Ae_0x10000b734,-732,True
func_Ae_0x10000b790,972,False
func_Ae_0x10000b9a2,-266,False
func_Ae_0x10000b9c7,380,True
func_Ae_0x10000c12a,-584,True
func_Ae_0x10000c14a,-332,True
func_Ae_0x10000c159,1035,False
func_Ae_0x10000c17b,875,False
func_Ae_0x10000c308,-671,True
func_Ae_0x10000c5dd,-823,False
func_Ae_0x10000c5ef,-166,True
func_Ae_0x10000c609,189,True
func_Ae_0x10000c90a,-648,True
func_Ae_0x10000c90c,311,True
func_Ae_0x10000c912,-485,False
func_Ae_0x10000c922,407,False
func_Ae_0x10000cbde,-725,True
func_Ae_0x10000cbe6,108,True
func_Ae_0x10000d18d,-647,True
func_Ae_0x10000d18f,317,False
func_Ae_0x10000d191,3,False
func_Ae_0x10000d193,472,True
func_Ae_0x10000d1e7,65,True
func_Ai_0x10000bc5a,-384,False
func_Ai_0x10000bc5c,-320,False
func_Ai_0x10000bc60,18,True
func_Ai_0x10000bc69,-99,False
func_An_0x10000a497,310,True
func_An_0x10000c7b6,-103,True
func_An_0x10000c7f8,913,False
func_Ar_0x1000038c1,-397,False
func_Ar_0x1000038c9,411,False
func_Ar_0x1000038cd,-303,False
func_Ar_0x1000038d3,619,False
func_Ar_0x1000038d5,982,True
func_Ar_0x1000038d7,-41,True
func_Ar_0x1000038dd,-402,False
func_Ar_0x1000038df,90,False
func_Ar_0x1000038e1,859,False
func_Ar_0x1000038eb,-805,True
func_Ar_0x100008728,692,False
func_Ar_0x10000872a,718,True
func_Ar_0x10000872e,-63,False
func_Ar_0x10000cfc6,886,False
func_At_0x100004cae,-428,False
func_At_0x100004cb5,1110,False
func_At_0x100004cbe,1016,False
func_At_0x100004cfc,-81,True
func_At_0x100004d10,-43,False
func_At_0x10000654c,552,False
func_At_0x10000654e,-564,False
func_At_0x100006562,804,False
func_At_0x100006568,-735,True
func_At_0x100006582,-579,False
func_At_0x100006584,-741,True
func_At_0x100006610,-390,True
func_At_0x100009766,-529,True
func_At_0x100009b9f,349,True
func_At_0x100009bcb,362,False
func_At_0x100009bcd,638,False
func_At_0x100009be3,-471,False
func_At_0x10000bde1,-272,False
func_At_0x10000c50d,-414,False
func_At_0x10000c50f,821,False
func_At_0x10000c513,-94,False
func_At_0x10000c517,39,True
func_At_0x10000c519,-498,False
func_At_0x10000c51d,260,True
func_At_0x10000c521,238,False
func_At_0x10000c529,-311,True
func_At_0x10000c52b,-435,True
func_At_0x10000c52f,1119,False
func_At_0x10000cae7,1127,True
func_At_0x10000cc05,617,True
func_At_0x10000ccd5,-230,True
func_Au_0x10000a1f8,-471,False
func_Au_0x10000a1fa,64,False
func_Au_0x10000a1fe,575,True
func_Au_0x10000a200,-1,False
func_Au_0x10000a202,909,False
func_Au_0x10000a20a,869,True
func_Au_0x10000a20c,889,True
func_Au_0x10000a20e,-728,False
func_Au_0x10000a212,1084,False
func_Au_0x10000a221,749,True
func_Au_0x10000a22d,-154,True
func_Au_0x10000a231,594,True
func_Au_0x10000a249,-785,True
func_B_0x100000117,496,True
func_B_0x100000121,-176,True
func_B_0x10000012c,99,True
func_B_0x100000132,732,True
func_B_0x100000134,583,True
func_B_0x100000136,-244,False
func_B_0x100000138,-732,False
func_B_0x1000001a7,951,True
func_B_0x100003b37,-95,False
func_B_0x100003b89,-839,True
func_B_0x100003d7d,-76,True
func_B_0x1000040a1,1075,False
func_B_0x100004221,610,True
func_B_0x1000043b0,936,True
func_B_0x100004446,-419,False
func_B_0x100004453,585,True
func_B_0x10000445b,-47,True
func_B_0x10000445d,340,True
func_B_0x100004463,630,True
func_B_0x100004469,615,True
func_B_0x10000446b,-189,True
func_B_0x100004478,156,False
func_B_0x10000471f,336,True
func_B_0x1000049ba,-705,True
func_B_0x100004a85,-353,True
func_B_0x100004ad3,-575,True
func_B_0x100004b00,-593,True
func_B_0x100004b12,826,False
func_B_0x1000054a6,-304,False
func_B_0x100005536,831,False
func_B_0x1000055d4,-561,True
func_B_0x1000055dc,-803,False
func_B_0x1000055ed,537,False
func_B_0x100005f9d,-318,True
func_B_0x100005faf,106,False
func_B_0x1000068e8,1049,True
func_B_0x1000068ea,-383,True
func_B_0x1000068fd,443,False
func_B_0x100006dfb,-180,True
func_B_0x1000078f0,494,False
func_B_0x100007e30,386,True
func_B_0x100007e6d,-298,True
func_B_0x100008032,574,True
func_B_0x100008372,164,True
func_B_0x100008374,337,True
func_B_0x100008498,605,False
func_B_0x100008612,816,False
func_B_0x100008618,-217,False
func_B_0x10000861d,1083,False
func_B_0x10000881f,-317,True
func_B_0x1000090e0,-289,True
func_B_0x1000090e2,-681,True
func_B_0x1000090ea,-479,True
func_B_0x100009233,725,False
func_B_0x100009241,48,False
func_B_0x100009371,349,False
func_B_0x1000093e6,450,True
func_B_0x1000093e8,1108,False
func_B_0x100009403,387,True
func_B_0x1000094c7,783,True
func_B_0x1000094d0,765,True
func_B_0x1000094f4,541,True
func_B_0x10000983e,72,True
func_B_0x100009a42,-273,True
func_B_0x100009c72,-660,False
func_B_0x100009c74,-146,False
func_B_0x100009c76,748,True
func_B_0x100009c78,-723,False
func_B_0x100009c7b,563,True
func_B_0x100009c7f,383,False
func_B_0x100009ddc,567,True
func_B_0x100009e27,-292,True
func_B_0x100009e2d,576,False
func_B_0x100009e3a,-778,False
func_B_0x10000a325,568,True
func_B_0x10000a3e4,160,False
func_B_0x10000a429,554,True
func_B_0x10000a67e,418,False
func_B_0x10000a680,-609,True
func_B_0x10000a732,-549,True
func_B_0x10000a82d,-400,False
func_B_0x10000a929,616,True
func_B_0x10000a930,-128,False
func_B_0x10000a978,-609,False
func_B_0x10000ab5b,1013,False
func_B_0x10000ac75,-216,False
func_B_0x10000ac7d,161,False
func_B_0x10000aea1,-374,False
func_B_0x10000aeb1,275,True
func_B_0x10000aeb3,111,True
func_B_0x10000aeb9,200,True
func_B_0x10000afa7,799,False
func_B_0x10000b184,582,False
func_B_0x10000b186,-704,True
func_B_0x10000b33d,634,False
func_B_0x10000b596,345,True
func_B_0x10000b77b,187,True
func_B_0x10000bcd0,-97,False
func_B_0x10000bd6d,36,False
func_B_0x10000c20b,790,False
func_B_0x10000c4b7,12,True
func_B_0x10000c5b6,-364,False
func_B_0x10000c64b,-717,False
func_B_0x10000cd3b,-710,True
func_B_0x10000cd47,107,True
func_B_0x10000cd77,418,True
func_B_0x10000d399,129,True
func_Be_0x100003ac1,396,True
func_Be_0x100003ad3,-534,False
func_Be_0x100003ae0,1152,False
func_Be_0x1000041f5,-207,True
func_Be_0x100004215,900,True
func_Be_0x1000046f5,720,True
func_Be_0x100004d2f,101,True
func_Be_0x100004d57,390,True
func_Be_0x100004da9,-114,False
func_Be_0x100005fe4,-145,False
func_Be_0x10000609f,-630,False
func_Be_0x100006182,323,False
func_Be_0x100006737,509,True
func_Be_0x10000675f,60,False
func_Be_0x100006762,160,False
func_Be_0x100006a2c,1137,True
func_Be_0x100006a2e,1055,True
func_Be_0x100006a31,-130,False
func_Be_0x100006a43,-283,True
func_Be_0x100006a47,-215,True
func_Be_0x100006aaf,229,False
func_Be_0x1000077ab,-497,False
func_Be_0x100007dc5,740,False
func_Be_0x100007dc7,771,True
func_Be_0x100007dc9,771,False
func_Be_0x100007dcb,920,True
func_Be_0x100007dcd,773,True
func_Be_0x100007dcf,17,False
func_Be_0x100007dd5,-419,True
func_Be_0x100007dd7,595,False
func_Be_0x100007ddd,177,False
func_Be_0x1000086e5,76,True
func_Be_0x100009ad4,-837,False
func_Be_0x100009ad6,450,False
func_Be_0x100009adb,-727,True
func_Be_0x100009add,-323,True
func_Be_0x100009adf,844,True
func_Be_0x100009ae4,-490,False
func_Be_0x100009af0,-368,True
func_Be_0x100009af4,950,False
func_Be_0x100009f49,-286,True
func_Be_0x100009fce,257,False
func_Be_0x100009fd4,1160,True
func_Be_0x100009fd8,371,False
func_Be_0x100009fda,123,False
func_Be_0x100009fec,184,True
func_Be_0x100009ff0,691,True
func_Be_0x100009ff4,482,False
func_Be_0x10000aa55,-184,True
func_Be_0x10000aa5b,822,False
func_Be_0x10000aa65,197,True
func_Be_0x10000ad8e,309,True
func_Be_0x10000ad91,410,False
func_Be_0x10000adcf,825,True
func_Be_0x10000ae28,1011,True
func_Be_0x10000b283,891,False
func_Be_0x10000b285,135,False
func_Be_0x10000c5f5,-382,False
func_Be_0x10000c5f7,497,False
func_Be_0x10000d111,306,True
func_Be_0x10000d171,411,True
func_Be_0x10000d29c,730,True
func_Be_0x10000d3a9,-357,False
func_Be_0x10000d408,583,False
func_Be_0x10000d43a,6,True
func_Be_0x10000d43c,1072,False
func_Bn_0x100007109,739,True
func_Bn_0x10000714c,-564,True
func_Bn_0x10000714e,-481,False
func_Bn_0x100007157,521,True
func_Bn_0x10000bf05,462,True
func_Bn_0x10000bf0e,454,False
func_Bn_0x10000bf10,-670,True
func_Bn_0x10000bf14,-298,False
func_Bn_0x10000bf1a,-595,True
func_Bn_0x10000bf20,550,False
func_Bn_0x10000bf30,-274,False
func_Bn_0x10000bf48,503,False
func_Bn_0x10000bf4a,-120,False
func_Bn_0x10000bf4e,992,True
func_Bn_0x10000bf53,-770,False
func_Bn_0x10000bf64,1131,False
func_Bn_0x10000bf6c,312,False
func_Bn_0x10000bf78,192,True
func_Bn_0x10000bf7e,-41,True
func_Bn_0x10000bf88,812,False
func_Bn_0x10000bf97,-550,False
func_Bn_0x10000bfa9,-710,False
func_Bn_0x10000bfab,80,True
func_Bn_0x10000cf9e,-765,False
func_Bn_0x10000cfb8,155,True
func_Bn_0x10000cfba,-273,False
func_Bn_0x10000d017,-647,True
func_Bn_0x10000d020,1081,False
func_Bo_0x100008b2c,-103,False
func_Bo_0x100008b3a,-357,False
func_Bo_0x100008b58,830,False
func_Bt_0x100005be4,35,True
func_Bt_0x100005bfa,1119,True
func_Bt_0x100005bfe,618,True
func_Bt_0x100005c03,1093,True
func_Bt_0x100005c08,1098,False
func_Bt_0x100005c0d,74,False
func_Bt_0x100005c0f,76,False
func_Bt_0x100005c2b,-107,False
func_Bt_0x100005c2d,1079,True
func_Bt_0x100005c33,1085,True
func_Bt_0x100005c51,-183,False
func_Bt_0x100005c59,-310,False
func_Bt_0x100005c5b,-82,True
func_Bt_0x100005c65,1035,False
func_Bt_0x100005c68,755,True
func_Bt_0x100005c6d,647,True
func_Bt_0x100005caf,-749,True
func_Bt_0x100005cb1,792,False
func_Bt_0x100005cb4,942,True
func_Bt_0x100005cb7,212,True
func_Bt_0x100005cc3,-39,True
func_Bt_0x100005cc6,434,True
func_Bt_0x100005cc9,1019,False
func_Bt_0x100005ccc,862,False
func_Bt_0x100005ccf,-98,True
func_Bt_0x100005cd2,-588,True
func_Bt_0x100005cd5,-113,False
func_Bt_0x100005cd8,-263,True
func_Bt_0x100005cdb,1052,True
func_Bt_0x100005d25,1146,True
func_Bt_0x100005d29,224,False
func_Bt_0x100005d2c,-309,True
func_Bt_0x100005d3e,-705,False
func_Bt_0x100005d42,-490,False
func_Bt_0x100005d49,176,True
func_Bt_0x100005d58,381,False
func_Bt_0x100005d61,13,False
func_Bt_0x100005d6e,-141,True
func_Bt_0x100005d75,1033,False
func_Bt_0x100005d93,496,False
func_Bt_0x100005db5,404,False
func_Bt_0x100005dbe,562,True
func_Bt_0x100005ddb,-565,True
func_Bt_0x100005ddf,303,True
func_Bt_0x100005e29,-540,True
func_Bt_0x100005e2f,375,False
func_Bt_0x100005e34,989,False
func_Bt_0x100005e45,-786,True
func_Bt_0x100005e49,695,True
func_Bt_0x100005e54,1095,False
func_Bt_0x100005e56,1056,False
func_Bt_0x100005e75,-79,True
func_Bt_0x100005e79,1016,True
func_Bt_0x100005e81,1021,True
func_Bt_0x100005e8d,-454,True
func_Bt_0x100005e98,351,True
func_Bt_0x100005ea6,591,True
func_Bt_0x100005ead,149,True
func_Bu_0x1000005fd,671,True
func_Bu_0x100000806,447,False
func_Bu_0x10000080c,344,True
func_Bu_0x10000080e,928,False
func_Bu_0x100000810,645,True
func_Bu_0x100000844,-57,False
func_Bu_0x100007802,-504,False
func_Bu_0x100007839,355,False
func_Bu_0x100007897,-141,True
func_Bu_0x10000c558,-554,True
func_Bu_0x10000cdfb,-708,False
func_Bu_0x10000ce02,61,False
func_C_0x100000489,452,True
func_C_0x10000053a,-425,False
func_C_0x10000090a,-170,True
func_C_0x100000974,-276,False
func_C_0x10000385c,-723,False
func_C_0x100003f6b,387,True
func_C_0x100003fbb,-414,False
func_C_0x100003fef,63,True
func_C_0x1000040e2,370,False
func_C_0x1000041aa,935,False
func_C_0x1000041e3,-103,True
func_C_0x100004242,908,False
func_C_0x100004293,437,False
func_C_0x1000042e7,776,True
func_C_0x10000431c,150,True
func_C_0x10000438f,-55,True
func_C_0x1000043ef,-508,False
func_C_0x1000044c7,-765,False
func_C_0x10000451f,207,False
func_C_0x100004608,411,True
func_C_0x10000460e,1118,False
func_C_0x100004610,-4,True
func_C_0x100004644,704,True
func_C_0x10000470d,1025,True
func_C_0x1000047cf,1059,False
func_C_0x1000049b9,537,True
func_C_0x1000049e9,82,False
func_C_0x100004b7e,-508,False
func_C_0x100005334,825,False
func_C_0x100005336,-445,True
func_C_0x10000547d,827,True
func_C_0x100005488,492,False
func_C_0x100005564,385,False
func_C_0x1000055c0,620,True
func_C_0x10000560c,141,False
func_C_0x1000056c6,766,False
func_C_0x100005a7e,-501,True
func_C_0x100005ecc,391,False
func_C_0x100005ed7,-144,True
func_C_0x100005edd,-552,False
func_C_0x100005edf,371,False
func_C_0x100005f83,-328,False
func_C_0x100006215,-665,False
func_C_0x100006409,431,False
func_C_0x10000681a,-528,False
func_C_0x10000685a,390,False
func_C_0x100006891,107,False
func_C_0x1000068a6,140,True
func_C_0x1000068f9,551,True
func_C_0x100006ee1,1075,True
func_C_0x10000702d,-798,True
func_C_0x10000769b,220,False
func_C_0x100007a98,-459,False
func_C_0x100007ab0,-464,True
func_C_0x100007b37,72,True
func_C_0x100007b5a,-475,True
func_C_0x100007c47,-273,True
func_C_0x100007e6f,-601,True
func_C_0x100007f3f,-839,True
func_C_0x100008146,-107,False
func_C_0x10000845b,-680,False
func_C_0x100008471,276,False
func_C_0x1000085ef,934,True
func_C_0x10000870a,-780,False
func_C_0x10000895e,657,False
func_C_0x100008c7e,-156,True
func_C_0x100008c81,-767,False
func_C_0x10000906c,1071,False
func_C_0x100009110,393,True
func_C_0x100009168,169,True
func_C_0x10000921c,543,False
func_C_0x10000922a,38,True
func_C_0x100009230,90,True
func_C_0x100009325,869,False
func_C_0x1000093f6,123,True
func_C_0x1000093fe,-514,False
func_C_0x100009415,950,True
func_C_0x100009417,-188,True
func_C_0x100009455,-304,False
func_C_0x10000945a,722,False
func_C_0x100009826,-808,False
func_C_0x100009850,891,True
func_C_0x100009965,-442,True
func_C_0x100009a75,-476,False
func_C_0x100009a77,-188,False
func_C_0x100009a7a,-303,True
func_C_0x100009c00,1007,False
func_C_0x100009d22,-51,True
func_C_0x100009d49,928,True
func_C_0x100009d4c,-533,True
func_C_0x100009d4e,-582,False
func_C_0x100009e30,1068,True
func_C_0x100009ee2,842,True
func_C_0x10000a25b,-265,True
func_C_0x10000a3d6,-73,False
func_C_0x10000a615,598,True
func_C_0x10000a860,982,False
func_C_0x10000a8ec,504,True
func_C_0x10000a92d,-65,False
func_C_0x10000abc6,892,False
func_C_0x10000ac41,-319,True
func_C_0x10000af4a,-645,False
func_C_0x10000af91,612,False
func_C_0x10000afd7,134,False
func_C_0x10000afd9,-59,False
func_C_0x10000afee,635,True
func_C_0x10000aff4,945,False
func_C_0x10000affd,-680,True
func_C_0x10000afff,-127,False
func_C_0x10000b005,796,False
func_C_0x10000b008,1119,False
func_C_0x10000b00e,221,False
func_C_0x10000b019,-737,False
func_C_0x10000b030,464,True
func_C_0x10000b053,174,True
func_C_0x10000b05d,228,False
func_C_0x10000b076,-630,True
func_C_0x10000b078,-725,False
func_C_0x10000b093,1031,False
func_C_0x10000b0af,728,True
func_C_0x10000b0b8,-592,False
func_C_0x10000b0ed,116,False
func_C_0x10000b0ef,194,True
func_C_0x10000b0f5,802,True
func_C_0x10000b0f7,1069,False
func_C_0x10000b10f,-370,True
func_C_0x10000b123,-248,False
func_C_0x10000b12c,464,True
func_C_0x10000b12e,-245,False
func_C_0x10000b140,608,False
func_C_0x10000b142,493,False
func_C_0x10000b149,942,True
func_C_0x10000b14b,-809,True
func_C_0x10000b153,399,False
func_C_0x10000b155,797,False
func_C_0x10000b1a1,-168,True
func_C_0x10000b1ab,768,False
func_C_0x10000b1b0,-517,True
func_C_0x10000b1ef,-347,True
func_C_0x10000b1f6,1159,True
func_C_0x10000b1ff,483,False
func_C_0x10000b212,821,False
func_C_0x10000b214,902,False
func_C_0x10000b21c,-610,False
func_C_0x10000b226,-455,True
func_C_0x10000b22f,-92,False
func_C_0x10000b231,-199,True
func_C_0x10000b238,425,False
func_C_0x10000b23a,1130,False
func_C_0x10000b2e7,541,False
func_C_0x10000b4c9,-347,False
func_C_0x10000b5bf,-526,True
func_C_0x10000b6e4,-38,False
func_C_0x10000bb0a,-787,True
func_C_0x10000bb13,397,True
func_C_0x10000bd1f,-790,False
func_C_0x10000c0e4,1014,True
func_C_0x10000c1f2,646,True
func_C_0x10000c222,-802,False
func_C_0x10000c58f,-248,False
func_C_0x10000c929,984,True
func_C_0x10000d074,-306,True
func_C_0x10000d318,128,False
func_C_0x10000d527,278,False
func_C_0x10000d529,891,False
func_C_0x10000d53e,1085,True
func_C_0x10000d540,837,False
func_Ce_0x100004793,871,False
func_Ce_0x100004898,-516,False
func_Ce_0x100004d1e,-345,True
func_Ce_0x1000060a7,78,True
func_Ce_0x1000060a9,-542,True
func_Ce_0x1000060ad,-160,False
func_Ce_0x1000060af,-566,True
func_Ce_0x1000060db,220,False
func_Ce_0x1000060e3,-601,False
func_Ce_0x100006138,-217,True
func_Ce_0x100006145,-453,False
func_Ce_0x10000614d,-283,False
func_Ce_0x1000062d6,207,False
func_Ce_0x100006777,889,False
func_Ce_0x100006799,-178,False
func_Ce_0x100006c07,-539,True
func_Ce_0x100006c2d,-650,False
func_Ce_0x100006ced,275,False
func_Ce_0x10000760e,-465,False
func_Ce_0x10000770a,-347,False
func_Ce_0x1000077a3,73,False
func_Ce_0x1000077a5,903,False
func_Ce_0x1000077a9,205,True
func_Ce_0x100007c91,224,True
func_Ce_0x100007c94,-74,True
func_Ce_0x1000080c6,387,False
func_Ce_0x1000080d7,-548,False
func_Ce_0x1000080db,-758,False
func_Ce_0x100008654,407,True
func_Ce_0x100009f3f,-743,False
func_Ce_0x10000a6d9,510,True
func_Ce_0x10000ae3f,-332,True
func_Ce_0x10000ae41,765,True
func_Ce_0x10000ae56,777,True
func_Ce_0x10000ae5a,188,True
func_Ce_0x10000ae5e,-331,True
func_Ce_0x10000b73f,-816,False
func_Ce_0x10000c28a,-176,True
func_Ce_0x10000c296,348,False
func_Ce_0x10000c5f1,816,True
func_Ce_0x10000c8a8,544,False
func_Ce_0x10000cbd6,-210,True
func_Ce_0x10000cbef,1140,True
func_Ce_0x10000cc2a,128,False
func_Ce_0x10000d238,568,False
func_Ce_0x10000d23a,169,True
func_Ce_0x10000d23c,-678,True
func_Ce_0x10000d242,-173,False
func_Ce_0x10000d244,1092,False
func_Ce_0x10000d24c,920,False
func_Ce_0x10000d25c,334,False
func_Ce_0x10000d289,-6,False
func_Ce_0x10000d47f,-391,False
func_Ce_0x10000d4af,-371,False
func_Ce_0x10000d4b1,-9,False
func_Ce_0x10000d4dd,105,True
func_Ce_0x10000d4df,581,True
func_Ce_0x10000d4e1,-333,False
func_Ce_0x10000d4e3,1022,False
func_Ci_0x100008b2d,994,True
func_Ci_0x100008b33,90,False
func_Ci_0x100008bf5,-93,True
func_Cn_0x100004fb0,414,False
func_Cn_0x100004fbc,639,True
func_Cn_0x100004fbe,11,False
func_Cn_0x100004fc2,-655,False
func_Cn_0x100004fce,-74,False
func_Cn_0x100004fd1,-503,True
func_Cn_0x100004fd4,-818,True
func_Cn_0x10000500a,1026,True
func_Cn_0x10000501c,193,True
func_Cn_0x100005116,831,True
func_Cn_0x1000051bd,729,False
func_Cn_0x1000051c7,-832,False
func_Cn_0x10000531c,26,False
func_Cr_0x100004fc9,-478,False
func_Cr_0x100004fd8,315,False
func_Cr_0x100004fda,871,False
func_Cr_0x100005324,174,True
func_Ct_0x100004551,-303,False
func_Ct_0x100004920,-689,False
func_Ct_0x10000492a,1030,False
func_Ct_0x100004932,793,False
func_Ct_0x100004936,341,True
func_Ct_0x100004938,539,True
func_Ct_0x10000493a,-792,False
func_Ct_0x10000493c,-542,True
func_Ct_0x10000493e,-631,True
func_Ct_0x100004940,299,True
func_Ct_0x100004998,-818,True
func_Ct_0x10000499a,-295,False
func_Ct_0x10000499e,-267,True
func_Ct_0x1000049b0,805,True
func_Ct_0x1000081fc,3,False
func_Ct_0x1000081fe,168,True
func_Ct_0x10000820c,795,True
func_Ct_0x100008216,-764,True
func_Ct_0x10000a0d1,786,False
func_Ct_0x10000cc13,-463,True
func_Cu_0x10000a0d8,781,False
func_Cu_0x10000a1fc,-577,False
func_Cu_0x10000a204,76,True
func_Cu_0x10000a210,-291,False
func_Cu_0x10000a217,530,False
func_Cu_0x10000a219,650,True
func_Cu_0x10000a21b,1142,True
func_Cu_0x10000a21d,-388,False
func_Cu_0x10000a225,579,True
func_Cu_0x10000a227,-351,True
func_Cu_0x10000a22f,958,True
func_Cu_0x10000a235,1112,True
func_Cu_0x10000a239,-289,True
func_Cu_0x10000a23d,-828,False
func_Cu_0x10000a243,1067,False
func_Cu_0x10000a245,952,True
func_Cu_0x10000a247,-35,False
func_Cu_0x10000a257,-663,False
func_D_0x1000000fe,-107,False
func_D_0x100000115,337,True
func_D_0x100000130,403,True
func_D_0x1000001b8,-779,True
func_D_0x100000304,595,True
func_D_0x100003b22,10,False
func_D_0x100003d7f,-672,True
func_D_0x100003e4a,321,True
func_D_0x100003f75,-300,False
func_D_0x100003fa9,-683,True
func_D_0x1000041b6,-147,False
func_D_0x100004314,-774,False
func_D_0x1000043fd,-21,False
func_D_0x100004441,515,False
func_D_0x10000445f,59,True
func_D_0x100004461,359,True
func_D_0x100004465,328,True
func_D_0x100004467,-777,False
func_D_0x1000048da,-18,True
func_D_0x1000048de,1161,False
func_D_0x1000049f7,172,True
func_D_0x100004ac8,334,True
func_D_0x100004ad5,998,True
func_D_0x100004ade,1079,False
func_D_0x100004afe,122,True
func_D_0x100004b16,-351,True
func_D_0x100005a61,16,False
func_D_0x100006206,-339,True
func_D_0x10000623c,-465,True
func_D_0x10000623e,694,True
func_D_0x10000629d,42,False
func_D_0x1000068b3,104,False
func_D_0x100006985,-537,True
func_D_0x100006e1b,950,False
func_D_0x1000078bb,-772,False
func_D_0x100007ad1,140,False
func_D_0x100007c33,585,False
func_D_0x100007c58,564,True
func_D_0x100008034,677,True
func_D_0x1000080f3,-676,True
func_D_0x100008363,609,False
func_D_0x1000084be,372,True
func_D_0x1000084c0,-67,True
func_D_0x100008532,1010,True
func_D_0x100008556,357,False
func_D_0x100008614,537,False
func_D_0x10000861f,917,True
func_D_0x100008621,636,True
func_D_0x1000090e4,65,False
func_D_0x1000090e7,765,True
func_D_0x100009350,151,True
func_D_0x1000093e2,-805,True
func_D_0x1000094cd,779,False
func_D_0x1000096f8,-636,False
func_D_0x10000989d,521,False
func_D_0x10000990b,902,False
func_D_0x100009a56,1142,False
func_D_0x100009c1d,1026,False
func_D_0x100009c83,-433,False
func_D_0x10000a2ea,568,True
func_D_0x10000a2ec,-293,False
func_D_0x10000a2ee,199,False
func_D_0x10000a2f0,228,True
func_D_0x10000a2f4,547,False
func_D_0x10000a672,-689,True
func_D_0x10000a678,9,False
func_D_0x10000a67a,812,False
func_D_0x10000a67c,-813,True
func_D_0x10000a730,57,True
func_D_0x10000a919,923,False
func_D_0x10000a921,424,True
func_D_0x10000a923,-297,False
func_D_0x10000a925,-105,True
func_D_0x10000aaf0,-500,True
func_D_0x10000ac4f,44,False
func_D_0x10000aea3,811,False
func_D_0x10000aea5,771,True
func_D_0x10000aeab,-799,True
func_D_0x10000aebb,-68,True
func_D_0x10000afad,531,False
func_D_0x10000afaf,-740,True
func_D_0x10000afc1,-680,True
func_D_0x10000b571,-394,True
func_D_0x10000bd7f,913,True
func_D_0x10000c318,403,True
func_D_0x10000c984,815,False
func_D_0x10000d2f7,601,True
func_D_0x10000d2ff,-84,True
func_D_0x10000d301,-96,False
func_De_0x1000041fb,-9,False
func_De_0x100004d66,852,True
func_De_0x100004d6a,-586,True
func_De_0x100004daa,-263,False
func_De_0x100004dd1,-25,False
func_De_0x1000060cf,-649,True
func_De_0x1000060d1,-576,False
func_De_0x1000066ef,1046,True
func_De_0x100006785,734,False
func_De_0x100006a1a,632,True
func_De_0x100006a36,-389,True
func_De_0x100006a3e,602,False
func_De_0x100006a54,-807,True
func_De_0x100006aa8,-754,True
func_De_0x100006b3f,583,True
func_De_0x100006b91,-38,True
func_De_0x100006b96,792,True
func_De_0x100006b9e,240,False
func_De_0x100006ba8,131,False
func_De_0x100006bac,242,False
func_De_0x100006bb4,-296,True
func_De_0x100006bbd,-673,False
func_De_0x1000071d2,401,True
func_De_0x1000071d8,-180,False
func_De_0x1000073a9,-186,False
func_De_0x1000073af,-838,True
func_De_0x1000073e1,671,False
func_De_0x100008208,1008,False
func_De_0x1000086ec,1044,False
func_De_0x1000086ee,-323,False
func_De_0x1000086f0,1038,True
func_De_0x100009977,-83,False
func_De_0x100009ff7,290,True
func_De_0x10000aa4c,588,True
func_De_0x10000adbc,804,True
func_De_0x10000b9e5,-793,True
func_De_0x10000b9e7,294,False
func_De_0x10000ba12,-256,True
func_De_0x10000ba14,-280,False
func_De_0x10000c46c,-401,False
func_De_0x10000c471,-244,True
func_De_0x10000c5fd,-814,True
func_De_0x10000c68b,688,False
func_De_0x10000c6b7,-394,False
func_De_0x10000c6c7,418,True
func_De_0x10000c9cd,1010,True
func_De_0x10000d0de,-642,True
func_De_0x10000d3ad,609,True
func_De_0x10000d441,-544,False
func_Di_0x100008d02,548,False
func_Di_0x100008dee,864,False
func_Di_0x100008df2,714,True
func_Di_0x100008f7c,-641,False
func_Di_0x100008fa6,1046,True
func_Di_0x10000900d,-794,False
func_Di_0x100009011,1037,False
func_Dn_0x100000798,499,True
func_Dn_0x100006fe7,91,True
func_Dn_0x100006fe9,-565,False
func_Dn_0x100006fed,-623,True
func_Dn_0x100006fef,-159,False
func_Dn_0x100006ff7,54,True
func_Dn_0x100006ffe,-252,False
func_Dn_0x10000701d,-172,False
func_Dn_0x10000a4f4,153,False
func_Dn_0x10000a4f6,-449,False
func_Dn_0x10000a4fa,-431,True
func_Dn_0x10000a50a,1143,False
func_Dn_0x10000a512,-566,False
func_Dn_0x10000a594,394,True
func_Dn_0x10000c7d7,249,False
func_Dn_0x10000c806,702,True
func_Dr_0x10000714a,-3,False
func_Dr_0x10000715e,187,False
func_Dr_0x10000a551,-6,False
func_Dr_0x10000a557,595,False
func_Dr_0x10000a55b,-178,False
func_Dr_0x10000a561,367,True
func_Dr_0x10000a563,1036,True
func_Dr_0x10000a565,-220,False
func_Dr_0x10000a56d,-291,True
func_Dr_0x10000a573,-41,True
func_Dr_0x10000a575,-551,False
func_Dr_0x10000cfb1,677,False
func_Dr_0x10000d004,634,True
func_Dr_0x10000d006,-205,False
func_Dr_0x10000d008,754,True
func_Dt_0x100003ae1,-55,False
func_Dt_0x100003f0b,-378,True
func_Dt_0x1000041f6,1093,False
func_Dt_0x100004dba,-454,False
func_Dt_0x100004dbc,-771,False
func_Dt_0x100006118,-605,True
func_Dt_0x100006767,562,True
func_Dt_0x100006769,931,True
func_Dt_0x10000676b,953,True
func_Dt_0x100006a4d,1058,True
func_Dt_0x1000071dd,112,False
func_Dt_0x1000077ae,-497,True
func_Dt_0x100008155,-684,True
func_Dt_0x1000087e9,833,True
func_Dt_0x10000bfff,-562,False
func_Dt_0x10000c001,1103,True
func_Dt_0x10000c003,646,True
func_Dt_0x10000c007,181,True
func_Dt_0x10000c00f,-532,False
func_Dt_0x10000c015,1032,True
func_Dt_0x10000c017,481,False
func_Dt_0x10000c019,-587,True
func_Dt_0x10000c01f,-835,True
func_Dt_0x10000c027,-491,True
func_Dt_0x10000c029,-66,True
func_Dt_0x10000c02d,-156,True
func_Dt_0x10000c689,-568,False
func_Dt_0x10000c68f,902,False
func_Dt_0x10000c691,-62,False
func_Dt_0x10000c6a1,945,False
func_Dt_0x10000c6a3,439,True
func_Dt_0x10000c6a5,-704,True
func_Dt_0x10000c6a7,548,False
func_Dt_0x10000c6ab,-178,False
func_Dt_0x10000c6c3,652,True
func_Dt_0x10000c6c5,-475,True
func_Dt_0x10000cc45,1053,True
func_Dt_0x10000d0dd,340,True
func_Dt_0x10000d0f3,964,True
func_Dt_0x10000d175,-386,False
func_Dt_0x10000d440,-756,True
func_Dt_0x10000d4a6,-600,True
func_Du_0x100008dd4,-258,False
func_Du_0x100008e28,484,True
func_Du_0x100008e9b,-342,False
func_Du_0x100008ec5,1088,True
func_Du_0x100008f46,178,False
func_Du_0x100008f61,-594,True
func_EA_0x100005e12,-346,True
func_EA_0x100005e14,-742,True
func_E_0x10000015c,976,True
func_E_0x100000227,665,True
func_E_0x10000023a,1005,False
func_E_0x100000310,170,False
func_E_0x10000031f,174,False
func_E_0x100000379,782,False
func_E_0x1000003d1,212,True
func_E_0x1000003da,-425,False
func_E_0x1000005ca,-427,True
func_E_0x100000901,645,True
func_E_0x10000363a,-676,False
func_E_0x100003c39,2,True
func_E_0x100003c3f,-580,True
func_E_0x100003c45,35,True
func_E_0x100003c7b,849,False
func_E_0x100003cca,514,True
func_E_0x100003d86,-624,True
func_E_0x100003f6f,-697,True
func_E_0x100003fbd,127,True
func_E_0x1000040b1,754,True
func_E_0x1000040df,407,False
func_E_0x10000410a,276,True
func_E_0x100004277,-311,False
func_E_0x1000042f2,402,False
func_E_0x100004351,437,False
func_E_0x1000043aa,-375,True
func_E_0x1000043ac,750,True
func_E_0x10000446e,570,False
func_E_0x100004511,-3,True
func_E_0x100004624,-37,False
func_E_0x100004652,473,False
func_E_0x10000468c,-480,False
func_E_0x100004a73,-241,False
func_E_0x100004b6c,1013,False
func_E_0x10000546d,-259,False
func_E_0x100005479,-278,False
func_E_0x1000054b0,-665,True
func_E_0x10000552f,216,False
func_E_0x1000055a2,867,False
func_E_0x1000055c5,617,False
func_E_0x100005eca,-658,False
func_E_0x100005f56,350,True
func_E_0x100005f6e,188,True
func_E_0x1000061c6,1000,True
func_E_0x100006658,117,False
func_E_0x1000069da,-350,True
func_E_0x100006a0a,950,False
func_E_0x10000768f,-473,True
func_E_0x100007691,230,True
func_E_0x1000078b0,-447,True
func_E_0x100007aa3,369,False
func_E_0x100007ac1,928,False
func_E_0x100007b15,-173,False
func_E_0x100007c26,736,True
func_E_0x100007e6a,379,True
func_E_0x100007fb6,611,True
func_E_0x10000802d,417,False
func_E_0x100008050,606,True
func_E_0x100008068,1129,True
func_E_0x100008099,299,False
func_E_0x10000831f,934,False
func_E_0x100008400,-522,True
func_E_0x100008411,656,True
func_E_0x10000851c,627,True
func_E_0x1000085e1,825,False
func_E_0x10000895a,109,True
func_E_0x100008c42,347,False
func_E_0x100008cc7,68,True
func_E_0x100008ccf,689,False
func_E_0x10000911b,186,True
func_E_0x100009179,-289,True
func_E_0x1000091e2,986,False
func_E_0x1000092a1,829,True
func_E_0x10000932d,265,False
func_E_0x10000944c,-810,False
func_E_0x100009c9c,496,False
func_E_0x100009cf4,-47,False
func_E_0x100009cf6,1106,True
func_E_0x100009ec6,-373,True
func_E_0x100009ed9,-627,True
func_E_0x10000a352,953,False
func_E_0x10000a42e,141,False
func_E_0x10000a48c,-589,True
func_E_0x10000a613,-128,True
func_E_0x10000a8cb,933,False
func_E_0x10000aaa9,-79,True
func_E_0x10000ac4a,-538,True
func_E_0x10000ac88,-608,False
func_E_0x10000ad78,-552,False
func_E_0x10000af8a,1002,True
func_E_0x10000afdc,83,False
func_E_0x10000aff1,452,True
func_E_0x10000b291,970,True
func_E_0x10000b6f6,-114,False
func_E_0x10000b8d3,903,False
func_E_0x10000b9db,-614,False
func_E_0x10000bb08,181,False
func_E_0x10000bd30,95,True
func_E_0x10000bd53,-799,True
func_E_0x10000bd57,360,True
func_E_0x10000c586,-313,True
func_E_0x10000c5ae,-411,True
func_E_0x10000c667,500,False
func_E_0x10000d310,565,False
func_E_0x10000d312,387,True
func_E_0x10000d4f2,1053,True
func_E_0x10000d4f4,772,False
func_Ee_0x100003d0a,531,True
func_Ee_0x100003d0c,858,True
func_Ee_0x100003d0e,944,False
func_Ee_0x1000041ff,309,False
func_Ee_0x10000420d,-763,True
func_Ee_0x10000421c,110,True
func_Ee_0x10000421e,244,True
func_Ee_0x1000046ae,65,False
func_Ee_0x1000046b2,644,False
func_Ee_0x10000478b,-31,False
func_Ee_0x10000478f,-703,True
func_Ee_0x100004799,-34,True
func_Ee_0x100004d5d,-90,False
func_Ee_0x100004d5f,-738,False
func_Ee_0x100004d9c,-502,False
func_Ee_0x100004ddf,1001,False
func_Ee_0x100004de1,653,True
func_Ee_0x100005364,361,False
func_Ee_0x100005368,162,True
func_Ee_0x1000056ec,-477,True
func_Ee_0x10000572a,210,False
func_Ee_0x100005fd9,1009,False
func_Ee_0x100005fdd,-589,False
func_Ee_0x100005ff3,263,True
func_Ee_0x1000060c4,500,True
func_Ee_0x1000062ce,462,True
func_Ee_0x1000062d0,81,False
func_Ee_0x100006379,972,True
func_Ee_0x10000637b,-97,False
func_Ee_0x100006411,-395,True
func_Ee_0x100006413,837,False
func_Ee_0x100006419,327,False
func_Ee_0x100006424,-190,False
func_Ee_0x10000642e,194,True
func_Ee_0x100006430,890,True
func_Ee_0x100006432,559,False
func_Ee_0x10000673f,1094,True
func_Ee_0x10000677e,1091,True
func_Ee_0x100006780,-506,True
func_Ee_0x100006c10,723,True
func_Ee_0x1000080c1,893,False
func_Ee_0x100008152,603,False
func_Ee_0x10000815e,877,False
func_Ee_0x100008167,879,False
func_Ee_0x1000086db,659,False
func_Ee_0x1000087d8,-198,False
func_Ee_0x1000087fd,483,True
func_Ee_0x1000087ff,288,False
func_Ee_0x100008801,-810,False
func_Ee_0x1000096e0,360,True
func_Ee_0x10000a9ee,-78,False
func_Ee_0x10000ae62,-523,False
func_Ee_0x10000b542,659,False
func_Ee_0x10000b55e,-219,False
func_Ee_0x10000b560,989,False
func_Ee_0x10000b566,67,False
func_Ee_0x10000c294,-369,False
func_Ee_0x10000c457,-40,True
func_Ee_0x10000c461,767,True
func_Ee_0x10000c463,1007,False
func_Ee_0x10000c467,-221,False
func_Ee_0x10000c571,-828,True
func_Ee_0x10000c573,-394,False
func_Ee_0x10000cc3c,966,True
func_Ee_0x10000cc40,-727,False
func_Ee_0x10000cebc,177,True
func_Ee_0x10000d2d9,1057,False
func_Ee_0x10000d3b7,798,True
func_Ee_0x10000d481,394,False
func_Ei_0x10000cfcb,-228,True
func_En_0x100003ee4,-338,True
func_En_0x1000081f3,451,True
func_En_0x100008218,-607,True
func_En_0x1000097cd,1141,False
func_En_0x100009b95,-800,False
func_En_0x100009b97,189,False
func_En_0x100009b9c,282,False
func_En_0x10000b38e,1007,False
func_En_0x10000b3a8,-584,True
func_En_0x10000b44c,-744,True
func_En_0x10000b5e7,-754,False
func_Et_0x100008d0f,647,False
func_Et_0x100008dd1,-347,True
func_Et_0x100008dd7,351,False
func_Et_0x100008dd9,561,True
func_Et_0x100008ddb,700,False
func_Et_0x100008ddf,-802,True
func_Et_0x100008de3,622,False
func_Et_0x100008e03,672,False
func_Et_0x100008e05,545,False
func_Et_0x100008e07,-150,False
func_Et_0x100008e09,732,False
func_Et_0x100008e0b,-241,False
func_Et_0x100008e0f,884,True
func_Et_0x100008e16,868,True
func_Et_0x100008e1d,-442,False
func_Et_0x100008e62,953,False
func_Et_0x100008e65,924,True
func_Et_0x100008e68,-417,True
func_Et_0x100008e6b,1153,True
func_Et_0x100008e6e,-320,False
func_Et_0x100008e71,-738,False
func_Et_0x100008e80,478,False
func_Et_0x100008e83,750,False
func_Et_0x100008e89,-36,True
func_Et_0x100008eaf,-223,False
func_Et_0x100008eb9,660,True
func_Et_0x100008eda,203,False
func_Et_0x100008eec,-290,True
func_Et_0x100008ef0,860,False
func_Et_0x100008ef9,520,False
func_Et_0x100008efe,-288,False
func_Et_0x100008f06,172,True
func_Et_0x100008f0f,-801,True
func_Et_0x100008f1a,-130,True
func_Et_0x100008f23,62,False
func_Et_0x100008f35,310,True
func_Et_0x100008f4b,127,True
func_Et_0x100008f59,522,False
func_Et_0x100008f72,-335,False
func_Et_0x100008f74,58,False
func_Et_0x100008f88,-441,False
func_Et_0x100008f91,-744,True
func_Et_0x100008f95,645,False
func_Et_0x100008f9c,1000,True
func_Et_0x100008fb4,375,True
func_Et_0x100008fce,-522,False
func_Et_0x100008fd0,390,False
func_Et_0x100008fe3,375,False
func_Et_0x100008fe5,-553,False
func_Et_0x100008fe8,-112,True
func_Et_0x100008ff0,-58,True
func_Et_0x100008ff9,1030,True
func_Et_0x100009008,-252,True
func_Et_0x10000902b,-104,False
func_Et_0x100009042,-811,False
func_Et_0x100009050,27,False
func_Et_0x100009053,-786,True
func_Eu_0x10000a49a,95,False
func_Eu_0x10000a49c,-207,False
func_Eu_0x10000a4a2,520,True
func_Eu_0x10000a4a4,289,True
func_Eu_0x10000a4a6,533,True
func_Eu_0x10000a4aa,-8,True
func_Eu_0x10000a4ac,142,False
func_Eu_0x10000a4b0,535,True
func_Eu_0x10000a4b2,261,True
func_Eu_0x10000a4b6,-32,True
func_Eu_0x10000a4b8,94,True
func_Eu_0x10000a4be,-483,True
func_Eu_0x10000a4c2,961,False
func_Eu_0x10000a4ca,1152,True
func_Eu_0x10000a4cc,-712,True
func_Eu_0x10000a4ce,459,False
func_Eu_0x10000a4d4,834,True
func_Eu_0x10000a4d6,-398,False
func_Eu_0x10000a4da,660,False
func_Eu_0x10000a4de,622,True
func_Eu_0x10000a4e0,297,True
func_Eu_0x10000a4e6,260,True
func_Eu_0x10000a4ec,-309,True
func_Eu_0x10000a4ee,137,True
func_Eu_0x10000a4f0,-644,True
func_Eu_0x10000a504,784,False
func_Eu_0x10000a508,-679,True
func_Eu_0x10000a50c,993,True
func_Eu_0x10000a510,751,False
func_Eu_0x10000a516,-23,True
func_Eu_0x10000a518,383,False
func_Eu_0x10000a51a,608,True
func_Eu_0x10000a51c,705,True
func_Eu_0x10000a520,864,False
func_Eu_0x10000a522,963,False
func_Eu_0x10000a524,547,False
func_Eu_0x10000a526,476,False
func_Eu_0x10000a528,275,False
func_Eu_0x10000a52c,156,False
func_Eu_0x10000a530,767,True
func_Eu_0x10000c7d5,-422,False
func_Eu_0x10000c7d9,13,True
func_Eu_0x10000c7e6,-262,True
func_Eu_0x10000c800,246,False
func_Eu_0x10000c808,-706,False
func_Eu_0x10000c80c,-33,False
func_Eu_0x10000c80e,1126,False
func_Eu_0x10000c812,-767,False
func_Eu_0x10000c814,199,True
func_F_0x100000109,1062,False
func_F_0x100000113,46,True
func_F_0x10000012e,-30,True
func_F_0x100003a59,-366,True
func_F_0x100003b24,948,False
func_F_0x100003c29,330,False
func_F_0x100003d78,895,True
func_F_0x100003d81,1026,False
func_F_0x100003e17,300,True
func_F_0x100003e1b,-463,False
func_F_0x100003e1d,-609,False
func_F_0x1000041be,174,False
func_F_0x100004295,-153,False
func_F_0x100004361,708,False
func_F_0x1000043ff,-602,False
func_F_0x10000471b,-418,False
func_F_0x10000471d,370,False
func_F_0x1000047f8,1048,False
func_F_0x100004acd,879,False
func_F_0x100004adc,-772,False
func_F_0x100004ae0,-574,False
func_F_0x100004b33,262,False
func_F_0x1000053fa,94,True
func_F_0x100006158,-656,False
func_F_0x100006249,438,False
func_F_0x10000643c,1057,False
func_F_0x1000064c0,828,False
func_F_0x10000663a,829,False
func_F_0x10000663c,266,False
func_F_0x100006dc0,994,True
func_F_0x100006dc2,563,False
func_F_0x100006dc4,395,False
func_F_0x10000765f,141,False
func_F_0x100007799,-398,True
func_F_0x100007b38,551,False
func_F_0x100007e70,-420,True
func_F_0x100007e72,741,True
func_F_0x1000080f5,833,False
func_F_0x1000080f7,-549,True
func_F_0x1000081ba,726,False
func_F_0x100008322,-437,False
func_F_0x10000835f,766,True
func_F_0x100008361,851,False
func_F_0x100008485,745,True
func_F_0x100008488,202,False
func_F_0x1000084b9,688,True
func_F_0x1000085a9,453,True
func_F_0x100008616,-686,True
func_F_0x10000892d,467,True
func_F_0x1000089ae,-126,True
func_F_0x1000089be,-355,True
func_F_0x100008c70,-60,False
func_F_0x100008c97,286,False
func_F_0x100008caf,191,True
func_F_0x100008cb3,-51,False
func_F_0x100009244,1072,True
func_F_0x10000932e,-451,True
func_F_0x1000093da,-443,False
func_F_0x1000093de,-790,False
func_F_0x1000093e0,886,False
func_F_0x1000093e4,-722,False
func_F_0x1000093eb,798,True
func_F_0x100009873,-26,False
func_F_0x100009877,659,False
func_F_0x100009879,1110,False
func_F_0x100009950,986,True
func_F_0x100009a54,12,False
func_F_0x100009a5e,1114,True
func_F_0x100009c81,157,True
func_F_0x10000a2e6,666,True
func_F_0x10000a2f2,591,False
func_F_0x10000a2f6,809,False
func_F_0x10000a2fa,-447,True
func_F_0x10000a437,-206,False
func_F_0x10000a61b,795,True
func_F_0x10000a674,548,True
func_F_0x10000a7e2,-630,True
func_F_0x10000a7e6,1156,False
func_F_0x10000a914,1158,False
func_F_0x10000a91b,-225,True
func_F_0x10000a91d,557,True
func_F_0x10000a91f,461,True
func_F_0x10000a927,703,False
func_F_0x10000aa7a,607,True
func_F_0x10000ac5f,423,True
func_F_0x10000aea7,-726,False
func_F_0x10000aea9,-309,True
func_F_0x10000aeaf,-773,True
func_F_0x10000aec3,411,False
func_F_0x10000aec8,960,True
func_F_0x10000afbf,932,True
func_F_0x10000afc3,-810,False
func_F_0x10000b188,417,False
func_F_0x10000b1bb,486,False
func_F_0x10000b1bd,-337,False
func_F_0x10000b1cd,-542,False
func_F_0x10000b1cf,-340,False
func_F_0x10000b1d1,-668,False
func_F_0x10000b1d3,-75,False
func_F_0x10000b1e3,1117,True
func_F_0x10000b668,125,False
func_F_0x10000b679,-40,False
func_F_0x10000bd3f,231,True
func_F_0x10000c623,265,True
func_F_0x10000c625,345,True
func_F_0x10000cc78,-682,False
func_F_0x10000cc80,-602,False
func_F_0x10000cc82,916,False
func_F_0x10000cc84,268,False
func_F_0x10000cd2d,-516,True
func_F_0x10000cd2f,902,True
func_F_0x10000cd31,687,True
func_F_0x10000cd5b,989,False
func_F_0x10000cd6f,644,True
func_F_0x10000d2af,-44,False
func_F_0x10000d2fd,1046,False
func_F_0x10000d50d,772,False
func_Fe_0x1000001fb,1157,False
func_Fe_0x1000001fd,947,True
func_Fe_0x10000535f,-213,True
func_Fe_0x1000060df,-723,False
func_Fe_0x1000060e4,562,False
func_Fe_0x100006139,99,True
func_Fe_0x100006441,494,False
func_Fe_0x100006c13,889,False
func_Fe_0x100007a56,390,True
func_Fe_0x100007de5,943,False
func_Fe_0x1000080d1,352,False
func_Fe_0x1000080d3,-511,False
func_Fe_0x100008189,-59,True
func_Fe_0x100009f44,127,False
func_Fe_0x10000a6cd,-192,False
func_Fe_0x10000a79d,18,True
func_Fe_0x10000a79f,206,False
func_Fe_0x10000a9ba,679,True
func_Fe_0x10000b74e,-458,False
func_Fe_0x10000b9b7,-817,True
func_Fe_0x10000b9f2,474,False
func_Fe_0x10000c2a1,392,True
func_Fe_0x10000ceab,-260,False
func_Fe_0x10000cece,229,False
func_Fe_0x10000d225,-9,True
func_Fe_0x10000d269,620,False
func_Fe_0x10000d4a5,-512,True
func_Fe_0x10000d4b5,1073,False
func_Fi_0x100005060,194,True
func_Fi_0x100005320,-553,True
func_Fn_0x100005c23,410,True
func_Fn_0x100005c55,216,False
func_Fn_0x100005c57,-26,False
func_Fn_0x100005c5d,575,True
func_Fn_0x100005c71,-2,False
func_Fn_0x100005c73,-524,False
func_Fn_0x100005c75,922,True
func_Fn_0x100005d4e,743,True
func_Fn_0x100005de4,-632,False
func_Fn_0x100005de6,1110,False
func_Fn_0x100005e31,174,False
func_Fn_0x100005e4d,-467,True
func_Fn_0x100005e7b,42,False
func_Fn_0x100005eaa,121,True
func_Fo_0x100008b27,-711,True
func_Fo_0x100008b56,878,False
func_Fo_0x100008b5c,647,True
func_Fo_0x100008bf4,1038,True
func_Fr_0x100003938,367,True
func_Fr_0x100008b38,-437,False
func_Fr_0x100008b5a,-249,False
func_Fr_0x100008be8,-667,True
func_Fr_0x100008bf0,-682,True
func_Ft_0x100004ca9,-623,True
func_Ft_0x100004cb9,-128,False
func_Ft_0x10000561c,591,True
func_Ft_0x100005659,-516,False
func_Ft_0x10000565b,834,True
func_Ft_0x1000065d5,866,True
func_Ft_0x1000065d9,1158,True
func_Ft_0x1000065dd,235,True
func_Ft_0x100006609,-232,True
func_Ft_0x1000066cb,358,False
func_Ft_0x1000079a8,-432,False
func_Ft_0x100007a23,786,True
func_Ft_0x100007a25,526,False
func_Ft_0x100007a2b,693,True
func_Ft_0x100007a3e,186,False
func_Ft_0x100007a46,516,True
func_Ft_0x1000081e4,-48,False
func_Ft_0x100008793,-164,False
func_Ft_0x100008797,698,False
func_Ft_0x1000097b6,-30,True
func_Ft_0x1000097c6,61,False
func_Ft_0x100009b5c,395,True
func_Ft_0x100009b65,760,True
func_Ft_0x100009b6a,138,False
func_Ft_0x100009bac,-66,True
func_Ft_0x10000a037,-724,False
func_Ft_0x10000b64a,915,True
func_Ft_0x10000b64e,864,True
func_Ft_0x10000b654,463,True
func_Ft_0x10000b656,1128,True
func_Ft_0x10000b65c,1102,False
func_Ft_0x10000b65e,570,False
func_Ft_0x10000cb24,294,False
func_Ft_0x10000cb6e,135,False
func_Fu_0x1000074c0,12,True
func_Fu_0x10000cfa7,947,True
func_Fu_0x10000cfa9,-195,False
func_Fu_0x10000d021,-20,True
func_Fu_0x10000d027,490,True
func_Fu_0x10000d029,1143,False
func_Fu_0x10000d02d,725,True
func_G0_0x100008fc3,636,True
func_G0_0x100008fcb,612,False
func_G_0x1000035db,805,False
func_G_0x100003628,-785,True
func_G_0x10000362e,-1,True
func_G_0x100003dbd,-178,False
func_G_0x100003f76,-309,True
func_G_0x100003f78,-339,False
func_G_0x100003f7c,130,False
func_G_0x100004148,125,True
func_G_0x1000042e3,-506,True
func_G_0x1000042fc,-271,True
func_G_0x100004395,-586,True
func_G_0x100004499,86,True
func_G_0x10000449f,-419,False
func_G_0x1000048ba,-322,False
func_G_0x1000048c3,1081,True
func_G_0x1000048d4,768,False
func_G_0x100004c44,-75,True
func_G_0x100004c57,155,True
func_G_0x100005443,-707,True
func_G_0x1000054f5,538,False
func_G_0x1000054fb,162,True
func_G_0x10000550d,-720,True
func_G_0x100005517,94,True
func_G_0x10000551b,-397,True
func_G_0x10000551e,-665,True
func_G_0x10000557c,-588,True
func_G_0x100005580,1029,True
func_G_0x100005fa3,-145,False
func_G_0x10000605b,188,True
func_G_0x100006106,408,True
func_G_0x1000061eb,-307,True
func_G_0x100006218,724,False
func_G_0x100006920,-551,False
func_G_0x100006ab6,-498,True
func_G_0x100006abe,1001,False
func_G_0x100006bc0,729,True
func_G_0x100006bcc,1158,False
func_G_0x100006dfe,449,True
func_G_0x100006e01,900,True
func_G_0x100006e80,-305,False
func_G_0x100006e84,302,False
func_G_0x100006e9c,-34,True
func_G_0x10000748a,779,True
func_G_0x100007738,317,True
func_G_0x100007792,-27,True
func_G_0x10000779c,116,False
func_G_0x1000078bc,959,True
func_G_0x1000078be,631,True
func_G_0x1000078db,-248,True
func_G_0x100007940,-783,True
func_G_0x100007b27,-586,False
func_G_0x100007b29,493,True
func_G_0x100007b2d,89,False
func_G_0x100007c37,-723,False
func_G_0x100007cf3,506,True
func_G_0x100007cf6,458,True
func_G_0x100007cf8,315,True
func_G_0x100007cff,-229,False
func_G_0x100007d01,-152,False
func_G_0x100007d79,-5,False
func_G_0x100007d7d,973,False
func_G_0x100007f49,-599,False
func_G_0x100007f4b,126,True
func_G_0x100007f4f,-798,True
func_G_0x100007f51,673,False
func_G_0x100007f5c,237,True
func_G_0x10000810f,-106,False
func_G_0x1000081b4,-670,True
func_G_0x1000082ec,-42,True
func_G_0x100008325,1101,False
func_G_0x100008624,502,False
func_G_0x100008924,961,False
func_G_0x100008a21,88,True
func_G_0x100008c94,559,True
func_G_0x100008cec,-239,True
func_G_0x100008cf0,-670,True
func_G_0x10000946c,875,True
func_G_0x100009489,-628,False
func_G_0x10000974a,-819,True
func_G_0x100009757,625,True
func_G_0x10000975b,-46,False
func_G_0x100009923,-60,False
func_G_0x10000992d,88,False
func_G_0x100009933,855,False
func_G_0x100009935,-93,True
func_G_0x100009937,-255,True
func_G_0x100009a89,1096,True
func_G_0x100009d54,1083,True
func_G_0x100009d88,-626,True
func_G_0x100009d92,-580,False
func_G_0x10000a61c,-551,True
func_G_0x10000a620,-94,False
func_G_0x10000a6b8,112,True
func_G_0x10000a6bc,1065,False
func_G_0x10000a6c0,113,False
func_G_0x10000aa9d,-303,False
func_G_0x10000b0dc,363,False
func_G_0x10000b0de,-171,False
func_G_0x10000b497,-487,False
func_G_0x10000b4a7,1154,False
func_G_0x10000b77c,-615,True
func_G_0x10000b788,476,False
func_G_0x10000b8ae,-363,False
func_G_0x10000b8b3,-203,False
func_G_0x10000b8c6,253,True
func_G_0x10000bb1a,-483,True
func_G_0x10000bcfb,312,False
func_G_0x10000c686,-592,True
func_G_0x10000c8c0,-238,True
func_G_0x10000cd78,313,True
func_G_0x10000cd86,1120,False
func_G_0x10000cda6,-731,True
func_G_0x10000d24f,520,True
func_G_0x10000d2c7,-787,True
func_G_0x10000d321,296,True
func_G_0x10000d32e,-674,False
func_G_0x10000d332,237,False
func_Ge_0x100003e80,87,False
func_Ge_0x100003e82,-596,True
func_Ge_0x100003e84,-362,False
func_Ge_0x100003e8c,-515,False
func_Ge_0x100003e90,324,True
func_Ge_0x100003e92,576,False
func_Ge_0x100003ea2,567,True
func_Ge_0x100003ea4,-712,True
func_Ge_0x100003ea8,-484,True
func_Ge_0x100003eaa,-517,True
func_Ge_0x100003eac,-257,True
func_Ge_0x100003eb4,-582,True
func_Ge_0x100003eb6,602,True
func_Ge_0x100003eb8,269,False
func_Ge_0x100003eba,-163,True
func_Ge_0x100003ebe,329,False
func_Ge_0x100003ec0,-355,True
func_Ge_0x100003ed0,622,True
func_Ge_0x100003ed6,745,True
func_Ge_0x100003ee1,-771,True
func_Ge_0x10000562e,842,True
func_Ge_0x10000658a,1064,True
func_Ge_0x1000065cc,187,False
func_Ge_0x1000065f7,197,True
func_Ge_0x1000065f9,20,True
func_Ge_0x1000066c7,1028,False
func_Ge_0x10000738a,563,False
func_Ge_0x10000738c,-716,True
func_Ge_0x100007390,-146,True
func_Ge_0x100007998,-281,False
func_Ge_0x10000799c,544,False
func_Ge_0x1000079f7,430,False
func_Ge_0x100007a00,-652,True
func_Ge_0x100007a09,291,False
func_Ge_0x100007a0b,-711,True
func_Ge_0x100008209,911,False
func_Ge_0x10000821d,-833,True
func_Ge_0x10000821f,-168,False
func_Ge_0x100008235,-195,True
func_Ge_0x100008239,339,True
func_Ge_0x10000823b,1154,True
func_Ge_0x100009539,955,False
func_Ge_0x100009542,927,False
func_Ge_0x100009764,-209,False
func_Ge_0x1000097a4,-705,True
func_Ge_0x1000097ac,927,True
func_Ge_0x1000097ae,506,True
func_Ge_0x1000097b4,273,True
func_Ge_0x1000097b8,688,False
func_Ge_0x1000097ba,42,False
func_Ge_0x1000097c0,720,False
func_Ge_0x1000097f3,-255,False
func_Ge_0x1000097f5,690,True
func_Ge_0x100009b85,512,False
func_Ge_0x10000bddb,194,False
func_Ge_0x10000bde2,-283,False
func_Ge_0x10000bde4,462,False
func_Ge_0x10000bde6,-377,False
func_Ge_0x10000bdec,-684,True
func_Ge_0x10000bdee,444,False
func_Ge_0x10000bdf4,828,True
func_Ge_0x10000bdf6,1067,False
func_Ge_0x10000bdf8,480,True
func_Ge_0x10000bdfc,-826,True
func_Ge_0x10000bdfe,-536,False
func_Ge_0x10000be00,718,False
func_Ge_0x10000be02,160,False
func_Ge_0x10000be04,-727,False
func_Ge_0x10000be0c,282,True
func_Ge_0x10000be14,-535,False
func_Ge_0x10000be16,-484,False
func_Ge_0x10000be1c,-208,True
func_Ge_0x10000be1e,-779,True
func_Ge_0x10000be20,887,False
func_Ge_0x10000be22,-41,True
func_Ge_0x10000be2a,85,True
func_Ge_0x10000be2c,-208,False
func_Ge_0x10000be30,906,False
func_Ge_0x10000be34,104,True
func_Ge_0x10000be38,276,True
func_Ge_0x10000be3a,1031,False
func_Ge_0x10000cb57,-736,True
func_Ge_0x10000cc1c,-387,False
func_Gn_0x100004fdc,14,False
func_Gn_0x100005004,830,False
func_Gn_0x100005032,627,False
func_Gn_0x100005112,-388,False
func_Gn_0x10000511e,1049,False
func_Gn_0x100005178,766,False
func_Gn_0x1000051a2,416,False
func_Gn_0x1000051ae,-487,False
func_Gn_0x1000051b0,668,True
func_Gn_0x1000051b5,-682,False
func_Gn_0x1000051b8,158,True
func_Gn_0x10000531e,-559,False
func_Gr_0x10000387f,-207,True
func_Gr_0x10000cff5,-343,False
func_Gr_0x10000d032,109,False
func_Gr_0x10000d034,-17,True
func_Gr_0x10000d042,-246,True
func_Gt_0x100008d18,-635,True
func_Gu_0x100000605,-469,False
func_Gu_0x1000007f2,926,False
func_Gu_0x100000819,861,False
func_Gu_0x1000077e7,625,False
func_Gu_0x1000077e9,579,False
func_Gu_0x1000077f3,916,False
func_Gu_0x10000783b,-580,True
func_Gu_0x10000cdf5,-770,True
func_Gu_0x10000cdf7,-341,False
func_Gu_0x10000cdf9,-49,True
func_H_0x10000021b,-35,True
func_H_0x1000037e7,940,True
func_H_0x1000037ed,-288,False
func_H_0x1000037f1,-164,True
func_H_0x1000037fd,-310,False
func_H_0x100003805,-530,True
func_H_0x100003809,-74,False
func_H_0x10000380d,1063,False
func_H_0x100003b45,349,False
func_H_0x100003b4b,628,True
func_H_0x100003dc4,-412,False
func_H_0x100003dc6,580,False
func_H_0x100003ff4,547,False
func_H_0x100003ff6,729,False
func_H_0x10000402f,22,True
func_H_0x100004033,-792,True
func_H_0x100004125,-811,True
func_H_0x1000041d8,634,False
func_H_0x100004338,754,False
func_H_0x100004426,325,True
func_H_0x1000044d9,543,False
func_H_0x1000049c0,309,True
func_H_0x100004b3c,524,False
func_H_0x100004b40,415,False
func_H_0x100004c80,105,False
func_H_0x100005376,-594,False
func_H_0x10000538a,-367,False
func_H_0x10000538c,362,True
func_H_0x100005390,806,True
func_H_0x10000543f,193,False
func_H_0x100006070,-655,False
func_H_0x100006281,856,True
func_H_0x1000069b0,-305,False
func_H_0x1000069b8,583,True
func_H_0x1000069bf,-729,False
func_H_0x100006ae3,-449,False
func_H_0x100006b0e,-107,True
func_H_0x100006b14,762,False
func_H_0x100006bc4,966,True
func_H_0x100007191,-66,False
func_H_0x100007195,-469,True
func_H_0x10000749d,140,False
func_H_0x1000074a1,162,True
func_H_0x1000074ad,-395,False
func_H_0x10000766b,-360,True
func_H_0x1000078b3,-422,True
func_H_0x100007af8,-117,False
func_H_0x100007b8e,1076,True
func_H_0x100007b90,549,False
func_H_0x100007c14,945,True
func_H_0x100007cd0,614,True
func_H_0x100008562,886,False
func_H_0x100008564,158,False
func_H_0x1000085c6,-596,False
func_H_0x100008977,1022,True
func_H_0x100008a0e,106,False
func_H_0x100008aed,-800,True
func_H_0x1000092e7,254,True
func_H_0x100009377,-534,False
func_H_0x100009483,839,False
func_H_0x100009620,707,False
func_H_0x100009676,800,False
func_H_0x100009678,878,True
func_H_0x10000967a,408,True
func_H_0x100009680,-266,True
func_H_0x10000971d,340,False
func_H_0x100009729,-225,True
func_H_0x10000972b,1047,True
func_H_0x100009733,409,True
func_H_0x10000991c,-317,True
func_H_0x100009a98,-360,False
func_H_0x100009aa5,-22,False
func_H_0x100009aab,1088,True
func_H_0x100009c38,-228,True
func_H_0x100009c47,363,True
func_H_0x100009c4b,-784,True
func_H_0x10000a2a3,529,True
func_H_0x10000a36c,1022,False
func_H_0x10000aa74,820,False
func_H_0x10000aab2,586,True
func_H_0x10000aae7,588,True
func_H_0x10000ab3a,-567,False
func_H_0x10000ab3e,-605,True
func_H_0x10000b494,-379,True
func_H_0x10000b6eb,879,False
func_H_0x10000b6ed,27,True
func_H_0x10000b763,-786,False
func_H_0x10000bb21,-195,True
func_H_0x10000bb23,719,True
func_H_0x10000bcd6,-597,False
func_H_0x10000c200,888,False
func_H_0x10000c202,-266,False
func_H_0x10000c204,482,False
func_H_0x10000c207,-130,True
func_H_0x10000c236,304,True
func_H_0x10000c238,162,False
func_H_0x10000c23c,1032,True
func_H_0x10000c23e,-426,True
func_H_0x10000c240,-131,False
func_H_0x10000c255,662,True
func_H_0x10000c320,871,False
func_H_0x10000c324,-333,False
func_H_0x10000c40e,251,False
func_H_0x10000d096,-603,False
func_H_0x10000d09a,-604,True
func_H_0x10000d09c,930,True
func_H_0x10000d0a0,56,True
func_H_0x10000d47b,-410,False
func_He_0x100003d3e,443,False
func_He_0x100003d40,1087,True
func_He_0x100003d4a,-546,True
func_He_0x100003d50,-277,False
func_He_0x100004c17,884,False
func_He_0x10000618a,-164,False
func_He_0x10000618c,938,True
func_He_0x1000066b8,443,False
func_He_0x1000066c2,930,True
func_He_0x100006a3b,-730,True
func_He_0x100006b3c,769,True
func_He_0x100006b42,980,False
func_He_0x100006b49,894,True
func_He_0x100007fd1,354,False
func_He_0x1000099a7,1006,False
func_He_0x1000099b8,898,True
func_He_0x1000099e4,-16,False
func_He_0x100009ffd,-185,True
func_He_0x10000c6ca,-188,False
func_He_0x10000d0fd,-390,False
func_He_0x10000d17b,247,False
func_He_0x10000d3b4,-517,False
func_He_0x10000d411,-660,False
func_He_0x10000d492,-662,False
func_He_0x10000d494,592,False
func_He_0x10000d4a2,585,True
func_Hi_0x100008bf2,-236,False
func_Hn_0x100003693,540,False
func_Hn_0x1000037c6,851,True
func_Hn_0x1000037c8,-528,True
func_Hn_0x1000037ca,469,False
func_Hn_0x10000630a,1107,False
func_Hn_0x10000630c,66,True
func_Hn_0x10000631e,426,False
func_Hn_0x100006320,-388,False
func_Hn_0x100006322,503,True
func_Hn_0x100006324,710,True
func_Hn_0x10000632a,430,False
func_Hn_0x10000632c,-148,False
func_Hn_0x10000632e,-510,True
func_Hn_0x100006332,177,False
func_Hn_0x100006334,-646,False
func_Hn_0x100006338,119,False
func_Hn_0x100006340,-449,True
func_Hn_0x100006342,563,False
func_Hn_0x100006344,-671,False
func_Hn_0x10000634c,-323,True
func_Hn_0x10000634e,300,True
func_Hn_0x100006350,110,False
func_Hn_0x100006352,-548,False
func_Hn_0x100006356,-364,False
func_Hn_0x100006358,997,False
func_Hn_0x10000635a,235,True
func_Hn_0x10000635c,5,True
func_Hn_0x10000635e,-387,True
func_Hn_0x100006368,-573,False
func_Hn_0x10000636c,-528,False
func_Hn_0x10000636e,-380,False
func_Hn_0x100006374,-489,False
func_Hn_0x10000b88f,121,True
func_Hn_0x10000b891,1071,True
func_Hn_0x10000b895,-795,True
func_Hn_0x10000b89c,-27,False
func_Hn_0x10000c78c,766,True
func_Hn_0x10000c7f7,984,True
func_Hn_0x10000c829,-338,True
func_Hn_0x10000c82b,-147,False
func_Ho_0x100008bfa,260,True
func_Ho_0x100008bfc,-686,True
func_Ht_0x1000057ca,-450,True
func_Ht_0x1000057ec,649,False
func_Ht_0x100005901,1066,True
func_Ht_0x10000590c,-356,True
func_Ht_0x10000591c,855,True
func_Ht_0x10000592e,281,False
func_Ht_0x100005946,-817,True
func_Ht_0x100005952,442,False
func_Ht_0x10000596e,419,True
func_Ht_0x10000597c,-711,True
func_Ht_0x100005980,596,False
func_Ht_0x1000059b0,971,False
func_Ht_0x1000059b2,1039,True
func_Ht_0x1000059de,143,True
func_Ht_0x1000059e0,217,True
func_Ht_0x100005a0f,773,True
func_Ht_0x100005a11,-407,True
func_Ht_0x100005a27,877,True
func_Ht_0x100005a53,-64,True
func_Ht_0x100005d70,274,True
func_Hu_0x10000cfc3,869,False
func_Hu_0x10000d040,-287,False
func_I_0x10000011c,-488,True
func_I_0x100000120,59,False
func_I_0x1000001a4,1117,True
func_I_0x1000001b5,-117,True
func_I_0x100000210,851,True
func_I_0x1000002a3,-27,False
func_I_0x1000002a7,127,True
func_I_0x1000002fb,-77,False
func_I_0x1000002fd,-318,False
func_I_0x1000002ff,601,True
func_I_0x100000303,293,True
func_I_0x1000005d8,-532,False
func_I_0x100003a5d,588,False
func_I_0x100003aa8,-299,True
func_I_0x100003b82,751,False
func_I_0x100003b84,-549,True
func_I_0x1000040be,-705,False
func_I_0x10000431f,247,True
func_I_0x100004321,347,False
func_I_0x100004323,-140,False
func_I_0x100004327,656,False
func_I_0x100004329,224,False
func_I_0x1000043be,955,False
func_I_0x100004412,-198,False
func_I_0x100004414,95,True
func_I_0x100004416,244,False
func_I_0x100004418,-230,False
func_I_0x100004505,-623,False
func_I_0x100004668,-43,False
func_I_0x10000467b,239,True
func_I_0x100004c54,-636,False
func_I_0x1000054d6,-45,True
func_I_0x1000054e4,-56,False
func_I_0x100005530,-815,True
func_I_0x10000553e,-2,False
func_I_0x1000055e4,679,False
func_I_0x1000055ef,1031,False
func_I_0x1000055f1,341,False
func_I_0x1000055f9,382,False
func_I_0x100005a65,968,True
func_I_0x100005a98,-236,True
func_I_0x100005ab2,592,False
func_I_0x100005efb,-481,True
func_I_0x100005f1d,277,False
func_I_0x100006211,-614,False
func_I_0x100006248,-253,True
func_I_0x100006299,-717,True
func_I_0x10000629b,-838,True
func_I_0x10000648e,-536,False
func_I_0x100006639,934,False
func_I_0x1000068b2,226,True
func_I_0x1000068bb,-243,True
func_I_0x100006905,1016,False
func_I_0x1000069c5,449,True
func_I_0x100006ecb,521,False
func_I_0x100006ed1,937,True
func_I_0x100006edb,1128,False
func_I_0x100006edd,336,True
func_I_0x100007365,996,False
func_I_0x100007725,-143,True
func_I_0x100007763,161,True
func_I_0x100007c57,-506,True
func_I_0x100007c68,1108,True
func_I_0x100007e55,244,False
func_I_0x100008031,-252,True
func_I_0x100008093,-577,True
func_I_0x1000080b8,-355,True
func_I_0x1000081a7,1142,False
func_I_0x10000835e,-111,True
func_I_0x1000084e0,-16,False
func_I_0x100008c84,720,True
func_I_0x100009083,-709,True
func_I_0x100009137,-253,False
func_I_0x10000935d,869,True
func_I_0x100009401,1029,True
func_I_0x100009405,-385,False
func_I_0x10000940b,-166,True
func_I_0x1000094aa,378,False
func_I_0x1000094b0,713,False
func_I_0x1000094b2,-544,False
func_I_0x1000094b4,-326,True
func_I_0x1000094b6,923,True
func_I_0x1000094c9,1141,True
func_I_0x100009696,-837,False
func_I_0x100009835,-623,False
func_I_0x1000098f2,172,True
func_I_0x1000098f8,-418,False
func_I_0x1000098ff,813,True
func_I_0x100009c68,824,True
func_I_0x100009d20,1038,False
func_I_0x100009d29,538,False
func_I_0x100009dd9,55,True
func_I_0x100009ea6,991,False
func_I_0x10000a2c7,-172,True
func_I_0x10000a307,-639,True
func_I_0x10000a324,-567,True
func_I_0x10000a7e1,-450,True
func_I_0x10000a82c,-415,False
func_I_0x10000a8ef,1027,False
func_I_0x10000ab5a,-421,True
func_I_0x10000ab5e,-65,False
func_I_0x10000ae9e,-201,True
func_I_0x10000aec7,966,True
func_I_0x10000afa6,107,False
func_I_0x10000b0be,1087,True
func_I_0x10000b0cf,-89,False
func_I_0x10000b0d1,513,False
func_I_0x10000b194,529,True
func_I_0x10000b196,-84,False
func_I_0x10000c20f,-231,True
func_I_0x10000c2cd,739,False
func_I_0x10000c2d5,-5,True
func_I_0x10000c3e3,-418,True
func_I_0x10000c490,-255,True
func_I_0x10000c49d,-301,True
func_I_0x10000c4c3,-706,True
func_I_0x10000c4c5,-608,False
func_I_0x10000c8ca,-774,False
func_I_0x10000c8cc,-479,False
func_I_0x10000c970,-317,True
func_I_0x10000cc74,107,True
func_I_0x10000cd55,-452,True
func_I_0x10000cd57,1108,False
func_I_0x10000cd6b,-428,True
func_I_0x10000d517,-143,True
func_I_0x10000d542,-164,True
func_Ie_0x1000041f9,103,True
func_Ie_0x100004d64,586,False
func_Ie_0x100004d68,783,False
func_Ie_0x100004d6c,621,True
func_Ie_0x100004dcd,628,False
func_Ie_0x100005670,-162,False
func_Ie_0x100006560,-436,False
func_Ie_0x1000066a1,-422,False
func_Ie_0x1000066b5,863,True
func_Ie_0x100006787,1155,True
func_Ie_0x100006a18,-106,False
func_Ie_0x100006a50,1159,True
func_Ie_0x100006aaa,-817,True
func_Ie_0x100006b33,835,False
func_Ie_0x100006b4e,1127,False
func_Ie_0x100006b8f,-30,True
func_Ie_0x1000071d5,-832,False
func_Ie_0x1000071e7,473,True
func_Ie_0x1000073a0,-632,True
func_Ie_0x1000073a6,-730,False
func_Ie_0x1000073e3,888,True
func_Ie_0x100007fd3,495,True
func_Ie_0x1000099e0,-652,True
func_Ie_0x10000add9,662,False
func_Ie_0x10000b28a,1087,True
func_Ie_0x10000b9e2,-761,False
func_Ie_0x10000c5ff,806,False
func_Ie_0x10000c601,-179,False
func_Ie_0x10000cc4e,-290,True
func_Ie_0x10000d0ea,324,True
func_Ie_0x10000d431,188,True
func_Ie_0x10000d435,-17,False
func_Ie_0x10000d437,542,True
func_Ii_0x100008d1a,471,False
func_Ii_0x100008d1c,980,False
func_Ii_0x100008f1f,594,True
func_Ii_0x100008f28,481,True
func_Ii_0x100008f2c,-739,True
func_Ii_0x100008f53,159,False
func_In_0x10000455f,1153,False
func_In_0x1000077ec,534,True
func_In_0x10000780a,-627,False
func_In_0x100007816,-526,True
func_In_0x100007835,-174,True
func_In_0x10000787e,136,False
func_In_0x100007882,-17,True
func_In_0x10000788a,-544,False
func_In_0x100007896,-719,True
func_In_0x1000078a2,424,True
func_In_0x10000b3dc,876,False
func_In_0x10000b3e0,862,True
func_In_0x10000b3e2,197,True
func_In_0x10000b3e4,-99,False
func_In_0x10000c55a,52,False
func_In_0x10000ca5f,562,False
func_Io_0x100008b1d,400,False
func_Io_0x100008b73,-505,True
func_Ir_0x100008d19,257,False
func_Ir_0x100008dcd,-217,False
func_Ir_0x100009045,-374,True
func_It_0x100004cc1,-297,True
func_It_0x1000097c9,433,False
func_It_0x1000097cb,-462,True
func_It_0x10000b3a2,-338,False
func_It_0x10000b464,507,True
func_It_0x10000b5da,1065,True
func_It_0x10000cc0d,243,True
func_Iu_0x1000051cf,274,False
func_Iu_0x1000051d5,-723,False
func_Iu_0x1000051d7,903,True
func_Iu_0x1000051d9,-78,True
func_Iu_0x1000051db,802,False
func_Iu_0x1000051e5,-335,False
func_Iu_0x1000051eb,672,False
func_Iu_0x1000051ef,573,False
func_Iu_0x1000051f3,883,True
func_Iu_0x1000051f7,27,False
func_Iu_0x1000051fb,-653,True
func_Iu_0x100005201,-715,True
func_Iu_0x100005205,1107,False
func_Iu_0x100005207,650,True
func_Iu_0x10000520b,-506,True
func_Iu_0x100005213,906,False
func_Iu_0x100005217,441,False
func_Iu_0x100005219,-443,True
func_Iu_0x10000521b,-822,True
func_Iu_0x10000521d,-429,False
func_Iu_0x100005225,369,True
func_Iu_0x100005227,1089,False
func_Iu_0x100005229,655,False
func_Iu_0x10000522b,773,True
func_Iu_0x10000522d,-661,True
func_Iu_0x100005235,-305,False
func_Iu_0x10000523b,919,True
func_Iu_0x100005241,419,False
func_Iu_0x100005249,-725,True
func_Iu_0x10000524b,-285,True
func_Iu_0x100005251,887,True
func_Iu_0x100005253,15,True
func_Iu_0x100005261,1158,False
func_Iu_0x10000526d,295,False
func_Iu_0x10000526f,-478,False
func_Iu_0x100005271,108,True
func_Iu_0x100005273,15,False
func_Iu_0x100005279,391,False
func_Iu_0x10000527b,778,True
func_Iu_0x10000527f,20,False
func_Iu_0x100005285,569,True
func_Iu_0x10000528b,1116,False
func_Iu_0x10000528d,744,False
func_Iu_0x100005291,584,True
func_Iu_0x100005293,397,True
func_Iu_0x100005297,-47,True
func_Iu_0x10000529d,660,True
func_Iu_0x1000052a3,956,False
func_Iu_0x1000052a5,493,True
func_Iu_0x1000052af,488,False
func_Iu_0x1000052b3,871,True
func_Iu_0x1000052b5,-364,True
func_Iu_0x1000052b9,-388,False
func_Iu_0x1000052bb,748,False
func_Iu_0x1000052bd,-803,False
func_Iu_0x1000052c7,610,True
func_Iu_0x1000052c9,242,False
func_Iu_0x1000052cb,514,True
func_Iu_0x1000052cf,157,True
func_Iu_0x1000052d5,895,True
func_Iu_0x1000052db,336,False
func_Iu_0x1000052dd,-31,False
func_Iu_0x1000052e3,230,True
func_Iu_0x1000052e5,324,True
func_Iu_0x1000052e9,120,False
func_Iu_0x1000052eb,550,True
func_Iu_0x1000052ed,-441,True
func_Iu_0x1000052f1,1085,False
func_Iu_0x1000052f7,615,False
func_Iu_0x1000052f9,375,False
func_Iu_0x1000052fb,362,False
func_Iu_0x100005300,866,False
func_Iu_0x10000530b,-777,False
func_J_0x100000215,-211,True
func_J_0x100000217,341,True
func_J_0x100000219,-469,False
func_J_0x10000366b,1001,False
func_J_0x100003b3c,-741,False
func_J_0x100003b3f,-358,True
func_J_0x100003b41,58,False
func_J_0x100003b47,114,False
func_J_0x100003b4d,414,True
func_J_0x100003fc4,-314,True
func_J_0x100003fd3,1059,True
func_J_0x100004031,1129,True
func_J_0x100004119,-272,False
func_J_0x100004144,-564,True
func_J_0x1000041bb,978,False
func_J_0x100004420,-721,False
func_J_0x1000044a0,786,True
func_J_0x1000044d3,440,False
func_J_0x1000044e8,-572,False
func_J_0x100004aad,-399,False
func_J_0x100004abb,895,True
func_J_0x100004ae5,-113,True
func_J_0x100004ae9,-288,False
func_J_0x100004d51,-473,True
func_J_0x10000543c,1018,True
func_J_0x100005444,340,True
func_J_0x10000605c,-780,False
func_J_0x100006060,268,False
func_J_0x10000606a,866,False
func_J_0x100006109,-740,False
func_J_0x10000610e,-206,False
func_J_0x10000624d,-300,False
func_J_0x1000064f7,168,False
func_J_0x100006500,-767,False
func_J_0x100006687,-335,True
func_J_0x100006919,-727,False
func_J_0x100006b0c,3,False
func_J_0x100006b10,-492,False
func_J_0x100006b12,699,True
func_J_0x100006b16,-545,False
func_J_0x10000743d,247,False
func_J_0x100007495,983,False
func_J_0x100007497,-316,True
func_J_0x100007499,448,True
func_J_0x10000749b,-568,False
func_J_0x1000074a5,-835,True
func_J_0x100007653,-476,False
func_J_0x100007665,-329,False
func_J_0x10000766d,161,False
func_J_0x100007722,535,True
func_J_0x1000078e4,-356,True
func_J_0x100007ade,32,False
func_J_0x100007afb,-632,True
func_J_0x100007b7b,652,True
func_J_0x100007c1d,-98,False
func_J_0x100007c1f,392,True
func_J_0x100007d1e,1006,True
func_J_0x100007d5f,-285,True
func_J_0x1000080b9,781,True
func_J_0x1000082ed,-36,False
func_J_0x1000083b4,340,True
func_J_0x100008559,-631,False
func_J_0x100008566,-701,True
func_J_0x1000085c0,314,True
func_J_0x1000089b0,-446,False
func_J_0x100008a05,-619,False
func_J_0x100008adc,67,True
func_J_0x100008b09,887,False
func_J_0x100008b11,537,True
func_J_0x1000092d5,-239,False
func_J_0x1000095ce,-503,False
func_J_0x100009602,1143,True
func_J_0x100009604,-397,False
func_J_0x100009606,245,False
func_J_0x10000960c,916,True
func_J_0x100009612,638,True
func_J_0x100009615,-631,True
func_J_0x100009617,-194,True
func_J_0x10000961b,637,False
func_J_0x10000961e,791,True
func_J_0x100009638,753,False
func_J_0x10000963a,-219,False
func_J_0x1000096f9,718,False
func_J_0x100009737,-760,True
func_J_0x10000991e,-335,True
func_J_0x100009920,318,True
func_J_0x100009928,-806,False
func_J_0x100009a96,738,True
func_J_0x100009a9c,373,False
func_J_0x100009aa7,-815,True
func_J_0x100009aaf,516,True
func_J_0x100009c41,1042,True
func_J_0x100009c59,748,True
func_J_0x100009c5b,389,False
func_J_0x10000a2c2,-624,False
func_J_0x10000a339,-414,True
func_J_0x10000a36e,1013,True
func_J_0x10000a68f,-805,True
func_J_0x10000aa24,1028,False
func_J_0x10000aa6e,343,True
func_J_0x10000ab27,1155,False
func_J_0x10000ab38,456,True
func_J_0x10000ab40,-548,True
func_J_0x10000b35d,-32,True
func_J_0x10000b588,1125,False
func_J_0x10000b58a,616,False
func_J_0x10000b6e7,892,True
func_J_0x10000b6e9,-91,False
func_J_0x10000b6f1,242,False
func_J_0x10000b6f3,504,True
func_J_0x10000b778,47,False
func_J_0x10000b77f,292,True
func_J_0x10000b781,-812,True
func_J_0x10000b8cf,47,False
func_J_0x10000bb1d,364,True
func_J_0x10000bb1f,-444,False
func_J_0x10000bb25,791,False
func_J_0x10000bb27,-420,False
func_J_0x10000bcd8,-590,False
func_J_0x10000bfc8,412,False
func_J_0x10000c032,760,True
func_J_0x10000c243,-371,False
func_J_0x10000c253,1058,True
func_J_0x10000c2f1,-130,False
func_J_0x10000c326,-62,True
func_J_0x10000cd7a,749,False
func_J_0x10000d32a,666,False
func_J_0x10000d459,772,False
func_J_0x10000d45d,-100,False
func_Je_0x100005662,-279,True
func_Je_0x100005681,-262,True
func_Je_0x100006561,-399,True
func_Je_0x100006572,-414,True
func_Je_0x100006579,734,True
func_Je_0x100006692,1096,True
func_Je_0x1000066da,924,False
func_Je_0x1000066e2,919,False
func_Je_0x1000066e4,-130,False
func_Je_0x100007fdf,93,True
func_Je_0x100009532,-528,True
func_Je_0x100009534,937,True
func_Je_0x10000953e,-41,True
func_Je_0x10000956b,-750,False
func_Je_0x10000956d,1100,False
func_Je_0x10000957c,832,False
func_Je_0x10000957e,-356,True
func_Je_0x100009582,-598,False
func_Je_0x10000958a,186,True
func_Je_0x10000958c,642,True
func_Je_0x100009598,585,True
func_Je_0x10000959a,-659,True
func_Je_0x10000959c,209,True
func_Je_0x10000959e,-493,False
func_Je_0x1000095a0,-22,True
func_Je_0x1000095a4,-61,False
func_Je_0x1000095bc,44,False
func_Je_0x1000095c2,883,False
func_Je_0x1000099bf,1105,False
func_Je_0x1000099c1,69,False
func_Je_0x10000a004,450,True
func_Je_0x10000ada5,-278,True
func_Je_0x10000ada9,-221,False
func_Je_0x10000c884,165,True
func_Je_0x10000c888,-600,False
func_Je_0x10000c88e,-271,True
func_Je_0x10000d49a,-231,False
func_Jn_0x100000803,-476,True
func_Jn_0x100004e7c,41,True
func_Jn_0x10000b7b7,1115,False
func_Jn_0x10000c560,-506,False
func_Jn_0x10000c566,507,True
func_Jn_0x10000c71b,-664,False
func_Jn_0x10000c71d,-759,True
func_Jn_0x10000c796,145,False
func_Jn_0x10000c79e,756,False
func_Jn_0x10000c7a0,348,True
func_Jn_0x10000c7c7,-603,True
func_Jn_0x10000c7e9,-630,True
func_Jt_0x100004ce8,-533,False
func_Jt_0x10000563b,-762,True
func_Jt_0x100009545,424,False
func_Jt_0x100009547,982,False
func_Jt_0x100009549,106,True
func_Jt_0x100009b80,4,True
func_Jt_0x100009baf,338,True
func_Jt_0x100009bb2,421,True
func_Jt_0x10000b398,-638,True
func_Jt_0x10000b3af,-697,True
func_Jt_0x10000b3d2,-136,True
func_Jt_0x10000b3fe,-342,True
func_Jt_0x10000b450,-525,False
func_Jt_0x10000b466,-247,False
func_Jt_0x10000b46d,937,True
func_Jt_0x10000b5dc,720,False
func_Jt_0x10000b5f7,509,False
func_Jt_0x10000b60f,471,False
func_Jt_0x10000b65a,-381,False
func_Jt_0x10000cc0c,-339,False
func_Jt_0x10000d0fa,640,False
func_Ju_0x1000052fe,557,True
func_K_0x1000037e1,292,False
func_K_0x1000037e5,968,True
func_K_0x1000037ff,149,False
func_K_0x100003803,329,False
func_K_0x10000405f,-210,True
func_K_0x10000411d,299,False
func_K_0x1000044a8,954,False
func_K_0x1000044aa,575,False
func_K_0x1000044ac,51,False
func_K_0x1000049d9,-823,False
func_K_0x100004a99,221,True
func_K_0x100004aae,-100,True
func_K_0x100004abc,755,False
func_K_0x100004abe,1009,False
func_K_0x100004b3a,224,True
func_K_0x100004b46,404,True
func_K_0x10000533e,-388,False
func_K_0x100005352,-316,False
func_K_0x100005354,696,False
func_K_0x100005386,771,True
func_K_0x10000544a,-779,True
func_K_0x100006064,-59,False
func_K_0x10000624e,-71,True
func_K_0x100006252,-496,True
func_K_0x100006256,850,True
func_K_0x10000625a,-519,False
func_K_0x10000625e,-339,True
func_K_0x100006260,489,False
func_K_0x10000650b,-265,False
func_K_0x100006f1b,-275,False
func_K_0x10000719c,28,False
func_K_0x100007256,401,True
func_K_0x10000725b,-304,True
func_K_0x10000725d,-507,True
func_K_0x1000074af,143,True
func_K_0x100007667,-780,True
func_K_0x1000076a3,505,False
func_K_0x1000076af,335,True
func_K_0x1000076c6,339,False
func_K_0x100007b06,386,True
func_K_0x100007cd2,1083,False
func_K_0x100007ce4,-486,False
func_K_0x100008287,-535,True
func_K_0x100008289,806,False
func_K_0x10000828d,-791,False
func_K_0x10000828f,-255,True
func_K_0x100008291,-648,False
func_K_0x100008295,-748,False
func_K_0x1000082ef,655,True
func_K_0x100008557,373,False
func_K_0x10000855e,1139,False
func_K_0x10000856d,-402,True
func_K_0x1000089fe,-66,False
func_K_0x100008ade,316,True
func_K_0x100008b12,-583,False
func_K_0x100008c9c,88,True
func_K_0x100008c9e,-315,True
func_K_0x100008ca6,231,False
func_K_0x100008ca8,735,False
func_K_0x100008caa,1123,False
func_K_0x1000091b6,470,False
func_K_0x100009429,-181,False
func_K_0x10000942d,-814,True
func_K_0x100009441,-711,True
func_K_0x100009473,-21,True
func_K_0x100009475,-814,False
func_K_0x100009479,-138,True
func_K_0x10000974f,845,True
func_K_0x100009c50,-45,False
func_K_0x10000a2ad,709,True
func_K_0x10000a2b4,575,False
func_K_0x10000a2b6,1052,True
func_K_0x10000a370,335,False
func_K_0x10000a3eb,-272,True
func_K_0x10000a689,-19,True
func_K_0x10000b4a4,1044,True
func_K_0x10000b705,548,True
func_K_0x10000b70c,-367,False
func_K_0x10000b77d,492,False
func_K_0x10000baf0,-122,True
func_K_0x10000c03f,90,True
func_K_0x10000cd81,520,False
func_K_0x10000d0a4,366,True
func_K_0x10000d2c8,658,False
func_K_0x10000d323,-284,True
func_Ke_0x100003ad4,190,False
func_Ke_0x100003ad6,937,True
func_Ke_0x100003ad8,-269,False
func_Ke_0x100003ada,-268,True
func_Ke_0x100003ae5,-215,True
func_Ke_0x1000041f8,957,False
func_Ke_0x100004208,-291,False
func_Ke_0x100004d59,-234,True
func_Ke_0x1000060a0,-696,True
func_Ke_0x1000060a2,1152,True
func_Ke_0x1000060d5,526,False
func_Ke_0x10000611a,-139,True
func_Ke_0x100006a17,-466,True
func_Ke_0x1000071d4,644,True
func_Ke_0x1000077ac,737,True
func_Ke_0x1000077be,-395,False
func_Ke_0x100008153,608,True
func_Ke_0x10000adb2,-139,True
func_Ke_0x10000ba11,-718,False
func_Ke_0x10000c005,-533,True
func_Ke_0x10000c009,262,True
func_Ke_0x10000c00b,-495,True
func_Ke_0x10000c011,-310,True
func_Ke_0x10000c013,903,True
func_Ke_0x10000c01b,-468,True
func_Ke_0x10000c01d,572,False
func_Ke_0x10000c021,861,False
func_Ke_0x10000c023,-479,True
func_Ke_0x10000c025,63,True
func_Ke_0x10000c02f,-249,True
func_Ke_0x10000c46a,903,True
func_Ke_0x10000c5fc,-644,True
func_Ke_0x10000c68d,211,True
func_Ke_0x10000c693,-112,True
func_Ke_0x10000c695,1144,False
func_Ke_0x10000c697,725,True
func_Ke_0x10000c6a9,628,True
func_Ke_0x10000c6b1,260,True
func_Ke_0x10000c6bb,706,True
func_Ke_0x10000cbf0,-25,True
func_Ke_0x10000cc47,90,False
func_Ke_0x10000cc49,272,False
func_Ke_0x10000cc4b,685,False
func_Ke_0x10000cc4d,645,True
func_Ke_0x10000d0e9,497,False
func_Ke_0x10000d410,-316,False
func_Ke_0x10000d428,649,False
func_Ke_0x10000d42c,1047,False
func_Kn_0x100000817,-224,False
func_Kn_0x10000081b,633,False
func_Kn_0x100004910,-44,False
func_Kn_0x1000077e6,563,False
func_Kn_0x100007812,-106,True
func_Kn_0x100007828,240,True
func_Kn_0x100007990,493,False
func_Kn_0x10000b3e5,307,False
func_Kn_0x10000ce00,906,True
func_Kt_0x1000057c1,20,True
func_Kt_0x1000057c8,56,False
func_Kt_0x1000057de,-301,True
func_Kt_0x1000057ee,144,False
func_Kt_0x10000590e,291,True
func_Kt_0x100005922,761,False
func_Kt_0x100005924,-271,True
func_Kt_0x100005938,345,False
func_Kt_0x10000593c,655,True
func_Kt_0x100005940,331,False
func_Kt_0x100005958,415,True
func_Kt_0x10000595e,-375,True
func_Kt_0x100005976,820,True
func_Kt_0x100005986,229,False
func_Kt_0x10000598a,1161,False
func_Kt_0x100005996,-208,True
func_Kt_0x1000059b4,222,True
func_Kt_0x1000059d2,364,True
func_Kt_0x1000059d6,-83,False
func_Kt_0x1000059dc,-409,True
func_Kt_0x1000059fe,796,True
func_Kt_0x100005a31,-299,False
func_Kt_0x100005a4f,950,False
func_Kt_0x100005a5b,367,True
func_Kt_0x100005bc2,421,True
func_Kt_0x100005bdf,859,True
func_Kt_0x100005be1,-453,False
func_Kt_0x100005c26,-651,True
func_Kt_0x100005d8a,996,True
func_Kt_0x100005d8f,-488,False
func_Kt_0x100005d96,122,True
func_Kt_0x100005d9b,1079,True
func_Kt_0x100005da7,-407,False
func_Kt_0x100005dcc,991,False
func_Kt_0x100005ddd,-673,True
func_Kt_0x100005e8a,-725,True
func_Ku_0x1000051ed,910,True
func_Ku_0x100005203,702,False
func_Ku_0x100005307,748,True
func_Ku_0x10000530f,126,False
func_L_0x1000001d3,498,True
func_L_0x1000001d7,-135,False
func_L_0x1000001e1,-794,False
func_L_0x1000001e3,-461,False
func_L_0x10000364b,757,True
func_L_0x1000041cc,1139,False
func_L_0x10000425f,-84,False
func_L_0x1000042a4,-140,False
func_L_0x1000042e2,-574,True
func_L_0x1000042f8,261,True
func_L_0x100004300,-258,False
func_L_0x100004334,-557,False
func_L_0x100004487,372,True
func_L_0x10000448e,652,True
func_L_0x1000044b1,570,True
func_L_0x10000466d,-56,False
func_L_0x10000466f,-653,False
func_L_0x100004b09,912,False
func_L_0x100004b29,156,True
func_L_0x100004bcf,890,True
func_L_0x100004c42,-641,True
func_L_0x100004ca7,165,True
func_L_0x100005413,667,False
func_L_0x100005432,-258,False
func_L_0x10000543b,-813,True
func_L_0x100005584,-526,False
func_L_0x10000558a,172,True
func_L_0x1000056dd,1111,True
func_L_0x100005fa7,-418,False
func_L_0x1000064ff,-741,False
func_L_0x1000067e6,-699,True
func_L_0x1000068d7,34,True
func_L_0x100006f3b,18,True
func_L_0x10000719b,-38,True
func_L_0x10000723c,480,True
func_L_0x10000723e,-251,True
func_L_0x10000773b,-812,True
func_L_0x100007740,678,True
func_L_0x100007742,-322,False
func_L_0x100007744,464,True
func_L_0x1000078b7,1059,False
func_L_0x10000793c,-802,True
func_L_0x100007ad2,1090,True
func_L_0x100007ad7,-535,False
func_L_0x100007af7,-217,True
func_L_0x100007b7a,780,True
func_L_0x100007c86,-486,True
func_L_0x100007ccf,1040,False
func_L_0x100007f46,343,False
func_L_0x100008060,158,True
func_L_0x100008388,65,False
func_L_0x100008390,-111,True
func_L_0x100008393,1036,False
func_L_0x10000839e,-342,False
func_L_0x1000083a0,469,False
func_L_0x100008491,257,False
func_L_0x100008535,318,False
func_L_0x100008537,-381,False
func_L_0x100008539,479,True
func_L_0x10000853b,403,True
func_L_0x10000853f,-702,True
func_L_0x100008cd2,716,False
func_L_0x100008ce6,1093,False
func_L_0x100008ce8,-93,False
func_L_0x1000093f1,-314,False
func_L_0x100009470,333,False
func_L_0x1000094d3,-8,False
func_L_0x1000094d9,956,False
func_L_0x1000094e9,643,True
func_L_0x100009755,5,False
func_L_0x10000975f,55,True
func_L_0x1000098ad,-462,True
func_L_0x100009a0c,-792,True
func_L_0x100009a3b,-568,False
func_L_0x100009a62,74,False
func_L_0x100009c0c,1056,True
func_L_0x100009c16,1109,False
func_L_0x100009d56,1078,True
func_L_0x10000a431,-244,False
func_L_0x10000a6aa,-267,False
func_L_0x10000a6ae,-17,True
func_L_0x10000a6b4,952,True
func_L_0x10000a6ba,76,True
func_L_0x10000a83e,118,True
func_L_0x10000a90a,-379,True
func_L_0x10000aa22,-190,True
func_L_0x10000aa8d,-62,False
func_L_0x10000aa8f,-735,False
func_L_0x10000aa95,684,True
func_L_0x10000aaa5,-25,True
func_L_0x10000abec,-134,False
func_L_0x10000aeca,672,False
func_L_0x10000b0d6,-687,True
func_L_0x10000b0da,-259,False
func_L_0x10000b0e4,817,True
func_L_0x10000b47f,835,False
func_L_0x10000b481,1045,False
func_L_0x10000b49b,-166,False
func_L_0x10000b49e,-756,False
func_L_0x10000b4a9,-160,False
func_L_0x10000b4ab,844,False
func_L_0x10000b587,944,True
func_L_0x10000bd8d,329,True
func_L_0x10000c235,258,True
func_L_0x10000c2ed,596,True
func_L_0x10000c2ef,1068,True
func_L_0x10000c451,57,False
func_L_0x10000c644,999,False
func_L_0x10000c646,792,False
func_L_0x10000c8c5,-565,False
func_L_0x10000cd34,-40,False
func_L_0x10000cd36,687,True
func_L_0x10000d1a8,-91,True
func_L_0x10000d31b,729,True
func_L_0x10000d31f,295,True
func_L_0x10000d458,-640,False
func_L_0x10000d46d,743,True
func_L_0x10000d470,996,False
func_Le_0x100000837,287,True
func_Le_0x10000083e,588,True
func_Le_0x100000840,-38,True
func_Le_0x10000085b,514,False
func_Le_0x100000861,-4,False
func_Le_0x100003ee5,370,False
func_Le_0x100003ee7,-242,True
func_Le_0x100003ee9,-263,False
func_Le_0x100004922,964,True
func_Le_0x100004934,-135,False
func_Le_0x100004942,798,False
func_Le_0x100004988,1120,False
func_Le_0x10000498a,-195,False
func_Le_0x10000498c,675,True
func_Le_0x10000498e,-168,True
func_Le_0x100004990,-208,True
func_Le_0x100004996,267,True
func_Le_0x1000049a4,-280,True
func_Le_0x1000049aa,-607,True
func_Le_0x1000049ae,-642,True
func_Le_0x100004cda,1115,True
func_Le_0x100005641,68,True
func_Le_0x10000820e,687,False
func_Le_0x100008b16,-572,True
func_Le_0x10000a0cc,-816,True
func_Le_0x10000a0d3,-218,False
func_Le_0x10000b39a,443,True
func_Le_0x10000cdf0,677,True
func_Le_0x10000ce49,-579,False
func_Le_0x10000ce5b,-35,True
func_Le_0x10000ce5d,872,False
func_Le_0x10000ce6e,352,False
func_Ln_0x100008e1f,-512,True
func_Ln_0x100008e21,803,False
func_Ln_0x100008e23,593,False
func_Ln_0x100008ef7,408,False
func_Ln_0x100008efc,-141,True
func_Ln_0x100008f69,-198,False
func_Ln_0x100008f9a,1160,True
func_Ln_0x100008fdd,1092,False
func_Ln_0x100008ffd,319,True
func_Ln_0x100009001,-112,True
func_Ln_0x10000900a,-7,True
func_Ln_0x10000901f,785,True
func_Ln_0x100009025,-233,False
func_Ln_0x100009037,-418,True
func_Lr_0x100008725,841,True
func_Lr_0x10000cff1,462,False
func_Lr_0x10000d036,307,False
func_Lt_0x1000057dc,-276,False
func_Lt_0x1000057e7,-139,True
func_Lt_0x1000058fd,-603,False
func_Lt_0x100005907,948,False
func_Lt_0x100005912,393,False
func_Lt_0x10000594e,-125,True
func_Lt_0x100005954,570,True
func_Lt_0x10000595c,-5,True
func_Lt_0x100005964,907,True
func_Lt_0x100005968,-830,True
func_Lt_0x10000596c,945,False
func_Lt_0x100005970,506,True
func_Lt_0x100005978,-221,True
func_Lt_0x10000598e,182,False
func_Lt_0x100005998,-442,True
func_Lt_0x10000599e,-321,False
func_Lt_0x1000059a2,-662,False
func_Lt_0x1000059a8,1149,False
func_Lt_0x1000059bc,-698,False
func_Lt_0x1000059c0,518,True
func_Lt_0x1000059c4,-429,True
func_Lt_0x1000059cc,-445,False
func_Lt_0x1000059e2,446,True
func_Lt_0x1000059e6,452,True
func_Lt_0x1000059f2,-645,True
func_Lt_0x1000059f6,848,True
func_Lt_0x100005a01,-71,True
func_Lt_0x100005a03,348,True
func_Lt_0x100005a08,-640,False
func_Lt_0x100005a0c,927,False
func_Lt_0x100005a13,702,False
func_Lt_0x100005a15,-769,False
func_Lt_0x100005a19,975,True
func_Lt_0x100005a23,1108,True
func_Lt_0x100005a29,203,True
func_Lt_0x100005a2d,897,False
func_Lt_0x100005a39,355,False
func_Lt_0x100005a41,121,False
func_Lt_0x100005a51,-138,True
func_Lt_0x100005a59,666,False
func_Lt_0x100005e9b,512,False
func_Lu_0x100004fb2,506,True
func_Lu_0x100004fde,483,True
func_Lu_0x100004fe5,-341,False
func_Lu_0x100004ffe,-483,False
func_Lu_0x10000501a,-531,True
func_Lu_0x100005104,-186,True
func_Lu_0x10000518e,-779,False
func_Lu_0x1000051ab,-41,False
func_Lu_0x100005322,-274,True
func_Lu_0x10000532a,764,True
func_M_0x1000001e5,475,False
func_M_0x10000412d,721,True
func_M_0x100004138,-625,False
func_M_0x1000043d5,653,True
func_M_0x1000043dd,-821,False
func_M_0x1000044a3,-164,False
func_M_0x1000044da,308,False
func_M_0x1000049db,391,False
func_M_0x100004bd5,1080,True
func_M_0x100004c81,-661,False
func_M_0x100004c85,321,False
func_M_0x100004c87,-349,True
func_M_0x100004d16,-350,False
func_M_0x100006029,-94,False
func_M_0x10000605d,-189,True
func_M_0x100006073,-815,True
func_M_0x100006503,483,True
func_M_0x1000067f4,-383,True
func_M_0x1000067f7,1158,True
func_M_0x1000067fa,262,True
func_M_0x100006acc,572,True
func_M_0x100006ace,791,False
func_M_0x100006bc9,-450,False
func_M_0x100006e1d,613,True
func_M_0x100007254,37,True
func_M_0x100007263,782,False
func_M_0x1000074ab,480,True
func_M_0x1000074b2,545,True
func_M_0x1000074b5,1073,True
func_M_0x100007611,595,False
func_M_0x100007651,415,True
func_M_0x1000076c1,582,False
func_M_0x100007b7f,-324,False
func_M_0x100007c15,-39,True
func_M_0x100007c17,24,False
func_M_0x1000089b3,42,False
func_M_0x1000089b5,370,True
func_M_0x1000089b7,368,True
func_M_0x1000089ca,711,False
func_M_0x1000089f1,523,True
func_M_0x1000089f5,364,False
func_M_0x100008ae1,540,True
func_M_0x100008ae5,-811,False
func_M_0x100008b06,-366,True
func_M_0x100009422,-244,True
func_M_0x10000947b,-801,True
func_M_0x1000096f1,750,False
func_M_0x10000972f,-800,True
func_M_0x100009731,1068,True
func_M_0x100009735,-567,True
func_M_0x100009afb,1138,False
func_M_0x100009afd,77,True
func_M_0x100009c3e,-329,True
func_M_0x100009dd3,-41,False
func_M_0x10000a2b2,-251,True
func_M_0x10000a3e9,744,True
func_M_0x10000a3f0,-517,False
func_M_0x10000a86b,-143,True
func_M_0x10000aaa2,-462,False
func_M_0x10000b78a,76,True
func_M_0x10000baf2,393,True
func_M_0x10000bafa,-259,True
func_M_0x10000bafe,703,True
func_M_0x10000bfdd,868,True
func_M_0x10000c03d,-664,False
func_M_0x10000c0a0,-145,True
func_M_0x10000c0a6,-399,False
func_M_0x10000c0a8,-405,True
func_M_0x10000c0aa,800,True
func_M_0x10000c0bd,-523,True
func_M_0x10000c12c,199,True
func_M_0x10000c2f2,34,True
func_M_0x10000c2f5,-424,False
func_M_0x10000c40f,154,True
func_M_0x10000c413,-383,False
func_M_0x10000c415,-81,True
func_M_0x10000c420,184,True
func_M_0x10000d188,500,True
func_M_0x10000d327,-63,True
func_M_0x10000d45f,263,True
func_Me_0x100000794,1009,False
func_Me_0x100000796,-660,True
func_Me_0x1000007ee,727,False
func_Me_0x100000822,-645,True
func_Me_0x100000842,-566,True
func_Me_0x100000851,-377,True
func_Me_0x10000491e,1034,True
func_Me_0x100004926,-392,False
func_Me_0x10000492c,-243,True
func_Me_0x100004930,710,True
func_Me_0x100004cc4,-617,False
func_Me_0x100004cdc,-816,True
func_Me_0x100004cde,-451,False
func_Me_0x100007a19,-766,False
func_Me_0x100008203,171,True
func_Me_0x100008210,1091,False
func_Me_0x100008212,-667,False
func_Me_0x10000cdf2,836,False
func_Me_0x10000ce07,434,True
func_Me_0x10000ce35,623,False
func_Me_0x10000ce4b,-277,False
func_Me_0x10000ce4d,-689,True
func_Me_0x10000ce4f,-14,False
func_Me_0x10000ce62,-353,True
func_Me_0x10000ce67,-352,True
func_Me_0x10000ce6b,-7,True
func_Me_0x10000ce70,967,True
func_Me_0x10000ce73,1019,False
func_Mn_0x1000007af,-73,True
func_Mn_0x100006f7c,676,False
func_Mn_0x10000a53a,944,False
func_Mn_0x10000a590,257,False
func_Mn_0x10000b85e,-560,True
func_Mn_0x10000b86f,-116,False
func_Mn_0x10000b871,-137,False
func_Mn_0x10000b877,-600,False
func_Mn_0x10000b879,659,True
func_Mn_0x10000b87d,782,False
func_Mn_0x10000b87f,263,True
func_Mo_0x100008f7a,591,False
func_Mo_0x100009013,-635,True
func_Mr_0x100005bc5,-530,True
func_Mr_0x100005bca,628,False
func_Mr_0x100005bd0,581,False
func_Mr_0x100005bd2,59,False
func_Mr_0x100005c46,328,True
func_Mr_0x100005da8,716,False
func_Mt_0x10000386a,-363,False
func_Mt_0x100003896,-332,True
func_Mt_0x10000389a,417,True
func_Mt_0x10000389c,-348,False
func_Mt_0x1000038b4,-594,True
func_Mt_0x1000038b8,-49,False
func_Mt_0x1000038ba,701,False
func_Mt_0x1000038be,-420,False
func_Mt_0x1000039c2,-105,True
func_Mt_0x1000039c9,-190,False
func_Mt_0x1000039d0,606,True
func_Mt_0x1000039d8,-357,True
func_Mt_0x1000039dc,1095,True
func_Mt_0x1000039ea,-453,False
func_Mt_0x1000039f0,375,False
func_Mt_0x1000039f6,516,True
func_Mt_0x1000039fb,516,True
func_Mt_0x1000039ff,329,False
func_Mt_0x100003a03,-797,False
func_Mt_0x100003a05,-411,False
func_Mt_0x100003a09,84,True
func_Mt_0x100003a0b,-239,True
func_Mt_0x100003a0f,181,True
func_Mt_0x100003a1d,-57,True
func_Mt_0x100003a20,1009,False
func_Mt_0x100003a22,663,True
func_Mt_0x100006f69,1064,True
func_Mt_0x1000070cd,-501,True
func_Mt_0x100007105,667,False
func_Mt_0x10000a538,-354,True
func_Mt_0x10000a53f,88,True
func_Mt_0x10000a541,271,False
func_Mt_0x10000d00e,921,False
func_Mt_0x10000d012,-195,False
func_Mt_0x10000d01a,478,True
func_N0_0x100005313,323,False
func_N0_0x100005316,-620,True
func_N_0x10000366a,-462,False
func_N_0x100003c24,874,True
func_N_0x100003f7e,338,False
func_N_0x100003f82,84,False
func_N_0x100003fce,401,False
func_N_0x100003fd1,-708,True
func_N_0x1000040cc,-657,True
func_N_0x100004118,845,False
func_N_0x100004128,1035,False
func_N_0x100004488,419,False
func_N_0x10000449d,990,True
func_N_0x1000044a7,76,True
func_N_0x1000044e7,-291,True
func_N_0x100004ab7,304,False
func_N_0x100004ae4,253,False
func_N_0x100004b30,134,False
func_N_0x100004b35,-197,True
func_N_0x100005505,247,True
func_N_0x100005a9f,75,True
func_N_0x100005aab,230,False
func_N_0x100005aaf,1103,False
func_N_0x100006081,703,False
func_N_0x100006104,657,True
func_N_0x1000061bd,-400,True
func_N_0x100006283,692,False
func_N_0x100006289,-324,True
func_N_0x10000628b,-130,False
func_N_0x1000068fe,-296,True
func_N_0x100006aba,157,True
func_N_0x100006ac1,1100,True
func_N_0x100006ac3,90,False
func_N_0x100006ac7,-759,True
func_N_0x100006bc1,-331,True
func_N_0x100006bcd,327,True
func_N_0x100006e9a,74,False
func_N_0x100006f1e,-706,True
func_N_0x100007421,757,True
func_N_0x10000742a,539,True
func_N_0x100007431,509,False
func_N_0x100007437,930,True
func_N_0x100007439,-569,True
func_N_0x10000743b,-273,False
func_N_0x1000076c3,-489,True
func_N_0x100007747,-152,True
func_N_0x100007790,66,False
func_N_0x1000078f1,978,False
func_N_0x10000791f,-689,False
func_N_0x100007922,1041,True
func_N_0x100007930,683,False
func_N_0x10000793e,-709,True
func_N_0x100007c10,1147,True
func_N_0x100007d20,397,True
func_N_0x100007d23,287,False
func_N_0x100007d5b,720,True
func_N_0x100007d65,983,True
func_N_0x10000811c,1,True
func_N_0x100008345,318,True
func_N_0x1000084c5,737,True
func_N_0x1000085bc,-109,False
func_N_0x10000897e,-287,True
func_N_0x1000089c1,-321,True
func_N_0x100008a0a,-392,False
func_N_0x100008a25,-502,True
func_N_0x100008c99,-128,False
func_N_0x1000092d3,-430,False
func_N_0x1000092d9,360,True
func_N_0x1000092df,1045,False
func_N_0x1000092e1,28,False
func_N_0x100009925,1046,True
func_N_0x100009ab4,543,False
func_N_0x100009d90,-463,False
func_N_0x10000a32b,-506,True
func_N_0x10000a32f,1114,False
func_N_0x10000a331,-810,False
func_N_0x10000a333,733,True
func_N_0x10000a335,-792,False
func_N_0x10000a337,-205,False
func_N_0x10000a36b,489,False
func_N_0x10000a44f,934,True
func_N_0x10000a453,-715,True
func_N_0x10000a805,292,False
func_N_0x10000a807,-42,False
func_N_0x10000a80b,666,False
func_N_0x10000a80f,1087,True
func_N_0x10000a817,-80,True
func_N_0x10000a843,-243,False
func_N_0x10000a845,336,False
func_N_0x10000a847,-645,True
func_N_0x10000a849,-435,True
func_N_0x10000a84d,-613,True
func_N_0x10000aa98,443,True
func_N_0x10000aae6,-669,True
func_N_0x10000ab29,-505,False
func_N_0x10000ab2f,-645,False
func_N_0x10000ab42,971,True
func_N_0x10000b717,1135,False
func_N_0x10000b8ce,287,False
func_N_0x10000b8e2,-518,True
func_N_0x10000bcdb,-389,False
func_N_0x10000bcfd,-760,False
func_N_0x10000bd43,27,True
func_N_0x10000bd45,730,False
func_N_0x10000c31f,650,False
func_N_0x10000c400,-373,False
func_N_0x10000c428,-670,False
func_N_0x10000c8fd,-572,False
func_N_0x10000cd87,837,False
func_N_0x10000cd8a,428,False
func_N_0x10000d185,913,False
func_N_0x10000d333,16,True
func_Ne_0x100005627,29,True
func_Ne_0x1000079a4,279,True
func_Ne_0x1000081da,652,False
func_Ne_0x1000081e5,298,True
func_Ne_0x10000820b,-692,False
func_Ne_0x100008241,-772,False
func_Ne_0x100009555,1063,False
func_Ne_0x100009558,1148,True
func_Ne_0x1000097fa,-736,True
func_Ne_0x100009b73,1132,False
func_Ne_0x100009b75,-254,True
func_Ne_0x100009b77,823,True
func_Ne_0x100009b7d,990,False
func_Ne_0x100009b7f,818,True
func_Ne_0x100009b8d,-375,True
func_Ne_0x10000b3a5,-168,True
func_Ne_0x10000b3ef,1159,False
func_Ne_0x10000b3f1,307,True
func_Ne_0x10000b441,-165,False
func_Ne_0x10000b447,425,True
func_Ne_0x10000b5ea,386,True
func_Ne_0x10000b5ec,-661,False
func_Ne_0x10000b5ff,-613,False
func_Ne_0x10000b601,766,True
func_Ne_0x10000b60b,315,False
func_Ne_0x10000b60d,-757,False
func_Ne_0x10000b643,1012,True
func_Ne_0x10000b662,-583,False
func_Ne_0x10000c899,595,True
func_Ne_0x10000d0f7,-818,True
func_Nr_0x1000038ef,-573,True
func_Nr_0x100008b43,932,False
func_Nt_0x100000608,436,False
func_Nt_0x100000826,-165,False
func_Nt_0x100000848,252,False
func_Nt_0x10000563d,-131,True
func_Nt_0x10000563f,464,False
func_Nt_0x1000072c9,579,True
func_Nt_0x1000072d9,696,True
func_Nt_0x1000072df,-1,False
func_Nt_0x1000072e3,163,False
func_Nt_0x1000072e9,-623,False
func_Nt_0x1000072f1,78,True
func_Nt_0x1000072f9,-299,True
func_Nt_0x1000072ff,248,False
func_Nt_0x100007307,339,True
func_Nt_0x10000730b,-500,True
func_Nt_0x100007311,178,True
func_Nt_0x100007315,-501,True
func_Nt_0x100007317,-750,True
func_Nt_0x10000731b,1018,False
func_Nt_0x10000731d,-107,True
func_Nt_0x100007321,140,True
func_Nt_0x100007325,-319,True
func_Nt_0x100007329,-290,False
func_Nt_0x10000732b,1145,False
func_Nt_0x10000732d,-375,True
func_Nt_0x100007333,526,False
func_Nt_0x100007337,-425,True
func_Nt_0x10000733b,51,True
func_Nt_0x100007341,457,False
func_Nt_0x10000734f,-647,True
func_Nt_0x10000b3cb,-149,False
func_Nt_0x10000c534,659,False
func_Nt_0x10000c536,191,False
func_Nt_0x10000c53a,-211,False
func_Nt_0x10000c53e,1045,True
func_Nt_0x10000c540,1064,False
func_Nt_0x10000c544,-152,True
func_Nt_0x10000c546,626,True
func_Nu_0x100003880,-432,True
func_Nu_0x100003882,1005,False
func_Nu_0x100003886,494,True
func_Nu_0x10000388e,-807,False
func_Nu_0x10000bb88,-190,False
func_Nu_0x10000bb93,1076,False
func_Nu_0x10000bb97,178,False
func_Nu_0x10000bb9b,528,True
func_Nu_0x10000bb9d,-726,True
func_Nu_0x10000bba9,-541,True
func_Nu_0x10000bbab,686,True
func_Nu_0x10000bbad,374,False
func_Nu_0x10000bbaf,-647,True
func_Nu_0x10000bbb1,-389,True
func_Nu_0x10000bbb3,-154,True
func_Nu_0x10000bbb5,680,True
func_Nu_0x10000bbb7,109,True
func_Nu_0x10000bbb9,-489,True
func_Nu_0x10000bbbd,-822,True
func_Nu_0x10000bbc5,1044,True
func_Nu_0x10000bbc7,-40,False
func_Nu_0x10000bbc9,-681,True
func_Nu_0x10000bbcb,818,True
func_Nu_0x10000bbcd,801,False
func_Nu_0x10000bbcf,89,False
func_Nu_0x10000bbd1,557,False
func_Nu_0x10000bbd5,224,False
func_Nu_0x10000bbd7,-296,True
func_Nu_0x10000bbd9,541,False
func_Nu_0x10000bbdb,-53,True
func_Nu_0x10000bbdf,610,True
func_Nu_0x10000bbef,833,False
func_Nu_0x10000bbf7,-508,True
func_Nu_0x10000bbf9,844,True
func_Nu_0x10000bbfb,-298,True
func_Nu_0x10000bc01,-774,False
func_Nu_0x10000bc03,723,False
func_Nu_0x10000bc05,936,False
func_Nu_0x10000bc0b,199,False
func_Nu_0x10000bc0f,-751,True
func_Nu_0x10000bc11,535,True
func_Nu_0x10000bc13,-141,True
func_Nu_0x10000bc15,-704,False
func_Nu_0x10000bc19,36,True
func_Nu_0x10000bc1b,-697,False
func_Nu_0x10000bc1d,325,True
func_Nu_0x10000bc1f,-655,False
func_Nu_0x10000bc29,233,True
func_Nu_0x10000bc4d,741,False
func_Nu_0x10000bca9,623,True
func_Nu_0x10000bcbf,51,True
func_O_0x100000101,-260,False
func_O_0x100000103,642,False
func_O_0x100000107,32,False
func_O_0x100000292,324,False
func_O_0x100000294,522,True
func_O_0x100003a5e,744,True
func_O_0x100003b3e,32,True
func_O_0x100003c2b,58,False
func_O_0x100003c2f,-705,False
func_O_0x100003c31,398,False
func_O_0x100003e19,1007,True
func_O_0x1000041cf,-467,False
func_O_0x1000041db,-499,True
func_O_0x100004236,238,True
func_O_0x100004296,230,False
func_O_0x1000042a2,-265,False
func_O_0x1000042f5,821,True
func_O_0x10000432f,432,True
func_O_0x10000437a,-325,False
func_O_0x100004394,-704,True
func_O_0x1000043b1,1134,False
func_O_0x100004479,-603,True
func_O_0x10000447d,-124,False
func_O_0x100004481,1129,True
func_O_0x10000472f,358,False
func_O_0x1000048a4,-818,False
func_O_0x100004ac9,-22,True
func_O_0x100004bbd,-45,True
func_O_0x100004c56,571,False
func_O_0x1000054a0,853,False
func_O_0x1000054a2,371,True
func_O_0x1000054a7,1052,False
func_O_0x1000054ad,-608,False
func_O_0x100005fa0,964,True
func_O_0x10000627e,-107,False
func_O_0x1000062a2,116,True
func_O_0x1000064b3,-671,False
func_O_0x1000064b9,-617,False
func_O_0x1000064be,1142,True
func_O_0x10000663e,735,False
func_O_0x1000068ca,1047,False
func_O_0x1000068cc,-669,False
func_O_0x100006f20,-484,False
func_O_0x100007b39,24,True
func_O_0x100007e31,504,False
func_O_0x10000810a,-754,False
func_O_0x10000811a,573,True
func_O_0x100008382,493,False
func_O_0x1000084e6,1113,True
func_O_0x100008506,33,False
func_O_0x100008508,932,True
func_O_0x10000890b,635,False
func_O_0x100008931,629,True
func_O_0x1000089fc,84,False
func_O_0x100008c6c,795,False
func_O_0x100008cb6,545,True
func_O_0x100008cd5,-586,False
func_O_0x1000094f5,129,True
func_O_0x100009500,413,True
func_O_0x100009504,-607,True
func_O_0x10000973c,1044,False
func_O_0x100009809,619,False
func_O_0x10000980b,383,False
func_O_0x100009815,846,False
func_O_0x100009819,-807,False
func_O_0x10000981d,836,True
func_O_0x100009875,-739,False
func_O_0x10000987b,336,False
func_O_0x1000098b3,-625,False
func_O_0x1000098b5,231,True
func_O_0x1000098b9,866,True
func_O_0x1000098bb,59,True
func_O_0x1000098bd,226,True
func_O_0x10000993c,996,False
func_O_0x100009952,909,False
func_O_0x100009a04,98,False
func_O_0x100009a06,313,False
func_O_0x10000a446,-759,True
func_O_0x10000a44a,1067,False
func_O_0x10000a44c,401,False
func_O_0x10000a676,1139,False
func_O_0x10000a682,-226,True
func_O_0x10000a685,462,False
func_O_0x10000a7e4,425,True
func_O_0x10000ab01,-790,False
func_O_0x10000ab03,-240,False
func_O_0x10000ab05,-207,True
func_O_0x10000ab09,173,True
func_O_0x10000ab0f,-245,True
func_O_0x10000afa9,-581,True
func_O_0x10000b1bf,448,True
func_O_0x10000b2dc,-308,False
func_O_0x10000b2de,890,True
func_O_0x10000b590,442,True
func_O_0x10000b5b3,-655,True
func_O_0x10000b666,1124,True
func_O_0x10000b66a,996,True
func_O_0x10000b682,590,True
func_O_0x10000b6e6,621,True
func_O_0x10000b8b0,-664,False
func_O_0x10000bd82,-467,False
func_O_0x10000c2ce,1144,False
func_O_0x10000c407,-475,True
func_O_0x10000c439,-346,False
func_O_0x10000c4a8,776,False
func_O_0x10000cd5c,999,True
func_O_0x10000d183,64,False
func_O_0x10000d1b1,769,True
func_O_0x10000d2f9,-28,False
func_O_0x10000d545,317,False
func_Oe_0x1000057c6,-191,False
func_Oe_0x1000058fb,-441,False
func_Oe_0x1000058ff,824,True
func_Oe_0x100005916,859,True
func_Oe_0x100005926,486,True
func_Oe_0x100005942,-671,True
func_Oe_0x100005956,164,False
func_Oe_0x100005960,571,True
func_Oe_0x100005962,197,True
func_Oe_0x100005966,-346,True
func_Oe_0x10000597a,-569,False
func_Oe_0x100005982,-164,False
func_Oe_0x100005988,656,False
func_Oe_0x10000598c,959,False
func_Oe_0x1000059a4,-378,True
func_Oe_0x1000059aa,387,False
func_Oe_0x1000059ac,1000,False
func_Oe_0x1000059d0,507,False
func_Oe_0x1000059ea,835,True
func_Oe_0x1000059f8,354,True
func_Oe_0x100005a2f,-516,True
func_Oe_0x100005a35,-38,False
func_Oe_0x100005c01,-215,True
func_Oe_0x100005c06,0,True
func_Oe_0x100005c11,569,False
func_Oe_0x100005c13,-472,True
func_Oe_0x100005c21,1098,False
func_Oe_0x100005c25,945,True
func_Oe_0x100005c39,-157,False
func_Oe_0x100005c93,127,True
func_Oe_0x100005c9b,-826,False
func_Oe_0x100005c9f,462,False
func_Oe_0x100005ca1,937,True
func_Oe_0x100005ca7,-709,True
func_Oe_0x100005ce3,-629,True
func_Oe_0x100005ce5,-168,False
func_Oe_0x100005ce7,531,True
func_Oe_0x100005ceb,312,True
func_Oe_0x100005cfb,1097,True
func_Oe_0x100005d11,-752,False
func_Oe_0x100005d15,1040,False
func_Oe_0x100005d36,426,False
func_Oe_0x100005d63,-333,False
func_Oe_0x100005d85,507,False
func_Oe_0x100005d89,970,True
func_Oe_0x100005d8e,-18,False
func_Oe_0x100005de1,226,True
func_Oe_0x100005de8,668,False
func_Oe_0x100005df9,395,True
func_Oe_0x100005e26,-54,False
func_Oe_0x100005e40,-700,True
func_Oe_0x100005e42,-298,True
func_Oe_0x100005e47,774,False
func_Oi_0x10000cfab,-702,True
func_Oi_0x10000d023,476,True
func_Oi_0x10000d025,-379,False
func_Oi_0x10000d02f,-133,True
func_On_0x100006314,473,False
func_On_0x10000c7d0,390,False
func_On_0x10000c7fa,-389,True
func_Oo_0x100005e05,483,True
func_Oo_0x100005e61,1012,False
func_Oo_0x100005e67,1099,True
func_Ot_0x100008d09,1028,False
func_Ot_0x100008dd3,561,False
func_Ot_0x100008ddd,-574,False
func_Ot_0x100008de5,791,True
func_Ot_0x100008deb,-356,True
func_Ot_0x100008e2d,582,False
func_Ot_0x100008e31,-830,True
func_Ot_0x100008e35,517,True
func_Ot_0x100008e37,-679,True
func_Ot_0x100008e3b,-31,False
func_Ot_0x100008e3d,542,True
func_Ot_0x100008e3f,150,True
func_Ot_0x100008e43,399,False
func_Ot_0x100008e45,250,True
func_Ot_0x100008e4b,-651,False
func_Ot_0x100008e4d,1003,True
func_Ot_0x100008e4f,179,True
func_Ot_0x100008e53,-766,False
func_Ot_0x100008e57,-390,False
func_Ot_0x100008e8b,561,False
func_Ot_0x100008e8d,-83,True
func_Ot_0x100008e91,73,False
func_Ot_0x100008e97,213,False
func_Ot_0x100008e9d,425,False
func_Ot_0x100008e9f,898,True
func_Ot_0x100008ea1,-624,True
func_Ot_0x100008ea5,1056,False
func_Ot_0x100008ea7,49,True
func_Ot_0x100008ebf,549,True
func_Ot_0x100008ec3,-646,True
func_Ot_0x100008ec7,-177,True
func_Ot_0x100008ecf,-294,False
func_Ot_0x100008ed1,200,False
func_Ot_0x100008ed5,-501,True
func_Ot_0x100008ed7,837,False
func_Ot_0x100008ee0,-824,True
func_Ot_0x100008ee2,-98,False
func_Ot_0x100008ee4,802,False
func_Ot_0x100008ee6,14,False
func_Ot_0x100008ee8,215,True
func_Ot_0x100008f02,-231,True
func_Ot_0x100008f11,353,False
func_Ot_0x100008f13,545,True
func_Ot_0x100008f15,1120,True
func_Ot_0x100008f17,1105,False
func_Ot_0x100008f6e,1007,False
func_Ot_0x100008f8a,503,False
func_Ot_0x100008f8c,167,False
func_Ot_0x100008f93,136,False
func_Ot_0x100008fa5,-672,True
func_Ot_0x100008fab,749,False
func_Ot_0x100008fd2,-148,True
func_Ot_0x100008fd4,806,False
func_Ot_0x100008fd6,167,False
func_Ot_0x100008fea,-262,True
func_Ot_0x100008fee,-705,True
func_Ot_0x100008ff2,598,True
func_Ot_0x100008ff4,970,True
func_Ot_0x100008ff6,819,True
func_Ot_0x100009029,-570,True
func_Ot_0x100009030,-54,False
func_Ot_0x100009049,276,True
func_Ou_0x1000075ab,569,True
func_Ou_0x1000075ca,1102,True
func_Ou_0x10000bc38,1136,False
func_Ou_0x10000bc3c,370,False
func_Ou_0x10000d049,56,False
func_P_0x1000001db,1068,False
func_P_0x100000212,631,False
func_P_0x100000283,988,True
func_P_0x1000005dd,134,True
func_P_0x1000005df,308,False
func_P_0x10000363f,-377,False
func_P_0x100003647,-722,False
func_P_0x100003649,580,False
func_P_0x10000366e,-288,False
func_P_0x100003b26,-48,True
func_P_0x100003b2b,-679,True
func_P_0x100003fd0,-154,True
func_P_0x1000040c3,893,True
func_P_0x1000040c7,554,False
func_P_0x1000041c5,-404,True
func_P_0x1000041c7,346,True
func_P_0x100004257,344,False
func_P_0x1000042a6,-672,False
func_P_0x1000042c1,-219,True
func_P_0x1000042c5,771,False
func_P_0x1000042c7,127,True
func_P_0x1000042cb,650,True
func_P_0x100004330,-98,False
func_P_0x100004332,-290,False
func_P_0x100004336,-715,False
func_P_0x10000437b,1120,True
func_P_0x1000043ca,886,True
func_P_0x10000466b,61,True
func_P_0x100004671,36,False
func_P_0x100004673,459,False
func_P_0x10000472d,519,False
func_P_0x100004b04,279,True
func_P_0x100004b0b,877,False
func_P_0x100004b9f,1052,True
func_P_0x100004ba1,-175,False
func_P_0x100004ba3,-96,False
func_P_0x100004ba5,642,True
func_P_0x100004bd1,622,True
func_P_0x100004c79,-253,True
func_P_0x100004c7b,656,False
func_P_0x100004c7d,-785,False
func_P_0x10000533b,-676,True
func_P_0x100005420,486,False
func_P_0x100005430,449,False
func_P_0x100005459,857,True
func_P_0x100005578,1141,True
func_P_0x100005588,404,True
func_P_0x100005592,219,False
func_P_0x1000056d7,38,True
func_P_0x1000056e3,-483,False
func_P_0x100005a9c,980,False
func_P_0x1000064a4,927,False
func_P_0x100006509,-813,False
func_P_0x100006e16,750,True
func_P_0x100007a51,780,False
func_P_0x100007ad4,-278,False
func_P_0x100007b9a,-538,True
func_P_0x100007b9e,547,False
func_P_0x100007c00,245,False
func_P_0x100007c36,-752,False
func_P_0x100007dc0,468,False
func_P_0x10000838a,-554,False
func_P_0x10000838c,120,True
func_P_0x10000839a,80,True
func_P_0x1000084e8,-697,False
func_P_0x100008533,-446,True
func_P_0x10000853d,398,True
func_P_0x1000087d7,46,True
func_P_0x100008aec,-10,True
func_P_0x100008ce1,792,True
func_P_0x100008cea,556,False
func_P_0x100009334,-703,True
func_P_0x10000946e,-174,False
func_P_0x1000094d1,-776,True
func_P_0x1000094d7,589,False
func_P_0x1000094e4,281,True
func_P_0x1000094e7,-246,True
func_P_0x1000094f0,-502,False
func_P_0x10000973a,-419,True
func_P_0x100009748,379,False
func_P_0x10000974c,1098,False
func_P_0x100009761,319,False
func_P_0x100009868,-775,False
func_P_0x1000098af,-347,False
func_P_0x100009a10,-77,True
func_P_0x100009a14,468,False
func_P_0x100009a16,-178,True
func_P_0x100009a28,3,True
func_P_0x100009a38,559,True
func_P_0x100009c14,420,False
func_P_0x100009d5a,88,True
func_P_0x100009d70,-14,True
func_P_0x100009d76,-290,False
func_P_0x10000a32a,1042,False
func_P_0x10000a44e,-577,False
func_P_0x10000a6b2,-276,False
func_P_0x10000a6c3,61,True
func_P_0x10000a8f0,381,False
func_P_0x10000a8ff,-251,True
func_P_0x10000a911,662,True
func_P_0x10000aad2,-232,False
func_P_0x10000aad4,461,False
func_P_0x10000aad8,220,True
func_P_0x10000aada,-592,False
func_P_0x10000aade,46,False
func_P_0x10000aae0,529,False
func_P_0x10000aae2,-601,False
func_P_0x10000aae4,625,False
func_P_0x10000abda,558,True
func_P_0x10000abe4,-139,True
func_P_0x10000abea,833,False
func_P_0x10000b499,76,True
func_P_0x10000bd40,689,True
func_P_0x10000bd8c,96,False
func_P_0x10000c25d,734,False
func_P_0x10000c319,496,True
func_P_0x10000c31b,-684,True
func_P_0x10000c43d,-221,True
func_P_0x10000c4a2,833,False
func_P_0x10000c4c8,-176,False
func_P_0x10000c642,582,True
func_P_0x10000c987,363,False
func_P_0x10000cd32,6,True
func_P_0x10000d1ab,-750,False
func_P_0x10000d2a9,471,True
func_P_0x10000d2ab,-593,False
func_P_0x10000d2fa,-470,False
func_Pe_0x100003f03,-148,True
func_Pe_0x100003f0e,749,False
func_Pe_0x100003f12,1008,True
func_Pe_0x100003f14,635,False
func_Pe_0x100003f1c,506,False
func_Pe_0x100003f20,-531,True
func_Pe_0x100003f24,490,False
func_Pe_0x100003f26,409,False
func_Pe_0x100004c28,-27,True
func_Pe_0x100004cb2,-541,False
func_Pe_0x10000566a,131,False
func_Pe_0x1000056ba,860,True
func_Pe_0x1000065e8,166,True
func_Pe_0x10000668f,-816,False
func_Pe_0x100006702,-783,False
func_Pe_0x100006704,140,False
func_Pe_0x100006750,684,True
func_Pe_0x100006dd8,880,False
func_Pe_0x100007393,161,True
func_Pe_0x1000073eb,-773,False
func_Pe_0x100007fef,939,True
func_Pe_0x10000adca,504,False
func_Pe_0x10000aefb,509,False
func_Pe_0x10000af09,552,True
func_Pe_0x10000cae3,934,False
func_Pe_0x10000caf6,1094,False
func_Pe_0x10000cb2a,-212,False
func_Pe_0x10000cb2e,926,False
func_Pe_0x10000cb32,925,True
func_Pe_0x10000cb34,-153,False
func_Pe_0x10000cb36,-428,False
func_Pe_0x10000cb3a,-797,False
func_Pe_0x10000cb3e,-687,True
func_Pe_0x10000cb40,569,True
func_Pe_0x10000cb44,435,True
func_Pe_0x10000cce6,-757,False
func_Pe_0x10000ccf4,923,False
func_Pe_0x10000cd03,342,True
func_Pe_0x10000cd12,-154,False
func_Pe_0x10000cd19,-358,False
func_Pe_0x10000cd1b,928,False
func_Pi_0x1000038f4,785,False
func_Pi_0x1000038f8,-411,False
func_Pi_0x1000038fe,226,False
func_Pi_0x100003900,779,False
func_Pi_0x100003902,95,False
func_Pi_0x100003904,59,True
func_Pi_0x10000390a,572,True
func_Pi_0x100003910,-341,True
func_Pi_0x100003912,137,True
func_Pi_0x100003918,94,False
func_Pi_0x10000391a,-202,True
func_Pi_0x10000391c,-739,True
func_Pi_0x100003924,1096,False
func_Pi_0x100003926,648,False
func_Pi_0x100003928,1152,True
func_Pi_0x10000392a,568,True
func_Pi_0x10000392c,696,False
func_Pi_0x100008b22,-838,False
func_Pi_0x100008be5,418,False
func_Po_0x10000bc6e,209,False
func_Po_0x10000bc74,270,True
func_Po_0x10000bc76,-413,False
func_Po_0x10000bc80,22,True
func_Pu_0x10000388a,938,False
func_Pu_0x100003890,-154,True
func_Pu_0x1000038c0,781,False
func_Pu_0x10000bb8e,-144,False
func_Pu_0x10000bc3f,383,True
func_Pu_0x10000bc41,-302,True
func_Pu_0x10000bc43,-625,True
func_Pu_0x10000bc9f,-760,True
func_Pu_0x10000bca3,-695,True
func_Pu_0x10000bca7,-814,False
func_Pu_0x10000bcb1,-326,False
func_Pu_0x10000bcb5,-262,False
func_Pu_0x10000bcb7,-795,False
func_Pu_0x10000bcbb,-396,False
func_Q_0x10000362a,577,True
func_Q_0x100003c22,695,False
func_Q_0x100003dc0,-585,False
func_Q_0x100003dc2,-123,True
func_Q_0x100003fc8,896,False
func_Q_0x100003fcc,232,True
func_Q_0x1000040ce,642,True
func_Q_0x1000040d2,578,True
func_Q_0x1000040d4,1073,True
func_Q_0x100004112,608,True
func_Q_0x100004116,1050,True
func_Q_0x100004122,971,True
func_Q_0x1000041d1,-497,False
func_Q_0x100004424,943,False
func_Q_0x1000044cd,-148,True
func_Q_0x1000044e1,-421,False
func_Q_0x1000044e5,-618,False
func_Q_0x100004ae2,-247,True
func_Q_0x100004aeb,293,False
func_Q_0x100004b2c,159,True
func_Q_0x100004b2e,470,False
func_Q_0x100004ba8,-358,True
func_Q_0x100005446,602,False
func_Q_0x100005508,251,True
func_Q_0x100005a9d,533,True
func_Q_0x100005aa1,-648,False
func_Q_0x100005aa3,-705,False
func_Q_0x100005aa5,892,True
func_Q_0x100005aa9,1157,True
func_Q_0x100006110,280,True
func_Q_0x100006219,-779,True
func_Q_0x10000621f,-652,True
func_Q_0x100006221,-462,False
func_Q_0x100006225,-735,False
func_Q_0x100006227,-133,False
func_Q_0x100006229,-458,True
func_Q_0x10000622d,584,True
func_Q_0x10000627a,469,True
func_Q_0x10000627c,-53,True
func_Q_0x100006285,931,True
func_Q_0x100006287,631,False
func_Q_0x1000069ad,179,True
func_Q_0x100006ac5,448,True
func_Q_0x100006ac9,958,True
func_Q_0x100006e3f,-823,True
func_Q_0x100006e82,852,False
func_Q_0x100006e86,814,True
func_Q_0x100006f1a,895,True
func_Q_0x100007423,672,True
func_Q_0x100007425,508,False
func_Q_0x10000742e,-416,True
func_Q_0x100007433,569,False
func_Q_0x100007435,556,True
func_Q_0x10000743f,531,True
func_Q_0x100007443,-368,True
func_Q_0x1000074a7,1139,True
func_Q_0x100007655,-23,False
func_Q_0x100007663,-510,False
func_Q_0x100007700,-65,False
func_Q_0x100007797,-442,False
func_Q_0x10000779e,-629,True
func_Q_0x1000078b5,575,True
func_Q_0x1000078c0,-584,True
func_Q_0x1000078c2,-140,True
func_Q_0x1000078f7,743,True
func_Q_0x1000078fb,46,False
func_Q_0x100007924,334,False
func_Q_0x100007926,-74,False
func_Q_0x100007928,263,False
func_Q_0x10000792e,697,True
func_Q_0x100007944,-335,False
func_Q_0x100007c12,378,True
func_Q_0x100007ca3,-455,True
func_Q_0x100007ca5,-458,False
func_Q_0x100007d1c,-216,True
func_Q_0x100007d27,-535,True
func_Q_0x100007d55,12,False
func_Q_0x100007d57,-579,True
func_Q_0x100007d5d,636,True
func_Q_0x100007d61,788,True
func_Q_0x100007d77,372,True
func_Q_0x100007d7b,373,False
func_Q_0x100007f53,1061,False
func_Q_0x1000085ba,-421,False
func_Q_0x1000085c4,745,False
func_Q_0x1000085cc,-761,True
func_Q_0x1000085ce,-255,True
func_Q_0x1000085d4,-700,True
func_Q_0x100008a1d,-353,True
func_Q_0x100008a23,-429,False
func_Q_0x100008af1,-186,False
func_Q_0x100008b0f,313,False
func_Q_0x100008ce3,-503,True
func_Q_0x1000092dd,322,True
func_Q_0x10000948a,-679,False
func_Q_0x100009699,-172,False
func_Q_0x100009854,683,True
func_Q_0x100009918,-135,True
func_Q_0x100009930,213,True
func_Q_0x100009aa9,915,True
func_Q_0x100009dd2,594,False
func_Q_0x10000a32d,291,True
func_Q_0x10000a432,160,False
func_Q_0x10000a688,-778,True
func_Q_0x10000a6bd,742,False
func_Q_0x10000a809,529,True
func_Q_0x10000a80d,-103,True
func_Q_0x10000a811,131,True
func_Q_0x10000a813,528,False
func_Q_0x10000a815,-186,True
func_Q_0x10000a819,323,True
func_Q_0x10000a81b,829,True
func_Q_0x10000a83f,135,False
func_Q_0x10000a841,598,True
func_Q_0x10000a84b,886,True
func_Q_0x10000aaa1,-139,True
func_Q_0x10000ab25,268,True
func_Q_0x10000ab2d,747,True
func_Q_0x10000ab33,225,False
func_Q_0x10000ab36,-822,True
func_Q_0x10000b33b,173,False
func_Q_0x10000b33e,899,False
func_Q_0x10000b493,453,True
func_Q_0x10000b4a1,852,True
func_Q_0x10000b777,-359,False
func_Q_0x10000b8b4,-691,True
func_Q_0x10000b8f7,807,False
func_Q_0x10000b8f9,574,False
func_Q_0x10000b8fb,430,True
func_Q_0x10000bd41,-663,True
func_Q_0x10000c453,-641,False
func_Q_0x10000c8ff,1090,False
func_Q_0x10000c902,-645,False
func_Q_0x10000c907,-455,True
func_Q_0x10000d32f,-308,False
func_Qe_0x100003ac4,-38,False
func_Qe_0x100004213,-184,True
func_Qe_0x1000046f7,875,False
func_Qe_0x1000046fb,804,True
func_Qe_0x1000046fd,358,True
func_Qe_0x1000046ff,-467,False
func_Qe_0x100004d29,-16,False
func_Qe_0x100004d2b,736,False
func_Qe_0x100004d72,1157,True
func_Qe_0x100004dc2,-474,True
func_Qe_0x1000060ce,464,False
func_Qe_0x100006191,148,False
func_Qe_0x100006466,-606,True
func_Qe_0x1000066d7,-641,True
func_Qe_0x10000675d,1068,True
func_Qe_0x100006784,755,True
func_Qe_0x100006a1d,343,False
func_Qe_0x100006a2a,254,False
func_Qe_0x100006ab0,941,True
func_Qe_0x10000720b,1071,False
func_Qe_0x10000720d,-717,True
func_Qe_0x100007211,551,False
func_Qe_0x100007213,-481,True
func_Qe_0x10000721f,-834,False
func_Qe_0x100007221,523,False
func_Qe_0x100007223,-342,True
func_Qe_0x100007227,934,False
func_Qe_0x10000722d,612,False
func_Qe_0x100007dd1,-829,True
func_Qe_0x100007dd3,966,False
func_Qe_0x100007dd9,-813,False
func_Qe_0x100007ddb,-34,False
func_Qe_0x1000086d7,-505,True
func_Qe_0x1000087de,414,True
func_Qe_0x1000087ed,987,False
func_Qe_0x100009aee,-147,True
func_Qe_0x100009af2,455,True
func_Qe_0x100009fca,6,False
func_Qe_0x100009fcc,-290,True
func_Qe_0x100009fd0,89,True
func_Qe_0x100009fd2,89,True
func_Qe_0x100009fd6,-583,False
func_Qe_0x100009fdc,374,True
func_Qe_0x100009fde,-142,False
func_Qe_0x100009fe2,312,False
func_Qe_0x100009fe4,133,False
func_Qe_0x100009fe6,658,False
func_Qe_0x100009fee,-738,False
func_Qe_0x100009ff2,620,False
func_Qe_0x100009ff6,815,True
func_Qe_0x10000aa45,581,False
func_Qe_0x10000aa49,1148,False
func_Qe_0x10000aa59,99,False
func_Qe_0x10000aa5d,-387,True
func_Qe_0x10000aa5f,1066,False
func_Qe_0x10000aa61,445,False
func_Qe_0x10000aa63,853,False
func_Qe_0x10000aa67,355,False
func_Qe_0x10000aa69,259,True
func_Qe_0x10000aa6b,789,True
func_Qe_0x10000add1,-335,True
func_Qe_0x10000add6,396,False
func_Qe_0x10000addc,437,False
func_Qe_0x10000ade0,200,True
func_Qe_0x10000ba0f,-369,True
func_Qe_0x10000c508,299,False
func_Qe_0x10000c605,149,False
func_Qe_0x10000cc44,150,False
func_Qe_0x10000d0da,321,True
func_Qe_0x10000d0f5,-663,True
func_Qe_0x10000d10f,-71,False
func_Qe_0x10000d16c,908,True
func_Qe_0x10000d16f,-480,False
func_Qe_0x10000d297,635,True
func_Qe_0x10000d2dc,719,False
func_Qe_0x10000d2de,-610,False
func_Qe_0x10000d4aa,259,True
func_Qi_0x10000bc8a,529,False
func_Qi_0x10000bc9c,405,False
func_Qi_0x10000d051,1115,True
func_Qn_0x100004fab,-551,True
func_Qn_0x100004fb7,-542,False
func_Qn_0x100004fba,619,True
func_Qn_0x100004fc6,-158,True
func_Qn_0x100004fe2,241,False
func_Qn_0x100004ff6,261,False
func_Qn_0x100004ffc,-168,True
func_Qn_0x100005006,372,False
func_Qn_0x100005010,1031,False
func_Qn_0x100005012,501,False
func_Qn_0x100005014,564,True
func_Qn_0x100005016,665,True
func_Qn_0x100005018,-814,True
func_Qn_0x100005020,382,False
func_Qn_0x100005024,994,False
func_Qn_0x100005026,619,False
func_Qn_0x100005028,663,False
func_Qn_0x10000502a,447,True
func_Qn_0x100005038,1143,False
func_Qn_0x100005040,161,True
func_Qn_0x100005042,446,False
func_Qn_0x100005044,1154,False
func_Qn_0x100005048,-213,False
func_Qn_0x10000504a,1068,True
func_Qn_0x10000504e,-266,False
func_Qn_0x100005052,-198,False
func_Qn_0x10000505a,914,True
func_Qn_0x10000505e,520,True
func_Qn_0x10000506c,-113,True
func_Qn_0x100005076,-712,False
func_Qn_0x100005080,256,True
func_Qn_0x100005082,950,True
func_Qn_0x10000508c,566,True
func_Qn_0x10000508e,366,True
func_Qn_0x100005094,236,False
func_Qn_0x10000509e,-521,False
func_Qn_0x1000050a2,-242,False
func_Qn_0x1000050aa,-127,False
func_Qn_0x1000050b0,454,False
func_Qn_0x1000050b4,-263,False
func_Qn_0x1000050b6,339,False
func_Qn_0x1000050bc,1154,False
func_Qn_0x1000050c4,-57,False
func_Qn_0x1000050c6,-423,False
func_Qn_0x1000050ce,-799,False
func_Qn_0x1000050d0,1018,False
func_Qn_0x1000050d8,324,False
func_Qn_0x1000050dc,1156,False
func_Qn_0x1000050de,901,False
func_Qn_0x1000050e2,272,False
func_Qn_0x1000050f0,-550,True
func_Qn_0x1000050f4,878,False
func_Qn_0x1000050f8,-300,False
func_Qn_0x1000050fe,130,True
func_Qn_0x100005100,278,False
func_Qn_0x10000510a,-742,True
func_Qn_0x10000510e,-773,False
func_Qn_0x100005114,1161,False
func_Qn_0x10000511a,-356,False
func_Qn_0x100005120,793,False
func_Qn_0x100005122,-51,False
func_Qn_0x100005124,1032,False
func_Qn_0x100005128,-425,False
func_Qn_0x10000512e,-210,True
func_Qn_0x100005130,289,False
func_Qn_0x100005134,-238,True
func_Qn_0x100005136,156,False
func_Qn_0x100005138,671,False
func_Qn_0x10000513a,694,True
func_Qn_0x10000513c,626,True
func_Qn_0x100005140,60,True
func_Qn_0x10000514c,-790,False
func_Qn_0x10000514e,-676,True
func_Qn_0x100005150,1040,True
func_Qn_0x100005156,-453,False
func_Qn_0x10000515c,-661,False
func_Qn_0x10000515e,-24,False
func_Qn_0x10000516c,147,True
func_Qn_0x100005172,-197,False
func_Qn_0x100005176,883,False
func_Qn_0x10000517c,1004,False
func_Qn_0x100005182,127,False
func_Qn_0x10000518c,1113,True
func_Qn_0x100005196,913,True
func_Qn_0x100005198,-142,False
func_Qn_0x10000519a,-781,False
func_Qn_0x10000519c,524,True
func_Qn_0x1000051a0,24,True
func_Qn_0x1000051a4,-41,False
func_Qn_0x1000051bf,1058,False
func_Qn_0x1000051c5,705,True
func_Qn_0x1000051c9,-475,False
func_Qn_0x1000051cc,996,True
func_Qo_0x100005e0d,44,False
func_Qo_0x100005e0f,-643,True
func_Qo_0x100005e11,-632,False
func_Qo_0x100005e17,501,True
func_Qo_0x100005e59,105,False
func_Qo_0x100005e69,67,True
func_Qt_0x1000039e6,967,True
func_Qt_0x1000039e8,2,True
func_Qt_0x100003a01,-47,False
func_Qt_0x100006f53,-459,False
func_Qt_0x100007087,351,False
func_Qt_0x10000708f,-794,False
func_Qt_0x100007093,-594,True
func_Qt_0x100007097,1065,True
func_Qt_0x10000709d,-700,True
func_Qt_0x10000709f,-455,True
func_Qt_0x1000070a1,-802,False
func_Qt_0x1000070a7,541,False
func_Qt_0x1000070a9,786,True
func_Qt_0x1000070ab,616,True
func_Qt_0x1000070af,-574,True
func_Qt_0x1000070b1,451,False
func_Qt_0x1000070b7,-508,True
func_Qt_0x1000070b9,237,True
func_Qt_0x1000070bb,497,True
func_Qt_0x1000070c1,571,False
func_Qt_0x1000070c5,636,False
func_Qt_0x1000070c7,889,True
func_Qt_0x1000070d1,-128,True
func_Qt_0x1000070d5,657,False
func_Qt_0x1000070d7,-658,False
func_Qt_0x1000070d9,-617,True
func_Qt_0x1000070dd,130,True
func_Qt_0x1000070e1,-629,False
func_Qt_0x1000070e5,16,True
func_Qt_0x1000070e7,239,False
func_Qt_0x1000070e9,653,True
func_Qt_0x1000070eb,683,True
func_Qt_0x1000070ef,-106,False
func_Qt_0x1000070f3,946,False
func_Qt_0x1000070f5,-148,False
func_Qt_0x1000070f7,656,False
func_Qt_0x1000070fd,9,True
func_Qt_0x1000070ff,20,False
func_Qt_0x10000718b,454,False
func_Qt_0x10000871f,-606,True
func_Qt_0x10000c7c1,8,False
func_Qu_0x1000074c3,-282,False
func_Qu_0x1000074cd,214,False
func_Qu_0x1000074d1,-180,False
func_Qu_0x1000074d8,304,False
func_Qu_0x10000752b,61,True
func_Qu_0x100007531,1000,True
func_Qu_0x100007533,-189,True
func_Qu_0x100007538,-40,True
func_Qu_0x100007542,271,False
func_Qu_0x100007544,-168,True
func_Qu_0x100007548,197,True
func_Qu_0x10000754a,530,True
func_Qu_0x10000754e,1106,True
func_Qu_0x100007552,1010,True
func_Qu_0x100007554,-306,True
func_Qu_0x100007557,809,True
func_Qu_0x100007559,-343,False
func_Qu_0x10000756b,873,True
func_Qu_0x10000756e,-315,True
func_Qu_0x10000757a,-423,True
func_Qu_0x100007580,411,True
func_Qu_0x100007586,551,False
func_Qu_0x100007589,-236,False
func_Qu_0x10000758c,-23,False
func_Qu_0x100007596,-696,True
func_Qu_0x10000759f,151,True
func_Qu_0x1000075a5,-764,True
func_Qu_0x1000075a7,525,False
func_Qu_0x1000075bd,329,True
func_Qu_0x1000075d8,365,False
func_Qu_0x1000075de,-2,True
func_Qu_0x1000075e0,-650,True
func_Qu_0x1000075e2,115,False
func_Qu_0x1000075e8,-123,True
func_Qu_0x1000075ea,1155,True
func_Qu_0x1000075f4,115,False
func_Qu_0x1000075f6,-312,True
func_Qu_0x10000cfca,751,False
func_Qu_0x10000cffb,-422,False
func_R_0x1000001a8,1128,False
func_R_0x1000001aa,225,True
func_R_0x100000281,-241,True
func_R_0x100000287,-222,False
func_R_0x100000289,-260,False
func_R_0x1000005e1,-374,False
func_R_0x1000005e3,630,False
func_R_0x1000005e5,1108,True
func_R_0x100003643,85,False
func_R_0x100003645,-345,True
func_R_0x100003a62,-837,False
func_R_0x100003b29,-38,False
func_R_0x100003c33,732,True
func_R_0x1000040bf,-456,False
func_R_0x1000040c1,-225,False
func_R_0x1000040c9,264,True
func_R_0x1000040cb,605,False
func_R_0x1000041bf,-610,True
func_R_0x1000041c1,371,False
func_R_0x1000041c3,999,True
func_R_0x100004261,530,True
func_R_0x100004298,-707,False
func_R_0x10000429c,433,True
func_R_0x1000042bf,519,False
func_R_0x10000437d,642,False
func_R_0x100004483,-220,False
func_R_0x100004498,-462,False
func_R_0x100004717,-201,True
func_R_0x100004a86,-743,True
func_R_0x100004a8e,1113,False
func_R_0x100004b9d,-558,False
func_R_0x100004c31,82,False
func_R_0x100004c77,959,False
func_R_0x10000542e,987,False
func_R_0x100005458,-253,False
func_R_0x100005504,830,True
func_R_0x1000056d5,521,True
func_R_0x1000056d9,-449,False
func_R_0x1000056db,-330,True
func_R_0x1000056df,-813,False
func_R_0x1000056e1,720,False
func_R_0x100005fa2,852,False
func_R_0x1000064bb,664,False
func_R_0x100006825,-655,False
func_R_0x1000068c6,-657,False
func_R_0x100006bd2,-20,False
func_R_0x100006df7,-6,False
func_R_0x100006df9,-208,False
func_R_0x100006dfc,-500,False
func_R_0x100006e18,-818,True
func_R_0x10000723b,-827,True
func_R_0x100007b4e,-658,True
func_R_0x100007d22,-131,True
func_R_0x100007e35,254,True
func_R_0x10000838e,-322,True
func_R_0x100008396,336,True
func_R_0x100008398,588,True
func_R_0x10000839c,-635,True
func_R_0x100008501,1112,True
func_R_0x100008504,1161,False
func_R_0x10000850a,408,True
func_R_0x100008623,-184,True
func_R_0x100008919,71,False
func_R_0x100008928,-521,True
func_R_0x1000089c0,9,False
func_R_0x100008c91,-822,True
func_R_0x100009336,207,False
func_R_0x100009367,-273,False
func_R_0x1000093ee,56,True
func_R_0x100009486,352,False
func_R_0x100009502,-778,True
func_R_0x100009508,576,True
func_R_0x100009842,589,True
func_R_0x100009856,161,False
func_R_0x100009860,867,False
func_R_0x100009864,123,True
func_R_0x100009866,1045,True
func_R_0x10000988d,-2,False
func_R_0x100009893,1117,True
func_R_0x100009895,376,True
func_R_0x1000098b1,-416,False
func_R_0x100009a0a,437,True
func_R_0x100009a24,203,False
func_R_0x100009a2c,-420,True
func_R_0x100009a32,290,True
func_R_0x100009a3e,44,True
func_R_0x100009a58,-721,True
func_R_0x100009c0e,499,True
func_R_0x100009d6c,-701,False
func_R_0x100009d74,615,False
func_R_0x10000a7fa,-49,False
func_R_0x10000a901,-720,True
func_R_0x10000a909,-359,False
func_R_0x10000aad6,422,True
func_R_0x10000aaec,-79,True
func_R_0x10000abde,-275,False
func_R_0x10000abe0,-427,True
func_R_0x10000abe2,-722,True
func_R_0x10000abe6,109,False
func_R_0x10000abe8,932,True
func_R_0x10000ac02,-710,False
func_R_0x10000ac5c,311,True
func_R_0x10000b5b5,866,True
func_R_0x10000c42d,164,False
func_R_0x10000c43f,-675,True
func_R_0x10000c481,442,False
func_R_0x10000c483,381,False
func_R_0x10000c4a6,-13,True
func_R_0x10000c672,-655,True
func_R_0x10000cd72,-45,False
func_R_0x10000d1af,450,False
func_R_0x10000d472,-10,False
func_R_0x10000d476,-699,True
func_Ri_0x1000038f6,910,False
func_Ri_0x100008b24,116,True
func_Ri_0x100008b36,-581,True
func_Ri_0x100008b3c,79,False
func_Ri_0x100008b47,1151,False
func_Ri_0x100008bea,-473,True
func_Rn_0x100004fb5,134,False
func_Rn_0x100004fc0,-498,False
func_Rn_0x100004fc8,270,True
func_Rn_0x100004fd6,-816,False
func_Rn_0x100004fe0,139,True
func_Rn_0x100004fe4,338,True
func_Rn_0x100004fe8,128,True
func_Rn_0x100004fea,-247,True
func_Rn_0x100004fec,457,False
func_Rn_0x100004ff8,897,False
func_Rn_0x100004ffa,-532,True
func_Rn_0x100005000,211,False
func_Rn_0x100005002,667,False
func_Rn_0x100005008,1109,False
func_Rn_0x10000500c,-754,True
func_Rn_0x10000500e,698,False
func_Rn_0x10000501e,646,True
func_Rn_0x100005022,-750,True
func_Rn_0x10000502c,990,True
func_Rn_0x10000502e,556,True
func_Rn_0x100005030,-227,True
func_Rn_0x100005034,827,False
func_Rn_0x100005036,1074,False
func_Rn_0x10000503a,267,False
func_Rn_0x10000503c,366,False
func_Rn_0x10000503e,190,False
func_Rn_0x100005046,696,True
func_Rn_0x10000504c,-468,True
func_Rn_0x100005050,88,False
func_Rn_0x100005054,-193,False
func_Rn_0x100005056,617,False
func_Rn_0x100005058,-621,False
func_Rn_0x10000505c,-806,False
func_Rn_0x100005062,368,False
func_Rn_0x100005064,-422,True
func_Rn_0x100005068,474,False
func_Rn_0x10000506e,72,False
func_Rn_0x100005070,131,False
func_Rn_0x100005072,971,False
func_Rn_0x100005074,-728,True
func_Rn_0x10000507a,620,True
func_Rn_0x10000507c,579,False
func_Rn_0x100005086,-292,False
func_Rn_0x10000508a,928,False
func_Rn_0x100005090,-251,False
func_Rn_0x100005096,1081,False
func_Rn_0x10000509a,-197,False
func_Rn_0x1000050a4,-8,False
func_Rn_0x1000050a6,558,True
func_Rn_0x1000050a8,955,True
func_Rn_0x1000050ac,-699,False
func_Rn_0x1000050ae,26,False
func_Rn_0x1000050b2,450,True
func_Rn_0x1000050b8,173,True
func_Rn_0x1000050ba,848,True
func_Rn_0x1000050be,-270,False
func_Rn_0x1000050c0,-60,False
func_Rn_0x1000050c2,972,False
func_Rn_0x1000050c8,657,False
func_Rn_0x1000050ca,190,True
func_Rn_0x1000050cc,1133,True
func_Rn_0x1000050d2,998,True
func_Rn_0x1000050d4,376,False
func_Rn_0x1000050d6,1075,True
func_Rn_0x1000050da,-87,False
func_Rn_0x1000050e0,363,False
func_Rn_0x1000050e4,-325,True
func_Rn_0x1000050e6,514,True
func_Rn_0x1000050e8,1058,True
func_Rn_0x1000050ea,1018,True
func_Rn_0x1000050ec,-208,True
func_Rn_0x1000050ee,258,True
func_Rn_0x1000050f2,-450,True
func_Rn_0x1000050fa,-391,True
func_Rn_0x1000050fc,1139,False
func_Rn_0x100005102,-7,False
func_Rn_0x100005106,-495,True
func_Rn_0x100005108,977,False
func_Rn_0x10000510c,-352,True
func_Rn_0x100005110,990,False
func_Rn_0x100005118,-630,False
func_Rn_0x10000511c,-266,True
func_Rn_0x100005126,-258,True
func_Rn_0x10000512a,468,False
func_Rn_0x10000512c,-451,False
func_Rn_0x100005132,-720,False
func_Rn_0x10000513e,380,False
func_Rn_0x100005142,650,False
func_Rn_0x100005144,-127,False
func_Rn_0x100005146,-474,False
func_Rn_0x100005148,753,False
func_Rn_0x10000514a,223,True
func_Rn_0x100005152,-284,True
func_Rn_0x100005154,1040,True
func_Rn_0x100005158,-144,False
func_Rn_0x10000515a,774,False
func_Rn_0x100005160,-364,False
func_Rn_0x100005162,216,True
func_Rn_0x100005164,669,True
func_Rn_0x100005166,63,True
func_Rn_0x100005168,-338,True
func_Rn_0x10000516a,634,True
func_Rn_0x10000516e,457,False
func_Rn_0x100005170,59,True
func_Rn_0x100005174,1097,True
func_Rn_0x10000517a,211,False
func_Rn_0x10000517e,-26,True
func_Rn_0x100005180,723,True
func_Rn_0x100005184,-682,False
func_Rn_0x100005186,1139,True
func_Rn_0x100005188,-558,True
func_Rn_0x10000518a,1115,True
func_Rn_0x100005190,-807,False
func_Rn_0x100005192,228,False
func_Rn_0x100005194,239,False
func_Rn_0x10000519e,1034,False
func_Rn_0x1000051a6,-157,True
func_Rn_0x1000051a9,269,True
func_Rn_0x1000051b3,-660,True
func_Rn_0x1000051bb,412,False
func_Rn_0x1000051c1,637,False
func_Rn_0x10000531a,328,True
func_Rn_0x100005326,-246,True
func_Rn_0x100005328,107,False
func_Ro_0x100008fb7,927,True
func_Ro_0x100008fba,-154,True
func_Ro_0x100008fbd,-205,False
func_Ro_0x100008fc1,525,True
func_Rr_0x100007114,380,True
func_Rr_0x100007116,847,False
func_Rr_0x10000711c,-150,False
func_Rr_0x100007126,524,True
func_Rr_0x100007153,-527,True
func_Rr_0x10000cfc0,120,False
func_Rt_0x100005bd8,254,True
func_Rt_0x100005bdb,588,True
func_Rt_0x100005bf8,-278,False
func_Rt_0x100005bfc,-526,False
func_Rt_0x100005c0b,-352,True
func_Rt_0x100005c1d,-39,False
func_Rt_0x100005c29,1104,True
func_Rt_0x100005c2f,-212,False
func_Rt_0x100005c31,858,False
func_Rt_0x100005c53,1057,False
func_Rt_0x100005c5f,-720,False
func_Rt_0x100005c61,317,True
func_Rt_0x100005c63,-567,True
func_Rt_0x100005c6a,745,True
func_Rt_0x100005c6f,547,True
func_Rt_0x100005c7d,-664,False
func_Rt_0x100005c7f,813,False
func_Rt_0x100005c81,521,False
func_Rt_0x100005c83,459,True
func_Rt_0x100005c87,-438,False
func_Rt_0x100005c89,520,True
func_Rt_0x100005c8d,-605,True
func_Rt_0x100005c8f,-62,False
func_Rt_0x100005c91,204,True
func_Rt_0x100005c97,624,False
func_Rt_0x100005c99,313,True
func_Rt_0x100005ca9,184,False
func_Rt_0x100005cab,-18,False
func_Rt_0x100005cad,897,False
func_Rt_0x100005cba,732,False
func_Rt_0x100005cbd,210,True
func_Rt_0x100005cc0,-357,False
func_Rt_0x100005cdf,-251,True
func_Rt_0x100005ce1,-58,True
func_Rt_0x100005cef,899,False
func_Rt_0x100005cf1,-187,False
func_Rt_0x100005cf5,-438,True
func_Rt_0x100005cf7,768,True
func_Rt_0x100005cf9,-259,False
func_Rt_0x100005cfd,5,False
func_Rt_0x100005d01,1066,False
func_Rt_0x100005d03,1098,False
func_Rt_0x100005d05,758,False
func_Rt_0x100005d0b,-313,True
func_Rt_0x100005d19,114,True
func_Rt_0x100005d1b,523,False
func_Rt_0x100005d1d,-302,False
func_Rt_0x100005d1f,-715,False
func_Rt_0x100005d27,-48,False
func_Rt_0x100005d30,874,False
func_Rt_0x100005d32,-415,True
func_Rt_0x100005d38,611,False
func_Rt_0x100005d3a,1050,False
func_Rt_0x100005d46,541,True
func_Rt_0x100005d4b,-780,True
func_Rt_0x100005d50,-483,False
func_Rt_0x100005d54,-619,True
func_Rt_0x100005d69,99,True
func_Rt_0x100005d6c,-703,True
func_Rt_0x100005d7b,-824,False
func_Rt_0x100005d7d,-212,True
func_Rt_0x100005d7f,-645,False
func_Rt_0x100005d82,-725,False
func_Rt_0x100005d9f,675,False
func_Rt_0x100005dbc,158,True
func_Rt_0x100005dc0,55,True
func_Rt_0x100005dd2,-255,True
func_Rt_0x100005dd6,736,False
func_Rt_0x100005dd9,-507,True
func_Rt_0x100005dfd,407,True
func_Rt_0x100005e00,-533,True
func_Rt_0x100005e1a,-324,True
func_Rt_0x100005e1c,617,False
func_Rt_0x100005e1e,480,True
func_Rt_0x100005e22,1153,False
func_Rt_0x100005e38,-565,False
func_Rt_0x100005e3c,-154,True
func_Rt_0x100005e3e,183,False
func_Rt_0x100005e73,1086,True
func_Rt_0x100005e7f,494,False
func_Rt_0x100005e92,666,True
func_Rt_0x100005e96,995,True
func_Ru_0x100006f4b,591,False
func_Ru_0x100006f73,574,False
func_Ru_0x100007006,262,True
func_Ru_0x10000701b,204,True
func_Ru_0x10000c7bd,-141,True
func_Ru_0x10000c7de,-291,True
func_Ru_0x10000cf08,346,False
func_S_0x10000011a,129,True
func_S_0x100000199,453,False
func_S_0x10000019c,23,True
func_S_0x1000002a5,-127,True
func_S_0x1000002da,-525,False
func_S_0x100000301,959,False
func_S_0x100003a34,1107,True
func_S_0x100003aaa,-480,False
func_S_0x100003bc3,-185,False
func_S_0x100003da7,-136,True
func_S_0x1000042f3,187,False
func_S_0x100004313,-506,False
func_S_0x100004319,778,True
func_S_0x100004410,-253,True
func_S_0x100004493,484,False
func_S_0x100004678,-383,False
func_S_0x1000047f5,928,False
func_S_0x1000048dd,642,False
func_S_0x100004afb,-378,False
func_S_0x100004b11,-2,False
func_S_0x100004c72,994,False
func_S_0x1000054b5,-589,False
func_S_0x1000054b7,-426,True
func_S_0x1000054d8,939,True
func_S_0x1000054da,-759,True
func_S_0x1000054e6,-434,False
func_S_0x100005532,44,True
func_S_0x100005538,-571,False
func_S_0x10000553a,-391,True
func_S_0x1000055ea,-377,True
func_S_0x1000055f5,241,True
func_S_0x1000055f7,92,True
func_S_0x100005a9a,-322,False
func_S_0x100005f05,-592,False
func_S_0x100005f0f,1138,True
func_S_0x100006204,632,True
func_S_0x10000620a,540,True
func_S_0x10000620d,-190,True
func_S_0x100006216,-446,False
func_S_0x100006230,-70,False
func_S_0x10000643a,-351,False
func_S_0x10000686f,225,False
func_S_0x1000068e5,-13,True
func_S_0x100006972,-287,False
func_S_0x10000736b,-83,True
func_S_0x100007bb4,-615,False
func_S_0x100007e5e,-342,False
func_S_0x10000805f,-303,False
func_S_0x100008088,156,True
func_S_0x100008371,725,False
func_S_0x1000084de,270,True
func_S_0x10000892a,32,True
func_S_0x10000908b,14,False
func_S_0x100009374,-809,False
func_S_0x100009379,-407,False
func_S_0x1000093ff,130,False
func_S_0x100009498,-530,True
func_S_0x100009690,1041,False
func_S_0x100009901,-724,False
func_S_0x100009961,1032,False
func_S_0x100009dfc,1133,False
func_S_0x100009eaa,189,False
func_S_0x10000a010,-31,True
func_S_0x10000a2a2,-727,True
func_S_0x10000a443,-297,False
func_S_0x10000a728,149,False
func_S_0x10000a72f,139,True
func_S_0x10000a8db,429,False
func_S_0x10000a953,-352,True
func_S_0x10000ab60,-584,False
func_S_0x10000abac,749,True
func_S_0x10000abc0,461,True
func_S_0x10000abc7,-259,False
func_S_0x10000abd3,-73,False
func_S_0x10000ac51,656,True
func_S_0x10000ac58,451,False
func_S_0x10000ad75,-241,False
func_S_0x10000afac,272,False
func_S_0x10000b183,-545,False
func_S_0x10000b192,-31,True
func_S_0x10000b199,431,True
func_S_0x10000b2db,1014,False
func_S_0x10000b57b,1072,True
func_S_0x10000bd6c,1137,False
func_S_0x10000c213,555,True
func_S_0x10000c215,1143,False
func_S_0x10000c48f,-713,True
func_S_0x10000c931,1118,True
func_S_0x10000c934,95,False
func_S_0x10000cd59,1060,False
func_S_0x10000d4ff,95,True
func_S_0x10000d508,287,True
func_S_0x10000d513,938,False
func_S_0x10000d515,-92,False
func_Se_0x100003d36,563,True
func_Se_0x100003d48,726,False
func_Se_0x100006186,-540,True
func_Se_0x100006188,571,True
func_Se_0x1000065c0,315,False
func_Se_0x1000065c5,-764,True
func_Se_0x100006603,-257,True
func_Se_0x100006605,-810,False
func_Se_0x1000066a2,-706,False
func_Se_0x1000066a8,-565,True
func_Se_0x1000066b0,-445,True
func_Se_0x1000066b2,567,True
func_Se_0x1000066c0,988,False
func_Se_0x1000066f4,194,True
func_Se_0x100006a0f,-593,False
func_Se_0x100006b31,-293,True
func_Se_0x100006b35,-736,True
func_Se_0x100006b46,543,False
func_Se_0x100006b4f,-586,True
func_Se_0x100006b52,-123,False
func_Se_0x100006b99,702,False
func_Se_0x100007fd7,167,False
func_Se_0x100007fe9,771,False
func_Se_0x10000816c,-175,True
func_Se_0x10000816e,-28,False
func_Se_0x10000c6cf,300,True
func_Se_0x10000c6d2,-449,True
func_Se_0x10000ca10,139,True
func_Se_0x10000cebf,-16,False
func_Se_0x10000d156,-709,True
func_Se_0x10000d3ae,-804,True
func_Se_0x10000d415,898,True
func_Se_0x10000d44d,-218,True
func_Se_0x10000d484,959,True
func_Se_0x10000d488,-741,True
func_Se_0x10000d48e,861,True
func_Se_0x10000d490,169,True
func_Si_0x1000038f0,701,False
func_Si_0x100003906,213,True
func_Si_0x100003932,828,True
func_Si_0x100003936,-463,False
func_Si_0x100008b55,722,True
func_Sn_0x100007162,-653,False
func_Sn_0x100008738,-501,False
func_Sn_0x10000be49,-573,True
func_Sn_0x10000be4b,-688,False
func_Sn_0x10000beff,-264,False
func_Sn_0x10000bf03,-694,False
func_Sn_0x10000bf09,-751,False
func_Sn_0x10000bf36,483,True
func_Sn_0x10000bf38,99,False
func_Sn_0x10000bf3c,944,False
func_Sn_0x10000bf42,91,False
func_Sn_0x10000bf44,343,False
func_Sn_0x10000bf5a,-600,True
func_Sn_0x10000bf5e,572,True
func_Sn_0x10000bf6a,-395,False
func_Sn_0x10000bf70,-296,False
func_Sn_0x10000bf7c,596,False
func_Sn_0x10000bf84,-574,False
func_Sn_0x10000bf8a,-83,True
func_Sn_0x10000bf95,949,False
func_Sn_0x10000bfb5,825,False
func_Sn_0x10000bfb7,-538,False
func_Sn_0x10000cfb2,-283,False
func_Sn_0x10000cfbe,-373,True
func_Sn_0x10000cfda,538,True
func_Sn_0x10000cfde,158,True
func_Sr_0x1000057cd,831,True
func_Sr_0x1000057d3,565,False
func_Sr_0x1000057d7,551,True
func_Sr_0x1000057e5,365,True
func_Sr_0x100005be7,708,True
func_Sr_0x100005beb,93,True
func_Sr_0x100005bed,-138,True
func_Sr_0x100005bef,559,True
func_Sr_0x100005e58,-309,False
func_St_0x1000005ff,-833,False
func_St_0x100000603,-791,True
func_St_0x100000846,-650,False
func_St_0x10000084b,-457,False
func_St_0x100004566,-63,False
func_St_0x100004568,1066,True
func_St_0x100004570,-508,True
func_St_0x100004574,469,True
func_St_0x100004580,459,False
func_St_0x10000458a,-833,False
func_St_0x10000458c,-520,False
func_St_0x10000458e,918,True
func_St_0x100004590,12,False
func_St_0x100004592,1032,False
func_St_0x100004594,233,False
func_St_0x100004596,-214,True
func_St_0x10000459a,-815,True
func_St_0x10000459c,-263,True
func_St_0x1000045a0,643,True
func_St_0x1000045a2,-1,False
func_St_0x1000045a8,-590,True
func_St_0x1000045ae,-136,False
func_St_0x1000045b0,1015,True
func_St_0x1000045b6,897,False
func_St_0x1000045be,941,True
func_St_0x1000045c0,903,False
func_St_0x1000045c2,908,False
func_St_0x1000045c4,731,True
func_St_0x1000045c6,588,True
func_St_0x1000045c8,-327,True
func_St_0x1000045ca,-62,False
func_St_0x1000045cc,-263,False
func_St_0x1000045d6,18,False
func_St_0x1000045dc,1080,False
func_St_0x1000045de,-1,True
func_St_0x1000045ec,35,True
func_St_0x1000045f0,-649,False
func_St_0x1000049a1,-803,True
func_St_0x1000049b5,-402,False
func_St_0x1000072cb,1012,True
func_St_0x1000072cf,-270,True
func_St_0x1000072d1,198,False
func_St_0x1000072d5,955,True
func_St_0x1000072e7,459,True
func_St_0x1000072eb,1068,True
func_St_0x1000072ed,630,False
func_St_0x1000072fb,-368,True
func_St_0x100007301,-453,False
func_St_0x100007303,658,False
func_St_0x100007319,1098,False
func_St_0x10000731f,803,True
func_St_0x100007327,94,True
func_St_0x10000732f,788,False
func_St_0x10000733d,-283,False
func_St_0x100007343,343,False
func_St_0x100007347,1042,True
func_St_0x100007349,279,False
func_St_0x10000b3b1,-315,False
func_St_0x10000b3b9,-120,True
func_St_0x10000b3c1,-314,True
func_St_0x10000b3c5,184,True
func_St_0x10000b3c7,233,True
func_St_0x10000b3c9,-88,False
func_St_0x10000b3cd,-572,False
func_St_0x10000b3cf,-427,True
func_St_0x10000c551,459,True
func_St_0x10000c553,-819,False
func_St_0x10000ca61,-565,False
func_St_0x10000ce45,-141,True
func_Su_0x100007527,905,True
func_Su_0x100007529,557,True
func_Su_0x10000752f,-647,False
func_Su_0x100007563,-144,True
func_Su_0x10000757c,-778,True
func_Su_0x100007584,-641,False
func_Su_0x1000075a3,1059,False
func_Su_0x1000075af,783,False
func_Su_0x1000075b3,213,True
func_Su_0x1000075bb,-695,True
func_Su_0x1000075d1,-227,True
func_Su_0x1000075e4,-549,False
func_Su_0x10000bc51,-320,False
func_T_0x1000001ac,727,True
func_T_0x100003630,462,False
func_T_0x100003ccf,892,False
func_T_0x100003f7a,135,True
func_T_0x100003f80,-339,True
func_T_0x10000410f,873,True
func_T_0x100004114,226,True
func_T_0x1000042fa,-74,True
func_T_0x100004397,1078,True
func_T_0x10000439b,-148,False
func_T_0x10000439d,581,True
func_T_0x10000448a,-35,True
func_T_0x1000044df,-795,False
func_T_0x1000044eb,452,True
func_T_0x100004740,684,False
func_T_0x1000048a5,718,False
func_T_0x1000048bf,-64,True
func_T_0x100004ab5,810,True
func_T_0x100004b05,468,True
func_T_0x100005414,-216,True
func_T_0x100005416,-262,True
func_T_0x100005422,517,False
func_T_0x100005433,-485,True
func_T_0x100005435,208,False
func_T_0x1000054f7,746,False
func_T_0x1000054f9,176,False
func_T_0x1000054fd,-713,False
func_T_0x100005502,-254,False
func_T_0x100005515,813,False
func_T_0x100005519,-521,True
func_T_0x100005520,-273,False
func_T_0x100005fa5,-326,True
func_T_0x10000607b,935,False
func_T_0x10000607d,-411,False
func_T_0x100006108,928,False
func_T_0x100006917,213,True
func_T_0x100006929,279,True
func_T_0x100006ab8,543,True
func_T_0x100006abc,-215,False
func_T_0x100006e04,959,True
func_T_0x100006e7e,-326,False
func_T_0x100006e9e,238,False
func_T_0x100006f23,-130,False
func_T_0x100006f25,-830,False
func_T_0x10000773c,-506,False
func_T_0x100007794,721,True
func_T_0x10000779a,-608,True
func_T_0x100007ad8,512,True
func_T_0x100007adc,564,False
func_T_0x100007b2b,-436,True
func_T_0x100007d0e,-638,False
func_T_0x100007d75,504,True
func_T_0x100007f4d,520,False
func_T_0x100007f57,-749,True
func_T_0x1000081aa,958,True
func_T_0x1000081ae,643,False
func_T_0x1000081b0,-598,True
func_T_0x1000081b2,655,True
func_T_0x1000081b6,260,True
func_T_0x100008323,-511,True
func_T_0x100008494,-52,True
func_T_0x1000085b8,482,False
func_T_0x1000085db,-289,False
func_T_0x1000089c3,522,False
func_T_0x1000089c5,473,False
func_T_0x1000089c7,433,True
func_T_0x100008a0d,-522,True
func_T_0x100008a27,943,True
func_T_0x100008a2b,-537,True
func_T_0x100008cee,323,False
func_T_0x1000092db,-748,True
func_T_0x1000092e3,-433,False
func_T_0x1000092e5,245,True
func_T_0x100009426,-245,True
func_T_0x1000095d1,-388,True
func_T_0x100009642,-45,True
func_T_0x10000975d,700,True
func_T_0x100009913,487,True
func_T_0x100009915,765,False
func_T_0x10000991b,-105,True
func_T_0x10000992b,2,False
func_T_0x100009939,1148,False
func_T_0x100009d82,-305,True
func_T_0x100009d84,177,True
func_T_0x100009fc4,-530,True
func_T_0x10000a375,-548,False
func_T_0x10000a38c,166,False
func_T_0x10000a38e,173,False
func_T_0x10000a451,-53,True
func_T_0x10000a455,-644,False
func_T_0x10000a686,-278,True
func_T_0x10000a803,1014,False
func_T_0x10000a84f,1111,True
func_T_0x10000ab16,-343,False
func_T_0x10000abdc,427,False
func_T_0x10000b0e1,-340,True
func_T_0x10000b784,-48,True
func_T_0x10000b8b7,654,False
func_T_0x10000b8c8,-642,True
func_T_0x10000b8ca,-262,True
func_T_0x10000bcd3,438,True
func_T_0x10000bcdf,913,True
func_T_0x10000bd13,989,False
func_T_0x10000bd47,881,True
func_T_0x10000c1fd,166,True
func_T_0x10000c8c3,1022,False
func_T_0x10000cdab,435,False
func_T_0x10000cdad,724,False
func_T_0x10000cdb6,-137,True
func_Te_0x100003e7f,723,True
func_Te_0x100003efc,109,False
func_Te_0x100003efe,303,True
func_Te_0x10000490f,561,False
func_Te_0x100006573,1085,True
func_Te_0x1000065ed,673,False
func_Te_0x1000066c4,234,True
func_Te_0x1000066e6,416,False
func_Te_0x100006cfe,-329,True
func_Te_0x100009536,-22,True
func_Te_0x100009567,-600,True
func_Te_0x100009571,72,False
func_Te_0x1000099b2,146,False
func_Te_0x1000099c5,-767,True
func_Te_0x100009b89,-772,False
func_Te_0x100009bd6,441,True
func_Te_0x100009be1,656,False
func_Te_0x100009be5,724,True
func_Te_0x10000c531,827,True
func_Te_0x10000cc23,370,False
func_Te_0x10000ccd7,234,True
func_Ti_0x1000074c6,1115,True
func_Ti_0x10000bc30,982,True
func_Ti_0x10000bc5e,1144,False
func_Ti_0x10000bc62,684,True
func_Ti_0x10000d04a,803,False
func_Tn_0x1000036a5,-192,False
func_Tn_0x1000036bd,480,False
func_Tn_0x1000062de,-200,True
func_Tn_0x1000062e0,-600,False
func_Tn_0x1000062e2,1113,False
func_Tn_0x1000062e6,-98,False
func_Tn_0x1000062ea,1140,True
func_Tn_0x1000062ee,334,False
func_Tn_0x1000062f0,-259,False
func_Tn_0x1000062f2,-628,True
func_Tn_0x1000062f4,377,False
func_Tn_0x1000062f6,878,False
func_Tn_0x1000062fc,1009,True
func_Tn_0x100006308,266,True
func_Tn_0x100006348,306,False
func_Tn_0x10000634a,-285,False
func_Tn_0x10000b893,913,True
func_Tn_0x10000c7ee,-164,True
func_Tn_0x10000c805,92,False
func_Tr_0x10000cf88,1108,False
func_Tt_0x100004564,230,True
func_Tt_0x1000072f3,847,True
func_Tt_0x100007309,-644,True
func_Tt_0x10000730d,635,True
func_Tt_0x10000733f,55,True
func_Tt_0x100007351,971,True
func_Tt_0x1000077dc,1055,False
func_Tt_0x1000077e4,725,False
func_Tt_0x1000077f6,551,True
func_Tt_0x100007808,-18,False
func_Tt_0x100007886,-532,False
func_Tt_0x100007888,-387,True
func_Tt_0x10000b3b7,-589,False
func_Tt_0x10000b3bf,-291,False
func_Tt_0x10000c549,519,True
func_Tt_0x10000ca1b,199,True
func_Tt_0x10000ca27,893,False
func_Tt_0x10000ca35,-615,False
func_Tt_0x10000ca37,-73,False
func_Tt_0x10000ca39,626,True
func_Tt_0x10000ca3b,57,True
func_Tt_0x10000ca3f,1033,True
func_Tt_0x10000ca41,243,False
func_Tt_0x10000ca43,-505,False
func_Tt_0x10000ca47,64,True
func_Tt_0x10000ca49,171,True
func_Tt_0x10000ca4f,965,True
func_Tt_0x10000ca55,-742,True
func_Tt_0x10000ca5d,322,False
func_Tt_0x10000cdf4,-181,True
func_Tt_0x10000cdff,1071,True
func_Tu_0x1000057cc,409,False
func_Tu_0x1000057e0,701,True
func_Tu_0x10000599c,569,False
func_Tu_0x100005d71,337,True
func_Tu_0x100005df1,843,False
func_Tu_0x100005e9c,-763,False
func_U_0x10000021d,121,False
func_U_0x1000037d1,826,False
func_U_0x100003b3a,171,True
func_U_0x100003b43,688,False
func_U_0x100003b62,584,False
func_U_0x100003c20,173,True
func_U_0x100003dbe,124,True
func_U_0x100003fca,557,True
func_U_0x100003fd5,-10,False
func_U_0x10000411c,588,False
func_U_0x10000412c,-235,False
func_U_0x1000041b8,416,True
func_U_0x1000042cd,-163,True
func_U_0x100004358,237,True
func_U_0x100004422,-706,True
func_U_0x1000044cb,-656,True
func_U_0x1000044cf,-96,False
func_U_0x1000044d1,-777,False
func_U_0x100004675,1126,False
func_U_0x100004ab9,-101,True
func_U_0x100004ae7,-384,True
func_U_0x100004b2a,355,False
func_U_0x100005448,485,True
func_U_0x1000054ff,-307,True
func_U_0x100005aa7,-118,True
func_U_0x100006066,341,False
func_U_0x100006068,-22,True
func_U_0x10000606c,521,True
func_U_0x10000607f,-194,False
func_U_0x10000610b,-831,False
func_U_0x10000621b,-52,False
func_U_0x10000621d,789,True
func_U_0x100006223,-354,True
func_U_0x10000627f,-476,False
func_U_0x100006924,84,False
func_U_0x10000692b,644,False
func_U_0x100006c6e,563,True
func_U_0x100006e88,-339,False
func_U_0x100006f21,979,True
func_U_0x10000740a,-839,False
func_U_0x100007427,391,True
func_U_0x10000742c,301,True
func_U_0x100007493,458,True
func_U_0x1000074a9,91,False
func_U_0x100007660,842,False
func_U_0x100007669,959,False
func_U_0x1000078e2,-529,True
func_U_0x1000078f3,-532,True
func_U_0x1000078f5,1052,True
func_U_0x1000078f9,-222,False
func_U_0x10000792a,544,False
func_U_0x10000792c,902,False
func_U_0x100007add,194,False
func_U_0x100007b85,-646,True
func_U_0x100007b8c,378,True
func_U_0x100007c87,148,False
func_U_0x100007ca7,250,False
func_U_0x100007ca9,310,True
func_U_0x100007cab,-749,True
func_U_0x100007d10,-615,False
func_U_0x100007d25,-714,True
func_U_0x100007d59,-25,False
func_U_0x100007d63,-773,False
func_U_0x10000827d,-350,False
func_U_0x100008327,978,True
func_U_0x10000855b,-148,False
func_U_0x100008560,13,False
func_U_0x1000085be,-658,False
func_U_0x1000085c2,600,True
func_U_0x1000085d7,-371,True
func_U_0x1000085d9,-320,False
func_U_0x100008972,-513,True
func_U_0x100008995,275,True
func_U_0x1000089a8,21,True
func_U_0x1000089f0,150,False
func_U_0x1000089fd,470,False
func_U_0x100008a1e,875,True
func_U_0x1000092d7,719,True
func_U_0x100009472,-295,True
func_U_0x10000960e,-187,False
func_U_0x10000963c,-26,False
func_U_0x100009916,3,True
func_U_0x100009926,-539,True
func_U_0x10000992e,406,False
func_U_0x100009a9a,-763,False
func_U_0x100009a9e,119,False
func_U_0x100009aa0,-817,True
func_U_0x100009aa3,414,True
func_U_0x100009aad,-297,True
func_U_0x100009ab1,435,True
func_U_0x100009c56,678,True
func_U_0x10000aa20,-506,True
func_U_0x10000aa42,501,False
func_U_0x10000aa70,-721,False
func_U_0x10000aa76,-824,True
func_U_0x10000ab14,974,False
func_U_0x10000ab2b,687,False
func_U_0x10000ab31,905,True
func_U_0x10000b340,-520,False
func_U_0x10000b585,-336,False
func_U_0x10000b768,-729,False
func_U_0x10000b8de,-333,False
func_U_0x10000bcdc,-173,True
func_U_0x10000bffb,51,False
func_U_0x10000c328,985,False
func_U_0x10000c8f8,861,False
func_U_0x10000c8fb,328,True
func_U_0x10000cd84,1102,True
func_U_0x10000d1b4,982,True
func_Ue_0x100004c1c,-720,False
func_Ue_0x100004dd4,585,True
func_Ue_0x1000065fd,-220,True
func_Ue_0x100006613,-190,False
func_Ue_0x1000066ac,-57,True
func_Ue_0x1000066ff,145,False
func_Ue_0x100006741,890,False
func_Ue_0x100006745,-829,False
func_Ue_0x100006755,-194,False
func_Ue_0x100006770,389,False
func_Ue_0x100006a10,-314,False
func_Ue_0x100006b53,123,True
func_Ue_0x100006ba1,-755,False
func_Ue_0x100006d04,1016,False
func_Ue_0x1000071e0,-2,False
func_Ue_0x100007fc7,-402,True
func_Ue_0x100007fed,-161,True
func_Ue_0x100008173,-124,False
func_Ue_0x10000950b,453,False
func_Ue_0x10000adb3,1026,False
func_Ue_0x10000adc7,874,False
func_Ue_0x10000af17,707,False
func_Ue_0x10000cbfe,646,False
func_Ue_0x10000cc00,957,True
func_Ue_0x10000cc02,297,False
func_Ue_0x10000cec0,744,False
func_Ue_0x10000d0fe,1016,False
func_Ue_0x10000d15d,225,False
func_Ue_0x10000d161,-83,True
func_Ue_0x10000d163,475,False
func_Ue_0x10000d416,1034,False
func_Ue_0x10000d44e,507,True
func_Un_0x100006feb,736,True
func_Un_0x100006ff1,252,False
func_Un_0x100006ff3,435,False
func_Un_0x100006ff5,-744,False
func_Un_0x100006ffa,-335,False
func_Un_0x100006ffc,12,False
func_Un_0x10000700a,-188,True
func_Un_0x10000700c,266,True
func_Un_0x100007016,942,True
func_Un_0x100007019,495,False
func_Un_0x10000701f,1159,False
func_Un_0x10000a4bc,-14,False
func_Un_0x10000a4fc,-412,True
func_Un_0x10000a506,-312,False
func_Un_0x10000c7d1,-326,True
func_Un_0x10000c7d3,722,False
func_Ur_0x100008f1e,-286,True
func_Ur_0x100008f55,-59,True
func_Ur_0x100008fa0,802,False
func_Ur_0x100009031,737,True
func_Ut_0x100003ee3,490,False
func_Ut_0x100005631,435,False
func_Ut_0x100005635,724,True
func_Ut_0x100009559,-375,False
func_Ut_0x100009563,251,True
func_Ut_0x1000097a0,191,False
func_Ut_0x100009bad,-729,True
func_Ut_0x10000b3f4,58,True
func_Ut_0x10000b449,-466,True
func_Ut_0x10000b455,929,False
func_Ut_0x10000b459,-675,False
func_Ut_0x10000b45b,270,False
func_Ut_0x10000b471,889,False
func_Ut_0x10000b5fb,-795,True
func_Uu_0x100003873,455,False
func_Uu_0x100003875,711,False
func_Uu_0x100003877,668,False
func_Uu_0x100003879,221,False
func_Uu_0x10000387b,505,False
func_Uu_0x10000710c,-779,False
func_Uu_0x10000710e,-729,False
func_Uu_0x100007110,-206,True
func_Uu_0x100007112,-320,True
func_Uu_0x100007118,-590,True
func_Uu_0x10000711a,478,False
func_Uu_0x100007151,583,True
func_Uu_0x100008736,963,True
func_Uu_0x10000bf21,616,True
func_Uu_0x10000bf60,1105,False
func_V_0x100000213,-180,True
func_V_0x1000037e3,-552,False
func_V_0x1000037e9,483,True
func_V_0x1000037eb,-512,False
func_V_0x1000037ef,-266,True
func_V_0x1000037f3,334,False
func_V_0x1000037f5,-230,True
func_V_0x1000037f7,351,True
func_V_0x1000037f9,-513,True
func_V_0x1000037fb,1038,False
func_V_0x100003801,1092,False
func_V_0x100003fc5,-309,False
func_V_0x10000411f,319,True
func_V_0x100004123,560,True
func_V_0x100004132,710,False
func_V_0x1000041b9,-132,False
func_V_0x1000041d2,1129,False
func_V_0x1000042dd,-576,True
func_V_0x1000042df,687,False
func_V_0x1000044a2,521,True
func_V_0x1000044d4,-236,False
func_V_0x1000044e2,-683,False
func_V_0x1000049c7,314,False
func_V_0x100004a92,317,False
func_V_0x100004ab0,-746,False
func_V_0x100004ab2,303,False
func_V_0x100004ac0,427,True
func_V_0x100004b36,493,True
func_V_0x100004b38,171,True
func_V_0x100004b3e,583,True
func_V_0x100004b42,638,True
func_V_0x100004b44,-447,False
func_V_0x100004baa,1086,False
func_V_0x100004c49,888,True
func_V_0x100005388,1148,True
func_V_0x10000538e,-651,False
func_V_0x100005392,1066,True
func_V_0x100005394,-702,True
func_V_0x100005423,413,True
func_V_0x100005aac,1068,True
func_V_0x100006028,690,True
func_V_0x100006062,-655,True
func_V_0x10000606d,892,False
func_V_0x100006262,757,True
func_V_0x1000064fa,105,True
func_V_0x1000069ae,-20,False
func_V_0x1000069b2,121,False
func_V_0x1000069b4,-491,True
func_V_0x1000069b6,-130,False
func_V_0x100006acb,-197,True
func_V_0x100006b17,-182,False
func_V_0x10000703b,79,True
func_V_0x100007193,924,True
func_V_0x100007197,-526,True
func_V_0x100007199,-489,True
func_V_0x10000719e,194,True
func_V_0x10000749f,518,True
func_V_0x1000074a3,-198,False
func_V_0x1000076db,-206,False
func_V_0x100007b0c,436,False
func_V_0x100007b8a,-358,True
func_V_0x100007ce0,625,False
func_V_0x100007ce2,860,False
func_V_0x100007d12,-256,False
func_V_0x10000828b,-571,True
func_V_0x100008298,589,False
func_V_0x10000829a,-620,False
func_V_0x10000829c,112,False
func_V_0x10000829e,420,False
func_V_0x1000082a0,67,True
func_V_0x1000082a2,-85,True
func_V_0x1000082a4,17,False
func_V_0x1000082f1,-172,False
func_V_0x1000082f3,287,True
func_V_0x1000082f5,-428,True
func_V_0x1000082f7,-143,False
func_V_0x1000082f9,-768,False
func_V_0x1000082fb,-96,True
func_V_0x10000856a,912,False
func_V_0x10000856f,1058,True
func_V_0x1000085c9,488,False
func_V_0x1000085d0,824,False
func_V_0x1000085d2,394,True
func_V_0x100008974,-11,True
func_V_0x1000089cc,978,False
func_V_0x100008a00,-297,False
func_V_0x100008a02,380,False
func_V_0x100008a07,566,False
func_V_0x100008aee,-313,False
func_V_0x100008b03,429,True
func_V_0x100008b0c,84,False
func_V_0x10000942b,1002,True
func_V_0x10000943a,-31,False
func_V_0x100009477,808,True
func_V_0x10000947f,30,True
func_V_0x100009608,-43,False
func_V_0x10000960a,-563,False
func_V_0x100009610,-185,False
func_V_0x100009619,121,False
func_V_0x100009636,-184,True
func_V_0x10000966e,452,True
func_V_0x100009670,-361,False
func_V_0x10000967c,277,False
func_V_0x1000096fb,640,False
func_V_0x100009717,-531,True
func_V_0x100009c3b,138,True
func_V_0x100009c43,10,False
func_V_0x100009c45,873,True
func_V_0x100009c49,-352,False
func_V_0x100009c4e,-537,True
func_V_0x100009c53,-19,True
func_V_0x10000a2ab,-647,False
func_V_0x10000a2b0,735,False
func_V_0x10000a33a,-118,True
func_V_0x10000a68c,368,True
func_V_0x10000aa71,-559,False
func_V_0x10000b6ef,-597,False
func_V_0x10000b70a,470,True
func_V_0x10000bb1b,294,False
func_V_0x10000bcd4,1140,True
func_V_0x10000c1fe,-57,True
func_V_0x10000c23a,-407,False
func_V_0x10000c322,-532,False
func_V_0x10000c454,-806,False
func_V_0x10000cd7c,727,False
func_V_0x10000cd7f,896,True
func_V_0x10000d094,454,True
func_V_0x10000d098,-614,True
func_V_0x10000d09e,42,False
func_V_0x10000d0a2,341,True
func_Ve_0x100003d27,542,False
func_Ve_0x100003d5a,173,False
func_Ve_0x100004155,-499,True
func_Ve_0x100004157,87,True
func_Ve_0x100004165,-116,False
func_Ve_0x100004167,1139,True
func_Ve_0x10000416d,203,True
func_Ve_0x100004173,327,False
func_Ve_0x100004175,776,False
func_Ve_0x100004177,-180,False
func_Ve_0x100004179,-170,False
func_Ve_0x10000417d,-574,True
func_Ve_0x100004187,148,False
func_Ve_0x100004189,-806,True
func_Ve_0x10000418b,411,False
func_Ve_0x10000418d,1122,True
func_Ve_0x10000418f,124,True
func_Ve_0x100004191,-208,True
func_Ve_0x100004199,-534,True
func_Ve_0x10000419b,834,True
func_Ve_0x1000041a5,848,True
func_Ve_0x1000041a7,-282,False
func_Ve_0x1000060a4,118,True
func_Ve_0x100006aa5,916,False
func_Ve_0x100006b5a,523,False
func_Ve_0x100006c2a,315,False
func_Ve_0x1000071df,-104,False
func_Ve_0x1000073ad,-463,False
func_Ve_0x1000073e5,-448,False
func_Ve_0x1000073f3,351,True
func_Ve_0x1000077b0,-368,True
func_Ve_0x1000077b4,618,False
func_Ve_0x1000077b6,762,False
func_Ve_0x1000077ba,-333,False
func_Ve_0x1000077bc,-489,False
func_Ve_0x1000077c0,-450,True
func_Ve_0x1000086e6,766,False
func_Ve_0x100009ad8,798,True
func_Ve_0x100009ffa,766,False
func_Ve_0x10000aa4e,199,False
func_Ve_0x10000b287,-786,False
func_Ve_0x10000b289,699,True
func_Ve_0x10000b28d,-797,True
func_Ve_0x10000c00d,-171,True
func_Ve_0x10000c02b,1118,True
func_Ve_0x10000c699,208,True
func_Ve_0x10000c69d,597,True
func_Ve_0x10000c6ad,994,False
func_Ve_0x10000d447,-457,True
func_Vr_0x1000051ce,635,True
func_Vt_0x100006f40,-288,False
func_Vt_0x10000b7b3,-94,True
func_Vt_0x10000b852,-447,True
func_Vt_0x10000c56a,942,False
func_Vt_0x10000c834,-284,False
func_Vt_0x10000c83c,-329,False
func_Vu_0x10000630f,143,False
func_Vu_0x100006311,-74,True
func_Vu_0x100006f3e,-61,True
func_Vu_0x100006f4f,27,False
func_Vu_0x100006f51,144,True
func_Vu_0x100006f70,150,False
func_Vu_0x100006f7e,-457,False
func_Vu_0x100007014,-477,False
func_Vu_0x10000c7c0,-157,False
func_W_0x1000001c4,-68,True
func_W_0x1000002a2,1050,True
func_W_0x1000002fa,226,True
func_W_0x100003a38,314,False
func_W_0x100003aa7,-295,False
func_W_0x100003b88,-555,True
func_W_0x100003cae,572,True
func_W_0x10000427a,-724,True
func_W_0x10000427e,749,True
func_W_0x100004282,-255,True
func_W_0x1000042e8,-386,False
func_W_0x1000043f0,73,True
func_W_0x10000440f,128,False
func_W_0x10000443e,-37,False
func_W_0x100004492,1000,True
func_W_0x1000044f8,-484,True
func_W_0x100004504,450,True
func_W_0x10000452f,-699,False
func_W_0x100004531,878,True
func_W_0x100004535,813,False
func_W_0x100004537,974,True
func_W_0x100004642,-822,False
func_W_0x1000048d8,-197,False
func_W_0x100004a58,-206,False
func_W_0x100004a5f,945,True
func_W_0x100004a61,-465,True
func_W_0x100004a6b,906,True
func_W_0x100004a7e,370,False
func_W_0x100004b27,969,True
func_W_0x100004b9a,602,True
func_W_0x100004c8d,468,False
func_W_0x1000053e4,238,True
func_W_0x1000054b1,722,False
func_W_0x1000054b3,1080,False
func_W_0x10000554a,635,False
func_W_0x1000055e9,-71,False
func_W_0x1000055fc,1010,True
func_W_0x100005a63,452,True
func_W_0x100005eee,126,True
func_W_0x100005f81,-737,False
func_W_0x100005f98,805,True
func_W_0x10000607a,596,False
func_W_0x1000062a8,1018,True
func_W_0x10000648d,1022,False
func_W_0x1000064a3,-35,False
func_W_0x10000681d,529,True
func_W_0x10000686a,-685,True
func_W_0x1000068ae,367,True
func_W_0x10000697f,-243,True
func_W_0x100006ae2,912,False
func_W_0x100007356,-470,True
func_W_0x100007681,-112,True
func_W_0x100007abb,233,False
func_W_0x100007c42,82,False
func_W_0x100008054,-555,False
func_W_0x10000806b,-122,False
func_W_0x10000806d,369,True
func_W_0x1000080b2,310,True
func_W_0x100008106,-654,False
func_W_0x1000083de,2,False
func_W_0x1000084cc,1026,True
func_W_0x100008598,538,False
func_W_0x10000859a,591,True
func_W_0x1000085eb,996,False
func_W_0x100008631,-290,False
func_W_0x1000089ad,-293,True
func_W_0x1000090cb,-742,False
func_W_0x1000091bc,-709,False
func_W_0x100009310,-614,False
func_W_0x100009314,-161,False
func_W_0x100009380,-812,True
func_W_0x1000093f8,-242,True
func_W_0x10000962d,-152,False
func_W_0x10000968e,-584,True
func_W_0x1000099fb,-559,True
func_W_0x100009bf7,924,False
func_W_0x100009bfb,855,False
func_W_0x100009bfd,-199,False
func_W_0x100009e35,335,False
func_W_0x10000a2cb,-221,True
func_W_0x10000a2cf,-198,True
func_W_0x10000a2d3,-28,True
func_W_0x10000a36a,-281,False
func_W_0x10000a481,-187,True
func_W_0x10000a485,-730,False
func_W_0x10000a492,760,False
func_W_0x10000a617,-587,False
func_W_0x10000a725,285,True
func_W_0x10000a8d9,-190,True
func_W_0x10000a94d,575,True
func_W_0x10000ab6c,-661,True
func_W_0x10000abaa,205,False
func_W_0x10000abf2,-72,True
func_W_0x10000ac55,-212,True
func_W_0x10000acc9,371,False
func_W_0x10000ae91,-292,False
func_W_0x10000ae93,63,True
func_W_0x10000af7b,1064,False
func_W_0x10000afe2,109,True
func_W_0x10000b1b8,-339,True
func_W_0x10000b29b,350,True
func_W_0x10000b929,-516,True
func_W_0x10000b936,180,False
func_W_0x10000b945,-31,True
func_W_0x10000bb0b,349,True
func_W_0x10000bfe7,1007,False
func_W_0x10000c48d,-335,False
func_W_0x10000c58b,1141,False
func_W_0x10000c653,-679,False
func_W_0x10000c852,1021,False
func_W_0x10000cd68,1099,True
func_W_0x10000d507,760,False
func_We_0x1000041e5,-119,False
func_We_0x1000041eb,-636,False
func_We_0x1000041ef,-331,False
func_We_0x1000041f1,458,True
func_We_0x100004203,476,True
func_We_0x10000420b,962,False
func_We_0x100004212,309,False
func_We_0x1000046ac,-109,False
func_We_0x1000046b0,-562,False
func_We_0x1000046b4,469,False
func_We_0x100004785,963,False
func_We_0x100004de2,-236,True
func_We_0x100005362,-740,True
func_We_0x1000056ea,696,False
func_We_0x10000571f,-564,False
func_We_0x100005721,966,True
func_We_0x100005734,-367,True
func_We_0x100005736,-218,False
func_We_0x100005740,-238,False
func_We_0x100005742,666,True
func_We_0x100005fbd,250,True
func_We_0x100005fd7,407,True
func_We_0x100005fdb,789,True
func_We_0x100005fdf,-73,True
func_We_0x100005fe1,538,True
func_We_0x100005fed,1078,False
func_We_0x100005ff1,161,True
func_We_0x100005ff5,269,False
func_We_0x100005ffc,-134,False
func_We_0x100006000,82,False
func_We_0x100006004,1032,False
func_We_0x100006377,102,False
func_We_0x1000063c0,276,True
func_We_0x10000641b,-667,False
func_We_0x100006448,42,True
func_We_0x10000644a,319,False
func_We_0x10000644c,1056,True
func_We_0x100006782,-302,False
func_We_0x100006c0c,-567,False
func_We_0x100006c0e,417,False
func_We_0x1000080ca,-69,True
func_We_0x100008165,579,False
func_We_0x100008655,-215,True
func_We_0x1000086d9,944,True
func_We_0x1000086f3,-242,False
func_We_0x1000086f7,518,False
func_We_0x1000086f9,-248,False
func_We_0x1000086fd,26,False
func_We_0x1000087e4,615,False
func_We_0x1000087f7,522,False
func_We_0x1000087f9,-533,False
func_We_0x1000087fb,-120,False
func_We_0x100008803,503,True
func_We_0x100008805,544,True
func_We_0x1000096e4,76,True
func_We_0x10000b546,959,False
func_We_0x10000b558,195,False
func_We_0x10000b562,-636,True
func_We_0x10000b56c,-65,False
func_We_0x10000b9dd,1057,False
func_We_0x10000b9fe,214,True
func_We_0x10000c45f,-805,True
func_We_0x10000c479,-793,True
func_We_0x10000c5f4,-142,True
func_We_0x10000cc2d,860,True
func_We_0x10000cc42,776,True
func_We_0x10000d29f,-143,True
func_Wi_0x100008df0,-717,True
func_Wi_0x100008df4,982,False
func_Wi_0x100008df7,757,True
func_Wi_0x100008f26,-462,True
func_Wi_0x100008f2a,632,False
func_Wi_0x100008f2e,1092,True
func_Wi_0x100008fb6,462,True
func_Wi_0x10000900f,-73,False
func_Wn_0x100003677,-683,False
func_Wn_0x10000367a,277,False
func_Wn_0x10000367c,-229,False
func_Wn_0x10000367e,266,True
func_Wn_0x100003682,-385,False
func_Wn_0x100003686,-546,False
func_Wn_0x100003688,-231,False
func_Wn_0x10000368c,477,False
func_Wn_0x10000368e,484,False
func_Wn_0x100003697,-556,True
func_Wn_0x100003699,-375,False
func_Wn_0x10000369f,1003,False
func_Wn_0x1000036b1,-647,False
func_Wn_0x1000036b7,-536,False
func_Wn_0x1000036bb,-758,True
func_Wn_0x1000036bf,499,True
func_Wn_0x1000036c1,587,False
func_Wn_0x10000379e,257,False
func_Wn_0x1000037a0,-331,True
func_Wn_0x1000037a8,243,True
func_Wn_0x1000037aa,-759,False
func_Wn_0x1000037ac,-142,False
func_Wn_0x1000037b8,290,True
func_Wn_0x1000037bc,-480,True
func_Wn_0x1000037c0,-552,False
func_Wn_0x1000037c4,853,False
func_Wn_0x1000037ce,-85,False
func_Wr_0x100008bd6,104,False
func_Wr_0x100008bd8,427,True
func_Wr_0x100008bdb,-211,False
func_Wr_0x100008be1,889,True
func_Wt_0x100003872,-115,False
func_Wt_0x100007160,461,True
func_Wt_0x100008724,743,False
func_Wt_0x10000a545,327,False
func_Wt_0x10000a55d,807,True
func_Wt_0x10000bf01,713,True
func_Wt_0x10000bf07,-395,False
func_Wt_0x10000bf18,163,True
func_Wt_0x10000bf2e,782,True
func_Wt_0x10000bf34,-722,False
func_Wt_0x10000bf3a,929,False
func_Wt_0x10000bf46,257,True
func_Wt_0x10000bf5c,-712,True
func_Wt_0x10000bf62,-253,False
func_Wt_0x10000bf68,707,False
func_Wt_0x10000bf6e,9,False
func_Wt_0x10000bf80,-792,False
func_Wt_0x10000bf93,497,False
func_Wt_0x10000bfa1,798,False
func_Wt_0x10000bfa7,-303,False
func_Wt_0x10000bfb3,284,True
func_Wt_0x10000cfa0,-100,False
func_Wu_0x100007086,-716,False
func_Wu_0x10000a498,243,True
func_Wu_0x10000a49e,574,True
func_Wu_0x10000a4a0,-241,True
func_Wu_0x10000a4a8,98,True
func_Wu_0x10000a4ae,53,False
func_Wu_0x10000a4b4,496,False
func_Wu_0x10000a4ba,661,False
func_Wu_0x10000a4c0,-312,False
func_Wu_0x10000a4c4,926,False
func_Wu_0x10000a4c6,600,True
func_Wu_0x10000a4c8,874,True
func_Wu_0x10000a4d0,895,False
func_Wu_0x10000a4d2,1060,True
func_Wu_0x10000a4d8,738,False
func_Wu_0x10000a4dc,1056,True
func_Wu_0x10000a4e2,137,False
func_Wu_0x10000a4e4,-512,True
func_Wu_0x10000a4e8,78,False
func_Wu_0x10000a4ea,349,False
func_Wu_0x10000a4f2,519,True
func_Wu_0x10000a4f8,828,False
func_Wu_0x10000a4fe,329,True
func_Wu_0x10000a500,-272,True
func_Wu_0x10000a502,-681,True
func_Wu_0x10000a50e,536,False
func_Wu_0x10000a514,1051,False
func_Wu_0x10000a51e,72,False
func_Wu_0x10000a52a,792,True
func_Wu_0x10000a52e,1010,False
func_Wu_0x10000a532,963,False
func_Wu_0x10000c7a9,206,False
func_Wu_0x10000c7ad,-30,False
func_Wu_0x10000c7e0,622,False
func_Wu_0x10000c7e2,718,False
func_Wu_0x10000c7e4,387,False
func_Wu_0x10000c80a,-312,True
func_Wu_0x10000c810,476,True
func_X_0x100004059,546,False
func_X_0x10000405d,12,False
func_X_0x100004060,644,True
func_X_0x100004075,-215,False
func_X_0x100004077,76,False
func_X_0x100004083,-499,False
func_X_0x100004087,1124,True
func_X_0x100004089,-309,False
func_X_0x10000408b,-810,True
func_X_0x10000408d,464,False
func_X_0x10000408f,-466,True
func_X_0x100004095,1157,False
func_X_0x100004097,-307,False
func_X_0x10000409b,-728,True
func_X_0x100004133,597,False
func_X_0x1000043cf,219,True
func_X_0x1000043d3,986,False
func_X_0x1000043d7,-694,False
func_X_0x1000043df,637,True
func_X_0x10000442f,704,True
func_X_0x100004431,748,False
func_X_0x1000048c6,478,True
func_X_0x1000049dc,-787,False
func_X_0x1000049fe,844,False
func_X_0x100004bba,-346,True
func_X_0x100004c5b,729,True
func_X_0x100005370,-229,True
func_X_0x100006074,669,True
func_X_0x100006173,150,False
func_X_0x100006501,-806,True
func_X_0x10000651a,-355,False
func_X_0x1000069ba,318,False
func_X_0x100007250,1129,False
func_X_0x1000074b0,-90,False
func_X_0x1000074b8,-713,False
func_X_0x10000765b,518,True
func_X_0x1000076bd,-613,False
func_X_0x100007701,-331,True
func_X_0x100007b80,-567,False
func_X_0x100007b82,85,False
func_X_0x100007c88,-373,False
func_X_0x100007f84,527,True
func_X_0x1000083a3,301,False
func_X_0x1000083bf,-455,True
func_X_0x10000899a,-405,False
func_X_0x10000899d,1157,True
func_X_0x1000089a5,367,True
func_X_0x1000089bb,328,True
func_X_0x1000089cf,334,True
func_X_0x1000089d1,-570,True
func_X_0x1000089d3,940,True
func_X_0x1000089d5,705,True
func_X_0x1000089d7,307,True
func_X_0x10000963e,270,True
func_X_0x10000969c,823,False
func_X_0x10000969e,528,True
func_X_0x1000096d1,400,False
func_X_0x1000096f3,399,False
func_X_0x10000971f,-119,True
func_X_0x100009c3c,-217,True
func_X_0x10000a29f,-642,False
func_X_0x10000a3ee,4,True
func_X_0x10000a8ab,580,True
func_X_0x10000a8b9,633,True
func_X_0x10000ac00,-165,False
func_X_0x10000ac15,-827,True
func_X_0x10000b362,-539,True
func_X_0x10000baad,588,False
func_X_0x10000baff,899,True
func_X_0x10000bfc9,700,False
func_X_0x10000bfd3,-135,True
func_X_0x10000bfd5,105,True
func_X_0x10000c096,1044,False
func_X_0x10000c0b9,799,True
func_X_0x10000c0bf,-73,True
func_X_0x10000cc5c,339,True
func_X_0x10000cc66,767,False
func_X_0x10000cc68,552,True
func_X_0x10000cc6a,287,False
func_X_0x10000d1fa,570,False
func_X_0x10000d34a,154,True
func_X_0x10000d386,1095,False
func_X_0x10000d38e,-708,True
func_X_0x10000d390,-491,False
func_Xe_0x100003ef3,-725,True
func_Xe_0x100003ef7,-195,True
func_Xe_0x100003f01,544,False
func_Xe_0x100003f16,805,True
func_Xe_0x100005660,-673,False
func_Xe_0x10000566e,162,True
func_Xe_0x100005675,1099,False
func_Xe_0x100005679,-397,False
func_Xe_0x10000567d,-575,False
func_Xe_0x10000567f,-507,True
func_Xe_0x1000065c9,1035,True
func_Xe_0x100006695,689,True
func_Xe_0x1000066dc,718,False
func_Xe_0x1000066de,829,True
func_Xe_0x10000674c,727,False
func_Xe_0x10000674e,-742,False
func_Xe_0x100006d07,-64,True
func_Xe_0x100006d09,-348,False
func_Xe_0x100006d0b,-509,False
func_Xe_0x100006d0f,1122,False
func_Xe_0x100006d13,-688,False
func_Xe_0x100006d15,1042,True
func_Xe_0x100006d17,-246,False
func_Xe_0x100006d27,-114,True
func_Xe_0x100006d29,888,False
func_Xe_0x100006d2f,573,True
func_Xe_0x100007382,166,True
func_Xe_0x1000073ee,790,True
func_Xe_0x100009576,549,True
func_Xe_0x1000095a8,39,False
func_Xe_0x1000095aa,-500,True
func_Xe_0x1000095ae,27,True
func_Xe_0x1000095be,-25,False
func_Xe_0x1000099ac,-307,True
func_Xe_0x1000099ae,732,True
func_Xe_0x10000a000,1156,True
func_Xe_0x10000a002,990,True
func_Xe_0x10000a006,501,False
func_Xe_0x10000ad9c,-729,True
func_Xe_0x10000ad9e,-37,True
func_Xe_0x10000ada0,722,True
func_Xe_0x10000adad,-726,True
func_Xe_0x10000adaf,-669,True
func_Xe_0x10000c8a0,582,False
func_Xe_0x10000cb0b,287,False
func_Xe_0x10000cb4d,493,True
func_Xe_0x10000cb54,-118,True
func_Xe_0x10000ccad,-833,True
func_Xe_0x10000ccaf,176,True
func_Xe_0x10000ccb1,848,False
func_Xe_0x10000ccb3,-726,False
func_Xe_0x10000ccb5,-634,True
func_Xe_0x10000ccb7,-534,True
func_Xe_0x10000ccb9,-100,False
func_Xe_0x10000ccc1,383,False
func_Xe_0x10000cce4,-506,True
func_Xe_0x10000cce8,823,True
func_Xe_0x10000cceb,25,True
func_Xe_0x10000ccf7,-161,True
func_Xe_0x10000ccfd,650,False
func_Xe_0x10000cd05,92,False
func_Xe_0x10000cd0d,-177,True
func_Xe_0x10000cd15,1085,False
func_Xe_0x10000d105,-283,True
func_Xe_0x10000d498,-66,True
func_Xe_0x10000d49c,834,False
func_Xo_0x10000bc8f,470,True
func_Xr_0x1000038f2,10,False
func_Xr_0x1000038fa,39,False
func_Xr_0x1000038fc,881,False
func_Xr_0x100003908,533,False
func_Xr_0x10000390c,-687,False
func_Xr_0x10000390e,-190,False
func_Xr_0x100003914,495,False
func_Xr_0x100003916,156,True
func_Xr_0x10000391e,814,False
func_Xr_0x100003920,-25,False
func_Xr_0x100003922,465,True
func_Xr_0x100003933,587,True
func_Xr_0x100008b1e,969,True
func_Xr_0x100008b44,-289,False
func_Xr_0x100008b49,34,True
func_Xt_0x1000081fb,74,True
func_Xt_0x100008c06,-713,True
func_Xt_0x100009552,1122,True
func_Xt_0x100009ba2,807,False
func_Xt_0x10000b3d3,454,False
func_Xt_0x10000b3ed,-658,True
func_Xt_0x10000b3ff,978,True
func_Xt_0x10000cdfe,-595,True
func_Xu_0x10000a0e0,-587,False
func_Ye_0x100003f07,-192,True
func_Ye_0x100003f09,289,False
func_Ye_0x100005664,285,False
func_Ye_0x10000566c,-428,True
func_Ye_0x100005673,-685,True
func_Ye_0x100005677,437,False
func_Ye_0x10000567b,750,True
func_Ye_0x10000655b,1105,True
func_Ye_0x10000655d,273,True
func_Ye_0x1000065e9,302,False
func_Ye_0x1000065eb,-413,False
func_Ye_0x100006607,736,False
func_Ye_0x1000066ea,274,False
func_Ye_0x100006d05,352,True
func_Ye_0x100007fca,-427,False
func_Ye_0x100007fcc,-351,True
func_Ye_0x100009569,684,True
func_Ye_0x10000956f,559,False
func_Ye_0x100009580,-443,False
func_Ye_0x100009586,-719,False
func_Ye_0x10000958e,633,True
func_Ye_0x100009590,-76,False
func_Ye_0x1000095a2,1035,True
func_Ye_0x1000095a6,899,True
func_Ye_0x1000095ac,-490,True
func_Ye_0x1000095b0,-212,False
func_Ye_0x1000095b2,-291,False
func_Ye_0x1000095b4,-521,True
func_Ye_0x1000095b6,-768,True
func_Ye_0x1000095b8,-42,False
func_Ye_0x1000095ba,-749,False
func_Ye_0x1000095c0,478,False
func_Ye_0x1000095c4,-679,True
func_Ye_0x100009ffe,-105,False
func_Ye_0x10000ad94,31,True
func_Ye_0x10000ad96,-146,True
func_Ye_0x10000ad98,-695,True
func_Ye_0x10000ad9a,-481,True
func_Ye_0x10000ada7,212,False
func_Ye_0x10000c87e,1141,True
func_Ye_0x10000c880,609,True
func_Ye_0x10000c882,-736,True
func_Ye_0x10000c88a,-839,True
func_Ye_0x10000c88c,668,True
func_Ye_0x10000c890,242,True
func_Ye_0x10000c892,-283,False
func_Ye_0x10000c894,275,True
func_Ye_0x10000cc04,445,False
func_Ye_0x10000ccbb,-790,False
func_Ye_0x10000ccbd,769,True
func_Ye_0x10000ccbf,530,False
func_Ye_0x10000ccc3,-725,True
func_Ye_0x10000ccc5,134,False
func_Ye_0x10000ccc7,-480,True
func_Ye_0x10000ccd4,1008,False
func_Ye_0x10000d0f9,-166,True
func_Ye_0x10000d107,1048,False
func_Ye_0x10000d109,-783,False
func_Yn_0x10000080a,-90,True
func_Yn_0x1000077df,-61,True
func_Yn_0x10000b88c,-749,False
func_Yn_0x10000b89f,-369,False
func_Yn_0x10000b8a3,-320,False
func_Yn_0x10000b8a5,-566,False
func_Yr_0x1000057d1,916,True
func_Yr_0x1000057e9,-589,False
func_Yr_0x100005bf3,-743,False
func_Yr_0x100005bf5,43,False
func_Yr_0x100005dab,169,True
func_Yr_0x100005dad,-547,True
func_Yr_0x100005daf,642,False
func_Yr_0x100005db1,-50,False
func_Yr_0x100005df2,723,True
func_Yr_0x100005e08,-62,False
func_Yt_0x100004cb0,-719,True
func_Yt_0x100004d12,-169,False
func_Yt_0x100005646,390,True
func_Yt_0x100006550,-204,False
func_Yt_0x100006552,37,True
func_Yt_0x100006556,1117,True
func_Yt_0x10000656a,-274,False
func_Yt_0x100006575,424,False
func_Yt_0x1000065ff,681,False
func_Yt_0x1000066e0,1078,True
func_Yt_0x100006d1b,585,False
func_Yt_0x100006d1d,401,True
func_Yt_0x100009b60,-703,False
func_Yt_0x100009b62,180,False
func_Yt_0x100009b70,932,False
func_Yt_0x100009bbe,-344,False
func_Yt_0x100009bd3,536,False
func_Yt_0x100009bd8,-529,True
func_Yt_0x100009bda,644,False
func_Yt_0x100009bdc,-343,False
func_Yt_0x100009bdf,859,False
func_Yt_0x10000cae6,-517,False
func_Yt_0x10000cc19,-41,True
func_Yu_0x10000c7cd,741,True
func_Yu_0x10000c81e,881,False
func_Yu_0x10000c822,937,True
func_Z0_0x100008f30,832,True
func_Z_0x100004139,-468,False
func_Z_0x10000413f,-321,True
func_Z_0x100004359,870,True
func_Z_0x10000435e,-653,True
func_Z_0x100004429,1102,False
func_Z_0x10000442b,-579,True
func_Z_0x100004830,113,False
func_Z_0x10000483a,-657,True
func_Z_0x10000489d,801,True
func_Z_0x1000048d1,826,True
func_Z_0x1000049f8,277,False
func_Z_0x1000049fc,953,False
func_Z_0x100004a38,-464,False
func_Z_0x100004bab,298,True
func_Z_0x100004baf,73,True
func_Z_0x100004c62,235,True
func_Z_0x100004c64,405,True
func_Z_0x100004d17,163,False
func_Z_0x100004d19,156,False
func_Z_0x100004d1b,340,False
func_Z_0x100005372,-574,True
func_Z_0x10000544f,-338,True
func_Z_0x10000602e,-141,True
func_Z_0x100006030,364,False
func_Z_0x100006032,1085,True
func_Z_0x100006035,397,True
func_Z_0x100006039,367,True
func_Z_0x100006177,-718,True
func_Z_0x10000650c,716,False
func_Z_0x10000650e,-479,False
func_Z_0x100006516,-633,True
func_Z_0x1000067d8,333,True
func_Z_0x100006ae8,-127,True
func_Z_0x100006aec,534,True
func_Z_0x100006e46,459,True
func_Z_0x100006e4c,-492,False
func_Z_0x1000071a2,610,False
func_Z_0x1000071a6,941,False
func_Z_0x1000071a8,1132,False
func_Z_0x1000074b6,-231,True
func_Z_0x1000076a7,-825,True
func_Z_0x1000076f7,-647,True
func_Z_0x1000076f9,744,True
func_Z_0x100007710,839,False
func_Z_0x100007b01,828,True
func_Z_0x100007f6f,-549,True
func_Z_0x100007f79,-826,False
func_Z_0x100007f82,65,False
func_Z_0x100007f86,-601,False
func_Z_0x1000082ac,-56,True
func_Z_0x1000082b6,-228,True
func_Z_0x1000082ba,285,False
func_Z_0x1000082c3,42,True
func_Z_0x1000083a5,-61,True
func_Z_0x1000089a1,1048,True
func_Z_0x1000089a3,504,True
func_Z_0x100009383,378,False
func_Z_0x1000096e9,472,True
func_Z_0x100009715,948,True
func_Z_0x10000a27f,1128,True
func_Z_0x10000a284,292,True
func_Z_0x10000a388,464,True
func_Z_0x10000a865,94,False
func_Z_0x10000a867,-310,True
func_Z_0x10000a8a1,77,True
func_Z_0x10000a8b1,974,False
func_Z_0x10000a8b5,902,False
func_Z_0x10000a8bd,869,True
func_Z_0x10000a8bf,290,True
func_Z_0x10000a8c3,939,True
func_Z_0x10000ac07,792,True
func_Z_0x10000ac17,986,True
func_Z_0x10000ac25,-244,False
func_Z_0x10000b343,354,True
func_Z_0x10000b345,477,False
func_Z_0x10000b34d,-644,True
func_Z_0x10000b51c,954,False
func_Z_0x10000b51e,208,False
func_Z_0x10000b687,163,True
func_Z_0x10000b689,1065,True
func_Z_0x10000b693,-518,False
func_Z_0x10000b69b,-44,False
func_Z_0x10000b69f,77,True
func_Z_0x10000b6dd,3,True
func_Z_0x10000b733,1082,True
func_Z_0x10000b8e4,920,False
func_Z_0x10000b968,48,True
func_Z_0x10000b96a,1000,False
func_Z_0x10000b96e,1130,False
func_Z_0x10000b970,-403,False
func_Z_0x10000b972,562,True
func_Z_0x10000b982,826,True
func_Z_0x10000c08c,64,False
func_Z_0x10000c245,613,False
func_Z_0x10000c2fd,-147,False
func_Z_0x10000c301,-453,True
func_Z_0x10000c303,794,True
func_Z_0x10000c421,820,False
func_Z_0x10000d18a,-143,True
func_Z_0x10000d1db,-394,True
func_Z_0x10000d34c,363,False
func_Z_0x10000d374,541,True
func_Z_0x10000d38c,806,True
func_Ze_0x100003eef,853,True
func_Ze_0x100003ef5,966,True
func_Ze_0x100003ef9,-86,False
func_Ze_0x100003f05,975,True
func_Ze_0x100003f0c,479,False
func_Ze_0x100003f10,788,True
func_Ze_0x100003f18,399,True
func_Ze_0x100003f1a,134,True
func_Ze_0x100003f1e,-438,True
func_Ze_0x100003f22,-520,True
func_Ze_0x100004c26,405,False
func_Ze_0x10000561a,-599,True
func_Ze_0x10000562c,763,True
func_Ze_0x100005671,823,True
func_Ze_0x100005684,-704,False
func_Ze_0x1000065e0,1035,True
func_Ze_0x1000065f0,-413,False
func_Ze_0x1000065fe,985,False
func_Ze_0x100006d0d,461,True
func_Ze_0x100006d11,1055,True
func_Ze_0x100006d19,1105,True
func_Ze_0x100006d1f,282,False
func_Ze_0x100006d21,-723,True
func_Ze_0x100006d23,-277,True
func_Ze_0x100006d25,841,False
func_Ze_0x100006d2b,-557,True
func_Ze_0x100006d2d,-263,False
func_Ze_0x100007fe1,174,False
func_Ze_0x100007fe4,442,False
func_Ze_0x1000099b0,493,False
func_Ze_0x1000099ba,740,False
func_Ze_0x1000099cf,628,True
func_Ze_0x10000adab,-200,False
func_Ze_0x10000adb6,1086,False
func_Ze_0x10000af07,545,False
func_Ze_0x10000af11,637,False
func_Ze_0x10000cb28,240,False
func_Ze_0x10000cb4c,-765,False
func_Ze_0x10000cccc,-176,True
func_Ze_0x10000ccce,756,False
func_Ze_0x10000ccd0,322,False
func_Ze_0x10000ccd2,621,True
func_Ze_0x10000ccda,-255,True
func_Ze_0x10000cce2,707,True
func_Ze_0x10000cced,-288,True
func_Ze_0x10000ccef,467,False
func_Ze_0x10000ccf2,748,False
func_Ze_0x10000ccfa,757,True
func_Ze_0x10000cd0a,1072,False
func_Ze_0x10000cd10,-108,True
func_Ze_0x10000cd17,654,True
func_Ze_0x10000d10b,1150,False
func_Zi_0x1000057d5,-787,True
func_Zi_0x100005e63,1028,False
func_Zr_0x1000075cb,825,True
func_Zr_0x1000075cd,-85,False
func_Zr_0x10000bc32,-807,False
func_Zr_0x10000bc52,951,True
func_Zr_0x10000bc54,567,True
func_Zr_0x10000bc56,-229,True
func_Zr_0x10000bc58,131,False
func_Zr_0x10000bc64,-738,True
func_Zr_0x10000d04c,349,True
func_Zr_0x10000d050,345,True
func_Zt_0x100005ae4,-543,True
func_Zu_0x100003884,-753,True
func_Zu_0x100003888,762,True
func_Zu_0x1000038c5,299,False
func_Zu_0x1000038c7,-157,False
func_Zu_0x10000bb8c,1159,True
func_Zu_0x10000bb95,490,False
func_a0_0x10000393b,124,False
func_a0_0x100008b31,689,True
func_a_0x1000000a7,1005,True
func_a_0x100000153,132,False
func_a_0x100000195,440,True
func_a_0x100000206,326,False
func_a_0x10000023d,-427,True
func_a_0x10000024b,947,True
func_a_0x1000002c4,807,True
func_a_0x100000330,900,False
func_a_0x100000360,-494,True
func_a_0x10000038b,892,False
func_a_0x100000417,-147,False
func_a_0x100000446,-718,False
func_a_0x100000468,871,False
func_a_0x10000046d,-175,True
func_a_0x100000477,362,True
func_a_0x10000047b,-112,True
func_a_0x100000545,1092,True
func_a_0x10000055b,84,False
func_a_0x10000058a,-60,True
func_a_0x1000005ae,924,False
func_a_0x100000880,707,False
func_a_0x10000092a,87,False
func_a_0x100000939,-777,True
func_a_0x10000093d,1056,True
func_a_0x100000960,223,True
func_a_0x1000035c5,287,True
func_a_0x100003b1d,628,False
func_a_0x100003c42,-448,False
func_a_0x100003c4f,-247,False
func_a_0x100003c63,599,True
func_a_0x100003c75,-356,True
func_a_0x100003c83,-653,False
func_a_0x100003c88,785,False
func_a_0x100003c8c,402,True
func_a_0x100003c9c,-353,False
func_a_0x100003ca0,771,True
func_a_0x100003cb1,600,False
func_a_0x100003f9c,1155,True
func_a_0x1000040bd,-97,True
func_a_0x1000040ed,629,True
func_a_0x1000040f2,-804,False
func_a_0x10000423e,983,False
func_a_0x100004350,683,True
func_a_0x10000438a,-734,False
func_a_0x100004393,-743,True
func_a_0x1000043f4,7,True
func_a_0x10000450d,-685,False
func_a_0x1000045ff,120,False
func_a_0x100004618,577,True
func_a_0x10000464d,1107,True
func_a_0x10000467e,461,False
func_a_0x100004a70,-814,True
func_a_0x100004b6b,-420,True
func_a_0x100004b7b,-304,False
func_a_0x100005474,543,True
func_a_0x100005492,-833,True
func_a_0x100005559,36,True
func_a_0x10000556d,-176,False
func_a_0x100005595,-299,False
func_a_0x10000559d,-766,True
func_a_0x100005ac4,323,False
func_a_0x100005ebd,-489,True
func_a_0x1000061dc,253,False
func_a_0x1000063eb,-105,False
func_a_0x1000064ce,1067,False
func_a_0x10000652c,927,True
func_a_0x100006542,-472,False
func_a_0x1000069fb,136,True
func_a_0x100006c68,-233,True
func_a_0x10000767e,20,True
func_a_0x100007abe,472,True
func_a_0x100007ac7,-777,True
func_a_0x100007c24,5,False
func_a_0x100007c60,1026,False
func_a_0x100007c76,1155,True
func_a_0x100007fb5,0,True
func_a_0x10000802c,576,True
func_a_0x10000804a,-86,False
func_a_0x100008096,711,True
func_a_0x1000085f2,-705,False
func_a_0x100008709,1070,False
func_a_0x10000890a,752,False
func_a_0x10000891d,-54,False
func_a_0x100008a2e,7,False
func_a_0x100008c4f,52,True
func_a_0x100008cca,-486,False
func_a_0x100008cfb,-593,True
func_a_0x1000090a4,16,False
func_a_0x1000091a4,375,True
func_a_0x1000091bb,279,False
func_a_0x100009286,279,True
func_a_0x100009292,-362,False
func_a_0x100009294,966,True
func_a_0x10000944f,1100,False
func_a_0x1000094a0,659,False
func_a_0x1000098ce,-67,True
func_a_0x100009957,9,True
func_a_0x100009d0c,1083,False
func_a_0x100009e03,-359,False
func_a_0x100009e5e,-734,False
func_a_0x100009e63,-214,False
func_a_0x100009e74,495,False
func_a_0x100009e82,130,True
func_a_0x100009ec9,33,False
func_a_0x10000a427,-632,True
func_a_0x10000a7f1,1085,True
func_a_0x10000aba9,-539,True
func_a_0x10000ac84,888,False
func_a_0x10000acc0,14,True
func_a_0x10000acee,-706,False
func_a_0x10000acfd,88,True
func_a_0x10000ad60,-272,True
func_a_0x10000ad6f,133,False
func_a_0x10000af3a,586,True
func_a_0x10000af80,508,False
func_a_0x10000b002,-583,True
func_a_0x10000b00b,242,False
func_a_0x10000b01d,404,False
func_a_0x10000b02a,665,True
func_a_0x10000b033,250,False
func_a_0x10000b0b3,457,False
func_a_0x10000b127,1063,True
func_a_0x10000b145,90,False
func_a_0x10000b158,122,True
func_a_0x10000b16e,248,False
func_a_0x10000b1e8,-533,False
func_a_0x10000b204,238,True
func_a_0x10000b20e,362,True
func_a_0x10000b217,201,True
func_a_0x10000b234,-44,True
func_a_0x10000b4ae,47,False
func_a_0x10000b4c1,518,True
func_a_0x10000b4c4,218,False
func_a_0x10000ba36,5,True
func_a_0x10000ba8c,-527,False
func_a_0x10000bb10,185,True
func_a_0x10000bcc3,111,True
func_a_0x10000bd26,981,False
func_a_0x10000bd33,-92,False
func_a_0x10000bd4d,-811,True
func_a_0x10000bd92,56,True
func_a_0x10000bda8,744,False
func_a_0x10000bdaf,-365,True
func_a_0x10000c619,-210,False
func_a_0x10000c6d9,-86,True
func_a_0x10000c70e,124,True
func_a_0x10000c8d8,-584,False
func_a_0x10000ca78,177,False
func_a_0x10000d17e,1028,True
func_a_0x10000d51e,1083,False
func_a_0x10000d534,-833,False
func_a_0x10000d555,-719,True
func_a_0x10000d560,1110,True
func_ae_0x10000414c,786,False
func_ae_0x1000046a1,1068,False
func_ae_0x1000046a3,567,True
func_ae_0x100004796,1025,True
func_ae_0x1000047a0,666,True
func_ae_0x100004a3b,-133,True
func_ae_0x1000056f4,769,True
func_ae_0x100005775,836,True
func_ae_0x100005fbc,402,False
func_ae_0x1000060bf,330,True
func_ae_0x1000061aa,563,False
func_ae_0x1000062d2,1134,True
func_ae_0x1000063b8,-734,False
func_ae_0x1000063bc,406,False
func_ae_0x1000063be,1065,False
func_ae_0x10000640e,-75,False
func_ae_0x100006415,-88,True
func_ae_0x100006417,252,True
func_ae_0x10000641f,-326,True
func_ae_0x100006421,655,False
func_ae_0x100006778,1137,False
func_ae_0x10000677a,838,True
func_ae_0x100006bfe,161,True
func_ae_0x100006c03,978,True
func_ae_0x100006cb5,1118,False
func_ae_0x100006cdd,-115,True
func_ae_0x100007a54,994,False
func_ae_0x1000086dd,439,True
func_ae_0x1000086df,195,True
func_ae_0x1000086e1,42,True
func_ae_0x1000096da,235,False
func_ae_0x1000096de,1005,False
func_ae_0x100009b0a,-131,True
func_ae_0x100009f4e,-379,False
func_ae_0x10000a6cf,260,False
func_ae_0x10000a6d3,784,False
func_ae_0x10000a6d7,-825,True
func_ae_0x10000a6f5,-717,False
func_ae_0x10000a6fc,590,True
func_ae_0x10000a704,977,False
func_ae_0x10000a714,897,True
func_ae_0x10000a9b6,1153,True
func_ae_0x10000a9b8,444,False
func_ae_0x10000a9f2,850,False
func_ae_0x10000a9f8,1002,True
func_ae_0x10000aa04,548,False
func_ae_0x10000aa08,-149,True
func_ae_0x10000aa14,-105,True
func_ae_0x10000aa1a,-258,False
func_ae_0x10000ae86,903,True
func_ae_0x10000c2a4,722,True
func_ae_0x10000c688,524,True
func_ae_0x10000cc2b,644,False
func_ae_0x10000cc2f,109,True
func_ae_0x10000cea1,-9,False
func_ae_0x10000cea9,-77,True
func_ae_0x10000d4b3,166,True
func_ai_0x100008d0d,288,False
func_ai_0x100008ded,338,False
func_ai_0x100008f25,-435,True
func_ai_0x100008f42,90,False
func_ai_0x100008f47,-544,False
func_ai_0x100008f52,-803,True
func_an_0x100008735,-47,True
func_an_0x10000bf0b,-719,True
func_an_0x10000bf12,-173,False
func_an_0x10000bf16,57,False
func_an_0x10000bf1e,641,True
func_an_0x10000bf26,166,False
func_an_0x10000bf3e,389,True
func_an_0x10000bf40,42,False
func_an_0x10000bf4c,889,True
func_an_0x10000bf50,164,False
func_an_0x10000bf55,804,True
func_an_0x10000bf72,-254,True
func_an_0x10000bf74,338,False
func_an_0x10000bf86,-485,False
func_an_0x10000bf8c,315,False
func_an_0x10000bf99,419,False
func_an_0x10000bf9f,-58,True
func_an_0x10000bfa5,993,True
func_an_0x10000bfad,-469,True
func_an_0x10000bfb1,852,False
func_an_0x10000cf9c,-644,True
func_an_0x10000cfa4,-105,False
func_an_0x10000cfb4,-219,True
func_an_0x10000cfb6,963,False
func_an_0x10000cfbc,-746,True
func_ar_0x10000873f,1156,False
func_ar_0x10000cf9b,91,False
func_at_0x100003e86,-80,True
func_at_0x100003e88,430,False
func_at_0x100003e8a,910,False
func_at_0x100003e8e,934,False
func_at_0x100003e94,687,True
func_at_0x100003e96,329,False
func_at_0x100003e98,-708,True
func_at_0x100003e9a,263,False
func_at_0x100003e9c,1018,True
func_at_0x100003e9e,418,False
func_at_0x100003ea0,1104,True
func_at_0x100003eae,-588,True
func_at_0x100003eb0,-527,False
func_at_0x100003eb2,879,False
func_at_0x100003ebc,358,True
func_at_0x100003ec2,140,False
func_at_0x100003ec4,995,False
func_at_0x100003ec6,578,False
func_at_0x100003ec8,1111,True
func_at_0x100003eca,505,False
func_at_0x100003ecc,447,False
func_at_0x100003ece,643,True
func_at_0x100003ed2,-279,False
func_at_0x100003ed4,-306,True
func_at_0x100003eda,927,False
func_at_0x100003edc,665,True
func_at_0x100004cab,520,False
func_at_0x100004ce7,-331,False
func_at_0x100005648,664,True
func_at_0x10000657a,-650,True
func_at_0x1000065f5,1004,False
func_at_0x1000066c9,449,False
func_at_0x100007994,-132,True
func_at_0x10000799a,-626,True
func_at_0x10000799e,-797,True
func_at_0x1000079fa,-525,False
func_at_0x1000079fc,284,True
func_at_0x1000079fe,212,False
func_at_0x100007a02,-811,False
func_at_0x100007a05,386,True
func_at_0x100007a07,447,True
func_at_0x100007a33,451,True
func_at_0x100007a42,-677,True
func_at_0x100007a44,-12,False
func_at_0x1000081d8,-550,True
func_at_0x1000081eb,-698,False
func_at_0x10000822a,-737,False
func_at_0x10000822e,206,False
func_at_0x10000824b,-472,True
func_at_0x10000879d,-798,False
func_at_0x1000097a6,-789,False
func_at_0x1000097aa,606,False
func_at_0x1000097b2,-630,False
func_at_0x1000097be,-682,False
func_at_0x1000097c2,-601,False
func_at_0x1000097c4,361,True
func_at_0x1000097d0,-250,True
func_at_0x1000097d2,651,True
func_at_0x1000097d4,-66,False
func_at_0x1000097de,-396,True
func_at_0x1000097e6,76,True
func_at_0x1000097ed,-441,False
func_at_0x1000097ef,-643,False
func_at_0x1000097f7,-649,True
func_at_0x100009b5b,820,True
func_at_0x100009b86,-629,False
func_at_0x10000bddf,-748,False
func_at_0x10000bde8,1001,False
func_at_0x10000bdea,-424,True
func_at_0x10000bdf0,598,False
func_at_0x10000bdf2,-50,True
func_at_0x10000bdfa,736,True
func_at_0x10000be06,830,False
func_at_0x10000be08,873,True
func_at_0x10000be0a,-308,False
func_at_0x10000be0e,494,False
func_at_0x10000be10,669,False
func_at_0x10000be12,-677,True
func_at_0x10000be18,-744,True
func_at_0x10000be1a,-684,True
func_at_0x10000be24,-730,True
func_at_0x10000be26,73,True
func_at_0x10000be28,289,False
func_at_0x10000be2e,-139,True
func_at_0x10000be32,19,False
func_at_0x10000be36,18,False
func_at_0x10000cb58,944,False
func_at_0x10000cc1a,-429,True
func_at_0x10000cc1e,87,True
func_b_0x100000112,678,True
func_b_0x100000144,-526,False
func_b_0x10000020e,828,True
func_b_0x10000027c,895,False
func_b_0x1000002a9,-711,False
func_b_0x1000005da,1123,True
func_b_0x100003fae,1127,True
func_b_0x100004316,-544,True
func_b_0x100004507,-329,True
func_b_0x1000049bc,455,True
func_b_0x1000049be,-196,False
func_b_0x100004ad7,344,True
func_b_0x100004afc,512,False
func_b_0x100004b02,510,False
func_b_0x100004c76,882,True
func_b_0x100005534,828,True
func_b_0x1000055d2,62,True
func_b_0x1000055d6,238,True
func_b_0x100005a93,-440,False
func_b_0x100005a96,-612,False
func_b_0x100005ecf,398,False
func_b_0x1000068b5,654,True
func_b_0x1000068c5,475,False
func_b_0x1000068e6,-59,False
func_b_0x1000068ec,1111,True
func_b_0x100006903,540,True
func_b_0x100006967,-635,False
func_b_0x10000696b,100,True
func_b_0x10000696d,712,True
func_b_0x100006ecd,27,True
func_b_0x100006ed9,137,False
func_b_0x100007238,494,True
func_b_0x10000775f,-194,False
func_b_0x100007b9d,824,False
func_b_0x100007baa,325,True
func_b_0x100007bfb,-295,True
func_b_0x100007c66,936,False
func_b_0x100007e58,943,True
func_b_0x1000080a7,-602,True
func_b_0x100008119,648,False
func_b_0x1000081b9,-801,False
func_b_0x10000848a,971,False
func_b_0x10000848c,-589,True
func_b_0x1000084c2,993,True
func_b_0x1000084d9,-76,False
func_b_0x100008627,605,False
func_b_0x100008961,892,True
func_b_0x100008c68,31,True
func_b_0x1000090de,638,True
func_b_0x10000913a,679,True
func_b_0x10000934e,-4,False
func_b_0x100009352,-690,True
func_b_0x100009361,-686,True
func_b_0x10000945d,336,False
func_b_0x1000094bc,-86,True
func_b_0x100009831,-397,False
func_b_0x100009833,1068,False
func_b_0x1000098fb,890,False
func_b_0x100009c85,608,False
func_b_0x100009c89,471,False
func_b_0x100009d23,-557,True
func_b_0x100009d2d,745,False
func_b_0x100009d81,256,True
func_b_0x100009e2b,516,True
func_b_0x100009e38,15,False
func_b_0x100009e3c,659,False
func_b_0x100009ea4,-326,False
func_b_0x10000a2e4,550,True
func_b_0x10000a3b6,745,True
func_b_0x10000a483,-793,True
func_b_0x10000a8cc,-384,True
func_b_0x10000a8dc,749,False
func_b_0x10000a916,-247,False
func_b_0x10000ab47,-362,True
func_b_0x10000abb5,577,True
func_b_0x10000ac77,482,True
func_b_0x10000ac79,485,False
func_b_0x10000ac7b,372,True
func_b_0x10000ac7f,-20,False
func_b_0x10000ac81,-232,True
func_b_0x10000aead,1120,False
func_b_0x10000aeb5,-458,False
func_b_0x10000aeb7,-645,True
func_b_0x10000afbe,127,True
func_b_0x10000b0ca,315,True
func_b_0x10000b0cd,-261,True
func_b_0x10000bb45,946,True
func_b_0x10000c4b3,577,False
func_b_0x10000c4b5,568,True
func_b_0x10000c4bd,-199,False
func_b_0x10000c649,790,False
func_b_0x10000d093,-468,False
func_b_0x10000d543,1145,True
func_be_0x100003d32,-515,True
func_be_0x100003d42,721,False
func_be_0x100003d44,-190,False
func_be_0x100003d46,958,True
func_be_0x100003d4c,98,True
func_be_0x100003d4e,280,True
func_be_0x100003d52,422,True
func_be_0x100004dab,333,True
func_be_0x100004dad,-363,False
func_be_0x1000066b6,236,True
func_be_0x100006740,1038,True
func_be_0x100006773,-222,True
func_be_0x100006794,828,False
func_be_0x100006b41,-372,False
func_be_0x100006b45,449,False
func_be_0x1000071e2,363,True
func_be_0x100007fc3,381,True
func_be_0x100007fcf,808,True
func_be_0x100007fd5,1006,True
func_be_0x100007fe7,770,False
func_be_0x100007feb,383,False
func_be_0x100007ff1,-351,True
func_be_0x100008029,610,True
func_be_0x1000099d4,-803,False
func_be_0x1000099e6,353,False
func_be_0x1000099eb,541,True
func_be_0x1000099ed,473,False
func_be_0x1000099f2,-629,True
func_be_0x1000099f4,-238,False
func_be_0x10000c9ce,657,True
func_be_0x10000c9d2,28,False
func_be_0x10000c9d6,-393,True
func_be_0x10000c9d8,-701,False
func_be_0x10000c9da,-393,True
func_be_0x10000c9dc,1040,True
func_be_0x10000c9e0,423,False
func_be_0x10000c9e2,500,True
func_be_0x10000c9e6,-460,False
func_be_0x10000c9ea,440,False
func_be_0x10000c9f0,-275,False
func_be_0x10000c9f2,997,False
func_be_0x10000c9f4,-739,False
func_be_0x10000c9fa,-85,False
func_be_0x10000c9fc,-508,False
func_be_0x10000ca02,-352,False
func_be_0x10000ca04,1005,False
func_be_0x10000ca06,-95,True
func_be_0x10000ca0a,1022,True
func_be_0x10000ca0e,493,True
func_be_0x10000cbfb,-158,True
func_be_0x10000d0ee,1053,False
func_be_0x10000d4a0,-371,True
func_bi_0x100008b2f,-443,False
func_bn_0x10000630e,163,True
func_bn_0x10000c7fe,-379,True
func_br_0x100007134,5,False
func_br_0x100007138,-134,True
func_br_0x10000a577,623,True
func_br_0x10000a57d,935,False
func_br_0x10000a581,233,True
func_br_0x10000a585,762,False
func_br_0x10000a589,-813,True
func_br_0x10000a58b,260,True
func_br_0x10000a58d,-89,True
func_bt_0x100000808,-797,False
func_bt_0x1000077e0,-674,True
func_bt_0x1000077ef,-781,True
func_bt_0x10000781f,-257,True
func_bt_0x10000b7ad,582,False
func_bt_0x10000b7c5,560,True
func_bt_0x10000b7d0,-138,True
func_bt_0x10000b7db,477,False
func_bt_0x10000b84c,568,False
func_bt_0x10000b854,1128,True
func_bt_0x10000b856,-639,False
func_bt_0x10000b88a,716,True
func_bt_0x10000b8a1,308,False
func_bt_0x10000b8a9,870,True
func_bt_0x10000c55d,-221,False
func_bt_0x10000c71f,-479,True
func_bu_0x100000812,-402,True
func_bu_0x100007810,-809,False
func_bu_0x100007827,-785,True
func_bu_0x1000078a4,495,True
func_bu_0x1000078a6,-540,False
func_bu_0x10000c556,-722,True
func_bu_0x10000ca19,-747,True
func_c_0x10000024c,283,True
func_c_0x1000002a1,687,True
func_c_0x1000003a3,231,False
func_c_0x1000003d9,-764,True
func_c_0x1000003ee,-831,False
func_c_0x100000403,258,False
func_c_0x10000043f,-823,False
func_c_0x1000008b0,-754,False
func_c_0x1000008c3,453,True
func_c_0x1000008e7,-342,False
func_c_0x10000096b,995,True
func_c_0x100003633,48,False
func_c_0x100003857,-738,True
func_c_0x100003b78,-736,True
func_c_0x100003c3c,454,True
func_c_0x100003c48,548,False
func_c_0x100003cc3,-166,False
func_c_0x100003d84,1112,True
func_c_0x100004046,451,False
func_c_0x1000040b0,-493,False
func_c_0x1000040b7,1101,False
func_c_0x10000424c,-337,True
func_c_0x100004287,-424,False
func_c_0x1000042af,-717,True
func_c_0x1000043af,247,True
func_c_0x1000043c9,-277,True
func_c_0x1000044bd,1014,False
func_c_0x1000044ca,-772,False
func_c_0x100004622,680,True
func_c_0x100004629,556,True
func_c_0x100004688,-152,False
func_c_0x100004707,-761,False
func_c_0x100004e78,-364,True
func_c_0x1000053ab,218,True
func_c_0x1000053d3,-739,False
func_c_0x1000054c2,849,True
func_c_0x1000055a5,696,False
func_c_0x100005f3c,-551,True
func_c_0x10000600d,170,False
func_c_0x1000063f6,-76,False
func_c_0x100006636,1078,False
func_c_0x100007695,-471,True
func_c_0x1000078ab,-635,False
func_c_0x100007ab6,-123,True
func_c_0x100007b4a,502,False
func_c_0x100007b6b,-153,True
func_c_0x100007cb9,690,True
func_c_0x100007e25,1108,True
func_c_0x100007e3a,-170,True
func_c_0x100007f3e,227,False
func_c_0x100008053,922,False
func_c_0x100008083,113,True
func_c_0x1000082e3,-228,True
func_c_0x10000844c,428,False
func_c_0x10000895d,162,True
func_c_0x1000090c5,177,True
func_c_0x100009122,1060,False
func_c_0x100009131,76,True
func_c_0x1000091d1,154,False
func_c_0x1000092ea,864,False
func_c_0x100009324,332,False
func_c_0x100009349,96,False
func_c_0x100009412,-30,False
func_c_0x10000941f,-139,True
func_c_0x1000098dc,549,False
func_c_0x100009c94,-255,False
func_c_0x100009cd9,15,True
func_c_0x100009d1d,177,False
func_c_0x100009dd7,891,True
func_c_0x100009e60,1084,True
func_c_0x100009f9c,186,False
func_c_0x10000a2fd,750,True
func_c_0x10000a7f2,443,False
func_c_0x10000a94c,16,True
func_c_0x10000a9a9,-428,False
func_c_0x10000ad53,-646,True
func_c_0x10000ad71,-544,False
func_c_0x10000af83,-603,True
func_c_0x10000af8e,1007,False
func_c_0x10000afb4,-75,True
func_c_0x10000afd3,366,True
func_c_0x10000b072,357,False
func_c_0x10000b13b,41,True
func_c_0x10000b14f,-199,True
func_c_0x10000b161,-616,True
func_c_0x10000b178,-572,True
func_c_0x10000b18c,683,False
func_c_0x10000b221,-558,False
func_c_0x10000b2ad,728,False
func_c_0x10000b2b3,208,True
func_c_0x10000b332,-517,True
func_c_0x10000b4b4,1127,True
func_c_0x10000b4d2,-178,True
func_c_0x10000b4e2,469,False
func_c_0x10000b4f1,595,True
func_c_0x10000b5cb,-7,False
func_c_0x10000bccd,709,True
func_c_0x10000bd5d,-802,True
func_c_0x10000bd95,783,True
func_c_0x10000bda3,77,False
func_c_0x10000bda5,163,True
func_c_0x10000bdac,-740,False
func_c_0x10000c21a,43,True
func_c_0x10000c30d,-381,False
func_c_0x10000c3b5,310,True
func_c_0x10000c59b,34,False
func_c_0x10000c5a0,830,True
func_c_0x10000c5a3,695,False
func_c_0x10000c66e,976,True
func_c_0x10000c6dd,134,True
func_c_0x10000c6f3,230,True
func_c_0x10000c6f8,995,False
func_c_0x10000c703,596,True
func_c_0x10000cd63,706,True
func_c_0x10000d4e6,668,False
func_c_0x10000d51b,904,False
func_ce_0x100004698,-318,False
func_ce_0x10000469d,1111,False
func_ce_0x1000046b9,-602,True
func_ce_0x1000046c8,-579,False
func_ce_0x100004764,1126,True
func_ce_0x100004843,372,True
func_ce_0x100004845,646,False
func_ce_0x100004849,277,False
func_ce_0x100004885,-8,True
func_ce_0x100004894,-197,True
func_ce_0x100004bd9,595,False
func_ce_0x100004be2,-537,True
func_ce_0x100004d1d,-576,True
func_ce_0x100005761,-538,True
func_ce_0x100005765,949,False
func_ce_0x100005769,897,True
func_ce_0x10000576b,-112,False
func_ce_0x10000603e,-827,False
func_ce_0x100006132,378,False
func_ce_0x100006134,728,True
func_ce_0x10000613c,153,True
func_ce_0x100006152,1111,False
func_ce_0x100006199,268,False
func_ce_0x1000061af,-671,True
func_ce_0x100007612,171,False
func_ce_0x100007614,473,False
func_ce_0x100007619,-38,False
func_ce_0x10000763c,983,True
func_ce_0x100007641,-180,True
func_ce_0x1000076aa,583,False
func_ce_0x100007a5d,997,True
func_ce_0x100007a8d,-312,False
func_ce_0x100007bcb,-433,False
func_ce_0x100007cdb,-318,False
func_ce_0x100007dbe,875,True
func_ce_0x100007de8,-76,True
func_ce_0x100007dec,-150,True
func_ce_0x100007dee,-71,False
func_ce_0x100009396,-587,True
func_ce_0x10000939a,297,True
func_ce_0x10000939e,170,False
func_ce_0x1000093a0,-605,True
func_ce_0x1000093a2,-679,False
func_ce_0x1000093a4,-488,False
func_ce_0x1000093aa,-491,False
func_ce_0x1000093ac,65,False
func_ce_0x1000093b2,47,False
func_ce_0x1000093b6,1089,False
func_ce_0x1000093b8,-46,True
func_ce_0x1000093ba,883,False
func_ce_0x1000093bc,932,True
func_ce_0x1000093c2,-102,False
func_ce_0x100009722,-493,False
func_ce_0x10000a27c,699,True
func_ce_0x10000a411,853,True
func_ce_0x10000a415,1090,True
func_ce_0x10000a417,-165,True
func_ce_0x10000a419,22,True
func_ce_0x10000a41f,1154,True
func_ce_0x10000a423,-190,False
func_ce_0x10000a59e,-58,False
func_ce_0x10000ac3c,622,True
func_ce_0x10000ad90,-381,True
func_ce_0x10000ae45,653,True
func_ce_0x10000aed4,20,False
func_ce_0x10000b34e,615,False
func_ce_0x10000b357,1029,True
func_ce_0x10000b367,-350,True
func_ce_0x10000b36d,437,True
func_ce_0x10000b76e,140,False
func_ce_0x10000b908,1049,False
func_ce_0x10000b9ce,969,False
func_ce_0x10000bd07,-440,True
func_ce_0x10000bd0d,-747,False
func_ce_0x10000c15d,-579,False
func_ce_0x10000c161,663,True
func_ce_0x10000c19a,368,False
func_ce_0x10000c2b1,969,True
func_ce_0x10000c33a,941,False
func_ce_0x10000c37c,197,False
func_ce_0x10000c37e,498,False
func_ce_0x10000c384,-343,True
func_ce_0x10000c386,983,True
func_ce_0x10000c390,1101,True
func_ce_0x10000c39b,-638,True
func_ce_0x10000c39d,204,True
func_ce_0x10000c39f,470,True
func_ce_0x10000c3a3,-353,True
func_ce_0x10000c3a5,1079,True
func_ce_0x10000c3a7,584,True
func_ce_0x10000c5da,-652,False
func_ce_0x10000c5e3,1030,False
func_ce_0x10000c5e6,222,False
func_ce_0x10000c914,1145,False
func_ce_0x10000cc33,589,True
func_ce_0x10000d25e,948,True
func_ce_0x10000d2a3,-456,True
func_ce_0x10000d2d4,73,True
func_ce_0x10000d37b,862,True
func_ci_0x100008b86,742,False
func_ci_0x100008b88,415,False
func_ci_0x100008bb2,678,False
func_ci_0x100008bb6,848,True
func_ci_0x100008bba,417,True
func_ci_0x100008bbc,-211,False
func_ci_0x100008bbe,-635,False
func_ci_0x100008bc0,338,True
func_ci_0x100008bc4,-134,False
func_cn_0x10000713e,-134,False
func_cn_0x100007140,-53,True
func_cn_0x100007142,743,False
func_cn_0x100007150,-127,False
func_cn_0x10000715a,66,True
func_cn_0x10000a54d,705,False
func_cn_0x10000a555,-90,True
func_cn_0x10000cfa2,-10,True
func_cs_0x100005098,-604,True
func_ct_0x100004c24,-271,True
func_ct_0x1000065c8,761,False
func_ct_0x100006698,-294,True
func_ct_0x10000669e,1089,False
func_ct_0x1000066f9,362,True
func_ct_0x1000066fd,899,True
func_ct_0x100006700,202,True
func_ct_0x100006706,13,True
func_ct_0x10000678e,864,True
func_ct_0x100006a24,535,False
func_ct_0x100007fc9,663,False
func_ct_0x1000099cd,-199,True
func_ct_0x10000aee5,488,True
func_ct_0x10000aeeb,832,False
func_ct_0x10000aeef,682,False
func_ct_0x10000aef1,830,False
func_ct_0x10000aef3,-554,False
func_ct_0x10000aef5,-291,False
func_ct_0x10000aef9,-189,False
func_ct_0x10000af03,-2,False
func_ct_0x10000af0b,-506,False
func_ct_0x10000af0f,222,False
func_ct_0x10000af13,-161,True
func_ct_0x10000af15,-132,False
func_ct_0x10000cafe,-517,True
func_ct_0x10000cb00,621,True
func_ct_0x10000cb02,462,True
func_ct_0x10000cb30,1110,True
func_ct_0x10000cb38,57,True
func_ct_0x10000cb3c,815,False
func_ct_0x10000cb42,-511,True
func_ct_0x10000cb46,267,False
func_ct_0x10000ccac,-559,False
func_ct_0x10000cec6,-803,False
func_cu_0x10000a0d6,57,True
func_cu_0x10000a0de,-120,True
func_cu_0x10000a0e2,-146,True
func_cu_0x10000a0e8,307,False
func_cu_0x10000a0ea,-143,False
func_cu_0x10000a0ec,561,False
func_cu_0x10000a0f4,234,False
func_cu_0x10000a0fc,-651,False
func_cu_0x10000a100,-608,False
func_cu_0x10000a106,1048,False
func_cu_0x10000a108,-202,False
func_cu_0x10000a10a,-788,False
func_cu_0x10000a10c,370,True
func_cu_0x10000a110,555,False
func_cu_0x10000a112,821,False
func_cu_0x10000a114,-92,False
func_cu_0x10000a120,998,False
func_cu_0x10000a122,-89,False
func_cu_0x10000a124,-20,False
func_cu_0x10000a12c,-506,False
func_cu_0x10000a130,-167,False
func_cu_0x10000a134,-23,False
func_cu_0x10000a13a,-802,True
func_cu_0x10000a13c,579,False
func_cu_0x10000a13e,1091,True
func_cu_0x10000a140,-798,False
func_cu_0x10000a146,-738,False
func_cu_0x10000a148,706,False
func_cu_0x10000a14a,-390,True
func_cu_0x10000a150,244,True
func_cu_0x10000a154,234,True
func_cu_0x10000a156,-240,True
func_cu_0x10000a15a,496,True
func_cu_0x10000a164,715,False
func_cu_0x10000a166,-169,True
func_cu_0x10000a168,-281,False
func_cu_0x10000a172,558,False
func_cu_0x10000a17a,653,True
func_cu_0x10000a17e,683,False
func_cu_0x10000a180,42,False
func_cu_0x10000a182,111,False
func_cu_0x10000a184,-565,False
func_cu_0x10000a186,1071,False
func_cu_0x10000a188,-746,False
func_cu_0x10000a194,793,False
func_cu_0x10000a19a,-314,True
func_cu_0x10000a19c,886,False
func_cu_0x10000a19e,-278,False
func_cu_0x10000a1a2,680,False
func_cu_0x10000a1ac,-411,False
func_cu_0x10000a1b0,366,True
func_cu_0x10000a1b6,-283,True
func_cu_0x10000a1b8,-258,True
func_cu_0x10000a1ba,218,False
func_cu_0x10000a1c0,784,False
func_cu_0x10000a1c4,-124,True
func_cu_0x10000a1c6,-363,False
func_cu_0x10000a1ce,-134,True
func_cu_0x10000a1d6,-765,False
func_cu_0x10000a1dc,-471,False
func_cu_0x10000a1e6,214,True
func_cu_0x10000a1e8,-306,True
func_cu_0x10000a1ec,864,False
func_cu_0x10000a1ee,367,True
func_cu_0x10000a206,1141,True
func_cu_0x10000a229,785,False
func_cu_0x10000a23f,-495,True
func_cu_0x10000a241,-635,True
func_cu_0x10000a24b,-287,False
func_cu_0x10000a24d,422,True
func_cu_0x10000a251,796,False
func_cu_0x10000a253,374,False
func_cu_0x10000a255,204,False
func_de_0x100003ab1,286,False
func_de_0x100003abd,300,False
func_de_0x100003b1a,197,False
func_de_0x100003d05,-407,True
func_de_0x100003d1c,-762,True
func_de_0x100003d61,299,False
func_de_0x1000041e7,890,False
func_de_0x1000041ed,26,False
func_de_0x100004205,-823,False
func_de_0x10000478d,-449,False
func_de_0x100004d56,-210,True
func_de_0x100004d78,651,True
func_de_0x100004d9d,-218,False
func_de_0x100004da7,649,False
func_de_0x100004db5,493,False
func_de_0x100004db7,-492,False
func_de_0x100005360,128,False
func_de_0x100005717,867,True
func_de_0x100005719,-533,False
func_de_0x10000571b,61,True
func_de_0x100005728,114,False
func_de_0x100005732,989,False
func_de_0x10000573a,561,False
func_de_0x10000573c,-210,False
func_de_0x10000573e,-715,False
func_de_0x10000574c,139,True
func_de_0x100005754,448,False
func_de_0x100005756,182,False
func_de_0x100005fc1,752,False
func_de_0x100005fc7,591,True
func_de_0x100005fcb,638,False
func_de_0x100005fcd,1039,False
func_de_0x100005fd5,808,False
func_de_0x100005fef,-652,True
func_de_0x100005ff8,721,True
func_de_0x100005ffa,148,True
func_de_0x100005ffe,-242,True
func_de_0x100006002,804,True
func_de_0x100006008,675,True
func_de_0x1000060c0,-378,True
func_de_0x1000060c8,-332,False
func_de_0x1000062d4,761,True
func_de_0x1000071dc,155,False
func_de_0x10000798f,-613,True
func_de_0x1000086d5,990,False
func_de_0x1000086e3,70,False
func_de_0x100008702,-485,False
func_de_0x1000087f3,-285,True
func_de_0x100009acb,-233,True
func_de_0x10000a9f5,-834,True
func_de_0x10000a9fb,34,False
func_de_0x10000a9fd,455,False
func_de_0x10000ae87,715,False
func_de_0x10000b23d,626,False
func_de_0x10000b544,759,False
func_de_0x10000b548,922,True
func_de_0x10000b54a,1021,True
func_de_0x10000b54e,637,True
func_de_0x10000b550,69,False
func_de_0x10000b552,-402,False
func_de_0x10000b554,-662,True
func_de_0x10000b556,692,True
func_de_0x10000b55a,-497,False
func_de_0x10000cc3e,284,True
func_de_0x10000d0a7,1090,False
func_de_0x10000d0a9,-634,True
func_de_0x10000d259,-87,True
func_de_0x10000d2d7,-382,True
func_de_0x10000d2db,-36,False
func_de_0x10000d420,1118,True
func_de_0x10000d422,1091,False
func_di_0x1000057d9,443,False
func_di_0x100005be9,-402,False
func_di_0x100005bf1,-622,False
func_di_0x100005c49,-492,True
func_di_0x100005def,942,True
func_dn_0x1000072db,969,True
func_dn_0x1000072f7,722,True
func_dn_0x100007305,607,True
func_dn_0x100007313,114,True
func_dn_0x1000077fa,1108,True
func_dn_0x100007800,-30,False
func_dn_0x100007804,521,False
func_dn_0x100007806,277,True
func_dn_0x10000780c,986,True
func_dn_0x10000780e,-661,False
func_dn_0x10000782b,-256,False
func_dn_0x10000788c,703,True
func_dn_0x100007892,-382,False
func_dn_0x10000c555,298,False
func_dn_0x10000ca1d,319,False
func_dn_0x10000ca1f,863,False
func_dn_0x10000ca21,-153,True
func_dn_0x10000ca23,1151,True
func_dn_0x10000ca25,14,False
func_dn_0x10000ca29,933,True
func_dn_0x10000ca2b,-571,True
func_dn_0x10000ca2d,761,True
func_dn_0x10000ca2f,296,False
func_dn_0x10000ca33,-90,True
func_dn_0x10000ca3d,1046,True
func_dn_0x10000ca45,-366,False
func_dn_0x10000ca4b,-249,False
func_dn_0x10000ca4d,418,True
func_dn_0x10000ca51,1159,True
func_dn_0x10000ca57,-9,True
func_dn_0x10000ca59,-716,False
func_dr_0x10000386f,778,False
func_dr_0x100007136,1104,False
func_dr_0x10000713b,855,False
func_dr_0x10000d01d,-568,True
func_dr_0x10000d05b,54,False
func_dt_0x100000601,-165,True
func_dt_0x100000792,-305,False
func_dt_0x100000857,-389,True
func_dt_0x10000456a,-752,True
func_dt_0x10000456c,198,True
func_dt_0x10000456e,-393,False
func_dt_0x100004572,-607,True
func_dt_0x100004576,362,False
func_dt_0x100004578,953,False
func_dt_0x10000457a,861,False
func_dt_0x10000457c,855,False
func_dt_0x10000457e,319,False
func_dt_0x100004582,887,True
func_dt_0x100004584,928,False
func_dt_0x100004586,-579,True
func_dt_0x100004588,945,False
func_dt_0x100004598,7,False
func_dt_0x10000459e,582,False
func_dt_0x1000045a4,-109,False
func_dt_0x1000045a6,-74,True
func_dt_0x1000045aa,255,True
func_dt_0x1000045ac,167,True
func_dt_0x1000045b2,630,False
func_dt_0x1000045b4,493,True
func_dt_0x1000045b8,-752,False
func_dt_0x1000045ba,544,True
func_dt_0x1000045bc,-620,False
func_dt_0x1000045ce,-815,True
func_dt_0x1000045d0,477,True
func_dt_0x1000045d2,948,False
func_dt_0x1000045d4,272,True
func_dt_0x1000045d8,-782,True
func_dt_0x1000045da,539,False
func_dt_0x1000045e0,-831,True
func_dt_0x1000045e2,-534,False
func_dt_0x1000045e4,-615,True
func_dt_0x1000045e6,-315,False
func_dt_0x1000045e8,147,True
func_dt_0x1000045ea,-729,False
func_dt_0x1000045ee,422,True
func_dt_0x1000045f2,567,False
func_dt_0x100007280,-673,True
func_dt_0x1000072c7,240,True
func_dt_0x1000072cd,619,True
func_dt_0x1000072d3,-266,True
func_dt_0x1000072d7,328,True
func_dt_0x1000072dd,362,True
func_dt_0x1000072e1,-755,False
func_dt_0x1000072e5,463,True
func_dt_0x1000072ef,-310,True
func_dt_0x1000072f5,410,True
func_dt_0x1000072fd,-227,False
func_dt_0x10000730f,1069,False
func_dt_0x100007323,-197,False
func_dt_0x100007335,-424,True
func_dt_0x100007339,575,False
func_dt_0x100007345,-555,False
func_dt_0x10000734b,-482,True
func_dt_0x10000734d,-471,True
func_dt_0x10000788e,195,False
func_dt_0x100007890,566,False
func_dt_0x10000b3b3,-369,False
func_dt_0x10000b3b5,569,True
func_dt_0x10000b3bb,530,False
func_dt_0x10000b3bd,1002,False
func_dt_0x10000b3c3,478,True
func_dt_0x10000c54b,-63,True
func_dt_0x10000c54d,-214,False
func_dt_0x10000c54f,-217,True
func_dt_0x10000ca5b,-41,False
func_dt_0x10000ce09,922,False
func_dt_0x10000ce58,1018,False
func_du_0x1000039c0,-436,False
func_du_0x100006f5a,-707,False
func_du_0x100008719,117,False
func_du_0x100008720,100,True
func_du_0x10000873d,-265,False
func_du_0x100008745,-696,True
func_du_0x100008747,92,True
func_du_0x10000874b,455,False
func_du_0x10000874f,786,False
func_du_0x100008751,472,False
func_du_0x100008755,-491,True
func_du_0x100008759,-110,True
func_du_0x10000875b,671,True
func_du_0x10000875d,-556,True
func_du_0x10000875f,-808,False
func_du_0x100008761,769,False
func_du_0x100008765,544,True
func_du_0x100008775,907,False
func_du_0x100008781,-686,True
func_du_0x100008783,-793,False
func_du_0x10000878d,674,True
func_du_0x10000cf0e,892,False
func_du_0x10000cf87,663,False
func_du_0x10000d016,595,False
func_du_0x10000d01c,69,False
func_e1_0x100008fc6,597,False
func_e1_0x100008fc8,929,False
func_e_0x10000037c,-729,True
func_e_0x1000003b5,-595,True
func_e_0x1000003e3,-674,False
func_e_0x1000003e8,-694,False
func_e_0x100000420,870,False
func_e_0x10000045f,-122,True
func_e_0x1000004b7,-682,True
func_e_0x1000004bb,-569,True
func_e_0x1000004e9,-477,True
func_e_0x1000004f1,-610,False
func_e_0x1000008aa,-194,False
func_e_0x1000008b4,668,True
func_e_0x1000008c6,-720,False
func_e_0x1000008d2,765,False
func_e_0x1000008ea,-642,False
func_e_0x1000008f1,187,False
func_e_0x100000919,83,False
func_e_0x100000986,-658,True
func_e_0x100003ac8,644,True
func_e_0x100003aca,-421,True
func_e_0x100003acc,-748,False
func_e_0x100003ace,202,False
func_e_0x100003ad0,-833,False
func_e_0x1000046f9,-246,False
func_e_0x100004a43,710,False
func_e_0x100004a4b,-686,True
func_e_0x100004d25,159,False
func_e_0x100004d27,-362,False
func_e_0x100004dbe,1145,False
func_e_0x100004dc8,20,True
func_e_0x100004dcc,-14,True
func_e_0x100004de9,-515,True
func_e_0x100004e00,-678,True
func_e_0x100004e22,-116,False
func_e_0x100004e36,398,False
func_e_0x1000053a0,448,False
func_e_0x1000053b4,833,True
func_e_0x1000053ec,-638,True
func_e_0x100005aba,108,False
func_e_0x100005ac7,568,True
func_e_0x100005f30,1100,True
func_e_0x100005f41,178,False
func_e_0x100005fe6,280,True
func_e_0x100006122,999,True
func_e_0x1000063d7,-819,True
func_e_0x1000063fb,638,True
func_e_0x10000670b,-96,True
func_e_0x10000675b,371,False
func_e_0x100006765,231,True
func_e_0x100006c18,243,False
func_e_0x100006c1c,90,False
func_e_0x100006c1e,-628,True
func_e_0x100006c20,632,False
func_e_0x100006c24,708,True
func_e_0x100006cb7,-376,False
func_e_0x1000071e5,408,True
func_e_0x10000720f,694,True
func_e_0x100007215,88,False
func_e_0x100007217,-710,False
func_e_0x10000721b,643,True
func_e_0x10000721d,821,False
func_e_0x100007225,397,False
func_e_0x100007229,514,False
func_e_0x10000722b,-723,True
func_e_0x100009ae6,-227,False
func_e_0x100009ae8,144,True
func_e_0x100009aea,664,False
func_e_0x100009aec,159,True
func_e_0x100009c65,364,True
func_e_0x100009c8c,-554,False
func_e_0x100009c91,772,True
func_e_0x100009cb1,979,False
func_e_0x100009cb5,-157,False
func_e_0x100009cdd,-361,True
func_e_0x100009d0f,-794,False
func_e_0x100009f47,-480,True
func_e_0x100009f4b,-671,False
func_e_0x100009fe8,604,False
func_e_0x100009fea,773,True
func_e_0x10000aa47,-375,False
func_e_0x10000aa4b,740,True
func_e_0x10000aa53,-317,False
func_e_0x10000aca1,-722,False
func_e_0x10000aca4,-40,False
func_e_0x10000acf1,358,False
func_e_0x10000ad2e,-812,True
func_e_0x10000ad63,382,False
func_e_0x10000ae26,1115,True
func_e_0x10000b281,1021,False
func_e_0x10000b2a2,205,False
func_e_0x10000b2b9,422,True
func_e_0x10000b2c3,506,False
func_e_0x10000b2f5,-101,False
func_e_0x10000ba02,1031,False
func_e_0x10000ba0b,-487,True
func_e_0x10000ba39,499,True
func_e_0x10000ba70,1064,True
func_e_0x10000c469,-511,False
func_e_0x10000c50a,858,True
func_e_0x10000c5f8,198,True
func_e_0x10000c6bd,809,False
func_e_0x10000c6d5,182,True
func_e_0x10000ca7c,-9,False
func_e_0x10000cb73,403,True
func_e_0x10000cb7e,-685,False
func_e_0x10000cb85,500,False
func_e_0x10000d0e1,-223,False
func_e_0x10000d0e5,-200,True
func_e_0x10000d0e7,17,False
func_e_0x10000d173,483,False
func_e_0x10000d179,-534,False
func_e_0x10000d295,227,False
func_e_0x10000d3b8,875,True
func_e_0x10000d424,62,True
func_e_0x10000d430,444,False
func_e_0x10000d44c,1000,False
func_ee_0x1000001ec,334,False
func_ee_0x1000035dd,-357,True
func_ee_0x10000381d,33,True
func_ee_0x100003821,750,True
func_ee_0x100003823,396,False
func_ee_0x100003825,-214,False
func_ee_0x100003829,122,False
func_ee_0x10000382d,1038,True
func_ee_0x100003841,-432,True
func_ee_0x100003845,-783,True
func_ee_0x1000044ad,1078,False
func_ee_0x10000484e,-787,False
func_ee_0x10000488b,-208,True
func_ee_0x1000048c7,220,False
func_ee_0x100004a03,-505,False
func_ee_0x100004a33,-104,False
func_ee_0x100004bb5,-667,True
func_ee_0x100004bd6,-28,False
func_ee_0x100004bf3,-550,True
func_ee_0x100005357,-750,True
func_ee_0x10000535d,-535,False
func_ee_0x100005383,-625,False
func_ee_0x100005780,80,False
func_ee_0x100006178,677,True
func_ee_0x1000061a7,-410,False
func_ee_0x1000061b5,608,True
func_ee_0x100006514,294,True
func_ee_0x1000067e3,663,False
func_ee_0x1000067e8,290,True
func_ee_0x100006926,105,False
func_ee_0x100006c6f,259,True
func_ee_0x100006c73,522,True
func_ee_0x100006c9e,567,False
func_ee_0x100006da4,-457,True
func_ee_0x100006da6,1109,True
func_ee_0x100006da8,-81,False
func_ee_0x100006dac,-362,False
func_ee_0x100006e36,-347,True
func_ee_0x1000071b0,-449,False
func_ee_0x1000071b2,763,False
func_ee_0x100007452,423,False
func_ee_0x100007454,122,False
func_ee_0x100007456,470,True
func_ee_0x100007458,-311,True
func_ee_0x10000745a,155,True
func_ee_0x100007476,768,False
func_ee_0x10000747b,1134,False
func_ee_0x100007481,1114,False
func_ee_0x1000078e6,-206,False
func_ee_0x100007a87,647,True
func_ee_0x100007a8b,-814,True
func_ee_0x100007bef,417,True
func_ee_0x100007d15,-192,False
func_ee_0x100007d17,910,True
func_ee_0x1000082ae,1155,True
func_ee_0x1000083af,828,True
func_ee_0x10000a275,458,False
func_ee_0x10000a740,37,True
func_ee_0x10000a7a8,1149,True
func_ee_0x10000a7b6,-589,False
func_ee_0x10000a7ba,362,False
func_ee_0x10000a800,-818,False
func_ee_0x10000ac09,-625,False
func_ee_0x10000ac39,1105,False
func_ee_0x10000b506,687,True
func_ee_0x10000b757,-695,False
func_ee_0x10000b75d,-227,False
func_ee_0x10000b8e7,187,False
func_ee_0x10000b8e9,-97,True
func_ee_0x10000b904,1043,True
func_ee_0x10000b9a5,807,False
func_ee_0x10000b9ac,-395,True
func_ee_0x10000b9c6,26,True
func_ee_0x10000b9cc,411,True
func_ee_0x10000bb2a,268,True
func_ee_0x10000bb2e,-126,True
func_ee_0x10000bb30,280,True
func_ee_0x10000bb32,903,False
func_ee_0x10000c246,-567,False
func_ee_0x10000c282,199,False
func_ee_0x10000c28d,940,True
func_ee_0x10000c28f,230,False
func_ee_0x10000c2ae,199,True
func_ee_0x10000c579,469,False
func_ee_0x10000c5ec,828,False
func_ee_0x10000c615,-129,False
func_ee_0x10000cbe4,379,False
func_ee_0x10000cc32,808,False
func_ee_0x10000d18b,-355,False
func_ee_0x10000d1c8,393,True
func_ee_0x10000d1df,99,True
func_ee_0x10000d1e9,-22,False
func_ee_0x10000d1f7,1108,True
func_ee_0x10000d375,-814,False
func_ee_0x10000d377,-274,True
func_el_0x100008fc4,-242,True
func_en_0x100008d01,1054,True
func_en_0x100008d13,618,False
func_en_0x100008dcb,121,False
func_en_0x100008dcf,-647,True
func_en_0x100008de9,717,False
func_en_0x100008e41,269,True
func_en_0x100008e49,215,True
func_en_0x100008e51,-589,True
func_en_0x100008e55,-53,False
func_en_0x100008e93,521,False
func_en_0x100008e95,984,False
func_en_0x100008e99,45,True
func_en_0x100008ea9,107,True
func_en_0x100008eb6,-718,False
func_en_0x100008ebb,-316,True
func_en_0x100008ebd,-7,False
func_en_0x100008ec1,153,True
func_en_0x100008f3d,848,False
func_en_0x100008f41,-361,False
func_en_0x100008f4d,-782,False
func_en_0x100008f76,257,True
func_en_0x100008f82,538,True
func_en_0x100008f97,813,False
func_en_0x100008f9e,-807,True
func_en_0x100008fad,140,False
func_en_0x100008faf,775,False
func_en_0x100008fda,-606,True
func_en_0x100009040,709,True
func_eo_0x100005066,-480,False
func_et_0x100003d28,1141,False
func_et_0x100004c18,1153,False
func_et_0x100004c1a,404,True
func_et_0x100004dd8,-420,False
func_et_0x10000656d,-331,True
func_et_0x1000065c3,-541,False
func_et_0x1000065e4,-499,False
func_et_0x1000066a4,489,True
func_et_0x1000066bc,699,True
func_et_0x1000066be,1092,True
func_et_0x1000066f0,501,False
func_et_0x1000066f6,-502,False
func_et_0x100006743,126,True
func_et_0x100006747,949,False
func_et_0x10000678b,-435,False
func_et_0x100006ba3,460,False
func_et_0x100007fbd,-583,False
func_et_0x100007fde,-825,True
func_et_0x10000817a,646,False
func_et_0x10000817c,-334,True
func_et_0x10000adb9,-136,False
func_et_0x10000aee4,-177,True
func_et_0x10000c6c8,-830,False
func_et_0x10000c6cd,-83,True
func_et_0x10000ca12,-560,True
func_et_0x10000cbfc,-346,True
func_et_0x10000d100,302,False
func_et_0x10000d102,391,False
func_et_0x10000d15f,591,False
func_et_0x10000d486,-819,True
func_et_0x10000d48a,916,True
func_et_0x10000d48c,554,False
func_et_0x10000d497,305,False
func_eu_0x100007128,391,True
func_eu_0x10000713c,-457,False
func_eu_0x10000befb,-96,True
func_eu_0x10000bf27,1032,False
func_eu_0x10000bf58,761,True
func_eu_0x10000bf66,297,False
func_eu_0x10000bf7a,638,True
func_eu_0x10000bf82,33,False
func_eu_0x10000bf8f,266,False
func_eu_0x10000cfdc,-824,False
func_eu_0x10000cfe0,24,False
func_eu_0x10000cfe6,929,False
func_f_0x10000010c,632,False
func_f_0x10000015a,362,False
func_f_0x1000001a1,486,False
func_f_0x1000001c7,609,False
func_f_0x100000248,-188,True
func_f_0x1000002b9,-283,True
func_f_0x1000002c6,-187,True
func_f_0x100000388,-90,True
func_f_0x100003638,-315,True
func_f_0x100003b7a,-61,False
func_f_0x100003b7f,-354,True
func_f_0x100003c6a,785,True
func_f_0x100003cc6,344,True
func_f_0x100003dad,558,False
func_f_0x100003de1,324,True
func_f_0x1000040ae,1065,True
func_f_0x100004273,-578,True
func_f_0x10000434b,-466,True
func_f_0x100004497,87,True
func_f_0x10000450f,412,True
func_f_0x100004548,-615,True
func_f_0x10000454a,-441,False
func_f_0x100004626,207,False
func_f_0x100004650,452,True
func_f_0x10000468a,122,False
func_f_0x100004732,11,False
func_f_0x1000047aa,443,True
func_f_0x100004a7d,-830,True
func_f_0x100004b23,-452,True
func_f_0x100004b6e,563,True
func_f_0x100004c6b,621,True
func_f_0x100004e46,-346,True
func_f_0x100004e48,385,True
func_f_0x1000053c2,292,False
func_f_0x100005475,11,True
func_f_0x100005493,-577,False
func_f_0x100005497,842,False
func_f_0x1000054cf,1088,False
func_f_0x100005541,-266,False
func_f_0x100005560,-582,False
func_f_0x10000556e,-465,True
func_f_0x100005572,780,True
func_f_0x10000559a,1132,False
func_f_0x10000559e,346,True
func_f_0x1000055cc,606,True
func_f_0x1000056bd,391,False
func_f_0x1000060eb,633,False
func_f_0x1000063ce,-405,True
func_f_0x1000063d0,634,True
func_f_0x1000063d4,-408,True
func_f_0x10000648b,839,True
func_f_0x1000064cf,-302,False
func_f_0x100006886,-337,False
func_f_0x100007aea,685,True
func_f_0x100007b3f,556,True
func_f_0x100007c63,127,False
func_f_0x10000830f,-331,True
func_f_0x100008349,-717,True
func_f_0x1000085fe,-609,False
func_f_0x10000870e,107,True
func_f_0x1000088fc,-657,True
func_f_0x10000909c,492,False
func_f_0x1000090be,791,True
func_f_0x1000090dd,403,False
func_f_0x100009152,107,False
func_f_0x10000915d,-422,False
func_f_0x100009189,-793,True
func_f_0x1000091e6,394,False
func_f_0x100009273,739,False
func_f_0x10000934d,-249,True
func_f_0x1000093ce,572,False
func_f_0x100009623,799,False
func_f_0x1000098c4,-245,True
func_f_0x100009c9a,-534,False
func_f_0x100009c9f,-459,False
func_f_0x100009ca7,-452,False
func_f_0x100009ce8,216,True
func_f_0x100009e11,-611,True
func_f_0x10000a00d,1079,False
func_f_0x10000a2dd,661,False
func_f_0x10000a310,-674,False
func_f_0x10000a3dc,134,False
func_f_0x10000a8e0,500,True
func_f_0x10000a92c,-812,False
func_f_0x10000ad41,606,True
func_f_0x10000af3b,925,True
func_f_0x10000af3f,1095,True
func_f_0x10000af5e,-61,True
func_f_0x10000af81,1141,False
func_f_0x10000af86,1046,True
func_f_0x10000af99,-164,False
func_f_0x10000b013,-200,False
func_f_0x10000b096,-2,True
func_f_0x10000b0a8,819,False
func_f_0x10000b0fb,950,True
func_f_0x10000b112,99,False
func_f_0x10000b1cc,-492,False
func_f_0x10000b2cc,1075,True
func_f_0x10000b330,105,False
func_f_0x10000b570,-764,False
func_f_0x10000b5cd,717,True
func_f_0x10000b5cf,-300,False
func_f_0x10000b928,-731,False
func_f_0x10000b97b,400,True
func_f_0x10000bfbc,-45,True
func_f_0x10000c3c1,179,False
func_f_0x10000c3c7,-692,True
func_f_0x10000c3cd,-644,True
func_f_0x10000c66c,672,False
func_f_0x10000c6e9,596,False
func_f_0x10000c709,-768,False
func_f_0x10000c94f,97,False
func_f_0x10000d4ee,155,True
func_f_0x10000d531,626,False
func_fe_0x100003abb,745,True
func_fe_0x100003add,-700,True
func_fe_0x100003ae9,-531,True
func_fe_0x100003d20,-173,True
func_fe_0x100004200,862,True
func_fe_0x100004219,399,False
func_fe_0x100004c0e,30,False
func_fe_0x100004d24,-82,True
func_fe_0x100004db9,-517,False
func_fe_0x100004dc6,720,False
func_fe_0x10000572d,-392,False
func_fe_0x100005fe9,173,False
func_fe_0x100006115,-361,False
func_fe_0x100006117,-61,False
func_fe_0x10000668a,150,False
func_fe_0x100006739,-173,True
func_fe_0x100006a33,-381,True
func_fe_0x100006a41,887,True
func_fe_0x100006a49,368,False
func_fe_0x100006ab3,-746,True
func_fe_0x1000086f4,886,False
func_fe_0x1000087e6,-118,False
func_fe_0x1000087f1,-40,False
func_fe_0x100009acc,-378,False
func_fe_0x100009ace,442,True
func_fe_0x100009ad0,254,False
func_fe_0x100009ad2,476,True
func_fe_0x100009ae1,-452,True
func_fe_0x100009af6,-170,True
func_fe_0x10000ad8c,1020,False
func_fe_0x10000adcd,14,False
func_fe_0x10000adde,1055,False
func_fe_0x10000ae24,-135,True
func_fe_0x10000ae2c,582,True
func_fe_0x10000b56a,736,False
func_fe_0x10000ba01,-21,True
func_fe_0x10000bffe,450,True
func_fe_0x10000d3ab,787,True
func_fe_0x10000d42e,614,False
func_fe_0x10000d43e,-395,True
func_fe_0x10000d4a8,-731,True
func_fi_0x100004fcc,949,False
func_fi_0x100004fee,775,False
func_fi_0x10000506a,301,True
func_fi_0x100005078,-200,False
func_fr_0x100005a3f,245,True
func_fr_0x100005c40,561,False
func_fr_0x100005c42,-713,False
func_fr_0x100005c44,-5,True
func_ft_0x100003ef1,796,False
func_ft_0x100005652,697,True
func_ft_0x10000654b,1041,False
func_ft_0x1000065f4,350,True
func_ft_0x100006690,360,False
func_ft_0x1000066e8,-708,True
func_ft_0x1000066ec,-23,False
func_ft_0x100006d00,394,False
func_ft_0x100006d02,66,True
func_ft_0x1000073ec,-182,True
func_ft_0x10000953c,1068,True
func_ft_0x100009540,-761,False
func_ft_0x100009573,-833,False
func_ft_0x100009578,-280,True
func_ft_0x10000957a,-483,True
func_ft_0x100009584,770,False
func_ft_0x100009588,-827,False
func_ft_0x100009592,-192,True
func_ft_0x100009594,299,True
func_ft_0x100009596,1043,False
func_ft_0x1000099bb,262,False
func_ft_0x1000099bd,547,True
func_ft_0x1000099c3,870,False
func_ft_0x1000099c7,601,False
func_ft_0x10000a008,-590,False
func_ft_0x10000ada3,-474,True
func_ft_0x10000c50c,-796,False
func_ft_0x10000c886,-639,True
func_ft_0x10000c8a2,1086,True
func_ft_0x10000cadf,287,True
func_fu_0x10000c7af,1149,True
func_fu_0x10000c7b1,-84,True
func_fu_0x10000c7b3,-180,True
func_g_0x100000198,-156,False
func_g_0x1000002d3,1022,True
func_g_0x1000008da,-270,True
func_g_0x100003858,877,True
func_g_0x10000385a,746,False
func_g_0x100003aad,653,True
func_g_0x100003d92,434,True
func_g_0x100003d9b,394,False
func_g_0x10000404a,850,False
func_g_0x1000043bd,816,False
func_g_0x100004459,255,True
func_g_0x100004533,1121,False
func_g_0x100004539,-240,True
func_g_0x10000453d,580,False
func_g_0x1000045fb,-611,True
func_g_0x1000048dc,-244,True
func_g_0x100004a63,-629,True
func_g_0x100004a65,46,True
func_g_0x100004a68,937,False
func_g_0x100004a6d,-570,False
func_g_0x100004a83,1149,True
func_g_0x100004b5d,869,False
func_g_0x100004b60,-444,True
func_g_0x100004b8c,572,False
func_g_0x1000054c3,-827,False
func_g_0x1000054c5,308,True
func_g_0x10000554e,-117,False
func_g_0x100005577,-396,False
func_g_0x1000055ff,269,True
func_g_0x100005ed9,-106,True
func_g_0x100005f1a,-610,False
func_g_0x100005f1c,99,False
func_g_0x100005f23,-174,True
func_g_0x100005f64,19,False
func_g_0x1000061e9,-54,False
func_g_0x10000681b,469,True
func_g_0x10000687a,-772,True
func_g_0x100006e7d,570,True
func_g_0x100006ea2,-428,False
func_g_0x10000736d,488,False
func_g_0x10000767f,377,False
func_g_0x10000778b,-145,False
func_g_0x100007a9f,-783,False
func_g_0x100007b47,829,False
func_g_0x100007b68,982,True
func_g_0x100007c32,625,True
func_g_0x100007d54,666,False
func_g_0x100008108,-199,False
func_g_0x1000081bd,-512,False
func_g_0x1000083d9,1021,True
func_g_0x1000083eb,772,False
func_g_0x10000852d,931,False
func_g_0x100008544,170,False
func_g_0x100008960,-673,True
func_g_0x100009074,-424,True
func_g_0x100009136,150,False
func_g_0x1000091ca,-776,False
func_g_0x100009217,-226,False
func_g_0x10000921a,-371,True
func_g_0x10000924b,611,False
func_g_0x10000924d,-175,False
func_g_0x10000924f,916,True
func_g_0x100009253,-644,True
func_g_0x1000093d3,842,False
func_g_0x100009458,704,True
func_g_0x10000962b,-218,True
func_g_0x100009966,-371,True
func_g_0x100009969,637,True
func_g_0x100009cfd,-460,False
func_g_0x100009d3f,725,True
func_g_0x100009d41,-810,True
func_g_0x100009d43,98,True
func_g_0x100009d7a,-801,False
func_g_0x10000a2c9,-331,True
func_g_0x10000a305,-396,True
func_g_0x10000a365,736,False
func_g_0x10000a487,-30,False
func_g_0x10000a494,310,True
func_g_0x10000a7d5,334,False
func_g_0x10000a8ea,-122,False
func_g_0x10000abf6,218,True
func_g_0x10000ac6e,-688,False
func_g_0x10000ae8f,-235,False
func_g_0x10000ae99,774,False
func_g_0x10000ae9b,-258,False
func_g_0x10000af79,789,False
func_g_0x10000af8f,718,True
func_g_0x10000af9e,152,True
func_g_0x10000b022,1136,True
func_g_0x10000b024,-398,False
func_g_0x10000b049,775,True
func_g_0x10000b167,1103,False
func_g_0x10000b17f,169,True
func_g_0x10000b181,932,True
func_g_0x10000b1b6,858,True
func_g_0x10000b295,-314,False
func_g_0x10000b297,579,False
func_g_0x10000b299,-206,True
func_g_0x10000b4cc,238,False
func_g_0x10000b5c1,779,False
func_g_0x10000b6e0,790,False
func_g_0x10000c0e6,308,True
func_g_0x10000c0eb,-466,True
func_g_0x10000c0f2,-521,True
func_g_0x10000c0f6,1082,True
func_g_0x10000c2d2,414,False
func_g_0x10000c3bf,-672,True
func_g_0x10000c43c,640,True
func_g_0x10000c587,-50,False
func_g_0x10000c850,-85,False
func_g_0x10000c854,-57,True
func_g_0x10000c93a,-559,True
func_g_0x10000c95d,108,False
func_g_0x10000cd54,370,True
func_g_0x10000d07a,258,True
func_g_0x10000d4fc,556,False
func_ge_0x100003ab3,855,False
func_ge_0x100003ab5,868,False
func_ge_0x100003ab7,-787,True
func_ge_0x100003abf,-227,False
func_ge_0x100003ae8,-525,True
func_ge_0x100003aec,308,True
func_ge_0x100003b18,1116,False
func_ge_0x100003d10,559,True
func_ge_0x100003d16,263,True
func_ge_0x1000041e9,-218,False
func_ge_0x100004218,-187,True
func_ge_0x100004d75,-536,True
func_ge_0x100005366,0,True
func_ge_0x10000571d,356,False
func_ge_0x100005725,43,True
func_ge_0x10000572f,-21,False
func_ge_0x100005738,-345,True
func_ge_0x100005744,-569,True
func_ge_0x100005746,-803,False
func_ge_0x10000574e,636,True
func_ge_0x100005750,338,False
func_ge_0x100005752,968,False
func_ge_0x100005fbf,1092,True
func_ge_0x100005fc3,619,False
func_ge_0x100005fc5,415,False
func_ge_0x100005fc9,1135,False
func_ge_0x100005fcf,656,True
func_ge_0x100005fd1,-87,False
func_ge_0x100005fd3,-232,True
func_ge_0x100005fe3,-72,True
func_ge_0x1000060ca,-444,True
func_ge_0x1000060cc,-346,True
func_ge_0x100006688,457,False
func_ge_0x10000815f,840,False
func_ge_0x1000087da,645,False
func_ge_0x1000087ec,738,False
func_ge_0x1000087f5,350,False
func_ge_0x1000096e1,689,True
func_ge_0x100009f46,-786,True
func_ge_0x10000ae2a,291,True
func_ge_0x10000ae63,992,False
func_ge_0x10000ae89,383,True
func_ge_0x10000b564,-328,False
func_ge_0x10000b568,350,True
func_ge_0x10000c47a,-635,True
func_ge_0x10000c87c,-465,False
func_ge_0x10000ce9c,781,False
func_ge_0x10000d40a,433,True
func_ge_0x10000d40c,413,False
func_ge_0x10000d41c,-12,False
func_ge_0x10000d41e,224,False
func_gi_0x100003939,304,False
func_gn_0x1000038a8,-274,False
func_gn_0x1000039d5,-588,False
func_gn_0x1000039e3,28,False
func_gn_0x1000039f2,1002,True
func_gn_0x100006f56,607,True
func_gn_0x100006f5c,989,True
func_gn_0x100006f62,-40,True
func_gn_0x100006f64,-140,False
func_gn_0x100007182,621,True
func_gn_0x10000871b,-338,True
func_gn_0x10000878b,-129,False
func_gn_0x10000cf19,392,False
func_gn_0x10000cf25,-664,False
func_gn_0x10000cf31,1092,False
func_gn_0x10000cf39,-6,False
func_gn_0x10000cf49,585,True
func_gn_0x10000cf65,-362,False
func_gn_0x10000cf69,-292,False
func_gn_0x10000cf6b,764,True
func_gn_0x10000cf6f,-508,True
func_gn_0x10000cf7f,654,True
func_gn_0x10000cf83,-391,True
func_gn_0x10000cf97,-150,False
func_gn_0x10000cf99,260,False
func_gn_0x10000cfaf,-442,False
func_gt_0x10000000c,451,True
func_gu_0x1000074cf,-251,True
func_gu_0x1000074d3,-662,False
func_gu_0x1000074d5,682,False
func_gu_0x100007510,-810,True
func_gu_0x100007514,1143,False
func_gu_0x100007518,730,False
func_gu_0x10000751a,452,False
func_gu_0x10000751c,-781,False
func_gu_0x10000753a,763,True
func_gu_0x10000753c,-484,True
func_gu_0x10000753e,-495,True
func_gu_0x100007540,487,False
func_gu_0x10000755b,788,True
func_gu_0x10000755f,-665,True
func_gu_0x100007570,-699,False
func_gu_0x100007578,181,False
func_gu_0x10000757e,578,False
func_gu_0x100007594,1017,True
func_gu_0x100007599,235,False
func_gu_0x1000075a1,-248,False
func_gu_0x1000075b7,896,False
func_gu_0x1000075bf,850,True
func_gu_0x1000075c1,-356,False
func_gu_0x1000075d4,632,True
func_gu_0x1000075d6,625,False
func_gu_0x1000075da,605,True
func_gu_0x1000075e6,-143,False
func_gu_0x1000075ec,-228,True
func_gu_0x100008726,-580,True
func_gu_0x10000bcaf,-59,False
func_gu_0x10000cff7,1160,False
func_gu_0x10000cffd,721,True
func_gu_0x10000d047,-355,True
func_h_0x100000143,1072,False
func_h_0x10000020b,289,True
func_h_0x1000002dc,-163,False
func_h_0x1000002de,1051,False
func_h_0x1000002e0,21,True
func_h_0x1000002e6,-827,False
func_h_0x10000054f,-579,True
func_h_0x1000005d3,926,False
func_h_0x1000008dd,-542,False
func_h_0x100003a3a,1109,False
func_h_0x100003a3e,830,False
func_h_0x100003a9f,64,False
func_h_0x10000404c,281,False
func_h_0x1000040fe,-428,True
func_h_0x10000426f,-721,False
func_h_0x10000427c,-603,False
func_h_0x100004280,-281,False
func_h_0x100004284,-678,True
func_h_0x1000043fa,-182,True
func_h_0x100004436,911,False
func_h_0x1000044b9,-424,True
func_h_0x10000450a,915,False
func_h_0x1000047d0,-336,True
func_h_0x1000047d2,453,False
func_h_0x100004b98,-104,True
func_h_0x100004c51,-194,True
func_h_0x100004e4f,375,False
func_h_0x100004e53,659,True
func_h_0x100004e55,652,False
func_h_0x1000054bd,-547,True
func_h_0x100005512,1077,False
func_h_0x100005601,101,False
func_h_0x100005a67,422,False
func_h_0x100005ecd,403,False
func_h_0x100005ed1,-312,True
func_h_0x100005efd,338,True
func_h_0x100005f03,-257,True
func_h_0x100005f09,889,True
func_h_0x100005f9b,79,False
func_h_0x100005fab,748,False
func_h_0x1000064db,549,False
func_h_0x10000686c,-261,True
func_h_0x1000068b8,907,True
func_h_0x1000069c4,841,False
func_h_0x100006dbf,-734,True
func_h_0x10000724d,1121,True
func_h_0x100007ab3,44,False
func_h_0x100007ba2,1056,True
func_h_0x100007e46,-219,True
func_h_0x100008069,-151,False
func_h_0x100008147,-153,False
func_h_0x100008149,766,True
func_h_0x10000830a,-193,False
func_h_0x10000830c,57,True
func_h_0x10000835b,-535,False
func_h_0x100008377,-520,False
func_h_0x100008542,-394,True
func_h_0x10000859f,931,False
func_h_0x1000085a2,820,True
func_h_0x1000085a4,-751,False
func_h_0x1000085a6,1111,True
func_h_0x100008601,1140,True
func_h_0x10000862f,-526,False
func_h_0x10000870b,767,False
func_h_0x10000922d,524,False
func_h_0x100009312,-198,False
func_h_0x100009448,1025,False
func_h_0x10000968c,1037,True
func_h_0x10000995f,225,True
func_h_0x100009bf3,167,False
func_h_0x100009bf5,624,False
func_h_0x100009d53,-88,True
func_h_0x100009e92,-634,True
func_h_0x10000a303,107,True
func_h_0x10000a737,1155,True
func_h_0x10000a8d5,-6,False
func_h_0x10000a97b,-405,True
func_h_0x10000a9a6,-747,False
func_h_0x10000abf0,1027,True
func_h_0x10000ac5e,-264,False
func_h_0x10000ad74,-48,False
func_h_0x10000ad87,-210,False
func_h_0x10000af7d,-119,False
func_h_0x10000b06e,1042,False
func_h_0x10000b4ca,-623,False
func_h_0x10000b579,-674,False
func_h_0x10000b946,-216,True
func_h_0x10000b95f,1020,False
func_h_0x10000c0ed,580,False
func_h_0x10000c217,838,False
func_h_0x10000c48a,156,True
func_h_0x10000c8c9,-197,False
func_h_0x10000c936,671,True
func_h_0x10000c94c,952,True
func_h_0x10000c96e,-275,False
func_h_0x10000c976,-636,True
func_h_0x10000d396,969,True
func_h_0x10000d398,-603,False
func_h_0x10000d39e,877,True
func_he_0x1000046f4,978,True
func_he_0x10000477c,1104,False
func_he_0x10000477e,1103,True
func_he_0x10000478a,-389,True
func_he_0x1000047a2,1081,True
func_he_0x100005771,843,True
func_he_0x100005777,997,True
func_he_0x1000061ac,836,True
func_he_0x10000645c,464,True
func_he_0x10000645e,476,True
func_he_0x10000677d,-145,True
func_he_0x10000679a,-239,False
func_he_0x100006c00,903,True
func_he_0x1000077a0,-8,True
func_he_0x1000077a7,-764,True
func_he_0x100007a58,15,False
func_he_0x1000080c9,-68,True
func_he_0x1000080d9,-335,True
func_he_0x100008185,-548,False
func_he_0x100008187,-600,False
func_he_0x10000818b,-612,False
func_he_0x100009f50,866,True
func_he_0x10000a702,-405,False
func_he_0x10000a706,687,False
func_he_0x10000a70a,479,True
func_he_0x10000a71a,-494,False
func_he_0x10000a71c,284,True
func_he_0x10000a71e,775,True
func_he_0x10000a720,195,True
func_he_0x10000a722,1079,True
func_he_0x10000a9e8,138,False
func_he_0x10000b541,985,True
func_he_0x10000b772,83,True
func_he_0x10000b9b3,111,False
func_he_0x10000b9b5,-43,True
func_he_0x10000b9f4,88,False
func_he_0x10000b9fc,153,False
func_he_0x10000c37a,745,False
func_he_0x10000c570,-275,True
func_he_0x10000cc3b,221,False
func_he_0x10000ce9e,518,False
func_he_0x10000cea3,-435,True
func_he_0x10000ceaf,-685,False
func_he_0x10000ceb1,920,True
func_he_0x10000ceba,-87,False
func_he_0x10000ced1,119,False
func_he_0x10000ced3,787,True
func_he_0x10000d0a6,631,False
func_he_0x10000d253,387,False
func_he_0x10000d294,804,False
func_he_0x10000d2cf,821,True
func_he_0x10000d2d6,104,False
func_he_0x10000d47c,130,True
func_he_0x10000d4ad,-7,True
func_he_0x10000d4db,78,False
func_hn_0x1000007f0,1125,False
func_hn_0x10000081e,14,True
func_hn_0x100004919,-101,True
func_hn_0x100004fa9,134,False
func_hn_0x10000c798,-323,True
func_ht_0x10000081d,-426,True
func_ht_0x100007818,-621,False
func_ht_0x10000783c,-321,False
func_ht_0x10000b7b9,-498,True
func_ht_0x10000b7df,-827,True
func_ht_0x10000c55e,-452,False
func_ht_0x10000c562,-456,False
func_ht_0x10000c564,878,True
func_ht_0x10000c79a,-101,True
func_ht_0x10000c79c,-321,False
func_ht_0x10000c7a6,-448,True
func_ht_0x10000c7cb,159,False
func_ht_0x10000c803,-550,False
func_ht_0x10000c81b,714,True
func_ht_0x10000c832,312,True
func_ht_0x10000c838,53,False
func_ht_0x10000c83a,-691,True
func_ht_0x10000c841,-28,False
func_hu_0x100005910,990,True
func_hu_0x100005914,117,True
func_hu_0x10000591a,257,True
func_hu_0x100005974,117,True
func_hu_0x1000059c2,4,True
func_hu_0x100005dcd,-315,False
func_hu_0x100005ea0,1015,False
func_ie_0x1000001f2,50,True
func_ie_0x100003812,47,True
func_ie_0x10000413c,-499,True
func_ie_0x1000042d4,1031,True
func_ie_0x1000042d6,-211,True
func_ie_0x1000042d8,114,True
func_ie_0x100004836,-334,True
func_ie_0x100004883,975,True
func_ie_0x100004887,-53,False
func_ie_0x1000048c9,-571,False
func_ie_0x100004a00,155,False
func_ie_0x100004a28,-783,True
func_ie_0x10000537f,-29,False
func_ie_0x10000544b,1003,True
func_ie_0x100005451,-93,False
func_ie_0x10000617a,579,True
func_ie_0x100006194,674,False
func_ie_0x100006520,409,True
func_ie_0x100006c6c,208,True
func_ie_0x100006c71,-583,True
func_ie_0x100006c75,-513,True
func_ie_0x100006c7c,343,True
func_ie_0x100006e24,-116,False
func_ie_0x100006e2c,57,False
func_ie_0x100006e34,601,False
func_ie_0x100006e40,-793,False
func_ie_0x100007478,-612,False
func_ie_0x10000747f,1115,True
func_ie_0x1000076be,-83,True
func_ie_0x1000076ed,-10,False
func_ie_0x100007706,-339,False
func_ie_0x1000078e8,-574,True
func_ie_0x100007a5c,-308,True
func_ie_0x100007aff,-144,False
func_ie_0x100007bd1,934,False
func_ie_0x100007bd8,308,False
func_ie_0x100007be1,-360,True
func_ie_0x100007be3,-500,True
func_ie_0x100007be5,-356,True
func_ie_0x100007be7,-586,False
func_ie_0x100007beb,940,True
func_ie_0x100008169,-113,True
func_ie_0x100008ae6,-659,True
func_ie_0x10000a386,127,True
func_ie_0x10000a410,437,True
func_ie_0x10000a59b,-204,True
func_ie_0x10000a73c,1140,False
func_ie_0x10000a795,-199,True
func_ie_0x10000a797,-583,False
func_ie_0x10000a7aa,1050,True
func_ie_0x10000a7ac,-556,True
func_ie_0x10000a7ae,-7,False
func_ie_0x10000a7b2,187,False
func_ie_0x10000a7b8,-631,False
func_ie_0x10000a7fe,980,True
func_ie_0x10000b366,697,False
func_ie_0x10000b70e,-40,False
func_ie_0x10000b755,968,True
func_ie_0x10000b759,-39,False
func_ie_0x10000b75b,765,True
func_ie_0x10000b75f,157,True
func_ie_0x10000b78d,58,False
func_ie_0x10000b793,440,False
func_ie_0x10000b795,-629,False
func_ie_0x10000b8f2,876,True
func_ie_0x10000b8f4,-289,True
func_ie_0x10000b99e,1018,False
func_ie_0x10000b9a0,646,True
func_ie_0x10000b9a8,698,False
func_ie_0x10000b9ca,346,True
func_ie_0x10000c0ae,268,False
func_ie_0x10000c248,-790,False
func_ie_0x10000c24a,845,False
func_ie_0x10000c305,541,False
func_ie_0x10000c307,-630,True
func_ie_0x10000c4fb,1105,True
func_ie_0x10000c503,-810,True
func_ie_0x10000c506,-399,False
func_ie_0x10000c57b,-547,False
func_ie_0x10000c57f,-244,False
func_ie_0x10000c909,280,False
func_ie_0x10000ced7,-640,False
func_ie_0x10000d1cd,746,True
func_ie_0x10000d37e,-816,True
func_ie_0x10000d38a,262,False
func_io_0x100004ff1,7,False
func_io_0x1000050f6,-621,False
func_ir_0x10000509c,-266,True
func_ir_0x1000050a0,-87,False
func_iu_0x100006317,33,True
func_iu_0x100006f41,-559,True
func_iu_0x100006f45,939,True
func_iu_0x100006f47,-145,True
func_iu_0x100006f76,-106,True
func_iu_0x100006f80,-541,False
func_iu_0x100007000,-131,False
func_iu_0x100007002,115,False
func_iu_0x100007004,-389,False
func_iu_0x100007008,-426,True
func_iu_0x10000700e,189,True
func_iu_0x100007010,-645,True
func_iu_0x10000b86a,-714,True
func_iu_0x10000c7b7,182,True
func_iu_0x10000c7b9,1114,False
func_iu_0x10000c7bb,824,False
func_iu_0x10000c817,-406,False
func_j_0x100004037,-171,False
func_j_0x10000482a,-338,False
func_j_0x100004832,1063,False
func_j_0x100004834,391,True
func_j_0x100004838,-72,False
func_j_0x10000489f,160,True
func_j_0x1000048cd,744,False
func_j_0x1000049ce,1097,False
func_j_0x100004bf9,-177,False
func_j_0x100004bfd,504,True
func_j_0x100004c01,-733,True
func_j_0x100004c03,-418,True
func_j_0x100004c05,760,False
func_j_0x100004c07,-652,True
func_j_0x100004c09,-327,False
func_j_0x100004c5c,607,False
func_j_0x100004c60,24,False
func_j_0x100005356,-685,False
func_j_0x100005378,-212,False
func_j_0x100006037,-584,True
func_j_0x10000617e,169,True
func_j_0x100006458,1136,True
func_j_0x10000651c,490,False
func_j_0x100006ae4,813,False
func_j_0x100006ae6,-104,False
func_j_0x100006aea,-27,False
func_j_0x100006aee,763,False
func_j_0x100006af0,-549,True
func_j_0x100006af2,659,True
func_j_0x100006af4,-288,False
func_j_0x100006c82,-592,True
func_j_0x100006e48,-651,True
func_j_0x100006e50,541,True
func_j_0x100006e52,720,False
func_j_0x100006e54,-599,True
func_j_0x100006e56,334,False
func_j_0x100006e58,1002,True
func_j_0x1000071a4,525,False
func_j_0x1000071ad,-759,True
func_j_0x1000074bc,-292,True
func_j_0x1000076ec,-72,True
func_j_0x1000076f0,1053,True
func_j_0x1000076fb,384,True
func_j_0x100007708,-104,True
func_j_0x100007732,1039,True
func_j_0x100007bd5,-718,True
func_j_0x100007f88,1147,True
func_j_0x1000082b4,-532,False
func_j_0x1000082b8,800,False
func_j_0x1000082bc,936,True
func_j_0x1000082be,-779,False
func_j_0x1000082c0,397,False
func_j_0x1000083ae,-128,False
func_j_0x100008ae9,761,False
func_j_0x100009427,63,True
func_j_0x10000a27b,-541,True
func_j_0x10000a288,831,False
func_j_0x10000a2a5,218,False
func_j_0x10000a434,763,False
func_j_0x10000a744,716,False
func_j_0x10000a8a5,-39,True
func_j_0x10000a8ba,159,True
func_j_0x10000b347,-339,False
func_j_0x10000b50a,-322,False
func_j_0x10000b512,819,True
func_j_0x10000b518,558,False
func_j_0x10000b685,127,True
func_j_0x10000b68b,-747,True
func_j_0x10000b691,636,True
func_j_0x10000b695,-15,False
func_j_0x10000b6db,-816,True
func_j_0x10000b76d,1101,False
func_j_0x10000b797,-245,True
func_j_0x10000b962,-598,True
func_j_0x10000b96c,-801,True
func_j_0x10000b9ae,120,True
func_j_0x10000b9b0,510,True
func_j_0x10000b9c2,401,True
func_j_0x10000b9c4,168,True
func_j_0x10000baf6,-407,True
func_j_0x10000c088,661,False
func_j_0x10000c098,689,False
func_j_0x10000c0ba,-630,False
func_j_0x10000c24e,677,False
func_j_0x10000c2ff,-781,False
func_j_0x10000c4ff,-136,True
func_j_0x10000c57d,926,False
func_j_0x10000c581,667,True
func_j_0x10000c583,540,False
func_j_0x10000d1d3,-297,False
func_j_0x10000d1d5,-452,False
func_j_0x10000d1d7,-216,True
func_j_0x10000d1d9,-792,True
func_j_0x10000d2cb,689,True
func_je_0x100008d05,-465,True
func_je_0x100008d07,-253,True
func_je_0x100008d0b,-301,False
func_je_0x100008d16,-217,True
func_je_0x100008de1,-362,False
func_je_0x100008de7,-545,False
func_je_0x100008dfc,-367,True
func_je_0x100008dff,482,True
func_je_0x100008e01,-723,True
func_je_0x100008e0d,-139,True
func_je_0x100008e11,51,False
func_je_0x100008e13,829,True
func_je_0x100008e18,-409,False
func_je_0x100008e1b,-670,True
func_je_0x100008e26,1130,True
func_je_0x100008e2b,776,True
func_je_0x100008e2f,-327,True
func_je_0x100008e33,-538,True
func_je_0x100008e39,-64,True
func_je_0x100008e47,-804,True
func_je_0x100008e59,-598,False
func_je_0x100008e5b,503,False
func_je_0x100008e5d,930,False
func_je_0x100008e5f,-156,False
func_je_0x100008e74,-611,False
func_je_0x100008e77,960,False
func_je_0x100008e7a,-412,True
func_je_0x100008e7d,-32,True
func_je_0x100008e86,-439,False
func_je_0x100008e8f,-414,False
func_je_0x100008ea3,375,True
func_je_0x100008eab,762,False
func_je_0x100008ead,949,False
func_je_0x100008eb1,-478,False
func_je_0x100008eb3,-298,False
func_je_0x100008ec9,-573,False
func_je_0x100008ecb,792,False
func_je_0x100008ecd,-432,False
func_je_0x100008ed3,32,False
func_je_0x100008ede,-16,False
func_je_0x100008ef4,-799,False
func_je_0x100008f0a,408,False
func_je_0x100008f1c,971,False
func_je_0x100008f33,448,True
func_je_0x100008f37,519,False
func_je_0x100008f3a,-739,True
func_je_0x100008f3f,-626,True
func_je_0x100008f70,-331,True
func_je_0x100008f8f,-197,True
func_je_0x100008fb1,-115,True
func_je_0x100008fd8,1054,False
func_je_0x100008fdf,333,True
func_je_0x100008fec,151,False
func_je_0x100008ffb,53,True
func_je_0x100009003,-382,False
func_je_0x10000901d,373,False
func_je_0x100009023,-90,False
func_je_0x10000903c,2,False
func_je_0x10000904c,881,True
func_ji_0x10000bc6c,-816,False
func_ji_0x10000bc70,284,False
func_ji_0x10000bc72,395,False
func_ji_0x10000bc78,1051,True
func_ji_0x10000bc7a,-474,True
func_ji_0x10000bc7c,1152,True
func_ji_0x10000bc7e,694,False
func_jn_0x10000954b,-709,False
func_jn_0x1000097ea,-128,True
func_jn_0x100009ba4,934,True
func_jn_0x100009ba7,196,True
func_jn_0x10000b3ac,-807,True
func_jn_0x10000b3d6,797,False
func_jn_0x10000b45d,1085,False
func_jn_0x10000b46f,345,True
func_jn_0x10000b5f5,-182,False
func_jn_0x10000cc0f,264,False
func_jo_0x1000052ab,1105,True
func_jo_0x1000052e1,936,True
func_jr_0x10000387d,-610,False
func_jr_0x10000710a,-123,False
func_jr_0x10000bf76,804,True
func_jr_0x10000d03b,-405,False
func_jt_0x100000607,1066,False
func_jt_0x10000492e,-313,False
func_jt_0x100007834,184,True
func_jt_0x100007a1b,-660,True
func_jt_0x100008214,-563,False
func_jt_0x10000954e,817,False
func_jt_0x100009b99,-251,False
func_jt_0x10000a0ce,-578,False
func_jt_0x10000b3f6,599,True
func_jt_0x10000cc10,552,True
func_jt_0x10000cc12,-582,True
func_ju_0x100000799,819,False
func_ju_0x10000079b,16,False
func_ju_0x1000007a1,-484,True
func_ju_0x1000007a5,1138,False
func_ju_0x1000007ab,270,False
func_ju_0x1000007ad,751,False
func_ju_0x1000007b1,216,True
func_ju_0x1000007b3,-221,True
func_ju_0x1000007b5,-517,False
func_ju_0x1000007b7,-277,True
func_ju_0x1000007bd,767,True
func_ju_0x1000007bf,-66,False
func_ju_0x1000007c5,702,True
func_ju_0x1000007c7,-156,False
func_ju_0x1000007cb,-563,False
func_ju_0x1000007cd,811,False
func_ju_0x1000007d1,-328,True
func_ju_0x1000007d5,567,False
func_ju_0x1000007d9,701,True
func_ju_0x1000007dd,-173,False
func_ju_0x1000007df,800,False
func_ju_0x1000007e1,-716,True
func_ju_0x100006f77,1067,False
func_ju_0x10000a592,702,True
func_ju_0x10000b860,767,True
func_ju_0x10000b862,-96,True
func_ju_0x10000b864,1054,True
func_ju_0x10000b86b,432,False
func_ju_0x10000b86d,-489,False
func_ju_0x10000b873,-634,True
func_k_0x1000001af,502,True
func_k_0x1000001b1,826,False
func_k_0x1000001d1,416,False
func_k_0x1000001d5,-642,False
func_k_0x1000001d9,1022,False
func_k_0x1000001dd,634,True
func_k_0x1000001df,528,True
func_k_0x1000035d8,794,False
func_k_0x100003624,486,True
func_k_0x100003626,-72,True
func_k_0x10000362c,1146,False
func_k_0x100003640,-177,False
func_k_0x100003c1f,338,True
func_k_0x1000040d1,642,True
func_k_0x100004111,1093,True
func_k_0x100004259,-579,False
func_k_0x10000425b,1048,False
func_k_0x10000429a,1004,True
func_k_0x10000429e,-149,False
func_k_0x1000042f6,-457,False
func_k_0x1000042fe,812,True
func_k_0x100004399,-564,False
func_k_0x10000441f,-356,True
func_k_0x10000449b,-351,True
func_k_0x100004c59,351,True
func_k_0x100005437,-786,False
func_k_0x100005513,34,True
func_k_0x100005522,-836,False
func_k_0x100005525,822,True
func_k_0x10000552c,-787,False
func_k_0x10000557a,203,False
func_k_0x10000557e,938,False
func_k_0x100005582,551,True
func_k_0x100005586,457,True
func_k_0x1000061ed,-772,False
func_k_0x1000061f0,-57,True
func_k_0x10000643d,-720,True
func_k_0x1000064dc,621,True
func_k_0x10000691c,-777,True
func_k_0x100006b0b,280,False
func_k_0x100006bd0,-766,False
func_k_0x100006e06,449,False
func_k_0x100007241,-301,False
func_k_0x1000078b9,-421,False
func_k_0x100007942,-665,True
func_k_0x100007946,655,True
func_k_0x100007948,23,False
func_k_0x100007b23,1003,True
func_k_0x100007b4c,887,False
func_k_0x100007cfa,414,True
func_k_0x100007cfd,-251,False
func_k_0x100007d03,878,False
func_k_0x100007d05,111,True
func_k_0x100007d07,-57,True
func_k_0x100007d09,535,False
func_k_0x100007d73,-702,False
func_k_0x100007d7f,794,True
func_k_0x100007f5a,753,True
func_k_0x100007f7b,-527,False
func_k_0x100008062,-53,True
func_k_0x100008064,-204,True
func_k_0x10000810b,-187,True
func_k_0x10000810d,660,True
func_k_0x10000811b,24,False
func_k_0x1000081ac,-108,True
func_k_0x100008380,1019,True
func_k_0x1000084c4,915,False
func_k_0x10000892b,607,False
func_k_0x100008c92,-674,False
func_k_0x10000923c,-506,True
func_k_0x100009332,375,True
func_k_0x1000093ef,-217,False
func_k_0x100009469,1107,False
func_k_0x1000094d5,-101,True
func_k_0x1000094eb,-221,False
func_k_0x1000094ee,-684,True
func_k_0x100009759,271,True
func_k_0x1000098aa,1049,False
func_k_0x100009a0e,-24,False
func_k_0x100009a12,-414,True
func_k_0x100009a35,659,False
func_k_0x100009c12,-652,False
func_k_0x100009d58,675,False
func_k_0x100009d5c,451,True
func_k_0x100009d6e,715,False
func_k_0x100009d72,755,False
func_k_0x100009d86,-381,True
func_k_0x100009d8a,-90,False
func_k_0x100009d8c,1056,False
func_k_0x100009d8e,-774,True
func_k_0x100009eac,794,False
func_k_0x10000a390,-474,True
func_k_0x10000a3aa,477,False
func_k_0x10000a61e,-207,True
func_k_0x10000a622,640,False
func_k_0x10000a624,34,True
func_k_0x10000a626,142,True
func_k_0x10000a628,-468,False
func_k_0x10000a62a,422,True
func_k_0x10000a62c,-182,True
func_k_0x10000a6ac,-541,True
func_k_0x10000a6b0,1151,False
func_k_0x10000a6b6,993,True
func_k_0x10000aa91,217,False
func_k_0x10000aa93,4,False
func_k_0x10000aa97,13,False
func_k_0x10000aa9b,622,False
func_k_0x10000aa9f,-511,True
func_k_0x10000aad0,589,True
func_k_0x10000aadc,293,True
func_k_0x10000ab10,-691,False
func_k_0x10000b0d4,-326,False
func_k_0x10000b0d8,759,True
func_k_0x10000b0e0,-75,True
func_k_0x10000b47c,-35,True
func_k_0x10000b483,822,False
func_k_0x10000b765,204,False
func_k_0x10000b786,-168,True
func_k_0x10000b8b1,783,False
func_k_0x10000b8cc,764,True
func_k_0x10000b961,690,False
func_k_0x10000bcd1,-429,False
func_k_0x10000bdb8,459,False
func_k_0x10000c2eb,-371,False
func_k_0x10000c2f8,965,True
func_k_0x10000c2fa,-59,True
func_k_0x10000c3fe,505,False
func_k_0x10000c427,-644,True
func_k_0x10000c8de,185,False
func_k_0x10000cd38,994,False
func_k_0x10000cdaf,-127,True
func_k_0x10000d319,773,False
func_k_0x10000d31d,-803,False
func_k_0x10000d32c,50,True
func_ke_0x100003d2e,520,False
func_ke_0x100003d34,94,False
func_ke_0x100004db1,767,False
func_ke_0x100006a38,270,False
func_ke_0x100006aa6,301,True
func_ke_0x100006aab,-675,False
func_ke_0x100006b3b,-52,True
func_ke_0x100006b4c,945,True
func_ke_0x1000071e8,-674,False
func_ke_0x1000073a2,547,False
func_ke_0x1000073dd,-490,True
func_ke_0x100007fbb,-477,True
func_ke_0x100007fbf,931,False
func_ke_0x100007fd9,305,True
func_ke_0x1000099b6,-262,True
func_ke_0x1000099ca,-587,True
func_ke_0x1000099d6,1067,False
func_ke_0x1000099d8,470,True
func_ke_0x1000099dc,1000,True
func_ke_0x1000099e2,1,False
func_ke_0x1000099f0,121,True
func_ke_0x10000c6b8,1093,True
func_ke_0x10000c9d0,-315,True
func_ke_0x10000c9d4,613,True
func_ke_0x10000c9de,807,False
func_ke_0x10000c9e4,588,True
func_ke_0x10000c9e8,189,True
func_ke_0x10000c9ec,1146,False
func_ke_0x10000c9ee,-65,True
func_ke_0x10000c9f6,-422,True
func_ke_0x10000c9f8,898,False
func_ke_0x10000c9fe,623,True
func_ke_0x10000ca00,-102,False
func_ke_0x10000ca08,-523,False
func_ke_0x10000ca0c,-366,True
func_ke_0x10000cbf5,725,True
func_ke_0x10000cbf7,726,False
func_ke_0x10000d0f0,980,False
func_ke_0x10000d413,123,True
func_ki_0x100008b53,-228,False
func_ki_0x100008b84,200,True
func_ki_0x100008bac,-30,True
func_ki_0x100008bae,1039,False
func_kn_0x100003673,748,True
func_kn_0x100003695,-758,False
func_kn_0x10000369d,1088,True
func_kn_0x1000036a1,381,True
func_kn_0x1000036a3,45,False
func_kn_0x10000379c,-502,False
func_kn_0x1000037ae,-177,False
func_kn_0x1000037b0,-386,True
func_kn_0x1000037b2,405,False
func_kn_0x100006354,260,True
func_kn_0x100006360,-728,False
func_kn_0x100006362,720,True
func_kn_0x100006364,908,True
func_kn_0x100006366,209,True
func_kn_0x10000636a,990,True
func_kn_0x100006370,-168,True
func_kn_0x100006372,108,True
func_kn_0x10000b897,335,True
func_kn_0x10000c78e,-504,False
func_kn_0x10000c790,988,False
func_kr_0x1000057c2,127,False
func_kr_0x100005d78,1131,False
func_kr_0x100005e9e,-597,False
func_kt_0x100004c1e,-704,False
func_kt_0x100004c23,-528,True
func_kt_0x100004dda,650,True
func_kt_0x1000065e2,651,True
func_kt_0x1000066d9,-484,False
func_kt_0x10000674b,366,True
func_kt_0x10000676e,-53,False
func_kt_0x10000678c,892,False
func_kt_0x100006790,796,False
func_kt_0x100006b36,146,False
func_kt_0x100007395,314,True
func_kt_0x100007399,857,True
func_kt_0x10000adbd,303,True
func_kt_0x10000adbf,155,True
func_kt_0x10000af01,89,True
func_kt_0x10000cafc,-620,False
func_kt_0x10000cb09,1094,False
func_kt_0x10000cb48,-291,False
func_kt_0x10000cb4a,70,False
func_kt_0x10000cb50,-740,True
func_kt_0x10000cb52,-358,False
func_kt_0x10000cec2,384,False
func_kt_0x10000cec4,-9,True
func_kt_0x10000cec8,-404,True
func_kt_0x10000ceca,552,False
func_kt_0x10000d157,-128,True
func_kt_0x10000d159,-60,False
func_kt_0x10000d15b,-789,True
func_kt_0x10000d165,963,True
func_kt_0x10000d167,661,True
func_l_0x100000049,413,False
func_l_0x100000312,-636,False
func_l_0x100000419,-14,True
func_l_0x100000908,-822,False
func_l_0x100003636,-601,False
func_l_0x100003a4b,204,False
func_l_0x100003aa1,-523,False
func_l_0x100003cc8,137,True
func_l_0x100003ccc,305,False
func_l_0x100003e44,-276,True
func_l_0x1000040b3,342,True
func_l_0x100004250,-286,False
func_l_0x100004252,894,True
func_l_0x10000434c,-424,True
func_l_0x10000438c,295,True
func_l_0x100004521,916,False
func_l_0x1000045f7,-624,True
func_l_0x1000045f9,1060,True
func_l_0x100004604,-181,True
func_l_0x10000462b,611,False
func_l_0x10000462d,-38,False
func_l_0x10000462f,4,True
func_l_0x10000470f,-342,False
func_l_0x10000473d,211,False
func_l_0x100004a79,1095,False
func_l_0x100004aef,515,True
func_l_0x100004b5f,60,True
func_l_0x100004b89,172,True
func_l_0x1000053df,191,False
func_l_0x100005471,229,True
func_l_0x10000548f,315,True
func_l_0x1000054e1,-240,True
func_l_0x1000055fe,-366,False
func_l_0x100005614,-552,True
func_l_0x100005a83,1128,False
func_l_0x100005f12,443,True
func_l_0x100005f63,-568,False
func_l_0x100005f6c,197,True
func_l_0x1000064ca,-492,False
func_l_0x100006543,876,True
func_l_0x100006894,670,False
func_l_0x10000689d,870,True
func_l_0x10000775e,-613,True
func_l_0x100007ae7,-599,True
func_l_0x100007cbc,125,False
func_l_0x100007e68,592,True
func_l_0x100008043,804,False
func_l_0x10000804b,209,True
func_l_0x100008081,-630,False
func_l_0x100008084,-161,True
func_l_0x10000831d,299,True
func_l_0x1000083e1,297,False
func_l_0x100008433,-668,True
func_l_0x100008435,624,True
func_l_0x100008460,-604,True
func_l_0x10000851a,-129,True
func_l_0x100008c4d,894,True
func_l_0x100009071,469,False
func_l_0x100009096,-400,True
func_l_0x1000090b6,108,True
func_l_0x1000090c9,706,True
func_l_0x100009248,-19,False
func_l_0x100009329,881,True
func_l_0x100009376,769,False
func_l_0x1000094a6,814,False
func_l_0x10000986b,-85,False
func_l_0x1000098f0,-714,True
func_l_0x100009a84,803,False
func_l_0x100009cab,12,True
func_l_0x100009d46,327,False
func_l_0x100009d7e,724,True
func_l_0x100009fa5,661,False
func_l_0x10000a026,131,True
func_l_0x10000a25e,548,False
func_l_0x10000a2c5,-472,False
func_l_0x10000a3b8,1077,True
func_l_0x10000a48a,-837,False
func_l_0x10000a7d1,-339,True
func_l_0x10000a7f9,947,False
func_l_0x10000a82b,-223,False
func_l_0x10000a85e,-564,True
func_l_0x10000a97a,-692,True
func_l_0x10000ab46,417,True
func_l_0x10000ad54,1060,True
func_l_0x10000b05a,1079,True
func_l_0x10000b0bd,859,False
func_l_0x10000b0f2,174,True
func_l_0x10000b104,695,False
func_l_0x10000b22b,-626,True
func_l_0x10000b338,-188,True
func_l_0x10000b4e3,-798,True
func_l_0x10000b4e7,458,False
func_l_0x10000b4ed,-119,False
func_l_0x10000b8da,280,False
func_l_0x10000b93a,922,False
func_l_0x10000b979,-82,False
func_l_0x10000ba51,-359,False
func_l_0x10000bd2c,74,True
func_l_0x10000bd6a,-26,True
func_l_0x10000c0c4,885,False
func_l_0x10000c21b,-144,False
func_l_0x10000c495,-482,False
func_l_0x10000c661,637,False
func_l_0x10000c6e4,478,False
func_l_0x10000c6eb,588,False
func_l_0x10000c6ed,-501,True
func_l_0x10000c6ef,825,False
func_l_0x10000c85e,1051,True
func_l_0x10000c94b,-156,True
func_l_0x10000c953,-726,False
func_l_0x10000c957,944,True
func_l_0x10000c959,-795,False
func_l_0x10000ce77,799,False
func_l_0x10000d2f6,-565,False
func_l_0x10000d395,490,True
func_l_0x10000d4fe,711,False
func_le_0x100004210,36,False
func_le_0x1000046b6,-155,True
func_le_0x100004bda,-812,True
func_le_0x100004d61,-362,False
func_le_0x10000536a,989,True
func_le_0x100005773,464,False
func_le_0x1000060c7,727,True
func_le_0x1000063ba,-566,True
func_le_0x10000641d,-248,True
func_le_0x100006426,372,False
func_le_0x100006428,404,False
func_le_0x10000642a,583,True
func_le_0x10000642c,672,True
func_le_0x100006434,-404,True
func_le_0x100006437,-834,True
func_le_0x100006caf,-48,False
func_le_0x100006cb3,-276,True
func_le_0x100006cba,-148,False
func_le_0x100007381,821,True
func_le_0x100008162,95,False
func_le_0x100008181,-824,True
func_le_0x100008649,-622,False
func_le_0x10000864c,-836,False
func_le_0x10000864e,-419,False
func_le_0x100008650,-733,False
func_le_0x100008652,-84,True
func_le_0x100008657,-824,False
func_le_0x1000086fb,931,False
func_le_0x1000086ff,-772,True
func_le_0x1000096dc,760,False
func_le_0x10000a6c8,-598,False
func_le_0x10000a6d1,804,False
func_le_0x10000a6d5,-269,False
func_le_0x10000a712,-126,True
func_le_0x10000a9f4,540,False
func_le_0x10000a9fa,-178,True
func_le_0x10000aa0c,-197,False
func_le_0x10000aa0e,-41,True
func_le_0x10000aa10,161,True
func_le_0x10000aa12,-775,True
func_le_0x10000aa1c,1111,False
func_le_0x10000b55c,-361,True
func_le_0x10000c2a2,127,False
func_le_0x10000c459,-794,True
func_le_0x10000c45b,200,True
func_le_0x10000c45d,375,False
func_le_0x10000c465,42,True
func_le_0x10000c575,297,True
func_le_0x10000ce9a,-711,True
func_le_0x10000ceb6,-640,False
func_li_0x100008f4e,-513,False
func_li_0x100009034,-378,True
func_li_0x100009046,-627,False
func_lo_0x1000074c8,-209,True
func_lo_0x10000d04e,85,False
func_lr_0x10000521f,1118,True
func_lr_0x1000052ef,1,True
func_lr_0x100005309,657,True
func_lr_0x100005311,-165,True
func_lt_0x100003940,211,True
func_lt_0x100007022,-236,False
func_lt_0x100007024,1071,True
func_lt_0x100007026,896,False
func_lt_0x100007089,462,False
func_lt_0x10000708b,265,True
func_lt_0x10000708d,-448,True
func_lt_0x100007091,334,False
func_lt_0x100007095,-716,False
func_lt_0x10000709b,-462,False
func_lt_0x1000070a3,599,False
func_lt_0x1000070a5,-168,True
func_lt_0x1000070ad,811,False
func_lt_0x1000070b3,53,True
func_lt_0x1000070b5,-833,True
func_lt_0x1000070bd,-288,False
func_lt_0x1000070bf,-620,False
func_lt_0x1000070c3,-728,False
func_lt_0x1000070c9,780,False
func_lt_0x1000070cb,893,False
func_lt_0x1000070cf,32,True
func_lt_0x1000070d3,-246,False
func_lt_0x1000070df,-350,True
func_lt_0x1000070e3,198,True
func_lt_0x1000070ed,-377,True
func_lt_0x1000070f1,-566,True
func_lt_0x1000070f9,547,False
func_lt_0x100007103,-651,True
func_lt_0x10000716f,784,True
func_lt_0x100007173,404,True
func_lt_0x100007175,295,True
func_lt_0x100007187,665,True
func_lt_0x10000718d,274,False
func_m_0x1000001b4,378,False
func_m_0x10000040f,1044,False
func_m_0x100000414,539,False
func_m_0x1000005bb,503,True
func_m_0x100000977,647,False
func_m_0x100003a2a,438,False
func_m_0x100003a46,988,False
func_m_0x100003a48,1007,False
func_m_0x100003bf4,-239,False
func_m_0x100003da6,-365,False
func_m_0x100003ddd,988,False
func_m_0x100003fbe,627,False
func_m_0x100004051,25,False
func_m_0x1000040e0,796,False
func_m_0x1000040f9,96,True
func_m_0x10000438d,-334,True
func_m_0x100004527,1033,True
func_m_0x10000460c,-32,True
func_m_0x100004738,535,False
func_m_0x100004a4f,448,True
func_m_0x100004af7,-741,False
func_m_0x100004b5b,-611,True
func_m_0x100004b80,-632,True
func_m_0x100004b8e,-174,False
func_m_0x10000547f,187,True
func_m_0x1000054ca,-148,False
func_m_0x100005542,1061,False
func_m_0x100005544,-524,True
func_m_0x100005546,-298,False
func_m_0x100005550,752,True
func_m_0x100005552,-267,True
func_m_0x100005556,-20,False
func_m_0x100005a86,728,False
func_m_0x100005edb,207,False
func_m_0x100005f20,1140,True
func_m_0x100005f2a,-267,True
func_m_0x100005f2d,258,True
func_m_0x100005f67,340,True
func_m_0x100005f7d,-321,False
func_m_0x100005f9a,1147,True
func_m_0x1000062ab,-265,False
func_m_0x100006637,1129,True
func_m_0x1000069dd,1137,False
func_m_0x100007696,1063,False
func_m_0x100007ac4,203,True
func_m_0x100007f41,949,True
func_m_0x10000802e,-723,True
func_m_0x100008097,464,False
func_m_0x100008315,-208,True
func_m_0x1000083d7,909,True
func_m_0x1000083db,-510,False
func_m_0x1000083e9,149,False
func_m_0x10000852f,698,False
func_m_0x10000858d,774,False
func_m_0x10000862d,474,False
func_m_0x1000088fd,-341,True
func_m_0x100008900,-489,False
func_m_0x10000906f,-695,False
func_m_0x100009166,251,False
func_m_0x100009251,365,True
func_m_0x100009255,-32,False
func_m_0x100009282,-772,False
func_m_0x10000928d,923,True
func_m_0x100009327,684,True
func_m_0x100009413,-805,False
func_m_0x1000094a1,678,False
func_m_0x10000962f,765,False
func_m_0x100009631,936,False
func_m_0x100009633,237,True
func_m_0x100009683,231,False
func_m_0x10000982a,-275,False
func_m_0x10000982d,767,True
func_m_0x100009853,27,False
func_m_0x100009880,671,False
func_m_0x100009bf9,1121,True
func_m_0x100009cfb,-770,False
func_m_0x100009d3b,-494,False
func_m_0x100009d3d,806,True
func_m_0x100009d50,-776,True
func_m_0x100009f83,175,True
func_m_0x10000a2cd,315,False
func_m_0x10000a2d1,370,True
func_m_0x10000a363,-743,False
func_m_0x10000a428,-405,False
func_m_0x10000a490,-601,True
func_m_0x10000a727,667,False
func_m_0x10000a862,-436,True
func_m_0x10000a8e8,531,True
func_m_0x10000a9a4,-256,False
func_m_0x10000ae95,556,True
func_m_0x10000ae97,-365,True
func_m_0x10000af48,694,True
func_m_0x10000af94,-601,False
func_m_0x10000b027,907,False
func_m_0x10000b04b,812,True
func_m_0x10000b04d,511,False
func_m_0x10000b08a,30,True
func_m_0x10000b10b,115,False
func_m_0x10000b10d,-362,True
func_m_0x10000b169,520,True
func_m_0x10000b16b,-578,False
func_m_0x10000b20a,-754,True
func_m_0x10000b228,763,False
func_m_0x10000b2e9,625,True
func_m_0x10000b665,1024,False
func_m_0x10000b93b,666,True
func_m_0x10000c0e9,1069,True
func_m_0x10000c0ef,-784,True
func_m_0x10000c118,267,True
func_m_0x10000c310,238,False
func_m_0x10000c333,608,False
func_m_0x10000c589,-11,True
func_m_0x10000c58d,500,False
func_m_0x10000c5ab,1041,True
func_m_0x10000d07c,66,True
func_m_0x10000d07e,-328,True
func_m_0x10000d182,8,False
func_m_0x10000d4fa,157,True
func_m_0x10000d504,346,False
func_m_0x10000d524,915,True
func_m_0x10000d52b,-813,False
func_me_0x100003d3b,-76,False
func_me_0x100004153,-233,False
func_me_0x100004159,-620,True
func_me_0x10000415b,639,True
func_me_0x10000415d,-121,False
func_me_0x10000415f,124,True
func_me_0x100004161,271,False
func_me_0x100004163,-255,False
func_me_0x100004169,-241,False
func_me_0x10000416b,-778,False
func_me_0x10000416f,657,False
func_me_0x100004171,-552,True
func_me_0x10000417b,1124,True
func_me_0x10000417f,315,True
func_me_0x100004181,364,False
func_me_0x100004183,907,True
func_me_0x100004185,-604,False
func_me_0x100004193,648,True
func_me_0x100004195,540,True
func_me_0x100004197,-595,False
func_me_0x10000419d,339,False
func_me_0x10000419f,950,True
func_me_0x1000041a1,-814,True
func_me_0x1000041a3,766,False
func_me_0x100004c0f,29,True
func_me_0x100004c11,331,False
func_me_0x100004c13,-401,True
func_me_0x100004c15,254,True
func_me_0x100004dcf,-762,True
func_me_0x1000060d3,-118,True
func_me_0x10000611b,-262,False
func_me_0x100006a4e,-94,False
func_me_0x100006baa,915,False
func_me_0x100006bae,-470,True
func_me_0x100006bb0,920,True
func_me_0x100006bb2,-391,False
func_me_0x100006bb6,1070,False
func_me_0x100006bb8,335,False
func_me_0x100006bba,756,False
func_me_0x100007233,539,True
func_me_0x100007235,419,True
func_me_0x1000073a4,196,False
func_me_0x1000073ab,840,True
func_me_0x1000073b3,152,False
func_me_0x1000073df,775,True
func_me_0x1000073e7,-238,False
func_me_0x1000077b2,99,False
func_me_0x1000077b8,882,False
func_me_0x100007ff3,-675,False
func_me_0x1000086e8,418,True
func_me_0x1000086ea,1124,True
func_me_0x10000aa50,945,False
func_me_0x10000add8,-330,False
func_me_0x10000b388,-652,True
func_me_0x10000c46e,-730,False
func_me_0x10000c69f,511,False
func_me_0x10000c6af,698,True
func_me_0x10000c6b3,580,True
func_me_0x10000c6b5,749,False
func_me_0x10000d176,927,False
func_me_0x10000d444,745,False
func_mn_0x100004562,-397,False
func_mn_0x100007331,234,True
func_mn_0x1000077fc,-724,False
func_mn_0x1000077fe,-682,True
func_mn_0x100007825,-344,True
func_mn_0x10000782d,549,False
func_mn_0x100007830,991,True
func_mn_0x100007832,1144,False
func_mn_0x100007837,18,False
func_mn_0x100007880,280,True
func_mn_0x100007884,-588,False
func_mn_0x100007894,-430,False
func_mn_0x10000789a,734,True
func_mn_0x10000789c,-540,True
func_mn_0x10000b3d8,-794,True
func_mn_0x10000b3da,-483,False
func_mn_0x10000b3de,774,True
func_mn_0x10000b7d6,1102,True
func_mn_0x10000ca31,-766,False
func_mn_0x10000ca53,1072,True
func_mo_0x10000cfee,629,False
func_mo_0x10000d02b,934,True
func_mr_0x100007130,212,True
func_mr_0x100007132,-294,True
func_mr_0x100007148,1116,False
func_mr_0x10000715c,127,False
func_mr_0x100007166,820,False
func_mr_0x10000a579,629,True
func_mr_0x10000a57b,-12,False
func_mr_0x10000a57f,804,False
func_mr_0x10000a583,-174,True
func_mr_0x10000a587,40,True
func_mr_0x10000d05d,1126,False
func_mt_0x100003898,-337,False
func_mt_0x1000038a2,-602,False
func_mt_0x1000038a4,-237,True
func_mt_0x1000038b6,-137,True
func_mt_0x1000039c5,-293,False
func_mt_0x1000039cc,-433,True
func_mt_0x1000039e0,267,True
func_mt_0x1000039e2,214,False
func_mt_0x1000039fd,-645,False
func_mt_0x100003a07,584,False
func_mt_0x100003a0d,688,True
func_mt_0x100003a11,221,False
func_mt_0x100003a15,1017,False
func_mt_0x100003a17,53,True
func_mt_0x100003a19,433,True
func_mt_0x100003a1b,343,True
func_mt_0x1000070db,928,True
func_mt_0x1000070fb,-293,False
func_mt_0x100007101,695,True
func_mt_0x100007165,630,False
func_mt_0x10000717b,139,False
func_mt_0x10000a53b,358,False
func_mt_0x10000a53d,929,True
func_mt_0x10000c7c2,567,True
func_mt_0x10000cf91,-312,False
func_mu_0x100003894,-743,False
func_mu_0x1000039ce,-243,False
func_mu_0x100006f54,-384,True
func_mu_0x100006f5e,252,True
func_mu_0x100006f60,-62,False
func_mu_0x100006f6a,-36,False
func_mu_0x100007107,133,True
func_mu_0x10000712f,46,False
func_mu_0x100008717,-625,True
func_mu_0x10000873b,-510,True
func_mu_0x100008763,1042,False
func_mu_0x10000876b,-828,False
func_mu_0x10000a572,810,True
func_mu_0x10000cf2b,-48,True
func_mu_0x10000d05a,474,False
func_mu_0x10000d066,-577,True
func_n_0x100000002,1050,False
func_n_0x100000011,-640,True
func_n_0x100000019,-141,True
func_n_0x100000045,806,True
func_n_0x1000000a4,-672,True
func_n_0x1000000b3,-467,True
func_n_0x10000014d,945,False
func_n_0x10000015f,596,True
func_n_0x100000162,-383,False
func_n_0x100000176,-635,True
func_n_0x10000018c,-204,False
func_n_0x10000022b,539,False
func_n_0x10000022e,-105,True
func_n_0x100000252,-84,True
func_n_0x100000256,-468,False
func_n_0x100000259,-341,True
func_n_0x10000026c,-535,False
func_n_0x10000026e,-60,True
func_n_0x1000002c1,936,True
func_n_0x100000326,18,True
func_n_0x100000347,575,True
func_n_0x1000003ac,341,False
func_n_0x1000003c0,-148,False
func_n_0x1000003df,830,False
func_n_0x10000040c,-114,True
func_n_0x100000422,-349,True
func_n_0x100000427,632,False
func_n_0x100000434,-164,True
func_n_0x100000450,-700,False
func_n_0x100000458,789,True
func_n_0x100000492,820,True
func_n_0x100000495,1143,True
func_n_0x10000049b,-17,False
func_n_0x10000049e,882,True
func_n_0x1000004be,-162,True
func_n_0x1000004fb,64,False
func_n_0x100000501,-512,False
func_n_0x100000505,1079,False
func_n_0x10000055d,617,False
func_n_0x100000579,-787,True
func_n_0x1000005a2,833,True
func_n_0x1000005b1,-184,False
func_n_0x1000005fa,173,False
func_n_0x1000008cd,-451,False
func_n_0x1000008d4,-42,True
func_n_0x1000008e1,-136,True
func_n_0x1000008f3,27,False
func_n_0x1000008f9,845,True
func_n_0x1000008fb,770,True
func_n_0x100000921,-92,True
func_n_0x100000948,387,False
func_n_0x100000958,139,True
func_n_0x10000095a,15,False
func_n_0x10000095c,-491,True
func_n_0x10000095e,1038,False
func_n_0x100000980,547,True
func_n_0x100000992,-346,False
func_n_0x1000035d0,281,False
func_n_0x1000035d3,23,False
func_n_0x100004054,-647,False
func_n_0x100004514,879,True
func_n_0x100004deb,606,False
func_n_0x100004dee,-141,True
func_n_0x100004df1,1060,False
func_n_0x100004df4,-235,True
func_n_0x100004df9,-154,True
func_n_0x100004dfc,-25,False
func_n_0x100004e04,-436,True
func_n_0x100004e07,1070,False
func_n_0x100004e0a,-79,True
func_n_0x100004e0e,-226,True
func_n_0x100004e11,-134,False
func_n_0x100004e14,1112,False
func_n_0x100004e17,955,False
func_n_0x100004e1c,917,False
func_n_0x100004e1f,1004,False
func_n_0x100004e25,929,True
func_n_0x100004e5f,-319,False
func_n_0x10000539d,-807,False
func_n_0x1000053af,72,False
func_n_0x1000053f3,485,False
func_n_0x1000053f6,691,False
func_n_0x100005918,-299,True
func_n_0x100005920,16,True
func_n_0x100005934,818,False
func_n_0x10000593e,729,True
func_n_0x10000597e,459,False
func_n_0x100005984,-597,True
func_n_0x100005992,-89,False
func_n_0x1000059be,-66,False
func_n_0x1000059d4,599,True
func_n_0x100005ab5,747,False
func_n_0x100005ade,-6,True
func_n_0x100005be6,732,True
func_n_0x100005c3f,916,True
func_n_0x100005dc6,770,False
func_n_0x100005dea,594,True
func_n_0x100005e87,352,True
func_n_0x100005eec,949,True
func_n_0x100005f8f,-400,True
func_n_0x1000063c3,538,False
func_n_0x1000063e0,1068,True
func_n_0x1000063ee,29,False
func_n_0x10000764e,1159,True
func_n_0x100007aed,-725,False
func_n_0x100007caf,669,False
func_n_0x100007cb2,917,False
func_n_0x10000844f,126,True
func_n_0x100008cf9,-665,False
func_n_0x1000090ab,-722,False
func_n_0x10000921f,112,False
func_n_0x100009258,452,True
func_n_0x10000925e,-399,True
func_n_0x1000095c7,-458,False
func_n_0x100009c5e,-528,False
func_n_0x100009cbd,-693,False
func_n_0x100009cc0,67,False
func_n_0x100009cc3,-547,False
func_n_0x100009ce1,897,True
func_n_0x100009ce5,-749,True
func_n_0x100009d05,-61,True
func_n_0x100009d11,-818,True
func_n_0x100009dff,-297,True
func_n_0x10000ac8b,687,True
func_n_0x10000ac90,-689,False
func_n_0x10000ac95,499,False
func_n_0x10000ac9a,1089,True
func_n_0x10000ac9d,536,False
func_n_0x10000acb3,677,True
func_n_0x10000acb8,1045,False
func_n_0x10000acbb,360,False
func_n_0x10000acd7,-549,True
func_n_0x10000ad17,369,False
func_n_0x10000ad23,-384,True
func_n_0x10000ad26,-355,False
func_n_0x10000ad29,-174,False
func_n_0x10000af38,-301,False
func_n_0x10000af4d,194,False
func_n_0x10000af51,-660,False
func_n_0x10000af56,-321,False
func_n_0x10000b29e,385,False
func_n_0x10000b300,1119,True
func_n_0x10000b304,-728,True
func_n_0x10000b4d5,293,False
func_n_0x10000ba2d,-638,True
func_n_0x10000ba6c,97,False
func_n_0x10000c990,-97,False
func_n_0x10000ca66,168,False
func_n_0x10000d06a,430,False
func_ne_0x1000001e6,1041,True
func_ne_0x1000001e8,-557,False
func_ne_0x1000001ea,-369,False
func_ne_0x1000001ee,-833,True
func_ne_0x1000001f0,450,True
func_ne_0x1000001f4,833,True
func_ne_0x100003827,-253,True
func_ne_0x10000382f,-342,True
func_ne_0x100003831,1041,True
func_ne_0x100003833,-504,True
func_ne_0x100003835,541,False
func_ne_0x100003837,-698,False
func_ne_0x100003839,-547,False
func_ne_0x10000383b,288,False
func_ne_0x10000383d,-333,False
func_ne_0x100003843,247,True
func_ne_0x100004035,653,True
func_ne_0x10000403a,515,False
func_ne_0x100004741,1068,True
func_ne_0x100004743,-95,True
func_ne_0x100004745,-261,True
func_ne_0x100004766,-718,True
func_ne_0x100004768,-507,True
func_ne_0x10000476a,53,True
func_ne_0x10000476c,-560,True
func_ne_0x10000483f,682,True
func_ne_0x100004848,1058,False
func_ne_0x100004889,-739,True
func_ne_0x100004a31,209,False
func_ne_0x100004a35,-784,False
func_ne_0x100004bb7,-390,True
func_ne_0x100004bed,-310,False
func_ne_0x100004bef,-265,True
func_ne_0x10000535b,281,False
func_ne_0x100005379,1063,False
func_ne_0x10000537b,-525,True
func_ne_0x100005381,1065,False
func_ne_0x100006041,-804,False
func_ne_0x100006057,96,True
func_ne_0x100006113,153,False
func_ne_0x10000619f,-678,True
func_ne_0x1000061a1,-506,True
func_ne_0x1000061a3,53,False
func_ne_0x1000061a5,-380,True
func_ne_0x1000061ba,759,True
func_ne_0x100006410,-404,False
func_ne_0x10000646d,-288,True
func_ne_0x10000646f,-138,False
func_ne_0x100006527,-717,False
func_ne_0x1000067db,-783,True
func_ne_0x1000067ea,605,True
func_ne_0x100006c6a,-381,True
func_ne_0x100006c79,-711,False
func_ne_0x100006c80,141,False
func_ne_0x100006dae,-737,False
func_ne_0x100006db6,-577,False
func_ne_0x100006db8,933,False
func_ne_0x100006dba,519,True
func_ne_0x100006dbc,-628,False
func_ne_0x100006e1e,867,False
func_ne_0x1000071ae,-766,True
func_ne_0x100007448,-572,False
func_ne_0x10000744c,-206,True
func_ne_0x100007450,-537,True
func_ne_0x10000747d,723,True
func_ne_0x100007483,-623,True
func_ne_0x100007486,978,False
func_ne_0x100007608,912,False
func_ne_0x10000760a,999,True
func_ne_0x10000764b,896,True
func_ne_0x1000076b3,1101,True
func_ne_0x1000076b7,67,True
func_ne_0x100007726,235,True
func_ne_0x10000772a,-836,True
func_ne_0x100007730,217,True
func_ne_0x100007735,-488,False
func_ne_0x100007bca,754,True
func_ne_0x100007bd9,22,False
func_ne_0x100007bdd,-281,False
func_ne_0x100007bed,1023,False
func_ne_0x100007c8f,879,False
func_ne_0x100007d19,770,False
func_ne_0x10000832a,566,False
func_ne_0x10000832c,-663,True
func_ne_0x100008332,624,True
func_ne_0x100008336,1127,True
func_ne_0x10000833c,353,False
func_ne_0x100008342,-192,False
func_ne_0x100009720,479,True
func_ne_0x10000a73a,-234,True
func_ne_0x10000a73e,1106,True
func_ne_0x10000a799,61,False
func_ne_0x10000a7a3,40,False
func_ne_0x10000aecd,311,False
func_ne_0x10000b713,145,True
func_ne_0x10000b745,869,False
func_ne_0x10000b747,844,False
func_ne_0x10000b8e5,-312,True
func_ne_0x10000b8eb,351,True
func_ne_0x10000b8ed,413,False
func_ne_0x10000b8ef,-289,True
func_ne_0x10000b8fe,1154,True
func_ne_0x10000b900,-236,False
func_ne_0x10000b902,167,True
func_ne_0x10000b9aa,1025,False
func_ne_0x10000b9ba,-552,False
func_ne_0x10000b9d8,-348,True
func_ne_0x10000bb2c,599,True
func_ne_0x10000bd01,-763,True
func_ne_0x10000bd03,1009,False
func_ne_0x10000bd05,-813,False
func_ne_0x10000bd0b,22,True
func_ne_0x10000bd0f,-700,True
func_ne_0x10000c122,963,True
func_ne_0x10000c124,-319,True
func_ne_0x10000c126,854,True
func_ne_0x10000c16e,388,True
func_ne_0x10000c176,-605,True
func_ne_0x10000c284,839,False
func_ne_0x10000c286,752,True
func_ne_0x10000c299,731,True
func_ne_0x10000c29e,883,True
func_ne_0x10000c2a8,-192,True
func_ne_0x10000c2b4,708,True
func_ne_0x10000c2b7,739,True
func_ne_0x10000c2b9,551,False
func_ne_0x10000c2bb,-702,False
func_ne_0x10000c33e,823,False
func_ne_0x10000c4f2,359,False
func_ne_0x10000c501,439,True
func_ne_0x10000c5e1,1054,False
func_ne_0x10000c60c,816,True
func_ne_0x10000d1cb,1088,True
func_ne_0x10000d1eb,343,True
func_ne_0x10000d1f5,701,False
func_nn_0x10000079d,291,True
func_nn_0x10000079f,-104,True
func_nn_0x1000007a3,604,True
func_nn_0x1000007a7,-73,True
func_nn_0x1000007a9,-231,True
func_nn_0x1000007b9,1009,True
func_nn_0x1000007bb,713,False
func_nn_0x1000007c1,-207,False
func_nn_0x1000007c3,-383,False
func_nn_0x1000007c9,1022,False
func_nn_0x1000007cf,-551,False
func_nn_0x1000007d3,-301,False
func_nn_0x1000007d7,843,True
func_nn_0x1000007db,988,False
func_nn_0x1000007e3,149,True
func_nn_0x1000007e5,1142,False
func_nn_0x1000007eb,1061,True
func_nn_0x100007012,8,True
func_nn_0x100007021,1003,False
func_nn_0x10000b866,225,False
func_nn_0x10000b875,-362,False
func_nn_0x10000b87b,-499,True
func_nn_0x10000be48,423,False
func_no_0x10000712c,-744,True
func_no_0x10000befc,-105,True
func_no_0x10000cfc1,690,True
func_no_0x10000d031,898,False
func_nr_0x10000871d,559,False
func_nr_0x10000877b,-115,True
func_nr_0x10000a544,354,False
func_nr_0x10000d003,912,True
func_nt_0x100003679,85,False
func_nt_0x100005649,37,True
func_nt_0x100005657,-527,False
func_nt_0x1000065cd,658,True
func_nt_0x1000065cf,228,True
func_nt_0x1000065d1,-383,True
func_nt_0x1000065d3,248,False
func_nt_0x1000066d1,-739,True
func_nt_0x100007992,708,False
func_nt_0x100007a0d,147,True
func_nt_0x100007a0f,636,True
func_nt_0x100007a1f,-811,False
func_nt_0x100007a21,609,False
func_nt_0x100007a38,1004,True
func_nt_0x100007a3c,265,False
func_nt_0x10000879b,894,True
func_nt_0x10000952f,553,True
func_nt_0x1000097a2,-497,False
func_nt_0x1000097d6,-325,True
func_nt_0x1000097e8,-164,False
func_nt_0x100009b7b,-233,False
func_nt_0x100009bc3,958,False
func_nt_0x100009bc5,-183,False
func_nt_0x100009bc8,755,False
func_nt_0x10000b5df,-640,True
func_nt_0x10000b5f9,45,False
func_nt_0x10000b640,901,False
func_nt_0x10000b646,-477,False
func_nt_0x10000b648,-367,True
func_nt_0x10000b660,571,False
func_o_0x100000040,-756,True
func_o_0x10000009b,-689,True
func_o_0x1000000ca,299,False
func_o_0x10000013c,-23,False
func_o_0x100000170,656,False
func_o_0x100000224,326,False
func_o_0x100000234,6,True
func_o_0x100000298,-405,False
func_o_0x1000002b8,509,False
func_o_0x1000002eb,155,False
func_o_0x100000309,741,True
func_o_0x10000034d,461,False
func_o_0x1000003c6,-456,False
func_o_0x1000003c8,-431,False
func_o_0x1000003cd,320,False
func_o_0x1000003ea,790,True
func_o_0x1000003ec,-177,True
func_o_0x1000003f2,-553,False
func_o_0x1000003f5,169,False
func_o_0x10000040e,711,False
func_o_0x10000044d,991,True
func_o_0x100000452,-335,True
func_o_0x10000045a,1088,True
func_o_0x1000004cb,619,False
func_o_0x100000507,-718,True
func_o_0x10000050d,1014,True
func_o_0x100000555,-548,True
func_o_0x100000560,-17,True
func_o_0x100000565,-731,False
func_o_0x100000582,-805,True
func_o_0x100000593,503,False
func_o_0x100000899,1088,True
func_o_0x1000008e4,861,False
func_o_0x100000927,-38,False
func_o_0x100000931,431,True
func_o_0x100000934,569,True
func_o_0x10000094e,-639,True
func_o_0x10000098a,-201,True
func_o_0x100003850,395,False
func_o_0x100003b6b,-239,False
func_o_0x100003beb,554,True
func_o_0x100003c36,628,False
func_o_0x100003c79,868,True
func_o_0x100003d8f,-478,True
func_o_0x100003d97,-239,True
func_o_0x100003dab,653,False
func_o_0x100003dd6,426,True
func_o_0x100003e34,-77,True
func_o_0x100003e3a,-322,True
func_o_0x1000040b6,602,True
func_o_0x1000040de,763,False
func_o_0x1000041df,-27,True
func_o_0x100004348,735,True
func_o_0x1000043c4,-515,True
func_o_0x1000044bc,1084,True
func_o_0x10000453c,349,False
func_o_0x10000463c,950,True
func_o_0x100004655,1137,False
func_o_0x100004683,-517,True
func_o_0x100004703,-797,True
func_o_0x100004b22,-189,True
func_o_0x100004b78,-215,True
func_o_0x100004e41,-83,False
func_o_0x100004e4d,-382,True
func_o_0x1000053b9,410,False
func_o_0x1000053bc,-509,True
func_o_0x100005563,823,True
func_o_0x1000055c8,586,True
func_o_0x10000560b,806,False
func_o_0x100005613,-752,False
func_o_0x100005ee4,-19,True
func_o_0x100005f8a,1016,True
func_o_0x10000600c,746,True
func_o_0x1000060f0,325,False
func_o_0x1000061d9,-500,False
func_o_0x1000063f1,933,False
func_o_0x100006406,841,True
func_o_0x1000064d4,471,True
func_o_0x10000653a,619,True
func_o_0x100006879,-69,False
func_o_0x10000697e,-170,True
func_o_0x100006984,-800,True
func_o_0x1000073f6,236,True
func_o_0x10000768e,1016,False
func_o_0x1000076e0,150,True
func_o_0x10000798c,424,False
func_o_0x100007a4c,1110,True
func_o_0x100007a94,446,True
func_o_0x100007aab,870,True
func_o_0x100007c05,-74,True
func_o_0x100007c3f,-625,False
func_o_0x100007faf,715,True
func_o_0x1000080ae,39,False
func_o_0x1000080fa,1120,False
func_o_0x100008113,-802,False
func_o_0x100008132,-403,False
func_o_0x1000082a7,-7,False
func_o_0x10000831a,-345,False
func_o_0x10000844b,-244,False
func_o_0x10000850d,545,False
func_o_0x10000881e,794,True
func_o_0x100008955,-424,True
func_o_0x100008c46,-808,True
func_o_0x10000908e,752,True
func_o_0x10000909b,253,True
func_o_0x1000090b9,-344,False
func_o_0x1000090c8,-296,True
func_o_0x10000911a,-820,True
func_o_0x100009130,5,True
func_o_0x10000915c,-175,True
func_o_0x10000917c,25,True
func_o_0x100009183,35,True
func_o_0x1000093c9,-568,True
func_o_0x10000940e,-90,True
func_o_0x100009849,-447,False
func_o_0x100009898,-838,False
func_o_0x1000098d2,-28,True
func_o_0x1000098da,140,False
func_o_0x10000996e,-68,False
func_o_0x100009a7e,614,False
func_o_0x100009d17,1077,False
func_o_0x100009e08,-243,True
func_o_0x100009ebe,533,False
func_o_0x100009f53,891,True
func_o_0x100009f74,490,False
func_o_0x10000a033,770,False
func_o_0x10000a33f,-584,False
func_o_0x10000a348,-381,False
func_o_0x10000a3b1,881,True
func_o_0x10000a3d5,871,False
func_o_0x10000a3df,-482,True
func_o_0x10000a5df,780,False
func_o_0x10000aaa8,304,False
func_o_0x10000ac40,1073,False
func_o_0x10000ad3d,24,False
func_o_0x10000af5d,500,False
func_o_0x10000af67,353,False
func_o_0x10000af98,-718,False
func_o_0x10000afc9,817,False
func_o_0x10000afe7,858,False
func_o_0x10000b03c,827,False
func_o_0x10000b0e8,-790,False
func_o_0x10000b131,220,False
func_o_0x10000b1a6,286,False
func_o_0x10000b1f2,481,False
func_o_0x10000b1fb,19,False
func_o_0x10000b2a5,1069,False
func_o_0x10000b30b,542,True
func_o_0x10000b4ea,608,True
func_o_0x10000b927,530,False
func_o_0x10000ba80,1078,True
func_o_0x10000bcca,724,False
func_o_0x10000bd16,-562,False
func_o_0x10000c2be,1082,True
func_o_0x10000c3c4,861,True
func_o_0x10000c3d0,783,True
func_o_0x10000c62c,677,False
func_o_0x10000c64e,827,True
func_o_0x10000c65a,1055,False
func_o_0x10000c6fb,-37,True
func_o_0x10000c858,-585,True
func_o_0x10000c8c8,-114,False
func_o_0x10000cb8b,57,True
func_o_0x10000cc8e,-791,True
func_o_0x10000cd20,-342,False
func_oe_0x100004696,-790,True
func_oe_0x10000469a,328,True
func_oe_0x10000469f,-261,True
func_oe_0x1000046ca,-643,True
func_oe_0x1000047a5,347,True
func_oe_0x100004892,-768,False
func_oe_0x100004a29,384,True
func_oe_0x100004a2b,733,True
func_oe_0x100004a3f,-152,True
func_oe_0x100004be5,-397,True
func_oe_0x100005767,920,False
func_oe_0x10000576d,-504,True
func_oe_0x100005779,-24,True
func_oe_0x10000577b,809,False
func_oe_0x100006126,422,True
func_oe_0x100006128,-267,False
func_oe_0x10000612a,-174,False
func_oe_0x10000612c,-129,False
func_oe_0x10000612e,272,False
func_oe_0x100006136,782,False
func_oe_0x100006140,32,True
func_oe_0x100006148,269,True
func_oe_0x1000061b0,973,False
func_oe_0x1000067a1,703,False
func_oe_0x1000067a9,-356,True
func_oe_0x100006b07,-159,True
func_oe_0x100006c9f,181,True
func_oe_0x100006ce3,742,True
func_oe_0x100006cf6,-300,False
func_oe_0x100006cf8,891,False
func_oe_0x1000075fc,588,False
func_oe_0x100007602,770,False
func_oe_0x1000077a2,975,True
func_oe_0x100007a61,794,True
func_oe_0x100007a65,-646,True
func_oe_0x100007a67,221,True
func_oe_0x100007a6b,177,True
func_oe_0x100007a6f,1050,True
func_oe_0x100007c96,-432,True
func_oe_0x100007cd7,564,False
func_oe_0x100007cd9,-687,False
func_oe_0x100007cdd,228,False
func_oe_0x100007dc3,-663,False
func_oe_0x100007dea,-759,False
func_oe_0x10000938b,1026,False
func_oe_0x100009390,558,False
func_oe_0x1000093b0,194,True
func_oe_0x1000093be,553,False
func_oe_0x10000a286,304,False
func_oe_0x10000a413,-750,False
func_oe_0x10000a41d,-363,True
func_oe_0x10000a59c,-579,True
func_oe_0x10000a7bc,-386,True
func_oe_0x10000ac0a,100,True
func_oe_0x10000ac20,-121,False
func_oe_0x10000ac22,994,True
func_oe_0x10000ae30,489,True
func_oe_0x10000ae3d,608,False
func_oe_0x10000ae47,399,True
func_oe_0x10000ae49,-107,True
func_oe_0x10000ae4b,-40,True
func_oe_0x10000ae54,139,False
func_oe_0x10000ae67,953,False
func_oe_0x10000ae6a,-605,False
func_oe_0x10000ae6d,824,False
func_oe_0x10000ae76,678,True
func_oe_0x10000ae7b,-448,False
func_oe_0x10000ae7d,10,False
func_oe_0x10000ae82,-61,False
func_oe_0x10000aeda,-698,False
func_oe_0x10000aee0,962,False
func_oe_0x10000b749,-516,True
func_oe_0x10000b9b2,-427,False
func_oe_0x10000b9d3,480,False
func_oe_0x10000bb4a,116,False
func_oe_0x10000c0b5,429,False
func_oe_0x10000c17f,177,True
func_oe_0x10000c338,1092,False
func_oe_0x10000c33c,875,False
func_oe_0x10000c382,418,False
func_oe_0x10000c38a,999,True
func_oe_0x10000c38c,984,True
func_oe_0x10000c38e,197,True
func_oe_0x10000c392,-692,False
func_oe_0x10000c394,274,True
func_oe_0x10000c399,1145,False
func_oe_0x10000c3aa,-135,True
func_oe_0x10000c3ae,-559,True
func_oe_0x10000c456,324,False
func_oe_0x10000c4fc,-105,False
func_oe_0x10000c60e,-366,False
func_oe_0x10000c91d,493,True
func_oe_0x10000c920,556,False
func_oe_0x10000ce97,585,False
func_oe_0x10000d2e4,-129,False
func_oe_0x10000d2e8,638,False
func_oe_0x10000d2ea,-752,True
func_oe_0x10000d2ee,316,False
func_oe_0x10000d2f2,209,False
func_or_0x100008b4f,416,False
func_or_0x100008b61,195,False
func_or_0x100008b7a,760,True
func_or_0x100008b7e,929,True
func_or_0x100008b8c,-541,True
func_or_0x100008b8e,-724,False
func_or_0x100008b92,107,False
func_or_0x100008ba0,1159,True
func_or_0x100008ba2,-87,False
func_or_0x100008ba8,-568,True
func_or_0x100008bb0,973,True
func_or_0x100008bc2,-373,False
func_or_0x100008bc6,-90,False
func_or_0x100008bc8,1156,False
func_ot_0x100003ea6,259,True
func_ot_0x100003ed8,1044,False
func_ot_0x100003ede,-275,True
func_ot_0x100004cbb,-102,True
func_ot_0x10000565d,977,True
func_ot_0x10000657b,1112,True
func_ot_0x10000657d,382,False
func_ot_0x1000065d7,-576,True
func_ot_0x1000065db,-266,False
func_ot_0x10000660b,56,True
func_ot_0x1000066c5,-373,True
func_ot_0x1000066d3,983,True
func_ot_0x100007996,908,False
func_ot_0x1000079ab,-514,False
func_ot_0x100007a27,701,False
func_ot_0x100007a29,-204,True
func_ot_0x100007a31,807,False
func_ot_0x100007a36,122,True
func_ot_0x1000081e1,-633,False
func_ot_0x1000081f9,813,True
func_ot_0x100008228,54,True
func_ot_0x100008791,778,True
func_ot_0x100008795,888,True
func_ot_0x100008799,-531,True
func_ot_0x100009537,-285,False
func_ot_0x1000097a8,657,False
func_ot_0x1000097bc,-636,False
func_ot_0x1000097da,355,True
func_ot_0x1000097dc,-717,False
func_ot_0x1000097e0,1102,False
func_ot_0x1000097e2,937,False
func_ot_0x1000097e4,-65,False
func_ot_0x1000097f1,86,True
func_ot_0x1000097f9,593,False
func_ot_0x100009b67,978,True
func_ot_0x100009b72,945,True
func_ot_0x100009ba1,-657,False
func_ot_0x10000bddd,-500,False
func_ot_0x10000be3d,355,True
func_ot_0x10000be43,-213,False
func_ot_0x10000cb10,-352,False
func_ot_0x10000cb12,505,False
func_ot_0x10000cb14,906,True
func_ot_0x10000cb6c,-829,True
func_ot_0x10000cc07,2,True
func_ot_0x10000cc1f,-838,True
func_ou_0x1000038c3,-628,False
func_ou_0x1000038cb,-488,True
func_ou_0x1000038cf,-575,True
func_ou_0x1000038d1,-303,False
func_ou_0x1000038d9,-125,False
func_ou_0x1000038db,261,True
func_ou_0x1000038e3,-228,True
func_ou_0x1000038e5,-367,True
func_ou_0x1000038e7,795,False
func_ou_0x1000038e9,209,False
func_ou_0x10000872c,-302,False
func_ou_0x10000bbbb,438,True
func_ou_0x10000bbed,-124,False
func_ou_0x10000cfc8,-152,True
func_ou_0x10000cfd4,674,True
func_p_0x100000127,314,True
func_p_0x100000142,357,False
func_p_0x1000002f2,-156,True
func_p_0x10000031e,852,False
func_p_0x1000003d0,701,True
func_p_0x10000042e,-385,True
func_p_0x10000054a,619,False
func_p_0x1000008d6,1015,False
func_p_0x100000963,580,True
func_p_0x100003b71,-17,True
func_p_0x100003b75,228,False
func_p_0x100003bb9,687,False
func_p_0x10000440b,-204,True
func_p_0x10000441e,-536,False
func_p_0x1000044f7,406,True
func_p_0x10000452b,898,True
func_p_0x10000461b,-392,False
func_p_0x10000461d,902,True
func_p_0x100004633,130,True
func_p_0x100004656,-222,False
func_p_0x100004a77,-159,True
func_p_0x100004e65,-818,True
func_p_0x100004e67,-291,False
func_p_0x1000053c4,-108,False
func_p_0x10000554d,1137,True
func_p_0x10000556a,-396,True
func_p_0x1000055ce,242,True
func_p_0x1000056cf,-146,True
func_p_0x100005ed5,-663,False
func_p_0x100005ee7,996,False
func_p_0x100005ee9,763,True
func_p_0x1000061dd,-475,False
func_p_0x100006298,-688,True
func_p_0x1000063d2,-631,True
func_p_0x1000063f4,561,True
func_p_0x1000063f8,-52,True
func_p_0x1000064c9,-260,False
func_p_0x10000652d,-527,True
func_p_0x10000653b,-302,True
func_p_0x1000068c4,-381,True
func_p_0x1000068e4,-317,False
func_p_0x100006a0c,-364,False
func_p_0x100007406,939,True
func_p_0x100007775,878,True
func_p_0x100007b10,660,False
func_p_0x100007b61,-259,False
func_p_0x100007c46,240,False
func_p_0x100007fb0,788,True
func_p_0x100008045,-767,True
func_p_0x10000862c,541,True
func_p_0x100008c3d,906,False
func_p_0x100008c58,-670,False
func_p_0x100008cfc,-704,False
func_p_0x100009060,601,False
func_p_0x10000908f,-594,True
func_p_0x1000090a7,688,True
func_p_0x1000090ba,-771,True
func_p_0x100009113,-267,False
func_p_0x100009163,-531,False
func_p_0x10000917f,-788,False
func_p_0x100009184,-510,False
func_p_0x10000918e,216,True
func_p_0x100009281,489,True
func_p_0x1000094a9,1014,True
func_p_0x100009822,-385,False
func_p_0x100009899,417,True
func_p_0x100009bef,494,False
func_p_0x100009cad,112,False
func_p_0x100009d35,-334,True
func_p_0x100009d79,-693,True
func_p_0x100009f8b,-135,False
func_p_0x10000a022,566,False
func_p_0x10000a02e,289,False
func_p_0x10000a034,-742,False
func_p_0x10000a25d,-495,True
func_p_0x10000a26d,-245,True
func_p_0x10000a345,1125,True
func_p_0x10000a355,31,False
func_p_0x10000a7c9,-734,False
func_p_0x10000ab97,163,False
func_p_0x10000abb3,1086,True
func_p_0x10000abef,-132,False
func_p_0x10000acd4,-567,False
func_p_0x10000acdf,763,True
func_p_0x10000af61,692,False
func_p_0x10000b32b,-470,True
func_p_0x10000b4bd,638,False
func_p_0x10000b4d0,1003,False
func_p_0x10000b4de,792,True
func_p_0x10000b94c,298,False
func_p_0x10000ba5c,646,False
func_p_0x10000bd19,343,False
func_p_0x10000bd1c,1055,True
func_p_0x10000bd74,390,True
func_p_0x10000c11a,690,False
func_p_0x10000c317,1134,True
func_p_0x10000c3de,302,True
func_p_0x10000c6e7,869,True
func_p_0x10000cb8c,-250,True
func_p_0x10000cc6d,161,False
func_p_0x10000d076,457,False
func_p_0x10000d4f0,735,True
func_p_0x10000d53d,-119,True
func_pe_0x1000001ff,562,False
func_pe_0x1000035de,737,False
func_pe_0x1000035e0,-179,False
func_pe_0x1000035e4,570,True
func_pe_0x1000035ee,710,True
func_pe_0x1000035f4,508,False
func_pe_0x1000035f6,553,False
func_pe_0x1000035f8,933,True
func_pe_0x1000035fa,-484,True
func_pe_0x1000046aa,-121,True
func_pe_0x10000479d,55,False
func_pe_0x10000489a,-320,True
func_pe_0x100004be3,-548,False
func_pe_0x100005763,36,False
func_pe_0x1000060ab,-453,True
func_pe_0x1000060bb,381,True
func_pe_0x100006141,767,True
func_pe_0x100006144,245,False
func_pe_0x100006149,401,True
func_pe_0x100006443,920,False
func_pe_0x100006451,1039,True
func_pe_0x100006453,-376,False
func_pe_0x100006459,543,False
func_pe_0x1000067a3,498,True
func_pe_0x100006a30,758,True
func_pe_0x100006b03,-815,True
func_pe_0x100006bdc,994,True
func_pe_0x100006c09,155,False
func_pe_0x100006c30,-235,False
func_pe_0x100006efa,-560,False
func_pe_0x100006efe,-430,False
func_pe_0x100006f00,296,True
func_pe_0x100006f0e,1130,True
func_pe_0x100006f14,739,True
func_pe_0x100007a53,-189,True
func_pe_0x1000080ba,37,True
func_pe_0x1000080bc,-400,False
func_pe_0x1000080c8,-469,True
func_pe_0x1000080d5,964,False
func_pe_0x1000087e3,65,False
func_pe_0x1000093b4,1031,True
func_pe_0x100009723,822,True
func_pe_0x100009f42,1108,True
func_pe_0x10000a273,931,False
func_pe_0x10000a420,825,False
func_pe_0x10000aa44,-151,True
func_pe_0x10000ac1c,90,True
func_pe_0x10000ac1e,465,False
func_pe_0x10000ae43,698,True
func_pe_0x10000ae50,673,False
func_pe_0x10000ae58,18,False
func_pe_0x10000ae5c,197,True
func_pe_0x10000aece,-246,True
func_pe_0x10000b74a,433,False
func_pe_0x10000b74c,336,True
func_pe_0x10000b9bd,132,False
func_pe_0x10000b9cf,-198,True
func_pe_0x10000b9d1,688,True
func_pe_0x10000c089,-43,False
func_pe_0x10000c2ab,727,True
func_pe_0x10000c5e7,1127,True
func_pe_0x10000c868,71,True
func_pe_0x10000c8a7,854,False
func_pe_0x10000d1f0,71,True
func_pe_0x10000d211,-280,False
func_pe_0x10000d213,-783,False
func_pe_0x10000d22b,1033,False
func_pe_0x10000d22f,599,False
func_pe_0x10000d231,-412,True
func_pe_0x10000d236,-368,False
func_pe_0x10000d23e,518,False
func_pe_0x10000d240,336,True
func_pe_0x10000d246,1061,True
func_pe_0x10000d2a5,678,True
func_pe_0x10000d4b8,922,True
func_pe_0x10000d4ba,-496,True
func_pn_0x1000038a0,9,True
func_pn_0x1000038b2,-286,True
func_pn_0x1000038bc,668,False
func_pn_0x1000039c7,-712,True
func_pn_0x1000039d1,-436,True
func_pn_0x1000039d9,297,False
func_pn_0x1000039dd,386,False
func_pn_0x1000039f4,92,True
func_pn_0x10000717d,776,True
func_pn_0x10000717f,1145,False
func_pn_0x10000cf15,-493,True
func_pn_0x10000cf17,577,False
func_pn_0x10000cf23,929,True
func_pn_0x10000cf2f,1099,False
func_pn_0x10000cf33,-429,False
func_pn_0x10000cf37,1106,False
func_pn_0x10000cf3b,-34,True
func_pn_0x10000cf41,-451,True
func_pn_0x10000cf43,74,True
func_pn_0x10000cf45,-684,False
func_pn_0x10000cf47,957,True
func_pn_0x10000cf4d,751,True
func_pn_0x10000cf51,745,False
func_pn_0x10000cf53,641,True
func_pn_0x10000cf5b,-115,True
func_pn_0x10000cf5d,-722,True
func_pn_0x10000cf5f,821,True
func_pn_0x10000cf67,338,True
func_pn_0x10000cf6d,-583,True
func_pn_0x10000cf71,657,True
func_pn_0x10000cf75,1130,True
func_pn_0x10000cf79,532,False
func_pn_0x10000cf7b,1065,False
func_pn_0x10000cf8b,-511,False
func_pn_0x10000cf93,636,False
func_pn_0x10000d063,-162,True
func_pr_0x100007144,246,False
func_pr_0x100007146,192,True
func_pr_0x100007156,-517,True
func_pr_0x10000a547,-314,False
func_pr_0x10000a549,528,False
func_pr_0x10000a54b,789,True
func_pr_0x10000a54f,781,True
func_pr_0x10000a553,170,True
func_pr_0x10000a559,-270,True
func_pr_0x10000a55f,-352,False
func_pr_0x10000a567,549,False
func_pr_0x10000a569,285,True
func_pr_0x10000a56b,1111,False
func_pr_0x10000a56f,-293,False
func_pr_0x10000cfd9,1055,False
func_pr_0x10000d05e,-141,True
func_ps_0x100008fbf,-422,True
func_pt_0x10000561f,-621,False
func_pt_0x10000564d,-546,False
func_pt_0x100005655,759,True
func_pt_0x1000066cd,-786,False
func_pt_0x1000066cf,606,False
func_pt_0x1000079a0,1036,True
func_pt_0x100007a40,1014,True
func_pt_0x1000081d9,450,False
func_pt_0x100008240,520,False
func_pt_0x1000097c8,-512,True
func_pt_0x100009b6b,200,False
func_pt_0x100009b79,-443,False
func_pt_0x100009bb9,-303,True
func_pt_0x10000b443,1063,False
func_pt_0x10000b5e1,877,True
func_pt_0x10000b603,-6,True
func_pt_0x10000b609,-828,False
func_pt_0x10000b642,-508,True
func_pt_0x10000b650,-322,True
func_pt_0x10000b652,889,True
func_pt_0x10000cc08,-471,False
func_pt_0x10000cc0a,1141,True
func_pu_0x100008b1a,376,True
func_pu_0x10000bc2b,909,True
func_pu_0x10000bc2e,904,False
func_pu_0x10000bc34,839,False
func_pu_0x10000bc36,132,True
func_pu_0x10000bc3a,805,False
func_pu_0x10000cfcd,-160,True
func_pu_0x10000cfd1,-681,False
func_q_0x100003b49,862,True
func_q_0x100004079,-388,True
func_q_0x10000407b,1040,False
func_q_0x10000407d,-490,False
func_q_0x10000407f,895,False
func_q_0x100004081,317,True
func_q_0x100004085,-219,False
func_q_0x100004091,-720,True
func_q_0x100004093,-740,True
func_q_0x100004099,-755,False
func_q_0x10000409d,1142,True
func_q_0x100004135,240,True
func_q_0x1000042ce,639,False
func_q_0x1000043cd,-98,True
func_q_0x1000043d1,463,True
func_q_0x1000043db,150,False
func_q_0x1000049d1,354,True
func_q_0x100004bf6,-776,True
func_q_0x100004c83,17,False
func_q_0x100005424,1096,False
func_q_0x100005426,-644,False
func_q_0x100005428,477,False
func_q_0x10000542a,1051,False
func_q_0x100006034,23,True
func_q_0x100006071,843,True
func_q_0x10000616f,648,True
func_q_0x100006175,983,False
func_q_0x10000651e,132,True
func_q_0x1000067e0,751,True
func_q_0x1000067e7,-744,True
func_q_0x1000067ef,375,True
func_q_0x1000067f1,477,True
func_q_0x1000067fd,791,True
func_q_0x100006bc5,464,True
func_q_0x100006bc7,238,True
func_q_0x100006ce7,326,False
func_q_0x1000071a1,316,False
func_q_0x100007239,-117,False
func_q_0x10000724e,943,True
func_q_0x1000076ba,74,True
func_q_0x1000076f5,-513,True
func_q_0x1000076fd,-175,False
func_q_0x100007a84,-207,False
func_q_0x100007b07,755,True
func_q_0x100007bd7,-292,True
func_q_0x100007c8a,684,False
func_q_0x100007f8a,645,True
func_q_0x100008329,1091,False
func_q_0x1000089a0,992,False
func_q_0x100008adf,957,True
func_q_0x100008b04,498,True
func_q_0x1000096cf,362,False
func_q_0x1000096d3,844,False
func_q_0x1000096f5,528,True
func_q_0x10000972d,-143,True
func_q_0x100009751,-461,False
func_q_0x100009af9,1046,False
func_q_0x100009b01,982,True
func_q_0x100009b07,373,False
func_q_0x100009ee8,582,True
func_q_0x10000a2a7,940,False
func_q_0x10000a2a9,791,False
func_q_0x10000a407,731,True
func_q_0x10000a40a,-334,True
func_q_0x10000a8a7,239,False
func_q_0x10000b754,-350,True
func_q_0x10000baa9,956,True
func_q_0x10000baab,-100,False
func_q_0x10000baf4,-785,False
func_q_0x10000bfcb,1020,False
func_q_0x10000bfcd,769,False
func_q_0x10000bfcf,738,False
func_q_0x10000bfd1,-78,False
func_q_0x10000bfd7,1082,False
func_q_0x10000bfd9,674,True
func_q_0x10000bfdb,656,False
func_q_0x10000bfdf,165,True
func_q_0x10000c08e,-140,False
func_q_0x10000c090,-741,False
func_q_0x10000c092,817,False
func_q_0x10000c0ac,-361,False
func_q_0x10000c256,-575,True
func_q_0x10000c419,157,False
func_q_0x10000c41c,-645,False
func_q_0x10000cb93,-485,True
func_q_0x10000cc5a,-555,False
func_q_0x10000d186,119,True
func_q_0x10000d392,30,False
func_qe_0x1000057e2,-823,False
func_qe_0x100005903,122,True
func_qe_0x100005905,969,False
func_qe_0x100005909,-709,True
func_qe_0x10000591e,-744,False
func_qe_0x100005928,-200,False
func_qe_0x10000592a,-38,True
func_qe_0x10000592c,-597,False
func_qe_0x100005930,485,False
func_qe_0x100005932,-775,False
func_qe_0x100005936,195,False
func_qe_0x10000593a,-584,False
func_qe_0x100005944,926,True
func_qe_0x100005948,487,True
func_qe_0x100005950,-4,True
func_qe_0x10000595a,-388,False
func_qe_0x10000596a,-487,True
func_qe_0x100005972,518,True
func_qe_0x100005990,-391,False
func_qe_0x100005994,-318,False
func_qe_0x10000599a,-282,True
func_qe_0x1000059a0,307,False
func_qe_0x1000059a6,839,True
func_qe_0x1000059ae,-395,True
func_qe_0x1000059b6,-794,True
func_qe_0x1000059b8,-758,True
func_qe_0x1000059ba,-405,True
func_qe_0x1000059c6,92,True
func_qe_0x1000059c8,738,False
func_qe_0x1000059ca,935,False
func_qe_0x1000059ce,1072,False
func_qe_0x1000059d8,-2,False
func_qe_0x1000059da,827,True
func_qe_0x1000059e4,755,False
func_qe_0x1000059e8,234,False
func_qe_0x1000059ec,557,True
func_qe_0x1000059ee,531,True
func_qe_0x1000059f0,746,False
func_qe_0x1000059f4,344,False
func_qe_0x1000059fc,1093,True
func_qe_0x100005a05,-740,False
func_qe_0x100005a0a,908,True
func_qe_0x100005a17,-490,False
func_qe_0x100005a1b,-464,True
func_qe_0x100005a1d,-392,False
func_qe_0x100005a1f,325,True
func_qe_0x100005a21,780,True
func_qe_0x100005a25,-753,True
func_qe_0x100005a2b,-453,False
func_qe_0x100005a33,1105,False
func_qe_0x100005a37,967,False
func_qe_0x100005a3b,-380,True
func_qe_0x100005a3d,-664,True
func_qe_0x100005a43,-501,False
func_qe_0x100005a45,495,True
func_qe_0x100005a47,-739,False
func_qe_0x100005a49,736,True
func_qe_0x100005a4b,-390,False
func_qe_0x100005a4d,491,True
func_qe_0x100005a55,-100,True
func_qe_0x100005a57,364,True
func_qe_0x100005a5d,158,False
func_qe_0x100005c15,641,False
func_qe_0x100005c3d,772,False
func_qe_0x100005c7a,825,False
func_qe_0x100005ced,395,True
func_qe_0x100005d17,-30,False
func_qe_0x100005d5c,954,True
func_qe_0x100005d9a,200,False
func_qe_0x100005dc2,962,True
func_qe_0x100005dc5,1098,True
func_qi_0x10000bc82,68,False
func_qi_0x10000bc84,-501,False
func_qi_0x10000bc88,533,False
func_qi_0x10000bc8e,576,False
func_qi_0x10000bc92,-43,False
func_qi_0x10000bc9a,-250,False
func_qr_0x1000074c5,-89,True
func_qr_0x100007576,173,False
func_qr_0x100007590,139,True
func_qr_0x1000075c7,-678,True
func_qr_0x10000bb89,-576,True
func_qr_0x10000bc2d,16,False
func_qr_0x10000cfcf,-738,True
func_qt_0x1000057eb,370,True
func_qu_0x100007028,-464,True
func_qu_0x100007169,26,False
func_qu_0x10000716b,228,False
func_qu_0x10000716d,171,False
func_qu_0x100007171,644,False
func_qu_0x100007177,1149,True
func_qu_0x100007185,-782,False
func_qu_0x100007189,631,True
func_r_0x100000004,-545,False
func_r_0x100000006,578,False
func_r_0x100000013,1066,True
func_r_0x100000084,1106,False
func_r_0x10000016c,-68,True
func_r_0x100000189,45,True
func_r_0x10000025b,865,True
func_r_0x100000261,650,False
func_r_0x10000029c,-648,False
func_r_0x1000002ae,-569,True
func_r_0x100000323,-605,True
func_r_0x10000032a,-493,False
func_r_0x100000350,-286,False
func_r_0x100000353,-223,True
func_r_0x10000039d,883,True
func_r_0x1000003a9,1090,True
func_r_0x1000003af,734,True
func_r_0x1000003ba,225,True
func_r_0x1000003bd,-8,True
func_r_0x1000003c2,34,False
func_r_0x1000003c4,234,True
func_r_0x10000040a,450,False
func_r_0x100000412,425,True
func_r_0x100000429,995,False
func_r_0x10000045c,-370,True
func_r_0x1000004b0,878,False
func_r_0x1000004c0,900,True
func_r_0x1000004d8,-815,False
func_r_0x1000004dc,1156,False
func_r_0x1000004de,-739,False
func_r_0x1000004f5,641,False
func_r_0x100000520,-272,True
func_r_0x100000526,-159,True
func_r_0x100000598,-624,False
func_r_0x10000059f,534,False
func_r_0x1000005ee,-259,True
func_r_0x10000088a,613,False
func_r_0x100000892,-217,True
func_r_0x1000008b6,916,True
func_r_0x1000008f6,348,False
func_r_0x10000091d,-618,False
func_r_0x100000936,536,False
func_r_0x100000944,966,False
func_r_0x100000951,-639,False
func_r_0x1000035bc,1087,True
func_r_0x100003b65,-219,True
func_r_0x100003baf,765,False
func_r_0x100003bbe,1141,True
func_r_0x100003c5b,-520,True
func_r_0x100003c5f,901,False
func_r_0x100003c67,346,False
func_r_0x100003c7e,911,True
func_r_0x100003c90,432,True
func_r_0x100003c94,-771,True
func_r_0x100003c98,2,True
func_r_0x100003d89,475,False
func_r_0x100003e20,180,False
func_r_0x100003e47,880,True
func_r_0x1000040a0,-382,True
func_r_0x10000432c,634,False
func_r_0x100004343,1156,False
func_r_0x100004516,207,False
func_r_0x100004613,-284,True
func_r_0x10000468f,-48,False
func_r_0x1000049e8,45,True
func_r_0x100004e6f,-618,True
func_r_0x10000532e,-486,True
func_r_0x100005398,575,True
func_r_0x1000053a3,-657,False
func_r_0x1000053c7,368,False
func_r_0x10000545d,1021,False
func_r_0x100005ac1,-215,False
func_r_0x100005f3a,109,True
func_r_0x100005f4c,828,True
func_r_0x100005f5b,-570,False
func_r_0x100006011,744,False
func_r_0x1000062b7,1155,True
func_r_0x1000064c5,-728,True
func_r_0x1000064c8,-233,True
func_r_0x100006618,393,True
func_r_0x100006873,604,False
func_r_0x1000068bf,309,True
func_r_0x10000699e,-173,False
func_r_0x100006ae0,-441,False
func_r_0x100006cac,476,True
func_r_0x10000724b,-373,False
func_r_0x1000078aa,547,True
func_r_0x1000078ae,347,False
func_r_0x1000078de,-306,True
func_r_0x1000078e0,-725,False
func_r_0x100007a9b,1043,True
func_r_0x100007bb0,-573,True
func_r_0x100007cb8,1096,True
func_r_0x100007d0c,231,False
func_r_0x10000809e,946,False
func_r_0x100008550,-281,True
func_r_0x10000862a,1133,False
func_r_0x10000891c,970,True
func_r_0x100008b1b,1099,False
func_r_0x100008b4c,1044,True
func_r_0x100008b65,447,False
func_r_0x100008b67,-210,False
func_r_0x100008b6b,133,False
func_r_0x100008b6d,-703,True
func_r_0x100008b6f,50,False
func_r_0x100008b71,151,True
func_r_0x100008b76,521,True
func_r_0x100008b96,248,False
func_r_0x100008bb8,-236,False
func_r_0x100008bce,1108,False
func_r_0x100008bd0,-612,False
func_r_0x100008bdd,-75,False
func_r_0x100008c01,102,False
func_r_0x100008c3c,-524,True
func_r_0x100008c54,466,True
func_r_0x100008cbc,1089,True
func_r_0x100009095,322,True
func_r_0x1000090a6,527,False
func_r_0x1000090c4,34,False
func_r_0x10000912a,-731,True
func_r_0x100009175,760,False
func_r_0x10000918d,-521,True
func_r_0x10000919b,342,False
func_r_0x1000091a0,925,True
func_r_0x100009261,-403,True
func_r_0x10000927a,560,True
func_r_0x100009317,-328,False
func_r_0x100009348,-126,False
func_r_0x10000941e,262,True
func_r_0x1000098cd,1049,False
func_r_0x100009e6d,143,True
func_r_0x100009e8f,-21,True
func_r_0x100009eb0,-67,False
func_r_0x100009eb7,-106,False
func_r_0x100009eba,-537,False
func_r_0x10000a021,1056,False
func_r_0x10000a02d,228,True
func_r_0x10000a26c,409,True
func_r_0x10000a2d6,1115,False
func_r_0x10000a30b,215,False
func_r_0x10000ad01,-462,True
func_r_0x10000ad09,663,False
func_r_0x10000ad1b,-600,False
func_r_0x10000ad47,-68,True
func_r_0x10000ad4d,1054,False
func_r_0x10000ad59,145,False
func_r_0x10000b07c,-6,False
func_r_0x10000b09e,332,True
func_r_0x10000b1c3,168,True
func_r_0x10000b4ba,232,False
func_r_0x10000b5d3,748,False
func_r_0x10000ba3e,-33,False
func_r_0x10000ba56,-7,True
func_r_0x10000ba83,430,False
func_r_0x10000ba9a,1018,False
func_r_0x10000bda1,-673,False
func_r_0x10000bfba,919,True
func_r_0x10000c035,155,False
func_r_0x10000c03b,391,True
func_r_0x10000c3b4,643,True
func_r_0x10000c3ca,-658,False
func_r_0x10000c592,-463,False
func_r_0x10000c59f,-39,False
func_r_0x10000c656,-790,True
func_r_0x10000c664,426,True
func_r_0x10000c66b,308,False
func_r_0x10000c6e0,108,False
func_r_0x10000c702,508,False
func_r_0x10000c706,-428,False
func_r_0x10000d51a,430,True
func_r_0x10000d52e,349,True
func_r_0x10000d54d,-418,False
func_re_0x1000001fa,857,True
func_re_0x10000384b,-550,True
func_re_0x10000384d,43,True
func_re_0x100004038,-521,True
func_re_0x1000046c6,926,True
func_re_0x100004771,513,True
func_re_0x10000488d,-729,True
func_re_0x100004897,296,False
func_re_0x100004c0b,183,False
func_re_0x10000576f,-343,False
func_re_0x10000577d,-728,False
func_re_0x100006055,442,False
func_re_0x10000609e,918,False
func_re_0x100006150,-466,False
func_re_0x100006154,593,True
func_re_0x100006195,951,False
func_re_0x100006197,-522,True
func_re_0x10000619d,-381,False
func_re_0x100006450,-207,True
func_re_0x100006471,-141,True
func_re_0x100006521,-809,False
func_re_0x1000067dd,-765,True
func_re_0x100006af8,-585,True
func_re_0x100006ca1,846,True
func_re_0x100006daa,-617,True
func_re_0x100006db0,-746,True
func_re_0x100006db2,170,True
func_re_0x100007444,1106,True
func_re_0x100007446,740,False
func_re_0x10000761b,240,False
func_re_0x1000076ac,-527,True
func_re_0x1000078eb,798,True
func_re_0x100007bcd,384,False
func_re_0x100007cd5,-733,True
func_re_0x100007df0,102,False
func_re_0x100007df2,265,False
func_re_0x100007df5,-739,True
func_re_0x100008338,281,True
func_re_0x10000833e,101,True
func_re_0x100009392,-143,True
func_re_0x100009394,-653,True
func_re_0x100009398,681,True
func_re_0x10000939c,1142,False
func_re_0x1000093a6,995,True
func_re_0x1000093a8,888,True
func_re_0x1000093ae,824,False
func_re_0x1000093c0,-45,False
func_re_0x1000093c6,123,False
func_re_0x1000096d9,406,True
func_re_0x10000ac0c,456,False
func_re_0x10000ac1b,-86,True
func_re_0x10000b359,141,False
func_re_0x10000b369,518,False
func_re_0x10000b36b,-549,False
func_re_0x10000b50d,-256,False
func_re_0x10000b50f,-763,True
func_re_0x10000b70f,1072,True
func_re_0x10000b711,-508,True
func_re_0x10000b736,1072,True
func_re_0x10000b76b,292,False
func_re_0x10000b770,185,True
func_re_0x10000b78e,955,True
func_re_0x10000b906,1101,False
func_re_0x10000bd09,965,False
func_re_0x10000c15b,206,False
func_re_0x10000c195,604,True
func_re_0x10000c1a7,52,True
func_re_0x10000c2aa,319,False
func_re_0x10000c2b0,50,True
func_re_0x10000c380,812,True
func_re_0x10000c3ac,1019,False
func_re_0x10000c612,1039,False
func_re_0x10000c90e,664,True
func_re_0x10000c910,195,False
func_re_0x10000c916,-83,True
func_re_0x10000cc37,300,True
func_ri_0x10000a0dc,339,False
func_ri_0x10000a0f0,-800,True
func_ri_0x10000a0f2,790,True
func_ri_0x10000a102,872,True
func_ri_0x10000a1c2,835,False
func_rn_0x10000386c,-626,True
func_rn_0x10000386e,-724,False
func_rn_0x10000389e,-811,False
func_rn_0x1000038a6,-377,True
func_rn_0x1000038b0,835,True
func_rn_0x1000039d4,1039,True
func_rn_0x1000039ec,366,True
func_rn_0x1000039ee,547,True
func_rn_0x1000039f8,-265,False
func_rn_0x100006f67,-615,False
func_rn_0x100007099,-610,False
func_rn_0x100007178,-561,False
func_rn_0x100007181,845,True
func_rn_0x10000a534,-444,False
func_rn_0x10000a536,344,False
func_rn_0x10000cf09,847,True
func_rn_0x10000cf0b,-51,True
func_rn_0x10000cf0d,379,True
func_rn_0x10000cf13,483,False
func_rn_0x10000cf1b,-619,False
func_rn_0x10000cf1d,-595,False
func_rn_0x10000cf1f,-106,True
func_rn_0x10000cf21,-189,True
func_rn_0x10000cf27,291,True
func_rn_0x10000cf29,585,True
func_rn_0x10000cf2d,-615,True
func_rn_0x10000cf35,302,True
func_rn_0x10000cf3d,1142,True
func_rn_0x10000cf3f,112,False
func_rn_0x10000cf4b,-405,False
func_rn_0x10000cf4f,-653,True
func_rn_0x10000cf55,-839,False
func_rn_0x10000cf57,274,True
func_rn_0x10000cf59,1145,False
func_rn_0x10000cf61,439,True
func_rn_0x10000cf63,-304,False
func_rn_0x10000cf73,206,True
func_rn_0x10000cf77,917,False
func_rn_0x10000cf7d,-143,True
func_rn_0x10000cf81,-786,False
func_rn_0x10000cf85,276,True
func_rn_0x10000cf8d,583,True
func_rn_0x10000cf8f,-821,True
func_rn_0x10000cf95,347,False
func_rn_0x10000d010,549,False
func_rn_0x10000d014,-189,True
func_rn_0x10000d058,-391,False
func_rr_0x100008d1e,1077,False
func_rr_0x100008d20,307,True
func_rr_0x100008f62,-767,True
func_rr_0x100008f65,-33,False
func_rr_0x100008f79,-403,False
func_rr_0x100008f83,50,True
func_rr_0x10000900c,-89,False
func_rt_0x100004cb3,404,False
func_rt_0x100004cec,756,False
func_rt_0x100004cee,-805,True
func_rt_0x100004cf0,-706,False
func_rt_0x100004cf2,1127,True
func_rt_0x100004cf4,383,True
func_rt_0x100004cf6,139,False
func_rt_0x100004cf8,-645,False
func_rt_0x100004cfe,545,True
func_rt_0x100004d00,-343,True
func_rt_0x100004d02,632,False
func_rt_0x100004d08,-143,True
func_rt_0x100004d0a,274,False
func_rt_0x100004d0c,969,True
func_rt_0x100005666,-170,False
func_rt_0x100006554,1098,False
func_rt_0x100006566,413,True
func_rt_0x100006580,1130,True
func_rt_0x100006586,-396,False
func_rt_0x100006588,-405,False
func_rt_0x10000660e,960,True
func_rt_0x100008226,724,True
func_rt_0x100008237,1131,False
func_rt_0x100008249,-609,False
func_rt_0x10000879f,-112,False
func_rt_0x10000952e,-406,True
func_rt_0x100009b64,781,False
func_rt_0x100009b8b,-692,True
func_rt_0x100009b90,-486,True
func_rt_0x100009baa,-116,True
func_rt_0x100009bb5,-527,False
func_rt_0x100009bb7,-22,False
func_rt_0x100009bbc,900,False
func_rt_0x100009bd0,-826,False
func_rt_0x10000c51b,1075,True
func_rt_0x10000c523,911,True
func_rt_0x10000c525,-646,False
func_rt_0x10000c527,-136,False
func_rt_0x10000c52d,-737,False
func_rt_0x10000c898,-230,True
func_rt_0x10000cae9,-241,True
func_ru_0x100004fae,-460,False
func_ru_0x100004fc4,745,True
func_s_0x1000002bc,590,True
func_s_0x1000002cc,-818,True
func_s_0x1000002ef,-406,True
func_s_0x10000033c,1036,False
func_s_0x10000037e,828,True
func_s_0x1000003dd,-753,True
func_s_0x1000003fd,1032,True
func_s_0x10000041d,981,False
func_s_0x100000569,616,True
func_s_0x10000057c,425,True
func_s_0x1000005b9,-603,False
func_s_0x1000008be,857,False
func_s_0x100000907,-309,True
func_s_0x100000976,821,False
func_s_0x10000098e,1020,False
func_s_0x100003a3d,-388,False
func_s_0x100003a4d,896,False
func_s_0x100003b1f,812,False
func_s_0x100003bbc,-750,True
func_s_0x100003da0,116,True
func_s_0x100003db0,219,True
func_s_0x1000040ef,-817,True
func_s_0x1000040f3,-176,False
func_s_0x1000041e0,-608,True
func_s_0x10000423b,602,True
func_s_0x100004241,-665,False
func_s_0x100004247,1053,True
func_s_0x1000042ac,28,True
func_s_0x1000042ef,-232,True
func_s_0x100004345,-16,True
func_s_0x100004381,-148,False
func_s_0x1000043a8,399,True
func_s_0x1000043c6,-525,True
func_s_0x1000043f6,185,True
func_s_0x100004408,-388,True
func_s_0x100004445,-810,True
func_s_0x1000044c0,476,True
func_s_0x100004517,332,True
func_s_0x100004601,-378,True
func_s_0x100004615,-430,True
func_s_0x10000463e,-45,True
func_s_0x100004641,404,True
func_s_0x100004680,544,True
func_s_0x100004685,-269,True
func_s_0x1000048d7,1036,False
func_s_0x100004a75,526,True
func_s_0x1000053dd,489,True
func_s_0x100005487,1106,False
func_s_0x100005a60,592,False
func_s_0x100005f53,-558,True
func_s_0x100005f62,767,False
func_s_0x100005f95,933,True
func_s_0x1000064d5,339,False
func_s_0x100006534,-396,True
func_s_0x10000665a,376,False
func_s_0x100006857,-538,True
func_s_0x100006893,838,False
func_s_0x10000689c,619,True
func_s_0x1000068c1,-739,False
func_s_0x100006966,841,False
func_s_0x1000069dc,-523,False
func_s_0x10000702c,1082,False
func_s_0x100007ae4,796,False
func_s_0x100007c2e,750,False
func_s_0x100007cb4,1067,True
func_s_0x1000080fc,164,True
func_s_0x100008367,291,False
func_s_0x100008370,-504,True
func_s_0x100008402,-210,False
func_s_0x100008413,-217,True
func_s_0x100008451,89,False
func_s_0x100008c49,978,False
func_s_0x100008c5b,951,False
func_s_0x1000090d6,26,True
func_s_0x10000912b,926,True
func_s_0x100009197,-193,False
func_s_0x10000919c,-382,False
func_s_0x100009360,-184,True
func_s_0x1000093ca,-728,False
func_s_0x10000940f,632,False
func_s_0x10000948e,1117,False
func_s_0x1000098c6,801,False
func_s_0x1000098c8,-227,False
func_s_0x1000098ca,322,False
func_s_0x1000098d7,609,True
func_s_0x1000098df,-160,False
func_s_0x100009972,-413,False
func_s_0x100009974,1144,True
func_s_0x100009ca2,-296,False
func_s_0x100009ca5,-810,False
func_s_0x100009d18,186,True
func_s_0x100009e05,779,False
func_s_0x100009e0e,-2,True
func_s_0x100009e68,790,False
func_s_0x100009e89,-469,True
func_s_0x100009f71,-354,True
func_s_0x100009f86,-741,True
func_s_0x100009f8e,591,True
func_s_0x10000a2da,-513,False
func_s_0x10000a313,-441,True
func_s_0x10000a3b3,714,False
func_s_0x10000a3e0,-732,True
func_s_0x10000a442,808,False
func_s_0x10000a5e0,980,True
func_s_0x10000a5e4,725,False
func_s_0x10000a61a,929,True
func_s_0x10000a7d4,-447,False
func_s_0x10000abbe,-24,False
func_s_0x10000ad48,402,True
func_s_0x10000ad4e,71,False
func_s_0x10000b045,-796,True
func_s_0x10000b052,-111,False
func_s_0x10000b2aa,890,False
func_s_0x10000b324,429,True
func_s_0x10000b329,160,True
func_s_0x10000b32d,461,False
func_s_0x10000b4ec,921,True
func_s_0x10000b8d5,308,True
func_s_0x10000ba4e,-156,True
func_s_0x10000bd97,90,False
func_s_0x10000bd9c,-824,True
func_s_0x10000bd9e,-719,True
func_s_0x10000bdaa,725,False
func_s_0x10000bdb3,710,False
func_s_0x10000bdb5,731,True
func_s_0x10000c227,628,False
func_s_0x10000c3dc,-490,True
func_s_0x10000c597,-640,True
func_s_0x10000c62e,-774,True
func_s_0x10000c6ff,569,False
func_s_0x10000c844,1138,False
func_s_0x10000c8d6,313,True
func_s_0x10000c941,-7,False
func_s_0x10000d079,-255,False
func_se_0x100004140,300,False
func_se_0x1000042da,266,False
func_se_0x10000482c,267,False
func_se_0x10000482e,98,True
func_se_0x10000483c,-2,False
func_se_0x10000483e,253,True
func_se_0x100004842,853,False
func_se_0x100004852,671,True
func_se_0x100004854,-576,False
func_se_0x1000048a1,373,False
func_se_0x1000048cb,1035,True
func_se_0x1000048cf,1088,True
func_se_0x1000049ca,-788,False
func_se_0x1000049cc,1094,True
func_se_0x1000049f9,757,True
func_se_0x100004a30,330,False
func_se_0x100004bb1,947,False
func_se_0x100004bf7,-142,True
func_se_0x100004bfb,-262,True
func_se_0x100004bff,906,True
func_se_0x1000069bb,-20,True
func_se_0x100006af6,735,True
func_se_0x100006c77,873,False
func_se_0x100006e20,-396,False
func_se_0x100006e22,-283,True
func_se_0x100006e26,584,True
func_se_0x100006e28,567,False
func_se_0x100006e2a,1138,True
func_se_0x100006e2e,-167,True
func_se_0x100006e30,1114,False
func_se_0x100006e32,-33,True
func_se_0x100006e38,481,True
func_se_0x100006e4a,-814,True
func_se_0x100006e4e,1062,True
func_se_0x1000076b2,990,False
func_se_0x100007a85,18,False
func_se_0x100007b02,1152,True
func_se_0x100007bdf,1056,False
func_se_0x100007be9,277,False
func_se_0x100007cd4,-691,False
func_se_0x100007d13,983,False
func_se_0x100007f73,883,False
func_se_0x100007f77,-662,True
func_se_0x1000082b0,97,False
func_se_0x1000082b2,-210,False
func_se_0x1000083b5,905,False
func_se_0x1000083b9,278,True
func_se_0x100009b02,806,False
func_se_0x100009b04,-158,True
func_se_0x10000a281,1117,False
func_se_0x10000a380,0,False
func_se_0x10000a3e7,446,False
func_se_0x10000a742,881,False
func_se_0x10000a7a6,201,True
func_se_0x10000a7b0,185,False
func_se_0x10000a7b4,77,False
func_se_0x10000a7fc,238,False
func_se_0x10000ac12,-223,False
func_se_0x10000ae2f,176,True
func_se_0x10000b68d,745,False
func_se_0x10000b68f,433,False
func_se_0x10000b699,882,True
func_se_0x10000b78b,217,True
func_se_0x10000b9dc,-413,True
func_se_0x10000bb34,956,False
func_se_0x10000bb36,-26,False
func_se_0x10000bd00,234,True
func_se_0x10000c24c,-180,True
func_se_0x10000c250,1022,False
func_se_0x10000c4f5,-814,False
func_se_0x10000c4f8,33,True
func_se_0x10000c861,-80,False
func_se_0x10000d1cf,-219,False
func_se_0x10000d1d1,643,True
func_se_0x10000d1dd,1110,False
func_se_0x10000d1e1,969,True
func_se_0x10000d1e3,963,True
func_se_0x10000d37a,-114,True
func_sn_0x100005628,209,True
func_sn_0x10000562f,-711,True
func_sn_0x100005637,-140,True
func_sn_0x1000081ee,775,True
func_sn_0x1000081f1,42,False
func_sn_0x1000081f5,807,False
func_sn_0x10000955b,-703,True
func_sn_0x10000955d,370,False
func_sn_0x10000955f,977,True
func_sn_0x100009b92,454,True
func_sn_0x10000b38b,-282,True
func_sn_0x10000b457,900,True
func_sn_0x10000b5e4,-77,True
func_sn_0x10000b5f3,635,True
func_sn_0x10000b606,361,True
func_sn_0x10000b64c,-171,True
func_sr_0x10000bc94,55,False
func_st_0x10000561d,223,True
func_st_0x100005621,663,True
func_st_0x100005623,1071,True
func_st_0x100005625,-583,False
func_st_0x100005633,679,True
func_st_0x100005639,991,True
func_st_0x10000564b,245,True
func_st_0x10000564e,969,True
func_st_0x1000079a1,150,False
func_st_0x1000081ed,690,False
func_st_0x100008233,924,False
func_st_0x100009543,936,True
func_st_0x100009561,1114,False
func_st_0x10000b389,-243,False
func_st_0x10000b392,-401,True
func_st_0x10000b395,419,False
func_st_0x10000b3a7,-549,False
func_st_0x10000b3ab,-620,True
func_st_0x10000b3ea,-481,True
func_st_0x10000b445,269,True
func_st_0x10000b453,-85,True
func_st_0x10000b46b,-47,True
func_st_0x10000b474,-77,False
func_st_0x10000b479,-594,False
func_st_0x10000b5d9,661,False
func_st_0x10000b5ee,368,False
func_st_0x10000b5f1,1128,False
func_st_0x10000b5fd,-246,False
func_st_0x10000b605,61,True
func_st_0x10000b658,392,True
func_st_0x10000be41,869,False
func_st_0x10000c89b,653,True
func_t_0x100003671,617,False
func_t_0x100003675,95,False
func_t_0x100003680,1126,True
func_t_0x100003684,192,True
func_t_0x10000368a,-548,False
func_t_0x100003691,-203,False
func_t_0x10000369b,-177,False
func_t_0x1000036ab,627,True
func_t_0x1000036ad,-73,True
func_t_0x1000036af,359,True
func_t_0x1000036b3,689,True
func_t_0x1000036b5,-562,False
func_t_0x1000036b9,-37,True
func_t_0x1000037a2,627,False
func_t_0x1000037a4,-99,True
func_t_0x1000037a6,468,True
func_t_0x1000037b4,-529,True
func_t_0x1000037b6,764,False
func_t_0x1000037ba,840,False
func_t_0x1000037be,1089,False
func_t_0x1000037c2,-806,True
func_t_0x1000037cc,-196,False
func_t_0x1000062d7,940,True
func_t_0x10000c792,-727,True
func_t_0x10000c824,1105,True
func_t_0x10000c828,941,True
func_te_0x1000046a5,1081,True
func_te_0x1000046bb,848,True
func_te_0x1000046bd,-144,False
func_te_0x1000046bf,763,True
func_te_0x1000046c1,-229,True
func_te_0x1000046c3,432,False
func_te_0x100004774,-138,False
func_te_0x100004776,764,False
func_te_0x100004778,189,True
func_te_0x10000477a,170,True
func_te_0x100004780,499,False
func_te_0x100004782,738,False
func_te_0x100004784,-314,False
func_te_0x100004794,294,False
func_te_0x100004798,-817,True
func_te_0x10000479e,1039,False
func_te_0x100004bdd,651,False
func_te_0x100004bdf,-53,True
func_te_0x100004d7a,-562,True
func_te_0x1000060e0,-775,True
func_te_0x100006114,-821,False
func_te_0x100006447,-773,False
func_te_0x100006454,-96,False
func_te_0x10000645a,-327,True
func_te_0x100006460,296,False
func_te_0x100006c0b,430,False
func_te_0x100006c14,-255,False
func_te_0x100006cb1,-6,False
func_te_0x100006cdf,-725,True
func_te_0x100006cfb,-804,False
func_te_0x1000080c0,-732,True
func_te_0x1000080ce,719,False
func_te_0x100008158,-263,True
func_te_0x10000815a,-194,False
func_te_0x10000816a,234,False
func_te_0x10000818d,-478,True
func_te_0x10000818f,547,False
func_te_0x100009fc7,795,True
func_te_0x10000a6cb,676,True
func_te_0x10000a6f4,-44,False
func_te_0x10000a6fa,1093,True
func_te_0x10000a6fe,-730,True
func_te_0x10000a700,-273,False
func_te_0x10000a708,196,False
func_te_0x10000a70c,67,True
func_te_0x10000a70e,873,True
func_te_0x10000a710,494,False
func_te_0x10000a716,-489,True
func_te_0x10000a718,-136,False
func_te_0x10000a9e6,292,True
func_te_0x10000a9ea,-544,True
func_te_0x10000a9ec,659,False
func_te_0x10000a9f0,879,True
func_te_0x10000aa00,-185,False
func_te_0x10000aa02,1160,False
func_te_0x10000aa06,-304,True
func_te_0x10000aa0a,161,False
func_te_0x10000aa16,92,False
func_te_0x10000aa18,-137,False
func_te_0x10000b739,-412,True
func_te_0x10000b73b,-463,False
func_te_0x10000b73d,271,True
func_te_0x10000b9ea,-720,True
func_te_0x10000b9ec,802,False
func_te_0x10000b9ee,190,True
func_te_0x10000b9f0,538,False
func_te_0x10000b9f6,-386,False
func_te_0x10000b9f8,871,True
func_te_0x10000b9fa,-247,True
func_te_0x10000ba06,823,False
func_te_0x10000ba08,205,True
func_te_0x10000c292,-86,False
func_te_0x10000c5f2,8,False
func_te_0x10000cbd7,420,False
func_te_0x10000cbd9,-431,False
func_te_0x10000cbdb,897,False
func_te_0x10000ce98,-3,True
func_te_0x10000cea5,-517,False
func_te_0x10000cea7,-49,True
func_te_0x10000cead,135,False
func_te_0x10000ceb3,-16,False
func_te_0x10000ceb8,429,False
func_te_0x10000d24a,-190,False
func_te_0x10000d2cd,308,False
func_te_0x10000d2d1,-311,True
func_te_0x10000d4d8,228,True
func_tn_0x1000007f5,1077,False
func_tn_0x1000007f7,-329,False
func_tn_0x1000007f9,-731,False
func_tn_0x100000801,65,True
func_tn_0x10000789d,-545,False
func_tn_0x10000789f,897,True
func_tn_0x10000b7b1,676,False
func_tn_0x10000b7bb,870,False
func_tn_0x10000b7bf,550,True
func_tn_0x10000b7c1,685,True
func_tn_0x10000b7c9,661,False
func_tn_0x10000b7cb,1095,False
func_tn_0x10000b7d4,970,False
func_tn_0x10000b7d9,1017,False
func_tn_0x10000b7dd,586,False
func_tn_0x10000b848,1135,True
func_tn_0x10000b858,-635,True
func_to_0x10000bc6a,804,True
func_to_0x10000bc86,286,False
func_to_0x10000bc8c,1028,False
func_tr_0x1000051d1,973,False
func_tr_0x1000051d3,-786,True
func_tr_0x1000051dd,-177,True
func_tr_0x1000051df,-658,True
func_tr_0x1000051e1,-548,True
func_tr_0x1000051e3,-280,False
func_tr_0x1000051e7,890,False
func_tr_0x1000051e9,793,True
func_tr_0x1000051f1,-227,False
func_tr_0x1000051f5,1016,True
func_tr_0x1000051f9,-580,True
func_tr_0x1000051fd,200,False
func_tr_0x1000051ff,-716,False
func_tr_0x100005209,-365,False
func_tr_0x10000520d,135,True
func_tr_0x10000520f,-764,True
func_tr_0x100005211,1116,True
func_tr_0x100005215,-429,True
func_tr_0x100005221,-611,True
func_tr_0x100005223,133,False
func_tr_0x10000522f,-416,False
func_tr_0x100005231,351,False
func_tr_0x100005233,1055,False
func_tr_0x100005237,639,True
func_tr_0x100005239,-89,False
func_tr_0x10000523d,1054,False
func_tr_0x10000523f,613,False
func_tr_0x100005243,-326,True
func_tr_0x100005245,1126,True
func_tr_0x100005247,-102,True
func_tr_0x10000524d,-24,True
func_tr_0x10000524f,-625,True
func_tr_0x100005255,-744,True
func_tr_0x100005257,176,True
func_tr_0x100005259,325,True
func_tr_0x10000525b,-535,False
func_tr_0x10000525d,772,False
func_tr_0x10000525f,635,True
func_tr_0x100005263,131,False
func_tr_0x100005265,900,False
func_tr_0x100005267,147,True
func_tr_0x100005269,-596,False
func_tr_0x10000526b,205,False
func_tr_0x100005275,-569,True
func_tr_0x100005277,-782,True
func_tr_0x10000527d,876,True
func_tr_0x100005281,35,False
func_tr_0x100005283,-161,True
func_tr_0x100005287,794,True
func_tr_0x100005289,-731,False
func_tr_0x10000528f,-319,True
func_tr_0x100005295,214,False
func_tr_0x100005299,698,False
func_tr_0x10000529b,-117,True
func_tr_0x10000529f,-476,True
func_tr_0x1000052a1,462,True
func_tr_0x1000052a7,724,True
func_tr_0x1000052a9,-544,True
func_tr_0x1000052ad,316,True
func_tr_0x1000052b1,-96,True
func_tr_0x1000052b7,1139,True
func_tr_0x1000052bf,-766,False
func_tr_0x1000052c1,595,True
func_tr_0x1000052c3,-192,True
func_tr_0x1000052c5,1150,True
func_tr_0x1000052cd,133,True
func_tr_0x1000052d1,-783,False
func_tr_0x1000052d3,-233,True
func_tr_0x1000052d7,678,False
func_tr_0x1000052d9,-608,False
func_tr_0x1000052df,913,True
func_tr_0x1000052e7,-77,True
func_tr_0x1000052f3,692,True
func_tr_0x1000052f5,-460,True
func_tr_0x100005305,-171,True
func_tr_0x100005315,-622,False
func_tt_0x100004ca8,805,False
func_tt_0x100004cb8,-119,False
func_tt_0x100004cfa,622,True
func_tt_0x100004d04,-412,True
func_tt_0x100004d06,1102,False
func_tt_0x100004d0e,1134,True
func_tt_0x100005654,-314,False
func_tt_0x100006564,-488,True
func_tt_0x100006608,-319,True
func_tt_0x100007383,307,False
func_tt_0x100007385,1043,False
func_tt_0x100007388,1011,False
func_tt_0x10000738e,638,False
func_tt_0x1000081d6,-410,True
func_tt_0x1000081df,-203,False
func_tt_0x1000081e8,1013,False
func_tt_0x100008221,803,False
func_tt_0x10000823e,273,True
func_tt_0x100008245,583,True
func_tt_0x100008247,805,False
func_tt_0x1000097b0,488,True
func_tt_0x1000097d8,819,True
func_tt_0x100009801,-166,False
func_tt_0x100009bc2,-219,True
func_tt_0x10000bdd9,-766,False
func_tt_0x10000c511,-682,True
func_tt_0x10000c515,56,True
func_tt_0x10000c51f,762,False
func_tt_0x10000cb0f,492,False
func_u0_0x10000a223,888,False
func_u_0x100000000,420,False
func_u_0x10000000d,394,False
func_u_0x100000016,-286,False
func_u_0x10000002e,-563,True
func_u_0x10000006e,-528,False
func_u_0x100000072,-482,False
func_u_0x100000098,950,False
func_u_0x1000000ae,-378,True
func_u_0x1000000ea,-287,False
func_u_0x1000000ef,167,False
func_u_0x100000150,675,False
func_u_0x100000169,84,True
func_u_0x10000017a,-103,True
func_u_0x10000017e,-649,False
func_u_0x100000182,-565,False
func_u_0x100000186,1051,True
func_u_0x100000191,586,False
func_u_0x10000024f,388,False
func_u_0x100000264,-321,True
func_u_0x100000269,748,True
func_u_0x1000002b4,-614,True
func_u_0x1000002c9,256,True
func_u_0x1000002cf,879,True
func_u_0x100000318,552,False
func_u_0x10000034a,-514,True
func_u_0x100000359,-305,True
func_u_0x10000036e,455,True
func_u_0x100000396,-716,True
func_u_0x1000003e6,353,False
func_u_0x1000003f8,491,False
func_u_0x100000424,157,False
func_u_0x100000436,682,False
func_u_0x10000043a,1022,True
func_u_0x100000463,297,True
func_u_0x100000474,192,False
func_u_0x100000498,1028,True
func_u_0x1000004a1,1154,True
func_u_0x1000004a4,789,False
func_u_0x1000004a7,-683,False
func_u_0x1000004aa,-838,True
func_u_0x1000004ad,601,False
func_u_0x1000004b3,-142,False
func_u_0x1000004c5,173,False
func_u_0x1000004c9,24,True
func_u_0x1000004d4,-193,False
func_u_0x1000004e3,142,False
func_u_0x1000004e6,241,True
func_u_0x1000004ed,151,False
func_u_0x100000512,-725,True
func_u_0x100000515,524,False
func_u_0x10000051a,-5,False
func_u_0x100000523,903,False
func_u_0x100000530,53,True
func_u_0x100000540,776,True
func_u_0x10000056e,197,True
func_u_0x100000570,-572,False
func_u_0x100000572,1152,True
func_u_0x100000574,-311,True
func_u_0x100000576,1043,True
func_u_0x1000005a6,-658,True
func_u_0x1000005a9,-349,False
func_u_0x1000005b5,-710,False
func_u_0x1000005c4,-725,False
func_u_0x1000005ea,249,True
func_u_0x1000005f5,363,False
func_u_0x100000864,201,True
func_u_0x10000086a,-747,True
func_u_0x100000872,989,True
func_u_0x1000008a1,260,True
func_u_0x1000008a5,74,False
func_u_0x1000008ac,8,False
func_u_0x1000008c8,664,False
func_u_0x1000008ca,-504,False
func_u_0x1000008ec,304,False
func_u_0x100000904,-622,True
func_u_0x100000915,838,False
func_u_0x10000091f,628,True
func_u_0x100000924,-286,False
func_u_0x10000092d,-59,False
func_u_0x100000946,219,False
func_u_0x10000094b,773,False
func_u_0x100000966,-754,True
func_u_0x100000972,-268,True
func_u_0x1000035c2,969,True
func_u_0x10000363d,677,True
func_u_0x100003a25,1133,False
func_u_0x100003be8,133,True
func_u_0x100003c6d,81,False
func_u_0x100003c71,-538,False
func_u_0x100003dca,989,True
func_u_0x100003dce,323,False
func_u_0x100003dd2,128,True
func_u_0x100003e37,302,True
func_u_0x100004040,-89,False
func_u_0x1000040ba,855,False
func_u_0x1000040e9,-150,False
func_u_0x100004246,266,False
func_u_0x100004272,-421,True
func_u_0x1000042ee,16,True
func_u_0x1000044f5,903,False
func_u_0x100004544,142,False
func_u_0x10000454d,481,True
func_u_0x10000454f,-103,True
func_u_0x100004620,55,True
func_u_0x100004632,792,True
func_u_0x100004638,171,False
func_u_0x10000463a,1133,True
func_u_0x100004712,306,False
func_u_0x1000047ca,1150,True
func_u_0x100004de6,901,False
func_u_0x100004e6c,-530,False
func_u_0x100004e77,1027,False
func_u_0x1000053b8,374,True
func_u_0x10000545f,284,True
func_u_0x10000546a,997,False
func_u_0x1000054c0,424,False
func_u_0x1000054cd,-477,False
func_u_0x100005510,911,True
func_u_0x100005575,-218,True
func_u_0x100005609,-96,True
func_u_0x100005611,82,False
func_u_0x1000056ce,-319,True
func_u_0x100005ad3,-339,True
func_u_0x100005f32,-420,False
func_u_0x100005f43,-279,False
func_u_0x100005f86,-740,False
func_u_0x100005f88,211,False
func_u_0x1000061cc,268,False
func_u_0x1000063da,457,True
func_u_0x1000063e4,457,False
func_u_0x100006401,-667,True
func_u_0x100006498,-133,True
func_u_0x10000649f,119,True
func_u_0x10000664a,707,False
func_u_0x1000068e2,-248,True
func_u_0x1000069d4,-549,False
func_u_0x100006b2f,-824,True
func_u_0x100007a91,-215,True
func_u_0x100007aa2,1028,True
func_u_0x100007b33,-565,True
func_u_0x100007b5d,-452,False
func_u_0x100007c2b,-613,False
func_u_0x100007cea,471,False
func_u_0x100008127,-147,False
func_u_0x10000812a,-187,False
func_u_0x100008143,594,False
func_u_0x100008445,1103,True
func_u_0x100008449,-393,False
func_u_0x100008463,1108,True
func_u_0x100008c40,515,True
func_u_0x1000090d5,267,False
func_u_0x100009121,619,False
func_u_0x100009188,-708,False
func_u_0x100009196,9,True
func_u_0x1000091cf,-550,False
func_u_0x100009955,1134,False
func_u_0x100009a87,218,True
func_u_0x100009be9,192,True
func_u_0x100009bed,196,False
func_u_0x100009c61,800,True
func_u_0x100009ccc,171,False
func_u_0x100009cd4,-356,True
func_u_0x100009d00,798,True
func_u_0x100009d08,-63,False
func_u_0x100009d1c,346,False
func_u_0x100009e42,240,False
func_u_0x100009e44,-355,True
func_u_0x100009e46,-306,False
func_u_0x100009e48,899,True
func_u_0x100009e4a,1053,True
func_u_0x100009e4c,-178,True
func_u_0x100009e4e,918,True
func_u_0x100009e50,947,False
func_u_0x100009e52,722,False
func_u_0x100009e54,27,False
func_u_0x100009e56,-591,True
func_u_0x100009e58,39,True
func_u_0x100009e5a,21,False
func_u_0x100009e5c,135,True
func_u_0x100009e6b,-839,False
func_u_0x100009e71,-468,False
func_u_0x100009e8c,-628,True
func_u_0x100009eb3,-191,False
func_u_0x100009eb5,409,True
func_u_0x100009ee5,-294,False
func_u_0x10000a025,-268,True
func_u_0x10000a0da,979,False
func_u_0x10000a0e4,-249,False
func_u_0x10000a0e6,-34,False
func_u_0x10000a0ee,286,False
func_u_0x10000a0f6,-828,False
func_u_0x10000a0f8,356,True
func_u_0x10000a0fa,686,False
func_u_0x10000a0fe,700,True
func_u_0x10000a104,-678,False
func_u_0x10000a10e,484,True
func_u_0x10000a118,-677,True
func_u_0x10000a11a,987,False
func_u_0x10000a11c,118,False
func_u_0x10000a11e,-695,False
func_u_0x10000a126,-539,False
func_u_0x10000a128,857,False
func_u_0x10000a12a,132,True
func_u_0x10000a12e,969,False
func_u_0x10000a132,-640,False
func_u_0x10000a136,262,True
func_u_0x10000a138,-536,False
func_u_0x10000a142,976,True
func_u_0x10000a144,-778,True
func_u_0x10000a14c,1112,True
func_u_0x10000a14e,1,True
func_u_0x10000a152,-24,False
func_u_0x10000a158,709,True
func_u_0x10000a15c,-190,True
func_u_0x10000a15e,132,False
func_u_0x10000a160,-34,False
func_u_0x10000a162,-581,True
func_u_0x10000a16a,1147,True
func_u_0x10000a16c,1017,True
func_u_0x10000a16e,1074,False
func_u_0x10000a170,239,True
func_u_0x10000a174,-129,True
func_u_0x10000a176,-123,False
func_u_0x10000a178,1093,False
func_u_0x10000a17c,-256,False
func_u_0x10000a18c,-349,True
func_u_0x10000a18e,729,False
func_u_0x10000a190,642,True
func_u_0x10000a192,-326,False
func_u_0x10000a196,339,False
func_u_0x10000a198,366,False
func_u_0x10000a1a0,-265,True
func_u_0x10000a1a6,1025,True
func_u_0x10000a1a8,-431,True
func_u_0x10000a1aa,368,True
func_u_0x10000a1b2,143,True
func_u_0x10000a1bc,519,True
func_u_0x10000a1be,-830,False
func_u_0x10000a1c8,102,True
func_u_0x10000a1ca,-345,True
func_u_0x10000a1cc,-708,True
func_u_0x10000a1d0,710,False
func_u_0x10000a1d2,-267,True
func_u_0x10000a1d4,473,False
func_u_0x10000a1d8,-452,True
func_u_0x10000a1da,-476,False
func_u_0x10000a1de,550,False
func_u_0x10000a1e0,-71,False
func_u_0x10000a1e2,137,False
func_u_0x10000a1e4,-788,False
func_u_0x10000a1ea,-357,False
func_u_0x10000a1f0,740,True
func_u_0x10000a1f2,971,False
func_u_0x10000a1f6,-736,False
func_u_0x10000a208,938,False
func_u_0x10000a214,-664,True
func_u_0x10000a21f,-262,True
func_u_0x10000a22b,908,False
func_u_0x10000a233,632,False
func_u_0x10000a237,-736,False
func_u_0x10000a23b,322,True
func_u_0x10000a24f,354,False
func_u_0x10000a3d1,-742,True
func_u_0x10000a7ec,-357,False
func_u_0x10000a7ef,-107,False
func_u_0x10000aba6,1032,False
func_u_0x10000acc3,-475,True
func_u_0x10000acd0,607,True
func_u_0x10000ace2,-431,False
func_u_0x10000ace9,-773,True
func_u_0x10000acf7,-172,False
func_u_0x10000ad10,-260,False
func_u_0x10000ad65,1100,False
func_u_0x10000af5a,367,False
func_u_0x10000b2b0,252,False
func_u_0x10000b4d9,199,False
func_u_0x10000b4ff,-202,True
func_u_0x10000b503,-305,True
func_u_0x10000b5d7,976,False
func_u_0x10000b920,-685,True
func_u_0x10000ba32,11,False
func_u_0x10000ba5f,-352,True
func_u_0x10000ba64,479,False
func_u_0x10000ba73,26,False
func_u_0x10000ba8f,1082,False
func_u_0x10000c59a,-607,True
func_u_0x10000c6f2,298,True
func_u_0x10000c6f6,968,True
func_u_0x10000c8dc,-549,True
func_u_0x10000ca6d,-709,True
func_u_0x10000cb78,1016,False
func_u_0x10000cb89,621,True
func_u_0x10000cc8a,109,False
func_u_0x10000cd4b,-696,False
func_u_0x10000cdb2,740,True
func_u_0x10000d4f8,-311,True
func_u_0x10000d558,658,True
func_u_0x10000d565,1136,False
func_ue_0x1000001f5,-488,True
func_ue_0x1000041e4,-391,False
func_ue_0x1000046a8,1013,False
func_ue_0x100004789,856,True
func_ue_0x100004890,115,False
func_ue_0x100004a3a,-183,True
func_ue_0x10000575b,-560,True
func_ue_0x10000575d,268,True
func_ue_0x10000575f,620,True
func_ue_0x1000060b3,441,True
func_ue_0x1000060bd,-48,True
func_ue_0x100006130,567,False
func_ue_0x10000613d,-828,True
func_ue_0x1000061a9,491,False
func_ue_0x100006440,-370,False
func_ue_0x10000673c,941,True
func_ue_0x10000679d,853,True
func_ue_0x10000679f,-322,True
func_ue_0x100006af9,804,True
func_ue_0x100006afd,-177,False
func_ue_0x100006bd6,594,False
func_ue_0x100006bd8,744,True
func_ue_0x100006bde,374,False
func_ue_0x100006be0,473,True
func_ue_0x100006be2,255,True
func_ue_0x100006ce5,102,False
func_ue_0x100006ce8,753,False
func_ue_0x100006cf2,1099,False
func_ue_0x1000076a8,1102,True
func_ue_0x100007709,1020,False
func_ue_0x100007712,-244,False
func_ue_0x100007a69,-362,True
func_ue_0x100007a6d,-120,True
func_ue_0x100007c90,1149,True
func_ue_0x100007de4,-172,False
func_ue_0x10000938e,1138,True
func_ue_0x1000096eb,-326,True
func_ue_0x100009725,543,True
func_ue_0x10000a41b,231,False
func_ue_0x10000a597,-477,False
func_ue_0x10000a599,-636,True
func_ue_0x10000a79a,182,False
func_ue_0x10000a79c,-95,True
func_ue_0x10000a7bd,490,True
func_ue_0x10000a7c3,424,True
func_ue_0x10000a7c5,962,True
func_ue_0x10000ac3a,-56,False
func_ue_0x10000ae4d,-318,True
func_ue_0x10000ae60,262,True
func_ue_0x10000ae6f,891,False
func_ue_0x10000ae72,389,True
func_ue_0x10000aed0,1112,False
func_ue_0x10000aed2,772,True
func_ue_0x10000aed6,949,False
func_ue_0x10000aed8,-321,False
func_ue_0x10000aedc,184,False
func_ue_0x10000aede,-31,True
func_ue_0x10000b50b,-780,False
func_ue_0x10000c0af,-661,True
func_ue_0x10000c154,-726,False
func_ue_0x10000c33f,1032,True
func_ue_0x10000c388,823,False
func_ue_0x10000c397,448,True
func_ue_0x10000c3a1,377,True
func_ue_0x10000c3b1,1005,True
func_ue_0x10000c862,587,False
func_ue_0x10000c864,776,True
func_ue_0x10000c86a,750,False
func_ue_0x10000c86c,1128,True
func_ue_0x10000c870,1128,False
func_ue_0x10000c874,19,False
func_ue_0x10000c878,-574,True
func_ue_0x10000c8ab,211,True
func_ue_0x10000ca7f,550,True
func_ue_0x10000cbdf,640,False
func_ue_0x10000cbe1,-764,True
func_ue_0x10000cbed,315,False
func_ue_0x10000cc35,864,True
func_ue_0x10000d1e5,-294,True
func_ue_0x10000d1ee,-574,True
func_ue_0x10000d215,-815,False
func_ue_0x10000d219,-795,True
func_ue_0x10000d221,1040,True
func_ue_0x10000d252,423,False
func_ue_0x10000d264,1023,False
func_ue_0x10000d28e,622,False
func_ue_0x10000d290,-604,False
func_ue_0x10000d2e6,-510,True
func_ue_0x10000d2f0,-582,False
func_un_0x1000007e7,-773,True
func_un_0x1000007e9,255,False
func_un_0x100006315,751,True
func_un_0x100006319,432,False
func_un_0x100006f43,1008,False
func_un_0x100006f49,-567,True
func_un_0x100006f4d,623,False
func_un_0x100006f7a,-790,True
func_un_0x100006f82,272,True
func_un_0x10000b868,351,False
func_un_0x10000c815,32,False
func_unknown_0x10000011e,-390,False
func_unknown_0x100000146,365,False
func_unknown_0x100000148,-631,False
func_unknown_0x10000020c,390,True
func_unknown_0x1000005d4,-93,True
func_unknown_0x1000005d6,-532,False
func_unknown_0x100003b2e,510,True
func_unknown_0x100003b86,-228,True
func_unknown_0x100003bac,-256,True
func_unknown_0x100003be3,9,True
func_unknown_0x100003fa7,-54,True
func_unknown_0x100003fac,-826,True
func_unknown_0x100004325,742,False
func_unknown_0x10000443f,-501,False
func_unknown_0x100004455,-23,True
func_unknown_0x100004aab,208,True
func_unknown_0x100004ac6,-799,False
func_unknown_0x100004ad2,-158,True
func_unknown_0x100004c52,-661,False
func_unknown_0x1000054e2,684,False
func_unknown_0x1000055de,-734,False
func_unknown_0x1000055e0,246,True
func_unknown_0x1000055e2,727,False
func_unknown_0x1000055e7,11,False
func_unknown_0x1000055f3,-540,True
func_unknown_0x100006013,659,False
func_unknown_0x1000061ea,-226,True
func_unknown_0x10000682d,52,True
func_unknown_0x1000068b9,-830,False
func_unknown_0x100006907,856,False
func_unknown_0x10000691b,-623,False
func_unknown_0x100006969,-173,False
func_unknown_0x100006973,-379,True
func_unknown_0x100006bfc,952,False
func_unknown_0x100006e3e,471,False
func_unknown_0x100006ecf,874,True
func_unknown_0x100006ed3,682,True
func_unknown_0x100006ed5,-732,True
func_unknown_0x100006ed7,-220,True
func_unknown_0x100007354,-255,False
func_unknown_0x100007367,-27,False
func_unknown_0x100007369,-431,False
func_unknown_0x10000775c,318,True
func_unknown_0x100007776,-127,True
func_unknown_0x100007b97,-617,False
func_unknown_0x100007b99,1022,False
func_unknown_0x100007bad,-94,False
func_unknown_0x100007bb5,385,False
func_unknown_0x100007e3b,-642,True
func_unknown_0x100007e44,834,True
func_unknown_0x100007e5a,782,False
func_unknown_0x100007e5c,139,True
func_unknown_0x100007e60,-494,True
func_unknown_0x1000082aa,-339,True
func_unknown_0x10000848e,800,True
func_unknown_0x100008490,807,False
func_unknown_0x1000084c9,-736,False
func_unknown_0x1000084dc,255,False
func_unknown_0x100009080,550,True
func_unknown_0x10000913d,881,False
func_unknown_0x100009235,422,False
func_unknown_0x10000948f,-330,True
func_unknown_0x10000949b,716,False
func_unknown_0x1000094b8,692,False
func_unknown_0x1000094be,739,True
func_unknown_0x1000094c5,696,False
func_unknown_0x1000094cb,-399,False
func_unknown_0x100009837,-417,False
func_unknown_0x100009839,-731,True
func_unknown_0x10000983c,499,True
func_unknown_0x100009905,903,True
func_unknown_0x100009940,-607,False
func_unknown_0x100009c7d,757,True
func_unknown_0x100009d25,163,False
func_unknown_0x100009d27,-189,False
func_unknown_0x100009e29,-246,False
func_unknown_0x100009e3e,552,True
func_unknown_0x100009ea8,471,True
func_unknown_0x10000a272,759,True
func_unknown_0x10000a8e1,-684,False
func_unknown_0x10000a92f,-233,False
func_unknown_0x10000a94f,-704,False
func_unknown_0x10000ab62,-274,False
func_unknown_0x10000abb7,-619,True
func_unknown_0x10000abc9,70,False
func_unknown_0x10000abcb,1056,False
func_unknown_0x10000ac5a,966,False
func_unknown_0x10000ac6b,684,True
func_unknown_0x10000b1ba,-791,True
func_unknown_0x10000b57d,76,True
func_unknown_0x10000b8dd,876,True
func_unknown_0x10000bb3a,190,False
func_unknown_0x10000bd6f,-121,False
func_unknown_0x10000c1fc,-517,False
func_unknown_0x10000c4b1,506,True
func_unknown_0x10000c4b9,-66,False
func_unknown_0x10000c4bb,21,False
func_unknown_0x10000c4bf,1001,False
func_unknown_0x10000c973,144,False
func_unknown_0x10000c97c,750,False
func_unknown_0x10000c97e,86,True
func_unknown_0x10000cd69,663,True
func_unknown_0x10000d547,-594,False
func_ur_0x10000a116,-45,True
func_ur_0x10000a18a,685,False
func_ur_0x10000a1a4,135,True
func_ur_0x10000a1ae,-737,False
func_ur_0x10000a1b4,410,True
func_ur_0x10000a1f4,870,True
func_ut_0x100003d3c,408,False
func_ut_0x100004c2a,390,False
func_ut_0x10000655a,324,True
func_ut_0x100006571,876,True
func_ut_0x1000065e5,248,False
func_ut_0x1000065f3,965,False
func_ut_0x10000668d,764,True
func_ut_0x10000669a,-772,False
func_ut_0x10000669c,573,True
func_ut_0x1000066fb,22,False
func_ut_0x100006708,527,False
func_ut_0x100006756,342,False
func_ut_0x100006a26,293,False
func_ut_0x100007397,106,True
func_ut_0x10000739b,384,True
func_ut_0x10000739d,-137,False
func_ut_0x1000099ab,-551,True
func_ut_0x10000ad93,699,False
func_ut_0x10000adb5,401,True
func_ut_0x10000adc1,516,False
func_ut_0x10000adc3,-766,False
func_ut_0x10000adc5,-273,True
func_ut_0x10000aee7,-629,False
func_ut_0x10000aee9,254,False
func_ut_0x10000aeed,359,True
func_ut_0x10000aef7,96,True
func_ut_0x10000aefd,-133,False
func_ut_0x10000aeff,687,False
func_ut_0x10000af05,-53,False
func_ut_0x10000af0d,5,False
func_ut_0x10000b5f0,-290,True
func_ut_0x10000c87d,-629,False
func_ut_0x10000cadc,-22,True
func_ut_0x10000cb0d,53,False
func_ut_0x10000d104,-741,True
func_ut_0x10000d169,-408,True
func_v_0x1000000fc,-102,True
func_v_0x100000105,-51,True
func_v_0x1000001b6,289,False
func_v_0x1000001d0,-255,False
func_v_0x1000005dc,225,True
func_v_0x10000364d,166,True
func_v_0x100003a5b,1116,True
func_v_0x100003be5,-732,True
func_v_0x100003c27,-489,True
func_v_0x100003c2d,759,False
func_v_0x100003d7b,-448,False
func_v_0x100004256,422,False
func_v_0x1000042be,66,False
func_v_0x100004363,94,True
func_v_0x1000043fb,366,True
func_v_0x10000466a,315,False
func_v_0x100004719,646,False
func_v_0x100004acb,-470,True
func_v_0x100004b08,345,False
func_v_0x100004ca3,1126,False
func_v_0x10000549a,955,True
func_v_0x10000549c,126,True
func_v_0x10000549e,-78,True
func_v_0x1000054a4,413,False
func_v_0x100005f9e,210,False
func_v_0x100006240,-557,False
func_v_0x1000064b1,834,False
func_v_0x1000064b5,1095,False
func_v_0x1000064b7,-786,False
func_v_0x1000064c2,-509,False
func_v_0x100006827,470,False
func_v_0x100006829,238,True
func_v_0x10000682b,936,False
func_v_0x10000682e,314,True
func_v_0x1000068ee,-155,True
func_v_0x100006ac0,-771,True
func_v_0x100006dc6,103,False
func_v_0x100007760,749,False
func_v_0x100008122,429,True
func_v_0x1000084bc,-168,True
func_v_0x1000084ec,525,True
func_v_0x10000861a,608,False
func_v_0x10000892f,894,True
func_v_0x100008c69,32,True
func_v_0x100008c76,1067,True
func_v_0x100008c78,46,False
func_v_0x100008cad,-765,False
func_v_0x100008cb1,-309,True
func_v_0x100008cb8,-760,True
func_v_0x100009330,317,True
func_v_0x100009345,-358,True
func_v_0x100009365,756,True
func_v_0x1000093dc,-66,True
func_v_0x1000094f2,136,False
func_v_0x100009817,1145,False
func_v_0x100009841,287,True
func_v_0x10000993e,172,False
func_v_0x10000994d,816,True
func_v_0x100009a19,937,False
func_v_0x100009a67,25,True
func_v_0x100009a69,-685,False
func_v_0x100009a6b,834,True
func_v_0x100009c87,525,True
func_v_0x10000a2e8,1075,True
func_v_0x10000a2f8,737,True
func_v_0x10000a43f,392,True
func_v_0x10000a444,-775,True
func_v_0x10000a448,562,True
func_v_0x10000a63a,-155,True
func_v_0x10000aaee,106,True
func_v_0x10000ab0d,429,True
func_v_0x10000aec0,-826,True
func_v_0x10000aec5,522,True
func_v_0x10000af35,868,True
func_v_0x10000b1d6,-511,False
func_v_0x10000b1e5,-635,False
func_v_0x10000b2e4,350,False
func_v_0x10000b47e,756,False
func_v_0x10000b572,308,True
func_v_0x10000b58d,163,True
func_v_0x10000b5b7,434,True
func_v_0x10000b5b9,240,False
func_v_0x10000b5bb,-644,True
func_v_0x10000b677,-95,True
func_v_0x10000b67b,-462,False
func_v_0x10000b67d,-637,False
func_v_0x10000b67f,612,True
func_v_0x10000bd80,-278,False
func_v_0x10000bd86,679,True
func_v_0x10000c404,1105,True
func_v_0x10000c627,382,True
func_v_0x10000c641,1077,True
func_v_0x10000c97f,1099,False
func_v_0x10000c986,-779,True
func_v_0x10000c994,-653,False
func_v_0x10000cc7a,-763,False
func_v_0x10000cc7c,525,True
func_v_0x10000cc7e,935,True
func_v_0x10000cc86,92,True
func_v_0x10000cd2b,1125,True
func_v_0x10000cd5e,934,True
func_v_0x10000d39a,663,True
func_ve_0x100003d2a,581,False
func_ve_0x100003d2c,267,False
func_ve_0x100003d30,597,True
func_ve_0x100004d6e,-636,True
func_ve_0x100004daf,798,True
func_ve_0x100004dd3,682,True
func_ve_0x10000611c,231,True
func_ve_0x100006185,26,True
func_ve_0x10000668c,-295,True
func_ve_0x10000676d,511,False
func_ve_0x100006789,1071,False
func_ve_0x100006793,528,True
func_ve_0x100006a52,902,True
func_ve_0x100006b58,907,True
func_ve_0x100006b98,976,False
func_ve_0x100006b9c,881,False
func_ve_0x100006ba0,795,True
func_ve_0x1000071ea,-829,True
func_ve_0x1000071ec,-31,False
func_ve_0x1000071ee,-490,True
func_ve_0x10000737f,58,True
func_ve_0x1000073b1,-319,False
func_ve_0x100007fc1,-273,True
func_ve_0x100007fc5,615,False
func_ve_0x100007fdc,691,True
func_ve_0x100008172,929,True
func_ve_0x1000099d2,721,True
func_ve_0x1000099da,-110,True
func_ve_0x1000099de,281,False
func_ve_0x1000099e8,-386,False
func_ve_0x1000099f6,326,True
func_ve_0x1000099f8,837,False
func_ve_0x10000b9de,7,False
func_ve_0x10000b9e0,866,False
func_ve_0x10000c472,847,True
func_ve_0x10000c475,-825,False
func_ve_0x10000ca14,824,False
func_ve_0x10000cbf1,1112,False
func_ve_0x10000cbf3,399,True
func_ve_0x10000cbf9,411,True
func_ve_0x10000d0ec,-724,False
func_ve_0x10000d425,-487,True
func_ve_0x10000d429,335,True
func_ve_0x10000d433,-339,False
func_ve_0x10000d483,-517,False
func_vi_0x100008b20,406,True
func_vi_0x100008b5e,999,True
func_vi_0x100008be6,471,True
func_vi_0x100008bec,758,False
func_vi_0x100008bee,734,True
func_vn_0x1000038ed,629,False
func_vn_0x10000750e,-792,True
func_vn_0x100007512,481,True
func_vn_0x100007516,845,False
func_vn_0x10000751e,789,False
func_vn_0x100007520,649,True
func_vn_0x100007522,127,False
func_vn_0x10000752d,464,True
func_vn_0x100007535,1024,False
func_vn_0x100007546,-206,True
func_vn_0x10000754c,644,False
func_vn_0x100007550,-554,False
func_vn_0x100007574,-680,True
func_vn_0x100007582,-718,True
func_vn_0x10000758e,255,False
func_vn_0x100007592,151,False
func_vn_0x10000759d,-194,True
func_vn_0x1000075a9,210,False
func_vn_0x1000075f2,-676,True
func_vn_0x10000872f,550,True
func_vn_0x10000bc4e,143,True
func_vn_0x10000bcac,-777,True
func_vn_0x10000cfc4,33,False
func_vn_0x10000d045,-286,True
func_vt_0x100000828,34,True
func_vt_0x10000082a,778,True
func_vt_0x10000082c,1070,False
func_vt_0x100000830,127,True
func_vt_0x100000833,1069,True
func_vt_0x100000835,-814,True
func_vt_0x10000083b,-266,False
func_vt_0x10000084d,957,False
func_vt_0x100000853,1000,False
func_vt_0x100000859,-399,False
func_vt_0x10000085d,-72,False
func_vt_0x100004924,5,True
func_vt_0x1000049a0,-615,True
func_vt_0x1000049a8,-716,False
func_vt_0x1000049ac,-651,False
func_vt_0x1000049b3,-16,True
func_vt_0x100004cc2,473,True
func_vt_0x100004cca,-280,True
func_vt_0x100004ccc,970,False
func_vt_0x100004cce,-713,False
func_vt_0x100004cd0,960,True
func_vt_0x100004cd4,928,False
func_vt_0x100004cd6,1063,False
func_vt_0x100004ce2,929,True
func_vt_0x100007282,-134,False
func_vt_0x100007a17,-672,True
func_vt_0x100008201,1146,False
func_vt_0x100008b17,1000,False
func_vt_0x10000b39b,-296,False
func_vt_0x10000b39d,-503,False
func_vt_0x10000b3d7,-238,False
func_vt_0x10000c538,808,True
func_vt_0x10000c53c,253,True
func_vt_0x10000c542,-230,False
func_vt_0x10000ce05,138,False
func_vt_0x10000ce0b,-518,True
func_vt_0x10000ce0d,218,False
func_vt_0x10000ce15,1092,True
func_vt_0x10000ce17,-112,True
func_vt_0x10000ce19,-226,False
func_vt_0x10000ce1b,-463,True
func_vt_0x10000ce1f,511,True
func_vt_0x10000ce27,-589,False
func_vt_0x10000ce2b,-187,True
func_vt_0x10000ce2d,-419,False
func_vt_0x10000ce2f,916,True
func_vt_0x10000ce31,1111,False
func_vt_0x10000ce33,-327,False
func_vt_0x10000ce3d,-496,True
func_vt_0x10000ce3f,679,False
func_vt_0x10000ce53,-839,True
func_vt_0x10000ce57,-382,True
func_vu_0x1000038a9,264,True
func_vu_0x1000038ab,645,True
func_vu_0x1000038ad,-526,True
func_vu_0x100003a13,-783,True
func_vu_0x100006f58,-377,True
func_vu_0x100006f6c,652,False
func_vu_0x100008722,-656,True
func_vu_0x100008741,121,True
func_vu_0x100008743,911,True
func_vu_0x100008749,-572,True
func_vu_0x10000874d,249,True
func_vu_0x100008753,1084,True
func_vu_0x100008757,-470,True
func_vu_0x100008767,1161,False
func_vu_0x100008769,571,False
func_vu_0x10000876d,-447,True
func_vu_0x10000876f,281,True
func_vu_0x100008771,-810,False
func_vu_0x100008773,447,True
func_vu_0x100008777,-493,False
func_vu_0x100008779,41,False
func_vu_0x10000877d,-516,False
func_vu_0x10000877f,1007,True
func_vu_0x100008785,879,True
func_vu_0x100008787,-268,True
func_vu_0x100008789,-698,True
func_vu_0x10000d00c,325,False
func_w0_0x100004fef,-739,True
func_w0_0x100005088,306,False
func_w_0x1000000ff,-157,True
func_w_0x10000027d,940,False
func_w_0x10000027f,-724,True
func_w_0x100000285,144,False
func_w_0x1000035da,-396,True
func_w_0x100003a60,-693,True
func_w_0x100003b28,-66,False
func_w_0x1000040c5,93,True
func_w_0x1000041c9,166,False
func_w_0x1000041cb,-21,True
func_w_0x10000425d,-394,False
func_w_0x100004263,904,False
func_w_0x1000042a0,-686,True
func_w_0x1000042c3,892,True
func_w_0x1000042c9,5,False
func_w_0x10000447b,323,True
func_w_0x10000447f,167,True
func_w_0x100004485,841,True
func_w_0x10000448d,1113,False
func_w_0x100004715,-507,False
func_w_0x100004a88,-266,True
func_w_0x100004a8a,540,False
func_w_0x100004a8c,-828,False
func_w_0x100004a9c,-459,True
func_w_0x100004b57,-460,True
func_w_0x100004c74,-786,True
func_w_0x100005456,-803,True
func_w_0x100006207,362,True
func_w_0x100006242,-115,False
func_w_0x10000629e,562,True
func_w_0x1000062a0,523,True
func_w_0x1000062a4,996,False
func_w_0x1000068c8,-723,False
func_w_0x1000068ce,-349,True
func_w_0x1000068d0,-627,False
func_w_0x1000068d2,831,True
func_w_0x1000068d6,748,False
func_w_0x1000068fa,108,True
func_w_0x100007409,-146,False
func_w_0x10000794a,-831,True
func_w_0x100007b22,-737,True
func_w_0x100007bfc,-506,True
func_w_0x100007bfe,1011,True
func_w_0x100007c0f,513,False
func_w_0x100007c34,-741,False
func_w_0x100007c5a,159,False
func_w_0x100007cec,1138,True
func_w_0x100007e33,206,True
func_w_0x100007f5e,-752,True
func_w_0x1000081a9,-458,True
func_w_0x1000084ea,628,True
func_w_0x100008926,192,False
func_w_0x100009363,-446,True
func_w_0x100009506,-741,True
func_w_0x10000980d,-346,False
func_w_0x10000980f,182,False
func_w_0x100009811,-69,True
func_w_0x100009813,516,True
func_w_0x10000981b,1119,True
func_w_0x10000985e,166,False
func_w_0x100009862,-386,True
func_w_0x10000986c,-552,True
func_w_0x10000987d,229,True
func_w_0x100009881,233,False
func_w_0x10000988b,-387,False
func_w_0x10000988f,293,False
func_w_0x100009891,635,False
func_w_0x1000098b7,-803,False
func_w_0x100009a30,1012,False
func_w_0x100009a5b,-66,False
func_w_0x100009a61,-744,True
func_w_0x100009c10,388,True
func_w_0x100009c18,-299,True
func_w_0x100009c1a,-746,True
func_w_0x10000a42f,-402,False
func_w_0x10000a8f2,-423,False
func_w_0x10000a903,-44,True
func_w_0x10000a905,228,True
func_w_0x10000a907,547,True
func_w_0x10000a90d,-352,True
func_w_0x10000a90f,113,True
func_w_0x10000aab4,1074,True
func_w_0x10000ab07,32,False
func_w_0x10000ab0b,-756,False
func_w_0x10000b0d3,5,True
func_w_0x10000b2e0,-166,False
func_w_0x10000b2e2,-681,True
func_w_0x10000b505,221,True
func_w_0x10000b592,515,False
func_w_0x10000b594,-182,False
func_w_0x10000b675,-684,False
func_w_0x10000bd84,-381,False
func_w_0x10000bd88,146,True
func_w_0x10000bd8a,-527,False
func_w_0x10000c31d,-682,True
func_w_0x10000c3fc,43,True
func_w_0x10000c409,352,True
func_w_0x10000c40c,151,False
func_w_0x10000c433,493,False
func_w_0x10000c436,953,True
func_w_0x10000c49e,200,False
func_w_0x10000c4a0,482,True
func_w_0x10000c4a4,-408,False
func_w_0x10000c61f,1015,True
func_w_0x10000c621,870,False
func_w_0x10000c8b0,796,False
func_w_0x10000c989,-525,True
func_w_0x10000cc93,761,False
func_w_0x10000cd70,-241,True
func_w_0x10000d1ad,807,False
func_w_0x10000d456,-225,True
func_w_0x10000d474,467,False
func_w_0x10000d478,1110,False
func_wa_0x100005092,822,False
func_we_0x100003d54,570,False
func_we_0x100006615,-477,False
func_we_0x1000066a6,-178,True
func_we_0x1000066aa,988,True
func_we_0x1000066ae,-686,True
func_we_0x1000066ba,-373,False
func_we_0x1000066f2,485,False
func_we_0x100006749,-565,True
func_we_0x100006753,-445,True
func_we_0x100006a12,931,True
func_we_0x100006a39,-107,True
func_we_0x100006b38,918,True
func_we_0x100006b55,509,False
func_we_0x100006ba5,-421,True
func_we_0x1000073ea,122,False
func_we_0x100008170,552,False
func_we_0x100008175,-368,True
func_we_0x100008178,329,True
func_we_0x1000099cc,57,False
func_we_0x10000ca16,-767,True
func_we_0x10000d3af,986,True
func_we_0x10000d3b2,-561,False
func_wi_0x10000d03d,370,False
func_wn_0x1000007f3,-561,True
func_wn_0x1000007fb,-76,True
func_wn_0x1000007fd,415,True
func_wn_0x1000007ff,-70,False
func_wn_0x100000814,247,False
func_wn_0x1000077ed,-102,True
func_wn_0x1000077f1,-117,False
func_wn_0x100007822,-340,True
func_wn_0x10000b7af,582,True
func_wn_0x10000b7b5,-473,False
func_wn_0x10000b7bd,-521,True
func_wn_0x10000b7c3,1001,True
func_wn_0x10000b7c7,188,True
func_wn_0x10000b7ce,95,False
func_wn_0x10000b7d2,-220,True
func_wn_0x10000b7d7,1032,True
func_wn_0x10000b84e,-23,True
func_wn_0x10000b850,1019,False
func_wn_0x10000b85a,157,True
func_wn_0x10000b85c,466,True
func_wn_0x10000b882,1139,True
func_wn_0x10000b884,449,True
func_wn_0x10000b886,-141,True
func_wn_0x10000b888,-393,False
func_wn_0x10000b8a7,-703,True
func_wn_0x10000b8ab,623,True
func_wo_0x10000bc95,-41,True
func_wo_0x10000bc97,858,True
func_wt_0x100004913,473,False
func_wt_0x10000491b,1112,False
func_wt_0x10000c7eb,-604,True
func_wt_0x10000c7f5,-49,True
func_wu_0x10000388c,389,False
func_wu_0x10000bb90,402,False
func_wu_0x10000bb99,480,True
func_wu_0x10000bb9f,374,False
func_wu_0x10000bba1,-436,False
func_wu_0x10000bba3,217,False
func_wu_0x10000bba5,-619,True
func_wu_0x10000bba7,1135,False
func_wu_0x10000bbbf,9,True
func_wu_0x10000bbc1,779,True
func_wu_0x10000bbc3,892,False
func_wu_0x10000bbd3,-319,False
func_wu_0x10000bbdd,988,False
func_wu_0x10000bbe1,678,True
func_wu_0x10000bbe3,1082,False
func_wu_0x10000bbe5,-15,False
func_wu_0x10000bbe7,155,False
func_wu_0x10000bbe9,-561,False
func_wu_0x10000bbeb,1059,False
func_wu_0x10000bbf1,769,True
func_wu_0x10000bbf3,-72,False
func_wu_0x10000bbf5,685,False
func_wu_0x10000bbfd,-32,True
func_wu_0x10000bbff,629,True
func_wu_0x10000bc07,403,True
func_wu_0x10000bc09,934,True
func_wu_0x10000bc0d,1150,False
func_wu_0x10000bc17,948,False
func_wu_0x10000bc21,-13,True
func_wu_0x10000bc23,-204,False
func_wu_0x10000bc25,-743,True
func_wu_0x10000bc27,-377,True
func_wu_0x10000bc45,91,True
func_wu_0x10000bc47,-60,True
func_wu_0x10000bc49,114,False
func_wu_0x10000bc4b,-387,True
func_wu_0x10000bc67,-485,False
func_wu_0x10000bca1,-316,False
func_wu_0x10000bca5,-586,False
func_wu_0x10000bcab,233,True
func_wu_0x10000bcb3,-432,True
func_wu_0x10000bcb9,109,False
func_wu_0x10000bcbd,-283,True
func_wu_0x10000d044,119,True
func_x_0x10000008a,697,True
func_x_0x100000344,891,True
func_x_0x1000005cb,-510,True
func_x_0x1000008d9,276,False
func_x_0x100003a4e,147,False
func_x_0x100003bf0,119,False
func_x_0x100003c4c,-178,True
func_x_0x100003c58,554,False
func_x_0x100003cc0,-484,True
func_x_0x100003d64,712,False
func_x_0x100003f6d,-4,True
func_x_0x100003f9d,-246,True
func_x_0x100003f9f,-452,False
func_x_0x1000040fc,451,False
func_x_0x10000424e,726,False
func_x_0x100004255,165,True
func_x_0x100004352,-718,False
func_x_0x100004357,474,True
func_x_0x100004383,-316,False
func_x_0x100004385,234,True
func_x_0x100004387,-594,True
func_x_0x1000044c3,575,False
func_x_0x1000044c5,464,True
func_x_0x10000451d,-44,True
func_x_0x10000460a,-779,False
func_x_0x10000465b,-292,True
func_x_0x100004737,-741,False
func_x_0x10000473b,-296,False
func_x_0x100004b0f,502,True
func_x_0x100004b7c,742,True
func_x_0x100004b90,874,False
func_x_0x100004e4e,-153,False
func_x_0x100004e74,-234,True
func_x_0x100005484,687,True
func_x_0x10000548a,604,False
func_x_0x10000555a,-99,False
func_x_0x100005596,212,True
func_x_0x1000055c3,546,False
func_x_0x1000055d1,158,False
func_x_0x1000056cb,489,True
func_x_0x100005a81,730,True
func_x_0x100005f28,-636,False
func_x_0x100005f54,368,True
func_x_0x1000060ec,847,True
func_x_0x100006407,-524,True
func_x_0x100006887,718,True
func_x_0x10000689f,-781,False
func_x_0x10000702f,355,False
func_x_0x100007031,-709,True
func_x_0x100007358,-699,False
func_x_0x100007698,1148,True
func_x_0x1000076e1,715,True
func_x_0x100007778,-361,False
func_x_0x100007bb3,512,True
func_x_0x100007bba,593,False
func_x_0x100007c41,-464,False
func_x_0x100007d72,1118,True
func_x_0x100007e49,266,True
func_x_0x100007e66,731,False
func_x_0x100007f43,50,True
func_x_0x100008040,-5,False
func_x_0x10000808a,120,False
func_x_0x100008300,1026,True
func_x_0x100008317,-565,False
func_x_0x10000835a,-777,True
func_x_0x10000845e,1124,False
func_x_0x100008497,-603,False
func_x_0x10000851f,-263,True
func_x_0x1000085df,75,True
func_x_0x1000085ed,-523,False
func_x_0x100008a2f,797,False
func_x_0x100008c50,876,True
func_x_0x1000090b0,515,True
func_x_0x10000914d,982,False
func_x_0x100009276,-783,False
func_x_0x10000927c,675,False
func_x_0x100009287,-283,True
func_x_0x100009321,1153,True
func_x_0x1000094bb,214,False
func_x_0x100009824,277,True
func_x_0x100009828,694,False
func_x_0x1000098e5,799,True
func_x_0x1000098e7,154,True
func_x_0x1000098e9,79,False
func_x_0x1000098eb,322,True
func_x_0x1000098ed,-750,True
func_x_0x10000995e,1029,False
func_x_0x100009ca9,-380,False
func_x_0x100009cf9,-6,False
func_x_0x100009ed6,66,True
func_x_0x100009ede,29,False
func_x_0x100009ee0,189,False
func_x_0x100009f69,-626,True
func_x_0x100009f99,-460,False
func_x_0x10000a269,628,True
func_x_0x10000a367,392,False
func_x_0x10000a45f,122,False
func_x_0x10000a7ca,231,False
func_x_0x10000a7cf,370,False
func_x_0x10000a7e9,-347,True
func_x_0x10000a9b1,-258,True
func_x_0x10000a9b3,-637,True
func_x_0x10000ab6e,705,False
func_x_0x10000ab93,-195,True
func_x_0x10000ab95,-264,True
func_x_0x10000abbf,-817,False
func_x_0x10000ac47,676,True
func_x_0x10000ad3e,-368,True
func_x_0x10000ae8d,-455,True
func_x_0x10000af46,1036,False
func_x_0x10000af6b,617,False
func_x_0x10000af6d,548,False
func_x_0x10000afce,-62,True
func_x_0x10000afd0,198,False
func_x_0x10000afe0,857,False
func_x_0x10000afec,919,True
func_x_0x10000aff6,645,True
func_x_0x10000b010,279,False
func_x_0x10000b017,-702,False
func_x_0x10000b02e,-777,True
func_x_0x10000b037,-246,False
func_x_0x10000b039,949,True
func_x_0x10000b040,764,False
func_x_0x10000b042,672,True
func_x_0x10000b050,607,True
func_x_0x10000b080,-403,True
func_x_0x10000b082,484,True
func_x_0x10000b088,-445,False
func_x_0x10000b091,119,False
func_x_0x10000b099,476,False
func_x_0x10000b09b,-210,False
func_x_0x10000b0a3,-330,False
func_x_0x10000b0a5,862,True
func_x_0x10000b0ad,683,True
func_x_0x10000b0ba,-819,True
func_x_0x10000b0ff,-287,True
func_x_0x10000b101,-379,False
func_x_0x10000b116,77,True
func_x_0x10000b118,442,False
func_x_0x10000b121,-699,False
func_x_0x10000b136,909,False
func_x_0x10000b138,989,True
func_x_0x10000b15c,-434,False
func_x_0x10000b15e,-462,False
func_x_0x10000b173,671,True
func_x_0x10000b175,-526,False
func_x_0x10000b1a3,-455,True
func_x_0x10000b1ad,426,True
func_x_0x10000b1c7,886,True
func_x_0x10000b1c9,-805,True
func_x_0x10000b1ed,-705,True
func_x_0x10000b1f8,1154,True
func_x_0x10000b201,1062,False
func_x_0x10000b208,-587,False
func_x_0x10000b21e,876,False
func_x_0x10000b2ee,940,False
func_x_0x10000b4f2,-324,True
func_x_0x10000ba4f,1159,False
func_x_0x10000c11e,735,False
func_x_0x10000c3df,-6,True
func_x_0x10000c489,-832,True
func_x_0x10000c5aa,1106,True
func_x_0x10000c665,138,False
func_x_0x10000c718,510,True
func_xe_0x1000035e2,-521,True
func_xe_0x1000035e6,222,True
func_xe_0x1000035e8,972,True
func_xe_0x1000035ea,1136,False
func_xe_0x1000035ec,817,False
func_xe_0x1000035f0,314,True
func_xe_0x1000035f2,802,True
func_xe_0x1000035fc,-18,True
func_xe_0x100004773,276,True
func_xe_0x1000047a6,-711,False
func_xe_0x100004c0c,957,True
func_xe_0x100004d20,964,False
func_xe_0x100004d22,-233,True
func_xe_0x1000060b1,110,False
func_xe_0x1000060b5,856,True
func_xe_0x1000060b7,986,True
func_xe_0x1000060b9,-462,False
func_xe_0x1000060d9,1123,False
func_xe_0x1000060dd,-121,False
func_xe_0x1000060e7,-575,False
func_xe_0x10000614c,691,False
func_xe_0x1000067a6,404,True
func_xe_0x100006afb,-826,True
func_xe_0x100006aff,1019,True
func_xe_0x100006b01,-640,False
func_xe_0x100006b05,825,False
func_xe_0x100006bd4,-398,True
func_xe_0x100006bda,-261,True
func_xe_0x100006cea,512,False
func_xe_0x100006cec,498,True
func_xe_0x100006cf0,-648,False
func_xe_0x100006cf4,129,True
func_xe_0x100006cfa,256,False
func_xe_0x100006dda,1110,True
func_xe_0x100006ef4,91,False
func_xe_0x100006ef6,1092,False
func_xe_0x100006ef8,1138,True
func_xe_0x100006efc,-839,True
func_xe_0x100006f02,-49,True
func_xe_0x100006f04,-659,False
func_xe_0x100006f06,750,True
func_xe_0x100006f08,-602,True
func_xe_0x100006f0a,-39,False
func_xe_0x100006f0c,843,True
func_xe_0x100006f10,374,True
func_xe_0x100006f12,761,True
func_xe_0x100006f16,617,False
func_xe_0x100007a63,-491,False
func_xe_0x100007c98,-627,True
func_xe_0x100007c9a,1050,True
func_xe_0x100007c9c,-384,False
func_xe_0x100007c9e,425,True
func_xe_0x100007ca0,195,False
func_xe_0x100007dc1,169,False
func_xe_0x100007de0,347,True
func_xe_0x100007de2,527,False
func_xe_0x1000080dd,391,True
func_xe_0x1000093c4,67,False
func_xe_0x10000a7bf,359,True
func_xe_0x10000a7c1,661,False
func_xe_0x10000aee2,1153,True
func_xe_0x10000b36e,-819,True
func_xe_0x10000b738,-632,True
func_xe_0x10000b750,-650,True
func_xe_0x10000b909,-414,False
func_xe_0x10000b90b,1137,True
func_xe_0x10000b9bb,-774,False
func_xe_0x10000b9bf,-18,False
func_xe_0x10000b9d4,253,True
func_xe_0x10000c099,49,False
func_xe_0x10000c09b,693,False
func_xe_0x10000c0b1,517,True
func_xe_0x10000c0b3,861,True
func_xe_0x10000c289,351,True
func_xe_0x10000c291,-99,False
func_xe_0x10000c5e9,232,True
func_xe_0x10000c866,-646,False
func_xe_0x10000c86e,985,False
func_xe_0x10000c872,733,True
func_xe_0x10000c876,801,False
func_xe_0x10000c87a,-47,True
func_xe_0x10000c91a,610,False
func_xe_0x10000cbe7,-226,False
func_xe_0x10000cbe9,578,True
func_xe_0x10000cbeb,-663,False
func_xe_0x10000d1ec,-393,False
func_xe_0x10000d1f2,356,False
func_xe_0x10000d217,-97,True
func_xe_0x10000d21b,552,False
func_xe_0x10000d21d,-642,False
func_xe_0x10000d21f,120,True
func_xe_0x10000d223,-482,True
func_xe_0x10000d227,785,True
func_xe_0x10000d229,773,False
func_xe_0x10000d234,97,True
func_xe_0x10000d248,308,True
func_xe_0x10000d250,-552,True
func_xe_0x10000d257,-835,True
func_xe_0x10000d262,384,False
func_xe_0x10000d268,357,False
func_xe_0x10000d28c,-642,False
func_xe_0x10000d292,849,False
func_xe_0x10000d2cc,466,False
func_xe_0x10000d2e2,718,False
func_xe_0x10000d2ec,-836,False
func_xi_0x10000392e,692,False
func_xi_0x100003930,36,True
func_xi_0x100008b2b,-412,True
func_xn_0x10000781c,95,False
func_xn_0x10000b88e,857,False
func_xn_0x10000c568,-583,False
func_xn_0x10000c7a4,41,False
func_xn_0x10000c836,-804,True
func_xn_0x10000c83f,902,True
func_xo_0x10000cfef,757,False
func_xo_0x10000cff3,876,True
func_xr_0x100008b51,-36,True
func_xr_0x100008b63,935,True
func_xr_0x100008b69,195,False
func_xr_0x100008b78,-503,True
func_xr_0x100008b7c,-131,True
func_xr_0x100008b80,-726,True
func_xr_0x100008b82,-467,True
func_xr_0x100008b8a,1009,False
func_xr_0x100008b90,259,False
func_xr_0x100008b94,356,False
func_xr_0x100008b98,325,True
func_xr_0x100008b9a,-807,True
func_xr_0x100008b9c,872,False
func_xr_0x100008b9e,-705,True
func_xr_0x100008ba4,99,False
func_xr_0x100008ba6,-176,False
func_xr_0x100008baa,-30,False
func_xr_0x100008bb4,899,False
func_xr_0x100008bca,-261,True
func_xr_0x100008bcc,-78,True
func_xr_0x100008bd2,278,True
func_xt_0x100000500,161,False
func_xu_0x100005302,-405,True
func_xu_0x10000530d,-772,True
func_y0_0x100004ff3,61,True
func_y0_0x10000507e,284,True
func_y0_0x100005084,-381,False
func_y_0x10000012b,110,False
func_y_0x10000019e,962,True
func_y_0x1000002e2,491,True
func_y_0x1000002e4,-354,False
func_y_0x1000002e8,-463,True
func_y_0x100003a28,527,False
func_y_0x100003a36,-78,True
func_y_0x100003a3f,1094,False
func_y_0x100003d93,-214,False
func_y_0x100003d9c,-730,True
func_y_0x1000043c0,407,False
func_y_0x10000441a,102,True
func_y_0x100004452,289,False
func_y_0x1000047cd,117,True
func_y_0x1000047f3,340,False
func_y_0x100004a7f,1046,False
func_y_0x100004e51,949,False
func_y_0x1000053e0,200,False
func_y_0x1000054d0,-120,True
func_y_0x1000054d2,-654,False
func_y_0x1000054d4,-3,False
func_y_0x1000054e8,-114,False
func_y_0x1000054ea,760,True
func_y_0x1000056d4,888,False
func_y_0x100005eff,992,False
func_y_0x100005f07,165,False
func_y_0x100005f0b,799,True
func_y_0x100005f0d,-580,False
func_y_0x100005f7e,119,False
func_y_0x1000060f4,-412,False
func_y_0x1000068af,-758,True
func_y_0x10000696f,-192,True
func_y_0x100006976,-686,True
func_y_0x100007683,711,False
func_y_0x1000076e4,125,False
func_y_0x100007921,-111,False
func_y_0x100007a50,466,True
func_y_0x100007b4b,309,False
func_y_0x1000080a6,-836,True
func_y_0x100008135,-655,False
func_y_0x10000814b,-280,True
func_y_0x100008301,-410,False
func_y_0x1000084e2,-54,False
func_y_0x1000084e5,-796,True
func_y_0x100008528,-325,False
func_y_0x10000852b,861,False
func_y_0x10000859c,160,False
func_y_0x1000085f3,569,False
func_y_0x1000085f5,187,True
func_y_0x1000085f7,-187,True
func_y_0x100009085,697,False
func_y_0x100009087,894,False
func_y_0x100009089,628,False
func_y_0x100009164,315,True
func_y_0x100009237,-57,True
func_y_0x1000092a5,605,True
func_y_0x10000931b,793,False
func_y_0x10000931d,-572,False
func_y_0x10000949d,-162,False
func_y_0x100009692,827,True
func_y_0x100009694,379,False
func_y_0x100009804,899,True
func_y_0x1000098f4,-67,False
func_y_0x1000098fa,913,False
func_y_0x100009d39,380,True
func_y_0x100009dd8,953,True
func_y_0x100009e37,1109,True
func_y_0x100009fa8,1082,False
func_y_0x10000a00e,507,False
func_y_0x10000a012,223,True
func_y_0x10000a015,311,False
func_y_0x10000a01e,-41,True
func_y_0x10000a639,53,False
func_y_0x10000a735,-98,False
func_y_0x10000a8d7,862,True
func_y_0x10000a951,840,True
func_y_0x10000ab64,743,False
func_y_0x10000ab66,-753,True
func_y_0x10000ab68,746,False
func_y_0x10000abb4,878,True
func_y_0x10000ac4d,-734,True
func_y_0x10000ac53,51,True
func_y_0x10000ad79,551,True
func_y_0x10000ad84,102,True
func_y_0x10000afa4,-833,True
func_y_0x10000afb9,133,True
func_y_0x10000afbb,-795,True
func_y_0x10000b05e,837,False
func_y_0x10000b060,-800,True
func_y_0x10000b2eb,-477,True
func_y_0x10000b575,1054,True
func_y_0x10000b577,371,False
func_y_0x10000b937,-470,True
func_y_0x10000b93c,727,False
func_y_0x10000b948,-217,False
func_y_0x10000b95d,154,False
func_y_0x10000baa7,304,False
func_y_0x10000bb14,748,True
func_y_0x10000c1f9,204,True
func_y_0x10000c211,137,False
func_y_0x10000c223,85,False
func_y_0x10000c311,941,True
func_y_0x10000c4ac,251,True
func_y_0x10000c61e,-533,True
func_y_0x10000c631,411,False
func_y_0x10000c84b,945,False
func_y_0x10000c84e,80,True
func_y_0x10000c8ce,-420,False
func_y_0x10000c96c,850,False
func_y_0x10000c978,-67,False
func_y_0x10000c97a,-176,True
func_y_0x10000cd6d,457,True
func_y_0x10000d2ae,508,True
func_y_0x10000d455,-736,True
func_y_0x10000d50f,743,False
func_y_0x10000d511,763,False
func_ye_0x100003ab9,-496,False
func_ye_0x100003ac7,416,True
func_ye_0x100003af2,136,False
func_ye_0x100003b16,-39,True
func_ye_0x100003d59,-71,False
func_ye_0x1000041f3,272,True
func_ye_0x100004207,998,False
func_ye_0x100004d71,-824,False
func_ye_0x1000056f2,75,False
func_ye_0x100005723,-170,True
func_ye_0x100005748,374,False
func_ye_0x10000574a,-511,False
func_ye_0x1000060c1,805,False
func_ye_0x100006461,-637,True
func_ye_0x100006a45,431,True
func_ye_0x100006a4b,-91,True
func_ye_0x100006c17,-810,True
func_ye_0x1000087dc,506,True
func_ye_0x1000087e0,170,True
func_ye_0x100008807,606,False
func_ye_0x10000add4,-327,True
func_ye_0x10000ae20,436,True
func_ye_0x10000ae22,-665,True
func_ye_0x10000b54c,982,False
func_ye_0x10000b9ff,17,False
func_ye_0x10000ba0a,-153,False
func_ye_0x10000cebe,-217,False
func_ye_0x10000d29b,930,False
func_ye_0x10000d41a,-23,False
func_yn_0x10000711e,944,True
func_yn_0x100007120,-398,False
func_yn_0x100007122,429,False
func_yn_0x100007124,682,False
func_yn_0x10000712a,925,True
func_yn_0x10000be4d,134,False
func_yn_0x10000bf1c,-457,False
func_yn_0x10000bf24,56,True
func_yn_0x10000bf2a,61,True
func_yn_0x10000bf2c,358,True
func_yn_0x10000bf32,1072,False
func_yn_0x10000bf91,936,False
func_yn_0x10000bf9b,86,True
func_yn_0x10000bf9d,-679,True
func_yn_0x10000bfa3,172,False
func_yn_0x10000bfaf,-355,True
func_yn_0x10000cfa6,1100,True
func_yn_0x10000cfe2,753,False
func_yn_0x10000cfe4,505,False
func_yr_0x10000bb92,-30,False
func_yr_0x10000d03e,-551,True
func_yt_0x100005bde,503,False
func_yt_0x100005c35,496,True
func_yt_0x100005c37,722,True
func_yt_0x100005c3b,613,False
func_yt_0x100005c4e,429,True
func_yt_0x100005c78,-29,True
func_yt_0x100005c85,-653,False
func_yt_0x100005c8b,-647,True
func_yt_0x100005c95,344,True
func_yt_0x100005c9d,-776,False
func_yt_0x100005ca3,943,False
func_yt_0x100005ca5,-555,False
func_yt_0x100005cdd,219,False
func_yt_0x100005ce9,225,True
func_yt_0x100005cf3,-76,False
func_yt_0x100005cff,-728,False
func_yt_0x100005d08,799,False
func_yt_0x100005d0d,-832,False
func_yt_0x100005d0f,982,True
func_yt_0x100005d13,159,False
func_yt_0x100005d21,-441,True
func_yt_0x100005d23,263,True
func_yt_0x100005d34,1118,True
func_yt_0x100005d65,718,False
func_yt_0x100005d67,-585,False
func_yt_0x100005d77,-627,True
func_yt_0x100005d87,-579,False
func_yt_0x100005d95,147,True
func_yt_0x100005dba,911,True
func_yt_0x100005dd4,429,False
func_yt_0x100005df7,170,False
func_yt_0x100005dfb,307,True
func_yt_0x100005e20,-61,False
func_yt_0x100005e24,-471,False
func_yt_0x100005e2b,1014,False
func_yt_0x100005e36,662,True
func_yt_0x100005e3a,69,True
func_yt_0x100005e4f,879,False
func_yt_0x100005e86,1143,True
func_yt_0x100005ea3,1002,True
func_yu_0x100004911,424,True
func_yu_0x100004917,-714,True
func_yu_0x10000c78b,-76,False
func_yu_0x10000c81d,751,False
func_yu_0x10000c821,91,True
func_yu_0x10000c827,157,True
func_z_0x100003807,396,True
func_z_0x10000380b,480,True
func_z_0x100003b4e,265,True
func_z_0x100003b50,-41,False
func_z_0x100003ff0,847,True
func_z_0x100004129,-57,True
func_z_0x10000412f,971,True
func_z_0x100004145,8,True
func_z_0x1000041d4,-742,True
func_z_0x1000041d6,751,False
func_z_0x1000042d3,279,True
func_z_0x1000043d9,1106,True
func_z_0x1000043e1,277,True
func_z_0x1000044d6,-318,True
func_z_0x1000044dc,1145,False
func_z_0x10000469c,922,True
func_z_0x100004851,-477,False
func_z_0x1000049c1,290,False
func_z_0x1000049c3,-837,True
func_z_0x1000049c5,-7,True
func_z_0x100004a90,229,False
func_z_0x100004a93,509,True
func_z_0x100004a95,-299,False
func_z_0x100004a97,-349,False
func_z_0x100004c45,220,True
func_z_0x10000533c,1044,True
func_z_0x10000602b,-236,False
func_z_0x10000603d,428,False
func_z_0x1000061be,-235,True
func_z_0x100006250,570,False
func_z_0x100006254,339,False
func_z_0x100006258,1057,True
func_z_0x10000625c,-96,True
func_z_0x1000064f8,-141,False
func_z_0x100006505,-20,False
func_z_0x10000673e,694,False
func_z_0x1000067ff,399,True
func_z_0x10000691e,162,False
func_z_0x100006922,-168,True
func_z_0x100006bd3,1140,True
func_z_0x100006da3,1043,True
func_z_0x100006ef3,-473,False
func_z_0x100007252,834,True
func_z_0x100007258,1086,True
func_z_0x10000725f,8,True
func_z_0x100007261,-330,False
func_z_0x100007265,-564,False
func_z_0x1000074bb,-710,True
func_z_0x10000765a,-170,True
func_z_0x1000076a5,-639,False
func_z_0x1000076c4,-689,False
func_z_0x100007f71,381,True
func_z_0x100008293,-502,True
func_z_0x100008567,1122,False
func_z_0x100008997,-112,True
func_z_0x1000089b1,821,True
func_z_0x1000089b9,191,False
func_z_0x1000089cd,-752,True
func_z_0x1000089f9,-739,False
func_z_0x100008b0a,-830,True
func_z_0x100008c9a,1126,False
func_z_0x100008ca0,1039,True
func_z_0x100008ca2,-408,False
func_z_0x100008ca4,-37,True
func_z_0x100009424,364,True
func_z_0x10000943d,-437,False
func_z_0x10000943f,299,True
func_z_0x100009444,-504,True
func_z_0x10000947d,-236,True
func_z_0x100009480,-514,True
func_z_0x100009640,-683,True
func_z_0x100009674,1151,False
func_z_0x10000971b,85,True
func_z_0x100009aff,-742,True
func_z_0x10000a372,-623,False
func_z_0x10000a37b,18,True
func_z_0x10000a3e5,-299,True
func_z_0x10000a3f2,-142,True
func_z_0x10000a40c,63,False
func_z_0x10000a40e,97,False
func_z_0x10000b342,-479,True
func_z_0x10000b35f,-356,False
func_z_0x10000b703,478,False
func_z_0x10000b707,-811,False
func_z_0x10000b766,118,False
func_z_0x10000b76a,483,True
func_z_0x10000bfe2,-556,True
func_z_0x10000c258,74,False
func_z_0x10000c2fc,100,False
func_z_0x10000c411,-724,True
func_z_0x10000cb95,-624,True
func_z_0x10000d196,-23,False
func_z_0x10000d34e,443,False
func_ze_0x100004915,-304,False
func_ze_0x100007819,600,True
func_ze_0x100007820,140,True
func_ze_0x10000c7a2,-227,True
func_ze_0x10000c7c8,548,False
func_ze_0x10000c7f4,-148,False
func_ze_0x10000c82f,-745,False
func_zn_0x10000563c,831,False
func_zn_0x100008200,512,False
func_zn_0x100008c04,-500,True
func_zn_0x10000954c,952,False
func_zn_0x100009550,-281,False
func_zn_0x100009b93,615,True
func_zn_0x10000b38c,1018,True
func_zn_0x10000b3f8,534,True
func_zn_0x10000b44a,966,False
func_zn_0x10000b5e5,232,True
func_zn_0x10000c533,-452,True
func_zo_0x100005e02,657,True
func_zo_0x100005e09,112,True
func_zo_0x100005e0b,-502,True
func_zo_0x100005e5b,1041,False
func_zo_0x100005e5d,1050,False
func_zo_0x100005e5f,-751,False
func_zt_0x100000790,-131,False
func_zt_0x100000824,-748,True
func_zt_0x10000082e,-28,False
func_zt_0x100000839,-66,False
func_zt_0x10000084f,-114,False
func_zt_0x100000855,934,True
func_zt_0x10000085f,25,True
func_zt_0x100004928,-397,True
func_zt_0x100004986,457,False
func_zt_0x10000499c,680,False
func_zt_0x1000049a6,-116,True
func_zt_0x1000049b2,8,False
func_zt_0x100004cc6,505,True
func_zt_0x100004cc8,-681,True
func_zt_0x100004cd2,680,True
func_zt_0x100004cd8,-31,True
func_zt_0x100004ce0,-259,True
func_zt_0x100004ce4,1070,True
func_zt_0x100007a11,11,False
func_zt_0x100007a13,-593,True
func_zt_0x100007a15,-171,False
func_zt_0x100007a1c,853,False
func_zt_0x10000a0cf,911,False
func_zt_0x10000b39f,84,False
func_zt_0x10000b461,912,False
func_zt_0x10000ca18,431,False
func_zt_0x10000ce0f,917,True
func_zt_0x10000ce11,897,True
func_zt_0x10000ce13,1079,False
func_zt_0x10000ce1d,-714,True
func_zt_0x10000ce21,1,True
func_zt_0x10000ce23,-645,True
func_zt_0x10000ce25,295,False
func_zt_0x10000ce29,-569,True
func_zt_0x10000ce37,351,False
func_zt_0x10000ce39,365,True
func_zt_0x10000ce3b,779,False
func_zt_0x10000ce41,-671,False
func_zt_0x10000ce43,697,False
func_zt_0x10000ce47,876,True
func_zt_0x10000ce51,-708,True
func_zt_0x10000ce55,552,False
func_zt_0x10000ce5f,1132,False
func_zt_0x10000ce65,1137,True
func_zt_0x10000ce69,-428,False
func_zu_0x1000074c1,1114,False
func_zu_0x100007565,-734,True
func_zu_0x100007567,922,True
func_zu_0x100007569,-402,False
func_zu_0x100007572,580,False
func_zu_0x10000759b,929,True
func_zu_0x1000075ad,420,True
func_zu_0x1000075b1,-460,True
func_zu_0x1000075b5,-477,True
func_zu_0x1000075b9,354,False
func_zu_0x1000075c3,-137,True
func_zu_0x1000075c5,-2,True
func_zu_0x1000075dc,495,False
func_zu_0x1000075ee,1,True
func_zu_0x1000075f0,767,False
func_zu_0x10000cff9,423,True
