func_$_0x1000001fb,938,True
func_$_0x1000026c5,891,True
func_$_0x1000026cd,705,True
func_$_0x1000026cf,-533,False
func_$_0x1000026df,-6,True
func_$_0x100002d6f,519,False
func_$_0x100002ea4,982,False
func_$_0x100002ea6,-166,False
func_$_0x100002ea8,60,True
func_$_0x100002eaa,-437,False
func_$_0x100002eac,-112,True
func_$_0x100002f1d,150,True
func_$_0x100002fa7,-682,False
func_$_0x100003f4a,267,True
func_$_0x100003fb8,-723,True
func_$_0x100004054,680,False
func_$_0x1000045bf,122,False
func_$_0x1000045c6,381,False
func_$_0x10000479b,314,True
func_$_0x1000047a3,454,True
func_$_0x1000047a5,214,True
func_$_0x1000047e7,400,False
func_$_0x1000047e9,287,True
func_$_0x100004d6c,1011,True
func_$_0x100004d71,1073,True
func_$_0x1000054d7,167,False
func_$_0x100005ccc,-256,False
func_$_0x100005eeb,-300,True
func_$_0x100005f02,241,True
func_$_0x10000611e,960,True
func_$_0x1000062fe,728,True
func_$_0x1000063e3,771,False
func_$_0x100006889,-70,False
func_$_0x10000688e,-298,False
func_$_0x100006894,792,False
func_$_0x1000071d1,1183,False
func_$_0x1000072fa,-632,True
func_$_0x10000731e,514,False
func_$_0x1000080b5,692,False
func_$_0x1000080ef,765,False
func_$_0x1000080f1,795,False
func_$_0x1000080f7,-404,True
func_$_0x1000080f9,985,False
func_$_0x1000080fd,-575,False
func_$_0x100008109,376,False
func_$_0x100008129,-246,True
func_$_0x100008150,502,False
func_$_0x100008152,399,False
func_$_0x10000815e,-519,True
func_$_0x10000817b,-583,True
func_$_0x100008598,1129,True
func_$_0x10000859e,834,True
func_$_0x1000085a7,238,False
func_$_0x1000085a9,943,False
func_$_0x1000085ad,935,True
func_$_0x1000085af,295,False
func_$_0x1000085b1,540,False
func_$_0x10000873f,637,True
func_$_0x1000094bb,-492,True
func_$_0x1000094c1,-596,True
func_$_0x100009b07,625,False
func_$_0x100009b11,-276,True
func_$_0x100009b2d,628,False
func_$_0x100009b98,719,True
func_$_0x100009ba1,956,False
func_$_0x100009f23,1168,False
func_$_0x100009f27,951,False
func_$_0x10000a0ed,981,False
func_$_0x10000a16c,748,False
func_$_0x10000a176,320,True
func_$_0x10000a3c8,182,True
func_$_0x10000a5dd,-756,True
func_$_0x10000a5df,200,False
func_$_0x10000a5e6,636,True
func_$_0x10000a626,902,False
func_$_0x10000a635,91,True
func_$_0x10000a817,338,True
func_$_0x10000a81b,-259,True
func_$_0x10000b49e,-20,False
func_$a_0x100003273,326,True
func_$a_0x1000032f8,1091,False
func_$e_0x100002eb0,-241,True
func_$e_0x100002eb2,1091,False
func_$e_0x100002eb6,912,False
func_$e_0x100002eb8,-659,True
func_$e_0x100002eba,-274,True
func_$e_0x100002fe7,-49,True
func_$e_0x100003059,163,True
func_$e_0x1000035ad,931,False
func_$e_0x1000035b3,1148,True
func_$e_0x10000452f,-570,True
func_$e_0x10000453d,113,False
func_$e_0x10000453f,218,False
func_$e_0x100004541,-131,False
func_$e_0x100004543,-711,True
func_$e_0x100004553,-764,False
func_$e_0x100004561,298,False
func_$e_0x100004567,261,False
func_$e_0x10000456a,180,False
func_$e_0x100004570,531,False
func_$e_0x100004574,-705,False
func_$e_0x10000483b,-364,False
func_$e_0x10000492e,835,True
func_$e_0x100004989,450,False
func_$e_0x10000498b,457,True
func_$e_0x100004993,971,True
func_$e_0x10000499b,317,False
func_$e_0x1000049b8,-650,False
func_$e_0x1000051b6,373,True
func_$e_0x100005fd6,-699,False
func_$e_0x100005fde,39,True
func_$e_0x100006995,-430,False
func_$e_0x100006f09,-599,True
func_$e_0x1000085e4,298,False
func_$e_0x1000085e9,789,True
func_$e_0x1000085f5,-736,False
func_$e_0x100009367,-143,False
func_$e_0x100009456,-664,False
func_$e_0x100009475,77,True
func_$e_0x100009496,942,False
func_$e_0x1000096e5,-479,False
func_$e_0x100009e04,379,True
func_$e_0x10000b014,200,False
func_$e_0x10000b06b,857,True
func_$e_0x10000b06d,501,True
func_$e_0x10000b4af,-765,True
func_$e_0x10000b4e1,364,False
func_$e_0x10000b4fd,886,True
func_$e_0x10000b515,-1,False
func_$e_0x10000b517,1012,False
func_$e_0x10000b586,428,False
func_$e_0x10000b589,598,False
func_$e_0x10000b58b,791,True
func_$e_0x10000b6e2,-24,True
func_$e_0x10000b8af,254,True
func_$i_0x100003dee,-584,False
func_$i_0x100003df0,532,True
func_$i_0x100003df6,-348,False
func_$i_0x100003df8,76,False
func_$i_0x100003dfc,544,False
func_$i_0x100003e00,-431,False
func_$i_0x100003e06,228,False
func_$i_0x100003e0a,246,False
func_$i_0x100003e10,-567,False
func_$i_0x100003e12,986,True
func_$i_0x100003e16,-277,False
func_$i_0x10000b3d8,493,True
func_$n_0x1000037fa,286,False
func_$n_0x10000380a,-680,True
func_$n_0x10000380e,-485,False
func_$n_0x100003830,-64,True
func_$n_0x10000388c,254,False
func_$n_0x10000389a,363,False
func_$n_0x1000038a0,-447,True
func_$n_0x1000038de,353,False
func_$n_0x1000038e0,620,True
func_$n_0x1000038e2,-692,False
func_$n_0x1000038f4,669,True
func_$n_0x10000390c,-628,False
func_$n_0x10000392f,-768,True
func_$n_0x10000395e,338,False
func_$n_0x100003986,-211,False
func_$n_0x10000399b,1162,False
func_$n_0x100003a00,213,True
func_$n_0x100003a4d,297,True
func_$n_0x100003aac,-419,False
func_$r_0x100007368,-375,True
func_$r_0x10000737b,-715,False
func_$r_0x100007383,74,False
func_$r_0x1000073a1,-728,True
func_$r_0x1000073a3,461,True
func_$r_0x1000073a7,-648,False
func_$r_0x1000073af,1068,False
func_$r_0x1000073b3,1159,True
func_$r_0x1000073b9,645,True
func_$r_0x1000073bb,-787,False
func_$r_0x1000073bf,-535,True
func_$r_0x1000073c3,1025,False
func_$r_0x1000073cf,-103,True
func_$r_0x1000073d1,282,True
func_$r_0x1000073d7,76,True
func_$r_0x1000073d9,-111,False
func_$t_0x100006f39,-120,False
func_$t_0x100006f43,939,True
func_$t_0x100006f87,710,False
func_$t_0x100006f89,-13,False
func_$t_0x100006f93,424,True
func_$t_0x100006f95,-368,True
func_$t_0x100006f9b,-123,True
func_$t_0x100006f9d,434,True
func_$t_0x100006fa1,747,False
func_$t_0x100006fad,980,False
func_$t_0x100009caf,533,True
func_$t_0x10000a971,831,True
func_$t_0x10000abf4,-703,True
func_$t_0x10000ac1f,-162,False
func_A0_0x10000355c,-280,True
func_A_0x1000001a3,1075,False
func_A_0x100000296,-489,False
func_A_0x1000027dd,113,True
func_A_0x100002801,361,True
func_A_0x100002aa6,-564,False
func_A_0x100002ab7,833,False
func_A_0x100002ac1,-713,True
func_A_0x100002ac5,-789,True
func_A_0x100002b48,981,True
func_A_0x100002b54,576,False
func_A_0x100002b71,699,False
func_A_0x100002b79,394,True
func_A_0x100002b96,-407,False
func_A_0x100002b9d,-513,True
func_A_0x100002bc1,1091,True
func_A_0x100002d30,-87,False
func_A_0x100002d34,698,False
func_A_0x100002e16,238,True
func_A_0x100002e18,659,False
func_A_0x1000030be,957,True
func_A_0x100003aee,-209,False
func_A_0x100003f95,-620,False
func_A_0x100003fca,362,True
func_A_0x100004033,1096,True
func_A_0x100004116,891,False
func_A_0x1000041f2,798,False
func_A_0x100004210,-490,True
func_A_0x100004212,296,True
func_A_0x100004329,-9,True
func_A_0x100004363,-562,True
func_A_0x100004365,1055,True
func_A_0x100004457,1144,True
func_A_0x100004480,561,False
func_A_0x1000047b9,-568,True
func_A_0x10000493f,-213,False
func_A_0x100004961,-295,True
func_A_0x100004967,919,True
func_A_0x1000049f0,899,True
func_A_0x100004a37,-496,False
func_A_0x100004e27,-53,True
func_A_0x100004f34,-169,True
func_A_0x1000055f2,169,True
func_A_0x10000589f,-280,True
func_A_0x100005992,431,True
func_A_0x100005f8c,-309,True
func_A_0x100006276,-187,False
func_A_0x10000630b,1147,False
func_A_0x100006475,-143,False
func_A_0x1000064d7,849,False
func_A_0x100006686,-780,True
func_A_0x10000687d,978,True
func_A_0x10000697a,-499,False
func_A_0x100006b96,188,False
func_A_0x100006e1c,-104,False
func_A_0x100007453,-48,True
func_A_0x1000078b2,-194,False
func_A_0x10000796a,-324,True
func_A_0x100007974,429,True
func_A_0x100007aa4,130,True
func_A_0x100007acc,-307,False
func_A_0x100007b86,-454,False
func_A_0x100007be9,-692,True
func_A_0x10000810e,350,False
func_A_0x10000834c,1160,False
func_A_0x10000879d,312,True
func_A_0x1000087a0,-3,False
func_A_0x1000087aa,1173,False
func_A_0x100008904,-48,False
func_A_0x100008b4d,966,False
func_A_0x100008be0,916,True
func_A_0x100008c53,172,False
func_A_0x100008cd6,-748,False
func_A_0x100008db9,332,True
func_A_0x100008ead,-254,False
func_A_0x100008ee1,-402,True
func_A_0x1000090d5,-244,True
func_A_0x100009100,981,True
func_A_0x10000911e,-815,True
func_A_0x100009128,665,True
func_A_0x10000912e,1017,True
func_A_0x10000915e,924,False
func_A_0x1000091c3,265,True
func_A_0x10000925b,-739,True
func_A_0x1000094f6,505,False
func_A_0x1000094fb,619,True
func_A_0x100009754,-754,False
func_A_0x1000098e9,1171,False
func_A_0x1000098fb,951,True
func_A_0x100009909,962,False
func_A_0x1000099e4,320,True
func_A_0x1000099f0,-717,False
func_A_0x100009d78,169,False
func_A_0x100009f1d,-254,False
func_A_0x10000a4e3,599,False
func_A_0x10000a4e5,-206,True
func_A_0x10000a7ac,615,False
func_A_0x10000a7c6,-129,False
func_A_0x10000a995,41,True
func_A_0x10000aa36,7,True
func_A_0x10000aa74,38,True
func_A_0x10000aafe,693,False
func_A_0x10000b47c,-209,True
func_A_0x10000b483,-489,True
func_A_0x10000b71a,-368,False
func_A_0x10000b8fe,789,True
func_Aa_0x100007403,403,True
func_Ae_0x100002ebb,863,True
func_Ae_0x100003014,657,True
func_Ae_0x1000035af,-374,True
func_Ae_0x100004556,1060,True
func_Ae_0x10000455b,491,True
func_Ae_0x100004631,105,True
func_Ae_0x100004638,1,True
func_Ae_0x100004717,765,False
func_Ae_0x10000471d,495,True
func_Ae_0x10000471f,-334,False
func_Ae_0x10000472d,651,True
func_Ae_0x100004d43,951,True
func_Ae_0x100004fc1,-331,True
func_Ae_0x100004fc5,1005,False
func_Ae_0x100004fd8,-5,False
func_Ae_0x100004fde,874,False
func_Ae_0x100004fe0,35,False
func_Ae_0x100004fe2,-220,False
func_Ae_0x10000503a,684,True
func_Ae_0x10000518a,-650,True
func_Ae_0x100005a15,805,True
func_Ae_0x100005fe4,-570,False
func_Ae_0x100006901,901,False
func_Ae_0x100006905,541,False
func_Ae_0x100006f01,226,True
func_Ae_0x100006f19,-757,False
func_Ae_0x10000700b,631,True
func_Ae_0x100007c2f,687,True
func_Ae_0x1000081c1,-222,False
func_Ae_0x100009457,-46,True
func_Ae_0x10000945b,-311,False
func_Ae_0x100009470,-518,True
func_Ae_0x10000996d,819,True
func_Ae_0x10000996f,922,True
func_Ae_0x100009975,762,True
func_Ae_0x100009977,577,False
func_Ae_0x100009983,464,True
func_Ae_0x10000998f,-252,True
func_Ae_0x100009e07,-174,False
func_Ae_0x10000aa0c,614,True
func_Ae_0x10000b6aa,-815,True
func_Ae_0x10000b6af,824,True
func_Ae_0x10000b6e5,1097,False
func_Ae_0x10000b89a,-672,False
func_Ai_0x100007750,-43,False
func_Ai_0x10000775c,-394,True
func_Ai_0x1000077ac,-475,True
func_Ai_0x10000784c,-483,True
func_An_0x100005281,-281,True
func_An_0x100005283,335,True
func_An_0x1000052c0,485,True
func_An_0x100005511,57,True
func_An_0x10000551b,325,False
func_An_0x10000551f,172,False
func_An_0x100005521,691,True
func_An_0x100005523,365,True
func_An_0x100006f7c,-412,True
func_An_0x100009f92,345,False
func_An_0x10000a00e,-103,False
func_An_0x10000a010,-402,True
func_An_0x10000a018,644,True
func_An_0x10000a01a,188,True
func_An_0x10000a074,1164,False
func_An_0x10000a076,405,False
func_An_0x10000a078,621,False
func_An_0x10000a088,-237,False
func_An_0x10000a08a,164,True
func_An_0x10000a090,-189,True
func_An_0x10000b316,-563,True
func_An_0x10000b33f,-411,True
func_An_0x10000b397,237,False
func_An_0x10000b424,1074,True
func_Ao_0x1000037d9,1068,False
func_Ao_0x1000039ce,453,True
func_Ao_0x100003aa5,18,False
func_Ar_0x100005723,552,False
func_Ar_0x100005d3f,-111,True
func_Ar_0x100005d41,301,True
func_Ar_0x100005d43,-509,False
func_Ar_0x100005d47,636,True
func_Ar_0x100005d49,-352,True
func_Ar_0x100005d51,638,True
func_Ar_0x100005d64,453,False
func_Ar_0x100005d75,709,True
func_Ar_0x100005da9,-129,False
func_Ar_0x100005dd8,303,False
func_Ar_0x100005e21,960,True
func_Ar_0x100005e23,1162,True
func_Ar_0x10000b3d7,815,True
func_At_0x100004842,639,False
func_At_0x10000484a,660,True
func_At_0x100004856,1075,False
func_At_0x10000485e,956,False
func_At_0x100004866,-152,True
func_At_0x100004870,-140,False
func_At_0x100004884,-690,True
func_At_0x10000488a,-7,True
func_At_0x10000488c,359,True
func_At_0x10000488e,-33,False
func_At_0x100004890,-545,False
func_At_0x10000489e,274,True
func_At_0x1000048a0,-610,True
func_At_0x1000048a2,-150,True
func_At_0x1000048a4,-442,False
func_At_0x1000048a8,-604,True
func_At_0x1000048b2,964,False
func_At_0x1000048b4,157,False
func_At_0x100006022,239,True
func_At_0x10000602c,921,True
func_At_0x100006032,98,True
func_At_0x100006038,-130,False
func_At_0x10000603a,152,False
func_At_0x10000605b,637,False
func_At_0x100006061,-718,False
func_At_0x100006066,-783,False
func_At_0x1000060af,-684,True
func_At_0x1000060b1,-482,True
func_At_0x1000060b7,510,False
func_At_0x1000060bf,69,False
func_At_0x1000060d1,-208,False
func_At_0x1000060d3,608,True
func_At_0x100009bc1,-257,False
func_At_0x100009bd1,-616,True
func_At_0x100009bdd,-691,False
func_At_0x100009be3,680,True
func_At_0x100009be5,555,True
func_At_0x100009beb,-369,False
func_At_0x100009bef,761,True
func_At_0x100009c5c,-322,False
func_At_0x100009c62,532,False
func_At_0x100009c64,976,False
func_At_0x100009c66,-639,False
func_At_0x100009c70,911,True
func_At_0x100009ca0,360,False
func_At_0x10000a941,560,False
func_At_0x10000a94b,-533,False
func_At_0x10000a94d,-152,True
func_At_0x10000a951,578,True
func_At_0x10000a957,-755,False
func_At_0x10000a959,-743,False
func_At_0x10000abba,704,True
func_At_0x10000abef,1167,False
func_At_0x10000ac57,-485,False
func_At_0x10000ac59,-230,False
func_At_0x10000ac5b,1059,False
func_At_0x10000ac64,-138,True
func_B0_0x100003234,107,True
func_B0_0x100003238,161,False
func_B0_0x10000323a,-122,True
func_B0_0x10000323e,-721,True
func_B0_0x100003240,-455,True
func_B_0x10000011b,-600,False
func_B_0x10000012c,737,True
func_B_0x100002804,-307,True
func_B_0x1000028a8,-184,True
func_B_0x10000292b,-679,True
func_B_0x100002aec,569,False
func_B_0x100002aee,-736,False
func_B_0x100002af2,172,False
func_B_0x100002b37,106,True
func_B_0x100002b3f,-258,True
func_B_0x100002b41,-175,True
func_B_0x100002b8a,-447,True
func_B_0x100002bc2,503,False
func_B_0x100002bc4,1085,True
func_B_0x100002bcc,513,False
func_B_0x100002bee,566,True
func_B_0x100002bf2,599,False
func_B_0x100002bf4,-59,True
func_B_0x100002d1f,679,False
func_B_0x100002d39,-720,False
func_B_0x100002f11,308,True
func_B_0x1000030c9,4,True
func_B_0x1000030cb,67,False
func_B_0x100003aff,-523,False
func_B_0x100004136,714,True
func_B_0x1000041b8,134,True
func_B_0x1000041bf,944,False
func_B_0x1000041c3,409,True
func_B_0x100004262,-359,True
func_B_0x100004321,326,False
func_B_0x100004324,899,False
func_B_0x100004e35,822,True
func_B_0x100004efb,943,True
func_B_0x100004eff,-411,True
func_B_0x1000054a2,184,True
func_B_0x100005b8f,1037,False
func_B_0x100005ba7,890,True
func_B_0x100005fa5,-254,True
func_B_0x100006344,188,True
func_B_0x1000063c5,-687,True
func_B_0x1000063cf,944,True
func_B_0x10000665a,-522,False
func_B_0x100006673,1141,True
func_B_0x100006859,645,True
func_B_0x10000685e,414,False
func_B_0x10000689f,419,False
func_B_0x1000069e5,-299,True
func_B_0x100006b84,-245,True
func_B_0x100006cc5,851,True
func_B_0x100006cea,553,False
func_B_0x100006cec,-549,False
func_B_0x100006cee,618,True
func_B_0x100006cf0,272,True
func_B_0x100006d0a,-155,True
func_B_0x100006e1f,-48,False
func_B_0x10000746c,-641,False
func_B_0x100007950,309,True
func_B_0x100007956,1137,True
func_B_0x10000797d,-194,False
func_B_0x100007aa9,-502,False
func_B_0x100007b5a,794,True
func_B_0x100007b8f,851,True
func_B_0x100007fdd,-670,True
func_B_0x100008172,708,True
func_B_0x100008178,677,False
func_B_0x100008317,1007,True
func_B_0x100008363,129,True
func_B_0x1000086fe,669,False
func_B_0x100008725,436,True
func_B_0x100008786,-88,False
func_B_0x1000088f1,779,False
func_B_0x10000891d,88,False
func_B_0x100008bee,-264,False
func_B_0x100008bf8,-359,False
func_B_0x100008c26,-52,True
func_B_0x100008d38,692,False
func_B_0x100008dc9,495,False
func_B_0x100008ddb,343,False
func_B_0x100008de9,107,False
func_B_0x100008ded,-16,False
func_B_0x100008df1,763,False
func_B_0x100009155,538,True
func_B_0x1000093f0,-800,True
func_B_0x100009d5c,128,False
func_B_0x10000a3b7,484,True
func_B_0x10000a5f0,653,True
func_B_0x10000a605,997,False
func_B_0x10000a897,-629,True
func_B_0x10000a89d,309,True
func_B_0x10000ad92,-586,True
func_B_0x10000ad95,-554,False
func_B_0x10000b175,-525,False
func_B_0x10000b18b,1096,True
func_B_0x10000b497,-465,False
func_B_0x10000b7b3,804,True
func_B_0x10000b902,-442,False
func_Be_0x100002f49,48,True
func_Be_0x100003038,658,True
func_Be_0x100003042,-248,False
func_Be_0x10000463d,809,True
func_Be_0x100004685,1059,False
func_Be_0x10000468f,606,True
func_Be_0x100004bec,-737,True
func_Be_0x100004d10,-186,True
func_Be_0x100005908,-29,True
func_Be_0x10000590c,370,False
func_Be_0x10000590e,225,True
func_Be_0x100005a4e,612,True
func_Be_0x100005a50,766,True
func_Be_0x100005a52,716,False
func_Be_0x100005a54,137,False
func_Be_0x100005a56,-641,False
func_Be_0x100005a58,820,True
func_Be_0x100005a5e,786,False
func_Be_0x100005a64,774,False
func_Be_0x100005a66,203,False
func_Be_0x100005a6c,-705,False
func_Be_0x100005a70,249,True
func_Be_0x100005bd2,-455,False
func_Be_0x100005bd4,840,True
func_Be_0x100005c0b,515,False
func_Be_0x100005c11,-329,False
func_Be_0x100005c13,773,False
func_Be_0x100005fe7,-462,False
func_Be_0x100007c2d,547,True
func_Be_0x100007c66,488,False
func_Be_0x100008efb,-19,False
func_Be_0x100008f48,-101,True
func_Be_0x100008f64,-60,False
func_Be_0x100009e13,-191,True
func_Be_0x10000aa03,-168,False
func_Be_0x10000adfd,-240,False
func_Be_0x10000adff,-738,True
func_Be_0x10000ae01,482,True
func_Be_0x10000ae0d,-231,False
func_Be_0x10000ae13,-415,True
func_Be_0x10000ae15,-197,False
func_Be_0x10000ae17,665,False
func_Be_0x10000ae1b,152,False
func_Be_0x10000ae25,897,False
func_Be_0x10000b289,751,True
func_Be_0x10000b28b,1182,False
func_Be_0x10000b29d,-575,True
func_Be_0x10000b29f,887,False
func_Be_0x10000b2a1,-725,True
func_Be_0x10000b2a3,-132,False
func_Be_0x10000b2b3,-656,True
func_Be_0x10000b2b5,-25,True
func_Be_0x10000b2ba,-704,False
func_Be_0x10000b2be,110,False
func_Be_0x10000b850,1167,True
func_Be_0x10000b854,-478,True
func_Be_0x10000b8a9,90,False
func_Bi_0x100003e42,-144,False
func_Bn_0x10000078a,375,True
func_Bn_0x10000078e,30,False
func_Bn_0x100000792,1119,True
func_Bn_0x1000007a4,-375,True
func_Bn_0x1000007aa,1170,True
func_Bn_0x1000007be,-600,False
func_Bn_0x100002c31,-444,True
func_Bn_0x100003227,-484,False
func_Bn_0x100008013,-786,False
func_Bn_0x100008017,-478,True
func_Bn_0x10000801f,869,True
func_Bn_0x100008023,-386,False
func_Bn_0x100008031,763,False
func_Bn_0x100008041,1089,False
func_Bn_0x100008043,-406,True
func_Bn_0x100008047,-116,True
func_Bn_0x100008049,927,True
func_Bn_0x100009bdf,-358,True
func_Br_0x1000037d1,-639,False
func_Br_0x10000381f,153,False
func_Br_0x1000038e6,261,True
func_Br_0x1000039c6,-50,True
func_Br_0x1000039cd,-148,False
func_Br_0x1000039e9,1078,False
func_Bt_0x100000779,-437,True
func_Bt_0x100002f67,-560,True
func_Bt_0x100002f6d,577,True
func_Bt_0x100002f71,1008,False
func_Bt_0x1000046f4,-380,False
func_Bt_0x1000046f8,170,False
func_Bt_0x100004bf1,637,True
func_Bt_0x100004bf3,-617,False
func_Bt_0x100004c0c,966,True
func_Bt_0x1000061bd,755,False
func_Bt_0x10000622b,817,True
func_Bt_0x100006a26,131,False
func_Bt_0x100006a34,222,False
func_Bt_0x100008662,520,True
func_Bt_0x1000086d2,840,False
func_Bt_0x100008f11,1103,True
func_Bt_0x100008f13,-550,False
func_Bt_0x100008f17,-26,True
func_Bt_0x100009086,131,False
func_Bt_0x1000097bf,-454,False
func_Bt_0x1000097d9,-494,False
func_Bt_0x1000097f7,-759,False
func_Bt_0x100009886,-323,True
func_Bt_0x10000988d,-142,True
func_Bt_0x100009898,-203,True
func_Bt_0x100009a19,-32,True
func_Bt_0x100009a24,197,True
func_Bt_0x100009a61,519,False
func_Bt_0x100009a67,-72,False
func_Bt_0x100009a69,-589,True
func_Bt_0x100009a7b,401,True
func_Bt_0x100009a7f,108,False
func_Bt_0x10000acbd,74,True
func_Bt_0x10000af48,333,False
func_Bt_0x10000af4a,-261,False
func_Bt_0x10000af4e,798,False
func_Bt_0x10000b052,456,True
func_Bt_0x10000b4ff,762,False
func_Bu_0x100003537,1118,False
func_C0_0x100003e3c,-676,True
func_C0_0x100003e40,180,False
func_C_0x10000021f,806,True
func_C_0x1000002b1,760,False
func_C_0x10000048d,432,True
func_C_0x1000008ac,330,True
func_C_0x1000008f9,892,True
func_C_0x100002746,-520,True
func_C_0x100002773,-452,False
func_C_0x100002a86,1126,False
func_C_0x100002a8f,1119,False
func_C_0x100002a92,692,False
func_C_0x100002a94,-556,True
func_C_0x100002aac,249,False
func_C_0x100002abd,1072,True
func_C_0x100002b49,96,True
func_C_0x100002b4b,880,True
func_C_0x100002b57,-470,False
func_C_0x100002b61,-131,True
func_C_0x100002c05,461,True
func_C_0x100002cd8,251,False
func_C_0x100002cf2,-455,True
func_C_0x100002e33,475,False
func_C_0x100003ade,-621,True
func_C_0x100003ae0,662,True
func_C_0x100003ae2,-700,False
func_C_0x100003ae6,552,False
func_C_0x100004100,1054,False
func_C_0x1000041fc,-410,False
func_C_0x100004279,29,False
func_C_0x1000042a4,-504,True
func_C_0x1000042e0,267,False
func_C_0x1000042e2,152,True
func_C_0x1000042e4,-813,True
func_C_0x100004339,-91,False
func_C_0x10000433b,395,True
func_C_0x10000442e,-80,False
func_C_0x100004447,1053,False
func_C_0x100004498,-653,True
func_C_0x1000044a0,344,False
func_C_0x1000044a2,-798,False
func_C_0x10000480c,-585,True
func_C_0x10000480f,367,True
func_C_0x10000493d,-735,False
func_C_0x100004941,-208,True
func_C_0x100004da9,-349,True
func_C_0x100004e0a,-346,False
func_C_0x100004f0d,384,False
func_C_0x1000058a4,278,True
func_C_0x1000058a8,623,False
func_C_0x100005ebf,-179,False
func_C_0x1000062b6,-233,False
func_C_0x1000062d0,694,True
func_C_0x100006457,1075,True
func_C_0x10000645d,-641,True
func_C_0x100006682,734,False
func_C_0x100006760,638,False
func_C_0x1000068cb,-38,True
func_C_0x100006b33,-788,True
func_C_0x100006c8c,406,False
func_C_0x100006c9f,-50,True
func_C_0x100006d5c,1012,False
func_C_0x100006d60,822,True
func_C_0x100006e13,813,False
func_C_0x100006e4c,990,False
func_C_0x100007165,-184,False
func_C_0x100007459,-299,True
func_C_0x100007ac3,-365,False
func_C_0x100007ac7,640,False
func_C_0x100007bb3,-154,False
func_C_0x100007fd3,-782,False
func_C_0x100008119,513,True
func_C_0x10000811b,200,True
func_C_0x100008327,-448,True
func_C_0x100008366,980,False
func_C_0x1000083cd,309,False
func_C_0x1000083d8,875,False
func_C_0x10000844e,-208,False
func_C_0x10000857e,-341,True
func_C_0x100008769,-187,False
func_C_0x10000882c,-342,False
func_C_0x10000883f,-422,True
func_C_0x10000886c,1104,True
func_C_0x1000089d5,395,True
func_C_0x100008b51,-431,False
func_C_0x100008c68,76,False
func_C_0x100008d45,-734,True
func_C_0x10000901b,559,True
func_C_0x1000090e0,633,True
func_C_0x1000090e2,-687,True
func_C_0x1000090e4,-649,False
func_C_0x10000916c,613,False
func_C_0x10000916e,590,False
func_C_0x100009182,784,True
func_C_0x10000918e,492,False
func_C_0x100009196,-263,True
func_C_0x100009198,934,False
func_C_0x1000091a1,511,False
func_C_0x1000091a8,-263,False
func_C_0x1000091aa,517,True
func_C_0x1000091b0,393,True
func_C_0x1000091b2,833,True
func_C_0x1000091ce,533,True
func_C_0x1000091d9,-752,True
func_C_0x1000091ea,-666,False
func_C_0x10000920d,807,True
func_C_0x100009220,615,False
func_C_0x100009222,1004,False
func_C_0x100009233,170,False
func_C_0x10000923d,611,False
func_C_0x100009258,662,False
func_C_0x100009269,-413,False
func_C_0x100009271,72,False
func_C_0x100009273,-765,True
func_C_0x10000927c,182,True
func_C_0x100009284,1183,True
func_C_0x100009286,-352,False
func_C_0x100009289,447,True
func_C_0x1000092bb,583,True
func_C_0x1000092bd,-617,True
func_C_0x1000092d0,-811,True
func_C_0x1000092f5,565,True
func_C_0x1000092f7,-377,False
func_C_0x1000092fd,717,False
func_C_0x1000092ff,-328,False
func_C_0x100009306,270,False
func_C_0x100009308,-574,True
func_C_0x100009311,344,True
func_C_0x100009313,137,True
func_C_0x10000931d,249,False
func_C_0x100009645,985,False
func_C_0x100009662,133,False
func_C_0x10000970d,677,False
func_C_0x100009717,198,False
func_C_0x1000098f4,538,True
func_C_0x10000991d,941,False
func_C_0x1000099e0,529,False
func_C_0x100009e53,560,True
func_C_0x10000a0fa,-284,False
func_C_0x10000a5ce,1123,True
func_C_0x10000a71e,745,False
func_C_0x10000a7aa,186,True
func_C_0x10000a7c9,472,False
func_C_0x10000a7cb,-699,False
func_C_0x10000a99e,-698,True
func_C_0x10000aa6d,-423,True
func_C_0x10000ad48,280,False
func_C_0x10000b7ac,-180,False
func_Ce_0x1000027d3,268,True
func_Ce_0x1000028a2,2,False
func_Ce_0x100002a64,-208,True
func_Ce_0x100002e8a,5,True
func_Ce_0x1000035a0,87,True
func_Ce_0x100004179,1051,False
func_Ce_0x100004184,354,False
func_Ce_0x100004186,-101,False
func_Ce_0x1000042c9,-361,True
func_Ce_0x1000046a2,1059,False
func_Ce_0x1000046ae,234,True
func_Ce_0x1000046b2,1134,False
func_Ce_0x1000046b6,-330,True
func_Ce_0x1000049cb,834,True
func_Ce_0x1000049cf,-452,False
func_Ce_0x100005154,609,True
func_Ce_0x100005368,-339,True
func_Ce_0x10000536a,376,True
func_Ce_0x10000536c,-659,False
func_Ce_0x100005385,-486,True
func_Ce_0x100005c71,-367,True
func_Ce_0x100005c73,-623,True
func_Ce_0x100005e31,-190,True
func_Ce_0x100005ed9,-193,True
func_Ce_0x100005f3a,994,True
func_Ce_0x100006998,355,False
func_Ce_0x1000069b8,-661,True
func_Ce_0x100006be0,-754,False
func_Ce_0x100006be2,447,False
func_Ce_0x100007a8a,-659,False
func_Ce_0x100007c94,-352,True
func_Ce_0x100007c9e,-629,True
func_Ce_0x100007cb9,-559,False
func_Ce_0x100008a26,-811,False
func_Ce_0x100008b73,1092,False
func_Ce_0x10000a0e5,-479,True
func_Ce_0x10000a3cb,1070,False
func_Ce_0x10000a469,-78,True
func_Ce_0x10000a72c,1127,False
func_Ce_0x10000a77e,663,False
func_Ce_0x10000a780,120,False
func_Ce_0x10000a808,405,True
func_Ce_0x10000a80a,220,True
func_Ce_0x10000a80c,39,False
func_Ce_0x10000a810,611,True
func_Ce_0x10000a84d,637,False
func_Ce_0x10000a85d,464,False
func_Ce_0x10000a9ed,604,True
func_Ce_0x10000b05e,-632,False
func_Ce_0x10000b627,-196,False
func_Ce_0x10000b629,372,False
func_Ce_0x10000b631,1093,False
func_Ce_0x10000b635,821,True
func_Ce_0x10000b637,-143,False
func_Ce_0x10000b645,1083,True
func_Ce_0x10000b65c,-455,False
func_Ce_0x10000b6a4,1146,True
func_Ce_0x10000b6db,811,True
func_Ce_0x10000b6ec,-610,True
func_Ce_0x10000b6ee,779,True
func_Ce_0x10000b6f0,-452,False
func_Ce_0x10000b6f6,174,False
func_Ce_0x10000b6f8,-271,False
func_Ce_0x10000b6fa,855,False
func_Ce_0x10000b898,196,True
func_Ce_0x10000b8ac,-598,True
func_Ce_0x10000b8e1,-805,False
func_Cn_0x100003be1,-9,True
func_Cn_0x10000487c,877,True
func_Cn_0x100006012,556,True
func_Cn_0x100006042,-242,True
func_Cn_0x10000605e,-140,False
func_Cn_0x10000606e,548,False
func_Cn_0x1000060d5,252,True
func_Cn_0x100009bcd,615,False
func_Cn_0x10000a955,-284,False
func_Cn_0x10000a95e,1112,True
func_Cn_0x10000abb4,576,False
func_Cn_0x10000abeb,835,True
func_Cn_0x10000ac30,938,False
func_Cr_0x100000786,62,False
func_Cr_0x1000029fa,179,True
func_Cr_0x10000ae88,1087,False
func_Ct_0x100000775,1096,True
func_Ct_0x100000777,519,False
func_Ct_0x100000780,-565,True
func_Ct_0x100002f58,1071,False
func_Ct_0x100004c3c,-459,True
func_Ct_0x100004fa7,-468,False
func_Ct_0x100004fb9,251,True
func_Ct_0x1000061cb,-41,True
func_Ct_0x10000622d,706,False
func_Ct_0x10000625e,88,False
func_Ct_0x100006262,652,True
func_Ct_0x100006264,-724,True
func_Ct_0x10000626c,-185,True
func_Ct_0x1000082d7,245,True
func_Ct_0x1000084bf,700,False
func_Ct_0x1000084c5,1081,False
func_Ct_0x100008659,948,False
func_Ct_0x10000868e,652,True
func_Ct_0x100008f02,-191,False
func_Ct_0x100008f06,-289,False
func_Ct_0x100008f0c,-155,True
func_Ct_0x100008f0e,-696,False
func_Ct_0x100008f1d,-145,False
func_Ct_0x1000097b2,-307,True
func_Ct_0x100009829,367,True
func_Ct_0x10000987e,166,False
func_Ct_0x100009882,-538,False
func_Ct_0x100009884,-464,False
func_Ct_0x10000acbb,-754,True
func_Ct_0x10000b20f,430,False
func_Ct_0x10000b213,960,False
func_Ct_0x10000b21d,656,True
func_D_0x100000109,-707,False
func_D_0x1000001a8,795,True
func_D_0x1000001b8,-229,False
func_D_0x1000001c9,542,False
func_D_0x100002692,16,False
func_D_0x1000026b7,5,False
func_D_0x1000026e6,701,True
func_D_0x100002b7e,815,True
func_D_0x100002b85,346,True
func_D_0x100002d1a,-509,True
func_D_0x1000036a2,-703,True
func_D_0x1000041ce,506,False
func_D_0x100004253,300,False
func_D_0x100004514,350,True
func_D_0x1000047c0,-491,False
func_D_0x100004dbf,165,False
func_D_0x100004e3b,466,True
func_D_0x100004e49,-22,False
func_D_0x100004e92,-678,False
func_D_0x100004ef8,-724,False
func_D_0x1000053e8,-585,True
func_D_0x100005494,526,True
func_D_0x1000057ce,477,True
func_D_0x1000059f8,-158,True
func_D_0x100006277,896,True
func_D_0x100006368,-748,False
func_D_0x100006446,438,False
func_D_0x100006469,1099,True
func_D_0x100006645,-206,False
func_D_0x10000685f,75,False
func_D_0x100006b89,-586,False
func_D_0x100006cb5,680,True
func_D_0x100006cb9,-671,False
func_D_0x100006dbe,598,False
func_D_0x100006e37,-797,False
func_D_0x100006e3e,-50,False
func_D_0x10000702f,-306,True
func_D_0x100007475,208,False
func_D_0x1000078e2,-472,True
func_D_0x10000797e,16,False
func_D_0x100007aaf,305,False
func_D_0x100007ab1,503,True
func_D_0x100007ab3,-281,True
func_D_0x100007ab5,-225,True
func_D_0x100007b6d,-617,True
func_D_0x100007b82,927,True
func_D_0x100008223,477,True
func_D_0x10000833a,638,True
func_D_0x10000833c,-785,True
func_D_0x10000833e,-144,False
func_D_0x100008348,-496,True
func_D_0x10000838b,807,True
func_D_0x1000085b6,-342,False
func_D_0x100008813,132,False
func_D_0x10000891b,573,True
func_D_0x100008921,-290,False
func_D_0x100008c64,741,True
func_D_0x100008cb5,-649,False
func_D_0x100008d0d,465,True
func_D_0x100008dcf,598,False
func_D_0x100009142,-621,True
func_D_0x100009158,910,False
func_D_0x1000094b3,791,False
func_D_0x100009651,-463,True
func_D_0x100009653,-329,False
func_D_0x1000099a4,456,True
func_D_0x100009afa,804,True
func_D_0x10000a5ea,177,False
func_D_0x10000b199,-304,False
func_D_0x10000b484,804,False
func_D_0x10000b6c6,877,True
func_D_0x10000b70d,971,False
func_D_0x10000b906,-797,False
func_D_0x10000b90b,1020,False
func_D_0x10000b90d,-113,False
func_De_0x10000408d,111,False
func_De_0x100004aa6,-424,False
func_De_0x100004ab8,976,False
func_De_0x100004c3a,-756,False
func_De_0x100004cfc,-511,False
func_De_0x1000050a1,351,True
func_De_0x1000050b5,207,True
func_De_0x1000050c5,798,True
func_De_0x100005103,74,True
func_De_0x10000510c,-340,False
func_De_0x100005110,-560,True
func_De_0x100005a2d,980,False
func_De_0x100005a2f,223,True
func_De_0x100005c1b,-754,False
func_De_0x1000067ff,74,False
func_De_0x100006802,-392,False
func_De_0x10000680d,110,True
func_De_0x100006fbc,362,True
func_De_0x10000849b,592,False
func_De_0x1000084da,-111,False
func_De_0x1000084ea,-604,True
func_De_0x1000084f6,-361,True
func_De_0x100008f39,946,False
func_De_0x100009084,1105,True
func_De_0x10000959d,150,False
func_De_0x10000a1c4,-706,False
func_De_0x10000a1cc,322,True
func_De_0x10000a1d0,265,True
func_De_0x10000a1d2,933,True
func_De_0x10000a1d4,82,False
func_De_0x10000a1da,-229,True
func_De_0x10000a1dc,-582,True
func_De_0x10000a1e0,767,True
func_De_0x10000a1e6,195,False
func_De_0x10000a1f0,-655,False
func_De_0x10000a1f4,882,False
func_De_0x10000a1f6,163,True
func_De_0x10000a1fa,-23,True
func_De_0x10000a200,734,False
func_De_0x10000a206,509,True
func_De_0x10000a208,806,True
func_De_0x10000a20a,801,True
func_De_0x10000a20c,-463,True
func_De_0x10000a20e,542,True
func_De_0x10000a210,-752,False
func_De_0x10000a214,699,False
func_De_0x10000a21f,491,True
func_De_0x10000a878,1087,True
func_De_0x10000aac5,80,False
func_De_0x10000aae2,937,True
func_De_0x10000acab,-416,False
func_De_0x10000af14,-215,False
func_De_0x10000af41,623,False
func_De_0x10000af84,-493,True
func_De_0x10000af8a,5,True
func_De_0x10000b7c2,469,True
func_De_0x10000b841,171,True
func_Dn_0x100005285,-454,True
func_Dn_0x10000abe5,510,False
func_Dn_0x10000b418,391,False
func_Dr_0x1000007c1,42,True
func_Dr_0x1000007c3,51,True
func_Dr_0x1000029fb,323,True
func_Dr_0x100002c32,13,True
func_Dr_0x10000ae2e,-808,True
func_Dr_0x10000ae30,-672,False
func_Dr_0x10000ae32,60,True
func_Dr_0x10000ae38,-412,False
func_Dr_0x10000ae3a,-174,False
func_Dr_0x10000ae3e,-700,True
func_Dr_0x10000ae40,-450,True
func_Dr_0x10000ae4e,-72,True
func_Dr_0x10000ae52,-300,False
func_Dr_0x10000ae54,1045,True
func_Dr_0x10000ae5a,722,False
func_Dr_0x10000ae5c,888,True
func_Dr_0x10000ae66,731,False
func_Dr_0x10000ae6a,599,True
func_Dr_0x10000ae72,1002,False
func_Dr_0x10000ae78,206,False
func_Dr_0x10000ae80,-588,True
func_Dt_0x100002f78,-677,True
func_Dt_0x100004abe,-118,False
func_Dt_0x100004ac0,1023,True
func_Dt_0x100004ad0,-43,True
func_Dt_0x100004b61,736,False
func_Dt_0x100004b65,486,True
func_Dt_0x100004c1b,-530,True
func_Dt_0x100004c4b,969,True
func_Dt_0x100004c5b,-553,True
func_Dt_0x100004c71,714,True
func_Dt_0x1000050bc,984,False
func_Dt_0x1000050bf,-242,False
func_Dt_0x1000050c6,182,True
func_Dt_0x10000510d,585,True
func_Dt_0x100005bc0,-447,True
func_Dt_0x100005bc2,1100,True
func_Dt_0x1000067ea,252,False
func_Dt_0x100008f23,-22,True
func_Dt_0x100008f27,-408,False
func_Dt_0x10000a219,-747,True
func_Dt_0x10000aad7,-327,True
func_Dt_0x10000aadb,-111,True
func_Dt_0x10000acae,-392,True
func_Dt_0x10000acb0,302,False
func_Dt_0x10000af1b,-29,True
func_Dt_0x10000af62,38,False
func_Dt_0x10000b0f0,-744,True
func_Dt_0x10000b0f2,-385,False
func_Dt_0x10000b0f8,810,False
func_Dt_0x10000b100,637,True
func_Dt_0x10000b104,450,False
func_Dt_0x10000b10b,-354,True
func_Dt_0x10000b112,432,False
func_Dt_0x10000b121,-701,False
func_Dt_0x10000b135,364,False
func_Dt_0x10000b139,-318,False
func_E_0x100000125,1075,True
func_E_0x1000001a7,237,True
func_E_0x1000001d4,-455,False
func_E_0x100000222,748,False
func_E_0x10000029b,655,True
func_E_0x1000002de,1023,False
func_E_0x1000005bf,545,False
func_E_0x100002802,-236,True
func_E_0x100002832,-408,False
func_E_0x100002834,-565,True
func_E_0x100002ac9,4,True
func_E_0x100002acf,678,False
func_E_0x100002ad1,-594,False
func_E_0x100002ad5,792,True
func_E_0x100002ae5,-27,True
func_E_0x100002afb,-503,False
func_E_0x100002bce,462,True
func_E_0x100002bd4,150,True
func_E_0x100002bf9,1055,True
func_E_0x100002db5,583,True
func_E_0x100002dc9,895,True
func_E_0x100002e07,1093,False
func_E_0x100002e42,378,True
func_E_0x100002eee,-347,True
func_E_0x1000030c7,630,True
func_E_0x1000030cd,-327,True
func_E_0x10000362c,782,True
func_E_0x100003b13,64,True
func_E_0x100003b77,-284,False
func_E_0x100004112,1151,True
func_E_0x100004123,620,True
func_E_0x100004127,188,True
func_E_0x1000041b5,657,True
func_E_0x10000422a,-649,True
func_E_0x10000446a,-274,True
func_E_0x100004471,1052,True
func_E_0x1000047ba,839,False
func_E_0x1000047ca,702,True
func_E_0x1000049f3,-32,True
func_E_0x100004df4,-207,True
func_E_0x100004f0e,552,True
func_E_0x100005974,1080,False
func_E_0x10000597c,635,True
func_E_0x100005987,-721,False
func_E_0x100005ea7,604,False
func_E_0x100005ea9,177,False
func_E_0x100006113,-259,False
func_E_0x10000637d,-321,False
func_E_0x100006670,859,True
func_E_0x10000685b,-17,True
func_E_0x1000068da,-686,True
func_E_0x100006941,-363,True
func_E_0x100006969,-403,True
func_E_0x100006b28,-490,False
func_E_0x100006b97,305,False
func_E_0x100006c05,707,False
func_E_0x100006c07,147,False
func_E_0x100006d55,1066,True
func_E_0x100006d58,1021,False
func_E_0x100006dc4,245,False
func_E_0x100006dc6,-395,True
func_E_0x10000789e,570,False
func_E_0x1000078a4,-558,False
func_E_0x100007b9a,-4,False
func_E_0x100007ba1,-316,False
func_E_0x100007bc2,305,False
func_E_0x100007bcd,-493,False
func_E_0x100007fbc,1013,False
func_E_0x100007fca,119,False
func_E_0x100007fdf,-113,True
func_E_0x10000816e,538,False
func_E_0x100008170,247,False
func_E_0x100008174,457,True
func_E_0x10000832b,1148,False
func_E_0x100008389,-101,True
func_E_0x100008422,-50,True
func_E_0x100008702,-812,False
func_E_0x100008708,-23,True
func_E_0x100008777,-806,True
func_E_0x10000877c,-286,False
func_E_0x100008784,182,True
func_E_0x10000882a,-461,True
func_E_0x100008844,-174,True
func_E_0x1000088d5,-24,True
func_E_0x100008948,-530,False
func_E_0x10000894a,391,False
func_E_0x100008b39,548,True
func_E_0x100008b3b,294,True
func_E_0x100008b3d,-182,False
func_E_0x100008bd1,297,False
func_E_0x100008bd5,-543,False
func_E_0x100008dbd,-219,True
func_E_0x100008dc3,-343,False
func_E_0x100008ef2,-500,False
func_E_0x100009139,474,False
func_E_0x100009141,66,True
func_E_0x100009152,-571,True
func_E_0x1000091f5,932,False
func_E_0x100009205,-372,False
func_E_0x1000092ad,440,False
func_E_0x1000093a8,260,True
func_E_0x1000093b4,937,False
func_E_0x100009f17,621,True
func_E_0x10000a4b1,-50,False
func_E_0x10000a4b8,438,False
func_E_0x10000a5d6,562,False
func_E_0x10000a5f4,564,True
func_E_0x10000a5f8,285,False
func_E_0x10000a702,-601,True
func_E_0x10000a89a,-321,False
func_E_0x10000a8b9,560,True
func_E_0x10000ac74,564,True
func_E_0x10000ac76,-793,False
func_E_0x10000acea,1012,True
func_E_0x10000ad54,-359,True
func_E_0x10000ad5a,1047,True
func_E_0x10000ad8e,-209,True
func_E_0x10000ad9c,-620,False
func_E_0x10000ad9e,325,False
func_E_0x10000adb4,-412,True
func_E_0x10000b179,673,True
func_E_0x10000b704,-175,False
func_E_0x10000b7aa,1178,True
func_E_0x10000b7ad,422,True
func_Ee_0x100002eb4,1148,True
func_Ee_0x1000035ab,-753,True
func_Ee_0x1000035b1,109,True
func_Ee_0x100004531,-339,False
func_Ee_0x100004533,-75,False
func_Ee_0x100004535,-603,False
func_Ee_0x100004537,910,True
func_Ee_0x100004539,-445,True
func_Ee_0x10000453b,958,True
func_Ee_0x100004545,-332,True
func_Ee_0x100004547,517,True
func_Ee_0x10000464a,-94,False
func_Ee_0x10000483d,-570,False
func_Ee_0x1000048e4,758,True
func_Ee_0x10000497f,1101,False
func_Ee_0x100004981,-468,False
func_Ee_0x100004987,175,True
func_Ee_0x100004995,734,True
func_Ee_0x100004997,-802,False
func_Ee_0x100004999,-281,True
func_Ee_0x1000049ac,-222,False
func_Ee_0x1000049b0,-30,False
func_Ee_0x100005198,328,True
func_Ee_0x1000068fc,787,False
func_Ee_0x100006993,804,True
func_Ee_0x100006e6f,-266,True
func_Ee_0x100006e75,89,False
func_Ee_0x100006e77,-166,False
func_Ee_0x100006e79,536,True
func_Ee_0x100006e7d,203,True
func_Ee_0x100006f05,-206,True
func_Ee_0x100006f07,-466,True
func_Ee_0x100006f1d,41,True
func_Ee_0x100006f21,1117,True
func_Ee_0x100007001,-482,True
func_Ee_0x100007008,-653,False
func_Ee_0x100007cad,64,True
func_Ee_0x1000085eb,-408,True
func_Ee_0x1000085ed,1151,True
func_Ee_0x1000085ef,-232,False
func_Ee_0x1000085f1,-363,False
func_Ee_0x1000085f3,416,True
func_Ee_0x1000085f7,-62,False
func_Ee_0x10000936b,934,True
func_Ee_0x10000943f,381,True
func_Ee_0x100009463,-692,False
func_Ee_0x1000097af,1087,False
func_Ee_0x100009969,-42,False
func_Ee_0x10000997f,344,True
func_Ee_0x100009981,-542,False
func_Ee_0x10000b065,161,False
func_Ee_0x10000b067,-421,False
func_Ee_0x10000b069,-269,False
func_Ee_0x10000b4ad,-712,False
func_Ee_0x10000b4e8,247,False
func_Ee_0x10000b4ec,-685,True
func_Ee_0x10000b4ee,250,True
func_Ee_0x10000b58d,-560,False
func_Ee_0x10000b593,-108,True
func_Ee_0x10000b8b1,513,True
func_Ei_0x10000398b,82,True
func_Ei_0x1000039de,-268,True
func_Ei_0x100003a93,809,False
func_Ei_0x100003aa4,-435,True
func_En_0x100002c2b,24,True
func_En_0x100006234,-353,False
func_En_0x100006242,-569,True
func_En_0x100008015,753,True
func_En_0x100008021,929,False
func_En_0x100008025,951,True
func_En_0x100008027,3,True
func_En_0x10000803d,968,True
func_En_0x100008045,209,False
func_En_0x100008681,1168,True
func_Eo_0x100005ced,872,True
func_Eo_0x10000b3dd,446,True
func_Er_0x100002a0f,1080,True
func_Er_0x10000483f,741,False
func_Er_0x100008036,256,False
func_Er_0x100008038,289,True
func_Er_0x10000a940,-60,False
func_Er_0x10000ae42,-189,True
func_Er_0x10000ae7e,-399,False
func_Et_0x1000003df,184,False
func_F_0x100000139,585,False
func_F_0x10000013b,-236,False
func_F_0x10000013d,392,True
func_F_0x100000143,-472,False
func_F_0x100000226,919,False
func_F_0x100002751,667,True
func_F_0x100002837,36,False
func_F_0x100002b22,-503,True
func_F_0x100002cd9,1117,False
func_F_0x100002cdb,-253,False
func_F_0x100002cdf,535,True
func_F_0x100002ce7,-182,True
func_F_0x100002d80,535,False
func_F_0x100002d99,830,True
func_F_0x100002df0,559,True
func_F_0x100002f13,324,True
func_F_0x100002f15,343,True
func_F_0x100002fd6,431,True
func_F_0x10000368f,797,False
func_F_0x100003b16,-768,True
func_F_0x100003b18,948,False
func_F_0x100003b5d,1037,False
func_F_0x100003b63,-649,False
func_F_0x100003b65,223,True
func_F_0x100004808,1077,False
func_F_0x100004a1b,-164,True
func_F_0x100004a1d,378,False
func_F_0x100004a6e,-570,False
func_F_0x100004e80,-725,True
func_F_0x100004ef6,-200,True
func_F_0x10000507d,1138,True
func_F_0x1000053c7,-775,False
func_F_0x1000053e3,493,False
func_F_0x1000053e5,-368,False
func_F_0x1000053e9,701,True
func_F_0x1000054e2,-419,False
func_F_0x100005801,594,True
func_F_0x100005c36,526,False
func_F_0x100005cb4,769,True
func_F_0x100005f90,-494,True
func_F_0x10000617f,777,True
func_F_0x1000063b6,818,True
func_F_0x1000063ba,985,False
func_F_0x10000646c,783,False
func_F_0x100006bab,565,False
func_F_0x10000712e,-673,False
func_F_0x100007138,-68,False
func_F_0x10000713b,96,True
func_F_0x1000071b0,-214,True
func_F_0x100007496,-295,True
func_F_0x1000074b2,710,False
func_F_0x1000074b6,-522,True
func_F_0x1000074b8,-772,True
func_F_0x1000074e8,254,False
func_F_0x1000074ed,594,False
func_F_0x1000074ef,-282,False
func_F_0x1000081df,906,False
func_F_0x100008369,-50,True
func_F_0x1000083f3,65,False
func_F_0x100008510,-550,False
func_F_0x10000851c,688,False
func_F_0x100008536,950,False
func_F_0x100008558,568,True
func_F_0x10000856f,-115,False
func_F_0x100008714,751,True
func_F_0x100008716,-240,True
func_F_0x100009027,-70,False
func_F_0x100009029,592,False
func_F_0x1000092d3,487,True
func_F_0x1000092d6,-141,False
func_F_0x1000092d8,776,False
func_F_0x1000094a6,1075,False
func_F_0x100009673,73,False
func_F_0x1000099b5,900,True
func_F_0x1000099b7,-560,False
func_F_0x1000099d5,345,False
func_F_0x100009cf8,-9,True
func_F_0x10000a709,1172,False
func_F_0x10000a70d,983,False
func_F_0x10000a70f,-728,True
func_F_0x10000aa27,-539,True
func_F_0x10000aa93,852,True
func_F_0x10000b14a,731,True
func_F_0x10000b14e,943,True
func_F_0x10000b18c,-258,True
func_F_0x10000b18e,-737,False
func_F_0x10000b192,-307,False
func_F_0x10000b75d,1151,False
func_F_0x10000b88b,350,False
func_Fe_0x1000027cc,-438,False
func_Fe_0x10000289a,-98,False
func_Fe_0x10000289c,1097,True
func_Fe_0x1000028a0,824,False
func_Fe_0x1000049a7,430,True
func_Fe_0x10000519c,462,False
func_Fe_0x100005375,91,True
func_Fe_0x100005377,-593,True
func_Fe_0x10000537d,18,True
func_Fe_0x10000537f,648,True
func_Fe_0x100005383,-80,False
func_Fe_0x100005f32,-349,True
func_Fe_0x1000063f2,630,False
func_Fe_0x100006602,-111,True
func_Fe_0x10000698a,271,False
func_Fe_0x10000698c,-504,False
func_Fe_0x1000069be,-628,False
func_Fe_0x1000069c5,816,False
func_Fe_0x100007010,577,True
func_Fe_0x100007018,-707,False
func_Fe_0x10000701a,577,True
func_Fe_0x100007c9a,914,True
func_Fe_0x100008a2a,-637,True
func_Fe_0x100008aa7,90,False
func_Fe_0x10000a467,1109,False
func_Fe_0x10000a678,-358,False
func_Fe_0x10000b059,83,True
func_Fe_0x10000b64a,651,True
func_Fe_0x10000b64c,-723,False
func_Fe_0x10000b64e,-406,False
func_Fe_0x10000b650,521,False
func_Fe_0x10000b654,179,False
func_Fe_0x10000b656,-791,False
func_Fe_0x10000b658,983,True
func_Fe_0x10000b660,-23,True
func_Fe_0x10000b663,126,True
func_Fe_0x10000b665,301,True
func_Fe_0x10000b66b,215,True
func_Fe_0x10000b670,169,True
func_Fe_0x10000b676,-711,True
func_Fe_0x10000b678,1180,False
func_Fe_0x10000b69d,-805,True
func_Fe_0x10000b6ea,268,False
func_Fe_0x10000b6f4,-25,True
func_Fn_0x100003246,1060,True
func_Fn_0x100003266,-347,True
func_Fn_0x1000032ce,174,True
func_Fn_0x100003372,361,False
func_Fn_0x1000033ba,962,False
func_Fn_0x1000033f0,-561,False
func_Fn_0x1000033fb,626,False
func_Fn_0x100003400,1050,True
func_Fn_0x100003403,883,True
func_Fn_0x100003405,481,True
func_Fn_0x10000340b,563,True
func_Fn_0x100003411,-200,True
func_Fn_0x100003564,1134,True
func_Ft_0x100003da1,-814,False
func_Ft_0x100003dd4,404,True
func_Ft_0x100003dd6,364,True
func_Ft_0x1000056d9,-612,False
func_Ft_0x10000a021,766,True
func_Ft_0x10000a023,-560,False
func_Ft_0x10000a027,789,True
func_Ft_0x10000a029,-525,False
func_Ft_0x10000a02b,-5,True
func_Ft_0x10000a02f,163,False
func_Ft_0x10000a033,853,False
func_Ft_0x10000a037,-63,False
func_Ft_0x10000a039,286,False
func_Ft_0x10000a059,589,False
func_Ft_0x10000a05b,-592,True
func_Ft_0x10000a2e2,1120,False
func_Ft_0x10000a2e4,-109,False
func_Ft_0x10000a315,1134,False
func_Ft_0x10000a321,671,True
func_Ft_0x10000a323,-767,False
func_Ft_0x10000a338,-503,True
func_Ft_0x10000a343,778,True
func_Ft_0x10000a34f,665,True
func_Ft_0x10000a355,229,False
func_Ft_0x10000a363,-557,True
func_Ft_0x10000a36d,444,False
func_Ft_0x10000a36f,-281,True
func_Ft_0x10000a376,-656,False
func_Ft_0x10000a37c,-299,True
func_Ft_0x10000a380,962,True
func_Ft_0x10000a38e,781,False
func_Ft_0x10000a390,607,True
func_Ft_0x10000a396,1069,True
func_Ft_0x10000a39c,340,True
func_Ft_0x10000b3b0,1055,True
func_Ft_0x10000b3b2,-77,False
func_Ft_0x10000b437,517,False
func_G_0x1000001bd,713,False
func_G_0x1000001e9,-584,True
func_G_0x10000030c,-294,False
func_G_0x100002d48,989,True
func_G_0x100002d85,323,False
func_G_0x100002dba,1140,True
func_G_0x100002dc1,34,True
func_G_0x100002dc3,-423,False
func_G_0x100002de9,500,False
func_G_0x100002e4e,635,False
func_G_0x100002e53,398,True
func_G_0x100002e76,408,True
func_G_0x100002f16,41,True
func_G_0x100002f18,1008,True
func_G_0x100002f1a,-631,False
func_G_0x100003b78,687,True
func_G_0x100003b82,270,True
func_G_0x100003fa5,-407,True
func_G_0x100003fa7,235,False
func_G_0x100003fa9,1046,False
func_G_0x100003fad,-7,False
func_G_0x100003faf,534,False
func_G_0x1000040ef,465,False
func_G_0x100004219,244,True
func_G_0x10000421b,-552,True
func_G_0x10000421d,-613,True
func_G_0x10000421f,825,True
func_G_0x100004240,-602,False
func_G_0x100004287,273,False
func_G_0x10000428b,154,True
func_G_0x100004293,-515,False
func_G_0x1000045c9,833,True
func_G_0x10000466f,-438,True
func_G_0x100004785,-251,True
func_G_0x100005042,-221,True
func_G_0x100005048,654,True
func_G_0x100005073,-293,False
func_G_0x10000538f,152,True
func_G_0x1000054de,-355,True
func_G_0x1000059a4,-117,True
func_G_0x100005c4e,793,False
func_G_0x100005c50,117,False
func_G_0x100005c5b,552,False
func_G_0x100005c60,998,True
func_G_0x100005f4d,487,True
func_G_0x100005f6f,-522,False
func_G_0x100005f73,39,False
func_G_0x100006171,319,True
func_G_0x100006177,-18,False
func_G_0x1000062f4,-798,False
func_G_0x1000062f7,124,True
func_G_0x10000631a,-131,True
func_G_0x10000631e,818,True
func_G_0x10000639c,878,False
func_G_0x10000644a,1157,False
func_G_0x100006766,789,False
func_G_0x10000676c,21,True
func_G_0x10000676e,426,False
func_G_0x100006774,-325,True
func_G_0x100006778,1045,False
func_G_0x10000677a,709,False
func_G_0x100006954,1020,False
func_G_0x100006ade,516,False
func_G_0x100006b13,682,False
func_G_0x100006b15,-732,True
func_G_0x100006b17,-415,False
func_G_0x10000721c,774,True
func_G_0x100007490,885,False
func_G_0x100007a35,-19,False
func_G_0x100007af0,-496,True
func_G_0x1000083a7,133,True
func_G_0x100008566,-639,True
func_G_0x100008847,71,True
func_G_0x10000885e,685,True
func_G_0x100008864,-476,True
func_G_0x100008868,329,False
func_G_0x100008873,555,False
func_G_0x100008877,-455,True
func_G_0x10000887e,93,False
func_G_0x100008880,-614,True
func_G_0x100008884,664,True
func_G_0x10000894e,-3,True
func_G_0x10000904b,457,True
func_G_0x100009784,1157,False
func_G_0x1000098a6,-372,False
func_G_0x1000098a8,884,False
func_G_0x1000098c4,443,False
func_G_0x1000098c9,1169,True
func_G_0x1000098d6,976,True
func_G_0x100009b9b,227,True
func_G_0x100009b9d,-39,True
func_G_0x100009ccf,-182,False
func_G_0x100009ce1,-449,False
func_G_0x100009ce3,804,True
func_G_0x100009ce7,567,False
func_G_0x10000a11b,638,False
func_G_0x10000a15f,812,True
func_G_0x10000a165,235,False
func_G_0x10000a6bc,-350,False
func_G_0x10000a6c0,498,False
func_G_0x10000a7df,431,False
func_G_0x10000a831,143,False
func_G_0x10000ace0,-349,True
func_G_0x10000ace3,967,False
func_G_0x10000ad1a,1018,False
func_G_0x10000ad1f,114,False
func_G_0x10000b157,-192,False
func_G_0x10000b197,400,False
func_G_0x10000b1a2,1136,False
func_G_0x10000b1a5,-438,True
func_G_0x10000b1c6,486,True
func_G_0x10000b1cb,-470,False
func_Gc_0x10000735e,-300,True
func_Ge_0x100002cbf,-119,False
func_Ge_0x1000046ed,-391,False
func_Ge_0x1000046ef,-577,True
func_Ge_0x100004adb,455,False
func_Ge_0x100004adf,1070,True
func_Ge_0x100004b2e,-224,False
func_Ge_0x100004b34,593,True
func_Ge_0x100004c1c,373,True
func_Ge_0x100004c20,512,False
func_Ge_0x100004c22,-643,True
func_Ge_0x100004c2a,-236,True
func_Ge_0x100004c49,-733,False
func_Ge_0x100004c58,-204,False
func_Ge_0x100004cca,829,True
func_Ge_0x100004ccc,-392,True
func_Ge_0x100004cd2,939,True
func_Ge_0x100004cd6,560,False
func_Ge_0x100004cd8,1102,False
func_Ge_0x100004cda,567,False
func_Ge_0x100004cde,734,False
func_Ge_0x100004ce2,1095,True
func_Ge_0x100004ce8,836,False
func_Ge_0x100004cec,390,False
func_Ge_0x100004cee,195,True
func_Ge_0x100004d00,476,False
func_Ge_0x100004d22,-709,True
func_Ge_0x100004d2c,-195,True
func_Ge_0x1000050a6,1143,False
func_Ge_0x1000050ac,-753,False
func_Ge_0x10000824e,-699,False
func_Ge_0x100008290,894,True
func_Ge_0x1000082b6,781,False
func_Ge_0x1000082de,-814,True
func_Ge_0x100008f2a,-384,False
func_Ge_0x100008f4b,788,False
func_Ge_0x100008f55,857,True
func_Ge_0x100008f57,-802,True
func_Ge_0x100008f59,389,False
func_Ge_0x100008f5b,-440,False
func_Ge_0x100008f5d,1075,False
func_Ge_0x10000a91a,263,True
func_Ge_0x10000a93e,932,True
func_Ge_0x10000acba,602,False
func_Ge_0x10000b82e,105,False
func_Gi_0x1000077da,-332,False
func_Gn_0x100000784,975,True
func_Gn_0x10000078c,1004,False
func_Gn_0x100000790,475,True
func_Gn_0x100000794,-545,True
func_Gn_0x100000796,699,False
func_Gn_0x100000798,637,False
func_Gn_0x10000079a,244,True
func_Gn_0x10000079c,234,True
func_Gn_0x10000079e,-59,True
func_Gn_0x1000007a0,943,True
func_Gn_0x1000007a2,15,False
func_Gn_0x1000007a6,302,False
func_Gn_0x1000007a8,802,True
func_Gn_0x1000007ac,-59,False
func_Gn_0x100008686,1081,True
func_Gn_0x100009809,344,False
func_Gn_0x10000b043,829,True
func_Gt_0x100002c48,-364,True
func_Gt_0x100004cbf,288,False
func_Gt_0x100007332,1153,True
func_Gt_0x10000867b,-48,False
func_Gt_0x10000867d,-577,True
func_Gt_0x1000097e0,476,True
func_Gt_0x1000097e6,987,True
func_Gt_0x1000097ec,59,True
func_Gt_0x1000097ee,443,False
func_Gt_0x1000097f0,-372,False
func_Gt_0x1000097f2,-337,True
func_Gt_0x1000097f4,935,True
func_H_0x1000026d6,-476,False
func_H_0x10000279d,-274,True
func_H_0x1000028db,-270,False
func_H_0x1000028e3,-524,False
func_H_0x100002a24,490,True
func_H_0x100002a2c,-69,False
func_H_0x100002f24,485,True
func_H_0x1000035b9,-271,False
func_H_0x100003d61,-381,True
func_H_0x100003d63,282,True
func_H_0x100003d67,-655,True
func_H_0x100003d83,-596,True
func_H_0x100003d87,159,True
func_H_0x1000042c0,707,True
func_H_0x1000042c2,1142,False
func_H_0x1000042c8,-380,True
func_H_0x1000046dd,-119,False
func_H_0x1000046e5,328,True
func_H_0x100004a80,-556,True
func_H_0x100004a82,247,True
func_H_0x10000513d,-343,False
func_H_0x10000513f,345,True
func_H_0x100005141,-691,False
func_H_0x1000051f2,-615,True
func_H_0x1000051f4,363,False
func_H_0x100005205,110,False
func_H_0x1000055fd,286,True
func_H_0x100005773,482,True
func_H_0x100005a91,114,False
func_H_0x100005a97,685,True
func_H_0x100005cdd,664,True
func_H_0x100005ce3,-377,True
func_H_0x1000062a9,286,True
func_H_0x1000064b2,-583,False
func_H_0x1000064b4,-69,False
func_H_0x1000064bc,602,False
func_H_0x1000064c0,466,True
func_H_0x1000064c2,-224,False
func_H_0x1000064ec,547,False
func_H_0x1000064f6,-245,False
func_H_0x100006790,649,False
func_H_0x100006792,-486,True
func_H_0x10000679e,193,False
func_H_0x1000079e0,-286,True
func_H_0x100007a5a,213,False
func_H_0x1000081d8,321,False
func_H_0x1000081dc,677,True
func_H_0x100008216,48,True
func_H_0x10000821e,643,True
func_H_0x100008dab,1042,True
func_H_0x10000904c,1015,False
func_H_0x100009670,-354,False
func_H_0x10000993d,244,False
func_H_0x100009943,-120,True
func_H_0x100009aa0,59,False
func_H_0x100009aa2,392,False
func_H_0x100009aa6,-140,True
func_H_0x100009aae,901,True
func_H_0x100009ab0,-812,True
func_H_0x100009abc,630,False
func_H_0x100009af3,660,True
func_H_0x100009af5,-506,True
func_H_0x100009bac,-464,False
func_H_0x100009d5f,129,True
func_H_0x100009d67,689,False
func_H_0x100009d69,1066,True
func_H_0x100009dad,-494,True
func_H_0x100009db5,721,False
func_H_0x100009dc9,623,True
func_H_0x100009dcf,-444,True
func_H_0x100009ef7,730,True
func_H_0x10000a0b1,362,False
func_H_0x10000a464,726,True
func_H_0x10000a46c,1080,True
func_H_0x10000a470,921,True
func_H_0x10000a472,425,False
func_H_0x10000a483,-662,False
func_H_0x10000a8f9,-106,True
func_H_0x10000ad26,-50,False
func_H_0x10000afce,-169,True
func_H_0x10000b07d,1080,False
func_H_0x10000b081,618,False
func_H_0x10000b083,-743,True
func_H_0x10000b08f,-10,False
func_H_0x10000b2d9,-721,False
func_H_0x10000b5f1,-70,False
func_H_0x10000b5f3,940,True
func_H_0x10000b75e,-288,True
func_H_0x10000b760,800,False
func_H_0x10000b787,942,False
func_H_0x10000b795,928,True
func_H_0x10000b7a1,-628,False
func_Ha_0x100007d20,772,True
func_Ha_0x100007d26,688,True
func_He_0x100002fe9,920,False
func_He_0x100002fed,711,True
func_He_0x100002ff1,652,True
func_He_0x100002ff5,371,False
func_He_0x100003046,-26,True
func_He_0x1000035a9,740,True
func_He_0x10000457a,-673,True
func_He_0x10000467e,-752,False
func_He_0x100004680,-320,False
func_He_0x100004700,279,True
func_He_0x1000048e0,541,False
func_He_0x100004fdc,-294,False
func_He_0x10000503e,-489,False
func_He_0x100005193,-167,False
func_He_0x100005199,-134,True
func_He_0x1000065e8,-194,False
func_He_0x1000065ea,-598,False
func_He_0x1000065ee,100,False
func_He_0x1000065f0,525,True
func_He_0x1000065f2,8,False
func_He_0x1000065f4,-517,True
func_He_0x1000065f8,-587,True
func_He_0x100006e7b,919,True
func_He_0x100006f03,-501,False
func_He_0x100006f1b,-722,True
func_He_0x100006f1f,-574,False
func_He_0x100006f24,273,False
func_He_0x100007cb4,1011,False
func_He_0x100009447,-541,True
func_He_0x100009459,-530,False
func_He_0x10000996b,-638,False
func_He_0x100009971,-94,False
func_He_0x100009973,585,True
func_He_0x10000997b,184,True
func_He_0x10000997d,786,True
func_He_0x100009985,286,True
func_He_0x10000a869,-475,False
func_He_0x10000b4f1,-279,False
func_He_0x10000b58f,24,False
func_Hi_0x100003da7,290,False
func_Hi_0x100003da9,276,True
func_Hi_0x100003daf,401,False
func_Hi_0x100003db5,633,False
func_Hi_0x100005702,-603,False
func_Hi_0x10000b3c5,-316,True
func_Hi_0x10000b3d5,-126,False
func_Hn_0x100007d0f,-16,False
func_Hn_0x100007e56,206,True
func_Hn_0x100007e5e,1111,False
func_Hn_0x100007e6c,643,False
func_Hn_0x100007e76,-790,False
func_Hn_0x100007e86,-378,False
func_Hn_0x100007e90,584,True
func_Hn_0x100007ee0,105,True
func_Hn_0x100007f08,-238,True
func_Hn_0x100007f20,604,False
func_Hn_0x100007f28,1154,True
func_Hn_0x100007f5b,-126,True
func_Hn_0x100007f71,916,True
func_Hn_0x100007f9d,778,False
func_Hn_0x100007fa5,-100,True
func_Ho_0x1000034dd,-459,False
func_Ho_0x100003527,725,False
func_Ho_0x100003529,852,True
func_Ho_0x10000354f,978,True
func_Hr_0x100003447,560,True
func_Hr_0x10000347f,1057,False
func_Hr_0x10000354b,46,False
func_Hr_0x100003559,670,False
func_Hr_0x10000355b,-763,True
func_Ht_0x100003da5,992,True
func_Ht_0x100003eee,1035,False
func_Ht_0x100003ef0,-668,False
func_Ht_0x100005734,772,False
func_Ht_0x10000a035,490,False
func_Ht_0x10000a2e6,513,True
func_Ht_0x10000a2ea,822,False
func_Ht_0x10000a2ef,677,False
func_Ht_0x10000a2f1,-551,True
func_Ht_0x10000a2f5,-36,True
func_Ht_0x10000a2f7,-737,True
func_Ht_0x10000a313,-469,False
func_Ht_0x10000a31f,-21,False
func_Ht_0x10000a32b,-769,False
func_Ht_0x10000a32f,586,False
func_Ht_0x10000a331,365,False
func_Ht_0x10000a341,-579,False
func_Ht_0x10000a347,672,True
func_Ht_0x10000a34b,1109,False
func_Ht_0x10000a34d,-311,False
func_Ht_0x10000a357,952,False
func_Ht_0x10000a365,770,False
func_Ht_0x10000a371,276,True
func_Ht_0x10000a37e,950,True
func_Ht_0x10000a382,493,True
func_Ht_0x10000a386,481,True
func_Ht_0x10000a392,414,True
func_Ht_0x10000b3a3,876,True
func_Ht_0x10000b3b6,485,True
func_Ht_0x10000b3c2,49,False
func_Ht_0x10000b41f,130,True
func_Ht_0x10000b42f,1088,True
func_Ht_0x10000b431,-151,False
func_Ht_0x10000b435,-409,True
func_I_0x10000010d,13,True
func_I_0x10000010f,578,True
func_I_0x100000111,38,True
func_I_0x100002755,610,True
func_I_0x100002757,902,True
func_I_0x10000292c,-732,True
func_I_0x100002d8c,289,False
func_I_0x1000036a0,3,True
func_I_0x100004137,-85,True
func_I_0x100004141,-597,True
func_I_0x100004143,100,False
func_I_0x100004191,-397,True
func_I_0x100004202,650,False
func_I_0x100004255,906,False
func_I_0x10000478c,-218,False
func_I_0x100004790,879,False
func_I_0x100004801,890,False
func_I_0x100004e39,876,False
func_I_0x10000538a,618,True
func_I_0x100005805,1048,True
func_I_0x10000598c,74,False
func_I_0x1000059f2,611,False
func_I_0x1000059f6,-394,True
func_I_0x100006356,-571,False
func_I_0x1000063b9,54,False
func_I_0x10000657e,1111,False
func_I_0x100006776,766,True
func_I_0x100006b9a,-757,False
func_I_0x100006b9c,-328,True
func_I_0x100006cb7,-379,False
func_I_0x100006d10,327,True
func_I_0x100006d16,85,True
func_I_0x100006d61,443,True
func_I_0x100006dcb,-152,True
func_I_0x100006e35,-191,False
func_I_0x10000713a,458,False
func_I_0x100007469,-760,False
func_I_0x10000746f,864,False
func_I_0x100007477,766,False
func_I_0x1000074db,-596,True
func_I_0x100007980,140,True
func_I_0x100007982,-655,False
func_I_0x100007ab7,-426,True
func_I_0x100008356,993,True
func_I_0x100008358,1101,False
func_I_0x100008438,202,False
func_I_0x100008c0b,654,True
func_I_0x100008c8c,858,False
func_I_0x100008d4d,-156,False
func_I_0x100008d4f,-652,True
func_I_0x100008d51,-498,False
func_I_0x10000913c,-766,False
func_I_0x100009144,320,True
func_I_0x10000949f,-125,False
func_I_0x10000964b,1098,False
func_I_0x100009994,124,False
func_I_0x1000099bb,667,False
func_I_0x10000a14a,309,False
func_I_0x10000a9c4,150,False
func_I_0x10000aa51,684,False
func_I_0x10000ada9,-530,True
func_I_0x10000b09b,-340,False
func_I_0x10000b70b,-14,False
func_I_0x10000b7ae,348,True
func_I_0x10000b904,215,False
func_I_0x10000b908,1122,True
func_I_0x10000b911,979,False
func_I_0x10000b913,495,False
func_Ie_0x100002f44,-440,False
func_Ie_0x100002f81,-796,False
func_Ie_0x100002f89,-325,False
func_Ie_0x100002f8d,1132,True
func_Ie_0x100002f95,-382,True
func_Ie_0x100002f97,-475,False
func_Ie_0x100002f99,57,False
func_Ie_0x100002f9b,472,False
func_Ie_0x10000408a,-575,False
func_Ie_0x100004b22,1170,False
func_Ie_0x100004b4b,-586,True
func_Ie_0x100004b60,913,True
func_Ie_0x100004c2f,1110,False
func_Ie_0x100004f93,647,True
func_Ie_0x100005112,1043,False
func_Ie_0x10000511c,372,False
func_Ie_0x100005120,-602,False
func_Ie_0x100005122,-385,True
func_Ie_0x100005126,-600,False
func_Ie_0x100005a26,-419,True
func_Ie_0x100005bbf,978,False
func_Ie_0x100006007,402,True
func_Ie_0x1000067e7,835,False
func_Ie_0x10000680b,-551,True
func_Ie_0x1000069af,743,True
func_Ie_0x100006fb5,-75,False
func_Ie_0x100006fbe,-171,False
func_Ie_0x1000084b4,910,False
func_Ie_0x1000084dc,-543,False
func_Ie_0x1000084de,131,True
func_Ie_0x1000084e0,168,False
func_Ie_0x1000084e8,-741,True
func_Ie_0x1000084fa,-222,True
func_Ie_0x1000084fc,352,True
func_Ie_0x1000084fe,393,False
func_Ie_0x100008f30,863,True
func_Ie_0x100009056,1104,True
func_Ie_0x100009060,226,False
func_Ie_0x100009068,277,False
func_Ie_0x1000095a1,960,False
func_Ie_0x1000095af,1070,True
func_Ie_0x10000aac4,459,False
func_Ie_0x10000aad4,767,False
func_Ie_0x10000b2c3,-725,True
func_Ie_0x10000b2c5,324,True
func_Ii_0x100007376,1146,True
func_Ii_0x10000738e,582,True
func_In_0x1000055ab,902,False
func_In_0x1000055c0,1011,True
func_In_0x1000055e1,983,False
func_In_0x10000600c,-254,True
func_In_0x1000060c4,836,True
func_In_0x10000ac31,-769,False
func_Io_0x1000037dc,-612,False
func_Io_0x1000037e6,-486,True
func_Io_0x1000037e8,942,True
func_Io_0x1000037ec,10,True
func_Io_0x100003a72,273,False
func_Ir_0x100005d5e,-711,True
func_Ir_0x100005d92,-815,True
func_Ir_0x100005d94,-666,False
func_Ir_0x100005d98,-300,True
func_Ir_0x100005da5,686,True
func_Ir_0x100005db3,-197,False
func_Ir_0x100005ddc,-653,False
func_Ir_0x100005de0,-164,False
func_Ir_0x100005e13,380,False
func_Ir_0x100005e1d,1017,True
func_Ir_0x100006f51,-528,False
func_Ir_0x10000b456,333,False
func_It_0x100005547,74,False
func_It_0x1000055a9,462,True
func_It_0x1000055ad,-773,True
func_It_0x1000055af,-223,True
func_It_0x1000055b1,-255,True
func_It_0x1000055b5,231,False
func_It_0x1000055b9,492,False
func_It_0x1000055bc,577,True
func_It_0x1000055ce,622,True
func_It_0x1000055df,-255,True
func_It_0x100006055,946,False
func_It_0x100006070,-776,True
func_It_0x1000060c2,246,False
func_It_0x10000a969,881,True
func_It_0x10000abf1,-418,True
func_It_0x10000ac14,311,True
func_It_0x10000ac34,-732,False
func_J_0x10000279f,-149,True
func_J_0x100002a56,79,True
func_J_0x100002d4f,-287,True
func_J_0x100002d51,-706,True
func_J_0x100002d77,842,True
func_J_0x100002e56,-766,False
func_J_0x100002ef8,-701,False
func_J_0x100003670,-157,False
func_J_0x100003b1a,3,False
func_J_0x100003d26,312,True
func_J_0x100003f44,1114,True
func_J_0x100003f65,507,True
func_J_0x100003f6d,-676,False
func_J_0x100003f6f,1139,False
func_J_0x100003f73,303,True
func_J_0x100003f75,1086,False
func_J_0x100003f77,-462,False
func_J_0x100003f79,635,False
func_J_0x100003f7d,462,False
func_J_0x100003f81,145,True
func_J_0x100003f83,613,True
func_J_0x10000415c,-236,False
func_J_0x100004164,161,False
func_J_0x100004166,884,True
func_J_0x10000416a,-404,True
func_J_0x10000416c,-728,False
func_J_0x100004170,790,True
func_J_0x100004172,962,True
func_J_0x100004189,-305,True
func_J_0x1000045bc,348,True
func_J_0x1000047ab,-722,True
func_J_0x100004a77,1162,True
func_J_0x10000576d,-512,True
func_J_0x1000059fb,-75,True
func_J_0x100005cd9,54,True
func_J_0x100005e40,-728,True
func_J_0x100005e7d,53,False
func_J_0x100005e84,28,False
func_J_0x100005ee0,901,True
func_J_0x1000060e2,1164,True
func_J_0x10000611a,75,False
func_J_0x1000062a1,-137,True
func_J_0x1000062a3,1174,False
func_J_0x1000062ab,-610,False
func_J_0x100006324,19,False
func_J_0x10000688c,-563,False
func_J_0x100006ace,926,True
func_J_0x100006b43,847,True
func_J_0x1000071c1,1006,True
func_J_0x1000071c3,-814,True
func_J_0x1000080fb,1014,True
func_J_0x1000081fe,-808,True
func_J_0x100008212,291,True
func_J_0x100008214,-17,True
func_J_0x10000821c,-812,True
func_J_0x1000085fe,-659,False
func_J_0x100008600,436,False
func_J_0x100008602,-59,True
func_J_0x100008ce1,891,True
func_J_0x10000978d,86,False
func_J_0x100009b03,352,True
func_J_0x100009b81,-591,False
func_J_0x100009b94,730,True
func_J_0x100009d0f,371,False
func_J_0x100009e9d,148,True
func_J_0x100009ef1,390,False
func_J_0x10000a0b5,-639,False
func_J_0x10000a629,-703,True
func_J_0x10000a6ed,394,False
func_J_0x10000a7e4,972,True
func_J_0x10000a7e6,0,False
func_J_0x10000b5a0,366,False
func_J_0x10000b5a2,-332,True
func_J_0x10000b5a4,584,True
func_Jc_0x1000037c3,290,False
func_Jc_0x10000383f,1145,True
func_Jc_0x10000396a,72,False
func_Jc_0x1000039ab,-396,False
func_Jc_0x100003a63,66,True
func_Jc_0x100003aa7,-183,True
func_Je_0x100002f43,461,False
func_Je_0x100002f4c,-56,False
func_Je_0x100002f55,210,True
func_Je_0x100002f7d,768,False
func_Je_0x100002f7f,-654,False
func_Je_0x100002f83,905,False
func_Je_0x100002f85,540,False
func_Je_0x100002f87,52,False
func_Je_0x100002f8f,24,True
func_Je_0x100002f91,302,True
func_Je_0x100003027,265,False
func_Je_0x100003029,1092,False
func_Je_0x10000408c,-246,True
func_Je_0x100004096,9,False
func_Je_0x100004cf5,-226,True
func_Je_0x100005185,503,False
func_Je_0x100005a17,-417,False
func_Je_0x100006809,692,False
func_Je_0x1000069a7,-235,True
func_Je_0x1000069ad,-646,False
func_Je_0x1000084d8,-590,False
func_Je_0x1000084e2,1057,True
func_Je_0x1000084e4,-323,True
func_Je_0x1000084e6,940,True
func_Je_0x1000084ee,89,True
func_Je_0x100009066,937,True
func_Je_0x10000906c,-615,True
func_Je_0x10000906e,858,True
func_Je_0x100009074,627,True
func_Je_0x100009078,880,True
func_Je_0x10000907c,49,False
func_Je_0x1000095a7,-65,False
func_Je_0x1000095b1,-507,True
func_Je_0x1000095c1,1091,True
func_Je_0x1000095c9,582,False
func_Je_0x10000b024,-643,False
func_Je_0x10000b026,631,True
func_Je_0x10000b028,1040,True
func_Je_0x10000b56d,325,True
func_Je_0x10000b56f,-670,True
func_Je_0x10000b571,-749,True
func_Je_0x10000b583,-49,True
func_Je_0x10000b857,-733,True
func_Je_0x10000b8a3,-659,True
func_Jo_0x100003e34,-813,True
func_Jo_0x100003e36,-209,False
func_Jo_0x100007343,-45,False
func_Jo_0x100007348,-58,False
func_Jo_0x1000073f7,1002,False
func_Jt_0x100003dd2,-314,False
func_Jt_0x1000056de,-402,True
func_Jt_0x1000056e0,-139,True
func_Jt_0x1000056e2,-63,True
func_Jt_0x1000056e6,522,True
func_Jt_0x1000056e8,768,True
func_Jt_0x100005736,261,True
func_Jt_0x100006f46,515,True
func_Jt_0x10000a025,-370,False
func_Jt_0x10000a02d,128,False
func_Jt_0x10000a031,522,True
func_Jt_0x10000a03b,1136,False
func_Jt_0x10000a061,827,True
func_Jt_0x10000a065,803,False
func_Jt_0x10000a069,598,True
func_Jt_0x10000a071,-131,False
func_Jt_0x10000a225,-677,True
func_Jt_0x10000a229,-711,True
func_Jt_0x10000a2ed,-268,True
func_Jt_0x10000a2f3,633,False
func_Jt_0x10000a2fb,678,False
func_Jt_0x10000a31b,116,True
func_Jt_0x10000a31d,232,True
func_Jt_0x10000a327,579,True
func_Jt_0x10000a329,-493,True
func_Jt_0x10000a32d,538,False
func_Jt_0x10000a333,233,False
func_Jt_0x10000a335,-720,True
func_Jt_0x10000a33a,-326,False
func_Jt_0x10000a33f,1157,False
func_Jt_0x10000a349,943,True
func_Jt_0x10000a35d,380,True
func_Jt_0x10000a361,-481,False
func_Jt_0x10000a37a,-569,False
func_Jt_0x10000a38a,942,False
func_Jt_0x10000b3a5,-611,True
func_Jt_0x10000b3ae,-5,True
func_Jt_0x10000b3b4,-228,False
func_Jt_0x10000b3b8,717,False
func_Jt_0x10000b3ba,-410,False
func_Jt_0x10000b3bc,-646,False
func_Jt_0x10000b3be,-169,True
func_Jt_0x10000b3c0,-427,False
func_Jt_0x10000b3f0,591,False
func_Jt_0x10000b421,566,False
func_K_0x100002d4c,482,False
func_K_0x100002d9b,228,True
func_K_0x100003ba5,715,True
func_K_0x100003d30,-112,True
func_K_0x100003d38,-317,True
func_K_0x100003d3c,-348,True
func_K_0x100003d40,936,True
func_K_0x100003d44,117,False
func_K_0x100003d4c,-406,True
func_K_0x100003fbe,532,True
func_K_0x100004048,476,False
func_K_0x100004052,-318,False
func_K_0x100004059,-487,True
func_K_0x10000405e,441,True
func_K_0x10000429a,601,False
func_K_0x10000429c,-119,False
func_K_0x1000042b7,247,False
func_K_0x1000042ee,418,False
func_K_0x1000042f0,-445,False
func_K_0x1000045d9,-496,True
func_K_0x1000045e5,1040,False
func_K_0x100004797,416,True
func_K_0x100004799,867,False
func_K_0x10000479d,1021,False
func_K_0x10000479f,266,False
func_K_0x1000047a1,84,False
func_K_0x1000047a7,645,True
func_K_0x1000047e3,894,False
func_K_0x1000047f3,-651,True
func_K_0x100004a6a,-232,True
func_K_0x100004a70,35,False
func_K_0x100004d7d,673,True
func_K_0x100005c70,197,False
func_K_0x100005cc6,605,True
func_K_0x100005cd6,-106,True
func_K_0x100005e95,996,False
func_K_0x1000063a1,1020,True
func_K_0x1000063a3,617,False
func_K_0x10000654a,631,True
func_K_0x10000657a,635,False
func_K_0x100006d7e,745,False
func_K_0x100006d87,-111,True
func_K_0x10000717f,-700,False
func_K_0x1000071a0,884,False
func_K_0x1000071a4,1134,False
func_K_0x1000071a6,507,True
func_K_0x1000071e9,858,False
func_K_0x100007204,1019,True
func_K_0x10000720b,245,False
func_K_0x1000072f7,613,True
func_K_0x1000072fe,1119,True
func_K_0x100007c08,-799,True
func_K_0x1000080ed,-745,False
func_K_0x1000080f5,223,True
func_K_0x100008100,579,False
func_K_0x100008106,-449,True
func_K_0x100008121,588,False
func_K_0x10000815c,556,True
func_K_0x10000859c,470,True
func_K_0x1000085a0,1175,False
func_K_0x1000085a2,-528,True
func_K_0x1000085a5,1125,False
func_K_0x1000088cc,955,True
func_K_0x100008bb0,205,True
func_K_0x100008c75,142,True
func_K_0x1000094b7,1086,True
func_K_0x1000094b9,876,False
func_K_0x1000094bd,-259,True
func_K_0x1000094bf,-644,False
func_K_0x100009787,948,False
func_K_0x100009789,104,True
func_K_0x1000098bf,-307,True
func_K_0x100009b00,761,False
func_K_0x100009b96,-45,True
func_K_0x100009cc9,40,True
func_K_0x100009f1f,283,False
func_K_0x100009f21,30,True
func_K_0x100009f25,88,True
func_K_0x100009f2b,67,True
func_K_0x10000a0b0,929,True
func_K_0x10000a0b8,359,False
func_K_0x10000a0d5,860,False
func_K_0x10000a5e1,735,False
func_K_0x10000a5e3,946,False
func_K_0x10000a637,248,False
func_K_0x10000a712,926,False
func_K_0x10000b19f,570,True
func_K_0x10000b4a8,504,False
func_K_0x10000b59f,966,False
func_K_0x10000b740,-310,True
func_K_0x10000b744,-481,False
func_Ke_0x100000781,-382,True
func_Ke_0x100002c15,948,True
func_Ke_0x100002c51,-387,False
func_Ke_0x100004380,1124,False
func_Ke_0x100004382,275,False
func_Ke_0x100004386,-590,False
func_Ke_0x100004388,-499,True
func_Ke_0x10000438c,590,True
func_Ke_0x100004390,-346,False
func_Ke_0x100004396,1044,False
func_Ke_0x100004398,-158,True
func_Ke_0x10000439e,-720,True
func_Ke_0x1000043a0,594,True
func_Ke_0x1000043ac,-74,True
func_Ke_0x1000043ae,-142,True
func_Ke_0x1000043b0,231,False
func_Ke_0x1000043b4,-234,False
func_Ke_0x1000043b8,-716,False
func_Ke_0x1000043bc,-676,True
func_Ke_0x1000043c0,448,True
func_Ke_0x1000043c2,-771,False
func_Ke_0x1000043d0,816,True
func_Ke_0x1000043d2,-411,True
func_Ke_0x1000043d6,-10,True
func_Ke_0x1000043da,-280,False
func_Ke_0x1000043e2,135,True
func_Ke_0x1000043e8,-334,False
func_Ke_0x1000043ea,160,True
func_Ke_0x1000043ec,323,True
func_Ke_0x100005abf,437,True
func_Ke_0x100005b0a,-252,False
func_Ke_0x100005b10,367,True
func_Ke_0x100005b12,724,True
func_Ke_0x100005b22,-755,True
func_Ke_0x100005b26,634,True
func_Ke_0x100005b28,-428,False
func_Ke_0x100005b38,987,True
func_Ke_0x100005b3c,-531,False
func_Ke_0x100005b3e,-785,False
func_Ke_0x100005b44,1004,False
func_Ke_0x100005b4a,1132,True
func_Ke_0x100005b5e,599,True
func_Ke_0x100005b74,308,False
func_Ke_0x100005b78,655,True
func_Ke_0x100005b7a,915,False
func_Ke_0x100005b7e,565,False
func_Ke_0x100005b80,233,False
func_Ke_0x100005b88,-351,True
func_Ke_0x100005b8c,-641,False
func_Ke_0x100006a0c,719,False
func_Ke_0x100006a0e,-59,True
func_Ke_0x100006a10,1031,True
func_Ke_0x100006a13,362,True
func_Ke_0x100006a37,181,False
func_Ke_0x100007336,-52,True
func_Ke_0x10000802a,695,False
func_Ke_0x100008069,-98,True
func_Ke_0x100008073,1004,False
func_Ke_0x100008089,-528,False
func_Ke_0x100008666,-629,False
func_Ke_0x100009819,-264,False
func_Ke_0x100009a0f,-642,False
func_Ke_0x100009a17,-97,True
func_Ke_0x100009a1b,256,False
func_Ke_0x100009a27,-70,True
func_Ke_0x100009a30,-342,False
func_Ke_0x10000b04d,-396,False
func_Ke_0x10000b214,-603,True
func_Ki_0x100003e23,621,False
func_Ki_0x100003e25,15,False
func_Ki_0x100003e27,391,True
func_Ki_0x100007370,-676,False
func_Kn_0x10000529e,-640,False
func_Kn_0x100005513,-113,True
func_Kn_0x100005517,-393,True
func_Kn_0x10000551d,446,False
func_Kn_0x100009f94,887,True
func_Kn_0x100009f96,815,True
func_Kn_0x100009fa2,858,True
func_Kn_0x100009fa6,613,False
func_Kn_0x100009fa8,-297,True
func_Kn_0x100009faa,938,False
func_Kn_0x100009fac,605,True
func_Kn_0x100009fba,1099,False
func_Kn_0x100009fcc,-805,False
func_Kn_0x100009fce,455,True
func_Kn_0x100009fd0,-507,False
func_Kn_0x100009fd2,-17,True
func_Kn_0x100009fd4,996,False
func_Kn_0x100009fda,856,False
func_Kn_0x100009fdc,-169,False
func_Kn_0x100009fe8,327,True
func_Kn_0x100009fea,599,True
func_Kn_0x100009fec,367,True
func_Kn_0x100009ff0,64,True
func_Kn_0x100009ff2,495,False
func_Kn_0x10000a012,666,True
func_Kn_0x10000a014,-61,False
func_Kn_0x10000a016,158,False
func_Kn_0x10000a01c,316,True
func_Kn_0x10000a07a,288,True
func_Kn_0x10000a07c,433,False
func_Kn_0x10000a07e,451,True
func_Kn_0x10000a08c,746,True
func_Kn_0x10000a08e,430,False
func_Kn_0x10000a092,390,False
func_Kn_0x10000abe6,568,False
func_Kn_0x10000b312,1091,True
func_Kn_0x10000b314,-210,True
func_Kn_0x10000b31d,333,True
func_Kn_0x10000b321,-351,True
func_Kn_0x10000b325,936,True
func_Kn_0x10000b32d,416,True
func_Kn_0x10000b32f,943,False
func_Kn_0x10000b331,159,False
func_Kn_0x10000b337,-119,True
func_Kn_0x10000b339,316,True
func_Kn_0x10000b33b,637,True
func_Kn_0x10000b341,258,True
func_Kn_0x10000b351,-333,False
func_Kn_0x10000b355,-686,True
func_Kn_0x10000b35f,-72,True
func_Kn_0x10000b361,897,False
func_Kn_0x10000b363,-792,False
func_Kn_0x10000b367,-235,True
func_Kn_0x10000b36d,404,False
func_Kn_0x10000b36f,973,True
func_Kn_0x10000b373,971,True
func_Kn_0x10000b377,-354,True
func_Kn_0x10000b37f,1136,True
func_Kn_0x10000b381,797,False
func_Kn_0x10000b383,100,False
func_Kn_0x10000b387,187,False
func_Kn_0x10000b393,668,True
func_Kn_0x10000b395,-715,True
func_Kn_0x10000b414,406,True
func_Kn_0x10000b416,80,False
func_Kn_0x10000b41a,905,False
func_Ko_0x100003e31,294,False
func_Ko_0x10000733a,986,False
func_Ko_0x10000733e,1023,True
func_Ko_0x100007342,709,False
func_Ko_0x10000734b,-672,False
func_Ko_0x10000734d,-242,True
func_Ko_0x100007353,-592,True
func_Kr_0x100005506,372,False
func_Kr_0x100005526,-336,False
func_Kr_0x100005541,-524,True
func_Kr_0x100006019,-254,True
func_Kr_0x10000601d,-110,False
func_Kr_0x1000060cc,-15,False
func_Kr_0x100006f45,243,False
func_Kr_0x10000ac0c,241,False
func_Kr_0x10000ac35,-158,False
func_Kr_0x10000ac39,1162,True
func_Kt_0x100004ad9,-29,True
func_Kt_0x100004b25,60,True
func_Kt_0x100004b58,319,True
func_Kt_0x100004ce6,960,False
func_Kt_0x1000050ca,472,False
func_Kt_0x100005117,682,True
func_Kt_0x100005119,1041,False
func_Kt_0x100008250,787,True
func_Kt_0x1000084a2,-311,True
func_Kt_0x1000084a4,89,True
func_Kt_0x10000a87f,793,True
func_Kt_0x10000b02b,199,True
func_Kt_0x10000b02f,800,True
func_Kt_0x10000b031,328,True
func_Kt_0x10000b0cf,714,True
func_Kt_0x10000b0d3,-183,True
func_Kt_0x10000b0d5,280,False
func_Kt_0x10000b0d9,-237,True
func_Kt_0x10000b0dd,650,False
func_Kt_0x10000b0df,118,False
func_Kt_0x10000b0e3,518,True
func_Kt_0x10000b0e5,286,False
func_Kt_0x10000b829,476,False
func_L_0x100002a23,943,False
func_L_0x100002b26,-551,True
func_L_0x100002ee5,224,False
func_L_0x100002fa5,1133,True
func_L_0x10000367f,-347,False
func_L_0x100003d32,155,False
func_L_0x100003d36,311,False
func_L_0x100003d3a,584,False
func_L_0x100003d42,159,True
func_L_0x100003d4e,-198,False
func_L_0x100003d52,816,False
func_L_0x10000405c,889,False
func_L_0x1000040cd,-650,False
func_L_0x1000042b5,-196,False
func_L_0x1000042f3,449,False
func_L_0x100004302,567,True
func_L_0x1000045cc,-365,False
func_L_0x1000045d5,-757,False
func_L_0x1000045d8,472,True
func_L_0x100004735,914,True
func_L_0x100004766,-757,False
func_L_0x10000476d,998,True
func_L_0x100004a5d,213,True
func_L_0x100004a67,756,False
func_L_0x100004b96,555,False
func_L_0x100004d82,1033,True
func_L_0x100004d88,147,False
func_L_0x100004e5b,900,True
func_L_0x100004e5d,199,True
func_L_0x100004e5f,-516,True
func_L_0x100004e65,514,False
func_L_0x100004e67,170,True
func_L_0x100004e8c,769,False
func_L_0x100005056,229,True
func_L_0x100005cbc,-615,False
func_L_0x100005cbe,-207,True
func_L_0x100005cc2,-476,True
func_L_0x100005cce,180,True
func_L_0x100005cd0,795,False
func_L_0x100005cd2,-658,False
func_L_0x100005e7f,-291,False
func_L_0x100005e8a,1058,False
func_L_0x100005e8d,458,True
func_L_0x100005e8f,-345,False
func_L_0x100005e91,-10,True
func_L_0x100005f76,20,False
func_L_0x100005fc0,404,False
func_L_0x100005fc9,-620,False
func_L_0x1000060e4,165,False
func_L_0x1000060f1,-76,False
func_L_0x100006126,309,False
func_L_0x100006155,-593,True
func_L_0x100006159,-290,True
func_L_0x100006163,496,False
func_L_0x1000062a0,552,True
func_L_0x100006429,-95,False
func_L_0x100006546,887,False
func_L_0x100006578,1136,False
func_L_0x10000657c,893,False
func_L_0x100006648,-154,False
func_L_0x10000664a,1180,True
func_L_0x100006650,1073,True
func_L_0x100006652,674,True
func_L_0x100006aae,693,True
func_L_0x100006abb,-502,False
func_L_0x100006abf,-651,True
func_L_0x100006ac5,-198,True
func_L_0x100006ac7,-425,False
func_L_0x100006bd6,110,True
func_L_0x100006d82,-166,True
func_L_0x100006d8a,-519,True
func_L_0x100006d8e,356,True
func_L_0x100006df4,377,False
func_L_0x1000071a8,552,True
func_L_0x1000071c0,-618,False
func_L_0x1000071fb,14,False
func_L_0x100007304,623,True
func_L_0x100007324,676,False
func_L_0x100007b24,306,False
func_L_0x100007c0d,116,False
func_L_0x100008123,-690,False
func_L_0x100008162,506,False
func_L_0x100008241,-224,False
func_L_0x100008247,-385,True
func_L_0x100008404,-500,False
func_L_0x100008406,260,True
func_L_0x100008751,-537,True
func_L_0x100008754,87,True
func_L_0x100008b29,649,True
func_L_0x100008b34,-518,False
func_L_0x100008bab,-161,True
func_L_0x100008ce3,-723,False
func_L_0x100008cff,-756,True
func_L_0x100008d02,184,False
func_L_0x100009047,466,False
func_L_0x100009049,-271,True
func_L_0x1000090cf,792,True
func_L_0x1000094de,379,True
func_L_0x100009674,-39,True
func_L_0x100009678,-403,False
func_L_0x1000098d4,83,True
func_L_0x1000099ad,828,False
func_L_0x100009ccb,-657,False
func_L_0x10000a0a6,716,False
func_L_0x10000a120,524,False
func_L_0x10000a122,744,True
func_L_0x10000a716,-443,True
func_L_0x10000b19d,414,True
func_L_0x10000b49c,1107,False
func_L_0x10000b4a4,84,False
func_L_0x10000b6bd,-716,False
func_L_0x10000b72c,-320,False
func_L_0x10000b73f,-480,True
func_L_0x10000b743,302,False
func_Le_0x100007d38,625,False
func_Li_0x100003e32,-463,False
func_Li_0x10000734f,-547,False
func_Ln_0x100005649,-478,True
func_Ln_0x10000564b,-720,False
func_Ln_0x100005651,-428,False
func_Ln_0x100005655,172,False
func_Ln_0x100005657,1105,True
func_Ln_0x10000565d,-75,False
func_Ln_0x100005663,829,False
func_Ln_0x100005665,-786,False
func_Ln_0x100005677,-436,False
func_Ln_0x10000567b,726,True
func_Ln_0x100005685,892,True
func_Ln_0x10000568d,-396,False
func_Ln_0x100005691,985,True
func_Ln_0x100005693,-482,True
func_Ln_0x100005695,605,True
func_Ln_0x100005699,840,True
func_Ln_0x10000569b,702,False
func_Ln_0x10000569d,7,False
func_Ln_0x10000569f,-379,False
func_Ln_0x1000056a3,-116,True
func_Ln_0x1000056a7,-66,True
func_Ln_0x1000056ad,627,False
func_Ln_0x1000056af,1,True
func_Ln_0x1000056b9,-291,True
func_Ln_0x1000056bd,-468,False
func_Ln_0x1000056c5,532,False
func_Ln_0x1000056cf,227,False
func_Ln_0x10000573f,1031,True
func_Ln_0x100005745,931,False
func_Ln_0x100005747,-560,True
func_Ln_0x100009c77,503,False
func_Ln_0x100009c7d,620,False
func_Ln_0x100009c85,166,True
func_Ln_0x10000b3e7,-145,False
func_Lo_0x100007d13,1144,False
func_Lr_0x100003427,162,True
func_Lr_0x10000342b,639,False
func_Lr_0x10000342d,1021,True
func_Lr_0x100003433,-479,False
func_Lr_0x100003435,-416,False
func_Lr_0x100003437,785,False
func_Lr_0x10000343d,-455,True
func_Lr_0x10000343f,299,False
func_Lr_0x100003443,477,True
func_Lr_0x100003445,-281,True
func_Lr_0x10000344b,-230,False
func_Lr_0x10000344f,55,False
func_Lr_0x100003451,1020,False
func_Lr_0x100003455,650,False
func_Lr_0x100003457,406,True
func_Lr_0x100003459,147,False
func_Lr_0x10000345f,1104,True
func_Lr_0x100003461,-765,True
func_Lr_0x100003463,-420,False
func_Lr_0x10000346f,-62,True
func_Lr_0x100003483,-424,False
func_Lr_0x100003487,58,True
func_Lr_0x100003489,1005,False
func_Lr_0x10000348b,-551,True
func_Lr_0x10000348d,790,True
func_Lr_0x10000348f,249,False
func_Lr_0x100003493,970,True
func_Lr_0x100003495,567,False
func_Lr_0x100003497,-777,False
func_Lr_0x1000034a1,956,False
func_Lr_0x1000034a7,-55,False
func_Lr_0x1000034b3,260,False
func_Lr_0x1000034b7,-185,False
func_Lr_0x1000034b9,774,False
func_Lr_0x1000034c1,540,True
func_Lr_0x1000034c3,987,False
func_Lr_0x1000034c9,945,False
func_Lr_0x1000034cb,73,True
func_Lr_0x1000034d9,-515,True
func_Lr_0x1000034df,-571,True
func_Lr_0x1000034e3,997,False
func_Lr_0x1000034e9,946,True
func_Lr_0x1000034eb,621,True
func_Lr_0x1000034ef,-290,True
func_Lr_0x1000034f1,-215,True
func_Lr_0x1000034f3,-401,False
func_Lr_0x1000034f5,1084,True
func_Lr_0x1000034f7,654,False
func_Lr_0x1000034fb,143,True
func_Lr_0x1000034ff,-532,False
func_Lr_0x100003501,1038,True
func_Lr_0x100003503,788,False
func_Lr_0x100003505,-109,True
func_Lr_0x100003509,800,True
func_Lr_0x10000350b,-420,True
func_Lr_0x100003511,1038,False
func_Lr_0x100003513,485,False
func_Lr_0x100003515,-767,True
func_Lr_0x10000351b,1047,True
func_Lr_0x10000351d,-790,False
func_Lr_0x100003521,-519,True
func_Lr_0x100003525,-713,False
func_Lr_0x100003535,553,False
func_Lr_0x100003539,612,False
func_Lr_0x10000353b,1143,True
func_Lr_0x10000353d,549,False
func_Lr_0x10000353f,-633,True
func_Lr_0x10000354d,804,True
func_Lr_0x100003551,-255,False
func_Lr_0x100003553,131,False
func_Lt_0x100003a16,260,True
func_Lt_0x100003a18,-708,True
func_Lt_0x100003a1a,1029,True
func_Lt_0x100003a22,274,False
func_Lt_0x100007d2f,-622,False
func_Lt_0x100007d32,328,False
func_Lt_0x100007d34,-326,True
func_Lt_0x100007e58,-281,False
func_Lt_0x100007e66,-768,False
func_Lt_0x100007e72,124,True
func_Lt_0x100007e7c,-542,False
func_Lt_0x100007e82,1020,False
func_Lt_0x100007e84,-67,True
func_Lt_0x100007e8c,-242,True
func_Lt_0x100007ea2,1045,True
func_Lt_0x100007eae,-667,False
func_Lt_0x100007eb6,-460,False
func_Lt_0x100007ec2,708,False
func_Lt_0x100007eca,1121,True
func_Lt_0x100007ed8,95,False
func_Lt_0x100007ee8,-58,False
func_Lt_0x100007ef2,-28,True
func_Lt_0x100007ef6,1161,True
func_Lt_0x100007ef8,-620,True
func_Lt_0x100007efe,1047,True
func_Lt_0x100007f0a,365,False
func_Lt_0x100007f12,-363,False
func_Lt_0x100007f16,513,False
func_Lt_0x100007f1c,539,True
func_Lt_0x100007f3e,43,True
func_Lt_0x100007f4b,276,False
func_Lt_0x100007f61,1005,False
func_Lt_0x100007f63,731,False
func_Lt_0x100007f67,-351,True
func_Lt_0x100007f69,-639,True
func_Lt_0x100007f6d,-690,False
func_Lt_0x100007f6f,912,True
func_Lt_0x100007f73,860,False
func_Lt_0x100007f7d,539,True
func_Lt_0x100007f8b,-519,True
func_Lt_0x100007f8f,990,True
func_Lt_0x100007f97,566,True
func_Lt_0x100007f99,-560,False
func_Lt_0x100007f9b,546,True
func_Lt_0x100007fa3,140,False
func_Lt_0x100007fa7,241,True
func_M_0x1000001e5,1031,True
func_M_0x1000001eb,-160,True
func_M_0x1000001ef,1053,False
func_M_0x1000001f3,-548,True
func_M_0x1000001f9,421,True
func_M_0x100002afc,1032,False
func_M_0x100002b0e,928,False
func_M_0x100002b1a,898,True
func_M_0x100002d81,385,True
func_M_0x10000367c,1050,True
func_M_0x100003fb1,-162,True
func_M_0x10000406b,18,False
func_M_0x100004238,311,True
func_M_0x100004242,-764,True
func_M_0x100004295,1020,False
func_M_0x1000042f9,1023,True
func_M_0x100004305,884,False
func_M_0x1000045ce,1114,False
func_M_0x1000045d0,-288,False
func_M_0x1000045d2,-722,True
func_M_0x100004679,642,False
func_M_0x100004765,441,False
func_M_0x100004e58,-492,True
func_M_0x100004ea5,237,True
func_M_0x100005044,665,False
func_M_0x10000504c,-11,True
func_M_0x10000504e,718,True
func_M_0x100005075,-689,False
func_M_0x10000507e,-785,False
func_M_0x100005082,-209,True
func_M_0x100005088,205,False
func_M_0x100005134,-468,True
func_M_0x1000053cd,890,True
func_M_0x10000544b,-355,False
func_M_0x10000544d,-729,False
func_M_0x100005451,1157,False
func_M_0x100005469,-488,True
func_M_0x10000546b,-248,False
func_M_0x100005c34,414,False
func_M_0x100005f6a,294,True
func_M_0x1000060e6,626,True
func_M_0x1000060e8,-634,True
func_M_0x1000060ea,-434,True
func_M_0x1000060ec,-520,True
func_M_0x100006165,-563,False
func_M_0x100006175,816,False
func_M_0x1000062f8,916,True
func_M_0x100006369,-336,False
func_M_0x10000636b,-102,False
func_M_0x10000636d,-426,False
func_M_0x10000636f,910,False
func_M_0x100006371,-623,False
func_M_0x1000063ab,3,False
func_M_0x100006424,503,True
func_M_0x10000651d,-633,False
func_M_0x100006528,1019,False
func_M_0x10000652c,654,True
func_M_0x100006574,456,True
func_M_0x10000657f,-414,True
func_M_0x100006d79,-10,False
func_M_0x100006ddc,74,True
func_M_0x100006de4,520,True
func_M_0x100006de6,-31,False
func_M_0x100006dee,-98,False
func_M_0x100006df0,-150,True
func_M_0x100006dfb,-472,True
func_M_0x10000719c,1137,True
func_M_0x1000071ab,587,True
func_M_0x1000071fa,1132,True
func_M_0x100007207,-220,True
func_M_0x10000720a,612,True
func_M_0x100007220,-108,False
func_M_0x100007307,-804,True
func_M_0x100007327,-57,False
func_M_0x100007493,259,True
func_M_0x100007b26,-345,False
func_M_0x100007b2e,-662,True
func_M_0x100008224,-310,False
func_M_0x100008236,753,True
func_M_0x10000823f,1044,False
func_M_0x100008400,279,True
func_M_0x10000840e,-251,True
func_M_0x100008410,171,False
func_M_0x100008742,-119,True
func_M_0x100008757,-60,False
func_M_0x10000875c,-729,False
func_M_0x100008845,4,True
func_M_0x100008860,730,False
func_M_0x100008882,354,False
func_M_0x1000088cb,-268,False
func_M_0x100008c2f,28,True
func_M_0x100008c31,-439,True
func_M_0x100008c35,-111,True
func_M_0x100008c8f,43,True
func_M_0x10000959c,-74,True
func_M_0x10000961f,556,True
func_M_0x100009621,-127,True
func_M_0x100009625,738,True
func_M_0x10000962a,435,True
func_M_0x100009786,-812,False
func_M_0x1000098d2,-17,True
func_M_0x100009b7c,372,False
func_M_0x100009cc8,-684,True
func_M_0x100009f1e,469,True
func_M_0x100009f49,1178,True
func_M_0x10000a624,-485,False
func_M_0x10000a6f4,219,True
func_M_0x10000a846,1160,False
func_M_0x10000aa4c,-745,False
func_Me_0x100002c53,182,False
func_Me_0x100005b04,-437,True
func_Me_0x100005b06,941,True
func_Me_0x100005b14,1089,False
func_Me_0x100005b1a,-657,True
func_Me_0x100005b1e,-101,False
func_Me_0x100005b24,235,True
func_Me_0x100005b42,-666,False
func_Me_0x100005b52,-419,False
func_Me_0x100005b54,-582,False
func_Me_0x100005b56,279,False
func_Me_0x100005b58,556,True
func_Me_0x100005b5a,703,False
func_Me_0x100005b5c,-253,False
func_Me_0x100005b62,52,False
func_Me_0x100005b6e,-391,False
func_Me_0x100005b8a,-261,False
func_Me_0x10000801a,-31,False
func_Me_0x10000802c,-788,False
func_Me_0x100008050,-3,False
func_Me_0x100008052,-564,False
func_Me_0x100008056,651,True
func_Me_0x100008058,-479,True
func_Me_0x100008063,239,False
func_Me_0x10000806d,-295,True
func_Me_0x100008083,298,False
func_Me_0x100008087,-549,False
func_Me_0x10000808b,-451,False
func_Me_0x10000808d,-697,False
func_Me_0x100008093,733,False
func_Me_0x100008095,46,False
func_Me_0x100008099,870,False
func_Me_0x10000809b,697,True
func_Me_0x1000080a1,705,True
func_Me_0x1000080a9,1132,False
func_Me_0x1000080ab,-224,False
func_Me_0x1000080ad,-752,True
func_Me_0x100009594,-106,False
func_Me_0x1000097d2,63,False
func_Me_0x1000097f8,351,True
func_Me_0x1000097fb,315,True
func_Me_0x100009873,-757,False
func_Me_0x100009a2c,1092,False
func_Me_0x100009a2e,-456,False
func_Me_0x10000b036,-331,False
func_Me_0x10000b502,181,False
func_Me_0x10000b504,934,False
func_Me_0x10000b506,777,False
func_Mi_0x1000073a9,174,True
func_Mi_0x1000073bd,336,True
func_Mi_0x1000073f6,-461,True
func_Mr_0x100005cec,-353,True
func_Mr_0x100005da7,-576,False
func_Mr_0x100005dda,-764,False
func_Mr_0x100006f49,243,False
func_Mr_0x100006f4b,-221,False
func_Mr_0x10000b452,-265,False
func_Mt_0x100009f90,555,True
func_Mt_0x10000a081,860,True
func_Mt_0x10000a084,-684,True
func_Mt_0x10000b45f,191,False
func_N0_0x100007d14,-200,False
func_N0_0x100007d1a,-509,True
func_N_0x10000022d,-711,False
func_N_0x100002769,-491,False
func_N_0x100002ce3,80,True
func_N_0x100002ce5,326,False
func_N_0x100002d97,850,True
func_N_0x100002dbe,1064,False
func_N_0x100003b5b,-26,False
func_N_0x100003b5f,748,True
func_N_0x100003b67,-625,True
func_N_0x1000040f7,-41,True
func_N_0x1000041e1,-32,False
func_N_0x1000042aa,1141,True
func_N_0x1000049a3,1015,True
func_N_0x100004a0b,-368,True
func_N_0x100004a23,1106,True
func_N_0x100004a26,647,False
func_N_0x100004b8f,390,False
func_N_0x1000053c9,771,False
func_N_0x1000053d0,66,True
func_N_0x1000058ab,213,True
func_N_0x100005a7e,833,False
func_N_0x100005a84,951,False
func_N_0x100006279,288,True
func_N_0x1000074bb,7,False
func_N_0x1000074f5,-427,True
func_N_0x1000078fc,-490,False
func_N_0x100008367,-203,True
func_N_0x1000083ac,510,True
func_N_0x10000852a,-573,False
func_N_0x10000852e,-78,True
func_N_0x100008544,1152,True
func_N_0x100008565,391,False
func_N_0x10000871c,1077,False
func_N_0x10000871e,99,True
func_N_0x100009031,-513,True
func_N_0x1000092ed,-225,True
func_N_0x1000094a8,-434,True
func_N_0x100009627,665,True
func_N_0x100009766,-690,True
func_N_0x100009768,407,False
func_N_0x100009999,521,True
func_N_0x1000099b9,-187,True
func_N_0x100009cc6,-614,False
func_N_0x100009ce5,478,True
func_N_0x10000a6db,-468,True
func_N_0x10000a7ed,423,True
func_N_0x10000a8b1,353,False
func_N_0x10000a8b5,1102,True
func_N_0x10000acfe,-641,False
func_N_0x10000b1d5,703,False
func_N_0x10000b59c,-234,False
func_N_0x10000b5c8,35,True
func_N_0x10000b884,250,True
func_N_0x10000b887,619,True
func_N_0x10000b892,-14,True
func_Ne_0x100002f4e,254,False
func_Ne_0x100002f51,32,False
func_Ne_0x100002f93,-43,False
func_Ne_0x100003052,1151,False
func_Ne_0x100004b38,-61,False
func_Ne_0x100004b47,968,True
func_Ne_0x100004b54,-735,False
func_Ne_0x100004f95,1127,True
func_Ne_0x100005181,337,False
func_Ne_0x100005a1a,-769,False
func_Ne_0x1000067e5,1090,False
func_Ne_0x1000069aa,-163,False
func_Ne_0x1000069b1,21,True
func_Ne_0x1000069b3,-136,False
func_Ne_0x100009058,-676,False
func_Ne_0x10000905a,-487,False
func_Ne_0x10000905c,-500,True
func_Ne_0x10000905e,-748,False
func_Ne_0x100009062,703,True
func_Ne_0x100009064,-785,True
func_Ne_0x10000906a,-342,True
func_Ne_0x100009072,641,False
func_Ne_0x100009076,-166,True
func_Ne_0x10000907a,-762,True
func_Ne_0x10000907e,778,True
func_Ne_0x1000095ad,-662,True
func_Ne_0x1000095b3,-681,True
func_Ne_0x1000095bb,960,False
func_Ne_0x1000095bd,-509,True
func_Ne_0x1000095bf,-519,False
func_Ne_0x1000095c5,-404,True
func_Ne_0x1000095c7,553,False
func_Ne_0x1000095cd,370,True
func_Ne_0x10000aa98,756,True
func_Ne_0x10000aaa0,121,False
func_Ne_0x10000aaa4,708,True
func_Ne_0x10000aaa6,811,True
func_Ne_0x10000aab4,948,False
func_Ne_0x10000aac0,-689,False
func_Ne_0x10000b573,523,True
func_Ne_0x10000b575,-57,False
func_Ne_0x10000b577,1022,True
func_Ne_0x10000b57b,-189,False
func_Ne_0x10000b57f,-71,True
func_Ne_0x10000b581,-250,True
func_Ne_0x10000b824,920,True
func_Ne_0x10000b845,-248,False
func_Ne_0x10000b84d,-246,True
func_Nt_0x1000036d8,-768,True
func_O_0x1000001ed,-524,True
func_O_0x1000001f1,54,False
func_O_0x1000001f5,111,True
func_O_0x1000001f7,-44,True
func_O_0x100002afe,648,False
func_O_0x100002b00,-521,False
func_O_0x100002b02,387,True
func_O_0x100002b09,562,False
func_O_0x100002b15,836,True
func_O_0x100002dbf,892,True
func_O_0x100002de3,1012,True
func_O_0x100002de5,-798,False
func_O_0x100002de7,851,True
func_O_0x100002fa2,926,False
func_O_0x100003690,-484,False
func_O_0x100003692,-412,True
func_O_0x100003b80,774,True
func_O_0x100003ba9,-450,True
func_O_0x1000040f1,-117,True
func_O_0x1000040f5,894,True
func_O_0x10000423c,488,True
func_O_0x10000423e,-576,True
func_O_0x100004244,0,False
func_O_0x100004289,330,True
func_O_0x10000428d,92,True
func_O_0x10000428f,311,True
func_O_0x100004291,-116,True
func_O_0x100004297,627,False
func_O_0x10000429f,-159,True
func_O_0x1000042cd,88,True
func_O_0x1000042fb,-186,True
func_O_0x100004eae,516,True
func_O_0x100004eb7,-85,True
func_O_0x100005046,558,True
func_O_0x10000504a,54,False
func_O_0x10000506d,123,False
func_O_0x10000506f,57,True
func_O_0x100005071,440,False
func_O_0x100005078,-609,True
func_O_0x10000514a,-555,False
func_O_0x1000054da,353,False
func_O_0x100005c57,-730,True
func_O_0x100005c59,1131,False
func_O_0x100005c68,427,True
func_O_0x100005c6a,322,True
func_O_0x100005c6c,-703,False
func_O_0x100005f67,664,True
func_O_0x100005f71,-333,True
func_O_0x100006173,1039,True
func_O_0x1000063a6,-138,False
func_O_0x100006516,-459,True
func_O_0x100006519,1098,False
func_O_0x10000651b,-236,False
func_O_0x100006520,680,False
func_O_0x100006522,-480,True
func_O_0x100006524,-245,True
func_O_0x100006526,946,True
func_O_0x10000652a,946,False
func_O_0x100006593,821,True
func_O_0x10000676a,186,False
func_O_0x100006aa4,365,True
func_O_0x100006b11,-111,False
func_O_0x100006cbe,396,False
func_O_0x100006cf1,1088,False
func_O_0x100006dda,138,True
func_O_0x100006dde,121,True
func_O_0x100006df6,-621,False
func_O_0x100006dfd,-240,True
func_O_0x100006e43,-406,True
func_O_0x100007222,773,False
func_O_0x100007226,-729,False
func_O_0x10000824b,662,True
func_O_0x1000083fe,81,True
func_O_0x100008403,489,False
func_O_0x100008416,-448,False
func_O_0x10000884d,-587,False
func_O_0x100008866,-218,False
func_O_0x100008875,-781,False
func_O_0x100008a52,968,True
func_O_0x100008c37,1087,False
func_O_0x10000961d,685,True
func_O_0x100009623,391,False
func_O_0x1000098aa,562,False
func_O_0x1000098ac,130,True
func_O_0x1000098c2,794,True
func_O_0x10000a163,1125,True
func_O_0x10000a169,1037,True
func_O_0x10000a5dc,586,True
func_O_0x10000a630,921,False
func_O_0x10000a82f,855,False
func_O_0x10000a88e,-283,True
func_O_0x10000a890,379,False
func_O_0x10000aa4a,462,True
func_O_0x10000aa4e,-158,True
func_O_0x10000ad1c,492,False
func_O_0x10000ad24,-455,False
func_O_0x10000b5cb,148,False
func_O_0x10000b86e,820,False
func_Oa_0x100007517,-491,True
func_Oa_0x1000077d5,612,True
func_Oe_0x100007524,-215,False
func_Oe_0x100007d2b,-197,False
func_Oe_0x100007d3b,362,False
func_Oe_0x100007e5c,45,True
func_Oe_0x100007e6e,-203,True
func_Oe_0x100007e78,541,False
func_Oe_0x100007e7e,916,False
func_Oe_0x100007e8a,-124,True
func_Oe_0x100007e92,-317,True
func_Oe_0x100007e9c,608,True
func_Oe_0x100007e9e,-595,False
func_Oe_0x100007ea8,-622,True
func_Oe_0x100007eba,655,False
func_Oe_0x100007ec4,527,True
func_Oe_0x100007ec6,679,True
func_Oe_0x100007ece,-403,True
func_Oe_0x100007ed0,332,True
func_Oe_0x100007ed4,-351,True
func_Oe_0x100007ede,924,True
func_Oe_0x100007eec,1131,False
func_Oe_0x100007efa,646,False
func_Oe_0x100007f00,433,True
func_Oe_0x100007f06,161,True
func_Oe_0x100007f26,-615,True
func_Oe_0x100007f2a,1012,True
func_Oe_0x100007f2e,698,False
func_Oe_0x100007f48,88,True
func_Oe_0x100007f59,467,True
func_Oe_0x100007f7b,-587,False
func_Or_0x100007e5a,1062,True
func_Or_0x100007e88,418,True
func_Or_0x100007efc,-306,True
func_Ot_0x100004aab,-510,True
func_Ot_0x100004aad,-298,False
func_Ot_0x100004abc,86,False
func_Ot_0x100004aca,-661,False
func_Ot_0x100004b40,620,True
func_Ot_0x100004b42,526,False
func_Ot_0x100004b67,985,True
func_Ot_0x100004c32,102,False
func_Ot_0x100004c38,374,True
func_Ot_0x100004cae,1070,True
func_Ot_0x100004d1f,718,True
func_Ot_0x1000050b2,336,False
func_Ot_0x1000050b8,183,True
func_Ot_0x1000050bb,24,True
func_Ot_0x1000050c3,-129,False
func_Ot_0x1000067e8,-349,True
func_Ot_0x10000849f,613,True
func_Ot_0x100008f21,137,False
func_Ot_0x10000a87b,151,True
func_Ot_0x10000aae0,-664,True
func_Ot_0x10000acac,518,False
func_Ot_0x10000acb4,377,True
func_Ot_0x10000acb6,554,False
func_Ot_0x10000acc2,193,False
func_Ot_0x10000af2e,-681,False
func_Ot_0x10000af64,-393,False
func_Ot_0x10000af6a,-140,False
func_Ot_0x10000af6c,725,True
func_Ot_0x10000af70,-423,False
func_Ot_0x10000af72,-556,False
func_Ot_0x10000af74,1005,True
func_Ot_0x10000af7a,911,False
func_Ot_0x10000af7c,644,False
func_Ot_0x10000af7e,554,True
func_Ot_0x10000af86,845,True
func_Ot_0x10000b02a,-130,False
func_Ot_0x10000b825,928,False
func_P_0x1000026dc,-397,False
func_P_0x1000026e2,-663,False
func_P_0x10000277d,92,False
func_P_0x1000027a3,-656,False
func_P_0x1000027aa,-225,False
func_P_0x1000028f7,-488,False
func_P_0x100002919,-285,True
func_P_0x10000291b,-480,True
func_P_0x10000291d,860,False
func_P_0x100002a62,415,True
func_P_0x100002d9c,-471,False
func_P_0x100002da4,774,True
func_P_0x100002e7c,1144,False
func_P_0x100002efb,-9,False
func_P_0x100002efd,-636,True
func_P_0x100002f01,507,False
func_P_0x100002f26,120,False
func_P_0x100002f28,474,True
func_P_0x100002fa8,-469,False
func_P_0x100002fae,912,True
func_P_0x100003586,1149,False
func_P_0x10000359d,-203,False
func_P_0x1000035d5,-381,True
func_P_0x1000035d9,790,False
func_P_0x1000035db,1101,False
func_P_0x10000369b,-143,True
func_P_0x100004042,-507,False
func_P_0x10000405f,-470,False
func_P_0x10000418a,-103,True
func_P_0x1000042b8,672,True
func_P_0x1000045a2,827,True
func_P_0x1000045a4,169,False
func_P_0x1000045a8,1073,False
func_P_0x1000045aa,479,True
func_P_0x100004a71,623,True
func_P_0x100004a75,114,True
func_P_0x100005139,-815,False
func_P_0x10000513b,-536,True
func_P_0x100005207,60,False
func_P_0x10000540e,-453,False
func_P_0x100005763,-696,False
func_P_0x100005a95,-180,False
func_P_0x100005a99,-257,False
func_P_0x100005a9b,-677,False
func_P_0x100005a9e,-271,True
func_P_0x100005aa0,-340,False
func_P_0x100005e85,771,True
func_P_0x100005f1b,786,False
func_P_0x100005f26,965,True
func_P_0x100005f29,75,True
func_P_0x100005f50,-197,True
func_P_0x100006118,-172,False
func_P_0x10000627a,323,False
func_P_0x100006289,-123,False
func_P_0x1000062a7,-3,True
func_P_0x100006325,643,True
func_P_0x10000642d,-85,True
func_P_0x1000064ea,1088,False
func_P_0x100006502,454,True
func_P_0x1000067a0,-643,False
func_P_0x100006ad0,78,False
func_P_0x100006ad4,-454,False
func_P_0x100006ad6,-326,True
func_P_0x100006b46,-671,False
func_P_0x100007180,-47,False
func_P_0x1000071b5,264,False
func_P_0x1000071b7,660,False
func_P_0x1000071f2,208,False
func_P_0x100007499,-364,False
func_P_0x10000749d,1104,True
func_P_0x10000749f,-489,False
func_P_0x1000074a1,454,False
func_P_0x1000074ad,1029,False
func_P_0x100008200,1148,True
func_P_0x100008239,-370,False
func_P_0x100008b79,-185,False
func_P_0x100008b7d,-735,False
func_P_0x100008b82,216,False
func_P_0x100008c72,169,False
func_P_0x100008c7e,79,False
func_P_0x100008c86,806,False
func_P_0x100008d6c,-235,False
func_P_0x100008d71,155,True
func_P_0x100008d83,-567,False
func_P_0x100008d85,433,False
func_P_0x100008da9,-399,True
func_P_0x1000094cc,-781,False
func_P_0x10000966b,1079,False
func_P_0x10000969e,975,False
func_P_0x1000096d4,-675,True
func_P_0x100009b58,1124,False
func_P_0x100009d0d,-54,True
func_P_0x100009d65,9,True
func_P_0x100009d6b,527,True
func_P_0x100009d6d,1054,True
func_P_0x100009d6f,-304,True
func_P_0x100009d7f,299,True
func_P_0x100009e9b,-192,True
func_P_0x100009e9f,-707,True
func_P_0x100009efc,290,False
func_P_0x100009f00,292,False
func_P_0x10000a0ad,313,False
func_P_0x10000a0b3,212,False
func_P_0x10000a45e,659,False
func_P_0x10000a474,236,True
func_P_0x10000a476,140,False
func_P_0x10000a478,410,False
func_P_0x10000a487,-227,True
func_P_0x10000a489,-564,True
func_P_0x10000a627,153,False
func_P_0x10000a6e2,197,True
func_P_0x10000a6e8,738,True
func_P_0x10000a8ff,-799,False
func_P_0x10000a902,600,False
func_P_0x10000a90a,-792,False
func_P_0x10000a988,222,True
func_P_0x10000afd0,243,True
func_P_0x10000b5aa,-34,True
func_P_0x10000b7a5,948,False
func_P_0x10000b7a7,189,False
func_P_0x10000b875,495,False
func_Pe_0x100002fdc,-392,False
func_Pe_0x100003021,696,True
func_Pe_0x100003023,823,False
func_Pe_0x100003031,1089,False
func_Pe_0x100003033,360,False
func_Pe_0x100003040,-364,False
func_Pe_0x10000305a,-46,False
func_Pe_0x100004555,-423,False
func_Pe_0x10000456c,539,False
func_Pe_0x100004635,854,True
func_Pe_0x1000048e2,891,False
func_Pe_0x1000049ae,-144,True
func_Pe_0x100005195,472,True
func_Pe_0x100005231,296,True
func_Pe_0x1000058ee,804,False
func_Pe_0x1000061ba,662,True
func_Pe_0x1000065e4,569,True
func_Pe_0x1000065e6,180,True
func_Pe_0x1000065ec,118,True
func_Pe_0x1000065f6,132,False
func_Pe_0x1000065fa,-58,True
func_Pe_0x1000068f4,1021,False
func_Pe_0x10000690a,271,True
func_Pe_0x100006991,-695,True
func_Pe_0x100006e73,617,True
func_Pe_0x100007005,1062,True
func_Pe_0x100007cab,459,False
func_Pe_0x100007cb0,1086,True
func_Pe_0x100007cb2,528,False
func_Pe_0x100008a2b,64,False
func_Pe_0x100009368,804,False
func_Pe_0x100009460,118,False
func_Pe_0x10000946c,68,False
func_Pe_0x100009989,-352,False
func_Pe_0x100009e10,700,False
func_Pe_0x10000b01c,-271,True
func_Pe_0x10000b4ab,-605,False
func_Pe_0x10000b4e4,358,True
func_Pe_0x10000b66d,-431,True
func_Pi_0x100003a1f,-353,True
func_Pi_0x100007ee6,-179,False
func_Po_0x100003275,674,True
func_Po_0x1000032f6,906,True
func_Pr_0x1000055e3,-263,False
func_Pr_0x100006052,216,False
func_Pr_0x100006f3b,-259,True
func_Pr_0x100006f41,608,True
func_Pr_0x100006fab,64,False
func_Pr_0x100009ca7,768,False
func_Pr_0x100009ca9,-532,False
func_Pr_0x10000a97b,143,False
func_Pr_0x10000ac28,-664,False
func_Pr_0x10000ac45,415,True
func_Q_0x1000001c0,23,True
func_Q_0x1000001c2,523,True
func_Q_0x10000022b,821,True
func_Q_0x100000304,-513,False
func_Q_0x100000306,159,True
func_Q_0x100002d40,398,False
func_Q_0x100002d42,-116,False
func_Q_0x100002d44,-232,False
func_Q_0x100002d46,-291,False
func_Q_0x100002d56,1158,True
func_Q_0x100002d83,840,False
func_Q_0x100002d87,-519,True
func_Q_0x100002e47,-655,True
func_Q_0x100002e50,-541,False
func_Q_0x100002ee2,233,True
func_Q_0x10000365e,1166,False
func_Q_0x100003660,565,True
func_Q_0x10000368b,1010,True
func_Q_0x100003b61,-359,True
func_Q_0x100003b7e,701,True
func_Q_0x100003fab,-94,False
func_Q_0x1000040f3,-84,True
func_Q_0x1000040f9,-708,False
func_Q_0x1000040fd,-683,False
func_Q_0x1000041e4,-494,False
func_Q_0x100004217,1121,True
func_Q_0x10000466d,782,False
func_Q_0x100004a5c,-128,False
func_Q_0x100004a64,-68,True
func_Q_0x100004db5,-24,True
func_Q_0x100004ea9,355,False
func_Q_0x100005077,-656,False
func_Q_0x10000538b,-687,True
func_Q_0x1000053cb,239,False
func_Q_0x1000053d5,429,False
func_Q_0x1000054e0,-68,False
func_Q_0x100005802,690,True
func_Q_0x100005a7f,323,True
func_Q_0x100005a81,25,False
func_Q_0x100005c54,592,True
func_Q_0x100005c62,-4,True
func_Q_0x100005c64,1128,False
func_Q_0x100005ed5,-807,False
func_Q_0x10000617b,1076,False
func_Q_0x1000062f2,350,True
func_Q_0x100006426,1005,False
func_Q_0x100006448,557,True
func_Q_0x100006497,583,False
func_Q_0x100006510,979,True
func_Q_0x10000658c,-766,False
func_Q_0x100006595,-188,True
func_Q_0x100006597,-616,False
func_Q_0x100006763,912,False
func_Q_0x100006768,108,False
func_Q_0x100006946,904,False
func_Q_0x100006948,-299,True
func_Q_0x100007130,-516,False
func_Q_0x100007132,-191,True
func_Q_0x100007134,612,False
func_Q_0x1000071be,727,True
func_Q_0x100007309,-255,False
func_Q_0x1000074d8,364,False
func_Q_0x1000074f3,-362,True
func_Q_0x100007900,-224,False
func_Q_0x10000839b,-547,False
func_Q_0x1000083aa,567,True
func_Q_0x1000083fb,421,True
func_Q_0x1000083fd,824,True
func_Q_0x10000840d,492,True
func_Q_0x100008413,274,True
func_Q_0x100008415,542,True
func_Q_0x100008419,589,False
func_Q_0x10000841f,-258,True
func_Q_0x100008518,154,False
func_Q_0x10000853b,617,False
func_Q_0x100008541,151,False
func_Q_0x100008849,1135,False
func_Q_0x10000884b,-146,True
func_Q_0x100008862,795,True
func_Q_0x100008879,62,False
func_Q_0x10000887c,146,False
func_Q_0x100008b28,-117,True
func_Q_0x100008d16,582,True
func_Q_0x1000092dd,578,False
func_Q_0x1000094a3,836,False
func_Q_0x1000098c6,-769,True
func_Q_0x100009995,-766,True
func_Q_0x100009997,534,True
func_Q_0x100009b8e,-127,False
func_Q_0x100009b9f,-508,True
func_Q_0x100009cc4,-166,False
func_Q_0x100009cdf,-281,False
func_Q_0x100009cfe,904,True
func_Q_0x100009d0b,-125,True
func_Q_0x100009d5e,1139,True
func_Q_0x10000a161,636,False
func_Q_0x10000a6be,298,True
func_Q_0x10000a7f0,407,True
func_Q_0x10000a7f5,-163,False
func_Q_0x10000a820,-39,True
func_Q_0x10000a829,-466,False
func_Q_0x10000a8ad,-68,False
func_Q_0x10000a8af,1079,True
func_Q_0x10000aa49,-242,True
func_Q_0x10000ace5,-707,True
func_Q_0x10000b1cd,518,True
func_Q_0x10000b1cf,-586,True
func_Q_0x10000b5bf,146,True
func_Q_0x10000b5c2,-66,True
func_Qe_0x100002f47,767,False
func_Qe_0x100002f4a,801,True
func_Qe_0x100002f9d,-551,True
func_Qe_0x10000302b,1032,True
func_Qe_0x10000302d,-57,False
func_Qe_0x100004098,-24,True
func_Qe_0x10000409b,378,False
func_Qe_0x1000040ab,-664,False
func_Qe_0x10000460b,986,True
func_Qe_0x10000460d,-693,False
func_Qe_0x10000468b,-19,True
func_Qe_0x100004b4a,-689,False
func_Qe_0x100004f9e,-429,True
func_Qe_0x100005036,274,True
func_Qe_0x100005173,275,True
func_Qe_0x100005177,504,True
func_Qe_0x100005179,-451,False
func_Qe_0x10000517b,60,False
func_Qe_0x10000517f,634,True
func_Qe_0x10000527c,189,False
func_Qe_0x10000527e,1051,False
func_Qe_0x1000067fc,298,False
func_Qe_0x1000069a3,221,False
func_Qe_0x1000069a5,-476,False
func_Qe_0x100008462,123,False
func_Qe_0x100009070,-278,False
func_Qe_0x100009080,-7,True
func_Qe_0x100009082,-126,True
func_Qe_0x1000095a3,1175,True
func_Qe_0x1000095b7,1008,True
func_Qe_0x1000095b9,190,False
func_Qe_0x1000095c3,1059,True
func_Qe_0x1000095cb,988,True
func_Qe_0x1000095cf,576,False
func_Qe_0x1000095d1,-75,True
func_Qe_0x10000aab2,-719,False
func_Qe_0x10000aab8,407,True
func_Qe_0x10000aabc,359,False
func_Qe_0x10000aac2,861,True
func_Qe_0x10000b50b,302,False
func_Qe_0x10000b50f,210,True
func_Qi_0x10000736d,-598,True
func_Qi_0x1000073ab,-328,True
func_Qi_0x1000073ad,-454,False
func_Qi_0x1000073b5,1055,False
func_Qi_0x1000073c5,628,False
func_Qi_0x1000073cb,-502,False
func_Qi_0x1000073cd,1167,False
func_Qi_0x1000073d3,931,False
func_Qi_0x1000073d5,17,True
func_Qr_0x100003d9f,-683,False
func_Qr_0x100003dc3,-465,True
func_Qr_0x100003dd9,1064,True
func_Qr_0x100003ddb,-352,True
func_Qr_0x100003de5,318,False
func_Qr_0x100003f11,925,False
func_Qr_0x100003f3f,-271,True
func_Qr_0x100009ffb,45,True
func_Qr_0x10000b3ad,985,True
func_Qt_0x10000295e,-788,False
func_Qt_0x10000296e,-777,True
func_Qt_0x100003bac,-434,True
func_Qt_0x100003bae,-610,False
func_Qt_0x100003bb0,-268,True
func_Qt_0x100003bb2,-699,True
func_Qt_0x100003bb4,884,False
func_Qt_0x100003bb6,955,False
func_Qt_0x100003bbc,-201,True
func_Qt_0x100003bbe,-222,False
func_Qt_0x100003bc4,45,False
func_Qt_0x100003bcb,587,False
func_Qt_0x100003bd1,498,True
func_Qt_0x100003bd5,824,False
func_Qt_0x100003bd7,-551,False
func_Qt_0x100003bd9,411,True
func_Qt_0x100003be6,-792,True
func_Qt_0x100003bea,-675,False
func_Qt_0x100003cdf,-106,True
func_Qt_0x100003ce5,513,True
func_Qt_0x100003ceb,185,False
func_Qt_0x100003cef,-561,True
func_Qt_0x100003cfd,989,False
func_Qt_0x100003d01,-553,True
func_Qt_0x100003d03,383,True
func_Qt_0x100003d09,386,True
func_Qt_0x100003d0d,-640,False
func_Qt_0x100003d0f,896,False
func_Qt_0x10000553a,-678,False
func_Qt_0x100006f91,668,True
func_R0_0x100003236,-521,True
func_R_0x100000123,984,True
func_R_0x100000155,-373,True
func_R_0x1000001c5,-392,False
func_R_0x10000027d,1150,False
func_R_0x100000299,-140,False
func_R_0x1000002b6,846,True
func_R_0x100000538,-655,True
func_R_0x10000268f,-765,True
func_R_0x1000028fa,-126,True
func_R_0x100002925,-573,False
func_R_0x10000292a,786,True
func_R_0x100002a88,-585,True
func_R_0x100002b51,-73,True
func_R_0x100002b59,798,True
func_R_0x100002b5d,164,False
func_R_0x100002bb1,1174,True
func_R_0x100002dae,447,True
func_R_0x100002e09,-610,True
func_R_0x100002e39,457,False
func_R_0x1000030c6,113,False
func_R_0x100003ad8,-568,True
func_R_0x100003af5,-371,True
func_R_0x1000040db,734,False
func_R_0x100004357,359,True
func_R_0x1000043fb,1028,False
func_R_0x10000446e,-713,True
func_R_0x10000449b,-652,False
func_R_0x1000044a5,-254,True
func_R_0x1000044db,638,False
func_R_0x10000478b,129,False
func_R_0x1000049f2,1028,True
func_R_0x100004a42,-505,False
func_R_0x100004dac,254,False
func_R_0x100004dff,-750,True
func_R_0x1000055ee,449,False
func_R_0x100005fba,771,False
func_R_0x1000062bd,6,False
func_R_0x1000068a1,-31,True
func_R_0x1000068ec,426,False
func_R_0x100006c03,545,False
func_R_0x100006c64,235,False
func_R_0x100006d0f,-433,False
func_R_0x100006e0b,333,True
func_R_0x100006f2c,1152,True
func_R_0x10000747d,813,True
func_R_0x10000788f,559,True
func_R_0x10000794f,670,False
func_R_0x100007a1f,762,True
func_R_0x100007a2b,770,True
func_R_0x100007b63,-396,False
func_R_0x100007bb6,-438,True
func_R_0x100007bd7,-103,False
func_R_0x100007c22,-386,False
func_R_0x100007fb9,1000,True
func_R_0x100008115,967,True
func_R_0x10000811d,1143,True
func_R_0x100008448,858,True
func_R_0x10000883d,477,True
func_R_0x100008934,1064,False
func_R_0x100008bc7,1180,True
func_R_0x100008be6,869,True
func_R_0x100008c50,810,False
func_R_0x100008d0c,1107,True
func_R_0x100008d27,896,False
func_R_0x100009011,-452,True
func_R_0x100009015,-27,False
func_R_0x100009017,-241,True
func_R_0x100009110,-466,True
func_R_0x100009112,1145,True
func_R_0x1000091e2,-395,False
func_R_0x10000928f,1136,False
func_R_0x100009291,679,False
func_R_0x100009293,577,False
func_R_0x10000929c,1090,True
func_R_0x10000929e,323,True
func_R_0x1000093c9,-196,False
func_R_0x1000093cd,-26,True
func_R_0x1000093d4,1082,False
func_R_0x1000098f7,-640,True
func_R_0x100009a84,-414,True
func_R_0x100009d39,575,False
func_R_0x100009d46,188,True
func_R_0x100009f0d,-672,True
func_R_0x10000a11a,-46,False
func_R_0x10000a727,847,True
func_R_0x10000a99a,569,True
func_R_0x10000a9b9,520,True
func_R_0x10000aa5b,112,True
func_R_0x10000b174,867,False
func_Ra_0x100003e44,449,False
func_Re_0x100002ec3,-341,False
func_Re_0x10000468a,-476,True
func_Re_0x100004ac4,-137,True
func_Re_0x100004b21,-769,False
func_Re_0x100004b3b,874,True
func_Re_0x100004b6c,383,False
func_Re_0x100004c47,-461,True
func_Re_0x100004c7b,-536,True
func_Re_0x100004d11,184,True
func_Re_0x100004d13,467,False
func_Re_0x100004d15,-220,True
func_Re_0x100004f92,-753,True
func_Re_0x100004fcb,1077,False
func_Re_0x100004fd1,1093,False
func_Re_0x10000519e,1094,False
func_Re_0x1000051a0,905,True
func_Re_0x1000051a2,35,False
func_Re_0x1000051a4,790,True
func_Re_0x1000051ae,457,False
func_Re_0x10000526e,143,True
func_Re_0x100005920,-595,False
func_Re_0x100005924,115,True
func_Re_0x100005926,1119,True
func_Re_0x100005928,796,True
func_Re_0x10000592a,-322,False
func_Re_0x10000592c,659,False
func_Re_0x100005930,349,False
func_Re_0x100005a5a,575,True
func_Re_0x100005a78,571,False
func_Re_0x1000067db,224,False
func_Re_0x1000067ed,-688,False
func_Re_0x1000067f5,-414,True
func_Re_0x10000680f,1004,False
func_Re_0x100009544,-745,False
func_Re_0x100009de5,1026,True
func_Re_0x100009e18,1162,False
func_Re_0x10000a1c3,200,True
func_Re_0x10000aa9c,24,True
func_Re_0x10000aaa8,-344,True
func_Re_0x10000aad0,-774,True
func_Re_0x10000aad2,-321,True
func_Re_0x10000aae8,392,True
func_Re_0x10000ae23,-772,False
func_Re_0x10000ae27,497,True
func_Re_0x10000b7c1,1007,False
func_Re_0x10000b844,948,False
func_Re_0x10000b848,919,False
func_Ri_0x10000383b,141,False
func_Ri_0x10000383d,-438,False
func_Ri_0x100003971,-740,True
func_Ri_0x100003973,103,True
func_Ri_0x100003977,-724,False
func_Ri_0x1000039a8,378,True
func_Ri_0x1000039f1,-177,False
func_Ri_0x100003a6e,453,False
func_Rn_0x100003bdb,784,False
func_Rn_0x100003bdf,456,False
func_Rn_0x100005287,229,True
func_Rn_0x10000528c,-767,True
func_Rn_0x100005290,-545,True
func_Rn_0x100005294,-55,True
func_Rn_0x10000529a,825,False
func_Rn_0x1000052a0,256,False
func_Rn_0x1000052a4,458,False
func_Rn_0x1000052aa,812,True
func_Rn_0x1000052b2,-275,True
func_Rn_0x1000052b8,-107,False
func_Rn_0x1000052bc,674,False
func_Rn_0x1000052be,-248,False
func_Rn_0x1000052c2,248,True
func_Rn_0x1000052c4,102,True
func_Rn_0x1000052cc,1041,True
func_Rn_0x1000052ce,552,False
func_Rn_0x1000052dc,-92,True
func_Rn_0x1000052de,-628,False
func_Rn_0x1000052e2,256,False
func_Rn_0x1000052e8,-622,False
func_Rn_0x1000052ea,-732,True
func_Rn_0x1000052ec,998,True
func_Rn_0x1000052f0,1040,True
func_Rn_0x1000052f4,-494,False
func_Rn_0x1000052fa,-803,True
func_Rn_0x100005304,-331,True
func_Rn_0x10000530a,-334,False
func_Rn_0x100005648,1067,False
func_Rn_0x10000abc7,-803,True
func_Rn_0x10000abc9,-393,False
func_Rn_0x10000abcd,759,True
func_Rt_0x10000296c,545,False
func_Rt_0x100002976,-467,True
func_Rt_0x100005289,-302,False
func_Rt_0x100005534,376,True
func_Rt_0x100005536,1020,True
func_Rt_0x100006049,1172,False
func_Rt_0x100006f3f,-196,False
func_Rt_0x100006f8d,916,False
func_Rt_0x100006fa3,-690,False
func_Rt_0x100006fa5,94,False
func_Rt_0x10000a973,-742,False
func_Rt_0x10000a979,-581,False
func_Rt_0x10000abdd,-735,True
func_Rt_0x10000abdf,-275,True
func_Rt_0x10000ac4e,123,False
func_S_0x10000012b,-698,True
func_S_0x100000150,-460,False
func_S_0x1000005bd,-339,False
func_S_0x1000005c3,-451,False
func_S_0x100002acd,-574,True
func_S_0x100002adf,703,True
func_S_0x100002aea,-211,False
func_S_0x100002bc6,57,False
func_S_0x100002bec,35,False
func_S_0x100002bf0,-40,True
func_S_0x100002d21,1052,False
func_S_0x100002d23,681,False
func_S_0x100002d25,-419,False
func_S_0x100002db9,949,True
func_S_0x100002dcb,391,False
func_S_0x100002e4b,-244,False
func_S_0x10000418e,-405,False
func_S_0x10000419c,-720,False
func_S_0x1000041c1,838,True
func_S_0x1000041c5,125,True
func_S_0x1000041c7,674,True
func_S_0x1000041c9,-315,False
func_S_0x10000446b,1137,False
func_S_0x100004495,625,True
func_S_0x1000044f1,38,False
func_S_0x1000045e0,-624,False
func_S_0x1000047be,1064,False
func_S_0x100004e3e,-759,True
func_S_0x100004e75,306,True
func_S_0x1000053c6,-448,True
func_S_0x1000057b1,894,True
func_S_0x10000595e,-472,True
func_S_0x100005ba3,-528,True
func_S_0x100005baa,1151,True
func_S_0x100005f8a,-709,False
func_S_0x100005f93,713,False
func_S_0x100005fbf,80,False
func_S_0x1000063b3,773,True
func_S_0x10000658e,232,False
func_S_0x100006662,674,False
func_S_0x100006675,644,False
func_S_0x10000667b,448,True
func_S_0x100006857,359,False
func_S_0x10000687e,-466,False
func_S_0x1000068ba,-738,True
func_S_0x100006951,-743,True
func_S_0x1000069ec,-621,False
func_S_0x100006ba1,769,True
func_S_0x100006baa,65,False
func_S_0x100006f2d,113,False
func_S_0x10000722a,-343,False
func_S_0x1000078a0,-433,True
func_S_0x1000078a2,712,False
func_S_0x1000078dd,499,False
func_S_0x100007b8b,721,False
func_S_0x100007bcf,927,False
func_S_0x100007fcf,569,True
func_S_0x100007fe1,664,True
func_S_0x100007fe8,1094,True
func_S_0x100008176,657,True
func_S_0x10000830c,-741,True
func_S_0x100008310,-195,False
func_S_0x100008312,793,False
func_S_0x100008314,-422,True
func_S_0x10000832d,497,False
func_S_0x10000844a,128,True
func_S_0x100008700,826,False
func_S_0x100008706,-640,True
func_S_0x100008782,-312,True
func_S_0x1000088d2,637,False
func_S_0x100008907,-354,False
func_S_0x10000892e,-655,True
func_S_0x100008930,179,True
func_S_0x10000894c,-639,False
func_S_0x100008af9,1171,False
func_S_0x100008b70,1057,False
func_S_0x100008d28,-599,True
func_S_0x100008de7,1105,True
func_S_0x100008deb,-496,True
func_S_0x100008def,1097,True
func_S_0x100008ee3,864,True
func_S_0x100009150,-343,True
func_S_0x1000091f7,-278,True
func_S_0x10000924a,-477,False
func_S_0x10000924c,1158,False
func_S_0x1000092ab,844,False
func_S_0x1000092af,-709,True
func_S_0x1000092b2,530,False
func_S_0x1000093b6,-155,False
func_S_0x100009650,970,True
func_S_0x100009705,112,False
func_S_0x10000999e,715,True
func_S_0x1000099a0,-696,False
func_S_0x100009afe,1117,False
func_S_0x100009d5a,1094,True
func_S_0x100009f44,578,False
func_S_0x10000a149,-215,False
func_S_0x10000a5f2,544,True
func_S_0x10000a5f6,824,False
func_S_0x10000a89c,-797,True
func_S_0x10000aa26,375,True
func_S_0x10000aa7a,1121,False
func_S_0x10000ac6f,-669,False
func_S_0x10000ac72,-409,True
func_S_0x10000acec,-536,True
func_S_0x10000ad51,624,True
func_S_0x10000ada0,127,False
func_Sc_0x100008034,-368,True
func_Se_0x100002ec7,-495,False
func_Se_0x100004091,4,False
func_Se_0x1000040ae,191,False
func_Se_0x100004724,165,True
func_Se_0x100004b5c,35,True
func_Se_0x100004ca7,395,True
func_Se_0x100004d19,656,True
func_Se_0x100004f9b,220,True
func_Se_0x10000519d,30,False
func_Se_0x100005267,113,False
func_Se_0x100005269,921,True
func_Se_0x10000526d,632,False
func_Se_0x100005277,-98,True
func_Se_0x100005910,-805,False
func_Se_0x10000591d,878,False
func_Se_0x100005a74,554,False
func_Se_0x100005bbd,-445,True
func_Se_0x100005bc9,-806,True
func_Se_0x100005bcd,1178,True
func_Se_0x100005bcf,1044,False
func_Se_0x100005bd8,-567,False
func_Se_0x100005bda,-47,False
func_Se_0x100005fe5,287,False
func_Se_0x100005fe9,436,False
func_Se_0x1000067e1,571,False
func_Se_0x100006a3f,-46,True
func_Se_0x100006f0e,613,True
func_Se_0x100006f10,47,False
func_Se_0x100006f25,177,False
func_Se_0x100009453,-568,False
func_Se_0x100009e17,7,True
func_Se_0x10000a886,722,True
func_Se_0x10000aa08,-717,False
func_Se_0x10000ac9b,1067,False
func_Se_0x10000aca3,-360,False
func_Se_0x10000aca5,-49,False
func_Se_0x10000b293,434,True
func_Se_0x10000b295,1124,True
func_Se_0x10000b297,-454,False
func_Se_0x10000b299,703,False
func_Se_0x10000b29b,197,False
func_Se_0x10000b2a5,394,False
func_Se_0x10000b2b7,11,False
func_Se_0x10000b2bc,802,False
func_Se_0x10000b56c,769,True
func_Se_0x10000b85c,367,True
func_Se_0x10000b89b,-518,False
func_Si_0x100003db3,1098,False
func_Si_0x100003db7,-161,True
func_Si_0x100003db9,-1,True
func_Si_0x10000b3c7,89,False
func_Si_0x10000b3d3,-767,False
func_Sn_0x100002989,939,False
func_Sn_0x10000298d,-84,False
func_Sn_0x100002991,-444,True
func_Sn_0x100002993,-708,True
func_Sn_0x10000299b,-423,False
func_Sn_0x10000299f,-56,True
func_Sn_0x1000029a1,-553,False
func_Sn_0x1000029e2,93,True
func_Sn_0x1000029e8,101,False
func_Sn_0x1000029f8,-155,True
func_Sn_0x1000029fe,-308,False
func_Sn_0x100002c36,-50,False
func_Sn_0x10000804a,-45,True
func_Sn_0x10000804c,689,False
func_Sn_0x100008688,-144,True
func_Sn_0x1000097fd,-405,True
func_Sn_0x100009801,-12,True
func_Sn_0x100009803,1158,True
func_Sn_0x100009807,418,False
func_Sn_0x10000b041,-438,False
func_St_0x10000437c,-559,True
func_St_0x100004cb8,-681,False
func_St_0x100005b02,766,True
func_St_0x100005b18,-16,True
func_St_0x100005b2e,-107,True
func_St_0x100005b30,-549,False
func_St_0x100005b48,-410,False
func_St_0x100005b4e,640,True
func_St_0x100005b70,862,True
func_St_0x100006233,783,True
func_St_0x100006a35,645,False
func_St_0x100008698,451,True
func_St_0x1000090af,256,True
func_St_0x1000097c8,-598,True
func_St_0x1000097ca,-230,False
func_St_0x1000097cc,819,True
func_St_0x100009a15,46,False
func_St_0x100009a6b,930,False
func_St_0x10000b04b,938,False
func_T_0x1000001e7,194,True
func_T_0x1000026c0,988,False
func_T_0x10000290a,-696,True
func_T_0x100002913,876,False
func_T_0x100002b04,218,False
func_T_0x100002b0b,53,True
func_T_0x100002b1c,948,False
func_T_0x100002b20,1069,True
func_T_0x100002b2a,131,False
func_T_0x100002b2d,879,True
func_T_0x100002b33,-103,True
func_T_0x100003583,-141,True
func_T_0x100003b79,1171,False
func_T_0x100003b7c,185,True
func_T_0x100003b84,-262,True
func_T_0x100003d12,1125,False
func_T_0x100003fbb,1056,False
func_T_0x100004045,1096,False
func_T_0x10000423a,115,True
func_T_0x1000042ab,-354,True
func_T_0x1000042b3,934,True
func_T_0x1000042e9,-587,True
func_T_0x1000042ff,-8,True
func_T_0x100004301,-659,True
func_T_0x1000045ca,290,False
func_T_0x1000045d4,-534,True
func_T_0x100004671,555,False
func_T_0x100004677,-408,False
func_T_0x100004796,1059,True
func_T_0x100004b90,-229,False
func_T_0x100004b92,-68,False
func_T_0x100004b94,712,False
func_T_0x100004b98,95,False
func_T_0x100004b9e,1139,False
func_T_0x100004ba0,379,True
func_T_0x100004eb2,-706,False
func_T_0x100005052,349,False
func_T_0x100005054,923,False
func_T_0x100005080,-772,False
func_T_0x100005084,-535,True
func_T_0x100005086,-542,True
func_T_0x100005089,802,True
func_T_0x100005146,113,True
func_T_0x1000053d3,1108,False
func_T_0x10000544f,-399,True
func_T_0x1000054b5,-639,True
func_T_0x1000054d6,1146,True
func_T_0x1000054dc,790,False
func_T_0x10000576f,-636,True
func_T_0x100005c52,-203,False
func_T_0x100005f25,-355,False
func_T_0x1000060ee,-204,False
func_T_0x10000610c,86,False
func_T_0x100006114,741,True
func_T_0x100006329,1078,True
func_T_0x100006427,-147,True
func_T_0x10000644b,-287,False
func_T_0x10000656e,388,False
func_T_0x100006570,389,False
func_T_0x100006576,835,True
func_T_0x10000658f,-156,True
func_T_0x100006591,240,False
func_T_0x100006770,-157,True
func_T_0x10000688b,-188,True
func_T_0x100006cc1,786,True
func_T_0x100006d7b,937,False
func_T_0x100006d80,-216,True
func_T_0x100006de0,899,True
func_T_0x100006de2,783,True
func_T_0x100006de8,-271,False
func_T_0x10000717a,-193,True
func_T_0x1000071a3,818,False
func_T_0x1000071b2,793,True
func_T_0x10000721e,385,False
func_T_0x100007303,196,True
func_T_0x10000731d,505,True
func_T_0x100007323,-543,True
func_T_0x100007491,80,False
func_T_0x100007b20,51,True
func_T_0x100007b28,-387,False
func_T_0x100007b2a,892,False
func_T_0x100007b30,47,True
func_T_0x100008232,990,False
func_T_0x100008243,-501,True
func_T_0x100008249,235,False
func_T_0x10000858c,-621,True
func_T_0x100008739,1042,True
func_T_0x10000874a,-92,True
func_T_0x10000874c,154,False
func_T_0x10000875a,1055,True
func_T_0x100008b2b,1096,False
func_T_0x100008b2d,-356,False
func_T_0x100008bc4,1064,True
func_T_0x100008c2d,1144,False
func_T_0x100008c33,205,False
func_T_0x100008ca9,-604,False
func_T_0x100008cea,-527,False
func_T_0x100008d17,-125,True
func_T_0x100009628,169,True
func_T_0x1000098cc,291,True
func_T_0x100009b93,-773,False
func_T_0x100009cea,-30,True
func_T_0x10000a711,-310,True
func_T_0x10000ad15,-78,False
func_T_0x10000ad18,50,True
func_T_0x10000b19a,-15,True
func_T_0x10000b72a,213,True
func_T_0x10000b73d,-779,True
func_Te_0x1000005e0,932,True
func_Te_0x1000005e6,585,True
func_Te_0x10000076c,742,False
func_Te_0x1000007cd,36,False
func_Te_0x1000007cf,-353,True
func_Te_0x1000007d3,-709,False
func_Te_0x1000007d5,668,True
func_Te_0x1000007de,1124,True
func_Te_0x1000007e0,440,True
func_Te_0x1000007ed,-778,False
func_Te_0x1000007f8,948,False
func_Te_0x1000007fe,473,False
func_Te_0x100000802,1056,False
func_Te_0x100002c27,1016,False
func_Te_0x100002c5e,3,False
func_Te_0x100002c70,-557,False
func_Te_0x100002c76,-707,False
func_Te_0x100002c84,-473,True
func_Te_0x100004ad4,-228,False
func_Te_0x100004c66,-127,True
func_Te_0x100004c68,798,True
func_Te_0x100004c6c,961,False
func_Te_0x100004d05,547,True
func_Te_0x100004fa9,-321,False
func_Te_0x100004fbb,-213,False
func_Te_0x1000061c1,1098,False
func_Te_0x1000061c3,1042,True
func_Te_0x10000621c,1038,False
func_Te_0x10000621e,888,False
func_Te_0x100006220,-242,False
func_Te_0x100006a24,-179,True
func_Te_0x100006a48,962,False
func_Te_0x100006a74,-690,True
func_Te_0x100008296,608,False
func_Te_0x1000082b0,-708,False
func_Te_0x1000084aa,128,False
func_Te_0x1000084ac,376,True
func_Te_0x1000084d3,-271,False
func_Te_0x1000086a0,1031,False
func_Te_0x1000086c5,681,False
func_Te_0x1000086ca,743,True
func_Te_0x1000086d0,770,False
func_Te_0x1000086dd,864,True
func_Te_0x100008f01,-602,False
func_Te_0x10000958f,-323,True
func_Te_0x100009814,-750,True
func_Te_0x10000986a,775,True
func_Te_0x10000986c,987,True
func_Te_0x100009870,-193,True
func_Te_0x10000a938,-25,False
func_Te_0x10000af92,-189,False
func_Te_0x10000b219,475,False
func_Te_0x10000b21f,651,False
func_Te_0x10000b223,-786,False
func_Te_0x10000b227,578,True
func_Te_0x10000b229,214,False
func_Te_0x10000b22b,183,True
func_Te_0x10000b235,1160,False
func_Te_0x10000b237,346,False
func_Te_0x10000b239,1113,True
func_Te_0x10000b23b,-394,False
func_Te_0x10000b23d,-676,False
func_Te_0x10000b249,266,True
func_Te_0x10000b2c8,175,False
func_Ti_0x1000037ee,992,False
func_Ti_0x1000039ac,587,False
func_Ti_0x1000039b0,-535,False
func_Ti_0x1000039ea,-119,False
func_Ti_0x1000039ec,473,True
func_Ti_0x1000039f7,513,False
func_Ti_0x1000039f9,1065,False
func_Ti_0x1000039fb,-768,True
func_Ti_0x100003a64,867,True
func_Ti_0x100003a6a,-222,False
func_Tn_0x1000075e5,-721,True
func_Tn_0x1000075e7,1104,True
func_Tn_0x1000076a9,76,False
func_Tn_0x1000076dd,-654,False
func_Tn_0x100007722,-803,True
func_Tn_0x10000774f,-258,True
func_Tn_0x100007754,-275,True
func_Tn_0x10000776f,-309,False
func_Tn_0x1000077ee,770,False
func_To_0x100007340,730,True
func_To_0x100007351,-353,True
func_To_0x100007372,78,False
func_To_0x100007392,90,False
func_Tt_0x10000077e,-118,True
func_Tt_0x1000007b4,807,True
func_Tt_0x1000007bc,439,False
func_Tt_0x100002c16,189,False
func_Tt_0x100002c18,-363,True
func_Tt_0x100002c1a,1164,True
func_Tt_0x100002c1c,-486,False
func_Tt_0x100002c20,247,True
func_Tt_0x100002c2a,-201,False
func_Tt_0x100002c45,-494,False
func_Tt_0x100004377,909,False
func_Tt_0x10000437a,787,False
func_Tt_0x100004cb0,259,False
func_Tt_0x100005b6c,-16,True
func_Tt_0x100008667,451,False
func_Tt_0x1000086b6,574,True
func_Tt_0x100009089,-805,False
func_Tt_0x10000908b,364,True
func_Tt_0x10000908f,564,True
func_Tt_0x100009097,944,True
func_Tt_0x1000090a1,-611,False
func_Tt_0x1000090a5,266,True
func_Tt_0x1000090ab,1132,True
func_Tt_0x1000090ad,724,False
func_Tt_0x10000981c,-318,True
func_Tt_0x10000981e,-290,True
func_Tt_0x100009823,98,True
func_Tt_0x10000988a,-769,True
func_U_0x1000026d1,822,True
func_U_0x1000026da,1084,True
func_U_0x1000027a7,-446,True
func_U_0x1000028a9,-175,False
func_U_0x1000028ab,-295,False
func_U_0x100002d68,852,True
func_U_0x100002d6a,881,False
func_U_0x100002d6c,963,True
func_U_0x100002d9e,1151,False
func_U_0x100002da0,-280,False
func_U_0x100002da2,-150,True
func_U_0x100002da6,-538,False
func_U_0x100002da8,-102,False
func_U_0x100002e58,754,True
func_U_0x100002ef9,-775,False
func_U_0x100002eff,-772,True
func_U_0x100002f1e,923,False
func_U_0x100002f20,1077,False
func_U_0x100002f22,946,False
func_U_0x100002faa,-69,False
func_U_0x10000359b,279,True
func_U_0x1000035d1,-812,False
func_U_0x100003695,-279,False
func_U_0x100003d57,-761,False
func_U_0x1000042ba,865,True
func_U_0x10000459a,-442,True
func_U_0x1000045a0,724,True
func_U_0x1000045a6,-209,True
func_U_0x1000045e1,-377,True
func_U_0x1000046d9,565,True
func_U_0x100004d74,-712,False
func_U_0x100004f44,631,True
func_U_0x100005a7c,613,True
func_U_0x100005aa2,835,False
func_U_0x100005aa4,-408,False
func_U_0x100005aa6,1103,False
func_U_0x100005aa8,929,False
func_U_0x100005cdf,766,False
func_U_0x100005e97,-295,True
func_U_0x100005f1f,-428,False
func_U_0x100005f2e,-336,False
func_U_0x100005f38,-730,True
func_U_0x1000062a5,814,False
func_U_0x1000064b6,831,False
func_U_0x1000064f8,484,False
func_U_0x1000064fa,-469,True
func_U_0x1000064fc,-117,True
func_U_0x1000064fe,1180,True
func_U_0x100006500,562,True
func_U_0x100006504,-376,False
func_U_0x100006506,217,False
func_U_0x100006508,410,True
func_U_0x100006538,423,False
func_U_0x1000071bb,-269,True
func_U_0x1000071ea,1157,True
func_U_0x1000071ec,610,True
func_U_0x10000749b,474,True
func_U_0x1000074a3,-251,True
func_U_0x1000074a5,1040,False
func_U_0x1000074a7,-698,True
func_U_0x1000074a9,-251,True
func_U_0x1000074ab,708,False
func_U_0x100008204,613,False
func_U_0x10000821a,-332,True
func_U_0x10000860c,608,False
func_U_0x100008b7f,-597,True
func_U_0x100008c7c,-452,True
func_U_0x100008c82,222,True
func_U_0x100008c84,286,False
func_U_0x100008d6f,-379,True
func_U_0x100008d75,295,False
func_U_0x100008d7d,228,False
func_U_0x100008d7f,391,False
func_U_0x100008d87,-663,False
func_U_0x100008d8f,-646,True
func_U_0x100009052,1024,False
func_U_0x10000969c,1099,False
func_U_0x1000096d0,432,False
func_U_0x1000096d2,778,False
func_U_0x10000976c,1183,True
func_U_0x100009aa4,688,True
func_U_0x100009aac,851,False
func_U_0x100009ab4,312,True
func_U_0x100009aba,609,False
func_U_0x100009af1,1067,False
func_U_0x100009d61,-513,True
func_U_0x100009d63,876,False
func_U_0x100009d71,487,True
func_U_0x100009db3,447,False
func_U_0x100009dc7,1088,False
func_U_0x100009efa,1006,False
func_U_0x100009f2d,-14,False
func_U_0x10000a0ab,-192,True
func_U_0x10000a456,345,True
func_U_0x10000a460,-568,False
func_U_0x10000a462,1108,False
func_U_0x10000a46e,502,False
func_U_0x10000a6f6,18,True
func_U_0x10000a6f8,-315,True
func_U_0x10000a90d,27,False
func_U_0x10000b797,746,False
func_U_0x10000b79d,944,True
func_U_0x10000b7a3,359,False
func_Ue_0x100000211,477,False
func_Ue_0x100002a65,1074,True
func_Ue_0x100002e81,295,True
func_Ue_0x100002fb1,356,True
func_Ue_0x100002fb7,-438,True
func_Ue_0x100004622,1017,True
func_Ue_0x100004628,928,True
func_Ue_0x10000462e,-345,False
func_Ue_0x100004643,-240,False
func_Ue_0x100004647,489,False
func_Ue_0x100004651,-328,False
func_Ue_0x10000467d,-162,True
func_Ue_0x100004991,379,True
func_Ue_0x1000049b5,-578,False
func_Ue_0x1000049c0,445,False
func_Ue_0x1000049c2,-470,True
func_Ue_0x100005260,324,True
func_Ue_0x100005364,928,True
func_Ue_0x1000058e3,-16,False
func_Ue_0x1000058f4,829,True
func_Ue_0x1000058fa,946,False
func_Ue_0x1000064ad,352,False
func_Ue_0x100006984,406,True
func_Ue_0x100006990,530,True
func_Ue_0x100006b48,-119,True
func_Ue_0x100006b4b,-274,True
func_Ue_0x100006b4d,123,True
func_Ue_0x100006b59,447,False
func_Ue_0x100006b5f,803,True
func_Ue_0x100007014,612,False
func_Ue_0x10000935c,637,False
func_Ue_0x100009b89,-749,True
func_Ue_0x100009df0,-73,False
func_Ue_0x100009df2,448,False
func_Ue_0x100009df6,-741,True
func_Ue_0x100009dfa,613,False
func_Ue_0x100009dfe,-382,True
func_Ue_0x100009e00,-443,False
func_Ue_0x100009e02,606,True
func_Ue_0x10000a3cc,688,False
func_Ue_0x10000a3ce,-78,False
func_Ue_0x10000a3d0,-551,False
func_Ue_0x10000a3d2,1069,False
func_Ue_0x10000a3d8,-248,False
func_Ue_0x10000a3dc,735,True
func_Ue_0x10000a3e6,246,False
func_Ue_0x10000a3e8,943,False
func_Ue_0x10000a3ec,-395,True
func_Ue_0x10000a3ee,-11,True
func_Ue_0x10000a3f0,-675,True
func_Ue_0x10000a3f2,-583,False
func_Ue_0x10000a684,376,True
func_Ue_0x10000b009,-710,False
func_Ue_0x10000b00b,901,True
func_Ue_0x10000b064,-264,True
func_Ue_0x10000b65e,-580,True
func_Ui_0x100003da6,72,False
func_Ui_0x10000571a,632,True
func_Ui_0x10000b3c9,-490,False
func_Un_0x100003229,586,False
func_Un_0x100003250,-788,False
func_Un_0x100003252,-36,True
func_Un_0x10000325c,-661,True
func_Un_0x100003261,1145,False
func_Un_0x100003270,323,False
func_Un_0x100003350,689,False
func_Un_0x100003352,441,True
func_Un_0x100003415,-376,True
func_Un_0x100003417,-48,True
func_Un_0x10000341c,289,True
func_Ur_0x1000075ec,918,True
func_Ur_0x1000076b3,1161,False
func_Ur_0x10000777c,993,False
func_Ur_0x100007787,-756,False
func_Ur_0x100007790,-808,True
func_Ut_0x10000751e,495,True
func_Ut_0x100007522,352,False
func_Ut_0x1000075f5,-55,False
func_Ut_0x1000075fd,-685,True
func_Ut_0x1000075ff,462,False
func_Ut_0x100007603,751,True
func_Ut_0x100007614,-266,False
func_Ut_0x10000762b,-420,True
func_Ut_0x100007645,81,True
func_Ut_0x10000764b,1141,False
func_Ut_0x100007651,-713,False
func_Ut_0x100007657,112,True
func_Ut_0x10000765b,223,False
func_Ut_0x10000765d,356,True
func_Ut_0x100007665,884,True
func_Ut_0x100007667,483,True
func_Ut_0x100007669,-815,True
func_Ut_0x1000076a3,-523,False
func_Ut_0x1000076ab,698,True
func_Ut_0x1000076b7,361,True
func_Ut_0x1000076bd,426,True
func_Ut_0x1000076bf,-652,False
func_Ut_0x1000076c3,613,False
func_Ut_0x1000076c5,1043,False
func_Ut_0x1000076d5,-630,True
func_Ut_0x1000076d9,1102,True
func_Ut_0x1000076e7,837,False
func_Ut_0x1000076e9,-61,False
func_Ut_0x1000076fa,-400,False
func_Ut_0x1000076fc,5,False
func_Ut_0x1000076fe,-465,True
func_Ut_0x100007700,896,True
func_Ut_0x10000771a,-293,True
func_Ut_0x10000772d,-793,False
func_Ut_0x10000773d,1183,False
func_Ut_0x100007748,818,True
func_Ut_0x10000774b,474,True
func_Ut_0x10000774d,793,True
func_Ut_0x100007798,737,True
func_Ut_0x1000077c1,716,False
func_Ut_0x1000077c3,493,False
func_Ut_0x1000077e6,-12,False
func_Ut_0x1000077ea,559,False
func_Ut_0x1000077fe,596,False
func_Ut_0x100007806,-535,True
func_Ut_0x10000780a,721,False
func_Ut_0x10000780f,255,True
func_V_0x1000028df,1119,False
func_V_0x100002917,883,False
func_V_0x100002a25,904,True
func_V_0x100002a50,551,False
func_V_0x100002eae,969,True
func_V_0x100003584,853,False
func_V_0x100003d55,1069,True
func_V_0x100003d69,-768,True
func_V_0x100003d6b,119,True
func_V_0x100003d6f,-324,False
func_V_0x100003d71,1136,False
func_V_0x100003d73,355,False
func_V_0x100003d75,618,True
func_V_0x100003d77,27,False
func_V_0x100003d7b,1059,False
func_V_0x100003d7f,-369,False
func_V_0x100003d85,658,True
func_V_0x100003d89,204,True
func_V_0x100003d8b,0,False
func_V_0x1000042bb,257,False
func_V_0x1000042c4,150,False
func_V_0x1000042c6,-62,True
func_V_0x1000046db,528,False
func_V_0x100004a7c,-486,False
func_V_0x1000051ee,-639,False
func_V_0x1000051f0,1171,True
func_V_0x1000051fa,258,False
func_V_0x1000053eb,-88,True
func_V_0x1000053ed,-655,False
func_V_0x1000053f0,511,True
func_V_0x1000053f4,-756,False
func_V_0x100005ee3,478,True
func_V_0x100005f18,406,True
func_V_0x100005f21,162,True
func_V_0x10000627d,-389,False
func_V_0x1000064b0,-602,False
func_V_0x1000064b8,522,True
func_V_0x1000064ba,-767,True
func_V_0x1000064be,642,True
func_V_0x1000064c4,-255,True
func_V_0x100006536,-32,True
func_V_0x10000660f,-120,False
func_V_0x10000678c,-781,True
func_V_0x100006796,-140,False
func_V_0x100006798,629,True
func_V_0x1000067a3,918,False
func_V_0x100006bd1,-560,False
func_V_0x100006bd4,-79,False
func_V_0x100006bd7,-300,True
func_V_0x100006beb,636,False
func_V_0x1000079e3,286,True
func_V_0x100008180,487,False
func_V_0x1000081b6,451,True
func_V_0x100008218,-784,True
func_V_0x10000823b,1015,False
func_V_0x100008606,-521,True
func_V_0x100008a9e,417,False
func_V_0x100008c80,-123,True
func_V_0x100008d19,-625,False
func_V_0x100008d80,-445,False
func_V_0x100008d89,392,False
func_V_0x100009436,-190,True
func_V_0x10000966c,-199,True
func_V_0x10000966e,867,False
func_V_0x10000978e,1086,True
func_V_0x100009790,-649,False
func_V_0x100009792,1159,True
func_V_0x10000993b,-621,True
func_V_0x10000993f,158,True
func_V_0x100009948,718,False
func_V_0x100009aaa,831,False
func_V_0x100009ab6,420,True
func_V_0x100009ab8,405,True
func_V_0x100009b6f,862,False
func_V_0x100009ba2,143,True
func_V_0x100009ba8,326,False
func_V_0x100009baa,329,False
func_V_0x100009f38,492,True
func_V_0x10000a0a9,331,False
func_V_0x10000a0da,-230,True
func_V_0x10000a45a,403,False
func_V_0x10000a908,51,True
func_V_0x10000a98a,15,False
func_V_0x10000ac85,206,True
func_V_0x10000b07b,-561,True
func_V_0x10000b07f,-749,True
func_V_0x10000b089,-499,True
func_V_0x10000b08d,-466,False
func_V_0x10000b5ef,-665,True
func_V_0x10000b5f5,121,True
func_V_0x10000b799,956,True
func_Ve_0x1000005e2,-68,True
func_Ve_0x10000077c,-623,True
func_Ve_0x1000007f0,-591,True
func_Ve_0x1000007f2,899,False
func_Ve_0x100004ad2,-122,False
func_Ve_0x100004c3e,1017,True
func_Ve_0x100004c41,-469,True
func_Ve_0x100004d29,692,True
func_Ve_0x100004fab,184,True
func_Ve_0x100004fb1,-213,False
func_Ve_0x1000061bf,-609,False
func_Ve_0x1000061c5,537,False
func_Ve_0x1000061c7,639,False
func_Ve_0x1000061d6,999,False
func_Ve_0x100006219,-37,True
func_Ve_0x100006222,749,True
func_Ve_0x100006224,-653,False
func_Ve_0x100006227,889,True
func_Ve_0x100006229,20,True
func_Ve_0x100006257,-345,False
func_Ve_0x100006268,-264,True
func_Ve_0x100006a1a,870,False
func_Ve_0x100006a32,-170,False
func_Ve_0x100006a46,1106,True
func_Ve_0x100006a64,259,False
func_Ve_0x100007feb,667,True
func_Ve_0x1000082a6,-658,True
func_Ve_0x1000082c6,1013,True
func_Ve_0x1000084a8,227,True
func_Ve_0x1000084ae,392,True
func_Ve_0x1000084b0,1133,False
func_Ve_0x1000084cb,1027,False
func_Ve_0x1000084cd,127,True
func_Ve_0x1000084cf,-50,True
func_Ve_0x10000868d,115,True
func_Ve_0x1000086bc,184,False
func_Ve_0x100008f61,684,False
func_Ve_0x1000097b0,82,False
func_Ve_0x1000097ba,839,False
func_Ve_0x1000097cf,75,True
func_Ve_0x1000097d1,-105,False
func_Ve_0x100009816,-679,False
func_Ve_0x10000986e,804,True
func_Ve_0x100009879,-581,True
func_Ve_0x100009894,69,True
func_Ve_0x100009896,-300,True
func_Ve_0x10000989d,-435,True
func_Ve_0x1000098a2,999,True
func_Ve_0x10000afa6,140,False
func_Ve_0x10000afa8,228,True
func_Vn_0x100004873,381,False
func_Vn_0x100004877,-674,True
func_Vn_0x100004879,213,False
func_Vn_0x10000550a,154,True
func_Vn_0x100006044,-451,False
func_Vn_0x100006071,1079,False
func_Vn_0x1000060ce,-256,False
func_Vn_0x100009cab,707,False
func_Vn_0x100009f8b,-781,True
func_Vn_0x10000ac0e,523,False
func_Vn_0x10000ac16,567,True
func_Vn_0x10000ac47,920,False
func_Vn_0x10000ac49,-69,False
func_Vo_0x1000077b8,-286,True
func_Vo_0x1000077ba,-4,True
func_Vr_0x1000056d7,121,True
func_Vr_0x1000056f0,618,False
func_Vr_0x1000056f4,-705,True
func_Vr_0x1000056f6,-185,True
func_Vr_0x1000056f8,54,True
func_Vr_0x1000056fa,-270,False
func_Vr_0x1000056fe,-644,True
func_Vr_0x10000a041,1026,False
func_Vr_0x10000a047,838,False
func_Vr_0x10000a05f,765,False
func_Vr_0x10000a06c,33,True
func_Vr_0x10000a06f,-100,False
func_Vr_0x10000a300,-539,True
func_Vr_0x10000b3f5,786,False
func_Vr_0x10000b43e,204,False
func_Vt_0x100002c60,449,False
func_Vt_0x100002c62,-335,False
func_Vt_0x100002c64,-791,False
func_Vt_0x100002c66,-580,False
func_Vt_0x100002c6a,80,True
func_Vt_0x100004cb2,660,False
func_Vt_0x100004cb4,-20,False
func_Vt_0x100005b16,1003,False
func_Vt_0x100005b2a,241,True
func_Vt_0x100005b40,1021,False
func_Vt_0x100006a2c,-576,True
func_Vt_0x10000805a,-35,True
func_Vt_0x100008669,101,False
func_Vt_0x100008694,-128,True
func_Vt_0x100008696,-453,True
func_Vt_0x10000869d,973,False
func_Vt_0x100009a13,1139,False
func_Vt_0x10000b04e,949,True
func_W_0x100000153,1059,False
func_W_0x100000224,454,True
func_W_0x1000002b2,1077,True
func_W_0x1000002e6,350,True
func_W_0x1000002e8,1160,True
func_W_0x1000002ea,827,True
func_W_0x1000002ec,15,False
func_W_0x1000002fc,128,False
func_W_0x100002a7f,801,True
func_W_0x100002ad9,756,True
func_W_0x100002adb,45,False
func_W_0x100002af4,313,True
func_W_0x100002b84,-695,True
func_W_0x100002bd8,170,True
func_W_0x100002bda,121,False
func_W_0x100002d3d,1051,True
func_W_0x100002df3,995,True
func_W_0x100002e27,-392,True
func_W_0x100002e2a,1167,False
func_W_0x100002e36,786,False
func_W_0x100003630,-513,True
func_W_0x100003b01,392,False
func_W_0x100003b03,834,False
func_W_0x100003b0b,250,True
func_W_0x10000403f,567,False
func_W_0x10000419e,961,False
func_W_0x1000041b4,854,False
func_W_0x10000426d,-166,False
func_W_0x1000042d6,840,True
func_W_0x10000434d,-447,True
func_W_0x10000434f,-542,False
func_W_0x100004353,802,True
func_W_0x100004445,73,True
func_W_0x1000044f4,213,True
func_W_0x10000450f,510,True
func_W_0x10000465e,578,True
func_W_0x100004daa,-511,False
func_W_0x100004def,-200,True
func_W_0x100004e91,-743,True
func_W_0x100004f08,38,True
func_W_0x10000546f,3,True
func_W_0x100005837,-278,True
func_W_0x10000588c,925,True
func_W_0x100005973,-495,False
func_W_0x10000597b,-686,True
func_W_0x100005f0b,-602,True
func_W_0x1000062db,-686,False
func_W_0x1000063c8,-89,False
func_W_0x10000693f,-294,True
func_W_0x1000069e3,779,False
func_W_0x100006b81,953,True
func_W_0x100006c01,-409,True
func_W_0x100006c09,-244,False
func_W_0x100006c0c,-317,True
func_W_0x100006c18,-113,True
func_W_0x100006d5a,-49,False
func_W_0x100006dba,-144,False
func_W_0x100006dbc,-774,True
func_W_0x100006e4e,-131,False
func_W_0x100007b58,816,False
func_W_0x100007c11,-75,False
func_W_0x100007c20,78,False
func_W_0x10000837d,1147,False
func_W_0x100008391,146,False
func_W_0x100008451,481,False
func_W_0x100008454,425,True
func_W_0x10000877e,772,True
func_W_0x10000892d,374,True
func_W_0x100008afb,-368,True
func_W_0x100008b49,-369,False
func_W_0x100008bcb,22,False
func_W_0x100008bcf,-42,True
func_W_0x100008bd3,241,False
func_W_0x100008c07,-165,True
func_W_0x100008d63,-798,False
func_W_0x100008e30,1042,True
func_W_0x100009114,-541,True
func_W_0x100009133,629,False
func_W_0x1000092a0,958,True
func_W_0x1000092a5,392,False
func_W_0x1000093b8,524,True
func_W_0x1000093bf,438,True
func_W_0x100009710,148,False
func_W_0x100009712,-31,False
func_W_0x100009714,289,True
func_W_0x1000099e2,384,True
func_W_0x100009b14,960,True
func_W_0x100009d2b,191,True
func_W_0x100009d3d,-200,True
func_W_0x100009d47,537,False
func_W_0x100009d49,247,False
func_W_0x100009e20,-447,True
func_W_0x10000a4af,-77,False
func_W_0x10000a4ba,602,True
func_W_0x10000a701,-275,False
func_W_0x10000a996,-539,True
func_W_0x10000ad98,585,True
func_W_0x10000b189,-412,False
func_Wa_0x10000b3db,667,False
func_We_0x100002ec1,768,True
func_We_0x100004075,-655,True
func_We_0x100004077,-467,False
func_We_0x100004079,-727,False
func_We_0x10000407f,458,True
func_We_0x100004083,-440,True
func_We_0x100004089,935,True
func_We_0x100004095,-91,False
func_We_0x10000409d,-257,False
func_We_0x1000040aa,-31,False
func_We_0x100004687,89,False
func_We_0x100004722,994,True
func_We_0x100004b1c,835,True
func_We_0x100004b37,913,True
func_We_0x100004b6e,834,True
func_We_0x100004fcd,1050,False
func_We_0x100004fcf,1083,True
func_We_0x100004fd5,695,True
func_We_0x100005033,398,False
func_We_0x100005035,-371,False
func_We_0x10000518c,337,True
func_We_0x10000526b,1081,True
func_We_0x100005273,463,True
func_We_0x100005275,774,True
func_We_0x100005a22,937,False
func_We_0x100005a76,-26,True
func_We_0x100005bcb,783,True
func_We_0x1000067dd,-147,True
func_We_0x100006805,-283,True
func_We_0x1000069a9,33,False
func_We_0x100006fb7,-43,False
func_We_0x100009de1,385,False
func_We_0x100009de3,-187,True
func_We_0x100009dea,863,False
func_We_0x10000a86c,-370,False
func_We_0x10000a870,-195,False
func_We_0x10000a872,-321,True
func_We_0x10000a874,-517,True
func_We_0x10000aaca,960,True
func_We_0x10000b2c0,-806,True
func_We_0x10000b50a,894,False
func_We_0x10000b821,815,True
func_We_0x10000b83e,-34,False
func_We_0x10000b860,95,True
func_We_0x10000b868,671,False
func_We_0x10000b89d,-338,True
func_We_0x10000b8a2,-360,False
func_Wi_0x1000037b4,216,False
func_Wi_0x100003990,635,False
func_Wi_0x100003997,405,True
func_Wi_0x10000399c,1073,False
func_Wn_0x100006f7a,520,False
func_Wn_0x10000a01d,-680,False
func_Wn_0x10000a080,-564,True
func_Wn_0x10000a224,-503,True
func_Wn_0x10000b317,229,False
func_Wn_0x10000b412,626,True
func_Wo_0x100005708,174,True
func_Wo_0x10000570a,-82,True
func_Wo_0x100005710,1068,False
func_Wo_0x100005712,333,True
func_Wo_0x10000b3fe,535,False
func_Wr_0x1000007ae,643,True
func_Wr_0x1000007bf,971,False
func_Wr_0x100002983,-129,False
func_Wr_0x100002a06,575,False
func_Wr_0x100002a0d,-361,False
func_Wr_0x100002c34,996,False
func_Wr_0x10000803a,204,False
func_Wr_0x10000980a,-183,False
func_Wr_0x10000ae2c,122,True
func_Wr_0x10000ae34,-288,False
func_Wr_0x10000ae36,177,True
func_Wr_0x10000ae3c,1026,False
func_Wr_0x10000ae44,-418,True
func_Wr_0x10000ae46,-323,False
func_Wr_0x10000ae48,1144,False
func_Wr_0x10000ae4a,-381,True
func_Wr_0x10000ae4c,589,False
func_Wr_0x10000ae50,559,False
func_Wr_0x10000ae56,-307,False
func_Wr_0x10000ae58,541,False
func_Wr_0x10000ae5e,-745,False
func_Wr_0x10000ae60,-395,False
func_Wr_0x10000ae62,-178,True
func_Wr_0x10000ae64,924,True
func_Wr_0x10000ae68,474,True
func_Wr_0x10000ae6c,686,True
func_Wr_0x10000ae6e,-141,True
func_Wr_0x10000ae70,-274,False
func_Wr_0x10000ae74,503,True
func_Wr_0x10000ae76,1110,False
func_Wr_0x10000ae7a,375,False
func_Wr_0x10000ae7c,-181,False
func_Wr_0x10000ae82,-90,False
func_Wr_0x10000ae84,-50,False
func_Wt_0x1000075f1,-564,True
func_Wt_0x1000075f9,752,True
func_Wt_0x1000075fb,1166,False
func_Wt_0x100007619,-572,True
func_Wt_0x10000761d,-470,True
func_Wt_0x10000761f,409,False
func_Wt_0x100007621,-211,False
func_Wt_0x100007625,-801,True
func_Wt_0x100007627,-112,False
func_Wt_0x10000762e,-659,True
func_Wt_0x100007633,818,False
func_Wt_0x100007637,-2,True
func_Wt_0x100007673,-188,True
func_Wt_0x100007675,243,False
func_Wt_0x100007677,-636,False
func_Wt_0x10000767a,-617,True
func_Wt_0x100007680,-349,False
func_Wt_0x100007689,642,True
func_Wt_0x100007692,-515,True
func_Wt_0x100007698,338,True
func_Wt_0x1000076a5,1176,True
func_Wt_0x1000076a7,333,True
func_Wt_0x1000076c7,431,True
func_Wt_0x1000076d1,1137,False
func_Wt_0x1000076f2,936,True
func_Wt_0x100007704,1004,False
func_Wt_0x10000770c,683,True
func_Wt_0x100007711,-183,True
func_Wt_0x100007714,-9,False
func_Wt_0x100007716,989,True
func_Wt_0x10000771e,-211,False
func_Wt_0x100007734,816,False
func_Wt_0x10000773b,708,True
func_Wt_0x100007743,62,True
func_Wt_0x10000777e,1059,True
func_Wt_0x10000779d,-369,True
func_Wt_0x1000077a3,127,False
func_Wt_0x1000077a8,265,False
func_Wt_0x1000077ca,269,False
func_Wt_0x1000077f1,-493,True
func_Wt_0x1000077f3,857,False
func_Wt_0x1000077f7,749,True
func_Wt_0x1000077fc,-407,True
func_Wt_0x100007804,-379,True
func_Wt_0x100007815,194,False
func_Wt_0x100007839,-370,True
func_Wt_0x10000783b,886,True
func_Wt_0x10000783f,510,True
func_Wt_0x100007845,324,False
func_Wt_0x10000785c,-359,False
func_X_0x10000366f,690,False
func_X_0x10000367d,-4,True
func_X_0x100003d28,130,True
func_X_0x100003d2a,358,True
func_X_0x100003d2c,-74,True
func_X_0x100003d2e,702,False
func_X_0x100003d34,1180,False
func_X_0x100003d3e,340,False
func_X_0x100003d46,-384,True
func_X_0x100003d48,-655,False
func_X_0x100003d4a,-50,False
func_X_0x100003d50,229,False
func_X_0x100003fbc,356,True
func_X_0x100004046,-38,False
func_X_0x10000404a,-476,False
func_X_0x10000404c,603,True
func_X_0x10000404e,1135,False
func_X_0x100004050,573,False
func_X_0x100004056,-617,False
func_X_0x100004159,832,False
func_X_0x1000042fc,-366,False
func_X_0x1000045c1,-393,False
func_X_0x100004672,675,True
func_X_0x100004674,-141,False
func_X_0x100004768,-31,True
func_X_0x1000047e5,-602,True
func_X_0x1000047eb,1029,True
func_X_0x1000047ed,849,True
func_X_0x1000047ef,-42,False
func_X_0x1000047f1,88,False
func_X_0x100004a65,-716,True
func_X_0x100004d77,-52,False
func_X_0x100004d7f,259,True
func_X_0x100004d85,-213,True
func_X_0x100004d8b,355,True
func_X_0x100004e59,-166,True
func_X_0x100004e61,612,False
func_X_0x100004e63,964,False
func_X_0x100004eac,-442,False
func_X_0x100004f35,1052,False
func_X_0x100005456,939,True
func_X_0x100005cc0,-574,False
func_X_0x100005cc4,212,True
func_X_0x100005cc8,-58,False
func_X_0x100005cca,-518,True
func_X_0x100005fc4,104,True
func_X_0x100005fc7,-346,False
func_X_0x100005fcd,715,False
func_X_0x100006116,478,True
func_X_0x100006120,-313,True
func_X_0x10000615d,-578,True
func_X_0x10000615f,338,False
func_X_0x100006161,1060,True
func_X_0x1000062fd,625,True
func_X_0x10000632a,401,True
func_X_0x100006531,-538,False
func_X_0x100006534,928,False
func_X_0x100006540,-300,False
func_X_0x100006542,-602,True
func_X_0x100006544,-785,False
func_X_0x100006548,-470,False
func_X_0x10000664c,-734,False
func_X_0x10000664e,-566,True
func_X_0x100006654,-781,True
func_X_0x1000067a2,-768,False
func_X_0x100006ab0,-727,True
func_X_0x100006ab2,1146,True
func_X_0x100006ab4,-798,False
func_X_0x100006ab6,701,False
func_X_0x100006d77,-585,False
func_X_0x100006deb,161,False
func_X_0x100006df2,-434,True
func_X_0x10000717c,577,True
func_X_0x1000071fd,-128,True
func_X_0x1000071ff,-226,True
func_X_0x100007202,738,False
func_X_0x100007219,935,True
func_X_0x100007320,-800,True
func_X_0x100007329,617,False
func_X_0x100007b22,112,True
func_X_0x100007b34,836,False
func_X_0x100007bed,683,False
func_X_0x100007bf3,-445,False
func_X_0x100007bf5,-400,False
func_X_0x100007c03,1050,False
func_X_0x100007c06,316,False
func_X_0x100007c0a,970,True
func_X_0x10000810b,320,False
func_X_0x10000812b,994,False
func_X_0x100008158,349,True
func_X_0x10000815a,-500,True
func_X_0x1000085ab,1003,True
func_X_0x1000085b3,730,False
func_X_0x10000873c,-506,False
func_X_0x100008ba9,629,False
func_X_0x100008bae,323,False
func_X_0x100008bb2,-462,True
func_X_0x100008bb4,905,False
func_X_0x100008c6b,-226,True
func_X_0x100008c8d,1057,False
func_X_0x1000094c3,820,True
func_X_0x100009676,-198,True
func_X_0x10000967a,25,False
func_X_0x10000967c,664,True
func_X_0x10000967e,730,False
func_X_0x100009680,-726,True
func_X_0x10000976a,217,True
func_X_0x10000978b,683,False
func_X_0x100009947,-553,True
func_X_0x1000099af,-380,False
func_X_0x100009b38,92,True
func_X_0x100009b7f,-89,False
func_X_0x100009d00,-83,False
func_X_0x100009d02,-453,True
func_X_0x100009d0c,565,False
func_X_0x100009f29,185,True
func_X_0x10000a11c,592,False
func_X_0x10000a16b,354,False
func_X_0x10000a6e1,527,False
func_X_0x10000a714,-312,True
func_X_0x10000a718,-60,True
func_X_0x10000a7e1,239,False
func_X_0x10000b498,89,True
func_X_0x10000b49a,-26,True
func_X_0x10000b4a0,-369,False
func_X_0x10000b4a2,141,True
func_X_0x10000b4a6,-559,False
func_X_0x10000b6c1,-716,False
func_Xe_0x100002fdd,-677,True
func_Xe_0x100002fea,201,True
func_Xe_0x100004558,-266,True
func_Xe_0x10000463a,1150,True
func_Xe_0x100004719,-165,False
func_Xe_0x100004727,809,False
func_Xe_0x100004732,332,True
func_Xe_0x100004d39,35,False
func_Xe_0x100004fc8,-355,True
func_Xe_0x100004fda,1106,False
func_Xe_0x10000503b,-545,True
func_Xe_0x10000523a,667,True
func_Xe_0x100005918,-676,True
func_Xe_0x1000068f5,664,False
func_Xe_0x100006903,1118,True
func_Xe_0x100006f0b,1087,True
func_Xe_0x100006f0d,862,True
func_Xe_0x1000081cb,-420,True
func_Xe_0x1000085dd,-151,False
func_Xe_0x100009440,175,True
func_Xe_0x100009442,-232,False
func_Xe_0x100009444,-187,False
func_Xe_0x10000945d,427,True
func_Xe_0x100009464,-137,True
func_Xe_0x100009979,-799,True
func_Xe_0x100009987,264,False
func_Xe_0x100009e05,301,True
func_Xe_0x10000aa95,436,False
func_Xe_0x10000b6a8,409,False
func_Xe_0x10000b6e3,-163,True
func_Xe_0x10000b8ad,-751,True
func_Xi_0x100005718,566,True
func_Xi_0x10000572a,-33,False
func_Xi_0x10000572e,667,False
func_Xi_0x100005730,1143,True
func_Xi_0x10000b448,114,True
func_Xn_0x100003da2,838,False
func_Xn_0x10000a045,-618,False
func_Xn_0x10000a049,-300,False
func_Xn_0x10000a04b,794,True
func_Xn_0x10000a04d,-87,False
func_Xn_0x10000a04f,193,False
func_Xn_0x10000a051,688,True
func_Xn_0x10000a055,-799,False
func_Xn_0x10000a057,327,True
func_Xn_0x10000a05d,742,True
func_Xn_0x10000a2e8,-43,True
func_Xn_0x10000a303,1064,False
func_Xn_0x10000a30f,-537,False
func_Xn_0x10000a33d,-36,True
func_Xn_0x10000a35f,-441,True
func_Xn_0x10000a367,898,False
func_Xn_0x10000a374,-625,False
func_Xn_0x10000b439,491,False
func_Xr_0x100003265,197,False
func_Xt_0x100003a1c,308,False
func_Xt_0x100007d06,892,True
func_Xt_0x100007d11,-142,True
func_Xt_0x100007d39,-638,True
func_Xt_0x100007e4b,219,False
func_Xt_0x100007e62,-41,True
func_Xt_0x100007e64,-330,False
func_Xt_0x100007e6a,617,False
func_Xt_0x100007eb8,261,False
func_Xt_0x100007ebe,427,True
func_Xt_0x100007ec0,724,True
func_Xt_0x100007ec8,526,True
func_Xt_0x100007edc,778,True
func_Xt_0x100007f0c,15,True
func_Xt_0x100007f2c,1115,False
func_Xu_0x100003e3e,306,True
func_Ya_0x100003283,-585,True
func_Ya_0x100003285,1171,True
func_Ya_0x100003306,-565,False
func_Yc_0x100003557,-465,False
func_Ye_0x100002c57,445,True
func_Ye_0x100002f65,-596,False
func_Ye_0x100002f69,268,True
func_Ye_0x100002f73,904,False
func_Ye_0x10000436a,-7,True
func_Ye_0x100004c06,153,True
func_Ye_0x100004c08,-477,True
func_Ye_0x100004c14,-777,False
func_Ye_0x100004c16,-754,False
func_Ye_0x1000061cc,404,False
func_Ye_0x100006a09,605,False
func_Ye_0x100006a0b,742,True
func_Ye_0x100006a27,775,True
func_Ye_0x100006a2e,-161,True
func_Ye_0x100006a5c,870,False
func_Ye_0x10000805f,520,True
func_Ye_0x10000808f,302,True
func_Ye_0x100008091,-289,True
func_Ye_0x100008097,376,True
func_Ye_0x10000809d,-651,False
func_Ye_0x10000809f,1025,True
func_Ye_0x1000080a5,428,True
func_Ye_0x1000082c8,-610,True
func_Ye_0x100008663,-558,True
func_Ye_0x1000086a2,-602,True
func_Ye_0x1000086c7,-385,False
func_Ye_0x100009592,1003,True
func_Ye_0x1000097d6,-263,True
func_Ye_0x10000982a,407,False
func_Ye_0x100009a0d,777,True
func_Ye_0x100009a11,-582,False
func_Ye_0x100009a1f,-377,True
func_Ye_0x100009a21,1076,True
func_Ye_0x100009a26,369,True
func_Ye_0x100009a77,123,False
func_Ye_0x100009a81,-230,False
func_Ye_0x10000b04a,712,True
func_Ye_0x10000b210,-586,True
func_Yi_0x100003e21,160,False
func_Yi_0x100003e2f,1133,True
func_Yi_0x100003e39,-713,False
func_Yi_0x100007339,-544,True
func_Yi_0x100007374,684,False
func_Yi_0x100007378,-742,True
func_Yr_0x1000056da,-814,True
func_Yr_0x1000056e4,408,False
func_Yr_0x10000a063,969,True
func_Yr_0x10000a345,482,False
func_Yr_0x10000a369,-501,True
func_Yr_0x10000b3f1,-503,True
func_Yr_0x10000b3f7,113,False
func_Yt_0x10000564d,695,True
func_Yt_0x10000564f,415,False
func_Yt_0x100005653,-694,False
func_Yt_0x100005659,-784,True
func_Yt_0x10000565b,998,True
func_Yt_0x10000565f,-422,True
func_Yt_0x100005667,38,True
func_Yt_0x100005669,1137,True
func_Yt_0x10000566b,92,False
func_Yt_0x10000566d,-369,True
func_Yt_0x10000566f,-16,True
func_Yt_0x100005671,573,True
func_Yt_0x100005673,382,True
func_Yt_0x100005675,236,False
func_Yt_0x100005679,-286,False
func_Yt_0x10000567d,701,True
func_Yt_0x10000567f,-106,True
func_Yt_0x100005681,747,False
func_Yt_0x100005683,339,True
func_Yt_0x100005687,384,False
func_Yt_0x100005689,-430,True
func_Yt_0x10000568b,572,False
func_Yt_0x10000568f,-63,False
func_Yt_0x100005697,-314,True
func_Yt_0x1000056a1,1166,True
func_Yt_0x1000056a9,949,True
func_Yt_0x1000056ab,865,False
func_Yt_0x1000056b1,1036,False
func_Yt_0x1000056b3,-685,True
func_Yt_0x1000056bb,761,False
func_Yt_0x1000056bf,655,True
func_Yt_0x1000056c1,-389,False
func_Yt_0x1000056c3,1140,True
func_Yt_0x1000056c7,-125,False
func_Yt_0x1000056c9,1023,True
func_Yt_0x1000056cb,-683,True
func_Yt_0x1000056cd,1063,True
func_Yt_0x1000056d1,-628,True
func_Yt_0x100005743,-789,False
func_Yt_0x10000575d,104,True
func_Yt_0x100005ce7,1054,False
func_Yt_0x100009c79,920,False
func_Yt_0x100009c7b,1037,True
func_Yt_0x100009c83,581,True
func_Yt_0x100009c87,740,True
func_Yt_0x100009c8d,-624,True
func_Yt_0x100009c8f,525,True
func_Yt_0x100009c91,181,False
func_Yt_0x100009c97,-778,False
func_Yt_0x100009ff4,533,False
func_Z_0x1000026c9,-510,True
func_Z_0x100002d4d,483,True
func_Z_0x100002d53,75,False
func_Z_0x100002d73,-280,False
func_Z_0x100002e61,929,False
func_Z_0x100002ea2,-642,False
func_Z_0x100003672,-25,False
func_Z_0x100003ba6,165,True
func_Z_0x100003fb2,1141,False
func_Z_0x100003fb6,114,False
func_Z_0x10000415a,-131,True
func_Z_0x1000042f6,-147,False
func_Z_0x1000045da,-685,True
func_Z_0x100004a79,13,False
func_Z_0x100004f3c,495,True
func_Z_0x100004f3e,-512,True
func_Z_0x100005057,520,False
func_Z_0x100005059,-7,False
func_Z_0x100005138,9,True
func_Z_0x100005765,834,True
func_Z_0x100005767,781,False
func_Z_0x100005769,898,True
func_Z_0x100005cd8,96,False
func_Z_0x100005ce2,-801,True
func_Z_0x100005ecc,568,False
func_Z_0x100005ed2,1099,True
func_Z_0x100005ee9,-520,False
func_Z_0x100006321,-283,False
func_Z_0x100006890,476,False
func_Z_0x100006892,-273,False
func_Z_0x100006896,491,False
func_Z_0x100006898,890,True
func_Z_0x100006b41,150,True
func_Z_0x100006b66,715,False
func_Z_0x100006b6c,1177,False
func_Z_0x1000071c5,197,True
func_Z_0x1000071c9,800,False
func_Z_0x1000071cd,901,True
func_Z_0x1000072f8,342,False
func_Z_0x10000732e,-469,False
func_Z_0x100007b32,99,False
func_Z_0x100007bf1,626,False
func_Z_0x100007ca6,-133,True
func_Z_0x100008102,95,True
func_Z_0x100008104,-692,True
func_Z_0x100008156,-535,False
func_Z_0x10000859a,1168,True
func_Z_0x1000089db,-722,False
func_Z_0x100008b31,-315,True
func_Z_0x100008ba6,1110,False
func_Z_0x100008c7b,659,False
func_Z_0x1000094c7,-584,False
func_Z_0x1000094c9,50,True
func_Z_0x10000951e,1085,True
func_Z_0x100009b01,-308,True
func_Z_0x100009b05,-774,True
func_Z_0x100009b09,-516,True
func_Z_0x100009b0b,-24,True
func_Z_0x100009b0f,703,True
func_Z_0x100009b26,-347,True
func_Z_0x100009b28,15,False
func_Z_0x100009b2b,1008,True
func_Z_0x100009eef,1137,True
func_Z_0x10000a170,-614,False
func_Z_0x10000a403,-685,True
func_Z_0x10000a633,-557,False
func_Z_0x10000a6f5,462,False
func_Z_0x10000a7e9,673,False
func_Z_0x10000a819,-64,True
func_Z_0x10000a8d5,1025,False
func_Z_0x10000b72e,-194,True
func_Z_0x10000b86f,342,False
func_Z_0x10000b873,74,True
func_Za_0x100007d1e,900,True
func_Zc_0x100003de9,947,False
func_Zc_0x100005d58,213,False
func_Zc_0x100005d88,437,True
func_Zc_0x100005dab,756,False
func_Zc_0x100005dbf,1030,False
func_Zc_0x100005df6,-18,True
func_Zc_0x100005e00,111,True
func_Zc_0x100005e0b,-386,True
func_Zc_0x10000b450,-424,True
func_Ze_0x10000076e,940,False
func_Ze_0x100002f6b,1168,True
func_Ze_0x1000046f2,-435,True
func_Ze_0x1000046f6,362,True
func_Ze_0x100004d07,355,False
func_Ze_0x100004fad,2,False
func_Ze_0x1000061cf,-627,False
func_Ze_0x1000061d3,1141,True
func_Ze_0x10000622f,275,True
func_Ze_0x100006231,-404,False
func_Ze_0x100006245,91,True
func_Ze_0x100006247,1039,False
func_Ze_0x100006249,645,False
func_Ze_0x100006251,345,True
func_Ze_0x100006a1e,-244,True
func_Ze_0x100006a69,-513,False
func_Ze_0x1000084c3,267,False
func_Ze_0x10000865a,350,False
func_Ze_0x1000086b3,-665,False
func_Ze_0x1000086be,-255,False
func_Ze_0x100008f04,578,False
func_Ze_0x100008f08,344,True
func_Ze_0x100008f0a,96,False
func_Ze_0x100008f15,434,True
func_Ze_0x100009591,1014,False
func_Ze_0x1000097d5,410,True
func_Ze_0x100009a6d,204,False
func_Ze_0x100009a73,359,False
func_Ze_0x100009a75,698,False
func_Ze_0x100009a7d,217,False
func_Ze_0x10000b035,742,True
func_Zi_0x100003e2d,-521,False
func_Zn_0x100003281,409,True
func_Zo_0x100003979,584,True
func_Zo_0x100003a14,-761,True
func_Zr_0x1000056d3,-468,True
func_Zr_0x100005754,134,False
func_Zr_0x10000a005,-453,False
func_Zr_0x10000a007,1065,True
func_Zr_0x10000a00b,-45,True
func_Zt_0x100000788,246,False
func_Zt_0x10000297d,-530,True
func_Zt_0x10000297f,1116,True
func_Zt_0x100002981,864,False
func_Zt_0x100002987,186,True
func_Zt_0x10000298b,-188,True
func_Zt_0x10000298f,832,True
func_Zt_0x100002995,-325,False
func_Zt_0x100002997,-171,True
func_Zt_0x100002999,-244,False
func_Zt_0x10000299d,799,True
func_Zt_0x1000029e4,407,False
func_Zt_0x1000029e6,979,True
func_Zt_0x1000029ea,53,True
func_Zt_0x1000029f0,-392,False
func_Zt_0x1000029f2,-121,False
func_Zt_0x1000029f4,-334,False
func_Zt_0x100002a04,888,False
func_Zt_0x100002a08,530,False
func_Zt_0x100002a0a,583,True
func_Zt_0x100005505,255,True
func_Zt_0x100008682,764,False
func_Zt_0x100008684,454,True
func_Zt_0x1000097ff,993,False
func_Zt_0x100009805,-148,True
func_Zt_0x10000ae2b,467,True
func_Zt_0x10000b044,-661,False
func_a_0x100000236,835,False
func_a_0x100000247,-387,True
func_a_0x1000002cd,1150,False
func_a_0x100000415,767,False
func_a_0x10000042c,392,True
func_a_0x100000430,729,True
func_a_0x100000486,743,False
func_a_0x100000910,75,True
func_a_0x10000273f,-525,False
func_a_0x100002a99,1120,True
func_a_0x100002b8d,-437,True
func_a_0x100002bf7,-448,False
func_a_0x100002db8,569,False
func_a_0x10000361f,639,False
func_a_0x100003adc,-394,True
func_a_0x100003aeb,-420,True
func_a_0x100003fd8,99,False
func_a_0x100003fdc,-329,True
func_a_0x100004067,129,True
func_a_0x1000040d2,-613,False
func_a_0x1000040d8,-776,True
func_a_0x1000040e0,-292,False
func_a_0x1000040e5,450,True
func_a_0x100004149,532,True
func_a_0x1000041cc,-667,True
func_a_0x1000041d8,958,True
func_a_0x100004233,893,True
func_a_0x10000424c,284,False
func_a_0x10000425e,-167,True
func_a_0x1000042dd,-350,False
func_a_0x100004313,-131,True
func_a_0x100004331,-165,False
func_a_0x100004401,1047,True
func_a_0x100004415,-566,True
func_a_0x100004436,137,False
func_a_0x100004441,386,False
func_a_0x100004476,-569,True
func_a_0x10000447b,661,False
func_a_0x100004656,-474,False
func_a_0x100004965,879,False
func_a_0x100004a31,-395,False
func_a_0x100004a3d,91,False
func_a_0x100004a90,856,False
func_a_0x100004bc0,-807,False
func_a_0x100004ddf,-449,False
func_a_0x100004f67,325,False
func_a_0x100005a7b,-295,True
func_a_0x100005ebc,-705,True
func_a_0x1000063b2,-560,True
func_a_0x100006487,59,True
func_a_0x1000064cd,-680,False
func_a_0x100006863,51,False
func_a_0x100006934,676,False
func_a_0x1000069eb,-332,True
func_a_0x100006b40,1095,False
func_a_0x100006c00,717,True
func_a_0x100006c66,-359,False
func_a_0x10000745b,179,True
func_a_0x10000760f,-759,True
func_a_0x1000077bc,-809,True
func_a_0x10000787c,551,False
func_a_0x1000078f1,33,True
func_a_0x10000797a,-372,True
func_a_0x1000079f9,127,True
func_a_0x100007aa0,857,True
func_a_0x100007ae0,1070,True
func_a_0x100007b60,330,True
func_a_0x100007b8a,679,True
func_a_0x100008351,-457,False
func_a_0x1000083bf,784,False
func_a_0x10000845d,1067,True
func_a_0x1000087ae,846,True
func_a_0x100008806,469,True
func_a_0x1000088fa,-501,True
func_a_0x100008924,450,True
func_a_0x10000897b,-282,False
func_a_0x10000899d,42,False
func_a_0x1000089ca,-89,True
func_a_0x100008a3f,897,True
func_a_0x100008a49,-661,True
func_a_0x100008a4f,739,False
func_a_0x100008ad8,119,True
func_a_0x100008afe,-389,False
func_a_0x100008b07,-698,True
func_a_0x100008b5d,938,True
func_a_0x100008c42,-795,True
func_a_0x100008cb2,-681,False
func_a_0x100008cda,-511,False
func_a_0x100008dc8,1139,True
func_a_0x100008eb5,-530,True
func_a_0x100008ebb,567,False
func_a_0x1000090dc,689,False
func_a_0x1000090fb,617,True
func_a_0x10000911a,248,False
func_a_0x100009149,-409,True
func_a_0x10000936f,-531,False
func_a_0x100009386,435,True
func_a_0x1000093bd,1077,True
func_a_0x1000093cc,607,True
func_a_0x10000949b,-544,False
func_a_0x1000096f4,1063,False
func_a_0x10000974a,-733,True
func_a_0x1000098df,851,False
func_a_0x1000098fd,-623,True
func_a_0x100009cee,-85,True
func_a_0x10000a17e,1012,False
func_a_0x10000a180,-14,True
func_a_0x10000a185,354,True
func_a_0x10000a187,-654,True
func_a_0x10000a18c,363,False
func_a_0x10000a195,-606,False
func_a_0x10000a19c,800,True
func_a_0x10000a5fd,964,True
func_a_0x10000a7a4,-387,False
func_a_0x10000aa20,857,True
func_a_0x10000aa76,608,True
func_a_0x10000ab14,-716,False
func_a_0x10000acf6,-12,True
func_a_0x10000b13e,607,True
func_ac_0x100007d07,1008,True
func_ac_0x100007d09,-50,True
func_ac_0x100007d2d,68,False
func_ae_0x1000007e5,-294,True
func_ae_0x1000007f6,252,False
func_ae_0x100002c13,397,True
func_ae_0x100002c4c,996,False
func_ae_0x100002c5a,-415,True
func_ae_0x100002c6e,-686,False
func_ae_0x100002c72,-465,True
func_ae_0x100002c74,278,True
func_ae_0x100002c82,-232,False
func_ae_0x100004b26,279,False
func_ae_0x100004b2c,314,False
func_ae_0x100004b30,-270,False
func_ae_0x100004b32,-447,False
func_ae_0x100004c24,-593,False
func_ae_0x100004c28,333,False
func_ae_0x100004c52,-143,True
func_ae_0x100004c54,-26,True
func_ae_0x100004c60,211,True
func_ae_0x100004cd0,964,False
func_ae_0x100004d0c,448,True
func_ae_0x100004d2d,873,True
func_ae_0x100006a3d,844,False
func_ae_0x100006a60,1052,True
func_ae_0x100006a70,844,True
func_ae_0x100006a72,-307,False
func_ae_0x100008288,71,False
func_ae_0x100008292,-585,False
func_ae_0x10000829c,686,True
func_ae_0x1000082a0,611,True
func_ae_0x1000082a2,579,False
func_ae_0x1000082a4,-332,True
func_ae_0x1000082d3,784,False
func_ae_0x1000084b8,1112,False
func_ae_0x10000865e,-93,True
func_ae_0x100008660,869,True
func_ae_0x1000086da,-227,False
func_ae_0x1000086e2,-166,True
func_ae_0x1000086e4,-703,False
func_ae_0x1000086e6,-216,False
func_ae_0x1000086e9,890,True
func_ae_0x1000086eb,533,True
func_ae_0x1000086ef,657,False
func_ae_0x100008f5f,-412,True
func_ae_0x100009a23,941,False
func_ae_0x10000a910,33,False
func_ae_0x10000a914,-619,False
func_ae_0x10000a918,704,False
func_ae_0x10000a91e,-481,True
func_ae_0x10000a922,430,False
func_ae_0x10000a924,981,True
func_ae_0x10000a928,401,False
func_ae_0x10000a92a,468,True
func_ae_0x10000a930,-167,True
func_ae_0x10000a934,-526,False
func_ae_0x10000a93a,833,False
func_ae_0x10000a93c,512,False
func_ae_0x10000af21,-751,False
func_ae_0x10000b20b,684,True
func_ae_0x10000b241,-566,False
func_ae_0x10000b253,-399,True
func_ae_0x10000b255,315,True
func_ae_0x10000b25a,-715,True
func_ae_0x10000b25f,513,False
func_ae_0x10000b266,412,True
func_ae_0x10000b82a,893,False
func_ae_0x10000b830,-431,True
func_ai_0x100003255,615,True
func_ai_0x100003272,1175,False
func_ai_0x1000032de,343,True
func_ai_0x1000032e0,829,True
func_ai_0x1000033fe,340,False
func_an_0x100002964,1140,False
func_an_0x100002972,-272,False
func_an_0x100003bcf,-413,False
func_an_0x100003bdd,675,False
func_an_0x100003be4,903,False
func_an_0x100003bfa,-110,False
func_an_0x100003bfc,51,True
func_an_0x100003cdd,125,False
func_an_0x100003cf1,-210,False
func_an_0x100003cf3,-600,True
func_an_0x100003cf9,600,True
func_an_0x100003d07,404,False
func_an_0x100003d0b,1007,False
func_an_0x10000abcf,-136,False
func_an_0x10000abd3,-94,False
func_an_0x10000abd5,-604,False
func_an_0x10000abd7,159,False
func_an_0x10000abfe,-529,False
func_ar_0x10000341f,576,True
func_ar_0x100003421,-341,False
func_ar_0x100003423,867,False
func_ar_0x100003425,-29,True
func_ar_0x100003429,-556,False
func_ar_0x10000342f,-591,True
func_ar_0x100003431,307,False
func_ar_0x100003439,835,True
func_ar_0x10000343b,1092,True
func_ar_0x100003441,890,True
func_ar_0x100003449,61,False
func_ar_0x10000344d,-308,True
func_ar_0x100003453,813,False
func_ar_0x10000345b,1041,False
func_ar_0x10000345d,-151,False
func_ar_0x100003465,-337,True
func_ar_0x100003467,-97,False
func_ar_0x100003469,575,False
func_ar_0x10000346b,-732,True
func_ar_0x10000346d,177,True
func_ar_0x100003471,-539,False
func_ar_0x100003473,-211,True
func_ar_0x100003475,53,False
func_ar_0x100003477,802,False
func_ar_0x100003479,482,True
func_ar_0x10000347b,-147,True
func_ar_0x10000347d,567,True
func_ar_0x100003481,580,True
func_ar_0x100003485,-542,True
func_ar_0x100003491,230,True
func_ar_0x100003499,-358,True
func_ar_0x10000349b,1104,False
func_ar_0x10000349d,297,True
func_ar_0x10000349f,842,True
func_ar_0x1000034a3,805,True
func_ar_0x1000034a5,197,True
func_ar_0x1000034a9,173,False
func_ar_0x1000034ab,-414,False
func_ar_0x1000034ad,-82,True
func_ar_0x1000034af,453,True
func_ar_0x1000034b1,403,False
func_ar_0x1000034b5,-664,False
func_ar_0x1000034bb,584,False
func_ar_0x1000034bd,-620,True
func_ar_0x1000034bf,-92,False
func_ar_0x1000034c5,892,False
func_ar_0x1000034c7,-598,True
func_ar_0x1000034cd,-295,False
func_ar_0x1000034cf,-133,True
func_ar_0x1000034d1,-300,True
func_ar_0x1000034d3,1019,False
func_ar_0x1000034d5,-558,True
func_ar_0x1000034d7,19,True
func_ar_0x1000034db,-410,True
func_ar_0x1000034e1,913,False
func_ar_0x1000034e5,434,False
func_ar_0x1000034e7,-517,False
func_ar_0x1000034ed,-816,False
func_ar_0x1000034f9,-431,True
func_ar_0x1000034fd,415,True
func_ar_0x100003507,1076,False
func_ar_0x10000350d,-285,False
func_ar_0x10000350f,-459,False
func_ar_0x100003517,-134,False
func_ar_0x100003519,-425,True
func_ar_0x10000351f,863,True
func_ar_0x100003523,394,False
func_ar_0x10000352b,813,False
func_ar_0x10000352d,-286,True
func_ar_0x10000352f,622,False
func_ar_0x100003531,425,True
func_ar_0x100003541,-596,False
func_ar_0x100003555,702,True
func_at_0x100004894,663,False
func_at_0x100004896,546,False
func_at_0x1000048c2,-558,False
func_at_0x1000048c6,583,True
func_at_0x1000048ce,1161,False
func_at_0x1000048d8,347,False
func_at_0x1000060b9,938,True
func_at_0x100009c60,-233,True
func_at_0x100009ca2,-405,True
func_at_0x100009ca4,1086,False
func_at_0x100009cb5,-405,False
func_at_0x100009cb7,692,False
func_at_0x100009cb9,636,True
func_at_0x100009cbb,243,True
func_at_0x100009cbf,-691,False
func_at_0x10000ae29,419,False
func_b_0x10000011c,-260,True
func_b_0x10000011e,1014,True
func_b_0x100000120,597,True
func_b_0x1000001aa,131,False
func_b_0x1000001c6,-730,False
func_b_0x10000027e,1147,True
func_b_0x10000029c,481,False
func_b_0x1000002fd,972,True
func_b_0x1000002ff,-271,False
func_b_0x100000301,765,True
func_b_0x100002b45,-667,True
func_b_0x100002be8,-411,True
func_b_0x100002e03,437,False
func_b_0x100002eef,-70,True
func_b_0x100002ef1,-358,True
func_b_0x100002fa1,185,False
func_b_0x100003fa4,-384,True
func_b_0x100004134,795,False
func_b_0x10000418f,420,True
func_b_0x1000041de,-288,False
func_b_0x10000422b,-526,False
func_b_0x100004237,-577,True
func_b_0x100004250,-235,False
func_b_0x10000426e,452,False
func_b_0x100004512,42,False
func_b_0x10000451d,102,True
func_b_0x100004782,799,True
func_b_0x100004788,1013,False
func_b_0x100004e94,1117,False
func_b_0x100004e96,440,True
func_b_0x100005492,847,False
func_b_0x100005498,178,False
func_b_0x10000549a,692,True
func_b_0x10000549e,595,True
func_b_0x1000054a0,-158,True
func_b_0x100005959,-549,False
func_b_0x100005962,-63,False
func_b_0x100005988,326,False
func_b_0x10000598a,1015,False
func_b_0x100005f66,-531,False
func_b_0x100005f8d,38,False
func_b_0x1000063b5,983,True
func_b_0x1000063d0,823,True
func_b_0x100006479,-386,False
func_b_0x100006533,142,True
func_b_0x10000668e,785,True
func_b_0x1000068db,279,False
func_b_0x1000069ed,708,True
func_b_0x100006b1d,272,True
func_b_0x100006c2e,806,False
func_b_0x100006ce8,925,False
func_b_0x100006d03,832,False
func_b_0x100006d06,68,False
func_b_0x100006e31,-232,True
func_b_0x100006e33,-573,True
func_b_0x100006e3c,-400,True
func_b_0x100006e40,484,False
func_b_0x100006e46,1059,True
func_b_0x100006ff6,-167,False
func_b_0x100007116,163,True
func_b_0x1000078de,1111,True
func_b_0x1000078e0,-156,True
func_b_0x1000078e5,-723,False
func_b_0x100007925,-388,False
func_b_0x100007928,470,False
func_b_0x100007a2c,718,True
func_b_0x100007a38,-100,False
func_b_0x100007aad,654,True
func_b_0x100007abb,-342,True
func_b_0x100007abe,-737,True
func_b_0x100007b6b,930,False
func_b_0x100007b8d,406,True
func_b_0x100007bb0,731,False
func_b_0x100007fbd,-593,False
func_b_0x100008120,-628,True
func_b_0x100008336,694,False
func_b_0x1000083da,234,True
func_b_0x1000083dc,-676,True
func_b_0x1000083e0,988,False
func_b_0x1000083e2,1046,True
func_b_0x1000083e7,598,True
func_b_0x100008811,824,False
func_b_0x100008815,-598,False
func_b_0x10000891f,-270,True
func_b_0x100008bc9,-62,True
func_b_0x100008bea,467,False
func_b_0x100008bec,87,False
func_b_0x100008bf0,478,False
func_b_0x100008d3a,-436,False
func_b_0x100008dcd,-225,False
func_b_0x100008ef5,1155,True
func_b_0x100009020,313,False
func_b_0x10000913b,135,False
func_b_0x100009156,-467,False
func_b_0x1000092a1,1169,False
func_b_0x1000092d5,659,False
func_b_0x100009708,878,False
func_b_0x100009b92,1058,False
func_b_0x10000a0a5,-796,True
func_b_0x10000a14c,-732,False
func_b_0x10000a3b0,722,True
func_b_0x10000a5d9,-673,True
func_b_0x10000a603,449,True
func_b_0x10000a708,-610,False
func_b_0x10000a7cf,-299,True
func_b_0x10000a8c0,-30,True
func_b_0x10000a8c2,-358,False
func_b_0x10000a8c4,250,True
func_b_0x10000a8d2,199,True
func_b_0x10000ada6,337,True
func_b_0x10000b26f,201,True
func_b_0x10000b90f,881,True
func_ba_0x100005dfa,-481,True
func_ba_0x100005dfc,37,True
func_ba_0x10000b3df,-290,False
func_be_0x1000005db,-587,True
func_be_0x100002c3b,992,False
func_be_0x100002fee,700,True
func_be_0x100003024,738,True
func_be_0x10000303c,704,False
func_be_0x100003049,447,False
func_be_0x100003fea,408,True
func_be_0x100004008,-381,False
func_be_0x10000400a,1148,False
func_be_0x100004010,-774,True
func_be_0x100004014,-152,True
func_be_0x100004016,-642,True
func_be_0x100004020,-217,True
func_be_0x100004022,847,True
func_be_0x100004024,-478,True
func_be_0x100004026,-773,False
func_be_0x100004028,9,False
func_be_0x10000402a,205,True
func_be_0x10000402e,850,False
func_be_0x100004030,-380,True
func_be_0x100004608,-58,True
func_be_0x10000463f,5,False
func_be_0x100004691,1091,False
func_be_0x100004d18,-279,False
func_be_0x100004d32,505,True
func_be_0x100005bd6,616,False
func_be_0x100005c1f,457,False
func_be_0x100006811,107,True
func_be_0x100006906,-611,True
func_be_0x100006f16,926,True
func_be_0x100007a92,-128,True
func_be_0x100007c6f,601,True
func_be_0x100007c7f,948,False
func_be_0x100007c81,1004,False
func_be_0x100008eff,192,True
func_be_0x100008f41,246,True
func_be_0x100008f43,-498,True
func_be_0x100008f66,153,False
func_be_0x100008fab,-139,False
func_be_0x100008faf,-713,False
func_be_0x10000944b,-115,False
func_be_0x10000944d,-187,True
func_be_0x10000944f,429,True
func_be_0x100009451,79,True
func_be_0x100009e11,-559,True
func_be_0x10000ae21,-806,False
func_be_0x10000b28f,-261,True
func_be_0x10000b2af,-291,True
func_be_0x10000b2d0,-757,True
func_be_0x10000b2d3,168,False
func_be_0x10000b4f8,-308,True
func_be_0x10000b6b0,1160,False
func_be_0x10000b7bf,1114,False
func_be_0x10000b820,1152,True
func_be_0x10000b836,1181,True
func_be_0x10000b84a,-645,True
func_be_0x10000b8a7,-135,False
func_bi_0x100003257,397,True
func_bi_0x10000325a,-209,False
func_bi_0x1000032ec,996,True
func_bn_0x100004840,980,True
func_bn_0x100006026,310,True
func_bn_0x100006063,1165,True
func_bn_0x10000606a,719,True
func_bn_0x1000060ab,-345,True
func_bn_0x1000060ad,-553,True
func_bn_0x1000060b5,-791,True
func_bn_0x100009bc5,1176,True
func_bn_0x100009bed,1145,False
func_bn_0x100009c9a,-486,False
func_bn_0x100009c9c,-423,True
func_bn_0x10000a953,698,False
func_bn_0x10000a960,815,True
func_bn_0x10000a962,-698,True
func_bn_0x10000a964,777,False
func_bn_0x10000a966,1042,True
func_bn_0x10000abc0,297,False
func_bn_0x10000ac26,-266,True
func_bn_0x10000ac52,-33,True
func_bn_0x10000ac62,580,True
func_bo_0x10000753b,448,False
func_bo_0x100007829,1068,False
func_bo_0x10000782b,333,True
func_bt_0x100004844,-217,False
func_bt_0x100004846,-787,True
func_bt_0x100004848,1079,True
func_bt_0x10000484c,-508,True
func_bt_0x10000484e,333,True
func_bt_0x100004850,907,False
func_bt_0x100004852,500,False
func_bt_0x100004854,-61,True
func_bt_0x100004858,-412,True
func_bt_0x10000485a,477,False
func_bt_0x10000485c,-65,True
func_bt_0x100004860,490,True
func_bt_0x100004862,-367,False
func_bt_0x100004864,245,True
func_bt_0x100004868,-758,False
func_bt_0x10000486a,-619,True
func_bt_0x10000486c,492,True
func_bt_0x100006028,605,False
func_bt_0x10000602a,333,True
func_bt_0x10000605d,136,False
func_bt_0x100006068,462,True
func_bt_0x10000606c,817,True
func_bt_0x1000060a9,-401,False
func_bt_0x1000060b3,-284,True
func_bt_0x1000060c7,508,True
func_bt_0x100009bc7,187,True
func_bt_0x100009bcf,563,False
func_bt_0x100009bd3,638,False
func_bt_0x100009bd5,440,False
func_bt_0x100009bd7,1030,False
func_bt_0x100009bdb,-437,True
func_bt_0x100009be0,1071,False
func_bt_0x100009be7,-265,False
func_bt_0x100009be9,550,False
func_bt_0x100009bf1,36,False
func_bt_0x100009bf3,1028,False
func_bt_0x100009c6c,-224,False
func_bt_0x100009c6e,98,False
func_bt_0x100009c9e,-267,True
func_bt_0x100009cc1,189,True
func_bt_0x10000a945,-806,True
func_bt_0x10000a947,-779,True
func_bt_0x10000ab31,349,False
func_bt_0x10000ab33,-110,False
func_bt_0x10000abb8,-290,True
func_bt_0x10000abbc,882,True
func_bt_0x10000abbe,-653,True
func_bt_0x10000abc2,113,False
func_bt_0x10000abc4,943,True
func_bt_0x10000ac09,1069,True
func_bt_0x10000ac24,-17,True
func_bt_0x10000ac5f,-755,True
func_bu_0x100007d1c,-516,True
func_c_0x100000004,-261,False
func_c_0x100000006,246,False
func_c_0x10000002e,-165,False
func_c_0x100000044,1012,False
func_c_0x100000076,423,True
func_c_0x10000008c,1046,False
func_c_0x1000000fb,-474,False
func_c_0x10000016e,392,True
func_c_0x100000178,-32,False
func_c_0x10000019f,1026,False
func_c_0x100000234,111,False
func_c_0x10000023a,-686,True
func_c_0x100000240,-52,False
func_c_0x10000025c,-159,False
func_c_0x1000002ca,-287,False
func_c_0x1000002ef,838,True
func_c_0x100000321,-400,True
func_c_0x100000344,-604,False
func_c_0x100000358,-232,False
func_c_0x1000003a6,664,False
func_c_0x1000003ac,593,False
func_c_0x1000003d6,-488,True
func_c_0x1000003d9,284,True
func_c_0x1000003fb,-277,True
func_c_0x100000422,959,True
func_c_0x10000042a,361,True
func_c_0x1000004ba,208,True
func_c_0x1000004c5,342,False
func_c_0x1000004df,423,False
func_c_0x1000004e8,-653,True
func_c_0x1000004fe,489,True
func_c_0x100000546,1036,False
func_c_0x10000054e,76,False
func_c_0x100000561,669,True
func_c_0x100000564,114,False
func_c_0x10000057b,1135,True
func_c_0x100000586,-215,False
func_c_0x10000058d,172,True
func_c_0x1000005d3,411,True
func_c_0x1000005d8,677,False
func_c_0x100000809,542,False
func_c_0x10000082d,232,True
func_c_0x100000835,-273,True
func_c_0x100000848,231,True
func_c_0x100000859,-318,True
func_c_0x10000086d,518,True
func_c_0x100000898,561,True
func_c_0x1000008d3,-507,False
func_c_0x10000090c,788,False
func_c_0x100002671,-55,False
func_c_0x10000273b,583,False
func_c_0x1000027fd,778,True
func_c_0x100002a13,-649,True
func_c_0x100002b18,365,False
func_c_0x100002b60,-438,True
func_c_0x100002cf1,866,False
func_c_0x100002e15,107,False
func_c_0x10000305e,372,True
func_c_0x1000030ee,-12,True
func_c_0x1000035e3,490,True
func_c_0x100003606,-256,False
func_c_0x1000036c6,378,False
func_c_0x100003f86,587,False
func_c_0x100003fdb,1059,True
func_c_0x1000040df,-423,True
func_c_0x100004231,-584,False
func_c_0x10000424a,-400,True
func_c_0x100004340,96,True
func_c_0x1000043ff,743,False
func_c_0x100004435,-105,False
func_c_0x10000443f,1002,False
func_c_0x100004485,850,True
func_c_0x1000044b0,254,False
func_c_0x1000044c1,355,True
func_c_0x1000044d3,600,True
func_c_0x1000044f9,-659,False
func_c_0x1000044fb,700,False
func_c_0x100004655,1149,True
func_c_0x10000473a,-583,True
func_c_0x100004944,193,False
func_c_0x100004970,136,False
func_c_0x100004974,52,True
func_c_0x1000049fd,641,False
func_c_0x100004a05,-53,True
func_c_0x100004a36,-652,True
func_c_0x100004a87,905,True
func_c_0x100004baf,-170,True
func_c_0x100004e43,-90,True
func_c_0x100004e73,586,False
func_c_0x10000584c,22,False
func_c_0x100005854,779,False
func_c_0x100005858,18,False
func_c_0x10000585d,116,False
func_c_0x100005862,773,False
func_c_0x10000586b,-267,True
func_c_0x10000586f,920,True
func_c_0x10000596a,336,True
func_c_0x100005a8e,790,False
func_c_0x1000060d9,573,True
func_c_0x1000062d6,-796,True
func_c_0x100006331,1046,True
func_c_0x100006384,270,True
func_c_0x100006437,-498,True
func_c_0x100006472,1144,True
func_c_0x10000650e,-598,True
func_c_0x1000067cd,-563,False
func_c_0x100006932,1040,False
func_c_0x100006967,949,False
func_c_0x100006aca,-689,False
func_c_0x100006b07,632,True
func_c_0x100006c74,546,False
func_c_0x100006c79,1085,True
func_c_0x100007126,-421,True
func_c_0x1000074c1,-526,False
func_c_0x100007500,-619,False
func_c_0x1000078aa,-401,True
func_c_0x1000078b1,539,False
func_c_0x1000078d3,977,True
func_c_0x1000078f0,1135,True
func_c_0x10000792e,-371,False
func_c_0x100007949,77,True
func_c_0x100007992,1009,True
func_c_0x100007998,-115,True
func_c_0x1000079a4,250,False
func_c_0x1000079aa,439,True
func_c_0x1000079ea,390,False
func_c_0x100007a27,488,False
func_c_0x100007a46,-425,True
func_c_0x100007a58,972,True
func_c_0x100007aa3,-366,False
func_c_0x100007ade,-48,False
func_c_0x1000083b5,829,False
func_c_0x1000083c2,401,True
func_c_0x100008582,726,True
func_c_0x1000086f3,238,True
func_c_0x1000087ee,-308,True
func_c_0x1000087f6,462,False
func_c_0x100008805,404,False
func_c_0x10000880c,539,False
func_c_0x100008952,333,False
func_c_0x100008980,-105,False
func_c_0x100008984,136,True
func_c_0x100008995,357,False
func_c_0x1000089a0,-119,False
func_c_0x1000089a3,924,False
func_c_0x1000089aa,549,False
func_c_0x1000089b1,527,True
func_c_0x100008ab6,188,False
func_c_0x100008adb,-513,False
func_c_0x100008b56,-485,False
func_c_0x100008b6a,601,False
func_c_0x100008bd8,697,False
func_c_0x100008ccc,-450,True
func_c_0x100008d26,-702,False
func_c_0x100008d2e,315,False
func_c_0x100008e0a,132,False
func_c_0x100008e12,-179,False
func_c_0x100008e3f,107,True
func_c_0x100008e49,1044,True
func_c_0x100008e5f,-758,True
func_c_0x100008e70,160,False
func_c_0x100008e93,777,False
func_c_0x100008e9b,609,False
func_c_0x100008eba,1018,False
func_c_0x100008ec7,587,True
func_c_0x100008ed2,950,True
func_c_0x1000092c0,-813,False
func_c_0x10000938c,380,False
func_c_0x10000951b,-314,False
func_c_0x100009735,277,True
func_c_0x1000098d9,332,False
func_c_0x10000991c,-627,False
func_c_0x100009929,257,False
func_c_0x1000099f6,31,True
func_c_0x100009e76,620,True
func_c_0x100009e82,426,True
func_c_0x100009f12,-219,False
func_c_0x10000a098,944,True
func_c_0x10000a401,687,False
func_c_0x10000a9a8,-245,False
func_c_0x10000aa56,185,False
func_c_0x10000aa62,-558,True
func_c_0x10000aa73,362,False
func_c_0x10000aaec,-787,False
func_c_0x10000ab07,696,False
func_c_0x10000ab17,741,False
func_c_0x10000ab1b,-742,False
func_c_0x10000ac7c,674,False
func_c_0x10000b916,-145,True
func_c_0x10000b927,699,True
func_ce_0x1000026fb,571,False
func_ce_0x100002704,-72,False
func_ce_0x1000027bd,507,False
func_ce_0x1000027c6,-648,False
func_ce_0x10000287b,778,False
func_ce_0x1000028e8,36,False
func_ce_0x1000028ea,-234,True
func_ce_0x100002a51,699,False
func_ce_0x100002a53,-411,False
func_ce_0x100002a59,481,True
func_ce_0x100002a5b,386,False
func_ce_0x100002a68,1147,False
func_ce_0x100002e80,607,False
func_ce_0x100002e96,467,True
func_ce_0x1000035bb,54,False
func_ce_0x100004174,358,False
func_ce_0x10000469f,170,True
func_ce_0x1000046bd,-197,False
func_ce_0x100005224,-527,True
func_ce_0x100005429,-746,False
func_ce_0x100005788,-698,True
func_ce_0x100005ca2,388,False
func_ce_0x100005ca5,70,True
func_ce_0x100005e29,247,True
func_ce_0x100005e2f,-584,True
func_ce_0x100005e37,780,False
func_ce_0x100005e3b,213,False
func_ce_0x100005e41,-42,True
func_ce_0x100005e75,-646,False
func_ce_0x100005edd,832,False
func_ce_0x100005f55,-741,True
func_ce_0x100005f5d,77,False
func_ce_0x100005f5f,-717,False
func_ce_0x100005f61,1052,False
func_ce_0x100005fcf,-242,False
func_ce_0x1000063eb,896,True
func_ce_0x1000063fa,-361,False
func_ce_0x1000063fe,237,False
func_ce_0x100006400,-20,True
func_ce_0x100006408,-341,False
func_ce_0x1000069c4,-160,True
func_ce_0x100006bdf,-619,False
func_ce_0x100007a64,-577,True
func_ce_0x100007a6a,-125,True
func_ce_0x100007a6c,-517,True
func_ce_0x100007a6e,913,False
func_ce_0x100007a78,565,True
func_ce_0x100007a7e,238,True
func_ce_0x100007a80,-367,False
func_ce_0x100007a82,865,False
func_ce_0x100007a84,241,True
func_ce_0x100007a88,-18,False
func_ce_0x100007a8c,-511,False
func_ce_0x100007a90,-178,True
func_ce_0x100007c90,-37,False
func_ce_0x100007ca0,423,True
func_ce_0x100008b7a,992,False
func_ce_0x100008d7a,-406,True
func_ce_0x100008fc7,616,True
func_ce_0x100008fcb,-171,False
func_ce_0x10000900a,508,True
func_ce_0x100009699,-405,True
func_ce_0x100009771,923,True
func_ce_0x100009775,508,True
func_ce_0x100009932,225,False
func_ce_0x100009936,87,True
func_ce_0x100009938,1036,True
func_ce_0x100009b5d,-48,True
func_ce_0x100009b82,-541,True
func_ce_0x100009dcc,-600,True
func_ce_0x10000a0dd,-596,True
func_ce_0x10000a0e3,489,False
func_ce_0x10000a47d,123,False
func_ce_0x10000a47f,922,False
func_ce_0x10000a526,527,True
func_ce_0x10000a539,1147,True
func_ce_0x10000a557,159,True
func_ce_0x10000a571,-746,True
func_ce_0x10000a664,-676,False
func_ce_0x10000a666,773,True
func_ce_0x10000a66f,699,False
func_ce_0x10000a680,-476,True
func_ce_0x10000a6a0,-112,False
func_ce_0x10000a6a5,-158,False
func_ce_0x10000a9e8,370,False
func_ce_0x10000aa10,640,False
func_ce_0x10000aa13,366,False
func_ce_0x10000ac86,-560,True
func_ce_0x10000ac8a,874,False
func_ce_0x10000ac90,598,True
func_ce_0x10000ac92,-386,False
func_ce_0x10000ac94,870,True
func_ce_0x10000ad29,177,True
func_ce_0x10000ad2b,679,False
func_ce_0x10000ad2d,415,False
func_ce_0x10000ad31,-395,True
func_ce_0x10000ad3c,278,True
func_ce_0x10000b005,485,False
func_ce_0x10000b05d,-430,True
func_ce_0x10000b601,161,False
func_ce_0x10000b72f,972,False
func_ce_0x10000b78a,-67,True
func_ce_0x10000b8ec,775,True
func_ci_0x100007755,-703,False
func_ci_0x100007760,-200,True
func_ci_0x1000077a1,-159,True
func_ci_0x100007862,-461,False
func_cn_0x100009f8c,-683,False
func_cn_0x10000a094,713,True
func_cn_0x10000b40b,953,True
func_cn_0x10000b426,-154,False
func_co_0x10000b400,567,False
func_co_0x10000b402,1150,False
func_co_0x10000b446,9,False
func_co_0x10000b44a,961,True
func_cr_0x100005661,370,True
func_cr_0x100005733,-539,True
func_cr_0x100005753,-501,True
func_cr_0x100009c93,-617,False
func_cr_0x10000b427,800,False
func_cr_0x10000b42b,1102,True
func_ct_0x100004bf9,-467,True
func_ct_0x100004bfb,1122,False
func_ct_0x100008030,915,False
func_ct_0x100008673,-314,True
func_ct_0x1000097de,-290,False
func_ct_0x1000097fc,585,False
func_ct_0x10000ab35,538,False
func_ct_0x10000b040,-288,False
func_de_0x100002fdf,602,False
func_de_0x100002ff2,691,True
func_de_0x100004632,776,False
func_de_0x100004682,-677,True
func_de_0x100004703,624,False
func_de_0x100004707,273,False
func_de_0x10000470b,67,True
func_de_0x10000470f,436,True
func_de_0x100004711,-286,True
func_de_0x100004713,-632,False
func_de_0x10000471b,587,False
func_de_0x10000472b,-414,False
func_de_0x100004cac,300,False
func_de_0x100004d36,877,False
func_de_0x100004d3b,263,False
func_de_0x100004d3d,869,True
func_de_0x100004fbf,800,False
func_de_0x100004fc3,-682,True
func_de_0x100006987,-367,True
func_de_0x100006eff,586,False
func_de_0x100006f15,607,False
func_de_0x100007009,-364,True
func_de_0x100007c27,266,True
func_de_0x1000081c8,-606,False
func_de_0x100008fa5,994,True
func_de_0x10000944a,102,True
func_de_0x100009466,676,True
func_de_0x10000998b,-618,False
func_de_0x100009e08,809,True
func_de_0x10000a9fc,175,False
func_de_0x10000ac96,-716,False
func_de_0x10000b01f,678,True
func_de_0x10000b021,1094,True
func_de_0x10000b4e5,-192,True
func_de_0x10000b590,177,False
func_de_0x10000b7ce,-626,True
func_di_0x1000073ec,680,False
func_di_0x100007408,527,False
func_dn_0x10000295b,266,True
func_dn_0x100006015,340,True
func_dn_0x100006018,586,False
func_dn_0x10000603c,314,False
func_dn_0x10000603e,48,True
func_dn_0x10000a95c,-407,False
func_dn_0x10000a968,397,True
func_dn_0x10000abb6,725,True
func_dr_0x100003be2,479,False
func_dr_0x10000528e,-136,False
func_dr_0x100005292,-217,False
func_dr_0x100005296,24,False
func_dr_0x100005298,-643,False
func_dr_0x10000529c,-554,False
func_dr_0x1000052a2,-758,False
func_dr_0x1000052a6,1078,True
func_dr_0x1000052a8,371,False
func_dr_0x1000052ac,6,False
func_dr_0x1000052ae,-476,True
func_dr_0x1000052b0,66,False
func_dr_0x1000052b4,1148,False
func_dr_0x1000052b6,20,True
func_dr_0x1000052ba,-102,True
func_dr_0x1000052c6,256,False
func_dr_0x1000052c8,417,False
func_dr_0x1000052ca,984,True
func_dr_0x1000052d0,1117,True
func_dr_0x1000052d6,-688,False
func_dr_0x1000052d8,903,True
func_dr_0x1000052da,-243,False
func_dr_0x1000052e0,822,True
func_dr_0x1000052e4,-283,False
func_dr_0x1000052ee,822,True
func_dr_0x1000052f2,366,False
func_dr_0x1000052f6,15,True
func_dr_0x1000052f8,1006,True
func_dr_0x1000052fc,855,True
func_dr_0x100005300,-270,False
func_dr_0x100005302,693,True
func_dr_0x100005306,552,True
func_dr_0x100005308,433,False
func_dr_0x100005529,-510,True
func_dr_0x100005538,-54,True
func_dr_0x10000abcb,174,False
func_dr_0x10000abd9,597,False
func_dr_0x10000abe2,-545,False
func_dt_0x100003dd1,-111,False
func_dt_0x100003eeb,923,False
func_dt_0x100003f02,968,True
func_dt_0x100003f22,-68,False
func_dt_0x100003f32,18,True
func_dt_0x100005738,588,False
func_dt_0x10000a040,-335,True
func_dt_0x10000a2e0,-169,False
func_dt_0x10000a2fd,544,True
func_dt_0x10000a319,-310,True
func_dt_0x10000a325,-124,False
func_dt_0x10000a353,1098,True
func_dt_0x10000a359,-616,True
func_dt_0x10000a36b,-262,True
func_dt_0x10000a378,-776,True
func_dt_0x10000a384,1084,False
func_dt_0x10000a38c,893,False
func_dt_0x10000a398,1133,False
func_dt_0x10000b3a7,1004,False
func_dt_0x10000b41d,446,False
func_dt_0x10000b443,297,True
func_du_0x10000752f,476,True
func_du_0x100007533,566,False
func_du_0x100007535,252,True
func_du_0x100007537,-126,True
func_e_0x100000263,1113,False
func_e_0x100000385,1150,True
func_e_0x1000003ce,282,False
func_e_0x100000400,967,False
func_e_0x100000433,1070,True
func_e_0x100000466,-94,True
func_e_0x100000589,-661,True
func_e_0x100000774,-616,True
func_e_0x1000007c9,192,False
func_e_0x1000007d1,1116,True
func_e_0x1000007d8,354,False
func_e_0x1000007da,149,False
func_e_0x1000007f4,664,False
func_e_0x1000007fa,984,True
func_e_0x10000084d,799,True
func_e_0x100000857,-604,True
func_e_0x100000869,-58,False
func_e_0x100000875,-582,True
func_e_0x10000088c,898,True
func_e_0x100000893,598,False
func_e_0x1000008ba,-85,False
func_e_0x100000903,893,True
func_e_0x100000908,683,True
func_e_0x100002684,729,True
func_e_0x100002c78,437,True
func_e_0x100002c7a,-761,False
func_e_0x100002c7c,-131,False
func_e_0x100002c7e,505,True
func_e_0x100003061,-661,True
func_e_0x100003085,-452,True
func_e_0x100003094,957,False
func_e_0x10000309a,364,False
func_e_0x10000309d,5,True
func_e_0x1000035e8,691,True
func_e_0x10000363e,931,False
func_e_0x1000044b9,1048,True
func_e_0x1000046f1,881,False
func_e_0x100004b2a,1060,True
func_e_0x100004c26,831,False
func_e_0x100004c50,490,True
func_e_0x100004c6a,319,True
func_e_0x100004d01,-49,False
func_e_0x100004d24,1058,False
func_e_0x100005abe,-733,False
func_e_0x100006a1d,-542,True
func_e_0x100006a5e,505,True
func_e_0x100006a62,333,False
func_e_0x100006a67,860,False
func_e_0x100006a6e,1040,True
func_e_0x100007a43,812,True
func_e_0x100008282,914,True
func_e_0x100008286,-68,False
func_e_0x10000828a,-713,False
func_e_0x10000828c,92,False
func_e_0x1000082ae,-560,False
func_e_0x1000082b4,383,False
func_e_0x1000082be,93,False
func_e_0x1000082c0,-104,False
func_e_0x1000082c2,-774,False
func_e_0x1000082c4,-149,False
func_e_0x1000082cd,487,False
func_e_0x1000082cf,293,True
func_e_0x1000082d5,-369,False
func_e_0x1000086b1,718,False
func_e_0x1000086c3,266,False
func_e_0x1000086d5,411,False
func_e_0x1000086d7,-162,False
func_e_0x1000086ed,440,False
func_e_0x1000087b6,298,True
func_e_0x1000087c2,-765,True
func_e_0x1000087c7,-316,False
func_e_0x1000087cb,-490,True
func_e_0x1000087f3,723,True
func_e_0x100008800,-223,False
func_e_0x100008e05,814,False
func_e_0x100008e78,148,False
func_e_0x100008e7f,28,True
func_e_0x100008e84,790,True
func_e_0x100008e90,42,False
func_e_0x10000958d,-359,False
func_e_0x10000971e,477,False
func_e_0x100009e3e,656,False
func_e_0x100009e69,148,False
func_e_0x10000a936,418,False
func_e_0x10000aea5,999,True
func_e_0x10000afb2,1153,True
func_e_0x10000afb8,329,True
func_e_0x10000b221,-189,True
func_e_0x10000b225,-145,True
func_e_0x10000b22f,-576,False
func_e_0x10000b231,-465,True
func_e_0x10000b233,-494,True
func_e_0x10000b23f,47,False
func_e_0x10000b243,934,True
func_e_0x10000b245,434,True
func_e_0x10000b24b,202,False
func_e_0x10000b24f,602,False
func_e_0x10000b257,1159,False
func_e_0x10000b261,308,False
func_e_0x10000b263,1023,False
func_ea_0x100007531,1116,True
func_ea_0x100007539,328,True
func_ec_0x100005716,249,True
func_ec_0x10000571c,509,True
func_ec_0x10000572c,147,False
func_ec_0x100006f47,-386,True
func_ec_0x10000b3c4,-454,True
func_ec_0x10000b3fc,334,False
func_ec_0x10000b44c,982,True
func_ee_0x100000202,135,True
func_ee_0x100002710,896,False
func_ee_0x100002712,114,False
func_ee_0x1000027bc,808,False
func_ee_0x1000027d0,367,False
func_ee_0x100002879,-126,True
func_ee_0x10000287d,-25,True
func_ee_0x10000287f,150,False
func_ee_0x100002883,675,True
func_ee_0x100002885,352,False
func_ee_0x100002889,209,True
func_ee_0x1000028e1,630,False
func_ee_0x100002a5d,522,False
func_ee_0x100002e59,334,True
func_ee_0x100002e5e,531,True
func_ee_0x100002e9e,-503,False
func_ee_0x100003b1b,644,True
func_ee_0x100003b1d,586,True
func_ee_0x100003b1f,-789,False
func_ee_0x100003b21,1070,False
func_ee_0x100003b27,897,True
func_ee_0x100003b29,928,False
func_ee_0x100003b2f,611,False
func_ee_0x100003d93,1097,False
func_ee_0x10000459d,923,True
func_ee_0x1000046e0,-733,False
func_ee_0x1000051f8,-159,False
func_ee_0x1000053fa,-376,False
func_ee_0x1000054ba,1167,True
func_ee_0x1000054be,532,False
func_ee_0x1000054c2,-800,False
func_ee_0x1000054c4,-798,False
func_ee_0x1000054c8,-213,True
func_ee_0x1000054cc,900,False
func_ee_0x1000054ce,641,True
func_ee_0x1000054d2,416,True
func_ee_0x100005ecf,631,False
func_ee_0x100005f14,-322,False
func_ee_0x10000627b,728,True
func_ee_0x100006539,44,False
func_ee_0x10000653b,522,True
func_ee_0x10000653d,960,False
func_ee_0x100006be5,830,False
func_ee_0x100006be7,-204,True
func_ee_0x1000079be,584,False
func_ee_0x10000817c,1115,False
func_ee_0x100008a9b,787,True
func_ee_0x100008b71,1100,True
func_ee_0x100008d77,249,True
func_ee_0x100008dac,950,False
func_ee_0x100008efa,599,False
func_ee_0x100008fee,-700,True
func_ee_0x100009698,-87,True
func_ee_0x100009ab2,-191,False
func_ee_0x100009b76,-349,True
func_ee_0x100009ba4,828,False
func_ee_0x100009daf,-40,True
func_ee_0x100009ddd,-607,True
func_ee_0x100009f30,-767,True
func_ee_0x100009f32,224,True
func_ee_0x100009f34,-126,False
func_ee_0x10000a484,-798,True
func_ee_0x10000a63c,-513,False
func_ee_0x10000a7f8,20,True
func_ee_0x10000a7fc,332,False
func_ee_0x10000a800,192,False
func_ee_0x10000a803,-152,True
func_ee_0x10000accd,-635,True
func_ee_0x10000b5e9,-327,False
func_ee_0x10000b5f9,511,False
func_ee_0x10000b5fd,-775,False
func_ee_0x10000b78d,70,False
func_ee_0x10000b79f,-635,True
func_ei_0x1000037d2,-72,True
func_ei_0x1000037d4,626,False
func_ei_0x100003801,948,False
func_ei_0x100003838,-127,False
func_ei_0x100003969,491,True
func_ei_0x100003a90,-358,True
func_ei_0x100003aa9,713,True
func_en_0x100002974,-551,False
func_en_0x100005527,586,False
func_en_0x1000055e8,696,True
func_en_0x100006045,-280,True
func_en_0x10000604b,486,True
func_en_0x100006f7f,448,True
func_en_0x100006f81,298,True
func_en_0x100006f83,372,False
func_en_0x100006f85,807,False
func_en_0x100006f8b,-444,False
func_en_0x100006f97,801,False
func_en_0x100006f99,434,False
func_en_0x100006f9f,996,True
func_en_0x100006fa7,320,False
func_en_0x100006fa9,935,True
func_en_0x10000a975,1029,True
func_en_0x10000a977,974,True
func_en_0x10000abc6,514,True
func_en_0x10000abf5,-370,False
func_en_0x10000abf9,990,False
func_en_0x10000ac04,-9,False
func_en_0x10000ac06,-480,False
func_en_0x10000ac19,-483,False
func_en_0x10000ac1b,386,True
func_en_0x10000ac4b,800,False
func_er_0x100003533,537,False
func_er_0x100003544,910,False
func_er_0x100003546,113,False
func_er_0x100003548,1023,True
func_et_0x100002ec5,-632,False
func_et_0x100004073,766,True
func_et_0x10000407b,-659,True
func_et_0x10000407d,-234,True
func_et_0x100004085,-512,True
func_et_0x1000040a3,300,False
func_et_0x100004b19,-506,False
func_et_0x100004b1e,-132,False
func_et_0x100004b5e,1130,True
func_et_0x100004ca9,255,True
func_et_0x100004d1b,598,True
func_et_0x100004fe7,938,False
func_et_0x100005170,104,True
func_et_0x100005271,446,True
func_et_0x10000527b,-199,False
func_et_0x100005912,872,True
func_et_0x100005a1e,617,True
func_et_0x100005c09,1039,False
func_et_0x100005c0f,-86,False
func_et_0x1000067d9,452,False
func_et_0x1000067df,924,False
func_et_0x1000067e3,-478,False
func_et_0x1000067f7,383,True
func_et_0x100006853,1076,True
func_et_0x100006f12,4,False
func_et_0x100008efd,240,True
func_et_0x100009de8,310,False
func_et_0x10000a86a,-664,True
func_et_0x10000a86e,680,False
func_et_0x10000a876,638,True
func_et_0x10000aa06,167,False
func_et_0x10000b06f,-82,True
func_et_0x10000b071,636,False
func_et_0x10000b073,-284,False
func_et_0x10000b595,-550,True
func_et_0x10000b7cb,-700,True
func_et_0x10000b862,386,False
func_f_0x100000101,-605,False
func_f_0x100000166,815,False
func_f_0x1000002f3,267,True
func_f_0x100000325,253,True
func_f_0x100000382,-523,False
func_f_0x10000043e,-312,False
func_f_0x10000053e,-130,False
func_f_0x1000008e4,327,False
func_f_0x1000008f8,376,False
func_f_0x10000276e,-404,False
func_f_0x100002aa2,-674,True
func_f_0x100002b67,-89,False
func_f_0x100002bbe,-768,False
func_f_0x100002cd4,-615,True
func_f_0x100002d32,16,False
func_f_0x100002ddc,-21,True
func_f_0x100002eed,-177,True
func_f_0x1000030dc,-241,True
func_f_0x1000030de,560,False
func_f_0x10000360c,-693,False
func_f_0x10000360e,136,True
func_f_0x100003ad5,-537,False
func_f_0x100003af0,1123,True
func_f_0x100003b6a,-443,False
func_f_0x10000427c,-147,True
func_f_0x1000042a9,232,True
func_f_0x100004308,-714,False
func_f_0x100004404,354,False
func_f_0x10000441c,605,True
func_f_0x10000445c,460,True
func_f_0x1000044cb,630,False
func_f_0x100004963,868,False
func_f_0x100004a88,-375,True
func_f_0x100004a96,-735,False
func_f_0x100004f8f,277,True
func_f_0x1000054a6,657,False
func_f_0x10000588f,-34,True
func_f_0x1000059c1,1138,False
func_f_0x1000062b2,1020,True
func_f_0x1000062de,-588,True
func_f_0x100006367,-595,False
func_f_0x10000640c,24,False
func_f_0x10000675b,-428,False
func_f_0x1000067ce,10,True
func_f_0x1000068d2,-396,False
func_f_0x100006c7f,161,True
func_f_0x100007164,-346,True
func_f_0x100007501,-330,False
func_f_0x1000078bc,257,False
func_f_0x1000078cf,374,True
func_f_0x1000078d4,-623,True
func_f_0x1000078e8,704,True
func_f_0x100007995,-310,False
func_f_0x10000799b,122,False
func_f_0x1000079a0,591,True
func_f_0x1000079ab,962,False
func_f_0x100007a28,-580,False
func_f_0x100007be7,892,False
func_f_0x100007fc1,614,False
func_f_0x100007fdc,-671,True
func_f_0x1000082fe,1091,False
func_f_0x100008395,702,True
func_f_0x10000845f,453,True
func_f_0x10000879b,95,False
func_f_0x1000087a8,1153,False
func_f_0x100008826,951,True
func_f_0x100008b38,733,True
func_f_0x100008b57,-765,True
func_f_0x100008b60,840,True
func_f_0x100008b63,646,True
func_f_0x100008bff,-204,False
func_f_0x100008e3c,-771,False
func_f_0x100008e46,665,True
func_f_0x100009118,-215,False
func_f_0x1000094f1,648,True
func_f_0x100009507,329,True
func_f_0x100009752,974,True
func_f_0x100009756,419,True
func_f_0x100009917,135,True
func_f_0x1000099f2,188,False
func_f_0x100009d38,-57,True
func_f_0x100009e60,-654,False
func_f_0x100009f0a,982,True
func_f_0x100009f16,-289,True
func_f_0x10000a0f4,1014,False
func_f_0x10000a7b2,-587,True
func_f_0x10000a7c8,710,True
func_f_0x10000a9b1,-26,True
func_f_0x10000ab08,14,True
func_f_0x10000ab1f,189,False
func_f_0x10000ad71,310,True
func_f_0x10000afc7,-184,True
func_f_0x10000b092,-467,False
func_f_0x10000b8fa,964,False
func_f_0x10000b91e,414,True
func_fd_0x1000077dc,970,False
func_fe_0x1000027c2,767,True
func_fe_0x1000027c9,-7,True
func_fe_0x10000288d,-794,True
func_fe_0x1000028ee,-505,False
func_fe_0x100002eaf,465,True
func_fe_0x1000035a4,-194,True
func_fe_0x1000035a6,834,True
func_fe_0x100004072,604,False
func_fe_0x1000049aa,-513,True
func_fe_0x1000049bd,384,True
func_fe_0x100005366,-573,True
func_fe_0x10000536f,658,True
func_fe_0x100005379,589,False
func_fe_0x10000537b,935,False
func_fe_0x100005381,-423,False
func_fe_0x1000053a4,551,True
func_fe_0x1000063f4,876,True
func_fe_0x10000699f,-64,False
func_fe_0x1000069bc,-300,True
func_fe_0x1000069c2,357,True
func_fe_0x1000069c7,-582,True
func_fe_0x100006b4a,310,True
func_fe_0x100006ff7,-108,True
func_fe_0x100007c9c,1180,False
func_fe_0x100007ca7,-592,True
func_fe_0x100008209,680,True
func_fe_0x10000820d,1030,False
func_fe_0x100008a23,-350,True
func_fe_0x100008a28,-20,True
func_fe_0x100009320,-637,True
func_fe_0x100009da3,138,True
func_fe_0x100009da5,3,False
func_fe_0x100009db8,-125,False
func_fe_0x100009dba,240,True
func_fe_0x100009dd9,717,True
func_fe_0x10000a457,-596,True
func_fe_0x10000a66b,-241,True
func_fe_0x10000a68b,1155,True
func_fe_0x10000a730,1131,False
func_fe_0x10000a84b,38,True
func_fe_0x10000a84f,-534,True
func_fe_0x10000a851,784,True
func_fe_0x10000a853,375,True
func_fe_0x10000a855,-94,True
func_fe_0x10000a857,-333,False
func_fe_0x10000a859,428,True
func_fe_0x10000a85b,891,False
func_fe_0x10000a85f,146,True
func_fe_0x10000a861,-784,False
func_fe_0x10000a863,322,False
func_fe_0x10000a865,364,True
func_fe_0x10000a867,438,False
func_fe_0x10000a9e1,-567,True
func_fe_0x10000a9f8,1095,True
func_fe_0x10000b060,136,True
func_fe_0x10000b625,-612,False
func_fe_0x10000b63b,144,False
func_fe_0x10000b63d,-590,True
func_fe_0x10000b63f,-760,False
func_fe_0x10000b643,941,True
func_fe_0x10000b648,-357,False
func_fe_0x10000b652,446,True
func_fe_0x10000b65a,142,True
func_fe_0x10000b67c,946,True
func_fe_0x10000b6a2,174,True
func_fe_0x10000b6f2,1127,False
func_fe_0x10000b6fc,-366,True
func_fe_0x10000b6fe,-550,True
func_fe_0x10000b790,-134,False
func_fr_0x100005515,568,False
func_fr_0x100009f98,383,False
func_fr_0x100009fae,82,False
func_fr_0x100009fb2,-70,True
func_fr_0x10000a03e,-384,True
func_fr_0x10000b347,-768,False
func_fr_0x10000b349,493,False
func_fr_0x10000b369,-391,True
func_fr_0x10000b371,839,False
func_fr_0x10000b389,193,True
func_fr_0x10000b38b,-314,True
func_fr_0x10000b391,-193,True
func_fr_0x10000b39d,1079,True
func_fr_0x10000b3ab,1024,False
func_fr_0x10000b466,-670,True
func_ft_0x10000295c,17,False
func_ft_0x100002960,462,True
func_ft_0x100002962,579,True
func_ft_0x100002966,-184,True
func_ft_0x100002968,1137,True
func_ft_0x10000296a,515,True
func_ft_0x100002970,490,False
func_ft_0x100002978,-172,True
func_ft_0x10000297a,1134,False
func_ft_0x100003bb8,806,False
func_ft_0x100003bba,337,True
func_ft_0x100003bc0,-431,True
func_ft_0x100003bc2,-553,True
func_ft_0x100003bc6,270,True
func_ft_0x100003bc8,697,True
func_ft_0x100003bcd,1169,True
func_ft_0x100003bd3,979,True
func_ft_0x100003bec,108,False
func_ft_0x100003bee,681,True
func_ft_0x100003bf0,-220,False
func_ft_0x100003bf2,-383,False
func_ft_0x100003bf4,1070,False
func_ft_0x100003bf6,606,False
func_ft_0x100003ce1,330,False
func_ft_0x100003ce3,357,False
func_ft_0x100003ce7,1106,False
func_ft_0x100003ce9,873,True
func_ft_0x100003ced,284,False
func_ft_0x100003cf5,788,False
func_ft_0x100003cf7,-720,False
func_ft_0x100003cfb,-41,False
func_ft_0x100003cff,-392,True
func_ft_0x100003d05,-267,True
func_ft_0x10000553c,-9,True
func_ft_0x100009c72,-87,True
func_ft_0x10000ac4c,1051,True
func_g_0x100000091,871,True
func_g_0x1000002d4,-110,True
func_g_0x10000034c,518,False
func_g_0x100000524,220,True
func_g_0x1000005a2,-546,True
func_g_0x1000005b4,-646,True
func_g_0x10000087c,219,False
func_g_0x10000087f,781,True
func_g_0x1000008aa,-274,False
func_g_0x100002a14,813,True
func_g_0x100002a77,66,False
func_g_0x100002aaa,1093,True
func_g_0x100002ab2,1182,True
func_g_0x100002ab5,-809,False
func_g_0x100002ab8,-800,False
func_g_0x100002b6b,-793,True
func_g_0x100002b8e,964,True
func_g_0x100002bb6,-153,True
func_g_0x100002bf8,980,False
func_g_0x100002ccb,155,False
func_g_0x100002f10,-293,True
func_g_0x1000030eb,53,True
func_g_0x100003574,-318,False
func_g_0x100003ae4,1103,False
func_g_0x100003f87,-136,False
func_g_0x1000040d9,-677,True
func_g_0x1000041bb,160,True
func_g_0x100004215,-806,False
func_g_0x100004275,-743,False
func_g_0x100004277,-380,True
func_g_0x100004337,729,True
func_g_0x100004346,1070,True
func_g_0x100004408,-811,False
func_g_0x10000440a,348,True
func_g_0x10000440c,811,False
func_g_0x100004410,-222,False
func_g_0x100004430,299,False
func_g_0x100004432,-709,True
func_g_0x1000044cc,1145,False
func_g_0x1000044da,-163,False
func_g_0x1000044f6,-30,False
func_g_0x100004657,-639,True
func_g_0x100004756,664,True
func_g_0x100004764,550,False
func_g_0x100004975,648,True
func_g_0x100004977,-100,False
func_g_0x100004de2,679,True
func_g_0x100004e21,433,False
func_g_0x100004e74,972,True
func_g_0x100004f68,641,True
func_g_0x1000055f0,-78,False
func_g_0x10000582a,-774,True
func_g_0x10000589c,674,False
func_g_0x1000058a6,-334,False
func_g_0x100005c31,705,True
func_g_0x100006308,1184,True
func_g_0x100006364,996,True
func_g_0x10000686c,236,False
func_g_0x1000068e6,-508,True
func_g_0x10000697b,-91,True
func_g_0x100006b35,930,True
func_g_0x100006cc4,-664,True
func_g_0x100006d4d,351,False
func_g_0x100007457,611,False
func_g_0x10000788c,-248,True
func_g_0x100007965,91,False
func_g_0x100007b67,-382,True
func_g_0x100007bdf,-250,True
func_g_0x100007fab,549,False
func_g_0x100008300,226,True
func_g_0x100008304,989,False
func_g_0x100008306,-703,False
func_g_0x100008309,-216,False
func_g_0x1000083cf,840,True
func_g_0x1000083d1,794,True
func_g_0x1000083d3,573,True
func_g_0x1000088d0,-372,False
func_g_0x1000089c7,-130,False
func_g_0x1000089d1,656,True
func_g_0x1000089d3,725,False
func_g_0x100008ad0,-155,True
func_g_0x100008d2f,55,True
func_g_0x100008db6,433,False
func_g_0x100008dde,245,True
func_g_0x100008e2f,630,False
func_g_0x100009104,677,False
func_g_0x100009106,521,True
func_g_0x100009162,-123,False
func_g_0x100009164,474,False
func_g_0x100009177,-665,True
func_g_0x100009179,-414,False
func_g_0x100009184,130,True
func_g_0x10000918c,-430,True
func_g_0x1000091c6,85,True
func_g_0x1000091c8,-492,True
func_g_0x1000091d0,-624,True
func_g_0x1000091d7,261,False
func_g_0x1000091dc,-597,False
func_g_0x1000091f1,106,True
func_g_0x100009217,245,True
func_g_0x100009219,-576,True
func_g_0x10000922a,-301,False
func_g_0x10000922c,1133,False
func_g_0x100009235,222,False
func_g_0x100009256,-719,False
func_g_0x100009260,128,False
func_g_0x100009262,1061,False
func_g_0x10000926b,1068,True
func_g_0x10000927e,46,True
func_g_0x100009296,971,True
func_g_0x1000092c4,904,False
func_g_0x1000092c6,527,True
func_g_0x1000092ce,-563,True
func_g_0x10000931b,-258,False
func_g_0x100009372,3,False
func_g_0x100009376,-426,False
func_g_0x1000093de,-62,True
func_g_0x100009615,201,False
func_g_0x100009617,551,False
func_g_0x100009643,-776,True
func_g_0x10000970b,-72,True
func_g_0x100009cf4,949,False
func_g_0x10000a106,101,True
func_g_0x10000a4e9,53,False
func_g_0x10000a609,-445,True
func_g_0x10000a6aa,334,False
func_g_0x10000a9b8,-217,False
func_g_0x10000ab2e,881,False
func_g_0x10000ace9,1040,False
func_g_0x10000ad79,459,True
func_g_0x10000ad7b,627,False
func_ge_0x100000770,411,False
func_ge_0x100000772,852,True
func_ge_0x1000007c7,1158,True
func_ge_0x1000007dc,454,True
func_ge_0x1000007e3,-129,False
func_ge_0x1000007e7,750,True
func_ge_0x100000800,991,True
func_ge_0x100000804,-523,True
func_ge_0x100000806,-600,False
func_ge_0x100002c3c,642,False
func_ge_0x100002c80,844,True
func_ge_0x100002c87,548,True
func_ge_0x100004ad1,544,True
func_ge_0x100004ae1,328,False
func_ge_0x100004b28,-284,True
func_ge_0x100004c1e,699,False
func_ge_0x100004c40,1007,True
func_ge_0x100004c56,227,True
func_ge_0x100004c5c,206,True
func_ge_0x100004c5e,-299,False
func_ge_0x100004c62,-645,False
func_ge_0x100004c64,-357,True
func_ge_0x100004d03,372,False
func_ge_0x1000050aa,-276,False
func_ge_0x100006a18,-789,False
func_ge_0x100006a21,1019,False
func_ge_0x100006a40,268,True
func_ge_0x100006a4f,-742,True
func_ge_0x100006a53,-761,True
func_ge_0x100008284,516,True
func_ge_0x10000828e,-261,False
func_ge_0x100008294,-163,False
func_ge_0x100008298,374,False
func_ge_0x10000829a,526,False
func_ge_0x10000829e,1021,False
func_ge_0x1000082b2,-59,True
func_ge_0x1000082b8,617,False
func_ge_0x1000082ba,-486,False
func_ge_0x1000082bc,1125,True
func_ge_0x1000082cb,645,True
func_ge_0x1000082d1,740,False
func_ge_0x10000866e,648,True
func_ge_0x100008691,118,True
func_ge_0x1000086cc,-552,True
func_ge_0x1000086e0,24,False
func_ge_0x100008f28,940,False
func_ge_0x100008f53,-723,True
func_ge_0x10000a912,-57,False
func_ge_0x10000a916,-260,False
func_ge_0x10000a91c,688,True
func_ge_0x10000a920,-490,False
func_ge_0x10000a926,-710,True
func_ge_0x10000a92c,463,False
func_ge_0x10000a92e,-579,True
func_ge_0x10000a932,1007,False
func_ge_0x10000af1f,-19,True
func_ge_0x10000b20d,841,False
func_ge_0x10000b21b,405,False
func_ge_0x10000b22d,-294,True
func_ge_0x10000b247,808,False
func_ge_0x10000b24d,-812,False
func_ge_0x10000b25d,421,False
func_ge_0x10000b268,1147,False
func_ge_0x10000b26b,748,False
func_ge_0x10000b2ca,973,False
func_ge_0x10000b2cc,866,True
func_ge_0x10000b82c,669,True
func_gn_0x100003e49,301,False
func_gn_0x100005749,543,True
func_gn_0x100005751,343,True
func_gn_0x100009ffd,-524,False
func_gn_0x10000a003,-303,False
func_gn_0x10000a009,396,False
func_gn_0x10000b42e,-566,False
func_gn_0x10000b461,173,False
func_go_0x100007509,364,False
func_go_0x100007511,403,False
func_go_0x1000077d0,812,True
func_go_0x1000077df,-638,False
func_go_0x100007827,975,False
func_go_0x10000782d,310,False
func_go_0x10000782f,917,False
func_gt_0x100004875,1124,True
func_gt_0x100005533,277,True
func_gt_0x100006056,483,True
func_gt_0x100006f3d,618,True
func_gt_0x100009cad,1036,True
func_gt_0x100009cb2,828,False
func_gt_0x10000a970,-295,True
func_gt_0x10000abdc,-73,True
func_gt_0x10000ac2a,-193,False
func_gt_0x10000ac41,25,False
func_gt_0x10000ac43,111,False
func_h_0x100000127,144,False
func_h_0x100000129,-580,True
func_h_0x10000014f,-389,True
func_h_0x100000220,856,False
func_h_0x1000002b4,-802,True
func_h_0x1000002e0,594,False
func_h_0x1000002e2,500,True
func_h_0x1000002e4,-197,False
func_h_0x1000005c1,844,False
func_h_0x100002806,98,False
func_h_0x100002acb,5,False
func_h_0x100002add,783,True
func_h_0x100002bd0,345,True
func_h_0x100002bd6,1133,False
func_h_0x100002be6,-92,False
func_h_0x100002d38,143,False
func_h_0x100002e44,734,False
func_h_0x100003b07,-483,True
func_h_0x100003b09,-721,False
func_h_0x100003b0d,-428,False
func_h_0x100003b0f,14,False
func_h_0x100003b11,-250,False
func_h_0x10000411d,-33,True
func_h_0x10000411f,267,True
func_h_0x100004121,-58,True
func_h_0x100004125,-345,True
func_h_0x1000041cd,1138,True
func_h_0x1000042a5,1073,False
func_h_0x100004349,-253,True
func_h_0x10000434b,-363,False
func_h_0x100004351,170,True
func_h_0x100004468,6,False
func_h_0x100004585,615,True
func_h_0x1000047bc,71,True
func_h_0x1000047c6,-312,False
func_h_0x1000047e2,937,False
func_h_0x10000497b,632,False
func_h_0x100004df1,-804,False
func_h_0x100004e30,718,False
func_h_0x100005041,-789,True
func_h_0x1000055f3,140,False
func_h_0x100005b92,810,False
func_h_0x100005eab,792,False
func_h_0x1000062f1,-92,False
func_h_0x100006458,-426,False
func_h_0x100006677,-190,False
func_h_0x100006679,-66,True
func_h_0x10000689d,-365,False
func_h_0x100006b26,1040,False
func_h_0x100006dc1,236,False
func_h_0x100006dc8,-725,False
func_h_0x100007179,1125,True
func_h_0x100007b56,-598,False
func_h_0x100007b61,976,False
func_h_0x100008117,-303,True
func_h_0x1000082e1,51,False
func_h_0x100008332,371,True
func_h_0x10000837f,-212,False
func_h_0x100008385,757,True
func_h_0x10000844f,964,False
func_h_0x100008704,531,False
func_h_0x100008773,380,True
func_h_0x100008775,351,True
func_h_0x100008779,12,True
func_h_0x100008780,-401,False
func_h_0x10000878a,814,False
func_h_0x1000088d1,-108,True
func_h_0x100008b40,-41,True
func_h_0x100008bcd,-65,True
func_h_0x100008c66,980,True
func_h_0x100008d30,-751,True
func_h_0x100008d5d,384,True
func_h_0x100008d5f,2,False
func_h_0x100008dc5,747,False
func_h_0x100008ee2,630,False
func_h_0x100008ee6,-62,False
func_h_0x1000093ba,-292,True
func_h_0x1000093d5,-152,True
func_h_0x10000949e,642,False
func_h_0x10000970e,702,True
func_h_0x1000098f5,370,True
func_h_0x100009d3a,-479,False
func_h_0x100009d3e,-514,True
func_h_0x100009e99,431,False
func_h_0x10000a4b4,1006,False
func_h_0x10000a4b6,657,False
func_h_0x10000a4bd,-729,False
func_h_0x10000a4c1,43,False
func_h_0x10000a6c4,-4,False
func_h_0x10000a896,885,True
func_h_0x10000ac78,941,False
func_h_0x10000acee,-110,False
func_h_0x10000ad56,801,True
func_h_0x10000ad6e,591,False
func_h_0x10000ad90,-413,True
func_h_0x10000ad9a,1049,True
func_h_0x10000b723,300,True
func_h_0x10000b86b,-69,False
func_ha_0x100007d18,-624,True
func_ha_0x100007d24,-499,False
func_he_0x10000020b,1161,False
func_he_0x100002fe3,413,False
func_he_0x100002fe5,536,True
func_he_0x100003057,-48,False
func_he_0x10000452c,-104,True
func_he_0x100004549,877,True
func_he_0x10000454b,148,False
func_he_0x10000454f,995,True
func_he_0x100004551,-280,True
func_he_0x10000455f,568,True
func_he_0x100004565,-501,False
func_he_0x10000456e,890,True
func_he_0x100004572,580,False
func_he_0x100004576,51,False
func_he_0x100004616,-189,True
func_he_0x100004620,870,True
func_he_0x100004630,46,False
func_he_0x100004649,277,True
func_he_0x10000464e,544,True
func_he_0x100004837,631,True
func_he_0x100004839,757,True
func_he_0x100004926,-588,True
func_he_0x100004928,585,True
func_he_0x10000492a,-800,False
func_he_0x10000492c,-288,False
func_he_0x10000498f,-160,False
func_he_0x10000499e,-127,True
func_he_0x1000049b6,125,True
func_he_0x1000049c7,702,True
func_he_0x100005190,549,False
func_he_0x100005192,-304,False
func_he_0x1000051b3,-564,True
func_he_0x1000058fe,744,True
func_he_0x100005fd0,-248,False
func_he_0x100005fd4,861,False
func_he_0x100005fda,554,False
func_he_0x100005fdc,712,True
func_he_0x1000068fa,316,True
func_he_0x10000690d,842,False
func_he_0x10000690f,83,False
func_he_0x100006915,646,True
func_he_0x100007caf,-95,True
func_he_0x1000085d3,-404,True
func_he_0x1000085d5,-571,False
func_he_0x1000085d7,95,False
func_he_0x1000085d9,914,False
func_he_0x1000085db,-344,False
func_he_0x1000085e0,62,True
func_he_0x1000085e2,680,False
func_he_0x1000085f9,-573,False
func_he_0x100009365,-460,False
func_he_0x100009437,1063,False
func_he_0x100009439,-538,False
func_he_0x10000946b,541,True
func_he_0x10000946f,1151,True
func_he_0x1000096e1,391,True
func_he_0x1000096e3,-68,True
func_he_0x1000096e7,-13,False
func_he_0x100009968,1061,True
func_he_0x100009de0,-588,True
func_he_0x10000adf6,93,False
func_he_0x10000b012,121,False
func_he_0x10000b016,154,False
func_he_0x10000b018,-352,False
func_he_0x10000b01a,239,False
func_hi_0x100007605,5,True
func_hi_0x1000077b7,768,False
func_hi_0x100007850,-428,True
func_hn_0x1000007b2,-220,True
func_hn_0x1000007b6,327,False
func_hn_0x1000007b8,28,False
func_hn_0x1000007ba,76,True
func_hn_0x100002c22,969,False
func_hn_0x100002c41,1131,True
func_hn_0x100002c43,-603,True
func_hn_0x100002c47,1059,False
func_hn_0x100004bf8,-456,True
func_hn_0x100004cba,94,False
func_hn_0x100004cc4,278,False
func_hn_0x10000740b,841,False
func_hn_0x10000801e,223,False
func_hn_0x100008670,322,False
func_hn_0x1000086a3,-525,False
func_hn_0x1000086a5,626,False
func_hn_0x1000086a7,392,False
func_hn_0x1000086b4,1168,True
func_hn_0x100009099,-738,True
func_hn_0x10000909f,-737,True
func_hn_0x1000090a7,-517,True
func_hn_0x1000090a9,-376,False
func_hn_0x100009a06,-747,True
func_hn_0x10000b03d,686,False
func_hr_0x10000600b,127,False
func_hr_0x100006013,-352,True
func_hr_0x10000602e,-295,True
func_hr_0x1000060c1,946,True
func_hr_0x100009bcb,-477,False
func_hr_0x10000a96d,129,False
func_hr_0x10000abab,723,True
func_hr_0x10000abec,169,False
func_ht_0x100003a0e,763,True
func_ht_0x100003a12,127,False
func_ht_0x100007d29,367,False
func_ht_0x100007e45,41,True
func_ht_0x100007e47,371,True
func_ht_0x100007e49,-341,True
func_ht_0x100007e51,975,False
func_ht_0x100007e53,-618,True
func_ht_0x100007e74,649,True
func_ht_0x100007e80,592,True
func_ht_0x100007e8e,1124,False
func_ht_0x100007e98,817,False
func_ht_0x100007e9a,468,False
func_ht_0x100007ea6,-51,True
func_ht_0x100007eaa,715,True
func_ht_0x100007eb0,-762,True
func_ht_0x100007eb2,-789,True
func_ht_0x100007ebc,729,False
func_ht_0x100007ed6,-61,False
func_ht_0x100007eda,-300,True
func_ht_0x100007ee2,-772,False
func_ht_0x100007ee4,674,False
func_ht_0x100007eee,205,False
func_ht_0x100007ef4,-26,False
func_ht_0x100007f02,628,False
func_ht_0x100007f04,400,True
func_ht_0x100007f0e,603,True
func_ht_0x100007f1a,190,True
func_ht_0x100007f22,-562,True
func_ht_0x100007f24,630,False
func_ht_0x100007f30,-253,True
func_ht_0x100007f32,-512,True
func_ht_0x100007f36,-710,True
func_ht_0x100007f3a,-516,False
func_ht_0x100007f3c,72,False
func_ht_0x100007f40,-727,True
func_ht_0x100007f42,623,False
func_ht_0x100007f46,68,False
func_ht_0x100007f4d,467,True
func_ht_0x100007f4f,-404,True
func_ht_0x100007f52,-806,True
func_ht_0x100007f54,986,True
func_ht_0x100007f56,-265,True
func_ht_0x100007f5d,-246,False
func_ht_0x100007f5f,1145,False
func_ht_0x100007f65,-687,False
func_ht_0x100007f6b,895,True
func_ht_0x100007f75,-305,True
func_ht_0x100007f77,-703,False
func_ht_0x100007f79,-566,True
func_ht_0x100007f83,-715,False
func_ht_0x100007f85,1033,True
func_ht_0x100007f87,1096,True
func_ht_0x100007f8d,259,False
func_ht_0x100007f91,538,True
func_ht_0x100007f93,-394,False
func_ht_0x100007f95,-563,True
func_ht_0x100007f9f,-746,False
func_ht_0x100007fa1,540,True
func_i_0x1000056ea,-2,False
func_i_0x100006f5a,811,False
func_ia_0x1000073fc,26,False
func_ia_0x100007402,516,False
func_ic_0x100003e3b,-550,False
func_ie_0x1000027c7,-534,False
func_ie_0x1000027cb,284,True
func_ie_0x1000028f0,-643,False
func_ie_0x1000035c4,-53,True
func_ie_0x1000035c6,-321,False
func_ie_0x1000035c8,739,True
func_ie_0x100004175,-27,True
func_ie_0x100004177,1064,True
func_ie_0x1000045b3,195,True
func_ie_0x1000046b1,-411,True
func_ie_0x1000049a6,588,True
func_ie_0x1000049b4,9,False
func_ie_0x1000049cd,11,False
func_ie_0x100005150,-23,False
func_ie_0x100005156,849,False
func_ie_0x100005235,806,True
func_ie_0x100005c79,667,False
func_ie_0x100005e2b,154,False
func_ie_0x1000063e5,-350,False
func_ie_0x1000063e7,-731,True
func_ie_0x1000063f1,-564,True
func_ie_0x1000064f1,264,True
func_ie_0x1000064f3,-565,False
func_ie_0x1000065e0,1112,False
func_ie_0x1000065fd,1135,True
func_ie_0x100006605,-651,True
func_ie_0x100007a66,684,False
func_ie_0x100007a9a,158,True
func_ie_0x100007c92,-522,False
func_ie_0x100007c96,-599,True
func_ie_0x100007ca2,-706,True
func_ie_0x100007cb7,294,False
func_ie_0x100007cbb,-585,False
func_ie_0x100009b84,817,False
func_ie_0x100009b86,398,False
func_ie_0x100009da7,409,True
func_ie_0x100009dbc,-37,False
func_ie_0x100009dc0,-317,True
func_ie_0x100009dc2,1041,True
func_ie_0x100009dd4,-69,False
func_ie_0x10000a0e1,104,False
func_ie_0x10000a673,-813,True
func_ie_0x10000a778,-745,True
func_ie_0x10000a77a,-812,False
func_ie_0x10000a785,604,False
func_ie_0x10000a796,1053,True
func_ie_0x10000a79a,930,False
func_ie_0x10000a79d,1030,False
func_ie_0x10000a80e,-713,False
func_ie_0x10000a849,-601,False
func_ie_0x10000a984,573,True
func_ie_0x10000a9ea,-477,True
func_ie_0x10000ad27,-299,False
func_ie_0x10000ad33,481,True
func_ie_0x10000ad39,1084,True
func_ie_0x10000ad3f,-57,False
func_ie_0x10000b62b,490,True
func_ie_0x10000b62d,452,False
func_ie_0x10000b62f,1168,False
func_ie_0x10000b633,-511,False
func_ie_0x10000b672,625,False
func_ie_0x10000b6a6,-765,False
func_ie_0x10000b6b7,86,True
func_ie_0x10000b893,-297,True
func_ie_0x10000b8b4,1132,False
func_ie_0x10000b8e4,-741,True
func_ii_0x10000736b,-534,False
func_ii_0x10000737d,308,False
func_ii_0x100007381,-73,False
func_ii_0x100007385,-642,True
func_ii_0x100007387,171,True
func_ii_0x100007389,157,True
func_ii_0x10000738b,-250,True
func_ii_0x100007397,-297,True
func_ii_0x100007399,413,False
func_ii_0x10000739b,-181,False
func_ii_0x10000739d,-506,True
func_ii_0x10000739f,-380,True
func_ii_0x1000073b1,1153,True
func_ii_0x1000073b7,-496,False
func_ii_0x1000073c1,-557,True
func_ii_0x1000073c7,-295,True
func_ii_0x1000073db,299,False
func_ii_0x1000073df,-187,False
func_ii_0x1000073e7,-38,True
func_ir_0x10000380c,914,False
func_ir_0x10000381a,417,False
func_ir_0x100003836,429,True
func_ir_0x100003873,-746,True
func_ir_0x1000038dc,454,True
func_ir_0x100003910,191,False
func_ir_0x10000398a,351,False
func_ir_0x10000398f,-552,False
func_ir_0x1000039c3,-121,False
func_ir_0x1000039e2,1069,False
func_ir_0x100003a31,285,True
func_j_0x1000001fc,1098,True
func_j_0x1000001fe,648,False
func_j_0x100000200,234,True
func_j_0x100000204,-511,True
func_j_0x1000026d2,78,True
func_j_0x1000026d4,-53,False
func_j_0x1000027ac,63,False
func_j_0x1000027d8,-354,True
func_j_0x100002a2f,145,False
func_j_0x100002a58,-596,False
func_j_0x100002e5c,186,False
func_j_0x100003d65,823,False
func_j_0x100003d6d,-80,False
func_j_0x100003d79,448,False
func_j_0x100003d7d,913,False
func_j_0x100003d81,-251,True
func_j_0x100003d8d,42,True
func_j_0x100003d8f,-514,False
func_j_0x100003d91,-261,True
func_j_0x10000467c,-686,False
func_j_0x1000046e3,329,False
func_j_0x100004a7e,1168,True
func_j_0x100004f45,-621,False
func_j_0x1000051f6,740,True
func_j_0x1000053f2,994,True
func_j_0x1000053f6,205,True
func_j_0x1000053f8,995,False
func_j_0x1000053fc,958,False
func_j_0x1000053fe,816,False
func_j_0x100005400,-423,True
func_j_0x100005402,418,False
func_j_0x100005404,-501,True
func_j_0x100005406,353,True
func_j_0x100005408,215,True
func_j_0x100005a93,207,False
func_j_0x100005f23,-361,True
func_j_0x10000627f,318,False
func_j_0x1000064ee,636,False
func_j_0x100006794,-529,False
func_j_0x10000679a,1038,True
func_j_0x10000679c,424,True
func_j_0x1000067a5,-691,False
func_j_0x100006ada,-536,True
func_j_0x100006bcd,-175,False
func_j_0x100006bcf,233,False
func_j_0x100006bdd,-698,True
func_j_0x100006be9,334,True
func_j_0x1000079e5,-424,True
func_j_0x10000817e,1061,False
func_j_0x1000081b8,-531,True
func_j_0x1000081ba,-515,False
func_j_0x1000081bc,1014,True
func_j_0x1000081be,919,True
func_j_0x1000081da,-451,True
func_j_0x100008aa0,363,False
func_j_0x100009794,-45,True
func_j_0x100009941,-36,False
func_j_0x100009945,-228,True
func_j_0x100009b2f,392,False
func_j_0x100009d9e,-565,True
func_j_0x100009da0,702,False
func_j_0x100009daa,556,True
func_j_0x100009db1,1076,True
func_j_0x100009dbf,429,True
func_j_0x100009dd1,133,False
func_j_0x100009f36,-439,False
func_j_0x10000a47c,540,True
func_j_0x10000a4f7,203,True
func_j_0x10000a7fa,955,True
func_j_0x10000b003,282,False
func_j_0x10000b085,1138,True
func_j_0x10000b08b,1057,False
func_j_0x10000b5ab,293,False
func_j_0x10000b5e7,115,False
func_j_0x10000b5eb,1025,False
func_j_0x10000b5ed,938,False
func_j_0x10000b5f7,117,True
func_j_0x10000b5fb,-621,False
func_j_0x10000b79b,585,True
func_ja_0x1000073f8,64,False
func_ja_0x1000073fa,-469,True
func_ja_0x1000073fe,51,False
func_ja_0x100007400,-385,True
func_je_0x100000213,-689,True
func_je_0x100002737,7,True
func_je_0x100002892,-798,True
func_je_0x100002894,634,True
func_je_0x100002fb3,1096,False
func_je_0x100002fb5,71,False
func_je_0x1000035a8,640,True
func_je_0x100004624,-175,True
func_je_0x100004626,-80,False
func_je_0x10000462a,241,True
func_je_0x1000048df,-427,False
func_je_0x100005233,914,False
func_je_0x1000058e8,-87,True
func_je_0x1000058ec,1076,False
func_je_0x1000064a1,199,False
func_je_0x1000064a9,-489,True
func_je_0x1000064ab,-762,False
func_je_0x10000699d,270,False
func_je_0x100006ff9,542,True
func_je_0x10000900b,445,False
func_je_0x100009361,557,False
func_je_0x10000a3da,-76,True
func_je_0x10000a3de,-482,False
func_je_0x10000a3e0,564,True
func_je_0x10000a3ea,-377,False
func_je_0x10000a3f4,244,False
func_je_0x10000b011,-771,True
func_je_0x10000b6ae,-428,False
func_je_0x10000b6b9,41,True
func_ji_0x1000037b6,613,True
func_ji_0x1000037b9,20,False
func_ji_0x1000037bd,-111,True
func_ji_0x1000037c5,-50,True
func_ji_0x100003839,-191,False
func_jn_0x10000324c,1049,False
func_jn_0x100003254,222,False
func_jn_0x10000326e,657,True
func_jn_0x100003278,-682,False
func_jn_0x100003292,1106,False
func_jn_0x100003296,61,True
func_jn_0x100003298,-124,True
func_jn_0x10000329a,941,False
func_jn_0x10000329e,988,True
func_jn_0x1000032a0,6,False
func_jn_0x1000032a2,694,True
func_jn_0x1000032a6,6,False
func_jn_0x1000032a8,-566,True
func_jn_0x1000032aa,-590,False
func_jn_0x1000032b0,-448,True
func_jn_0x1000032b4,-70,False
func_jn_0x1000032b6,-66,True
func_jn_0x1000032b8,1093,True
func_jn_0x1000032ba,-61,False
func_jn_0x1000032c2,114,True
func_jn_0x1000032c4,-468,True
func_jn_0x1000032c6,-634,False
func_jn_0x1000032ca,-345,False
func_jn_0x1000032cc,485,False
func_jn_0x1000032d0,-449,True
func_jn_0x1000032d2,959,False
func_jn_0x1000032d6,-664,True
func_jn_0x1000032da,476,False
func_jn_0x1000032e2,-248,True
func_jn_0x1000032e4,-584,True
func_jn_0x1000032e6,-85,True
func_jn_0x1000032ea,884,False
func_jn_0x1000032f0,-64,False
func_jn_0x1000032fc,85,True
func_jn_0x100003300,174,True
func_jn_0x10000330a,-69,False
func_jn_0x100003310,713,True
func_jn_0x100003312,-559,False
func_jn_0x100003314,489,True
func_jn_0x100003320,256,False
func_jn_0x100003322,870,True
func_jn_0x100003324,776,False
func_jn_0x10000332e,224,False
func_jn_0x100003330,40,True
func_jn_0x100003338,667,True
func_jn_0x10000333a,911,True
func_jn_0x10000333e,-774,True
func_jn_0x100003340,539,True
func_jn_0x100003342,923,True
func_jn_0x100003344,-152,False
func_jn_0x100003346,924,True
func_jn_0x100003348,-143,False
func_jn_0x10000334a,1114,False
func_jn_0x100003354,722,False
func_jn_0x100003356,-470,False
func_jn_0x100003360,1052,True
func_jn_0x100003366,82,False
func_jn_0x100003368,621,True
func_jn_0x100003374,-454,True
func_jn_0x100003376,-588,False
func_jn_0x100003378,809,True
func_jn_0x10000337c,163,False
func_jn_0x10000337e,765,False
func_jn_0x100003380,-399,False
func_jn_0x10000338e,444,True
func_jn_0x100003396,-733,True
func_jn_0x100003398,951,False
func_jn_0x10000339c,-560,True
func_jn_0x10000339e,-182,False
func_jn_0x1000033a0,245,False
func_jn_0x1000033a2,-441,False
func_jn_0x1000033a4,68,False
func_jn_0x1000033a6,474,False
func_jn_0x1000033a8,117,False
func_jn_0x1000033aa,1026,False
func_jn_0x1000033b0,126,True
func_jn_0x1000033b2,376,True
func_jn_0x1000033b4,-316,True
func_jn_0x1000033c0,828,True
func_jn_0x1000033c2,-583,False
func_jn_0x1000033c4,277,True
func_jn_0x1000033c6,69,False
func_jn_0x1000033c8,1040,False
func_jn_0x1000033ca,-448,True
func_jn_0x1000033cc,-265,True
func_jn_0x1000033ce,656,False
func_jn_0x1000033d0,-63,False
func_jn_0x1000033d2,190,False
func_jn_0x1000033d4,386,True
func_jn_0x1000033d8,461,False
func_jn_0x1000033e2,1135,True
func_jn_0x1000033e4,-733,True
func_jn_0x1000033e6,-453,False
func_jn_0x1000033e8,31,True
func_jn_0x1000033ea,-467,False
func_jn_0x1000033f4,157,False
func_jn_0x1000033f6,214,True
func_jn_0x100003560,1023,True
func_jn_0x100003566,1116,False
func_jn_0x10000356a,955,True
func_jo_0x10000752e,-404,True
func_jo_0x1000077af,-224,False
func_jt_0x100003e04,52,True
func_jt_0x100005cef,64,False
func_jt_0x10000736a,692,True
func_ju_0x1000077d8,542,True
func_k_0x1000026f8,-778,False
func_k_0x1000028fb,940,False
func_k_0x10000290f,514,True
func_k_0x100002922,420,True
func_k_0x100002b06,1168,True
func_k_0x100002b1e,996,True
func_k_0x100002b23,-737,False
func_k_0x100002b28,-378,True
func_k_0x100002dbb,142,True
func_k_0x100002e55,517,False
func_k_0x100002ea1,-737,True
func_k_0x100002fa3,156,True
func_k_0x100002fd9,186,True
func_k_0x10000366d,-428,False
func_k_0x100003681,189,True
func_k_0x100003683,1165,False
func_k_0x100003685,-397,False
func_k_0x100004058,-703,True
func_k_0x100004062,17,False
func_k_0x10000406c,98,True
func_k_0x10000406f,771,False
func_k_0x100004299,832,True
func_k_0x1000042a0,-768,False
func_k_0x1000042ad,-186,True
func_k_0x1000042af,250,False
func_k_0x1000042b1,633,True
func_k_0x1000042e7,104,True
func_k_0x1000042eb,-193,False
func_k_0x1000042ed,559,False
func_k_0x1000045c5,-747,False
func_k_0x1000045e3,-449,False
func_k_0x1000045e7,-349,False
func_k_0x10000476a,-223,True
func_k_0x100004a5f,896,True
func_k_0x100004a69,480,True
func_k_0x100004b9a,1059,True
func_k_0x100004b9c,732,False
func_k_0x100004ba2,548,False
func_k_0x100004eb9,-736,True
func_k_0x100005050,951,False
func_k_0x100005135,-98,False
func_k_0x100005147,-675,True
func_k_0x100005454,408,False
func_k_0x100005467,859,True
func_k_0x100005e93,36,True
func_k_0x100005f6b,-316,True
func_k_0x100005fc2,217,False
func_k_0x100005fcb,-576,True
func_k_0x10000611c,-535,True
func_k_0x100006122,-58,True
func_k_0x100006124,-73,True
func_k_0x100006153,-348,True
func_k_0x100006157,882,False
func_k_0x10000615b,-303,True
func_k_0x100006179,-91,False
func_k_0x10000617d,174,False
func_k_0x1000062fc,232,True
func_k_0x1000063a0,-156,True
func_k_0x100006432,-281,True
func_k_0x1000064e9,165,True
func_k_0x100006572,639,False
func_k_0x100006599,1004,True
func_k_0x100006646,865,True
func_k_0x100006aaa,348,False
func_k_0x100006aac,301,False
func_k_0x100006ab8,907,False
func_k_0x100006abd,1117,False
func_k_0x100006ac1,-676,False
func_k_0x100006ac3,-99,False
func_k_0x100006b45,-481,False
func_k_0x100006d84,-139,True
func_k_0x100006d86,471,False
func_k_0x100006d90,756,False
func_k_0x100006df9,891,False
func_k_0x10000719e,190,True
func_k_0x100007218,-805,True
func_k_0x1000072f5,395,False
func_k_0x100007b2c,618,True
func_k_0x1000080b8,-8,False
func_k_0x100008125,807,False
func_k_0x100008127,-525,True
func_k_0x100008234,572,True
func_k_0x100008245,679,False
func_k_0x100008408,-497,False
func_k_0x100008744,-746,True
func_k_0x100008746,1053,True
func_k_0x100008748,171,False
func_k_0x10000874f,-408,True
func_k_0x100008ba0,1060,False
func_k_0x100008c8a,1079,True
func_k_0x100008cdf,-279,True
func_k_0x100008ce5,772,False
func_k_0x100008ce8,181,False
func_k_0x100008d04,-811,True
func_k_0x100008d06,415,True
func_k_0x100008d08,-28,False
func_k_0x100009042,950,False
func_k_0x100009045,427,True
func_k_0x100009697,-133,False
func_k_0x1000098be,410,False
func_k_0x100009b7a,-485,False
func_k_0x100009b8f,30,False
func_k_0x100009ce8,-255,True
func_k_0x10000a11e,668,True
func_k_0x10000a124,851,False
func_k_0x10000a617,-463,False
func_k_0x10000a619,-141,False
func_k_0x10000a61b,-784,False
func_k_0x10000a61d,-365,True
func_k_0x10000a61f,365,True
func_k_0x10000a621,557,True
func_k_0x10000a632,-283,False
func_k_0x10000a71a,1027,True
func_k_0x10000a816,32,False
func_k_0x10000b1a8,-535,False
func_k_0x10000b6bf,55,True
func_k_0x10000b724,112,False
func_k_0x10000b726,959,False
func_k_0x10000b728,-186,False
func_ka_0x10000325e,492,False
func_ka_0x10000327f,282,True
func_ka_0x100003316,774,False
func_ka_0x100003318,-85,False
func_kc_0x100003dea,326,True
func_kc_0x100003e0c,9,False
func_kc_0x100005df9,857,False
func_kc_0x100006f4f,-623,False
func_ke_0x1000005dc,-41,False
func_ke_0x1000007e9,-617,True
func_ke_0x100002c4f,-109,False
func_ke_0x100002c55,701,False
func_ke_0x10000437e,-351,False
func_ke_0x100004384,205,True
func_ke_0x10000438a,328,False
func_ke_0x10000438e,26,False
func_ke_0x100004392,747,False
func_ke_0x100004394,196,True
func_ke_0x10000439a,-218,False
func_ke_0x10000439c,28,True
func_ke_0x1000043a2,316,False
func_ke_0x1000043a4,-755,False
func_ke_0x1000043a6,-536,False
func_ke_0x1000043a8,665,False
func_ke_0x1000043aa,-128,True
func_ke_0x1000043b2,751,False
func_ke_0x1000043b6,546,False
func_ke_0x1000043ba,555,True
func_ke_0x1000043be,-578,False
func_ke_0x1000043c4,493,False
func_ke_0x1000043c6,-447,False
func_ke_0x1000043c8,-295,True
func_ke_0x1000043ca,1174,False
func_ke_0x1000043cc,1034,False
func_ke_0x1000043ce,-639,False
func_ke_0x1000043d4,-717,True
func_ke_0x1000043d8,-257,True
func_ke_0x1000043dc,397,True
func_ke_0x1000043de,-457,False
func_ke_0x1000043e0,-622,False
func_ke_0x1000043e4,-315,False
func_ke_0x1000043e6,114,False
func_ke_0x1000043ee,-218,True
func_ke_0x1000043f0,-318,False
func_ke_0x1000043f2,245,True
func_ke_0x100004bf4,1069,True
func_ke_0x100004c18,-415,False
func_ke_0x100005b08,-151,True
func_ke_0x100005b0c,-411,False
func_ke_0x100005b0e,573,False
func_ke_0x100005b1c,150,True
func_ke_0x100005b20,752,False
func_ke_0x100005b2c,786,False
func_ke_0x100005b32,394,False
func_ke_0x100005b34,152,False
func_ke_0x100005b36,-60,False
func_ke_0x100005b3a,-698,False
func_ke_0x100005b46,838,True
func_ke_0x100005b4c,954,False
func_ke_0x100005b50,1076,False
func_ke_0x100005b60,500,False
func_ke_0x100005b64,-622,False
func_ke_0x100005b66,708,True
func_ke_0x100005b68,917,False
func_ke_0x100005b6a,-173,False
func_ke_0x100005b72,771,False
func_ke_0x100005b76,673,False
func_ke_0x100005b7c,487,True
func_ke_0x100005b82,980,True
func_ke_0x100005b84,889,True
func_ke_0x100005b86,261,False
func_ke_0x100006a12,-145,False
func_ke_0x100006a2a,-712,True
func_ke_0x10000801c,-263,True
func_ke_0x10000802e,-114,True
func_ke_0x100008054,1137,True
func_ke_0x10000805c,735,True
func_ke_0x100008061,-232,True
func_ke_0x100008065,316,False
func_ke_0x100008067,1123,False
func_ke_0x10000806b,-656,False
func_ke_0x10000806f,-301,False
func_ke_0x100008071,-467,True
func_ke_0x100008075,-731,False
func_ke_0x100008077,-636,True
func_ke_0x100008079,386,True
func_ke_0x10000807b,610,True
func_ke_0x10000807d,1170,True
func_ke_0x10000807f,-268,True
func_ke_0x100008081,-333,False
func_ke_0x100008085,148,True
func_ke_0x1000080a3,1106,False
func_ke_0x1000080a7,482,True
func_ke_0x100009875,356,False
func_ke_0x1000099fd,1018,False
func_ke_0x100009a05,-583,False
func_ke_0x100009a1d,391,False
func_ke_0x100009a79,-385,True
func_ke_0x10000b038,922,True
func_ke_0x10000b216,529,True
func_ki_0x100003842,-407,True
func_ki_0x100003975,-356,False
func_ki_0x1000039ae,977,False
func_ki_0x1000039b2,350,True
func_ki_0x1000039ee,783,True
func_ki_0x100003a11,53,False
func_ki_0x100003a66,-121,False
func_ki_0x100003a68,-362,False
func_ki_0x100003a6c,-563,True
func_ki_0x100003a70,-60,True
func_kn_0x10000573d,27,True
func_kn_0x100005741,284,False
func_kn_0x10000574d,758,False
func_kn_0x100005757,848,False
func_kn_0x100005759,577,True
func_kn_0x10000575b,-363,True
func_kn_0x10000575f,918,True
func_kn_0x100009c75,-624,True
func_kn_0x100009c7f,-31,True
func_kn_0x100009c81,-104,True
func_kn_0x10000b38e,576,False
func_kn_0x10000b40d,1108,True
func_ko_0x100007770,-92,False
func_kr_0x10000326a,-548,True
func_kr_0x10000326c,-507,True
func_kr_0x100003382,-449,True
func_kr_0x1000033be,749,False
func_kr_0x100003408,524,True
func_kr_0x100003568,1076,False
func_kr_0x100003570,-354,True
func_kt_0x100004acc,711,False
func_kt_0x100004b44,-570,False
func_kt_0x100004b57,-610,True
func_kt_0x100004b69,100,True
func_kt_0x100004c73,92,False
func_kt_0x100004cfe,630,False
func_kt_0x1000050c9,867,True
func_kt_0x100005a27,-651,False
func_kt_0x100005a29,495,True
func_kt_0x100005c18,-510,True
func_kt_0x1000067fd,-753,False
func_kt_0x100008f25,-746,True
func_kt_0x100008f2d,-629,False
func_kt_0x100008f31,-452,False
func_kt_0x100008f37,-621,False
func_kt_0x100009545,207,True
func_kt_0x100009549,97,True
func_kt_0x10000954b,52,False
func_kt_0x10000954f,-304,False
func_kt_0x100009551,-438,False
func_kt_0x100009553,961,False
func_kt_0x10000955d,-446,True
func_kt_0x100009561,932,True
func_kt_0x100009565,436,False
func_kt_0x100009569,276,False
func_kt_0x10000956b,119,True
func_kt_0x10000956d,425,False
func_kt_0x100009573,-111,True
func_kt_0x10000957b,423,True
func_kt_0x10000957f,-76,True
func_kt_0x100009583,597,False
func_kt_0x100009585,-96,False
func_kt_0x10000958a,306,True
func_kt_0x10000a1c8,559,False
func_kt_0x10000a1ca,182,True
func_kt_0x10000a879,855,False
func_kt_0x10000aad5,-474,False
func_kt_0x10000af68,-81,False
func_kt_0x10000af6e,754,False
func_kt_0x10000af76,-743,False
func_kt_0x10000af78,344,True
func_kt_0x10000af80,658,True
func_kt_0x10000b20a,239,True
func_kt_0x10000b827,-797,False
func_kt_0x10000b863,-417,False
func_l_0x10000004d,-423,False
func_l_0x100000114,1021,False
func_l_0x1000001d7,-617,False
func_l_0x100000319,-206,False
func_l_0x1000003f1,-414,True
func_l_0x1000008f6,-322,False
func_l_0x100002748,33,True
func_l_0x100002777,478,True
func_l_0x100002a9a,949,False
func_l_0x100002b36,904,True
func_l_0x100002c0d,-627,False
func_l_0x100002d0c,508,False
func_l_0x100002d2e,-30,True
func_l_0x100002e38,-747,True
func_l_0x100003ad7,980,True
func_l_0x100003b6e,-418,False
func_l_0x100003f99,427,True
func_l_0x1000040e9,-816,True
func_l_0x1000040eb,385,True
func_l_0x10000411a,562,False
func_l_0x10000448c,1126,True
func_l_0x1000044e3,-411,True
func_l_0x10000450c,250,True
func_l_0x100004a32,-241,False
func_l_0x100004a9f,-815,False
func_l_0x100004ba5,-374,False
func_l_0x100004e17,1034,False
func_l_0x100004e1f,655,True
func_l_0x1000058a2,414,True
func_l_0x100005b91,-82,False
func_l_0x100005eb6,-268,False
func_l_0x100005fa7,875,True
func_l_0x1000062d3,-803,True
func_l_0x1000062e1,-232,False
func_l_0x100006389,1044,False
func_l_0x1000063ce,251,False
func_l_0x10000663a,190,True
func_l_0x100006684,-156,False
func_l_0x1000067d4,31,True
func_l_0x10000686f,667,True
func_l_0x100006875,780,False
func_l_0x1000068b4,1014,False
func_l_0x1000068b6,-275,False
func_l_0x1000068bc,-739,True
func_l_0x1000068cd,-141,False
func_l_0x100006b3b,1159,True
func_l_0x100006b80,-41,False
func_l_0x100006c62,443,True
func_l_0x100006c8e,1053,True
func_l_0x100006d64,607,True
func_l_0x100006e0d,674,True
func_l_0x100006e0f,252,True
func_l_0x100006e50,149,False
func_l_0x1000078c5,1024,True
func_l_0x1000078cb,853,False
func_l_0x10000792f,1000,False
func_l_0x100007939,1148,False
func_l_0x100007a24,128,False
func_l_0x100007ad9,-163,False
func_l_0x100007fd9,20,False
func_l_0x100008302,-441,False
func_l_0x1000083d5,658,True
func_l_0x100008587,850,False
func_l_0x1000086fb,-239,True
func_l_0x10000870b,844,False
func_l_0x100008810,687,True
func_l_0x100008b04,44,True
func_l_0x100008c14,517,True
func_l_0x100008c17,793,False
func_l_0x100008cb7,59,True
func_l_0x100008cd0,-709,True
func_l_0x100008d13,65,False
func_l_0x100008df8,301,True
func_l_0x100008ec1,-633,False
func_l_0x10000900f,-764,True
func_l_0x1000090f8,33,False
func_l_0x10000919b,418,True
func_l_0x100009243,-506,False
func_l_0x1000092f2,-155,True
func_l_0x1000092fa,-345,True
func_l_0x100009302,55,True
func_l_0x100009374,1046,False
func_l_0x100009518,-125,True
func_l_0x100009763,783,False
func_l_0x10000990e,418,True
func_l_0x100009912,767,False
func_l_0x100009918,-244,True
func_l_0x100009d4d,-155,False
func_l_0x100009e51,-517,False
func_l_0x100009e55,-144,False
func_l_0x100009f0c,-13,True
func_l_0x10000a139,-190,False
func_l_0x10000a5fb,-107,True
func_l_0x10000aa69,-545,False
func_l_0x10000aaf9,47,False
func_l_0x10000ad6d,-83,True
func_l_0x10000b91f,288,False
func_la_0x100007507,810,False
func_la_0x10000750b,707,False
func_la_0x10000750d,71,True
func_la_0x10000750f,-427,True
func_la_0x100007513,-342,False
func_la_0x100007515,88,False
func_la_0x100007821,1137,False
func_la_0x100007823,-401,True
func_la_0x100007825,1126,False
func_le_0x100003015,1130,False
func_le_0x100003035,866,False
func_le_0x100003047,840,True
func_le_0x10000304b,197,True
func_le_0x100003fe6,818,False
func_le_0x100003fe8,45,False
func_le_0x100003fec,499,False
func_le_0x100003fee,78,False
func_le_0x100003ff0,1077,False
func_le_0x100003ff2,705,False
func_le_0x100003ff4,-101,False
func_le_0x100003ff6,1067,False
func_le_0x100003ff8,1060,False
func_le_0x100003ffa,520,False
func_le_0x100003ffc,212,False
func_le_0x100003ffe,-371,True
func_le_0x100004000,-753,True
func_le_0x100004002,414,True
func_le_0x100004004,300,True
func_le_0x100004006,-585,True
func_le_0x10000400c,-669,False
func_le_0x10000400e,218,True
func_le_0x100004012,-101,True
func_le_0x100004018,-778,False
func_le_0x10000401a,128,True
func_le_0x10000401c,-461,False
func_le_0x10000401e,562,False
func_le_0x10000402c,-397,True
func_le_0x100004705,252,False
func_le_0x100004ac3,1012,False
func_le_0x100004d40,880,False
func_le_0x100004fca,567,False
func_le_0x100004fe4,390,True
func_le_0x10000518e,62,True
func_le_0x100005bde,654,True
func_le_0x100007c25,1006,True
func_le_0x100007c4e,-372,False
func_le_0x100007c54,877,False
func_le_0x100007c58,-767,False
func_le_0x100007c5a,-355,False
func_le_0x100007c5c,844,True
func_le_0x100007c5f,740,False
func_le_0x100007c61,-100,False
func_le_0x100007c6b,-457,False
func_le_0x100007c6d,-495,False
func_le_0x100007c71,785,True
func_le_0x100007c75,-142,True
func_le_0x100007c79,1143,True
func_le_0x100007c7b,910,True
func_le_0x100007c7d,519,True
func_le_0x100007c85,1041,False
func_le_0x100007c87,-728,False
func_le_0x100007c89,564,False
func_le_0x100007c8b,-790,True
func_le_0x1000081c2,531,True
func_le_0x1000081c4,-266,True
func_le_0x100008f3f,-611,True
func_le_0x100008f68,92,False
func_le_0x100008fa3,-5,True
func_le_0x100008fa9,562,True
func_le_0x10000998d,75,True
func_le_0x100009e15,1023,True
func_le_0x10000a9ff,336,True
func_le_0x10000b06e,-321,True
func_le_0x10000b292,-40,False
func_le_0x10000b4f2,-491,True
func_le_0x10000b4f4,1141,True
func_le_0x10000b834,-207,False
func_le_0x10000b83a,596,False
func_le_0x10000b83c,-728,True
func_ln_0x100007529,691,True
func_ln_0x1000075e3,1099,True
func_ln_0x1000075eb,-469,False
func_ln_0x100007640,-586,True
func_ln_0x100007659,468,True
func_ln_0x100007661,609,False
func_ln_0x100007663,-82,True
func_ln_0x10000766b,540,False
func_ln_0x10000766d,1128,False
func_ln_0x1000076ad,-556,True
func_ln_0x1000076af,866,False
func_ln_0x1000076b1,-13,True
func_ln_0x1000076c1,132,True
func_ln_0x1000076ce,-437,True
func_ln_0x1000076d7,-361,False
func_ln_0x1000076db,-576,True
func_ln_0x100007729,114,True
func_ln_0x10000772b,324,False
func_ln_0x10000775b,-809,False
func_ln_0x100007784,319,False
func_ln_0x1000077a5,970,True
func_ln_0x1000077c5,-672,False
func_ln_0x100007808,-595,False
func_ln_0x100007817,249,False
func_ln_0x100007861,868,False
func_ln_0x100007865,1042,False
func_ln_0x100007868,158,False
func_lo_0x100003dec,721,False
func_lo_0x100003df2,-658,False
func_lo_0x100003df4,-385,True
func_lo_0x100003dfa,176,True
func_lo_0x100003dfe,-339,False
func_lo_0x100003e02,454,False
func_lo_0x100003e08,873,True
func_lo_0x100003e0e,649,True
func_lo_0x100003e14,306,True
func_lo_0x100003e18,-500,True
func_lo_0x100003e1a,-112,True
func_lo_0x100003e1c,-399,False
func_lo_0x100003e1e,-691,True
func_lo_0x100006f4d,100,False
func_lr_0x100004872,493,False
func_lr_0x100005501,-256,False
func_lr_0x1000055b3,798,False
func_lr_0x1000055b7,271,False
func_lr_0x1000055c2,1171,False
func_lr_0x1000055c4,779,True
func_lr_0x1000055c6,184,True
func_lr_0x1000055cc,577,True
func_lr_0x1000055d8,704,False
func_lr_0x1000055db,-478,True
func_lr_0x10000abb0,763,False
func_lt_0x1000037ce,814,False
func_lt_0x1000037d7,41,False
func_lt_0x1000037f7,696,False
func_lt_0x1000037fc,-312,False
func_lt_0x100003804,-661,False
func_lt_0x10000381c,-622,True
func_lt_0x100003822,-466,True
func_lt_0x100003824,-498,False
func_lt_0x100003826,126,True
func_lt_0x10000382a,37,True
func_lt_0x100003854,851,False
func_lt_0x100003856,504,True
func_lt_0x100003858,-93,False
func_lt_0x10000385a,905,True
func_lt_0x10000385e,-210,True
func_lt_0x10000386a,-475,True
func_lt_0x10000386e,-200,True
func_lt_0x1000038a4,-754,True
func_lt_0x1000038a6,-691,False
func_lt_0x1000038a8,503,False
func_lt_0x1000038ad,-459,True
func_lt_0x1000038bc,520,False
func_lt_0x1000038bf,1042,True
func_lt_0x1000038c2,192,True
func_lt_0x1000038c5,-554,False
func_lt_0x1000038d6,-692,True
func_lt_0x1000038d8,-775,False
func_lt_0x1000038da,1149,False
func_lt_0x1000038fe,-747,True
func_lt_0x100003904,-323,False
func_lt_0x100003933,-363,True
func_lt_0x100003942,-48,True
func_lt_0x100003944,-529,False
func_lt_0x100003947,621,False
func_lt_0x100003949,510,False
func_lt_0x10000395a,-654,True
func_lt_0x100003965,-358,True
func_lt_0x1000039a0,1172,False
func_lt_0x1000039b6,-173,False
func_lt_0x1000039bd,-193,False
func_lt_0x1000039da,213,False
func_lt_0x1000039dc,-331,False
func_lt_0x1000039e0,-54,True
func_lt_0x100003a25,468,True
func_lt_0x100003a34,-421,False
func_lt_0x100003a3a,135,False
func_lt_0x100003a3c,273,False
func_lt_0x100003a3f,-784,False
func_lt_0x100003a43,185,False
func_lt_0x100003a49,975,True
func_lt_0x100003a52,893,True
func_lt_0x100003a54,-155,True
func_lt_0x100003a58,286,False
func_lt_0x100003a5f,191,True
func_lt_0x100003a61,-19,True
func_lt_0x100003a7c,241,True
func_lt_0x100003a9b,5,False
func_lt_0x100003a9f,8,False
func_lt_0x100003aa1,-341,False
func_lt_0x100003aaf,-472,True
func_m_0x100000297,-665,True
func_m_0x100000427,-812,False
func_m_0x1000005a4,-485,False
func_m_0x1000005bc,-382,False
func_m_0x10000274e,679,True
func_m_0x100002774,598,False
func_m_0x100002a8a,-69,True
func_m_0x100002a8c,-142,True
func_m_0x100002b4d,998,False
func_m_0x100002b55,-592,False
func_m_0x100002bb4,-20,False
func_m_0x100002cd0,126,True
func_m_0x100002d07,902,False
func_m_0x100002d0a,-436,True
func_m_0x100002d59,-275,False
func_m_0x100002dc7,963,True
func_m_0x100002e0c,613,True
func_m_0x100002e25,-448,False
func_m_0x10000357c,414,True
func_m_0x10000357e,-709,True
func_m_0x10000414c,-363,True
func_m_0x1000041fa,-777,True
func_m_0x100004314,309,False
func_m_0x100004320,590,True
func_m_0x100004341,650,False
func_m_0x10000440e,377,True
func_m_0x100004492,-523,True
func_m_0x100004494,-791,True
func_m_0x1000044de,353,True
func_m_0x1000044f0,-216,True
func_m_0x10000450d,-133,True
func_m_0x100004519,-427,False
func_m_0x100004b8d,-335,False
func_m_0x100004e15,109,False
func_m_0x1000057dd,739,True
func_m_0x100005995,-621,False
func_m_0x1000059bd,-15,True
func_m_0x100005ba9,-416,False
func_m_0x100005ebd,-483,False
func_m_0x100005ec2,-809,True
func_m_0x100005f08,-554,True
func_m_0x1000062e4,387,True
func_m_0x100006659,-575,False
func_m_0x100006665,11,True
func_m_0x10000668d,-763,True
func_m_0x10000675c,1030,False
func_m_0x10000675e,-252,True
func_m_0x100006856,-1,True
func_m_0x10000687a,548,True
func_m_0x1000068c7,-483,True
func_m_0x100006c16,-155,False
func_m_0x100006c89,-249,False
func_m_0x100006cf5,925,False
func_m_0x100006dad,152,False
func_m_0x100006e15,1120,True
func_m_0x100007108,-149,True
func_m_0x10000710c,532,False
func_m_0x100007167,535,False
func_m_0x100007480,-265,True
func_m_0x100007887,387,True
func_m_0x10000788a,2,False
func_m_0x10000797b,-98,True
func_m_0x100007987,842,False
func_m_0x1000079f5,870,False
func_m_0x100007a22,-665,False
func_m_0x100007ac5,-23,False
func_m_0x100007ad3,-496,False
func_m_0x100007bdb,-335,False
func_m_0x100007bdd,281,False
func_m_0x100007bec,-631,True
func_m_0x100007c1d,-39,True
func_m_0x10000839a,1,False
func_m_0x100008501,1141,False
func_m_0x100008579,-191,True
func_m_0x10000857b,-182,False
func_m_0x10000882e,967,True
func_m_0x100008830,633,False
func_m_0x100008832,365,False
func_m_0x100008834,-229,True
func_m_0x10000883a,753,False
func_m_0x100008841,912,False
func_m_0x10000892b,1122,False
func_m_0x100008aeb,-276,True
func_m_0x100008c09,-201,True
func_m_0x100008d37,1151,False
func_m_0x100008db1,809,True
func_m_0x100009013,146,False
func_m_0x100009019,-531,False
func_m_0x10000901d,281,False
func_m_0x10000919e,-6,False
func_m_0x1000091bb,226,True
func_m_0x1000091bd,447,True
func_m_0x1000091c0,-735,False
func_m_0x1000091e0,351,False
func_m_0x1000091e4,153,False
func_m_0x1000091e8,-293,False
func_m_0x1000091f4,13,False
func_m_0x10000920f,12,False
func_m_0x10000923f,-486,False
func_m_0x100009247,-343,True
func_m_0x100009249,-17,False
func_m_0x1000093aa,132,False
func_m_0x1000093be,-521,True
func_m_0x1000093c7,711,False
func_m_0x1000093d8,-289,False
func_m_0x100009664,-468,True
func_m_0x10000a147,126,True
func_m_0x10000a48e,1033,False
func_m_0x10000a602,661,True
func_m_0x10000a6c7,1173,True
func_m_0x10000a998,520,False
func_m_0x10000a99c,49,False
func_m_0x10000ac67,-566,False
func_m_0x10000ac84,952,False
func_m_0x10000ad7f,-352,False
func_m_0x10000b188,590,True
func_m_0x10000b47f,-700,False
func_m_0x10000b481,-569,False
func_m_0x10000b71d,445,True
func_me_0x100004092,886,False
func_me_0x1000040af,861,True
func_me_0x100004609,-406,True
func_me_0x100004688,-592,True
func_me_0x100004ab5,983,False
func_me_0x100004ac8,886,True
func_me_0x100004b3c,-737,True
func_me_0x100004b3f,119,True
func_me_0x100004fd2,54,True
func_me_0x100005171,91,True
func_me_0x100005175,-359,True
func_me_0x10000517d,-616,True
func_me_0x100005183,492,True
func_me_0x100005187,-424,False
func_me_0x1000051b0,762,True
func_me_0x100005906,-117,True
func_me_0x100005936,-352,False
func_me_0x100005a13,-219,False
func_me_0x1000069a1,760,True
func_me_0x10000aa9a,-686,True
func_me_0x10000aa9e,-534,True
func_me_0x10000aaae,53,False
func_me_0x10000aab6,-592,False
func_me_0x10000aac8,669,True
func_me_0x10000aea8,967,True
func_me_0x10000b28d,1031,True
func_me_0x10000b2c2,658,False
func_me_0x10000b50d,-98,True
func_me_0x10000b511,655,False
func_me_0x10000b579,1074,False
func_me_0x10000b57d,-105,False
func_mi_0x100007736,614,False
func_mi_0x100007761,-278,True
func_mi_0x100007763,-559,False
func_mi_0x100007773,1078,False
func_mi_0x100007788,606,False
func_mi_0x10000778a,-751,False
func_mi_0x100007791,616,True
func_mi_0x10000784d,987,False
func_mn_0x10000322c,-641,False
func_mn_0x10000322e,-473,False
func_mn_0x100003243,-289,True
func_mr_0x100005542,-372,True
func_mr_0x100005544,485,False
func_mr_0x1000055e4,-342,False
func_mr_0x1000055e6,-458,True
func_mr_0x1000055ea,855,True
func_mr_0x100006047,578,False
func_mr_0x10000604d,-148,True
func_mr_0x10000604f,-753,False
func_mr_0x100006f8f,550,True
func_mr_0x10000abf7,430,True
func_mr_0x10000ac00,511,True
func_mr_0x10000ac02,-672,False
func_mr_0x10000ac17,760,False
func_mr_0x10000ac21,-776,True
func_ms_0x10000323c,302,True
func_mt_0x10000032d,708,True
func_n0_0x100007d16,-542,False
func_n0_0x100007d22,699,False
func_n_0x100000000,683,True
func_n_0x10000000b,-380,False
func_n_0x10000000e,47,True
func_n_0x100000072,86,False
func_n_0x1000000b1,795,False
func_n_0x1000000ba,-401,False
func_n_0x1000000bf,-253,True
func_n_0x1000000f5,289,False
func_n_0x100000159,-119,True
func_n_0x100000175,767,False
func_n_0x100000181,-670,False
func_n_0x100000185,441,True
func_n_0x10000018b,516,False
func_n_0x100000190,191,False
func_n_0x10000019a,1116,True
func_n_0x10000023d,-467,True
func_n_0x100000270,1058,False
func_n_0x100000293,615,True
func_n_0x1000002ac,1168,True
func_n_0x1000002bf,-711,False
func_n_0x1000002d0,-329,False
func_n_0x10000032a,-217,True
func_n_0x10000034f,257,True
func_n_0x100000352,761,True
func_n_0x10000035b,288,False
func_n_0x100000362,-708,False
func_n_0x10000036d,113,True
func_n_0x100000379,-147,True
func_n_0x1000003b4,296,False
func_n_0x1000003c4,-444,False
func_n_0x1000003c8,683,True
func_n_0x1000003e4,1118,True
func_n_0x1000003e6,-420,False
func_n_0x100000410,798,False
func_n_0x100000435,295,True
func_n_0x100000442,-414,True
func_n_0x100000446,-233,False
func_n_0x100000463,-432,False
func_n_0x10000046a,-529,True
func_n_0x100000499,-40,True
func_n_0x10000049c,543,False
func_n_0x10000049f,508,False
func_n_0x1000004b1,-4,True
func_n_0x1000004b8,746,True
func_n_0x1000004bf,575,True
func_n_0x1000004c2,411,True
func_n_0x1000004ee,-464,False
func_n_0x1000004f6,-274,False
func_n_0x1000004fb,-340,True
func_n_0x10000050a,851,True
func_n_0x10000051a,1115,False
func_n_0x100000556,-170,False
func_n_0x100000558,562,False
func_n_0x10000055a,-428,True
func_n_0x10000055c,1022,False
func_n_0x1000005ad,-420,False
func_n_0x100000816,-126,True
func_n_0x10000086b,264,False
func_n_0x100000870,-488,True
func_n_0x10000088e,-219,False
func_n_0x10000089d,-718,False
func_n_0x1000008a6,912,True
func_n_0x1000008c8,194,False
func_n_0x1000008ca,197,False
func_n_0x1000008e7,-185,True
func_n_0x1000008f4,985,False
func_n_0x100002677,275,True
func_n_0x1000026ee,-373,True
func_n_0x10000274b,-483,False
func_n_0x100002a97,79,True
func_n_0x100002ae8,1092,True
func_n_0x100002c02,299,True
func_n_0x100002c0a,1094,True
func_n_0x100002c0c,-631,True
func_n_0x100002e21,-639,False
func_n_0x1000030ae,535,True
func_n_0x1000030d6,1175,False
func_n_0x1000030e3,-580,True
func_n_0x1000035ee,-101,False
func_n_0x100003638,671,False
func_n_0x1000036a7,1070,False
func_n_0x1000036b5,767,False
func_n_0x100003b75,280,True
func_n_0x100003d96,83,True
func_n_0x100003fa0,221,True
func_n_0x100003fd2,-123,False
func_n_0x100004115,380,False
func_n_0x1000041db,364,False
func_n_0x100004311,8,True
func_n_0x10000432e,689,True
func_n_0x100004368,-600,False
func_n_0x100004421,423,False
func_n_0x10000443d,968,False
func_n_0x100004456,320,False
func_n_0x100004474,-209,False
func_n_0x1000044fd,714,True
func_n_0x100004583,1062,True
func_n_0x100004745,636,True
func_n_0x10000481d,331,False
func_n_0x100004951,399,True
func_n_0x100004a2d,336,True
func_n_0x100004e71,392,False
func_n_0x100004f25,986,True
func_n_0x10000506a,53,False
func_n_0x10000509f,-730,True
func_n_0x10000522f,-319,True
func_n_0x1000057aa,-444,True
func_n_0x10000583a,-2,True
func_n_0x10000583e,-682,True
func_n_0x100005842,-126,False
func_n_0x100005850,670,True
func_n_0x100005867,621,False
func_n_0x100005877,733,True
func_n_0x10000587b,-803,False
func_n_0x100005e78,662,False
func_n_0x10000610f,-373,False
func_n_0x100006111,-611,True
func_n_0x1000061b7,-651,True
func_n_0x100006272,-780,True
func_n_0x1000062af,-144,True
func_n_0x1000064c8,66,False
func_n_0x10000652f,823,True
func_n_0x100006977,-295,False
func_n_0x100006c77,-807,True
func_n_0x100006d71,489,True
func_n_0x1000074fe,-517,False
func_n_0x1000078a7,861,False
func_n_0x100007938,-427,True
func_n_0x100007946,-297,False
func_n_0x1000079b3,269,True
func_n_0x1000079b6,-808,False
func_n_0x100007b5d,-378,True
func_n_0x100008394,1114,False
func_n_0x10000843d,-667,True
func_n_0x10000858a,61,False
func_n_0x1000086f9,-635,False
func_n_0x1000088f4,870,False
func_n_0x100008955,612,True
func_n_0x100008957,640,True
func_n_0x100008959,731,True
func_n_0x10000895b,-809,False
func_n_0x10000895d,-298,False
func_n_0x10000895f,-158,False
func_n_0x100008961,-343,False
func_n_0x100008963,-121,True
func_n_0x100008965,677,True
func_n_0x100008967,-345,True
func_n_0x100008969,-320,False
func_n_0x10000896b,862,False
func_n_0x10000896d,502,False
func_n_0x10000896f,-381,False
func_n_0x10000897e,-488,True
func_n_0x1000089a6,-117,False
func_n_0x1000089a8,584,False
func_n_0x1000089d8,39,False
func_n_0x100008ab1,-412,True
func_n_0x100008b50,-763,True
func_n_0x100008cd9,-402,True
func_n_0x100008e23,-600,True
func_n_0x1000090d2,992,True
func_n_0x1000090eb,-764,True
func_n_0x1000090f4,1022,False
func_n_0x1000096ef,124,False
func_n_0x10000972d,-656,False
func_n_0x10000992f,-670,False
func_n_0x1000099fa,-566,False
func_n_0x100009e43,1052,True
func_n_0x100009e5a,30,False
func_n_0x100009e8c,256,False
func_n_0x10000a3a1,147,False
func_n_0x10000aa6c,1167,False
func_n_0x10000ae94,-439,True
func_n_0x10000afbd,-768,False
func_n_0x10000afc4,-447,False
func_n_0x10000afc6,221,True
func_n_0x10000b0b0,-51,False
func_n_0x10000b16a,266,True
func_n_0x10000b598,137,False
func_n_0x10000b931,24,False
func_n_0x10000b93c,539,True
func_nc_0x10000abe3,514,False
func_ne_0x1000026f9,537,True
func_ne_0x1000026fd,805,True
func_ne_0x1000026ff,-597,False
func_ne_0x10000270b,-486,True
func_ne_0x100002736,-762,True
func_ne_0x100002881,1058,True
func_ne_0x1000028e5,265,True
func_ne_0x1000028ed,1137,False
func_ne_0x100002a5f,386,True
func_ne_0x100002e7d,-269,True
func_ne_0x100002e90,724,True
func_ne_0x100002e92,-515,False
func_ne_0x100002e94,393,True
func_ne_0x100002e9c,-671,False
func_ne_0x1000035c1,94,False
func_ne_0x1000045b2,-774,True
func_ne_0x1000046a5,-143,False
func_ne_0x1000046b9,-240,True
func_ne_0x1000046bb,480,True
func_ne_0x100005415,146,True
func_ne_0x100005419,-132,False
func_ne_0x10000541b,-63,False
func_ne_0x10000541d,-325,True
func_ne_0x10000541f,1155,True
func_ne_0x100005421,920,True
func_ne_0x100005425,-316,True
func_ne_0x100005427,912,False
func_ne_0x100005774,-248,False
func_ne_0x100005776,-132,True
func_ne_0x100005782,-126,True
func_ne_0x100005784,1048,False
func_ne_0x100005786,-323,True
func_ne_0x100005e33,228,False
func_ne_0x100005e35,793,False
func_ne_0x100005e39,922,False
func_ne_0x100005f30,817,False
func_ne_0x100005f51,-487,False
func_ne_0x100005f5b,1164,False
func_ne_0x1000063e4,645,True
func_ne_0x1000063fc,882,True
func_ne_0x100006402,-244,False
func_ne_0x100006404,-502,False
func_ne_0x1000064a0,-160,False
func_ne_0x100007a68,-27,True
func_ne_0x100007a70,197,False
func_ne_0x100007a72,8,False
func_ne_0x100007a74,351,False
func_ne_0x100007a7a,376,True
func_ne_0x100007a7c,-626,True
func_ne_0x100007a8e,-512,True
func_ne_0x100007a96,948,False
func_ne_0x100007a98,-780,False
func_ne_0x100007a9c,38,False
func_ne_0x100008607,-390,False
func_ne_0x100008609,157,False
func_ne_0x100008aa4,1050,False
func_ne_0x100008d8a,-299,False
func_ne_0x100008fd8,-722,False
func_ne_0x100008fe4,724,True
func_ne_0x100008ff3,-332,True
func_ne_0x100008ff6,659,True
func_ne_0x100008ffa,246,True
func_ne_0x100009001,76,False
func_ne_0x10000976d,837,False
func_ne_0x10000976f,458,False
func_ne_0x100009780,-426,True
func_ne_0x100009b30,752,True
func_ne_0x100009b5b,721,False
func_ne_0x100009b70,942,False
func_ne_0x100009b72,-322,False
func_ne_0x100009b74,-571,False
func_ne_0x100009dcb,-43,True
func_ne_0x10000a0e9,-762,False
func_ne_0x10000a4ed,363,True
func_ne_0x10000a4ef,-135,False
func_ne_0x10000a4f1,-194,True
func_ne_0x10000a535,-580,False
func_ne_0x10000a537,1099,True
func_ne_0x10000a54a,-90,True
func_ne_0x10000a583,-753,True
func_ne_0x10000a668,407,True
func_ne_0x10000a671,794,True
func_ne_0x10000a688,932,False
func_ne_0x10000a6a3,1034,True
func_ne_0x10000a6a7,841,False
func_ne_0x10000a732,341,False
func_ne_0x10000a807,-811,False
func_ne_0x10000a903,-549,True
func_ne_0x10000a9f3,940,False
func_ne_0x10000aa1c,-293,True
func_ne_0x10000ac88,-802,True
func_ne_0x10000ac8c,-639,True
func_ne_0x10000acc9,669,True
func_ne_0x10000b087,187,True
func_ne_0x10000b5e2,371,True
func_ne_0x10000b5e5,-536,True
func_ne_0x10000b605,535,False
func_ne_0x10000b6e9,-309,True
func_ne_0x10000b736,-680,True
func_ne_0x10000b788,848,False
func_ne_0x10000b8c1,-424,True
func_ni_0x100007337,601,True
func_ni_0x100007365,-189,False
func_ni_0x10000737f,645,False
func_ni_0x1000073a5,155,False
func_ni_0x1000073c9,-346,True
func_ni_0x1000073dd,338,False
func_ni_0x1000073e1,417,False
func_ni_0x1000073e3,680,False
func_ni_0x1000073e9,-456,False
func_ni_0x1000073ee,-450,False
func_ni_0x1000073f2,684,False
func_nn_0x100003be8,-93,False
func_nn_0x100003bf8,-628,False
func_nn_0x10000528a,837,True
func_nn_0x1000052d2,-452,False
func_nn_0x1000052d4,-390,True
func_nn_0x1000052e6,388,True
func_nn_0x1000052fe,-706,False
func_nn_0x100005510,-216,True
func_nn_0x100006f79,-335,True
func_nn_0x10000b31c,783,True
func_no_0x100005704,-318,True
func_no_0x100005706,-507,False
func_no_0x10000570c,-796,True
func_no_0x10000570e,-622,True
func_no_0x100005714,611,False
func_no_0x100005728,-730,False
func_no_0x10000b405,295,False
func_nr_0x10000571f,290,True
func_nr_0x100005cf6,-616,True
func_nr_0x100005cf8,-441,True
func_nr_0x100005cff,-589,True
func_nr_0x100005d3d,1046,True
func_nr_0x100005d45,-186,True
func_nr_0x100005d4b,918,False
func_nr_0x100005d4d,689,False
func_nr_0x100005d4f,-507,False
func_nr_0x100005d5c,-185,True
func_nr_0x100005d67,-344,True
func_nr_0x100005d69,592,True
func_nr_0x100005d6b,-562,True
func_nr_0x100005d6d,832,False
func_nr_0x100005d6f,1026,False
func_nr_0x100005d73,152,False
func_nr_0x100005d77,455,True
func_nr_0x100005d79,70,True
func_nr_0x100005d7b,-106,False
func_nr_0x100005d7f,-98,False
func_nr_0x100005d81,-303,True
func_nr_0x100005d83,282,False
func_nr_0x100005d8a,-139,False
func_nr_0x100005d8e,880,True
func_nr_0x100005d9d,-516,True
func_nr_0x100005da3,-482,False
func_nr_0x100005db1,234,False
func_nr_0x100005dc1,-465,True
func_nr_0x100005dcc,563,False
func_nr_0x100005dce,161,True
func_nr_0x100005dd0,803,True
func_nr_0x100005dec,402,True
func_nr_0x100005dee,-673,True
func_nr_0x100005df0,457,True
func_nr_0x100005e03,604,False
func_nr_0x100005e05,-443,False
func_nr_0x100005e15,335,True
func_nr_0x100005e1b,702,False
func_nr_0x10000b44f,-155,True
func_nt_0x100002f52,451,True
func_nt_0x100002f8b,-486,True
func_nt_0x1000040a0,1167,True
func_nt_0x100004ab6,-663,False
func_nt_0x100004abb,620,False
func_nt_0x100004b4d,-83,True
func_nt_0x100004b55,959,False
func_nt_0x100004cf8,-614,True
func_nt_0x1000050a3,332,True
func_nt_0x100005105,-756,False
func_nt_0x10000510a,-639,True
func_nt_0x10000511e,293,True
func_nt_0x100005124,210,False
func_nt_0x100005128,-312,True
func_nt_0x10000512a,214,False
func_nt_0x10000512c,179,True
func_nt_0x10000512e,315,False
func_nt_0x100005131,49,False
func_nt_0x10000591e,753,False
func_nt_0x100005a20,960,False
func_nt_0x100005a2b,249,True
func_nt_0x100005a31,23,False
func_nt_0x100006fb1,-196,False
func_nt_0x100006fba,-136,False
func_nt_0x1000084b6,1096,False
func_nt_0x1000084c8,44,True
func_nt_0x1000084ec,934,False
func_nt_0x1000084f1,1116,True
func_nt_0x1000084f3,-666,True
func_nt_0x1000084f8,-561,True
func_nt_0x100008f20,-477,False
func_nt_0x10000959f,-181,False
func_nt_0x1000095a5,541,False
func_nt_0x1000095aa,369,False
func_nt_0x1000095b5,598,False
func_nt_0x10000a1c6,-189,False
func_nt_0x10000af36,-414,False
func_nt_0x10000af82,613,False
func_nt_0x10000b0ce,-86,False
func_nt_0x10000b7c6,105,True
func_nt_0x10000b7c8,-568,False
func_o_0x100000016,52,False
func_o_0x1000000a8,-25,False
func_o_0x1000000b4,-705,False
func_o_0x100000149,1027,True
func_o_0x10000017c,-269,False
func_o_0x10000021a,-75,False
func_o_0x100000258,476,True
func_o_0x100000273,168,True
func_o_0x1000002c2,-475,True
func_o_0x1000002f6,257,False
func_o_0x100000338,1008,False
func_o_0x10000037c,-164,False
func_o_0x1000003b0,1094,True
func_o_0x1000003d3,505,False
func_o_0x1000003e2,481,True
func_o_0x100000402,751,False
func_o_0x100000404,-400,True
func_o_0x10000040a,294,False
func_o_0x10000040d,245,True
func_o_0x100000412,475,True
func_o_0x100000426,-52,True
func_o_0x10000044a,278,True
func_o_0x10000045a,285,True
func_o_0x10000045f,349,False
func_o_0x1000004c9,206,True
func_o_0x1000004cd,634,False
func_o_0x1000004f0,887,True
func_o_0x10000050d,-550,False
func_o_0x100000533,126,True
func_o_0x100000549,-402,False
func_o_0x10000055e,132,True
func_o_0x10000057f,-296,False
func_o_0x100000597,-500,False
func_o_0x1000005af,131,True
func_o_0x1000005ce,1158,True
func_o_0x100000823,98,True
func_o_0x10000084f,674,False
func_o_0x1000008a0,897,False
func_o_0x1000008b6,600,True
func_o_0x1000008be,576,True
func_o_0x1000008c6,103,False
func_o_0x1000008cd,-216,True
func_o_0x1000008d0,269,False
func_o_0x1000008e1,586,False
func_o_0x10000267a,-195,True
func_o_0x100002ac0,139,True
func_o_0x100002b6a,494,False
func_o_0x100002b74,610,False
func_o_0x100002c04,831,True
func_o_0x100003603,1106,True
func_o_0x100003ac6,636,False
func_o_0x100003dab,-725,True
func_o_0x100003dad,276,True
func_o_0x100003db1,73,False
func_o_0x100003f9c,62,False
func_o_0x1000040d0,942,False
func_o_0x100004147,-652,False
func_o_0x100004197,-297,False
func_o_0x1000041d6,1133,False
func_o_0x1000041ef,-411,True
func_o_0x1000041f7,-297,True
func_o_0x10000425c,-330,True
func_o_0x1000042d9,214,True
func_o_0x100004330,607,False
func_o_0x100004356,-24,False
func_o_0x100004418,923,True
func_o_0x100004444,540,False
func_o_0x10000447e,-46,False
func_o_0x10000457e,-395,False
func_o_0x100004752,174,False
func_o_0x100004a30,1146,True
func_o_0x100004a3c,52,True
func_o_0x100004b71,-689,False
func_o_0x100004f07,943,False
func_o_0x1000057ac,-738,False
func_o_0x1000057d4,744,True
func_o_0x10000581a,24,False
func_o_0x100005820,-567,False
func_o_0x100005826,539,False
func_o_0x100005846,962,True
func_o_0x100005970,-340,False
func_o_0x1000062b9,-330,False
func_o_0x1000062ca,314,True
func_o_0x10000630e,887,True
func_o_0x100006380,-755,True
func_o_0x1000063cb,646,False
func_o_0x10000641b,458,True
func_o_0x100006478,595,False
func_o_0x1000064d3,-647,True
func_o_0x1000068b0,242,False
func_o_0x1000068e2,-174,True
func_o_0x100006979,-352,True
func_o_0x100006b38,1096,False
func_o_0x100006c41,725,True
func_o_0x100006d38,-344,False
func_o_0x100006e49,667,False
func_o_0x100007450,-545,False
func_o_0x1000074d0,-506,True
func_o_0x1000078b9,-698,False
func_o_0x1000078bb,1115,True
func_o_0x1000078c0,679,False
func_o_0x1000078c4,-151,False
func_o_0x1000078ce,-572,True
func_o_0x1000078db,-624,True
func_o_0x100007943,463,False
func_o_0x100007973,-672,True
func_o_0x10000799f,-434,True
func_o_0x100007a9f,55,True
func_o_0x100007ad2,505,True
func_o_0x100007b85,701,False
func_o_0x100007be6,262,True
func_o_0x100008323,55,True
func_o_0x10000834b,412,True
func_o_0x1000083ba,772,False
func_o_0x1000087fb,669,False
func_o_0x1000088fd,-185,True
func_o_0x100008971,-650,True
func_o_0x100008987,-451,False
func_o_0x100008a42,36,False
func_o_0x100008a4c,973,False
func_o_0x100008abb,168,False
func_o_0x100008ad3,-712,False
func_o_0x100008b4c,-564,True
func_o_0x100008b5c,-9,False
func_o_0x100008bdf,-385,True
func_o_0x100008c0f,1032,False
func_o_0x100008c45,-166,False
func_o_0x100008ccf,-476,True
func_o_0x100008d0b,25,False
func_o_0x100008d36,-254,True
func_o_0x100008e2b,-95,False
func_o_0x100008ea9,838,False
func_o_0x100008eb4,1055,True
func_o_0x100008ec0,-513,True
func_o_0x100008ecd,332,False
func_o_0x100008edc,-148,True
func_o_0x1000090d4,481,False
func_o_0x1000090f7,368,True
func_o_0x100009109,-619,True
func_o_0x100009125,593,False
func_o_0x100009171,-521,False
func_o_0x10000917e,-63,True
func_o_0x1000091b6,-258,False
func_o_0x100009213,1083,True
func_o_0x100009226,1041,False
func_o_0x100009277,-339,False
func_o_0x1000094f9,88,True
func_o_0x10000950a,-632,False
func_o_0x10000950d,51,False
func_o_0x100009614,726,True
func_o_0x100009903,337,True
func_o_0x100009d22,851,False
func_o_0x100009e7f,226,True
func_o_0x10000a09f,561,False
func_o_0x10000a0f0,-463,True
func_o_0x10000a10d,-635,True
func_o_0x10000a12a,-377,False
func_o_0x10000a39f,943,False
func_o_0x10000a7a0,740,False
func_o_0x10000a7b5,304,True
func_o_0x10000aa34,-492,True
func_o_0x10000aaf3,704,False
func_o_0x10000ab0b,176,True
func_o_0x10000ab10,897,True
func_o_0x10000ab24,-548,False
func_o_0x10000ace8,564,True
func_o_0x10000b0b4,447,True
func_oe_0x100000205,-680,False
func_oe_0x100002706,-159,False
func_oe_0x10000270d,661,False
func_oe_0x1000027d5,-534,True
func_oe_0x100002e89,252,True
func_oe_0x1000035ca,-775,False
func_oe_0x1000035cc,-522,True
func_oe_0x1000035ce,728,True
func_oe_0x1000045ac,-335,True
func_oe_0x100004695,-628,True
func_oe_0x10000469b,234,True
func_oe_0x10000469d,-90,False
func_oe_0x1000046a9,-339,True
func_oe_0x1000049d1,-316,True
func_oe_0x1000049d3,224,False
func_oe_0x10000514e,-464,False
func_oe_0x10000536e,773,True
func_oe_0x10000540f,90,True
func_oe_0x1000054b6,1079,False
func_oe_0x100005c81,100,False
func_oe_0x100005c83,938,True
func_oe_0x100005c85,757,True
func_oe_0x100005c87,654,False
func_oe_0x100005ca0,884,False
func_oe_0x100005ca7,377,False
func_oe_0x100005ca9,620,True
func_oe_0x100005cab,647,True
func_oe_0x100005cad,1096,False
func_oe_0x100005cb0,508,True
func_oe_0x100005e2d,1001,False
func_oe_0x100005e43,889,True
func_oe_0x100005e46,544,False
func_oe_0x100005e4a,-697,False
func_oe_0x100005e66,-494,False
func_oe_0x100005ed7,912,True
func_oe_0x100005f63,-798,True
func_oe_0x1000063f8,907,True
func_oe_0x100006406,184,True
func_oe_0x1000065de,84,True
func_oe_0x10000660b,365,False
func_oe_0x100006bda,-749,True
func_oe_0x100007a76,-303,True
func_oe_0x100007a86,-443,False
func_oe_0x100007a94,-501,True
func_oe_0x100008208,-223,False
func_oe_0x100008aac,-42,False
func_oe_0x100008b84,-232,True
func_oe_0x100008fdc,57,False
func_oe_0x100008fe0,289,False
func_oe_0x100009773,-291,False
func_oe_0x100009b32,-317,True
func_oe_0x100009b5e,171,False
func_oe_0x100009b67,-714,True
func_oe_0x100009b6b,1128,True
func_oe_0x100009b88,-599,True
func_oe_0x100009da2,-3,False
func_oe_0x10000a0db,93,True
func_oe_0x10000a0df,620,False
func_oe_0x10000a0e7,749,False
func_oe_0x10000a466,-491,True
func_oe_0x10000a576,464,True
func_oe_0x10000a772,82,False
func_oe_0x10000a774,1027,False
func_oe_0x10000a77c,635,False
func_oe_0x10000a787,-230,True
func_oe_0x10000a78b,-637,True
func_oe_0x10000a78d,-759,True
func_oe_0x10000a78f,-190,True
func_oe_0x10000a791,-629,False
func_oe_0x10000a793,-83,False
func_oe_0x10000a848,538,False
func_oe_0x10000a983,-467,True
func_oe_0x10000a9e4,770,False
func_oe_0x10000a9f6,-241,True
func_oe_0x10000ac8e,-16,True
func_oe_0x10000ad2f,-23,False
func_oe_0x10000ad41,906,False
func_oe_0x10000b4f0,67,False
func_oe_0x10000b5ff,1181,False
func_oe_0x10000b8b6,98,True
func_oe_0x10000b8bf,140,False
func_oe_0x10000b8e8,272,False
func_oe_0x10000b8ea,50,True
func_oi_0x100007506,874,True
func_oi_0x1000077b2,819,True
func_oi_0x100007820,-558,False
func_oo_0x100007606,1182,False
func_oo_0x100007608,500,True
func_oo_0x10000760a,-319,False
func_oo_0x10000760c,206,False
func_oo_0x1000077ad,340,True
func_oo_0x1000077cc,-232,False
func_or_0x100005519,32,False
func_or_0x100009f9a,940,False
func_or_0x100009f9c,1183,False
func_or_0x100009f9e,949,False
func_or_0x100009fa0,114,True
func_or_0x100009fa4,-143,False
func_or_0x100009fb0,29,True
func_or_0x100009fb4,-287,False
func_or_0x100009fb6,438,True
func_or_0x100009fb8,-687,True
func_or_0x100009fbc,413,False
func_or_0x100009fbe,-53,False
func_or_0x100009fc0,-78,True
func_or_0x100009fc4,949,False
func_or_0x100009fc6,460,False
func_or_0x100009fc8,388,False
func_or_0x100009fca,45,False
func_or_0x100009fd6,-317,False
func_or_0x100009fd8,-631,True
func_or_0x100009fde,1148,False
func_or_0x100009fe0,-529,False
func_or_0x100009fe2,230,True
func_or_0x100009fe4,553,False
func_or_0x100009fe6,537,True
func_or_0x100009fee,372,True
func_or_0x10000b31f,-562,False
func_or_0x10000b323,498,True
func_or_0x10000b327,-322,False
func_or_0x10000b329,110,True
func_or_0x10000b32b,-31,False
func_or_0x10000b335,146,True
func_or_0x10000b33d,536,True
func_or_0x10000b343,-95,True
func_or_0x10000b345,-642,False
func_or_0x10000b34b,260,True
func_or_0x10000b34d,-562,True
func_or_0x10000b34f,-735,True
func_or_0x10000b353,-663,False
func_or_0x10000b357,76,False
func_or_0x10000b359,-249,False
func_or_0x10000b35b,104,True
func_or_0x10000b35d,1179,True
func_or_0x10000b365,722,False
func_or_0x10000b36b,-252,True
func_or_0x10000b375,656,False
func_or_0x10000b37b,-557,False
func_or_0x10000b37d,-92,True
func_or_0x10000b385,633,True
func_or_0x10000b399,-794,False
func_or_0x10000b39b,911,True
func_or_0x10000b45d,-364,False
func_ot_0x1000005de,-354,False
func_ot_0x1000007b1,-166,True
func_ot_0x100002c29,264,False
func_ot_0x100002c3e,-794,False
func_ot_0x100002c4e,665,True
func_ot_0x100002f59,-670,False
func_ot_0x100002f5b,916,False
func_ot_0x100002f5d,-806,True
func_ot_0x100002f5f,799,True
func_ot_0x100002f61,1120,False
func_ot_0x100002f63,935,False
func_ot_0x100002f6f,495,False
func_ot_0x100002f75,13,False
func_ot_0x100004c04,-328,False
func_ot_0x100004c0a,343,False
func_ot_0x100004c0e,-431,False
func_ot_0x100004c10,-316,True
func_ot_0x100004c12,711,False
func_ot_0x100004caf,-42,True
func_ot_0x100006266,752,True
func_ot_0x100006a41,915,True
func_ot_0x100006a6a,-439,True
func_ot_0x100008280,-404,True
func_ot_0x1000082a9,119,False
func_ot_0x1000082ab,-470,True
func_ot_0x1000086c0,1026,False
func_ot_0x100009596,1073,False
func_ot_0x1000097b3,868,False
func_ot_0x10000980f,-46,False
func_ot_0x100009812,-330,False
func_ot_0x100009872,1174,False
func_ot_0x1000099fc,680,True
func_ot_0x100009a00,-601,False
func_ot_0x100009a02,-159,False
func_ot_0x100009a0b,881,False
func_ot_0x100009a2a,559,False
func_ot_0x100009a5f,-677,True
func_ot_0x100009a62,878,False
func_ot_0x100009a65,-560,False
func_ot_0x100009a6f,-484,True
func_ot_0x100009a71,896,False
func_ot_0x10000af4c,-27,False
func_ot_0x10000af5e,-337,True
func_p_0x1000000d0,-219,True
func_p_0x10000014e,-441,False
func_p_0x100000168,187,True
func_p_0x1000001b2,-437,False
func_p_0x100000255,-738,False
func_p_0x1000002b9,422,False
func_p_0x1000002c7,-749,True
func_p_0x10000031b,422,True
func_p_0x100000326,42,True
func_p_0x10000038f,-205,True
func_p_0x1000005b3,-582,False
func_p_0x1000008a3,-267,False
func_p_0x100002779,-415,True
func_p_0x100002929,-593,True
func_p_0x100002a9e,-559,True
func_p_0x100002ac8,695,False
func_p_0x100002ad8,-282,False
func_p_0x100002b75,627,False
func_p_0x100002b92,103,True
func_p_0x100002b9a,-571,False
func_p_0x100002bbc,0,False
func_p_0x100002d0f,948,False
func_p_0x100002e0b,-510,True
func_p_0x100002e29,1086,True
func_p_0x1000030c0,634,False
func_p_0x10000362b,-702,False
func_p_0x100003b70,53,False
func_p_0x100003b72,1038,True
func_p_0x100003f97,-379,True
func_p_0x100003fcb,990,False
func_p_0x1000040e7,324,True
func_p_0x10000412a,1007,True
func_p_0x10000419b,-109,False
func_p_0x1000041dd,-469,False
func_p_0x1000041f4,349,False
func_p_0x1000041f9,195,True
func_p_0x10000432b,162,False
func_p_0x1000043f7,-786,True
func_p_0x1000043f9,-148,True
func_p_0x10000441e,-47,False
func_p_0x100004426,-46,True
func_p_0x100004428,63,False
func_p_0x100004451,-193,False
func_p_0x100004453,-394,True
func_p_0x100004482,-473,False
func_p_0x1000044ce,901,True
func_p_0x1000044e5,712,False
func_p_0x10000473e,309,True
func_p_0x10000493b,391,True
func_p_0x100004bbe,938,False
func_p_0x100004eef,-476,False
func_p_0x100004f65,235,True
func_p_0x100004f8d,-248,False
func_p_0x10000507c,154,False
func_p_0x1000057d9,-37,True
func_p_0x100005817,-815,True
func_p_0x10000581d,1076,True
func_p_0x100005823,-804,True
func_p_0x100005849,-753,False
func_p_0x10000585a,903,True
func_p_0x100005942,1150,True
func_p_0x100005967,1096,False
func_p_0x100005980,-200,False
func_p_0x100005eb8,-751,True
func_p_0x1000060df,721,True
func_p_0x100006336,434,True
func_p_0x1000063d5,-407,True
func_p_0x100006439,-288,False
func_p_0x100006b3d,389,False
func_p_0x100006c42,277,True
func_p_0x100006d48,812,True
func_p_0x100006d4a,-462,True
func_p_0x100006e02,-100,True
func_p_0x100006f30,-331,False
func_p_0x10000710b,563,False
func_p_0x100007161,721,False
func_p_0x10000745e,844,True
func_p_0x1000074cd,1071,False
func_p_0x1000074d5,343,False
func_p_0x1000078ab,407,False
func_p_0x1000078fa,177,False
func_p_0x1000079a5,-558,False
func_p_0x100007aec,1052,False
func_p_0x100007b6a,491,False
func_p_0x100007c15,382,False
func_p_0x100007fad,658,True
func_p_0x100008165,680,True
func_p_0x100008335,1022,True
func_p_0x1000083c7,149,False
func_p_0x100008447,912,True
func_p_0x100008572,340,False
func_p_0x1000087ac,269,False
func_p_0x1000087eb,-459,False
func_p_0x100008837,1167,True
func_p_0x100008870,-680,True
func_p_0x1000089b8,736,False
func_p_0x100008b6b,-360,True
func_p_0x100008eaa,-405,False
func_p_0x1000090d9,1011,False
func_p_0x100009121,-717,True
func_p_0x100009126,1066,True
func_p_0x1000091d3,875,True
func_p_0x10000922f,-563,False
func_p_0x1000092c9,-578,False
func_p_0x100009316,-779,True
func_p_0x1000093dc,-546,False
func_p_0x1000094ed,-592,True
func_p_0x100009647,99,True
func_p_0x10000974d,-69,True
func_p_0x10000975a,-494,True
func_p_0x100009760,184,False
func_p_0x100009993,714,False
func_p_0x100009cef,-564,False
func_p_0x100009cf7,679,False
func_p_0x100009d2a,-388,True
func_p_0x100009d76,1054,True
func_p_0x10000a10a,709,True
func_p_0x10000a12f,-638,False
func_p_0x10000a133,665,False
func_p_0x10000a153,-28,True
func_p_0x10000a7b8,842,False
func_p_0x10000a9bc,661,False
func_p_0x10000aa39,-231,False
func_p_0x10000aa6f,804,True
func_p_0x10000ab00,677,False
func_p_0x10000ab02,-595,False
func_p_0x10000ab04,665,False
func_p_0x10000ac81,-322,True
func_p_0x10000ad75,-639,True
func_p_0x10000b47a,48,False
func_p_0x10000b8f8,167,False
func_p_0x10000b8fc,-510,False
func_p_0x10000b921,209,True
func_pe_0x100003036,58,True
func_pe_0x10000303a,-230,False
func_pe_0x10000304d,1091,True
func_pe_0x1000040a5,641,False
func_pe_0x1000040a8,339,True
func_pe_0x1000040b2,787,True
func_pe_0x1000040b4,-726,True
func_pe_0x10000463b,-647,True
func_pe_0x100004683,332,False
func_pe_0x100004bef,395,False
func_pe_0x100004d33,201,True
func_pe_0x100004fe5,129,False
func_pe_0x100005030,643,True
func_pe_0x100005264,995,True
func_pe_0x100005279,267,False
func_pe_0x10000590a,620,True
func_pe_0x100005a24,702,True
func_pe_0x100005a60,-47,False
func_pe_0x100005a62,-309,False
func_pe_0x100005a68,-646,True
func_pe_0x100005a6a,-813,True
func_pe_0x100005a6e,808,True
func_pe_0x100005a72,29,False
func_pe_0x100005bdc,-469,False
func_pe_0x100005c0d,-96,False
func_pe_0x1000067f1,-739,True
func_pe_0x1000067fa,375,False
func_pe_0x100007c64,729,False
func_pe_0x10000a9fd,902,True
func_pe_0x10000aa04,707,False
func_pe_0x10000ac97,783,False
func_pe_0x10000ac99,-105,False
func_pe_0x10000ac9d,-122,True
func_pe_0x10000ac9f,522,True
func_pe_0x10000aca1,674,False
func_pe_0x10000aca7,723,True
func_pe_0x10000aca9,732,True
func_pe_0x10000adf7,342,False
func_pe_0x10000adf9,-317,True
func_pe_0x10000adfb,506,True
func_pe_0x10000ae03,1154,False
func_pe_0x10000ae05,772,False
func_pe_0x10000ae07,-739,True
func_pe_0x10000ae09,-189,False
func_pe_0x10000ae0b,-290,False
func_pe_0x10000ae0f,-792,True
func_pe_0x10000ae11,578,False
func_pe_0x10000ae19,896,True
func_pe_0x10000ae1d,1178,True
func_pe_0x10000ae1f,839,True
func_pe_0x10000b2a7,385,True
func_pe_0x10000b2a9,-479,False
func_pe_0x10000b2ab,-67,False
func_pe_0x10000b2ad,-490,True
func_pe_0x10000b2b1,-379,False
func_pe_0x10000b2d5,176,False
func_pe_0x10000b4f6,360,True
func_pe_0x10000b7bd,51,False
func_pe_0x10000b81c,1096,False
func_pe_0x10000b84c,861,True
func_pe_0x10000b852,577,False
func_pe_0x10000b89f,540,True
func_pi_0x100003970,-40,False
func_pi_0x1000039c7,709,False
func_pi_0x1000039f6,-414,False
func_pn_0x100002c23,-637,False
func_pn_0x100002c2f,1066,True
func_pn_0x1000030f3,-128,True
func_pn_0x100004bfd,-168,True
func_pn_0x100004bff,-679,True
func_pn_0x100004c01,-269,True
func_pn_0x100008012,687,True
func_pn_0x100008671,946,False
func_pn_0x100008675,651,True
func_pn_0x100008677,402,True
func_pn_0x100008679,-545,False
func_pn_0x10000867f,707,False
func_pn_0x1000097c5,-41,False
func_pn_0x1000097dc,859,True
func_pn_0x1000097e2,88,True
func_pn_0x1000097e4,291,True
func_pr_0x100005725,876,False
func_pr_0x100005cea,225,True
func_pr_0x100005cf4,870,False
func_pr_0x100005cfa,-756,True
func_pr_0x100005cfc,-386,False
func_pr_0x100005d5a,-446,False
func_pr_0x100005d60,-242,False
func_pr_0x100005d71,1037,False
func_pr_0x100005d86,661,False
func_pr_0x100005d9a,-478,True
func_pr_0x100005d9f,274,False
func_pr_0x100005dad,982,False
func_pr_0x100005daf,-135,True
func_pr_0x100005db5,751,True
func_pr_0x100005db8,-118,True
func_pr_0x100005dbb,-412,False
func_pr_0x100005dc3,1153,True
func_pr_0x100005dc5,158,False
func_pr_0x100005dc8,-108,True
func_pr_0x100005dd4,135,False
func_pr_0x100005dd6,217,True
func_pr_0x100005de4,920,True
func_pr_0x100005de6,-784,False
func_pr_0x100005de8,-457,True
func_pr_0x100005df2,930,True
func_pr_0x100005e07,-253,True
func_pr_0x100005e0d,483,True
func_pr_0x100005e0f,901,False
func_pr_0x100005e17,-447,False
func_pr_0x100005e19,377,True
func_pr_0x100005e1f,-141,False
func_pr_0x100006f48,1062,True
func_pt_0x1000037f1,32,True
func_pt_0x10000381e,-601,True
func_pt_0x10000382e,833,False
func_pt_0x100003832,-744,True
func_pt_0x100003871,1036,False
func_pt_0x100003876,-100,True
func_pt_0x100003878,596,True
func_pt_0x10000387a,-713,False
func_pt_0x10000387c,-70,True
func_pt_0x10000387e,1103,False
func_pt_0x100003880,495,True
func_pt_0x100003882,-21,False
func_pt_0x100003884,752,True
func_pt_0x100003888,-483,True
func_pt_0x100003892,837,False
func_pt_0x100003894,49,False
func_pt_0x100003896,163,False
func_pt_0x100003898,-698,True
func_pt_0x10000389c,-444,True
func_pt_0x10000389e,-778,True
func_pt_0x1000038a2,-585,False
func_pt_0x1000038d4,-814,False
func_pt_0x1000038e4,-69,False
func_pt_0x1000038e8,922,False
func_pt_0x1000038ec,108,False
func_pt_0x1000038f6,-745,True
func_pt_0x1000038f8,676,True
func_pt_0x100003906,-649,False
func_pt_0x100003908,280,True
func_pt_0x10000390a,1082,False
func_pt_0x10000390e,-233,True
func_pt_0x100003912,456,False
func_pt_0x100003916,-709,False
func_pt_0x10000391c,1141,False
func_pt_0x10000391e,-397,False
func_pt_0x10000392b,649,False
func_pt_0x10000392d,814,False
func_pt_0x100003955,782,False
func_pt_0x10000395c,864,False
func_pt_0x100003960,489,False
func_pt_0x100003980,160,True
func_pt_0x100003983,1137,False
func_pt_0x100003988,1122,True
func_pt_0x1000039bb,-492,False
func_pt_0x100003a02,902,True
func_pt_0x100003a04,371,False
func_pt_0x100003a2b,-476,False
func_pt_0x100003a45,-98,False
func_pt_0x100003a4b,430,True
func_pt_0x100003a5a,741,True
func_pt_0x100003a8f,1025,False
func_q_0x100000227,193,False
func_q_0x100000229,945,True
func_q_0x100000308,-79,True
func_q_0x10000030a,-659,True
func_q_0x100002cdd,-730,True
func_q_0x100002ce1,142,True
func_q_0x100002d4a,-385,True
func_q_0x100002e49,955,False
func_q_0x100002e4c,941,True
func_q_0x100002e78,180,False
func_q_0x100002ef4,797,False
func_q_0x100002ef6,1167,False
func_q_0x10000366c,196,True
func_q_0x1000040fb,-702,False
func_q_0x1000041d0,143,True
func_q_0x1000041df,0,True
func_q_0x1000045b9,-700,False
func_q_0x100004a43,762,False
func_q_0x100004e84,-47,False
func_q_0x100004e86,715,False
func_q_0x100004e88,244,True
func_q_0x100004e8a,223,True
func_q_0x10000514c,821,False
func_q_0x100005388,461,False
func_q_0x10000538d,-144,True
func_q_0x100005453,-139,False
func_q_0x1000054f8,1054,True
func_q_0x100005c5e,-726,False
func_q_0x100005c66,654,True
func_q_0x1000060f0,8,False
func_q_0x100006349,-35,False
func_q_0x100006944,655,False
func_q_0x100006953,635,False
func_q_0x100006cbc,-573,False
func_q_0x100006d8d,-708,True
func_q_0x100007123,707,True
func_q_0x1000074f1,-695,False
func_q_0x1000078fe,678,False
func_q_0x10000840b,1041,False
func_q_0x10000841b,1032,True
func_q_0x10000841d,-680,True
func_q_0x100008512,-787,True
func_q_0x100008514,-49,True
func_q_0x100008516,157,False
func_q_0x10000851a,252,False
func_q_0x100008532,-797,False
func_q_0x100008538,876,True
func_q_0x10000853e,957,False
func_q_0x10000855c,701,True
func_q_0x10000855f,-693,True
func_q_0x10000871a,-140,True
func_q_0x100008c2c,-518,False
func_q_0x100008d4b,485,True
func_q_0x1000092da,-216,False
func_q_0x1000092ef,-511,True
func_q_0x100009764,-438,True
func_q_0x1000099ac,96,False
func_q_0x1000099d7,-793,True
func_q_0x10000a15d,218,False
func_q_0x10000a167,1085,True
func_q_0x10000a1a1,2,False
func_q_0x10000a6dd,-600,False
func_q_0x10000a6df,190,True
func_q_0x10000a6f0,-691,False
func_q_0x10000a6f2,551,True
func_q_0x10000a7f2,-322,False
func_q_0x10000a826,-31,False
func_q_0x10000a82c,137,True
func_q_0x10000a833,-170,False
func_q_0x10000a8ab,696,False
func_q_0x10000a8b3,263,False
func_q_0x10000b1a4,606,False
func_q_0x10000b5c4,-772,True
func_q_0x10000b5c6,597,True
func_q_0x10000b706,-271,True
func_qe_0x100003026,-52,True
func_qe_0x100003050,984,True
func_qe_0x100004081,28,False
func_qe_0x100004087,-50,True
func_qe_0x10000409f,40,False
func_qe_0x100005031,-421,False
func_qe_0x1000050c2,62,False
func_qe_0x1000051a6,-320,True
func_qe_0x1000051a8,605,False
func_qe_0x1000051aa,-290,False
func_qe_0x1000051ac,508,True
func_qe_0x100005922,263,False
func_qe_0x10000592e,413,False
func_qe_0x100005932,-732,False
func_qe_0x100005934,-674,False
func_qe_0x100005a16,6,True
func_qe_0x100005bc6,1159,False
func_qe_0x100005c16,1015,False
func_qe_0x1000067ef,-34,True
func_qe_0x1000067f3,183,False
func_qe_0x100006807,-75,False
func_qe_0x100009055,-325,True
func_qe_0x100009e1a,849,False
func_qe_0x10000a887,-614,True
func_qe_0x10000aa96,-364,True
func_qe_0x10000aaa2,145,False
func_qe_0x10000aaaa,218,True
func_qe_0x10000aaac,649,True
func_qe_0x10000aab0,-19,True
func_qe_0x10000aaba,473,True
func_qe_0x10000aabe,-631,False
func_qe_0x10000aacc,191,True
func_qe_0x10000aace,234,True
func_qe_0x10000b023,685,False
func_qe_0x10000b856,-631,False
func_qe_0x10000b85a,-384,True
func_qe_0x10000b85d,-528,False
func_qi_0x10000327e,1111,True
func_qi_0x1000032e8,-609,False
func_qn_0x100002985,-178,True
func_qn_0x1000029e0,-94,True
func_qn_0x1000029f6,144,False
func_qn_0x100002a00,776,True
func_qn_0x100002a02,-311,True
func_qn_0x100002a0c,262,False
func_qn_0x100008033,-709,True
func_qn_0x10000ae86,487,True
func_qr_0x100003231,-681,True
func_qr_0x10000331c,-432,False
func_qr_0x10000331e,-336,False
func_qt_0x100003edd,753,True
func_qt_0x100003ef4,72,False
func_qt_0x100003ef8,812,True
func_qt_0x10000a001,1075,False
func_qt_0x10000b3e8,1054,True
func_qt_0x10000b433,532,False
func_r_0x100000002,-228,True
func_r_0x100000012,844,False
func_r_0x100000014,-51,False
func_r_0x100000019,-63,True
func_r_0x10000001c,-34,False
func_r_0x100000049,343,False
func_r_0x1000000a5,-537,False
func_r_0x10000015c,-444,False
func_r_0x10000016b,1022,True
func_r_0x100000194,244,False
func_r_0x100000197,-327,True
func_r_0x10000025f,-92,False
func_r_0x100000266,339,False
func_r_0x10000026b,412,True
func_r_0x10000026e,665,True
func_r_0x1000002a5,-311,True
func_r_0x10000032e,-478,True
func_r_0x100000355,1103,True
func_r_0x1000003a1,-710,True
func_r_0x1000003bf,-702,False
func_r_0x1000003e0,556,True
func_r_0x1000003e8,-729,False
func_r_0x1000003ed,197,True
func_r_0x1000003f9,97,False
func_r_0x1000003fe,340,False
func_r_0x100000424,10,True
func_r_0x100000437,293,False
func_r_0x100000444,593,False
func_r_0x100000461,-123,False
func_r_0x10000047a,-388,False
func_r_0x100000496,-518,True
func_r_0x1000004a2,990,False
func_r_0x1000004a5,477,True
func_r_0x1000004a8,-656,False
func_r_0x1000004ab,685,True
func_r_0x1000004ae,253,True
func_r_0x1000004db,277,False
func_r_0x1000004e6,914,False
func_r_0x1000004ea,-570,True
func_r_0x100000504,-390,False
func_r_0x10000052e,353,False
func_r_0x10000059a,-323,False
func_r_0x10000059e,1140,False
func_r_0x10000080f,-81,True
func_r_0x100000844,565,True
func_r_0x100000877,-498,False
func_r_0x100000883,-147,False
func_r_0x100000895,-408,False
func_r_0x10000089b,47,False
func_r_0x1000008c0,-469,True
func_r_0x1000008d9,314,True
func_r_0x1000008db,638,True
func_r_0x1000008dd,457,False
func_r_0x1000008df,-611,True
func_r_0x100000914,-730,False
func_r_0x100002688,147,False
func_r_0x100002a6d,282,False
func_r_0x100002a74,123,False
func_r_0x100002b7c,-791,False
func_r_0x100002d28,879,False
func_r_0x100003063,-409,False
func_r_0x100003066,-361,False
func_r_0x100003069,917,False
func_r_0x10000306c,887,False
func_r_0x100003071,151,True
func_r_0x100003074,589,True
func_r_0x100003077,1113,True
func_r_0x10000307a,121,False
func_r_0x10000307d,241,True
func_r_0x100003080,640,True
func_r_0x100003088,131,True
func_r_0x10000308c,-162,False
func_r_0x10000308f,1036,False
func_r_0x100003097,1112,True
func_r_0x1000035eb,313,True
func_r_0x1000035fa,-392,True
func_r_0x1000035ff,378,True
func_r_0x100003602,-234,True
func_r_0x100003641,-314,True
func_r_0x1000036a9,392,False
func_r_0x1000036bb,271,True
func_r_0x1000036d2,269,False
func_r_0x100003af3,442,True
func_r_0x10000435f,-538,False
func_r_0x10000443b,25,False
func_r_0x1000044a8,396,False
func_r_0x1000044aa,-470,True
func_r_0x1000044b7,952,False
func_r_0x100004501,-477,True
func_r_0x100004931,1023,False
func_r_0x100004948,-654,False
func_r_0x10000494d,226,False
func_r_0x10000495a,975,True
func_r_0x10000496a,-15,False
func_r_0x100005ce8,509,True
func_r_0x100005d56,-428,False
func_r_0x100005d62,546,True
func_r_0x100005d7d,427,False
func_r_0x100005d96,983,True
func_r_0x100005da1,-519,True
func_r_0x100005dbd,798,False
func_r_0x100005dca,-679,True
func_r_0x100005dd2,171,False
func_r_0x100005dde,871,True
func_r_0x100005de2,350,True
func_r_0x100005dea,-528,True
func_r_0x100005df4,-254,False
func_r_0x100005e09,-34,False
func_r_0x100005e11,793,True
func_r_0x100005e25,-586,False
func_r_0x10000634f,179,False
func_r_0x10000643e,-596,False
func_r_0x1000064cb,-332,False
func_r_0x10000695d,142,True
func_r_0x100006960,994,True
func_r_0x100006c7d,294,True
func_r_0x100006c91,-354,True
func_r_0x10000744c,-584,False
func_r_0x1000079b9,-169,False
func_r_0x100007a3f,468,True
func_r_0x1000080b0,-422,False
func_r_0x10000875f,846,True
func_r_0x100008762,-322,False
func_r_0x100008766,715,True
func_r_0x10000878d,327,True
func_r_0x100008792,1133,True
func_r_0x1000087b2,938,False
func_r_0x1000087be,-496,True
func_r_0x1000087cf,-213,False
func_r_0x1000087fe,537,True
func_r_0x100008dfb,-441,True
func_r_0x100008e01,1130,True
func_r_0x100008e0e,-218,False
func_r_0x100008e1b,167,True
func_r_0x100008e20,-8,True
func_r_0x100008e37,-392,True
func_r_0x100008e51,-127,False
func_r_0x100008e59,-388,True
func_r_0x100008e69,-309,True
func_r_0x100008e8d,1117,True
func_r_0x100008ed0,-63,True
func_r_0x1000090e7,-8,True
func_r_0x1000090f0,444,False
func_r_0x100009379,-10,False
func_r_0x10000937d,-328,False
func_r_0x100009395,1025,True
func_r_0x10000939f,857,False
func_r_0x1000094e1,-727,False
func_r_0x100009729,543,True
func_r_0x100009900,-525,False
func_r_0x100009e32,24,True
func_r_0x100009e37,1146,False
func_r_0x100009e63,145,True
func_r_0x100009e72,389,False
func_r_0x10000a3fa,-484,False
func_r_0x10000aa5e,1159,False
func_r_0x10000acfc,-53,True
func_r_0x10000adb0,409,True
func_r_0x10000ae8d,-540,False
func_r_0x10000afad,1140,False
func_r_0x10000b1d2,598,False
func_r_0x10000b3e2,237,False
func_r_0x10000b454,340,True
func_r_0x10000b46d,-740,False
func_re_0x1000026f6,-374,False
func_re_0x100002714,-732,False
func_re_0x1000027d9,117,True
func_re_0x100002887,632,False
func_re_0x10000288b,822,False
func_re_0x1000028dd,53,False
func_re_0x1000028e7,596,False
func_re_0x100002e98,218,False
func_re_0x100002e9a,999,True
func_re_0x100003b23,1127,True
func_re_0x100003b25,-255,False
func_re_0x100003b2b,-630,False
func_re_0x100003b2d,60,False
func_re_0x100003b31,824,False
func_re_0x100003b33,115,True
func_re_0x10000459b,-220,True
func_re_0x1000046de,-153,False
func_re_0x1000049bc,-625,True
func_re_0x100004eb4,-687,True
func_re_0x10000514d,491,True
func_re_0x1000051fc,-85,True
func_re_0x1000051ff,244,False
func_re_0x100005203,-320,False
func_re_0x100005223,-397,True
func_re_0x100005411,-495,False
func_re_0x100005413,937,False
func_re_0x100005417,-76,True
func_re_0x100005423,790,True
func_re_0x1000054b8,65,True
func_re_0x1000054bc,-617,True
func_re_0x1000054c0,84,False
func_re_0x1000054c6,511,True
func_re_0x1000054ca,775,True
func_re_0x1000054d0,-171,True
func_re_0x100005778,567,True
func_re_0x10000577a,447,True
func_re_0x10000577c,508,False
func_re_0x100005ed6,352,True
func_re_0x100005ee4,568,True
func_re_0x100005f15,-139,True
func_re_0x1000063ef,1152,True
func_re_0x100006498,1172,True
func_re_0x100006bd9,-579,False
func_re_0x1000081d0,-259,True
func_re_0x100008aa2,421,False
func_re_0x100008aae,1030,False
func_re_0x100008d8c,831,True
func_re_0x100008fc1,-516,True
func_re_0x100008fc9,778,False
func_re_0x100008fcd,1095,False
func_re_0x100008fcf,-327,True
func_re_0x100008feb,-455,False
func_re_0x100008ff1,638,True
func_re_0x100008fff,-368,True
func_re_0x100009006,722,True
func_re_0x10000977e,-131,True
func_re_0x100009931,841,True
func_re_0x100009935,620,False
func_re_0x100009aa8,354,True
func_re_0x100009b34,756,True
func_re_0x100009b59,313,True
func_re_0x100009b64,207,False
func_re_0x100009ba5,-262,False
func_re_0x100009dd3,351,True
func_re_0x100009f2e,546,True
func_re_0x10000a4f5,899,False
func_re_0x10000a53d,-457,True
func_re_0x10000a552,618,False
func_re_0x10000a981,493,False
func_re_0x10000b063,953,True
func_re_0x10000b603,-388,False
func_re_0x10000b609,-353,True
func_re_0x10000b60b,314,False
func_re_0x10000b731,-192,False
func_re_0x10000b733,652,True
func_re_0x10000b738,-514,False
func_re_0x10000b793,142,True
func_ri_0x10000733c,-103,True
func_ri_0x100007355,797,False
func_ri_0x100007357,824,False
func_rr_0x10000487d,-542,True
func_rr_0x100005549,996,True
func_rr_0x1000055d4,161,False
func_rr_0x1000060c9,-674,False
func_rr_0x10000ac10,-223,True
func_rt_0x10000751a,704,True
func_rt_0x10000751c,215,False
func_rt_0x100007520,-109,True
func_rt_0x100007525,-710,True
func_rt_0x10000752c,-602,False
func_rt_0x1000075ef,-496,False
func_rt_0x1000075f3,-103,False
func_rt_0x1000075f7,282,True
func_rt_0x100007601,-628,True
func_rt_0x100007617,-709,True
func_rt_0x100007629,-394,False
func_rt_0x100007630,-130,False
func_rt_0x100007635,693,False
func_rt_0x10000763e,795,True
func_rt_0x100007643,-768,True
func_rt_0x100007647,685,True
func_rt_0x100007649,-97,True
func_rt_0x10000764d,2,True
func_rt_0x10000764f,-53,True
func_rt_0x100007653,468,True
func_rt_0x100007655,166,False
func_rt_0x10000765f,237,True
func_rt_0x10000766f,504,True
func_rt_0x100007671,1113,True
func_rt_0x10000767d,104,False
func_rt_0x100007683,1060,False
func_rt_0x100007686,516,True
func_rt_0x10000768c,47,True
func_rt_0x10000768f,145,True
func_rt_0x100007695,952,False
func_rt_0x10000769b,132,True
func_rt_0x10000769e,734,False
func_rt_0x1000076a1,580,True
func_rt_0x1000076b5,714,False
func_rt_0x1000076b9,1117,False
func_rt_0x1000076bb,-484,False
func_rt_0x1000076c9,-764,False
func_rt_0x1000076cb,480,False
func_rt_0x1000076d3,-471,True
func_rt_0x1000076df,553,True
func_rt_0x1000076e1,1071,False
func_rt_0x1000076e3,-684,True
func_rt_0x1000076e5,222,True
func_rt_0x1000076eb,-717,True
func_rt_0x1000076ed,195,True
func_rt_0x1000076ef,-149,True
func_rt_0x1000076f6,1011,False
func_rt_0x1000076f8,-582,False
func_rt_0x100007708,242,True
func_rt_0x100007727,535,False
func_rt_0x10000772f,628,True
func_rt_0x100007732,-65,True
func_rt_0x100007741,-353,True
func_rt_0x100007745,-431,False
func_rt_0x100007759,476,True
func_rt_0x100007767,-125,True
func_rt_0x100007780,-544,True
func_rt_0x100007782,-84,True
func_rt_0x100007796,1167,True
func_rt_0x10000779a,-557,True
func_rt_0x10000779f,-715,True
func_rt_0x1000077c7,-799,False
func_rt_0x1000077e2,133,False
func_rt_0x1000077e4,847,True
func_rt_0x1000077e8,-81,True
func_rt_0x1000077ec,596,False
func_rt_0x100007800,80,False
func_rt_0x100007802,-459,True
func_rt_0x100007858,-384,True
func_rt_0x10000786f,723,True
func_s_0x10000028f,826,False
func_s_0x100000311,-332,True
func_s_0x100000332,493,False
func_s_0x100000392,388,True
func_s_0x1000003bc,-739,False
func_s_0x100000439,423,False
func_s_0x100000455,-567,False
func_s_0x10000046f,570,False
func_s_0x100000474,-667,True
func_s_0x10000047d,487,False
func_s_0x100000481,410,True
func_s_0x1000004d6,1172,True
func_s_0x100000522,-658,False
func_s_0x100000573,831,False
func_s_0x1000005b8,-617,True
func_s_0x100000886,-241,False
func_s_0x100002b95,-711,False
func_s_0x100002bb9,486,True
func_s_0x100002cd3,-64,True
func_s_0x100002dde,310,True
func_s_0x1000030b9,420,False
func_s_0x1000030c5,-652,True
func_s_0x100003611,-494,False
func_s_0x100003fc9,333,False
func_s_0x100003fd6,960,False
func_s_0x100004361,-279,False
func_s_0x100004413,249,False
func_s_0x100004755,307,True
func_s_0x100004800,208,False
func_s_0x100004957,352,False
func_s_0x100004a8f,-224,True
func_s_0x100004a9e,-486,True
func_s_0x100004da8,-211,True
func_s_0x100004ddd,432,False
func_s_0x100004dfe,458,True
func_s_0x100004e09,318,False
func_s_0x100004e1e,-330,True
func_s_0x100004e48,-392,True
func_s_0x1000051ec,668,True
func_s_0x1000057d1,45,True
func_s_0x10000582d,1137,False
func_s_0x100005873,883,False
func_s_0x10000587f,1083,True
func_s_0x100005990,-259,True
func_s_0x1000059a8,-555,False
func_s_0x1000059ac,707,True
func_s_0x1000059b0,-174,True
func_s_0x100005c22,38,False
func_s_0x100005f07,1080,False
func_s_0x1000062c2,813,False
func_s_0x100006304,860,False
func_s_0x100006311,359,True
func_s_0x100006339,-741,False
func_s_0x100006354,-697,False
func_s_0x10000645c,240,False
func_s_0x1000067d3,-545,True
func_s_0x100006874,406,False
func_s_0x1000068ca,-160,True
func_s_0x10000694c,1075,True
func_s_0x100006b2b,705,True
func_s_0x100006c15,-228,False
func_s_0x100006c2d,-450,False
func_s_0x100006d5f,-225,False
func_s_0x10000702e,1042,False
func_s_0x100007127,-129,True
func_s_0x100007229,-409,False
func_s_0x100007bda,-483,False
func_s_0x100007c10,-642,True
func_s_0x100007faa,-394,False
func_s_0x100007fd2,967,False
func_s_0x10000837c,1089,False
func_s_0x1000083b6,411,False
func_s_0x100008459,-89,False
func_s_0x100008795,-65,True
func_s_0x1000087d2,694,True
func_s_0x1000088f8,248,True
func_s_0x100008976,567,True
func_s_0x100008a33,-603,True
func_s_0x100008b62,-340,True
func_s_0x100008c3c,1025,True
func_s_0x100008cb0,873,False
func_s_0x100008df4,458,True
func_s_0x100008e65,360,True
func_s_0x100008e6d,857,True
func_s_0x100008e75,501,True
func_s_0x100009117,250,False
func_s_0x100009209,-669,True
func_s_0x100009251,260,False
func_s_0x100009265,270,False
func_s_0x10000926e,630,False
func_s_0x100009281,-584,True
func_s_0x1000092b6,38,False
func_s_0x100009380,-498,False
func_s_0x100009499,355,True
func_s_0x1000094e6,356,False
func_s_0x1000094f4,-457,True
func_s_0x1000094fe,773,False
func_s_0x100009510,1006,False
func_s_0x100009759,236,False
func_s_0x1000098e5,184,True
func_s_0x10000990d,-229,False
func_s_0x100009915,217,False
func_s_0x1000099ee,317,False
func_s_0x100009d29,1121,False
func_s_0x100009d75,955,False
func_s_0x100009e3b,-215,True
func_s_0x100009f04,-4,True
func_s_0x10000a0f7,1112,False
func_s_0x10000a18a,287,False
func_s_0x10000a191,-95,False
func_s_0x10000a198,1133,False
func_s_0x10000a7af,-634,True
func_s_0x10000a893,553,False
func_s_0x10000a9a1,-802,True
func_s_0x10000a9ad,338,True
func_s_0x10000acf8,186,False
func_s_0x10000aea1,-165,True
func_s_0x10000b16d,-471,False
func_s_0x10000b92e,743,False
func_s_0x10000b937,682,False
func_sc_0x100003a1d,1005,False
func_sc_0x100007ef0,-328,True
func_sc_0x100007f1e,-314,False
func_se_0x100002701,-260,True
func_se_0x100002708,911,True
func_se_0x1000027ad,1171,True
func_se_0x1000027bf,-480,True
func_se_0x1000027c1,-522,True
func_se_0x1000027d1,-11,True
func_se_0x100002899,421,True
func_se_0x10000289f,269,False
func_se_0x1000028a5,457,False
func_se_0x100002a69,1057,False
func_se_0x100002e8c,539,False
func_se_0x10000359f,302,True
func_se_0x1000035c2,14,False
func_se_0x100004180,893,True
func_se_0x1000045ae,-399,False
func_se_0x1000045b0,-765,True
func_se_0x1000045b5,626,False
func_se_0x100004697,-668,False
func_se_0x100004699,-121,False
func_se_0x1000046a1,-233,False
func_se_0x1000046a6,349,True
func_se_0x1000046aa,1002,False
func_se_0x1000046ad,1052,True
func_se_0x1000046b5,-57,False
func_se_0x100005152,133,True
func_se_0x100005c75,-751,False
func_se_0x100005c77,815,True
func_se_0x100005c7b,156,False
func_se_0x100005c7d,-202,False
func_se_0x100005c7f,1002,False
func_se_0x100005e48,242,False
func_se_0x100005e6b,1117,True
func_se_0x100005f2c,1079,True
func_se_0x100005f31,65,False
func_se_0x100006499,410,True
func_se_0x10000649b,-205,False
func_se_0x1000064ef,-21,True
func_se_0x1000065e2,105,False
func_se_0x1000065ff,86,False
func_se_0x100006601,106,True
func_se_0x100006607,-278,False
func_se_0x100006609,-433,False
func_se_0x10000660d,-94,False
func_se_0x100006610,1027,False
func_se_0x100006613,887,True
func_se_0x10000700f,-396,False
func_se_0x100007a61,901,True
func_se_0x100007c98,615,False
func_se_0x100007ca4,-211,True
func_se_0x1000081c0,-345,True
func_se_0x10000820b,515,False
func_se_0x100008d78,698,False
func_se_0x100008fb3,-9,True
func_se_0x100008fc3,130,True
func_se_0x100008fc5,-4,False
func_se_0x100008fd1,1005,True
func_se_0x100008fd4,371,False
func_se_0x100008fda,951,True
func_se_0x100008fde,-22,False
func_se_0x100008fe2,1043,False
func_se_0x100009795,396,True
func_se_0x100009b65,148,False
func_se_0x100009b69,451,False
func_se_0x100009db7,133,False
func_se_0x100009dc4,210,False
func_se_0x100009ded,-441,True
func_se_0x10000a530,-221,True
func_se_0x10000a55b,-698,True
func_se_0x10000a67b,184,False
func_se_0x10000a68a,388,True
func_se_0x10000a68e,-521,False
func_se_0x10000a72e,774,True
func_se_0x10000a733,-670,True
func_se_0x10000a770,-353,False
func_se_0x10000a776,-600,False
func_se_0x10000a783,-20,False
func_se_0x10000a789,950,True
func_se_0x10000a798,-763,True
func_se_0x10000aa15,-310,True
func_se_0x10000aa19,962,False
func_se_0x10000acca,839,True
func_se_0x10000ad35,-9,False
func_se_0x10000b00f,1142,False
func_se_0x10000b606,-99,True
func_se_0x10000b6df,-445,True
func_se_0x10000b896,301,True
func_se_0x10000b8b8,-725,False
func_se_0x10000b8ba,877,True
func_se_0x10000b8bc,407,True
func_se_0x10000b8e6,-329,True
func_si_0x100007f89,-789,False
func_sn_0x100003248,-494,True
func_sn_0x10000324a,800,True
func_sn_0x10000324e,967,True
func_sn_0x100003263,-455,False
func_sn_0x100003268,-217,True
func_sn_0x10000327a,724,False
func_sn_0x10000327c,-741,False
func_sn_0x100003288,1058,False
func_sn_0x10000328a,-155,False
func_sn_0x10000328c,444,True
func_sn_0x10000328e,927,False
func_sn_0x100003290,824,True
func_sn_0x100003294,937,True
func_sn_0x10000329c,-26,True
func_sn_0x1000032a4,216,False
func_sn_0x1000032ac,895,False
func_sn_0x1000032ae,-220,False
func_sn_0x1000032b2,-128,False
func_sn_0x1000032bc,384,True
func_sn_0x1000032be,1160,False
func_sn_0x1000032c0,-776,True
func_sn_0x1000032c8,485,False
func_sn_0x1000032d4,48,False
func_sn_0x1000032d8,970,False
func_sn_0x1000032dc,-606,False
func_sn_0x1000032ee,-83,False
func_sn_0x1000032f2,807,True
func_sn_0x1000032f4,935,False
func_sn_0x1000032fa,-613,True
func_sn_0x1000032fe,-43,True
func_sn_0x100003302,389,True
func_sn_0x100003304,982,False
func_sn_0x10000330c,-652,False
func_sn_0x10000330e,-69,False
func_sn_0x10000331a,1059,True
func_sn_0x100003326,28,False
func_sn_0x100003328,-715,True
func_sn_0x10000332a,308,True
func_sn_0x10000332c,252,False
func_sn_0x100003332,976,True
func_sn_0x100003334,-429,True
func_sn_0x100003336,544,False
func_sn_0x10000333c,-684,True
func_sn_0x10000334c,37,True
func_sn_0x10000334e,892,True
func_sn_0x100003358,714,True
func_sn_0x10000335a,474,False
func_sn_0x10000335c,-639,False
func_sn_0x10000335e,-288,True
func_sn_0x100003362,-419,False
func_sn_0x100003364,-242,False
func_sn_0x10000336a,740,True
func_sn_0x10000336c,-169,True
func_sn_0x10000336e,371,False
func_sn_0x100003370,850,True
func_sn_0x10000337a,-90,False
func_sn_0x100003384,1109,True
func_sn_0x100003386,-530,True
func_sn_0x100003388,1072,False
func_sn_0x10000338a,584,True
func_sn_0x10000338c,-482,True
func_sn_0x100003390,-322,False
func_sn_0x100003392,-15,False
func_sn_0x100003394,1081,False
func_sn_0x10000339a,1008,True
func_sn_0x1000033ac,560,False
func_sn_0x1000033ae,-746,True
func_sn_0x1000033b6,-142,False
func_sn_0x1000033b8,939,True
func_sn_0x1000033bc,-707,False
func_sn_0x1000033d6,246,False
func_sn_0x1000033da,-722,False
func_sn_0x1000033dc,1162,True
func_sn_0x1000033de,-390,True
func_sn_0x1000033e0,132,True
func_sn_0x1000033ec,-548,True
func_sn_0x1000033ee,-413,False
func_sn_0x1000033f2,177,True
func_sn_0x1000033f9,69,False
func_sn_0x10000340d,497,False
func_sn_0x10000340f,-315,False
func_sn_0x100003419,851,False
func_sn_0x100003562,-218,True
func_sn_0x10000356c,1120,True
func_sn_0x10000356e,1023,False
func_so_0x10000735f,1134,True
func_so_0x100007362,346,False
func_sr_0x1000056a5,-645,False
func_sr_0x1000056b5,-189,True
func_sr_0x1000056b7,848,False
func_sr_0x100009c73,-376,False
func_sr_0x100009c89,370,True
func_sr_0x100009c8b,543,False
func_sr_0x100009c95,-256,False
func_sr_0x100009f8d,-599,False
func_sr_0x10000b40e,390,True
func_sr_0x10000b429,-218,True
func_sr_0x10000b460,825,False
func_st_0x10000486e,1052,True
func_st_0x100004886,973,True
func_st_0x100004888,339,False
func_st_0x100004892,717,True
func_st_0x100004898,-734,False
func_st_0x10000489a,849,False
func_st_0x10000489c,684,True
func_st_0x1000048a6,-41,False
func_st_0x1000048aa,-711,False
func_st_0x1000048ac,-809,True
func_st_0x1000048ae,806,True
func_st_0x1000048b0,-438,False
func_st_0x1000048b6,447,False
func_st_0x1000048b8,668,True
func_st_0x1000048ba,-551,True
func_st_0x1000048bc,-95,True
func_st_0x1000048be,778,True
func_st_0x1000048c0,903,False
func_st_0x1000048c4,464,False
func_st_0x1000048c8,627,False
func_st_0x1000048ca,534,False
func_st_0x1000048cc,785,False
func_st_0x1000048d0,204,True
func_st_0x1000048d2,401,False
func_st_0x1000048d4,-594,True
func_st_0x1000048d6,946,True
func_st_0x1000048da,1166,False
func_st_0x1000048dc,837,False
func_st_0x100006008,964,True
func_st_0x100006010,327,True
func_st_0x100006030,919,False
func_st_0x100006034,-566,True
func_st_0x100006036,399,False
func_st_0x1000060bb,576,True
func_st_0x1000060bd,169,False
func_st_0x100009bc3,0,False
func_st_0x100009bc9,-368,True
func_st_0x100009bd9,1003,True
func_st_0x100009c68,661,True
func_st_0x100009c6a,1145,False
func_st_0x100009cbd,-269,False
func_st_0x10000a943,-283,False
func_st_0x10000a949,67,False
func_st_0x10000a94f,645,True
func_st_0x10000ac2e,-192,False
func_st_0x10000ac55,-154,True
func_st_0x10000ac5d,-472,True
func_t_0x100004aa7,-88,False
func_t_0x100004ab1,-784,True
func_t_0x100004c34,-502,False
func_t_0x100004c74,279,False
func_t_0x100004c76,61,True
func_t_0x1000050a5,-506,False
func_t_0x1000050cc,214,False
func_t_0x100008f4a,605,True
func_t_0x10000a87e,826,True
func_t_0x10000a90f,837,True
func_t_0x10000acb2,268,False
func_t_0x10000af87,-310,False
func_t_0x10000b106,862,False
func_t_0x10000b109,354,False
func_t_0x10000b10d,-639,True
func_t_0x10000b11b,1090,True
func_t_0x10000b128,-59,True
func_t_0x10000b12e,499,True
func_t_0x10000b130,502,True
func_t_0x10000b133,-65,True
func_t_0x10000b137,766,True
func_t_0x10000b501,35,False
func_t_0x10000b864,12,True
func_ta_0x1000077cd,-495,False
func_ta_0x1000077d3,337,True
func_tc_0x1000056f2,-739,True
func_tc_0x1000056fc,731,False
func_tc_0x100006f56,17,True
func_tc_0x100006f5c,184,True
func_tc_0x100006f60,-549,True
func_tc_0x100006f70,1057,False
func_tc_0x10000a306,254,False
func_tc_0x10000a308,49,True
func_tc_0x10000b3f3,976,True
func_tc_0x10000b43c,908,False
func_te_0x1000026c1,880,True
func_te_0x1000026c3,-630,False
func_te_0x1000026c7,484,True
func_te_0x1000026cb,580,True
func_te_0x100002916,54,True
func_te_0x100002d71,-12,False
func_te_0x100002d75,884,True
func_te_0x100003674,1060,False
func_te_0x100003694,-438,False
func_te_0x100003f5b,220,True
func_te_0x100003f5d,-345,False
func_te_0x100003f5f,-801,True
func_te_0x100003f61,-231,True
func_te_0x100003f63,1060,False
func_te_0x100003f67,-138,False
func_te_0x100003f69,509,True
func_te_0x100003f6b,601,False
func_te_0x100003f71,-510,True
func_te_0x100003f7b,80,False
func_te_0x100003f7f,-297,False
func_te_0x100003fb4,-210,True
func_te_0x10000415e,-685,True
func_te_0x100004160,52,False
func_te_0x100004162,567,True
func_te_0x10000416e,554,True
func_te_0x1000042f4,-289,False
func_te_0x100004736,506,True
func_te_0x100004ea7,-226,False
func_te_0x100004eb0,-578,False
func_te_0x100004f36,-658,False
func_te_0x100004f38,127,False
func_te_0x100004f3a,-632,False
func_te_0x100004f40,342,True
func_te_0x100004f42,481,True
func_te_0x100004f49,798,False
func_te_0x100005770,684,False
func_te_0x100005eca,715,True
func_te_0x100005ece,-633,False
func_te_0x100006283,670,True
func_te_0x10000642a,556,False
func_te_0x10000642c,822,False
func_te_0x100006b64,-67,False
func_te_0x100006b68,1021,False
func_te_0x100006b6a,650,False
func_te_0x100006b6e,-682,False
func_te_0x1000071c7,-143,True
func_te_0x1000071cf,52,False
func_te_0x100007300,728,True
func_te_0x10000732a,-616,True
func_te_0x100007498,85,False
func_te_0x1000080f3,907,False
func_te_0x1000081e0,165,False
func_te_0x100008220,428,False
func_te_0x100008604,-137,False
func_te_0x10000873d,676,True
func_te_0x100008b2e,71,True
func_te_0x100008ba4,-649,True
func_te_0x100008c6c,-546,False
func_te_0x100008c6e,64,False
func_te_0x10000904e,664,True
func_te_0x100009050,961,True
func_te_0x1000098cf,-616,False
func_te_0x100009b0d,1121,False
func_te_0x100009b24,1130,False
func_te_0x100009ef5,-402,True
func_te_0x100009ef9,1002,True
func_te_0x100009eff,986,True
func_te_0x10000a0a8,830,False
func_te_0x10000a0d7,944,True
func_te_0x10000a16e,301,False
func_te_0x10000a172,280,False
func_te_0x10000a174,-524,True
func_te_0x10000a3f7,723,False
func_te_0x10000a62b,-537,False
func_te_0x10000a62d,745,False
func_te_0x10000a7e2,1123,True
func_te_0x10000a7f7,-544,True
func_te_0x10000b4aa,38,False
func_te_0x10000b5a6,966,False
func_te_0x10000b5a8,888,False
func_te_0x10000b5ae,77,False
func_te_0x10000b6d9,157,True
func_te_0x10000b73b,760,False
func_ti_0x100003e29,192,True
func_ti_0x100003e2b,-204,False
func_ti_0x100007390,1035,False
func_ti_0x100007394,892,True
func_tn_0x100003dbf,918,False
func_tn_0x100003dc5,784,True
func_tn_0x100003dcd,36,True
func_tn_0x100003ddd,1072,True
func_tn_0x100003ddf,80,True
func_tn_0x100003de7,-343,True
func_tn_0x100003ee9,192,False
func_tn_0x100003f09,80,True
func_tn_0x100003f1a,541,True
func_tn_0x100003f20,-706,False
func_tn_0x100003f24,264,False
func_tn_0x100003f28,-203,True
func_tn_0x100003f2a,598,True
func_tn_0x100003f2c,54,True
func_tn_0x100003f2e,-351,False
func_tn_0x100003f30,-501,False
func_tn_0x100003f34,-382,True
func_tn_0x100003f38,-98,False
func_tn_0x100003f3c,55,True
func_tn_0x1000056d5,594,True
func_tn_0x100009ff9,285,True
func_tr_0x100003d9d,296,True
func_tr_0x100003dbd,706,False
func_tr_0x100003dc1,1031,False
func_tr_0x100003dc7,196,False
func_tr_0x100003dc9,956,False
func_tr_0x100003dcb,637,True
func_tr_0x100003dcf,-640,True
func_tr_0x100003de1,1139,True
func_tr_0x100003edf,-187,True
func_tr_0x100003ee2,-378,False
func_tr_0x100003ef3,-89,True
func_tr_0x100003ef7,999,False
func_tr_0x100003f01,-215,False
func_tr_0x100003f0d,939,False
func_tr_0x100003f1c,-573,False
func_tr_0x100003f1e,398,False
func_tr_0x100003f26,-101,True
func_tr_0x100003f36,1121,True
func_tr_0x100003f3a,-298,True
func_tr_0x100003f41,474,True
func_tr_0x100009fff,692,True
func_tr_0x10000a020,-467,False
func_tr_0x10000b3a2,238,True
func_tr_0x10000b41c,-219,True
func_tt_0x1000046e8,-437,False
func_tt_0x100004ac9,1114,True
func_tt_0x100004c30,-470,True
func_tt_0x100004c36,-169,True
func_tt_0x100004cf6,-100,False
func_tt_0x100004cfa,1053,True
func_tt_0x1000050b1,406,False
func_tt_0x1000050b7,-460,False
func_tt_0x1000050cf,-241,True
func_tt_0x100005114,-468,True
func_tt_0x100005938,-68,True
func_tt_0x100005c17,-331,True
func_tt_0x100006fb3,500,False
func_tt_0x100006fb8,793,False
func_tt_0x100008f33,640,False
func_tt_0x100008f35,7,False
func_tt_0x100008f3c,58,False
func_tt_0x100009547,-660,False
func_tt_0x10000954d,952,False
func_tt_0x100009555,-396,True
func_tt_0x100009557,1163,False
func_tt_0x100009559,340,False
func_tt_0x10000955b,533,False
func_tt_0x10000955f,678,True
func_tt_0x100009563,1040,False
func_tt_0x100009567,-12,True
func_tt_0x10000956f,-74,True
func_tt_0x100009571,-631,False
func_tt_0x100009575,-703,True
func_tt_0x100009577,486,True
func_tt_0x100009579,-238,True
func_tt_0x10000957d,203,True
func_tt_0x100009581,335,True
func_tt_0x100009587,578,False
func_tt_0x10000a1ce,-690,True
func_tt_0x10000a1d6,363,False
func_tt_0x10000a1d8,1120,False
func_tt_0x10000a1de,503,False
func_tt_0x10000a1e2,40,True
func_tt_0x10000a1e4,-760,False
func_tt_0x10000a1e8,779,True
func_tt_0x10000a1ea,-276,True
func_tt_0x10000a1ec,309,True
func_tt_0x10000a1ee,867,False
func_tt_0x10000a1f2,166,True
func_tt_0x10000a1f8,501,True
func_tt_0x10000a1fc,-437,True
func_tt_0x10000a1fe,-84,False
func_tt_0x10000a202,839,True
func_tt_0x10000a204,-320,False
func_tt_0x10000a212,496,False
func_tt_0x10000a216,910,True
func_tt_0x10000a21d,-67,False
func_tt_0x10000aad9,-148,True
func_tt_0x10000aadd,-186,False
func_tt_0x10000aae5,-210,True
func_tt_0x10000af34,-183,False
func_tt_0x10000af38,-665,False
func_tt_0x10000af3a,-462,False
func_tt_0x10000af45,238,False
func_tt_0x10000af8c,1115,True
func_tt_0x10000b7c3,109,False
func_tt_0x10000b83f,-289,True
func_u_0x100000090,408,False
func_u_0x1000000fd,1136,False
func_u_0x10000015f,-342,False
func_u_0x1000002b0,3,False
func_u_0x10000033e,-198,True
func_u_0x100000387,880,True
func_u_0x1000003f0,-51,False
func_u_0x1000003f6,-736,False
func_u_0x10000041e,234,True
func_u_0x1000004b4,-687,True
func_u_0x10000051e,-251,True
func_u_0x100000527,874,True
func_u_0x10000052a,-245,True
func_u_0x100000544,279,False
func_u_0x10000056a,760,True
func_u_0x1000005a7,917,False
func_u_0x10000083b,159,False
func_u_0x10000084a,-802,False
func_u_0x100000879,283,False
func_u_0x1000008a9,-639,True
func_u_0x1000008c2,-404,False
func_u_0x1000027df,-516,True
func_u_0x100002aa1,32,False
func_u_0x100002cf6,833,True
func_u_0x1000030d9,-600,False
func_u_0x1000030e6,141,True
func_u_0x1000035e5,182,False
func_u_0x100003623,809,True
func_u_0x1000036cf,191,True
func_u_0x100003f94,397,True
func_u_0x100004066,604,True
func_u_0x1000040d5,292,False
func_u_0x10000420d,903,False
func_u_0x10000424f,266,True
func_u_0x100004261,-592,False
func_u_0x100004423,-560,False
func_u_0x10000442b,551,True
func_u_0x100004479,545,False
func_u_0x1000044b4,485,True
func_u_0x100004508,-238,False
func_u_0x10000482b,-377,False
func_u_0x10000495e,-534,True
func_u_0x1000049ef,938,False
func_u_0x100004a95,932,False
func_u_0x100004df8,206,False
func_u_0x100004e14,-249,True
func_u_0x100004e45,867,True
func_u_0x100004f5f,794,True
func_u_0x100004f81,243,False
func_u_0x100005978,715,True
func_u_0x100005eb5,493,True
func_u_0x1000060dd,-54,True
func_u_0x100006273,55,False
func_u_0x1000062e7,-121,False
func_u_0x10000638c,814,True
func_u_0x100006441,-172,False
func_u_0x100006455,259,False
func_u_0x10000667e,-576,False
func_u_0x10000689c,445,True
func_u_0x100006b7f,714,True
func_u_0x100006e12,991,True
func_u_0x10000715b,1151,False
func_u_0x1000078b7,542,False
func_u_0x10000796c,-68,True
func_u_0x100007a55,-518,True
func_u_0x100007acb,573,True
func_u_0x100007bcc,-448,False
func_u_0x100007fb3,266,False
func_u_0x10000832a,-219,True
func_u_0x10000843f,590,True
func_u_0x1000087a6,-737,True
func_u_0x10000886b,-183,False
func_u_0x100008992,-666,False
func_u_0x100008aee,847,False
func_u_0x100008d5c,712,False
func_u_0x100008e28,915,True
func_u_0x100008e4e,-777,True
func_u_0x100008e56,211,True
func_u_0x10000911d,-557,False
func_u_0x10000912d,-48,True
func_u_0x100009167,-706,False
func_u_0x100009187,451,True
func_u_0x1000091a4,470,True
func_u_0x1000091cb,-748,True
func_u_0x1000091e7,67,False
func_u_0x10000921c,46,False
func_u_0x100009238,-341,True
func_u_0x1000093db,-628,False
func_u_0x1000094f0,-349,False
func_u_0x100009661,238,False
func_u_0x100009744,0,True
func_u_0x100009747,297,True
func_u_0x1000098e2,183,False
func_u_0x1000098ed,1108,True
func_u_0x100009908,870,True
func_u_0x10000a101,394,False
func_u_0x10000a17b,-149,True
func_u_0x10000a183,344,False
func_u_0x10000a6fd,750,False
func_u_0x10000a7bb,649,False
func_u_0x10000b8ef,-244,False
func_uc_0x1000056ee,383,True
func_uc_0x100006f58,471,False
func_uc_0x100006f5e,1177,True
func_uc_0x100006f62,-638,False
func_uc_0x100006f64,789,False
func_uc_0x100006f66,-121,False
func_uc_0x100006f68,210,False
func_uc_0x100006f6a,-231,False
func_uc_0x100006f6c,-315,False
func_uc_0x100006f6e,1033,True
func_uc_0x100006f72,49,False
func_uc_0x100006f74,981,False
func_uc_0x100006f76,-146,False
func_uc_0x10000a066,-127,True
func_uc_0x10000a2de,691,False
func_uc_0x10000a30a,1023,True
func_uc_0x10000a30c,298,False
func_uc_0x10000a35b,-796,False
func_uc_0x10000b3f9,933,False
func_uc_0x10000b43a,249,False
func_ue_0x100003fe2,1032,False
func_ue_0x10000454d,95,False
func_ue_0x100004563,-277,False
func_ue_0x100004610,-128,False
func_ue_0x100004612,-475,False
func_ue_0x100004614,-529,True
func_ue_0x10000461c,499,False
func_ue_0x10000462c,978,True
func_ue_0x100004645,95,True
func_ue_0x10000497d,382,False
func_ue_0x100004983,801,False
func_ue_0x100004985,634,False
func_ue_0x10000498d,511,False
func_ue_0x1000049ab,-457,False
func_ue_0x100005238,-223,False
func_ue_0x100005fd2,-484,True
func_ue_0x100005fd8,854,True
func_ue_0x100005fe0,-25,True
func_ue_0x100005fe2,1132,True
func_ue_0x1000064a2,867,True
func_ue_0x1000068ee,573,True
func_ue_0x100006911,1088,True
func_ue_0x100006913,-768,False
func_ue_0x1000069c0,-240,True
func_ue_0x100007000,-475,True
func_ue_0x1000085cf,764,True
func_ue_0x1000085d1,435,False
func_ue_0x1000085fb,-497,False
func_ue_0x100009430,730,False
func_ue_0x100009432,281,False
func_ue_0x100009434,-620,True
func_ue_0x1000096d9,431,False
func_ue_0x1000096db,200,False
func_ue_0x1000096dd,-573,False
func_ue_0x1000096df,1039,False
func_ue_0x1000096e9,1103,True
func_ue_0x1000096eb,191,False
func_ue_0x100009e0e,1067,False
func_ue_0x10000a693,-622,True
func_ue_0x10000a695,886,False
func_ue_0x10000a697,573,True
func_ue_0x10000a699,462,False
func_ue_0x10000a69d,506,False
func_ue_0x10000a9fb,552,False
func_ue_0x10000b05a,789,True
func_ue_0x10000b4fb,-320,False
func_un_0x100003efb,797,True
func_un_0x100003eff,-19,False
func_un_0x100003f05,1129,True
func_un_0x100003f07,47,True
func_un_0x10000573b,1090,False
func_un_0x10000574a,1147,False
func_un_0x10000574f,-407,False
func_un_0x100009ff5,-109,True
func_un_0x100009ff7,4,True
func_unknown_0x100000108,119,False
func_unknown_0x100000136,-586,False
func_unknown_0x1000001ad,811,False
func_unknown_0x1000001af,116,False
func_unknown_0x1000001b5,61,True
func_unknown_0x100000280,-647,False
func_unknown_0x100000289,-20,False
func_unknown_0x10000029e,-287,True
func_unknown_0x1000005c4,26,False
func_unknown_0x100002690,890,False
func_unknown_0x100002694,767,False
func_unknown_0x100002af0,231,False
func_unknown_0x100002af5,-561,False
func_unknown_0x100002b39,24,False
func_unknown_0x100002b80,-117,True
func_unknown_0x100002b82,-610,True
func_unknown_0x100002be2,222,True
func_unknown_0x100002be4,219,True
func_unknown_0x100002bea,-236,False
func_unknown_0x100002d1d,675,False
func_unknown_0x100002dcd,-100,False
func_unknown_0x100002dec,100,True
func_unknown_0x100003645,681,True
func_unknown_0x10000419f,257,True
func_unknown_0x100004201,-396,True
func_unknown_0x10000422d,-543,True
func_unknown_0x100004510,-251,False
func_unknown_0x1000046c1,885,True
func_unknown_0x1000047cb,342,True
func_unknown_0x100004e31,-298,False
func_unknown_0x100004e33,-621,True
func_unknown_0x100004e38,478,False
func_unknown_0x100004e3f,-782,True
func_unknown_0x100004eab,161,True
func_unknown_0x100004f4e,-773,False
func_unknown_0x100005490,-760,False
func_unknown_0x100005496,18,False
func_unknown_0x10000549c,581,True
func_unknown_0x1000057cc,-733,False
func_unknown_0x10000595c,-412,False
func_unknown_0x100005960,1162,True
func_unknown_0x100005a90,-344,True
func_unknown_0x100005ba5,1120,True
func_unknown_0x100006355,805,True
func_unknown_0x100006413,-631,False
func_unknown_0x10000646b,681,False
func_unknown_0x100006660,-207,False
func_unknown_0x100006ce5,1100,False
func_unknown_0x100006cf6,36,False
func_unknown_0x100006d08,553,False
func_unknown_0x100006d0c,288,False
func_unknown_0x100007168,-160,False
func_unknown_0x100007899,-252,True
func_unknown_0x10000789c,-529,False
func_unknown_0x100007953,173,False
func_unknown_0x100007988,570,True
func_unknown_0x100007a2e,845,True
func_unknown_0x100007ab9,-392,False
func_unknown_0x100007bbc,-74,True
func_unknown_0x100007bbe,-779,True
func_unknown_0x100007bc9,-344,True
func_unknown_0x100007fc2,-307,True
func_unknown_0x100007fcd,-688,True
func_unknown_0x10000830e,9,True
func_unknown_0x100008319,824,True
func_unknown_0x100008352,197,True
func_unknown_0x100008354,-368,False
func_unknown_0x1000083e9,-34,True
func_unknown_0x1000083ed,1094,False
func_unknown_0x100008788,1102,True
func_unknown_0x100008817,-789,False
func_unknown_0x100008819,-207,False
func_unknown_0x10000881d,295,True
func_unknown_0x100008946,446,True
func_unknown_0x100008b25,678,False
func_unknown_0x100008be8,-707,True
func_unknown_0x100008bf2,469,False
func_unknown_0x100008bf4,342,True
func_unknown_0x100008bf6,-143,True
func_unknown_0x100008bfa,-583,False
func_unknown_0x100008bfc,569,False
func_unknown_0x100008c27,351,True
func_unknown_0x100008cde,-674,False
func_unknown_0x100008d3c,557,False
func_unknown_0x100008dc1,-804,False
func_unknown_0x100008dcb,-766,True
func_unknown_0x100008de5,-168,False
func_unknown_0x100009706,374,True
func_unknown_0x1000098a5,415,False
func_unknown_0x10000999c,-124,True
func_unknown_0x1000099a2,41,False
func_unknown_0x10000a14e,134,True
func_unknown_0x10000a8aa,1158,True
func_unknown_0x10000a8be,-711,False
func_unknown_0x10000a8c6,196,False
func_unknown_0x10000a8c8,-684,True
func_unknown_0x10000a8ca,-280,False
func_unknown_0x10000a8cc,1112,False
func_unknown_0x10000a8d0,-8,False
func_unknown_0x10000b177,804,True
func_unknown_0x10000b17b,328,False
func_ur_0x1000054fb,-488,True
func_ur_0x1000054fd,481,False
func_ur_0x100005503,-437,True
func_ur_0x100005508,504,True
func_ur_0x10000550c,598,True
func_ur_0x10000553f,-696,True
func_ur_0x1000055be,-273,False
func_ur_0x1000055c8,884,True
func_ur_0x1000055ca,164,True
func_ur_0x1000055d0,1094,True
func_ur_0x1000055dd,486,False
func_ur_0x10000601f,961,False
func_ur_0x100006058,-609,True
func_ur_0x1000060cb,-115,False
func_ur_0x10000a96b,4,False
func_ur_0x10000abae,1041,False
func_ur_0x10000ac0b,-379,False
func_ur_0x10000ac3b,-345,True
func_ur_0x10000ac3d,920,True
func_ur_0x10000ac40,-424,False
func_ut_0x1000037cb,-745,True
func_ut_0x1000037f3,61,False
func_ut_0x1000037f5,991,True
func_ut_0x1000037ff,-324,True
func_ut_0x100003806,-779,True
func_ut_0x100003808,669,False
func_ut_0x100003816,-408,False
func_ut_0x100003828,-548,False
func_ut_0x10000382c,-480,True
func_ut_0x100003834,852,True
func_ut_0x100003847,-84,False
func_ut_0x10000384a,-749,False
func_ut_0x10000384c,252,True
func_ut_0x10000385c,-336,True
func_ut_0x100003863,189,True
func_ut_0x100003866,329,False
func_ut_0x100003868,540,True
func_ut_0x100003886,716,True
func_ut_0x10000388a,165,True
func_ut_0x10000388e,-604,True
func_ut_0x100003890,436,False
func_ut_0x1000038aa,986,False
func_ut_0x1000038b0,544,True
func_ut_0x1000038b3,458,False
func_ut_0x1000038b6,-774,False
func_ut_0x1000038b9,344,True
func_ut_0x1000038c8,292,False
func_ut_0x1000038cb,46,True
func_ut_0x1000038ce,-175,False
func_ut_0x1000038d1,-502,True
func_ut_0x1000038ea,1116,False
func_ut_0x1000038ee,-318,False
func_ut_0x1000038f0,-713,True
func_ut_0x1000038f2,-413,False
func_ut_0x1000038fa,757,True
func_ut_0x1000038fc,-593,True
func_ut_0x100003901,-71,True
func_ut_0x100003914,791,True
func_ut_0x100003918,-250,False
func_ut_0x10000391a,-276,True
func_ut_0x100003920,28,True
func_ut_0x100003922,473,True
func_ut_0x100003925,278,False
func_ut_0x100003929,710,True
func_ut_0x100003931,59,True
func_ut_0x100003937,154,True
func_ut_0x10000393b,504,False
func_ut_0x10000393f,1066,False
func_ut_0x10000394d,235,False
func_ut_0x100003951,368,True
func_ut_0x100003962,277,False
func_ut_0x100003967,47,True
func_ut_0x10000396e,762,True
func_ut_0x10000397c,-12,True
func_ut_0x10000397e,863,True
func_ut_0x100003994,-692,True
func_ut_0x100003996,1014,True
func_ut_0x1000039bf,-457,False
func_ut_0x1000039c1,915,True
func_ut_0x1000039d3,184,False
func_ut_0x1000039d5,-239,True
func_ut_0x1000039d7,763,True
func_ut_0x100003a06,15,True
func_ut_0x100003a09,-707,True
func_ut_0x100003a27,547,False
func_ut_0x100003a29,-642,True
func_ut_0x100003a2d,-660,True
func_ut_0x100003a2f,-795,False
func_ut_0x100003a36,462,False
func_ut_0x100003a41,297,False
func_ut_0x100003a47,-772,True
func_ut_0x100003a82,368,False
func_ut_0x100003a88,809,False
func_ut_0x100003ab6,-378,True
func_v_0x100000137,-306,False
func_v_0x100000145,459,False
func_v_0x1000001c7,714,True
func_v_0x100002696,659,False
func_v_0x1000026ba,600,False
func_v_0x10000277c,-91,False
func_v_0x100002d61,31,True
func_v_0x100002d63,-432,False
func_v_0x100002d91,223,False
func_v_0x100002d96,49,True
func_v_0x100002dd0,500,True
func_v_0x100002ece,461,False
func_v_0x10000366a,-600,False
func_v_0x10000367a,127,False
func_v_0x10000406a,179,True
func_v_0x10000413d,-131,True
func_v_0x10000413f,700,True
func_v_0x100004216,-33,False
func_v_0x100004251,336,True
func_v_0x100004a19,132,False
func_v_0x100004a2a,994,False
func_v_0x100004db7,-805,True
func_v_0x100004e4a,-816,True
func_v_0x100004e4c,-500,True
func_v_0x100004e4e,-787,True
func_v_0x100004e50,1017,False
func_v_0x100004e52,755,True
func_v_0x100004ef0,-36,False
func_v_0x100004ef4,111,False
func_v_0x100005809,372,False
func_v_0x10000580b,-611,False
func_v_0x1000059f4,-304,False
func_v_0x10000639b,269,True
func_v_0x100006447,560,False
func_v_0x100006689,588,True
func_v_0x10000692b,-457,False
func_v_0x10000692d,-212,False
func_v_0x100006952,176,True
func_v_0x1000069e6,203,False
func_v_0x100006b87,-115,True
func_v_0x100006bb8,-450,True
func_v_0x100006bba,459,True
func_v_0x100006bc0,1036,True
func_v_0x100006bc2,-298,True
func_v_0x100006bc4,634,False
func_v_0x100006bc8,-189,False
func_v_0x100006d12,187,False
func_v_0x100006d14,-419,True
func_v_0x100006d2f,1058,False
func_v_0x1000071f9,406,True
func_v_0x1000078fb,919,True
func_v_0x100007b9d,580,True
func_v_0x100007ba4,99,True
func_v_0x100007bc3,-417,False
func_v_0x1000082e9,1158,True
func_v_0x1000082f1,-625,False
func_v_0x1000082f3,102,True
func_v_0x1000082f9,236,False
func_v_0x10000831c,-344,False
func_v_0x1000083e3,1107,True
func_v_0x100008425,605,False
func_v_0x100008435,-638,False
func_v_0x10000850a,-291,True
func_v_0x10000851f,-205,True
func_v_0x10000855a,-305,False
func_v_0x100008718,139,False
func_v_0x100008722,609,False
func_v_0x100008d1c,514,False
func_v_0x100008d59,244,False
func_v_0x100009023,-603,False
func_v_0x100009025,-73,False
func_v_0x10000902d,-6,False
func_v_0x10000902f,743,False
func_v_0x100009033,521,False
func_v_0x100009035,-431,True
func_v_0x100009039,134,False
func_v_0x10000903d,500,False
func_v_0x1000093ee,962,True
func_v_0x1000093f1,119,True
func_v_0x1000093f3,-62,True
func_v_0x1000094b6,945,False
func_v_0x10000964d,-476,True
func_v_0x1000099d9,-196,True
func_v_0x1000099dd,-160,True
func_v_0x100009a85,-333,True
func_v_0x100009a87,-521,False
func_v_0x100009a89,184,True
func_v_0x100009a96,-564,True
func_v_0x100009a98,1065,False
func_v_0x100009cce,548,True
func_v_0x100009d09,-371,True
func_v_0x10000a15c,872,True
func_v_0x10000a3b2,792,False
func_v_0x10000aa2d,-263,False
func_v_0x10000b0a2,654,True
func_v_0x10000b0a4,476,True
func_v_0x10000b0a8,1075,True
func_v_0x10000b0aa,1044,True
func_v_0x10000b152,922,True
func_v_0x10000b15a,827,True
func_v_0x10000b166,469,True
func_v_0x10000b17c,732,True
func_v_0x10000b17e,260,False
func_v_0x10000b705,222,False
func_v_0x10000b86c,-690,True
func_ve_0x1000027ae,154,True
func_ve_0x1000027b0,-127,False
func_ve_0x1000027b2,944,True
func_ve_0x1000027b4,-438,False
func_ve_0x1000027b6,714,True
func_ve_0x1000027b8,438,False
func_ve_0x100002e86,626,True
func_ve_0x100002fb0,148,True
func_ve_0x1000035a2,-806,False
func_ve_0x10000417b,1044,False
func_ve_0x100004607,-85,False
func_ve_0x100004fc7,1184,True
func_ve_0x100005371,574,False
func_ve_0x10000577e,-399,True
func_ve_0x100006e72,330,False
func_ve_0x100006ffe,32,True
func_ve_0x100007012,131,True
func_ve_0x100007016,219,True
func_ve_0x1000081d2,974,False
func_ve_0x10000820e,-232,True
func_ve_0x100008aa9,1118,True
func_ve_0x100008fe6,629,True
func_ve_0x100009dd5,-682,True
func_ve_0x100009dd7,777,False
func_ve_0x10000a690,386,True
func_ve_0x10000a9ee,-620,True
func_ve_0x10000a9f0,386,True
func_ve_0x10000b006,-558,False
func_ve_0x10000b639,256,True
func_ve_0x10000b6a0,-378,False
func_ve_0x10000b6dc,382,True
func_ve_0x10000b6e1,312,False
func_ve_0x10000b78e,-767,False
func_vi_0x100005701,-2,False
func_vn_0x100002c1e,518,True
func_vn_0x100004cc5,-678,True
func_vn_0x100008040,608,True
func_vn_0x1000086a9,725,False
func_vn_0x1000086ab,-694,False
func_vn_0x1000086ae,287,False
func_vn_0x1000097c0,-27,True
func_vn_0x1000097e8,978,True
func_vn_0x1000097ea,-418,True
func_vr_0x100009fc2,141,False
func_vr_0x10000a086,27,True
func_vr_0x10000b333,1172,False
func_vr_0x10000b379,1070,True
func_vr_0x10000b38d,-428,False
func_vr_0x10000b39f,44,True
func_vr_0x10000b3a1,474,False
func_vr_0x10000b469,-335,False
func_vt_0x100003a0b,-580,True
func_vt_0x100007d0d,79,True
func_vt_0x100007e4d,-515,False
func_vt_0x100007e4f,38,True
func_vt_0x100007e60,108,False
func_vt_0x100007e68,385,True
func_vt_0x100007e70,926,True
func_vt_0x100007e7a,415,True
func_vt_0x100007ea0,39,True
func_vt_0x100007ea4,931,False
func_vt_0x100007eac,-669,True
func_vt_0x100007eb4,905,False
func_vt_0x100007ecc,-69,False
func_vt_0x100007ed2,955,True
func_vt_0x100007eea,324,True
func_vt_0x100007f10,402,True
func_vt_0x100007f14,-686,True
func_vt_0x100007f18,233,False
func_vt_0x100007f34,-128,True
func_vt_0x100007f38,-545,True
func_vt_0x100007f7f,-787,True
func_vt_0x100007f81,-380,True
func_vu_0x10000b3d9,-736,False
func_w_0x10000010b,509,False
func_w_0x10000028b,571,False
func_w_0x1000002a0,408,True
func_w_0x1000026bc,767,True
func_w_0x1000026be,274,True
func_w_0x100002753,513,False
func_w_0x100002927,1141,False
func_w_0x100002b3b,-488,True
func_w_0x100002b3d,-266,False
func_w_0x100002d7e,-347,True
func_w_0x100002dee,884,False
func_w_0x100002ef3,223,False
func_w_0x100003678,1080,False
func_w_0x100003689,503,False
func_w_0x1000036a3,688,False
func_w_0x100003b36,842,False
func_w_0x100004139,-84,True
func_w_0x100004515,314,True
func_w_0x100004794,-226,True
func_w_0x1000047ae,-140,False
func_w_0x1000049a2,18,True
func_w_0x100004a0d,982,False
func_w_0x100004d70,-496,False
func_w_0x100004e83,-235,True
func_w_0x100004ef2,965,True
func_w_0x10000506c,261,True
func_w_0x100005807,-54,False
func_w_0x10000580d,-198,True
func_w_0x1000059a3,25,False
func_w_0x100005e89,808,True
func_w_0x10000668b,105,True
func_w_0x100006943,1132,True
func_w_0x1000069e8,15,True
func_w_0x100006b10,907,False
func_w_0x100006b85,-149,True
func_w_0x100006b98,-126,True
func_w_0x100006b9e,832,False
func_w_0x100006bc6,-15,True
func_w_0x100006cb0,822,True
func_w_0x100006cb3,1094,True
func_w_0x100006cbb,-234,False
func_w_0x100006d31,-73,True
func_w_0x100006d33,656,True
func_w_0x100006d35,510,False
func_w_0x100006e39,-472,True
func_w_0x1000071cc,738,False
func_w_0x100007483,1142,True
func_w_0x100007984,-25,True
func_w_0x100007a3b,960,True
func_w_0x100007b6f,1100,True
func_w_0x100007b73,443,False
func_w_0x100007b9f,-586,True
func_w_0x100007ba2,701,True
func_w_0x100007bc0,-131,False
func_w_0x1000082f5,773,True
func_w_0x100008338,742,False
func_w_0x10000836b,1096,True
func_w_0x10000836d,-174,False
func_w_0x10000836f,-712,False
func_w_0x100008379,356,False
func_w_0x100008423,-765,False
func_w_0x100008548,45,False
func_w_0x10000887b,-569,False
func_w_0x100008d23,1116,True
func_w_0x100008d49,83,False
func_w_0x100008d53,-464,True
func_w_0x100008d55,-4,True
func_w_0x100008d57,994,True
func_w_0x100008dbf,973,True
func_w_0x100009037,-61,True
func_w_0x10000903b,-289,False
func_w_0x10000913e,45,False
func_w_0x1000093ea,1141,True
func_w_0x1000093ec,54,False
func_w_0x1000094a1,-205,True
func_w_0x1000094a5,810,False
func_w_0x100009a94,-480,False
func_w_0x100009a9a,166,False
func_w_0x100009af8,-679,False
func_w_0x100009cfc,-249,True
func_w_0x100009d05,33,True
func_w_0x10000a5ec,457,True
func_w_0x10000a6bb,-811,True
func_w_0x10000aa2b,-703,False
func_w_0x10000aa2f,-643,True
func_w_0x10000ada1,-104,False
func_w_0x10000ada7,127,False
func_w_0x10000b09e,-246,False
func_w_0x10000b0a0,-20,False
func_w_0x10000b0a6,329,True
func_w_0x10000b0ac,-302,False
func_w_0x10000b154,925,False
func_w_0x10000b59e,820,True
func_w_0x10000b702,-715,False
func_w_0x10000b709,660,True
func_we_0x10000020a,-783,False
func_we_0x10000288e,-461,False
func_we_0x100002890,-204,False
func_we_0x100002896,-177,False
func_we_0x100002e84,577,True
func_we_0x100002fb9,-436,False
func_we_0x100004181,988,True
func_we_0x100004bee,-585,False
func_we_0x100005373,138,True
func_we_0x1000058ea,874,False
func_we_0x100005e3d,647,True
func_we_0x1000064a5,298,True
func_we_0x1000064a7,417,False
func_we_0x10000699b,1002,False
func_we_0x100006ffb,-378,True
func_we_0x100007ca9,1055,False
func_we_0x1000085ce,232,True
func_we_0x100008a2e,-398,True
func_we_0x100008a30,559,False
func_we_0x100008aa5,453,True
func_we_0x100009363,56,False
func_we_0x1000096d8,-34,True
func_we_0x10000a66c,1147,False
func_we_0x10000a674,-565,False
func_we_0x10000a683,31,False
func_we_0x10000a76e,789,False
func_we_0x10000b67d,-557,False
func_wn_0x1000075e9,8,False
func_wn_0x10000761b,149,False
func_wn_0x100007623,394,True
func_wn_0x100007639,245,True
func_wn_0x10000763b,67,False
func_wn_0x10000770f,560,True
func_wn_0x100007777,-353,False
func_wn_0x1000077aa,-312,False
func_wn_0x1000077f9,-363,True
func_wn_0x10000780d,4,False
func_wn_0x100007811,229,False
func_wn_0x10000781c,-804,False
func_wn_0x10000781e,-747,False
func_wn_0x100007841,781,True
func_wn_0x100007847,-160,False
func_wn_0x100007853,824,False
func_wn_0x10000785e,561,False
func_wn_0x10000786c,929,False
func_wo_0x1000037da,-298,False
func_wo_0x1000037de,743,True
func_wo_0x1000037e0,529,False
func_wo_0x1000037e2,1172,False
func_wo_0x1000037e4,259,True
func_wo_0x1000037ea,-212,False
func_wr_0x10000487f,393,False
func_wr_0x100004881,437,True
func_wr_0x1000054ff,1103,True
func_wr_0x10000550e,-809,True
func_wr_0x10000552d,705,True
func_wr_0x100005530,359,False
func_wr_0x1000055d2,1027,False
func_wr_0x1000055d6,-551,False
func_wr_0x10000601b,290,True
func_wr_0x100009ca6,915,True
func_wr_0x10000abac,809,False
func_wr_0x10000ac27,-372,True
func_wr_0x10000ac37,-96,False
func_wt_0x100002c3f,254,True
func_wt_0x100002c68,-46,False
func_wt_0x100004cb6,408,True
func_wt_0x100004cc2,-564,True
func_wt_0x100006a38,611,False
func_wt_0x10000869a,-539,False
func_wt_0x1000086b9,-688,True
func_wt_0x100009087,273,True
func_wt_0x10000908d,-427,True
func_wt_0x100009091,-784,True
func_wt_0x100009093,-439,True
func_wt_0x100009095,285,False
func_wt_0x10000909b,964,False
func_wt_0x10000909d,540,True
func_wt_0x1000090a3,1068,True
func_wt_0x1000097db,933,False
func_wt_0x10000981a,512,True
func_wt_0x100009821,-430,False
func_wt_0x100009a08,682,False
func_wt_0x10000b039,-622,False
func_wt_0x10000b03b,-809,False
func_wu_0x1000077d7,-792,False
func_x_0x100000132,-51,False
func_x_0x10000024a,535,False
func_x_0x100000259,-622,False
func_x_0x1000003b6,284,True
func_x_0x100000406,484,True
func_x_0x10000041b,391,False
func_x_0x10000044f,-334,False
func_x_0x100000551,803,True
func_x_0x100000590,-126,False
func_x_0x1000005c9,1033,False
func_x_0x100000853,1010,True
func_x_0x100000861,4,True
func_x_0x100000866,1135,False
func_x_0x100000889,1013,False
func_x_0x1000008ec,-264,True
func_x_0x100002aa9,-435,False
func_x_0x100002bd3,-6,False
func_x_0x100002cc2,-453,True
func_x_0x100002d2c,878,True
func_x_0x1000030ef,982,True
func_x_0x1000035f6,514,True
func_x_0x10000361d,545,False
func_x_0x100003629,-276,False
func_x_0x1000036b8,-388,False
func_x_0x100003f9d,945,False
func_x_0x100003fa3,-715,True
func_x_0x100004198,253,False
func_x_0x100004200,936,True
func_x_0x100004236,122,False
func_x_0x100004272,-94,True
func_x_0x1000042da,-788,True
func_x_0x100004327,830,True
func_x_0x100004336,40,False
func_x_0x1000043f5,209,False
func_x_0x10000444e,-751,True
func_x_0x1000044b2,149,True
func_x_0x1000044d9,938,True
func_x_0x10000457f,-259,True
func_x_0x100004935,53,True
func_x_0x100005814,822,True
func_x_0x100005965,-728,False
func_x_0x1000059b4,-700,False
func_x_0x100005ea6,662,True
func_x_0x100005fa4,1142,True
func_x_0x1000060da,-117,False
func_x_0x1000062c0,809,False
func_x_0x1000064d4,233,True
func_x_0x10000686b,-797,True
func_x_0x100006937,988,False
func_x_0x100006b1c,722,True
func_x_0x100006c7a,-787,False
func_x_0x100006e01,447,False
func_x_0x100006e4b,1082,False
func_x_0x100006f2b,-692,False
func_x_0x1000078d9,-538,True
func_x_0x10000793e,-477,False
func_x_0x10000794a,-72,True
func_x_0x10000794e,24,False
func_x_0x1000079bd,-434,False
func_x_0x100007ac2,990,False
func_x_0x100007b37,775,True
func_x_0x100007bb5,-96,False
func_x_0x100007c18,-741,False
func_x_0x100008388,-569,False
func_x_0x1000083c4,-470,True
func_x_0x1000087a3,-123,False
func_x_0x1000087e0,-767,True
func_x_0x1000087e2,21,False
func_x_0x1000087e4,-625,False
func_x_0x10000880d,138,False
func_x_0x100008973,143,True
func_x_0x1000089ad,817,True
func_x_0x1000089bb,-54,False
func_x_0x100008bdc,-567,False
func_x_0x100008db0,-679,True
func_x_0x100008ede,-475,False
func_x_0x100009191,379,True
func_x_0x1000091ad,296,False
func_x_0x10000930c,-51,False
func_x_0x100009389,-402,True
func_x_0x10000938f,361,False
func_x_0x1000098f0,-226,False
func_x_0x100009e50,-446,False
func_x_0x10000a0a2,-470,False
func_x_0x10000a18e,1127,True
func_x_0x10000a193,494,True
func_x_0x10000a19e,607,False
func_x_0x10000a4c5,353,True
func_x_0x10000a7a1,-427,False
func_x_0x10000a8a2,882,True
func_x_0x10000a9a5,-323,True
func_x_0x10000a9a9,1028,False
func_x_0x10000a9ae,-637,False
func_x_0x10000aaf0,825,True
func_x_0x10000aafc,1018,True
func_x_0x10000ab0d,462,False
func_x_0x10000ab18,-551,True
func_x_0x10000ad61,-36,False
func_x_0x10000b183,-317,True
func_x_0x10000b475,-555,True
func_x_0x10000b71c,-291,False
func_xa_0x100007d36,309,False
func_xe_0x10000020d,326,True
func_xe_0x10000020f,788,True
func_xe_0x10000452e,908,False
func_xe_0x100004618,154,False
func_xe_0x10000461a,-643,False
func_xe_0x10000461e,-737,False
func_xe_0x10000464d,170,True
func_xe_0x1000049be,855,False
func_xe_0x1000049c4,-781,True
func_xe_0x1000049c6,-518,True
func_xe_0x100004d38,869,False
func_xe_0x100005236,798,False
func_xe_0x10000523d,368,True
func_xe_0x10000525e,220,True
func_xe_0x100005266,-779,True
func_xe_0x1000053a2,-534,False
func_xe_0x100005917,1104,True
func_xe_0x10000593f,760,False
func_xe_0x1000068f0,748,True
func_xe_0x100006917,-177,True
func_xe_0x100006b4f,-279,True
func_xe_0x100006b51,-205,True
func_xe_0x100006b53,-403,True
func_xe_0x100006b55,816,True
func_xe_0x100006b57,428,False
func_xe_0x100006b5b,1087,True
func_xe_0x100006b5d,-745,False
func_xe_0x100006b61,302,True
func_xe_0x1000085e6,170,False
func_xe_0x10000860f,1095,False
func_xe_0x100008fe7,-758,False
func_xe_0x10000935f,-52,True
func_xe_0x10000942e,176,True
func_xe_0x10000943b,1156,False
func_xe_0x10000943d,484,False
func_xe_0x1000096d6,-741,False
func_xe_0x100009dee,950,True
func_xe_0x100009df4,-660,False
func_xe_0x100009df8,623,True
func_xe_0x100009dfc,238,True
func_xe_0x100009e0c,174,False
func_xe_0x10000a3d4,1127,False
func_xe_0x10000a3d6,534,True
func_xe_0x10000a3e2,133,True
func_xe_0x10000a3e4,-413,True
func_xe_0x10000a676,-280,False
func_xe_0x10000a691,172,True
func_xe_0x10000a69b,344,False
func_xe_0x10000a9f9,-272,False
func_xe_0x10000b007,-446,False
func_xe_0x10000b666,133,True
func_xi_0x10000341e,364,False
func_xn_0x10000384e,313,True
func_xn_0x100003850,831,True
func_xn_0x100003852,681,True
func_xn_0x100003861,603,True
func_xn_0x10000386c,-151,True
func_xn_0x1000039e5,642,False
func_xn_0x1000039e7,-583,True
func_xn_0x100003a50,-735,False
func_xn_0x100003a7e,-194,False
func_xn_0x100003a84,97,False
func_xn_0x100003a8a,-14,True
func_xn_0x100003a96,-253,True
func_xn_0x100003ab3,-706,False
func_xo_0x10000a2db,-304,False
func_xo_0x10000b3fb,331,True
func_xo_0x10000b445,777,True
func_xt_0x100002f79,-446,True
func_xt_0x1000046fd,1111,False
func_xt_0x100004aa9,654,False
func_xt_0x100004aaf,121,True
func_xt_0x100004b4e,857,False
func_xt_0x100004b50,-18,False
func_xt_0x100004b62,499,False
func_xt_0x100004c6f,-643,True
func_xt_0x100004d1d,73,False
func_xt_0x1000050ae,924,False
func_xt_0x1000084ca,811,True
func_xt_0x10000acc4,-616,False
func_xt_0x10000af43,-333,False
func_xt_0x10000af8e,-259,False
func_xt_0x10000af91,850,False
func_xt_0x10000b02d,865,False
func_xt_0x10000b033,609,True
func_xt_0x10000b0d1,-678,True
func_xt_0x10000b0d7,250,False
func_xt_0x10000b0db,940,True
func_xt_0x10000b0e1,733,False
func_xt_0x10000b0e7,-98,False
func_xt_0x10000b0ec,-609,True
func_xt_0x10000b0ee,317,False
func_xt_0x10000b0f4,-249,False
func_xt_0x10000b102,845,True
func_xt_0x10000b110,390,True
func_xt_0x10000b115,341,False
func_xt_0x10000b118,882,False
func_xt_0x10000b123,-118,True
func_xt_0x10000b12b,898,False
func_xt_0x10000b2c7,545,False
func_y_0x10000013f,-532,False
func_y_0x100000141,623,True
func_y_0x1000001b9,-538,True
func_y_0x1000001bb,141,False
func_y_0x1000001e4,314,False
func_y_0x100000303,882,False
func_y_0x10000274f,456,False
func_y_0x10000276b,-309,True
func_y_0x100002d3f,1141,True
func_y_0x100002d65,428,True
func_y_0x100002d8d,-206,True
func_y_0x100002d8f,559,True
func_y_0x100002de2,849,False
func_y_0x100002ee0,-82,False
func_y_0x100002f3f,693,False
func_y_0x10000365d,-21,False
func_y_0x1000040ee,1052,True
func_y_0x10000413b,154,True
func_y_0x100004286,-795,True
func_y_0x100004784,-229,True
func_y_0x100004802,1157,True
func_y_0x100004804,261,False
func_y_0x100004806,-119,True
func_y_0x100004a1f,-25,False
func_y_0x100004a21,485,True
func_y_0x100004a28,-319,False
func_y_0x100004db9,628,True
func_y_0x100004dbb,-465,True
func_y_0x100004dbd,206,True
func_y_0x100004e54,-61,False
func_y_0x100004efc,-432,True
func_y_0x10000580f,-169,True
func_y_0x100005811,852,True
func_y_0x100005f8e,408,False
func_y_0x10000631d,958,False
func_y_0x100006345,-192,False
func_y_0x100006357,-219,False
func_y_0x100006414,103,False
func_y_0x100006416,1098,True
func_y_0x10000644f,412,False
func_y_0x10000692f,1149,True
func_y_0x100006bb2,-170,True
func_y_0x100006bb4,-459,True
func_y_0x100006bb6,-769,True
func_y_0x100006bbd,56,False
func_y_0x100006bca,1071,False
func_y_0x100006d2c,653,True
func_y_0x100006e42,904,False
func_y_0x100007117,-73,False
func_y_0x100007136,874,False
func_y_0x1000074b4,136,True
func_y_0x1000074bd,1098,True
func_y_0x1000074e6,-232,False
func_y_0x1000074eb,670,False
func_y_0x10000792b,598,True
func_y_0x100007b71,42,False
func_y_0x1000082e5,-347,False
func_y_0x1000082e7,-423,False
func_y_0x1000082eb,-93,False
func_y_0x1000082ed,-736,False
func_y_0x1000082ef,-256,True
func_y_0x1000082f7,-773,True
func_y_0x1000083ae,-518,True
func_y_0x1000083b0,711,True
func_y_0x1000083b2,1119,True
func_y_0x10000843a,-720,True
func_y_0x10000850c,667,True
func_y_0x100008562,897,True
func_y_0x10000856b,952,True
func_y_0x10000856d,588,False
func_y_0x100008720,817,False
func_y_0x100008ba8,-327,False
func_y_0x100008d14,-404,True
func_y_0x100008d6e,754,False
func_y_0x10000902b,-552,True
func_y_0x1000099b2,-177,True
func_y_0x1000099db,-413,False
func_y_0x100009a92,273,True
func_y_0x100009a9c,-678,False
func_y_0x100009a9f,1028,True
func_y_0x100009d07,291,True
func_y_0x10000a5da,34,True
func_y_0x10000a616,-759,False
func_y_0x10000a70b,-465,True
func_y_0x10000aa29,809,False
func_y_0x10000aa53,-110,False
func_y_0x10000b0ba,220,False
func_y_0x10000b14c,839,True
func_y_0x10000b150,296,False
func_y_0x10000b156,-251,False
func_y_0x10000b190,335,False
func_y_0x10000b6c4,270,True
func_y_0x10000b7af,622,False
func_y_0x10000b889,-98,True
func_y_0x10000b88d,922,False
func_y_0x10000b88f,-82,True
func_ye_0x1000005e4,867,False
func_ye_0x1000007cb,409,False
func_ye_0x1000007eb,1068,False
func_ye_0x1000007fc,414,False
func_ye_0x10000295a,409,True
func_ye_0x100002c5c,1091,False
func_ye_0x100004bf7,576,True
func_ye_0x100004c43,412,False
func_ye_0x100004d09,414,True
func_ye_0x100004d25,-653,True
func_ye_0x100004d27,642,False
func_ye_0x100004f9f,671,True
func_ye_0x100004fa1,-330,True
func_ye_0x100004fa3,499,True
func_ye_0x100004fa5,990,True
func_ye_0x100004faf,-811,True
func_ye_0x1000061bb,-122,True
func_ye_0x1000061c9,460,True
func_ye_0x10000624b,-719,True
func_ye_0x10000624d,1100,False
func_ye_0x10000624f,193,True
func_ye_0x100006259,461,True
func_ye_0x10000625c,652,True
func_ye_0x10000626a,-527,False
func_ye_0x100006a4a,711,True
func_ye_0x100006a51,1104,False
func_ye_0x100006a57,-638,True
func_ye_0x1000082a8,108,False
func_ye_0x1000084b9,-58,True
func_ye_0x1000084bb,-102,True
func_ye_0x1000084bd,363,False
func_ye_0x1000084c1,376,False
func_ye_0x1000084d1,153,False
func_ye_0x1000084d5,130,True
func_ye_0x100008693,-334,True
func_ye_0x100008f19,-761,True
func_ye_0x100008f1b,353,False
func_ye_0x1000097b7,-284,False
func_ye_0x1000097bd,480,True
func_ye_0x10000987c,393,True
func_ye_0x100009880,1168,True
func_ye_0x10000988f,349,False
func_ye_0x10000989a,1006,False
func_ye_0x10000af47,649,True
func_ye_0x10000b250,-74,True
func_yn_0x1000056dc,178,True
func_yn_0x1000056ed,1128,True
func_yn_0x10000a043,574,True
func_yn_0x10000a053,931,True
func_yn_0x10000a06b,-241,False
func_yn_0x10000a227,474,True
func_yn_0x10000a2da,471,False
func_yn_0x10000a2f9,-482,False
func_yn_0x10000a2ff,711,False
func_yn_0x10000a305,1060,False
func_yn_0x10000a311,714,False
func_yn_0x10000a317,-295,True
func_yn_0x10000a351,-160,True
func_yn_0x10000a388,396,True
func_yn_0x10000a394,683,True
func_yn_0x10000a39a,276,True
func_yo_0x100007737,-633,True
func_yo_0x10000773e,-222,False
func_yr_0x100003e20,-94,False
func_yr_0x100007347,-435,True
func_yr_0x10000736f,-745,False
func_yr_0x10000738d,963,True
func_yt_0x1000046e9,780,False
func_yt_0x1000046eb,459,True
func_yt_0x1000046fb,704,True
func_yt_0x100004ad7,-632,True
func_yt_0x100004add,940,True
func_yt_0x100004c2c,433,False
func_yt_0x100004c4c,138,False
func_yt_0x100004c4e,-107,False
func_yt_0x100004c78,117,False
func_yt_0x100004cce,610,False
func_yt_0x100004cd4,768,False
func_yt_0x100004cdc,255,False
func_yt_0x100004ce0,596,True
func_yt_0x100004ce4,559,True
func_yt_0x100004cea,214,True
func_yt_0x100004cf0,451,True
func_yt_0x100004cf2,1031,True
func_yt_0x100004d20,-708,False
func_yt_0x1000050a8,676,True
func_yt_0x100005115,937,True
func_yt_0x1000084a0,1101,False
func_yt_0x1000084a6,830,True
func_yt_0x100008f4d,117,True
func_yt_0x100008f4f,-766,True
func_yt_0x100008f51,-241,False
func_yt_0x10000958c,-543,False
func_yt_0x10000a882,424,True
func_yt_0x10000af17,1073,True
func_yt_0x10000af1e,-274,False
func_yt_0x10000b0f5,-633,True
func_z_0x1000026d9,398,True
func_z_0x1000026e1,507,False
func_z_0x10000277f,-505,True
func_z_0x100002781,904,False
func_z_0x1000027a1,-462,True
func_z_0x1000027a5,369,True
func_z_0x1000028f3,961,False
func_z_0x1000028f5,285,False
func_z_0x10000291f,882,False
func_z_0x100002a28,1137,False
func_z_0x100002a2a,985,False
func_z_0x100002d67,56,False
func_z_0x100002d78,-700,True
func_z_0x100002daa,1147,True
func_z_0x100002fac,120,True
func_z_0x1000035bf,-162,False
func_z_0x1000035d3,920,False
func_z_0x1000035d7,-113,True
func_z_0x1000035dd,-242,False
func_z_0x1000035df,1077,True
func_z_0x100003699,214,True
func_z_0x100003f46,64,True
func_z_0x100003f48,-322,True
func_z_0x100004041,-32,True
func_z_0x100004168,489,False
func_z_0x1000042bf,-583,True
func_z_0x1000045ba,559,True
func_z_0x100004a73,996,False
func_z_0x100004a7b,625,True
func_z_0x100004d6d,591,False
func_z_0x100004d78,-400,False
func_z_0x100005143,467,True
func_z_0x1000053ef,117,False
func_z_0x10000576b,-573,False
func_z_0x100005781,-395,False
func_z_0x100005cd4,725,False
func_z_0x100005cdc,337,False
func_z_0x100005e7b,775,True
func_z_0x100005ee7,-324,False
func_z_0x100005f1d,-224,True
func_z_0x100006287,-103,False
func_z_0x10000628b,139,True
func_z_0x100006322,689,True
func_z_0x10000678e,530,False
func_z_0x1000067a7,-608,False
func_z_0x1000068ed,-285,False
func_z_0x100006ad2,-550,False
func_z_0x100006ad8,505,False
func_z_0x100006adc,-90,True
func_z_0x100006adf,201,False
func_z_0x100006ae1,55,True
func_z_0x100006ae3,-305,True
func_z_0x100006ae6,-499,False
func_z_0x100007183,265,False
func_z_0x1000071b3,-15,True
func_z_0x1000071b9,-765,False
func_z_0x1000071d2,793,False
func_z_0x1000071ee,-388,True
func_z_0x1000071f6,122,True
func_z_0x10000732c,-277,True
func_z_0x1000074af,1091,False
func_z_0x100007bef,-323,True
func_z_0x1000081e2,495,True
func_z_0x100008206,314,False
func_z_0x100008b75,506,False
func_z_0x100008b77,-304,False
func_z_0x100008b86,406,False
func_z_0x100008b9d,461,True
func_z_0x100008ba2,781,True
func_z_0x100008c70,15,True
func_z_0x100008d73,328,False
func_z_0x100008fb2,1131,False
func_z_0x1000094c5,953,True
func_z_0x1000094ca,-244,False
func_z_0x100009b7d,-634,False
func_z_0x100009ef3,1105,False
func_z_0x10000a404,-244,True
func_z_0x10000a45c,984,False
func_z_0x10000a47a,336,False
func_z_0x10000a6e4,463,True
func_z_0x10000a6e6,764,False
func_z_0x10000a6eb,-343,False
func_z_0x10000a8fc,222,False
func_z_0x10000a906,-547,True
func_z_0x10000a98c,507,True
func_z_0x10000a98e,-79,True
func_z_0x10000a990,-131,False
func_z_0x10000a992,981,False
func_z_0x10000b60e,-712,True
func_z_0x10000b66a,874,True
func_z_0x10000b6d7,819,False
func_za_0x100003230,160,False
func_za_0x100003308,-635,True
func_ze_0x100002ec0,351,True
func_ze_0x100003017,1028,False
func_ze_0x10000455c,215,True
func_ze_0x100004701,826,True
func_ze_0x100004709,893,False
func_ze_0x10000470d,137,True
func_ze_0x100004715,-74,True
func_ze_0x100004721,1168,True
func_ze_0x100004728,-290,False
func_ze_0x10000472f,319,False
func_ze_0x100004f9a,-613,False
func_ze_0x100005905,842,True
func_ze_0x1000068fd,-641,True
func_ze_0x1000068ff,292,False
func_ze_0x100006985,-511,False
func_ze_0x100006efd,968,False
func_ze_0x100007c50,1050,True
func_ze_0x100007c52,681,True
func_ze_0x100007c56,1172,True
func_ze_0x100007c69,105,False
func_ze_0x100007c73,466,True
func_ze_0x100007c77,-672,True
func_ze_0x100007c83,427,False
func_ze_0x100007c8d,-417,False
func_ze_0x1000081c6,-655,False
func_ze_0x100008f46,611,False
func_ze_0x100008fa7,-774,True
func_ze_0x100008fad,-396,True
func_ze_0x100009468,777,False
func_ze_0x10000b01d,1074,False
func_ze_0x10000b509,-496,True
func_ze_0x10000b6b2,992,False
func_ze_0x10000b81e,1014,True
func_ze_0x10000b838,506,True
func_zi_0x10000571e,739,False
func_zi_0x100005722,1011,False
func_zi_0x10000b3cb,-399,False
func_zi_0x10000b3cd,86,True
func_zi_0x10000b3cf,442,False
func_zi_0x10000b3d1,918,False
func_zi_0x10000b44e,482,True
func_zn_0x100003de3,903,False
func_zn_0x100003ee4,-750,False
func_zn_0x100003ee6,183,False
func_zn_0x100003eed,341,False
func_zn_0x100003efc,-576,True
func_zn_0x100003f0b,-44,True
func_zn_0x100003f0f,-388,True
func_zn_0x100003f13,653,True
func_zn_0x100003f15,-325,True
func_zn_0x100003f17,625,False
func_zt_0x100002c2d,939,False
func_zt_0x100004cbb,-548,True
func_zt_0x100004cbd,915,True
func_zt_0x100006236,1036,True
func_zt_0x100006238,367,True
func_zt_0x10000623a,-235,True
func_zt_0x10000623c,869,False
func_zt_0x10000623e,-430,False
func_zt_0x100006240,316,False
func_zt_0x100007333,-592,True
func_zt_0x1000097c1,437,True
func_zt_0x1000097c3,-747,True
func_zt_0x10000b03e,291,True
