func_$_0x100003b36,368,True
func_$_0x100003d57,878,True
func_$_0x100003d5b,1141,False
func_$_0x100003d5d,788,False
func_$_0x100003d65,-263,True
func_$_0x100003d67,-196,False
func_$_0x100003d6e,891,True
func_$_0x100004192,744,False
func_$_0x1000041b8,351,True
func_$_0x10000427d,-609,True
func_$_0x100004416,-238,False
func_$_0x100004418,-80,False
func_$_0x100004486,1094,False
func_$_0x10000462a,408,True
func_$_0x10000513c,-522,True
func_$_0x100005146,407,False
func_$_0x10000514a,-428,False
func_$_0x100005150,88,False
func_$_0x100005e16,-108,True
func_$_0x100005e18,201,True
func_$_0x100006578,351,False
func_$_0x10000660a,247,True
func_$_0x100007349,817,True
func_$_0x10000734f,775,True
func_$_0x100007ccb,136,True
func_$_0x100007cde,-730,False
func_$_0x100008252,1185,False
func_$_0x100008255,842,True
func_$_0x100008258,26,True
func_$_0x10000825a,121,False
func_$_0x10000825c,-256,True
func_$_0x100008260,-451,True
func_$_0x1000082ce,120,True
func_$_0x1000082d0,1081,False
func_$_0x1000082ec,-12,False
func_$_0x1000083e8,80,False
func_$_0x1000083ec,-276,False
func_$_0x100008f3a,556,True
func_$_0x100008f3d,972,False
func_$_0x100008f4f,-592,False
func_$_0x100008f61,-147,True
func_$_0x100008f65,385,False
func_$_0x100008f6d,1183,False
func_$_0x100009f5d,9,False
func_$_0x10000a336,872,False
func_$_0x10000a7aa,734,False
func_$_0x10000a9bf,-189,False
func_$_0x10000a9c7,938,False
func_$_0x10000a9cb,-524,True
func_$_0x10000a9cd,716,False
func_$_0x10000a9d6,-717,True
func_$_0x10000a9e9,-259,True
func_$_0x10000a9ec,-197,False
func_$_0x10000a9fd,911,True
func_$_0x10000a9ff,866,False
func_$_0x10000b13e,900,True
func_$_0x10000c0c9,765,False
func_$_0x10000c0cb,860,True
func_$_0x10000c0d4,1106,False
func_$_0x10000c0e5,92,True
func_$_0x10000c0f3,-517,True
func_$_0x10000c0f5,1024,True
func_$_0x10000c0fc,-695,False
func_$_0x10000c0fe,475,True
func_$_0x10000c260,-708,True
func_$_0x10000c360,579,True
func_$_0x10000c363,840,True
func_$_0x10000c452,185,True
func_$_0x10000c45a,165,True
func_$_0x10000cab7,-105,True
func_$_0x10000d07e,554,True
func_$_0x10000d0e0,-623,True
func_$_0x10000d0f6,1119,True
func_$_0x10000d11e,-675,False
func_$e_0x100003f55,330,False
func_$e_0x10000501d,257,False
func_$e_0x100005037,1096,False
func_$e_0x100005039,-98,False
func_$e_0x10000503d,292,True
func_$e_0x100006eed,-99,True
func_$e_0x100006f15,412,False
func_$e_0x100006f1b,-53,True
func_$e_0x100006f27,765,False
func_$e_0x100006f35,-217,False
func_$e_0x100006f39,-188,False
func_$e_0x100006f3b,888,False
func_$e_0x100006f3d,1130,True
func_$e_0x100006f45,-146,False
func_$e_0x100006f47,887,True
func_$e_0x100006f49,1066,True
func_$e_0x100006f4b,-657,False
func_$e_0x100006f53,-463,False
func_$e_0x100006f57,-467,True
func_$e_0x100006f63,675,False
func_$e_0x100006f6b,-333,True
func_$e_0x100007e13,-727,True
func_$e_0x100007e45,354,False
func_$e_0x100009111,587,False
func_$e_0x100009768,43,True
func_$e_0x10000b48b,-700,False
func_$e_0x10000b4a1,-176,True
func_$e_0x10000c8a4,-203,True
func_$e_0x10000cf7c,695,False
func_$i_0x1000088cd,673,False
func_$i_0x1000088d3,-641,False
func_$i_0x1000088d5,1013,True
func_$n_0x10000baba,977,False
func_$n_0x10000babc,-81,True
func_$n_0x10000babe,1001,True
func_$n_0x10000bac0,8,False
func_$n_0x10000bac2,297,True
func_$n_0x10000bac8,-618,False
func_$n_0x10000baca,-15,True
func_$n_0x10000bacc,-571,True
func_$n_0x10000bb11,47,True
func_$o_0x100003968,338,False
func_$o_0x10000396a,185,True
func_$r_0x1000088be,-766,False
func_$r_0x100008af2,1134,False
func_$r_0x100008af9,1065,False
func_$r_0x100008b2f,-350,True
func_$r_0x100008b4b,976,True
func_$r_0x100008b52,-246,True
func_$r_0x100008bdd,896,False
func_$t_0x1000049f3,146,False
func_$t_0x100005008,-95,False
func_$t_0x100005016,1191,False
func_$t_0x100007de1,-622,False
func_$t_0x100007de4,948,True
func_$t_0x100007e47,1119,True
func_$t_0x1000090e3,-337,False
func_$t_0x1000090e5,-491,False
func_$t_0x1000090e7,-403,False
func_$t_0x1000090ef,-256,True
func_$t_0x1000090f1,444,False
func_$t_0x1000090ff,211,True
func_$t_0x10000973d,1030,True
func_$t_0x100009778,1059,True
func_$t_0x10000b480,1125,False
func_$t_0x10000b4b8,430,True
func_$t_0x10000b4ba,547,True
func_$t_0x10000b4f3,1019,True
func_$t_0x10000b508,216,True
func_$t_0x10000cf77,-286,False
func_$u_0x10000519c,88,True
func_$u_0x1000051c2,-667,False
func_$u_0x1000052e7,525,False
func_$u_0x100005309,910,True
func_$u_0x100005317,-333,False
func_$u_0x10000532f,1013,False
func_$u_0x100005349,37,False
func_$u_0x100005351,-454,False
func_$u_0x100005357,-573,False
func_$u_0x100005359,-399,True
func_$u_0x10000536d,-786,True
func_$u_0x100005399,837,True
func_$u_0x1000053b9,-726,True
func_$u_0x1000053ea,-448,False
func_$u_0x10000542e,-276,True
func_$u_0x100005436,-743,False
func_$u_0x1000057d9,-37,True
func_$u_0x1000057db,1118,True
func_A_0x100000128,902,True
func_A_0x1000001a7,1152,True
func_A_0x10000031f,399,True
func_A_0x10000033e,-786,False
func_A_0x1000003fc,916,False
func_A_0x10000042f,-83,False
func_A_0x10000048b,1204,False
func_A_0x100000533,398,False
func_A_0x100000586,983,True
func_A_0x1000005c3,678,True
func_A_0x1000005d0,1082,False
func_A_0x100000919,93,False
func_A_0x100000931,-124,True
func_A_0x10000095c,-671,False
func_A_0x100000965,-639,True
func_A_0x1000009eb,726,True
func_A_0x100003abf,-415,False
func_A_0x100003aeb,-246,False
func_A_0x100003aef,231,True
func_A_0x100003bde,0,False
func_A_0x100003c36,1083,False
func_A_0x100003c3c,961,False
func_A_0x100003c42,194,False
func_A_0x100003ca7,689,False
func_A_0x100003caa,496,False
func_A_0x100003d3f,-172,False
func_A_0x100003dcf,55,True
func_A_0x100003df9,550,True
func_A_0x100003e0b,-635,True
func_A_0x100003e1d,-83,False
func_A_0x100003ea0,1009,True
func_A_0x100003ed2,1200,False
func_A_0x100003f11,1032,True
func_A_0x100003f1b,1038,False
func_A_0x100004005,857,True
func_A_0x100004019,252,False
func_A_0x100004020,1050,False
func_A_0x100004045,-91,False
func_A_0x100004082,384,False
func_A_0x100004087,58,False
func_A_0x100004151,298,False
func_A_0x1000044be,-511,True
func_A_0x1000044c0,756,False
func_A_0x1000045cf,-397,True
func_A_0x100004e92,279,False
func_A_0x100004f77,-548,True
func_A_0x1000058a2,789,True
func_A_0x10000590a,1040,False
func_A_0x100005d90,477,True
func_A_0x100005e78,-358,False
func_A_0x100005ed4,34,False
func_A_0x1000061ea,-154,False
func_A_0x1000061ed,567,False
func_A_0x100006250,-785,True
func_A_0x100006310,-204,True
func_A_0x100006b9c,-253,False
func_A_0x100006c65,222,False
func_A_0x1000072b4,-232,True
func_A_0x10000737e,617,True
func_A_0x10000778e,1081,False
func_A_0x100007b3f,591,False
func_A_0x100007d00,830,False
func_A_0x100007d4b,903,True
func_A_0x100007f07,-579,False
func_A_0x100008013,639,True
func_A_0x100008522,902,False
func_A_0x100008c3c,1214,True
func_A_0x100008c8c,132,False
func_A_0x100008ce2,254,False
func_A_0x100008d48,988,False
func_A_0x100008d4e,950,True
func_A_0x100008e2b,627,True
func_A_0x100008e43,271,True
func_A_0x100008ec5,-280,True
func_A_0x100008ef8,-707,True
func_A_0x100008f20,723,True
func_A_0x100008f79,264,False
func_A_0x100008fc0,465,False
func_A_0x100009474,871,True
func_A_0x100009476,-466,False
func_A_0x100009483,-686,False
func_A_0x1000094e7,-636,True
func_A_0x100009524,379,False
func_A_0x100009526,-733,False
func_A_0x10000984c,514,True
func_A_0x100009893,715,True
func_A_0x1000098c9,-749,True
func_A_0x10000992d,1064,False
func_A_0x1000099bf,-777,False
func_A_0x1000099c8,941,True
func_A_0x1000099e7,-151,True
func_A_0x100009a21,-651,True
func_A_0x100009a43,-543,False
func_A_0x100009a91,1001,False
func_A_0x100009b24,175,False
func_A_0x100009b41,1191,True
func_A_0x100009b59,1178,True
func_A_0x100009e1b,-84,True
func_A_0x100009e7f,929,False
func_A_0x100009ef0,-283,False
func_A_0x100009f1a,1206,True
func_A_0x10000a140,367,True
func_A_0x10000a8d6,960,False
func_A_0x10000acf8,44,True
func_A_0x10000af38,-190,True
func_A_0x10000b155,-770,True
func_A_0x10000b1b1,-661,True
func_A_0x10000b396,516,False
func_A_0x10000b466,1105,True
func_A_0x10000bc45,233,True
func_A_0x10000bc4a,827,True
func_A_0x10000bc51,-735,True
func_A_0x10000bc58,893,True
func_A_0x10000bc5a,-308,True
func_A_0x10000bc61,1064,False
func_A_0x10000bc63,-340,True
func_A_0x10000bc66,1050,False
func_A_0x10000c05d,-239,False
func_A_0x10000c103,-625,True
func_A_0x10000c1fc,-653,False
func_A_0x10000c4d5,-718,True
func_A_0x10000c760,203,False
func_A_0x10000cae9,-393,True
func_A_0x10000cba8,579,True
func_A_0x10000cefd,1085,True
func_A_0x10000d1a2,-70,False
func_Aa_0x1000057d1,1118,True
func_Ae_0x100003b50,503,False
func_Ae_0x100003b54,1193,False
func_Ae_0x100003b56,629,False
func_Ae_0x100003b5a,130,False
func_Ae_0x100003b5e,1208,False
func_Ae_0x100003b62,-128,False
func_Ae_0x100003b64,-464,False
func_Ae_0x100003b66,1137,False
func_Ae_0x100003b6c,-569,True
func_Ae_0x100003b6e,131,False
func_Ae_0x100003b70,-378,True
func_Ae_0x100003b72,59,False
func_Ae_0x100003b82,-338,True
func_Ae_0x100003b86,-11,True
func_Ae_0x100003b8a,670,False
func_Ae_0x100003b8c,1124,False
func_Ae_0x100003b92,922,False
func_Ae_0x100003b9e,126,True
func_Ae_0x100003ba0,-323,True
func_Ae_0x100003ba4,931,True
func_Ae_0x100003bf4,-560,True
func_Ae_0x10000478a,1052,True
func_Ae_0x1000047d5,-69,True
func_Ae_0x100005b47,523,False
func_Ae_0x100005ef6,783,False
func_Ae_0x100005f08,38,True
func_Ae_0x100005f73,1004,True
func_Ae_0x1000060cb,1175,True
func_Ae_0x1000060fe,1179,True
func_Ae_0x10000639f,148,True
func_Ae_0x100006519,722,False
func_Ae_0x10000651b,990,False
func_Ae_0x10000651f,-77,True
func_Ae_0x100006525,1107,True
func_Ae_0x100006527,1016,False
func_Ae_0x10000652e,107,False
func_Ae_0x100006df2,-225,True
func_Ae_0x100006df8,441,False
func_Ae_0x100006fb4,-614,False
func_Ae_0x100007bd0,1057,True
func_Ae_0x100007be6,-281,False
func_Ae_0x10000957a,-338,True
func_Ae_0x10000c2b9,638,True
func_Ae_0x10000c470,9,True
func_Ae_0x10000c4fe,763,True
func_Ae_0x10000c50a,205,True
func_Ae_0x10000c52a,739,False
func_Ae_0x10000c52c,202,True
func_Ae_0x10000c530,831,False
func_Ae_0x10000c532,689,False
func_Ae_0x10000c544,730,True
func_Ae_0x10000caca,1111,True
func_Ae_0x10000cf59,-506,False
func_Ae_0x10000d251,746,True
func_Ae_0x10000d2e4,-643,False
func_Ae_0x10000d2e6,-603,True
func_Ar_0x100003965,-171,False
func_Ar_0x100009c66,752,True
func_At_0x1000046f3,450,True
func_At_0x1000046f5,886,True
func_At_0x10000472a,-23,True
func_At_0x10000472e,1007,True
func_At_0x100004730,-355,False
func_At_0x100004732,1202,True
func_At_0x100004736,-585,True
func_At_0x100004738,-598,False
func_At_0x10000473e,1210,True
func_At_0x100004740,534,False
func_At_0x100004742,3,False
func_At_0x100004744,468,False
func_At_0x100004746,-383,False
func_At_0x100004748,430,False
func_At_0x100004feb,-78,True
func_At_0x10000502d,944,False
func_At_0x100005047,-429,False
func_At_0x100005049,-287,True
func_At_0x10000504f,336,False
func_At_0x100005055,1214,True
func_At_0x100005057,-270,False
func_At_0x10000505c,525,True
func_At_0x10000602d,-281,True
func_At_0x10000837f,1202,False
func_At_0x100008383,827,False
func_At_0x100009121,-358,False
func_At_0x100009128,786,False
func_At_0x10000915a,729,True
func_At_0x10000915c,-680,False
func_At_0x100009162,-353,True
func_At_0x10000916a,592,False
func_At_0x10000916c,-629,True
func_At_0x10000935b,674,False
func_At_0x10000936d,-382,False
func_At_0x100009383,154,True
func_At_0x100009391,93,True
func_At_0x100009393,-668,False
func_At_0x100009399,14,False
func_At_0x1000093a0,148,False
func_At_0x1000093ac,629,False
func_At_0x10000c2cc,684,True
func_At_0x10000c2ce,-495,False
func_At_0x10000c2d0,1204,False
func_At_0x10000c2d2,308,True
func_At_0x10000c2d9,1174,True
func_At_0x10000c9f2,570,False
func_Au_0x100005cbd,565,False
func_Au_0x100005cdf,-198,True
func_Au_0x100005ce5,1181,True
func_Au_0x100005ce7,1133,True
func_Au_0x100005cef,654,True
func_Au_0x100005cf1,61,False
func_Au_0x100005cf9,81,False
func_Au_0x100005cfd,-508,True
func_Au_0x100005cff,631,False
func_Au_0x100005d01,-508,False
func_Au_0x100005d05,476,False
func_Au_0x100006969,-589,False
func_Au_0x10000696f,1153,False
func_Au_0x100006971,140,False
func_Au_0x100006973,305,False
func_Au_0x100006975,-8,False
func_Au_0x100006979,-459,False
func_Au_0x100006984,-615,False
func_Au_0x10000698c,-511,False
func_Au_0x100006998,-246,True
func_Au_0x10000699b,-32,True
func_Au_0x1000074d7,-319,True
func_Au_0x10000c3b4,-723,False
func_Au_0x10000c3cb,973,False
func_Au_0x10000cea3,998,False
func_Au_0x10000cea5,-274,False
func_B_0x1000001d4,865,False
func_B_0x1000001d8,623,False
func_B_0x10000026f,1024,False
func_B_0x1000002fe,274,True
func_B_0x100000300,26,True
func_B_0x100000302,818,False
func_B_0x100003669,-116,True
func_B_0x100003c51,378,True
func_B_0x100003c9f,165,False
func_B_0x100003ca1,1139,True
func_B_0x100003e00,-49,False
func_B_0x100004136,-673,False
func_B_0x10000422f,-699,True
func_B_0x10000431c,-735,True
func_B_0x1000043fb,-201,False
func_B_0x1000044ce,1100,True
func_B_0x1000044f2,40,True
func_B_0x10000451c,662,True
func_B_0x100004567,-700,False
func_B_0x100004dd0,-606,True
func_B_0x100004f07,687,True
func_B_0x100004fbf,481,True
func_B_0x100005952,-114,True
func_B_0x100005b9e,117,False
func_B_0x1000061c1,198,False
func_B_0x100006254,1104,True
func_B_0x10000627d,639,False
func_B_0x1000062f7,801,False
func_B_0x1000062fb,725,True
func_B_0x100006316,947,False
func_B_0x100006354,-612,True
func_B_0x100006734,553,False
func_B_0x1000072c0,920,True
func_B_0x100007381,989,False
func_B_0x10000779c,-745,True
func_B_0x100007864,554,True
func_B_0x100007a7c,-52,True
func_B_0x100007f62,306,True
func_B_0x100007f8f,813,False
func_B_0x1000080cf,-357,True
func_B_0x100008216,906,True
func_B_0x10000858e,936,True
func_B_0x100008821,596,True
func_B_0x100008829,1194,False
func_B_0x100008c78,-447,False
func_B_0x100008c7a,-190,True
func_B_0x100008c7e,-416,False
func_B_0x100008c81,754,True
func_B_0x100008c9b,595,False
func_B_0x100008ef0,241,False
func_B_0x100008efb,1205,True
func_B_0x100008f1d,-406,True
func_B_0x100008f8e,-773,True
func_B_0x100008f90,-14,True
func_B_0x100008f92,362,True
func_B_0x100008f99,1082,True
func_B_0x10000906a,626,True
func_B_0x100009078,266,True
func_B_0x1000094a7,-695,False
func_B_0x100009501,-682,False
func_B_0x1000095b6,624,False
func_B_0x1000095b8,152,False
func_B_0x10000998b,-83,True
func_B_0x1000099de,-602,True
func_B_0x1000099e4,-86,True
func_B_0x1000099ef,472,True
func_B_0x1000099f1,-323,True
func_B_0x1000099f5,-227,False
func_B_0x1000099f7,-167,False
func_B_0x100009e29,797,True
func_B_0x100009e2b,1107,True
func_B_0x100009e31,-259,False
func_B_0x100009e35,-33,True
func_B_0x100009e3b,-736,False
func_B_0x10000a39c,1185,True
func_B_0x10000a687,355,False
func_B_0x10000a689,707,True
func_B_0x10000a695,-275,False
func_B_0x10000a7d7,-508,True
func_B_0x10000a7e3,-635,False
func_B_0x10000a7e7,129,True
func_B_0x10000a8fe,-640,False
func_B_0x10000a902,396,True
func_B_0x10000ab34,908,False
func_B_0x10000ac42,173,True
func_B_0x10000ac45,-570,False
func_B_0x10000ae73,-151,False
func_B_0x10000b43f,-353,False
func_B_0x10000b7db,28,True
func_B_0x10000c227,311,True
func_B_0x10000c4b2,462,True
func_B_0x10000c804,-498,True
func_B_0x10000c816,-617,True
func_B_0x10000c81c,-375,True
func_B_0x10000caf2,1049,False
func_B_0x10000d187,1052,False
func_B_0x10000d192,101,True
func_Be_0x100005eeb,1101,False
func_Be_0x100005f09,1102,True
func_Be_0x100005f5b,104,False
func_Be_0x100005f7e,-555,False
func_Be_0x100005f82,505,False
func_Be_0x100005f84,-427,True
func_Be_0x100005f8a,892,True
func_Be_0x100006057,555,True
func_Be_0x10000605f,-555,False
func_Be_0x100006078,-463,False
func_Be_0x10000608b,1096,True
func_Be_0x10000608d,468,False
func_Be_0x1000060ce,11,False
func_Be_0x10000611d,853,False
func_Be_0x10000611f,-153,False
func_Be_0x100006121,1126,True
func_Be_0x1000063a0,647,False
func_Be_0x1000063b7,-682,False
func_Be_0x1000064b9,-306,False
func_Be_0x1000064bf,886,False
func_Be_0x1000064c2,972,True
func_Be_0x1000064c9,902,True
func_Be_0x1000064cc,-705,True
func_Be_0x100006ce7,81,True
func_Be_0x100006ce9,416,False
func_Be_0x100006ceb,132,True
func_Be_0x100007bc4,-394,False
func_Be_0x100007bdd,748,True
func_Be_0x100009c58,704,False
func_Be_0x10000a5cc,-376,True
func_Be_0x10000a942,247,True
func_Be_0x10000a946,1012,False
func_Be_0x10000a948,-57,True
func_Be_0x10000aa97,1075,False
func_Be_0x10000adf8,-732,True
func_Be_0x10000c36e,289,True
func_Be_0x10000c378,-466,False
func_Be_0x10000c71d,735,True
func_Be_0x10000c905,388,True
func_Be_0x10000ca9d,-111,False
func_Be_0x10000d2da,821,False
func_Be_0x10000d31d,-55,True
func_Bn_0x100006aed,-575,False
func_Bn_0x100008316,-332,True
func_Bn_0x10000bb6d,356,False
func_Bn_0x10000bd91,-674,True
func_Bn_0x10000bdf8,360,True
func_Br_0x1000070db,920,False
func_Br_0x1000070e5,-665,True
func_Br_0x100007149,861,False
func_Br_0x10000714b,-64,False
func_Br_0x100007151,919,False
func_Br_0x100007155,-360,True
func_Br_0x100007170,-505,True
func_Br_0x100007185,521,False
func_Br_0x10000718d,1069,True
func_Br_0x1000071a2,165,False
func_Br_0x1000071c7,1041,True
func_Br_0x1000071cf,-448,False
func_Br_0x1000071d5,233,False
func_Br_0x1000071d7,328,True
func_Br_0x1000071db,-102,True
func_Br_0x1000071dd,-680,False
func_Br_0x1000071e7,24,True
func_Br_0x100007204,-326,False
func_Br_0x100007210,611,False
func_Br_0x10000ba26,-223,True
func_Br_0x10000ba2a,-685,True
func_Bt_0x100005001,-256,False
func_Bt_0x100005031,-767,True
func_Bt_0x100005b07,-326,False
func_Bt_0x1000075c5,146,True
func_Bt_0x10000761c,-691,False
func_Bt_0x10000761e,434,False
func_Bt_0x100007624,310,True
func_Bt_0x100007629,-254,True
func_Bt_0x100007de9,-311,True
func_Bt_0x100007deb,-179,False
func_Bt_0x100007df8,420,False
func_Bt_0x100007e11,503,False
func_Bt_0x100007e2c,114,True
func_Bt_0x100007e39,646,True
func_Bt_0x100007e51,128,True
func_Bt_0x10000c97f,149,True
func_Bt_0x10000ca07,573,True
func_Bt_0x10000ca92,341,False
func_Bt_0x10000ca94,1000,True
func_Bt_0x10000ca96,130,True
func_Bt_0x10000cb58,-644,False
func_Bt_0x10000cb6a,348,False
func_Bt_0x10000cb75,48,True
func_Bt_0x10000cb9f,580,False
func_Bt_0x10000cba3,-75,False
func_Bu_0x100003f68,537,True
func_Bu_0x100004362,-366,False
func_Bu_0x100004368,-347,False
func_Bu_0x10000436a,1155,True
func_Bu_0x100004370,554,False
func_Bu_0x100004374,-502,True
func_Bu_0x10000437c,-600,True
func_Bu_0x100007633,209,True
func_Bu_0x10000b29b,60,True
func_Bu_0x10000b2ee,-60,False
func_C_0x1000001a4,-210,True
func_C_0x10000021d,-494,True
func_C_0x10000022e,-24,False
func_C_0x10000023d,-560,True
func_C_0x1000002ba,1175,True
func_C_0x100000313,740,False
func_C_0x100000320,1143,False
func_C_0x10000038b,643,True
func_C_0x1000003de,8,True
func_C_0x1000003e8,-153,False
func_C_0x10000095f,-473,True
func_C_0x100003675,-106,True
func_C_0x100003677,915,False
func_C_0x100003ab0,637,True
func_C_0x100003ab3,-545,False
func_C_0x100003ab5,727,True
func_C_0x100003af9,-22,True
func_C_0x100003d45,-352,False
func_C_0x100003d9d,-728,True
func_C_0x100003db4,-2,False
func_C_0x100003dd2,100,False
func_C_0x100003e12,-773,False
func_C_0x100003f13,198,False
func_C_0x100003f15,-23,True
func_C_0x100003f24,-83,True
func_C_0x100004022,93,False
func_C_0x100004029,249,False
func_C_0x10000408e,-453,False
func_C_0x1000044c2,229,True
func_C_0x100004579,-60,True
func_C_0x10000486f,584,True
func_C_0x100004871,750,False
func_C_0x100004e49,919,True
func_C_0x100004e67,-355,False
func_C_0x100004f3f,-666,False
func_C_0x100004f6c,847,True
func_C_0x100004f70,-673,True
func_C_0x100004f74,-116,True
func_C_0x100004f98,962,False
func_C_0x100004f9e,1174,True
func_C_0x1000050a4,893,False
func_C_0x1000058c9,855,False
func_C_0x100005919,743,True
func_C_0x100005b61,677,False
func_C_0x100005d92,-363,True
func_C_0x100005fe7,-446,True
func_C_0x10000620a,-150,True
func_C_0x10000636b,600,False
func_C_0x100006399,-370,True
func_C_0x100006bde,42,True
func_C_0x100006c0f,385,True
func_C_0x100006c20,740,False
func_C_0x100006c69,332,False
func_C_0x100006c6d,-622,True
func_C_0x100006d3c,-727,False
func_C_0x100006f70,409,False
func_C_0x1000074e8,-575,True
func_C_0x1000076c5,738,False
func_C_0x1000076e8,997,False
func_C_0x10000773f,-742,False
func_C_0x100007834,259,False
func_C_0x100007850,-122,False
func_C_0x100007857,771,True
func_C_0x100007a74,63,True
func_C_0x100007bb6,338,False
func_C_0x100007d47,1168,True
func_C_0x100007f27,-419,False
func_C_0x100007ffb,327,False
func_C_0x100008023,109,True
func_C_0x100008072,-772,True
func_C_0x10000812b,772,False
func_C_0x10000823a,693,True
func_C_0x1000082fb,529,False
func_C_0x1000087f8,-46,False
func_C_0x10000886f,965,False
func_C_0x100008877,826,False
func_C_0x100008c64,-9,False
func_C_0x100008cd4,999,True
func_C_0x100008e4f,106,False
func_C_0x100008ff7,-443,False
func_C_0x100008ffb,84,False
func_C_0x10000903c,125,True
func_C_0x10000941c,-703,False
func_C_0x100009635,406,False
func_C_0x1000097a7,-604,True
func_C_0x100009855,156,False
func_C_0x1000098a8,820,True
func_C_0x100009932,-563,False
func_C_0x10000998a,1007,True
func_C_0x100009a7e,-168,False
func_C_0x100009b4a,821,False
func_C_0x100009dae,331,False
func_C_0x100009e8a,-158,False
func_C_0x10000a45a,47,True
func_C_0x10000a634,359,True
func_C_0x10000a7f4,662,False
func_C_0x10000a8c6,-365,False
func_C_0x10000a8dc,-606,False
func_C_0x10000aaae,-162,True
func_C_0x10000aab2,-427,False
func_C_0x10000ab27,105,False
func_C_0x10000ab4e,96,False
func_C_0x10000ab64,39,False
func_C_0x10000ac1d,1091,False
func_C_0x10000ac28,-627,False
func_C_0x10000ac82,-86,False
func_C_0x10000ac9e,871,False
func_C_0x10000aca6,556,False
func_C_0x10000ad65,760,False
func_C_0x10000ae42,-778,True
func_C_0x10000ae68,-106,False
func_C_0x10000af89,266,True
func_C_0x10000b0a9,837,False
func_C_0x10000b1b5,254,False
func_C_0x10000b37a,384,False
func_C_0x10000b771,370,True
func_C_0x10000b812,1180,True
func_C_0x10000b9b5,583,True
func_C_0x10000bc04,29,False
func_C_0x10000c05b,-236,False
func_C_0x10000c211,119,True
func_C_0x10000c55e,66,False
func_C_0x10000c560,719,False
func_C_0x10000d19e,-252,False
func_C_0x10000d22e,37,True
func_Ca_0x100008b63,-444,False
func_Ca_0x100008b6a,1105,True
func_Ca_0x100008b6c,797,False
func_Ce_0x100003bf6,-499,False
func_Ce_0x100003c04,-576,False
func_Ce_0x100003c0f,880,False
func_Ce_0x100003c11,-132,False
func_Ce_0x100004664,-224,False
func_Ce_0x100005f81,1134,True
func_Ce_0x100006056,-82,False
func_Ce_0x10000608a,606,True
func_Ce_0x100006108,-7,False
func_Ce_0x10000611c,-133,True
func_Ce_0x1000064af,190,True
func_Ce_0x1000064bc,-656,False
func_Ce_0x1000064d5,-591,False
func_Ce_0x100006504,384,False
func_Ce_0x100006506,-568,True
func_Ce_0x100006513,-288,False
func_Ce_0x10000651d,461,False
func_Ce_0x100006521,-630,False
func_Ce_0x100006523,1038,False
func_Ce_0x100006529,677,True
func_Ce_0x10000652b,677,True
func_Ce_0x100006cd1,-618,False
func_Ce_0x100006cf7,24,False
func_Ce_0x100006cf9,27,False
func_Ce_0x100006cfd,307,False
func_Ce_0x100006d01,284,False
func_Ce_0x100006dfa,480,False
func_Ce_0x100006dff,462,True
func_Ce_0x100006e53,578,True
func_Ce_0x100006e55,807,False
func_Ce_0x100007bd6,-125,False
func_Ce_0x100007be8,-717,False
func_Ce_0x100007bea,960,False
func_Ce_0x10000a920,718,True
func_Ce_0x10000c2bb,536,True
func_Ce_0x10000c2bd,440,True
func_Ce_0x10000c2c7,249,True
func_Ce_0x10000c46c,866,False
func_Ce_0x10000c46e,382,True
func_Ce_0x10000c4f4,578,False
func_Ce_0x10000c4f8,322,True
func_Ce_0x10000c4fc,424,True
func_Ce_0x10000c500,914,False
func_Ce_0x10000c502,-728,True
func_Ce_0x10000c508,-337,False
func_Ce_0x10000c50c,1187,True
func_Ce_0x10000c50e,-454,False
func_Ce_0x10000c510,-371,True
func_Ce_0x10000c514,-352,False
func_Ce_0x10000c516,990,True
func_Ce_0x10000c51a,-304,True
func_Ce_0x10000c51c,-84,True
func_Ce_0x10000c520,-60,True
func_Ce_0x10000c52e,-448,False
func_Ce_0x10000cf67,-549,False
func_Ce_0x10000cf6b,930,True
func_Ce_0x10000cf6f,80,True
func_Ce_0x10000d246,-557,False
func_Ce_0x10000d2aa,-428,True
func_Ce_0x10000d2ca,568,True
func_Ci_0x1000070e0,967,False
func_Ci_0x10000baf8,758,True
func_Ci_0x10000bafa,442,True
func_Ci_0x10000bafc,-348,True
func_Ci_0x10000bafe,168,False
func_Ci_0x10000bb06,824,True
func_Ci_0x10000bb08,-31,True
func_Cn_0x100004a41,-294,True
func_Co_0x10000cec0,-434,False
func_Cr_0x1000068ef,572,True
func_Cr_0x100009fd0,-315,True
func_Cr_0x100009fd4,1028,True
func_Cr_0x100009fda,-567,False
func_Cr_0x100009fdc,-283,True
func_Cr_0x100009fde,570,False
func_Cr_0x100009fe2,-743,True
func_Cr_0x100009fec,1120,True
func_Cr_0x100009fee,718,False
func_Cr_0x100009ff2,-105,False
func_Cr_0x100009ff6,-612,True
func_Cr_0x100009ffa,-560,False
func_Cr_0x10000a002,1156,False
func_Cr_0x10000a008,478,True
func_Cr_0x10000a00c,499,False
func_Cr_0x10000a00e,-477,True
func_Cr_0x10000a010,1089,False
func_Cr_0x10000a012,394,False
func_Cr_0x10000a016,1207,True
func_Cr_0x10000a018,189,False
func_Cr_0x10000a01a,1016,False
func_Cr_0x10000a020,591,False
func_Cr_0x10000a02c,-143,True
func_Cr_0x10000a032,170,False
func_Cr_0x10000a034,833,False
func_Cr_0x10000a036,947,True
func_Cr_0x10000a040,115,False
func_Cr_0x10000a042,815,False
func_Cr_0x10000a044,-110,False
func_Cr_0x10000a04a,-73,True
func_Cr_0x10000a04c,-167,False
func_Cr_0x10000a04e,-207,False
func_Cr_0x10000c6ba,986,True
func_Cr_0x10000cea9,-474,False
func_Cr_0x10000cead,-786,True
func_Cr_0x10000ceb1,-491,False
func_Ct_0x100006a02,699,False
func_Ct_0x100006a04,-115,False
func_Ct_0x100006a06,103,True
func_Ct_0x100006a0a,461,True
func_Ct_0x100006a0c,517,True
func_Ct_0x100006a10,825,True
func_Ct_0x100006a12,1154,True
func_Ct_0x100006a18,270,True
func_Ct_0x100006a20,765,False
func_Ct_0x100006a28,-135,False
func_Ct_0x100006a34,0,False
func_Ct_0x100006a36,-273,True
func_Ct_0x100006a3a,126,False
func_Ct_0x100006a3c,13,False
func_Ct_0x100006a42,-87,False
func_Ct_0x100006a44,-282,False
func_Ct_0x100006a4e,169,False
func_Ct_0x100006a50,-767,False
func_Ct_0x100006a56,511,True
func_Ct_0x100006a5a,1070,False
func_Ct_0x100006a5c,606,False
func_Ct_0x100006a60,692,False
func_Ct_0x100006a74,-389,True
func_Ct_0x100006b0c,34,False
func_Ct_0x100006b10,1213,False
func_Ct_0x100006b22,-205,False
func_Ct_0x100006b26,621,False
func_Ct_0x100006b28,378,False
func_Ct_0x100006b2a,484,False
func_Ct_0x1000070d8,-49,True
func_Ct_0x10000830e,-379,True
func_Ct_0x100008310,-744,False
func_Ct_0x10000832f,-295,True
func_Ct_0x100008331,1104,True
func_Ct_0x100008337,57,False
func_Ct_0x10000833b,129,True
func_Ct_0x10000833d,596,True
func_Ct_0x100008341,1008,True
func_Ct_0x100008343,368,False
func_Ct_0x100008345,600,True
func_Ct_0x10000834f,500,True
func_Ct_0x100008351,288,True
func_Ct_0x100008359,514,False
func_Ct_0x10000835d,-782,False
func_Ct_0x100008367,-317,True
func_Ct_0x100008369,987,False
func_Ct_0x10000a098,212,False
func_Ct_0x10000c631,-93,True
func_Ct_0x10000c635,600,True
func_Ct_0x10000c637,803,True
func_Ct_0x10000c63b,42,False
func_Ct_0x10000c66a,-378,True
func_Cu_0x1000038e9,211,True
func_Cu_0x1000038ef,-725,True
func_Cu_0x1000038f3,-229,False
func_Cu_0x1000038f5,586,False
func_Cu_0x1000038f7,239,True
func_Cu_0x100003901,560,True
func_Cu_0x100003903,-693,False
func_Cu_0x100003907,478,False
func_Cu_0x10000390b,-352,True
func_Cu_0x1000039f6,105,False
func_Cu_0x1000039fb,-673,True
func_Cu_0x1000039ff,102,True
func_Cu_0x100003a02,574,True
func_Cu_0x100003a22,-220,False
func_Cu_0x100003a31,-524,True
func_Cu_0x100003a39,-17,True
func_Cu_0x100003a3d,717,False
func_Cu_0x100003a41,-220,False
func_Cu_0x100003a43,-455,False
func_Cu_0x100003a4b,-752,True
func_Cu_0x100003a4d,1032,False
func_Cu_0x100003a4f,65,True
func_Cu_0x100003a51,-120,True
func_Cu_0x100003a53,-753,True
func_Cu_0x100003a56,825,True
func_Cu_0x10000434b,1033,False
func_Cu_0x100004351,353,True
func_Cu_0x100004353,1090,True
func_Cu_0x1000068fb,499,False
func_Cu_0x1000068fd,-714,False
func_Cu_0x10000c6b9,926,False
func_D_0x1000001b5,819,False
func_D_0x1000001da,-739,False
func_D_0x10000029c,-148,False
func_D_0x10000029e,999,True
func_D_0x1000002a0,213,False
func_D_0x100003638,-85,True
func_D_0x10000363a,-777,True
func_D_0x100003665,-6,True
func_D_0x100003667,1041,False
func_D_0x10000366b,25,True
func_D_0x10000366d,-195,False
func_D_0x100003ac1,-645,False
func_D_0x100003ac5,-336,False
func_D_0x100003c95,-425,True
func_D_0x100003cb9,-367,True
func_D_0x100003d71,-166,True
func_D_0x100003e02,1153,True
func_D_0x100004098,-423,True
func_D_0x10000413a,-746,False
func_D_0x10000414e,731,True
func_D_0x1000044f0,208,True
func_D_0x10000451a,266,False
func_D_0x100004545,135,True
func_D_0x10000457b,-345,True
func_D_0x10000459b,-737,True
func_D_0x10000467c,-454,True
func_D_0x10000469c,-528,False
func_D_0x1000046b9,-354,False
func_D_0x100004e6c,-122,False
func_D_0x100004e6e,486,True
func_D_0x100004e72,-572,False
func_D_0x100004e77,-383,True
func_D_0x100004fa5,-464,False
func_D_0x100005480,-43,False
func_D_0x100005484,-40,False
func_D_0x100005bd0,-347,False
func_D_0x100005c0c,-464,False
func_D_0x100005c2d,-558,False
func_D_0x100005e54,-22,True
func_D_0x100005e63,812,False
func_D_0x1000061c5,1186,True
func_D_0x100006736,890,True
func_D_0x100006738,952,False
func_D_0x10000673a,-50,True
func_D_0x100006dd4,-475,False
func_D_0x10000701f,818,True
func_D_0x100007312,1206,True
func_D_0x100007842,-642,True
func_D_0x100007cf7,483,True
func_D_0x100007ff9,699,True
func_D_0x1000080cc,-83,False
func_D_0x10000821a,-408,True
func_D_0x1000085a0,-535,True
func_D_0x100008849,-303,False
func_D_0x100008c7c,204,False
func_D_0x100008c9e,-722,False
func_D_0x100008ed9,104,True
func_D_0x100008efd,-210,True
func_D_0x100008f8a,-112,True
func_D_0x10000906c,-138,False
func_D_0x10000907e,247,True
func_D_0x10000942a,-463,False
func_D_0x1000094e8,-50,True
func_D_0x1000094ea,-329,False
func_D_0x1000094fe,898,False
func_D_0x100009503,1201,True
func_D_0x1000095bc,1033,True
func_D_0x1000095e2,881,True
func_D_0x10000982c,-584,True
func_D_0x1000099f3,283,False
func_D_0x100009e2d,869,True
func_D_0x100009e39,-744,True
func_D_0x10000a6eb,-542,True
func_D_0x10000a6f2,849,True
func_D_0x10000a742,470,True
func_D_0x10000a900,952,False
func_D_0x10000aa33,-485,False
func_D_0x10000aa35,92,True
func_D_0x10000aa37,244,True
func_D_0x10000aa3b,1202,False
func_D_0x10000ab1a,939,True
func_D_0x10000ab1c,611,False
func_D_0x10000ab36,-343,True
func_D_0x10000ac34,941,False
func_D_0x10000ad26,173,False
func_D_0x10000ad40,-660,False
func_D_0x10000ae75,890,True
func_D_0x10000af42,-427,False
func_D_0x10000b0af,-233,True
func_D_0x10000b51b,997,True
func_D_0x10000b632,1179,True
func_D_0x10000b790,-712,True
func_D_0x10000bc19,-454,False
func_D_0x10000c4aa,487,False
func_D_0x10000c4b4,340,True
func_D_0x10000caf5,-760,False
func_D_0x10000caf7,-716,True
func_D_0x10000cafb,-77,True
func_D_0x10000caff,972,False
func_D_0x10000cc04,-217,True
func_D_0x10000d145,767,True
func_D_0x10000d18d,212,False
func_D_0x10000d310,1059,False
func_D_0x10000d312,182,True
func_De_0x1000041bd,1063,False
func_De_0x10000427e,226,True
func_De_0x100004282,-783,True
func_De_0x100004284,420,False
func_De_0x100004286,-418,False
func_De_0x100004624,11,True
func_De_0x100004626,-138,False
func_De_0x100004765,-528,False
func_De_0x100004d3a,1134,True
func_De_0x100005970,101,True
func_De_0x100005c60,66,True
func_De_0x100005d50,898,False
func_De_0x100005d52,-244,True
func_De_0x100005d54,-17,False
func_De_0x100005d56,-604,True
func_De_0x100005df0,575,True
func_De_0x10000610d,-341,True
func_De_0x10000610f,-598,True
func_De_0x1000063d3,-286,True
func_De_0x100006565,-240,False
func_De_0x10000767b,405,True
func_De_0x10000767f,286,False
func_De_0x100007cc2,-99,True
func_De_0x100007cc9,-10,True
func_De_0x100007ccc,-780,False
func_De_0x100007d58,272,False
func_De_0x100007d8a,129,True
func_De_0x100007d8e,446,True
func_De_0x100007d90,815,True
func_De_0x100007d92,1145,False
func_De_0x1000082e4,-24,True
func_De_0x1000082e6,154,False
func_De_0x1000083cb,-362,False
func_De_0x100009296,60,True
func_De_0x100009af7,-453,False
func_De_0x100009afa,1109,False
func_De_0x10000a7a6,1212,True
func_De_0x10000a9b1,-370,True
func_De_0x10000a9d2,-776,True
func_De_0x10000a9d8,-694,False
func_De_0x10000a9da,1212,True
func_De_0x10000a9dc,1074,True
func_De_0x10000a9de,-528,False
func_De_0x10000a9f8,784,False
func_De_0x10000b5ec,-754,True
func_De_0x10000b896,97,True
func_De_0x10000c0f6,351,False
func_De_0x10000ca70,-740,False
func_De_0x10000caae,1172,True
func_De_0x10000d0f7,-703,False
func_De_0x10000d15d,-711,False
func_De_0x10000d161,-132,True
func_De_0x10000d16d,-583,True
func_De_0x10000d171,-664,False
func_De_0x10000d173,444,True
func_De_0x10000d177,-710,True
func_De_0x10000d17b,1175,True
func_De_0x10000d352,1117,False
func_Dn_0x100006aea,-335,True
func_Dn_0x100007187,1178,True
func_Dn_0x100007189,32,False
func_Dn_0x100007198,-287,False
func_Dn_0x1000071a6,-102,False
func_Dn_0x1000071cd,903,False
func_Dn_0x1000071d1,1106,True
func_Dn_0x1000071d3,-579,True
func_Dn_0x1000071fe,1187,False
func_Dn_0x100007206,-275,True
func_Dr_0x100003931,-401,False
func_Dr_0x100003945,162,False
func_Dr_0x10000395d,-683,False
func_Dt_0x1000048a4,-452,False
func_Dt_0x1000075c1,681,False
func_Dt_0x100007645,-177,False
func_Dt_0x100007dee,687,True
func_Dt_0x100007dfb,139,True
func_Dt_0x100007dfe,-96,False
func_Dt_0x100007e32,682,True
func_Dt_0x10000937a,730,True
func_Dt_0x100009737,7,False
func_Dt_0x100009748,150,True
func_Dt_0x100009759,167,True
func_Dt_0x100009774,-239,False
func_Dt_0x100009783,-696,True
func_Dt_0x10000b4f0,615,False
func_Dt_0x10000b4fa,-19,True
func_Dt_0x10000b500,-488,False
func_Dt_0x10000b504,335,True
func_Dt_0x10000b506,1128,False
func_Dt_0x10000b50c,-710,True
func_Dt_0x10000c8e8,-530,False
func_Dt_0x10000c9ad,92,True
func_Dt_0x10000c9af,1002,True
func_Dt_0x10000c9bf,-97,False
func_Du_0x1000046e9,306,True
func_Du_0x100004725,-755,False
func_Du_0x100005023,1107,False
func_Du_0x100005b09,-58,False
func_Du_0x100005b0b,-715,False
func_Du_0x100006fa9,230,True
func_Du_0x100006faf,-42,False
func_Du_0x100007e28,1063,True
func_Du_0x100007e37,-459,False
func_Du_0x100007e42,1161,True
func_Du_0x100007e4b,-279,True
func_Du_0x100007e4d,380,False
func_Du_0x1000090fe,451,False
func_Du_0x1000093a4,66,True
func_Du_0x10000c9f3,-534,False
func_Du_0x10000cb24,-44,False
func_E0_0x100004a3a,-199,False
func_E_0x10000011d,12,True
func_E_0x100000148,-424,True
func_E_0x1000001c2,1124,False
func_E_0x100000295,-161,True
func_E_0x100000297,1159,False
func_E_0x1000002b3,-333,False
func_E_0x1000002da,1084,True
func_E_0x1000002e4,15,False
func_E_0x1000002e8,-740,True
func_E_0x1000005e4,43,True
func_E_0x100003bb6,669,False
func_E_0x100003c7b,-49,True
func_E_0x100003c7f,-603,False
func_E_0x100003c83,-552,True
func_E_0x100003ce9,229,False
func_E_0x100003e37,-313,False
func_E_0x100003ec0,1036,False
func_E_0x100003f0b,-483,True
func_E_0x100003f33,-452,True
func_E_0x100003f3b,203,False
func_E_0x100003f3d,175,True
func_E_0x10000404a,903,True
func_E_0x1000041fb,984,False
func_E_0x10000431a,765,False
func_E_0x1000044a2,571,False
func_E_0x1000044ab,-336,False
func_E_0x1000045d0,944,True
func_E_0x100004878,802,True
func_E_0x100004fb9,221,True
func_E_0x100004fd3,-62,True
func_E_0x10000543f,101,True
func_E_0x100005442,-735,False
func_E_0x1000058b4,-555,False
func_E_0x1000058b6,-332,True
func_E_0x1000058ba,-589,False
func_E_0x1000058be,499,True
func_E_0x1000058c0,-575,False
func_E_0x1000058c2,1129,True
func_E_0x1000058c6,-390,False
func_E_0x100005b81,524,False
func_E_0x100005e33,1042,True
func_E_0x1000061b5,252,False
func_E_0x1000069b3,-275,True
func_E_0x100006c51,132,False
func_E_0x100007303,-92,False
func_E_0x1000076df,-434,True
func_E_0x100007863,-750,True
func_E_0x100007c6c,-241,False
func_E_0x100007cb6,-443,True
func_E_0x100008143,1123,True
func_E_0x10000819d,318,True
func_E_0x1000081ec,-264,True
func_E_0x100008200,-522,False
func_E_0x100008236,-657,False
func_E_0x100008c9a,687,True
func_E_0x100008dda,-455,False
func_E_0x100008df9,-385,False
func_E_0x100008dfb,1211,False
func_E_0x100008dfd,-521,True
func_E_0x100008e03,406,True
func_E_0x100008e53,932,False
func_E_0x100008ebf,607,False
func_E_0x100008f82,275,True
func_E_0x100008fd3,-487,True
func_E_0x100009006,613,False
func_E_0x1000097b4,-324,True
func_E_0x100009e06,440,True
func_E_0x100009e64,-495,False
func_E_0x10000a7dd,283,False
func_E_0x10000a7e0,735,False
func_E_0x10000a84e,1011,False
func_E_0x10000aaee,164,True
func_E_0x10000ab56,-432,True
func_E_0x10000ac31,342,True
func_E_0x10000ac68,-11,False
func_E_0x10000aceb,824,False
func_E_0x10000ad1f,509,True
func_E_0x10000ad21,727,True
func_E_0x10000ae43,-192,False
func_E_0x10000ae4e,840,True
func_E_0x10000ae50,45,True
func_E_0x10000ae59,-135,True
func_E_0x10000b41d,-525,True
func_E_0x10000b7d2,-666,False
func_E_0x10000b9e4,-437,True
func_E_0x10000bf1a,296,False
func_E_0x10000c064,-785,True
func_E_0x10000c11b,-706,False
func_E_0x10000c11e,381,False
func_E_0x10000c4ba,776,True
func_E_0x10000c6e1,-573,True
func_E_0x10000c6e5,1089,True
func_E_0x10000d2ef,966,False
func_E_0x10000d3aa,-224,False
func_Ee_0x100004110,172,False
func_Ee_0x100004193,-580,True
func_Ee_0x10000464f,222,False
func_Ee_0x10000465f,1052,False
func_Ee_0x10000478e,-685,False
func_Ee_0x100004790,307,False
func_Ee_0x100004792,-407,False
func_Ee_0x100004806,430,True
func_Ee_0x100005102,357,False
func_Ee_0x100005992,172,True
func_Ee_0x100005de8,1117,True
func_Ee_0x100005dec,-697,True
func_Ee_0x100005df7,80,True
func_Ee_0x100005ef4,-119,False
func_Ee_0x100006098,-155,False
func_Ee_0x1000063bb,572,True
func_Ee_0x1000063c3,939,True
func_Ee_0x10000642e,314,False
func_Ee_0x100006640,1155,True
func_Ee_0x100006cb9,60,False
func_Ee_0x100007d61,923,False
func_Ee_0x100007d8c,-145,True
func_Ee_0x1000082d7,715,True
func_Ee_0x10000a22c,-513,True
func_Ee_0x10000a239,-80,False
func_Ee_0x10000a23c,972,True
func_Ee_0x10000a25e,-420,False
func_Ee_0x10000a266,92,True
func_Ee_0x10000a268,-641,True
func_Ee_0x10000a274,-364,True
func_Ee_0x10000a282,1023,True
func_Ee_0x10000a572,461,True
func_Ee_0x10000a5d7,-132,True
func_Ee_0x10000a9a3,411,False
func_Ee_0x10000a9a9,-67,True
func_Ee_0x10000a9ab,906,False
func_Ee_0x10000aa09,878,True
func_Ee_0x10000aa50,667,True
func_Ee_0x10000aa52,500,False
func_Ee_0x10000aa58,495,False
func_Ee_0x10000aa5e,-473,False
func_Ee_0x10000aa60,-506,True
func_Ee_0x10000aa64,1213,False
func_Ee_0x10000aa70,971,True
func_Ee_0x10000aa72,463,False
func_Ee_0x10000aa74,924,True
func_Ee_0x10000aa76,-82,False
func_Ee_0x10000ad9d,191,True
func_Ee_0x10000aed2,-615,True
func_Ee_0x10000af31,138,True
func_Ee_0x10000b1df,-565,True
func_Ee_0x10000b3fb,1111,False
func_Ee_0x10000b40b,782,False
func_Ee_0x10000c899,-21,True
func_Ee_0x10000cabe,-328,True
func_Ee_0x10000cac0,332,True
func_Ee_0x10000cd03,449,False
func_Ee_0x10000cd06,719,False
func_Ee_0x10000cd0a,-185,True
func_Ee_0x10000cd1f,-101,False
func_Ee_0x10000cd29,-432,False
func_Ee_0x10000cd2d,97,False
func_Ee_0x10000cd52,-600,False
func_Ee_0x10000cd55,-346,False
func_Ee_0x10000cd57,421,False
func_Ee_0x10000cf2a,1127,True
func_En_0x100003911,-197,True
func_En_0x100006aac,31,True
func_En_0x10000a052,-226,True
func_En_0x10000a066,891,False
func_En_0x10000a096,160,True
func_En_0x10000a099,23,False
func_En_0x10000ce79,346,False
func_En_0x10000cec4,-711,False
func_Eo_0x100004a29,91,False
func_Eo_0x100004a30,-607,False
func_Eo_0x100004a39,-231,False
func_Er_0x1000038c9,944,False
func_Er_0x1000038cb,1102,True
func_Er_0x1000038cd,446,True
func_Er_0x100006a38,-374,True
func_Er_0x100006b14,712,True
func_Er_0x10000c64d,113,True
func_Er_0x10000ce73,279,True
func_Er_0x10000ce77,-382,True
func_Et_0x100004671,1006,False
func_Et_0x100005b06,20,False
func_Et_0x100005f67,1109,True
func_Et_0x1000060d3,770,False
func_Et_0x100006e04,928,False
func_Et_0x1000073ed,337,True
func_Et_0x100007bcb,922,True
func_Et_0x100008386,668,False
func_Et_0x100009572,-92,False
func_Et_0x10000a930,-11,False
func_Et_0x10000c535,286,False
func_Et_0x10000c977,580,False
func_Et_0x10000c98f,-149,True
func_Et_0x10000c9a4,214,False
func_Et_0x10000ca8c,893,True
func_Eu_0x100006ac3,958,True
func_Eu_0x100006ac9,686,False
func_Eu_0x100006acd,973,False
func_Eu_0x100006acf,685,False
func_Eu_0x100006ad3,-148,True
func_Eu_0x100006ad5,-27,False
func_Eu_0x100006ad9,155,False
func_Eu_0x100006adb,-68,False
func_Eu_0x10000ba85,1011,False
func_Eu_0x10000bcad,589,True
func_Eu_0x10000bcaf,-515,False
func_Eu_0x10000bd73,642,False
func_Eu_0x10000bd75,-91,True
func_Eu_0x10000bd7e,-257,False
func_Eu_0x10000bd84,-492,False
func_Eu_0x10000bd8a,1088,False
func_Eu_0x10000bd90,-783,False
func_Eu_0x10000bd94,934,True
func_Eu_0x10000bda2,375,True
func_Eu_0x10000bda6,96,False
func_Eu_0x10000bdbe,199,False
func_Eu_0x10000bdc9,1059,False
func_Eu_0x10000bdd0,-740,False
func_Eu_0x10000bde6,509,False
func_Eu_0x10000bdec,105,False
func_Eu_0x10000bdee,247,False
func_Eu_0x10000bdfe,536,True
func_Eu_0x10000be1b,-435,True
func_Eu_0x10000be1f,-629,True
func_Eu_0x10000be25,808,False
func_Eu_0x10000be27,-361,True
func_Eu_0x10000ce4b,780,False
func_F_0x100000122,325,True
func_F_0x100000140,1193,True
func_F_0x10000019c,433,True
func_F_0x100000205,908,False
func_F_0x1000002fb,952,True
func_F_0x1000005d5,-636,False
func_F_0x100000935,-385,False
func_F_0x100003d18,-391,True
func_F_0x100003d1e,904,False
func_F_0x100003d20,22,False
func_F_0x100003d22,562,False
func_F_0x100003e55,-559,False
func_F_0x100003f0e,-36,True
func_F_0x1000041f7,1087,False
func_F_0x1000041fc,-516,True
func_F_0x10000422a,252,True
func_F_0x100004e85,29,True
func_F_0x100004ea4,23,False
func_F_0x100004ea6,625,False
func_F_0x100004ea8,673,True
func_F_0x100004eaa,-732,False
func_F_0x100004eba,520,True
func_F_0x100004fa9,1054,False
func_F_0x100005487,-679,True
func_F_0x1000058b2,-639,True
func_F_0x1000058d4,-184,True
func_F_0x10000591c,1127,False
func_F_0x100005950,973,False
func_F_0x100005e34,-326,False
func_F_0x100006200,-559,True
func_F_0x100006240,-555,False
func_F_0x10000624a,1120,True
func_F_0x1000065c1,439,True
func_F_0x10000687d,686,True
func_F_0x10000687f,497,True
func_F_0x100006881,-563,False
func_F_0x100006d5f,999,False
func_F_0x1000072a2,1141,False
func_F_0x100007387,799,True
func_F_0x1000077c6,-351,False
func_F_0x100007a46,1172,False
func_F_0x100007a4e,1072,True
func_F_0x100007a64,514,False
func_F_0x100007a6a,-459,False
func_F_0x100007c97,-53,False
func_F_0x100007f85,-271,True
func_F_0x1000080dd,-684,True
func_F_0x1000080ef,68,True
func_F_0x1000080f1,1010,False
func_F_0x1000080f6,-747,False
func_F_0x100008525,1081,False
func_F_0x10000881b,1102,True
func_F_0x100008cef,-290,True
func_F_0x100008f21,-257,False
func_F_0x10000900b,185,False
func_F_0x100009243,1047,True
func_F_0x1000093e7,966,True
func_F_0x1000093e9,-738,True
func_F_0x100009816,1202,True
func_F_0x1000098db,134,False
func_F_0x100009a5e,263,False
func_F_0x100009f7e,257,True
func_F_0x10000a4ad,6,False
func_F_0x10000a6d4,95,True
func_F_0x10000a74a,1131,True
func_F_0x10000abd3,308,False
func_F_0x10000abd5,1105,True
func_F_0x10000abe4,448,False
func_F_0x10000acfe,356,True
func_F_0x10000ad02,-537,True
func_F_0x10000ad05,317,False
func_F_0x10000ae77,-288,False
func_F_0x10000aec2,-762,True
func_F_0x10000b7cf,-151,True
func_F_0x10000b7f2,606,True
func_F_0x10000c058,679,False
func_F_0x10000c2f2,828,True
func_F_0x10000c2f7,1038,False
func_F_0x10000c320,-24,False
func_F_0x10000c326,1159,True
func_F_0x10000c48e,44,True
func_F_0x10000c4d9,741,True
func_F_0x10000c6dc,-578,False
func_F_0x10000c753,489,True
func_F_0x10000c7cd,795,False
func_F_0x10000cbb2,102,False
func_F_0x10000cbe1,864,True
func_F_0x10000d3d7,73,True
func_Fe_0x100004662,-48,False
func_Fe_0x100004666,1054,True
func_Fe_0x100004668,-86,True
func_Fe_0x1000047fc,-456,True
func_Fe_0x100005a31,502,True
func_Fe_0x100005a33,719,False
func_Fe_0x100005b45,-140,True
func_Fe_0x100005f5a,-493,True
func_Fe_0x100006125,-584,False
func_Fe_0x100006129,657,True
func_Fe_0x1000063ae,-704,False
func_Fe_0x1000064ad,915,True
func_Fe_0x1000064cb,769,True
func_Fe_0x10000650b,374,True
func_Fe_0x100006511,542,True
func_Fe_0x100006cfb,329,True
func_Fe_0x100006cff,72,False
func_Fe_0x100006d03,113,False
func_Fe_0x100006d05,-693,False
func_Fe_0x1000073e0,246,False
func_Fe_0x100009569,-775,False
func_Fe_0x10000a5d2,885,False
func_Fe_0x10000a93f,-399,True
func_Fe_0x10000adf4,775,False
func_Fe_0x10000adfc,482,False
func_Fe_0x10000c2bf,-673,False
func_Fe_0x10000c2c1,507,False
func_Fe_0x10000c2c5,937,True
func_Fe_0x10000c2e1,589,False
func_Fe_0x10000c4fa,1184,False
func_Fe_0x10000c504,-210,False
func_Fe_0x10000c512,5,True
func_Fe_0x10000c528,765,True
func_Fe_0x10000c713,-105,False
func_Fe_0x10000c715,-640,True
func_Fe_0x10000c717,-292,False
func_Fe_0x10000c725,335,False
func_Fe_0x10000ca86,789,False
func_Fe_0x10000cf6d,-271,True
func_Fe_0x10000d2a5,1010,True
func_Fe_0x10000d2de,419,True
func_Fi_0x1000086c8,630,False
func_Fi_0x10000872d,87,False
func_Fi_0x100008731,-115,True
func_Fi_0x100008759,207,False
func_Fi_0x100008761,812,True
func_Fn_0x100005595,-518,False
func_Fn_0x1000055b9,1093,False
func_Fn_0x100005751,-755,True
func_Fn_0x100005756,-325,False
func_Fn_0x10000578c,559,True
func_Fo_0x1000055ba,178,True
func_Fo_0x1000055cf,1063,False
func_Fo_0x100005606,574,False
func_Fo_0x10000575d,312,False
func_Fo_0x100005794,-373,False
func_Fo_0x1000057cd,211,False
func_Fo_0x100005849,528,True
func_Fr_0x1000007b5,700,False
func_Fr_0x100008325,-758,True
func_Fr_0x10000a050,-364,False
func_Fr_0x10000a055,-258,True
func_Fr_0x10000a05b,-622,False
func_Fr_0x10000a09b,-338,True
func_Fr_0x10000a09d,-311,True
func_Fr_0x10000a0a1,-208,False
func_Fr_0x10000a0a5,466,False
func_Fr_0x10000a0a9,275,False
func_Fr_0x10000a0ab,-774,True
func_Fr_0x10000a0af,70,True
func_Fr_0x10000c651,1078,False
func_Ft_0x10000084b,-380,False
func_Ft_0x10000084f,701,False
func_Ft_0x1000036f6,-596,True
func_Ft_0x1000038be,702,True
func_Ft_0x1000038e6,236,False
func_Ft_0x1000038eb,1005,False
func_Ft_0x1000038ed,-519,False
func_Ft_0x100003905,-504,False
func_Ft_0x100003909,-351,True
func_Ft_0x10000390f,-16,True
func_Ft_0x1000039f8,369,False
func_Ft_0x100003a06,631,True
func_Ft_0x100003a16,-270,False
func_Ft_0x100003a1c,489,True
func_Ft_0x100003a1e,-217,False
func_Ft_0x100003a20,654,False
func_Ft_0x100003a33,1003,True
func_Ft_0x100003a35,629,False
func_Ft_0x100003a37,217,True
func_Ft_0x100003a3b,7,True
func_Ft_0x100003a3f,-770,False
func_Ft_0x100003a45,86,True
func_Ft_0x100003a47,677,True
func_Ft_0x100003a58,-33,False
func_Ft_0x10000434f,-494,False
func_Ft_0x1000068da,485,True
func_Ft_0x1000068dc,347,True
func_Ft_0x1000068ec,840,False
func_Ft_0x1000069a3,-526,True
func_Ft_0x10000cea8,-353,True
func_Fu_0x100008988,429,True
func_Fu_0x1000089a6,-417,False
func_Fu_0x1000089aa,-527,False
func_Fu_0x100008a04,311,True
func_Fu_0x100008a48,1107,True
func_Fu_0x100008a4a,-119,False
func_Fu_0x100008a4e,-221,True
func_Fu_0x100008a72,679,True
func_Fu_0x100008a74,-268,False
func_Fu_0x100008a76,1032,False
func_Fu_0x100008a78,661,True
func_Fu_0x100008a99,760,True
func_Fu_0x100008ac6,157,False
func_Fu_0x100008aca,772,False
func_Fu_0x100008af8,1042,False
func_Fu_0x100008b26,-580,True
func_Fu_0x100008b40,-516,False
func_Fu_0x100008b44,773,True
func_Fu_0x100008b5a,950,False
func_Fu_0x100008b5c,77,False
func_Fu_0x100008b81,-669,False
func_Fu_0x100008b9b,597,False
func_Fu_0x100008bb3,1073,False
func_Fu_0x100008bf6,122,False
func_G_0x10000020c,366,True
func_G_0x10000020e,95,True
func_G_0x100000210,-345,False
func_G_0x100000212,1176,False
func_G_0x100000214,-633,True
func_G_0x100003820,862,True
func_G_0x100003e97,352,True
func_G_0x100003ea7,219,False
func_G_0x100003ed7,1031,False
func_G_0x100003edb,385,False
func_G_0x100003ee5,989,True
func_G_0x100003eeb,1041,True
func_G_0x100003ef3,-275,True
func_G_0x1000044fe,1163,False
func_G_0x10000452a,71,False
func_G_0x100004691,-757,False
func_G_0x100004d30,303,False
func_G_0x100004d5c,101,True
func_G_0x100004d60,-530,True
func_G_0x100004d64,140,True
func_G_0x100004d66,854,True
func_G_0x100004d68,-739,False
func_G_0x100004df4,1198,True
func_G_0x100004ecf,847,False
func_G_0x100004ed2,-134,True
func_G_0x1000059f2,734,False
func_G_0x1000059f6,800,False
func_G_0x100005a03,911,True
func_G_0x100005bda,-479,True
func_G_0x100005c0f,-558,True
func_G_0x100006293,499,True
func_G_0x10000633f,867,False
func_G_0x100006482,-331,False
func_G_0x10000682c,935,True
func_G_0x100006b32,-572,True
func_G_0x100006b34,443,False
func_G_0x100006b4a,-613,True
func_G_0x1000070cd,1105,False
func_G_0x10000727f,1145,False
func_G_0x100007365,-508,True
func_G_0x1000073b7,504,False
func_G_0x1000073c1,766,False
func_G_0x100007520,687,True
func_G_0x100007524,37,False
func_G_0x100007526,-502,True
func_G_0x100007528,605,True
func_G_0x10000755a,676,False
func_G_0x10000755c,-320,True
func_G_0x100007564,-59,False
func_G_0x1000076aa,782,False
func_G_0x100007701,-752,False
func_G_0x100007729,-211,False
func_G_0x10000794b,-308,True
func_G_0x10000798a,584,False
func_G_0x1000079a0,-45,False
func_G_0x100007a3c,1015,True
func_G_0x100007db2,1132,False
func_G_0x100007db6,669,True
func_G_0x100007dbe,254,True
func_G_0x100007e8d,143,True
func_G_0x100007e8f,-479,True
func_G_0x100007e99,545,False
func_G_0x100007e9c,216,False
func_G_0x100007ea4,-597,False
func_G_0x100007ea8,-489,False
func_G_0x1000081cb,284,False
func_G_0x100008224,-399,False
func_G_0x10000822c,465,False
func_G_0x100008564,664,True
func_G_0x1000085d0,110,True
func_G_0x1000085d6,527,False
func_G_0x100008698,1091,True
func_G_0x1000086b1,163,True
func_G_0x1000086bd,-458,False
func_G_0x10000888a,331,True
func_G_0x100008e95,949,True
func_G_0x100009182,730,False
func_G_0x1000091ba,707,False
func_G_0x1000091bc,-204,True
func_G_0x1000091c4,-166,False
func_G_0x1000091c6,-563,True
func_G_0x1000091ca,10,False
func_G_0x1000091d3,-126,False
func_G_0x1000091d6,-434,True
func_G_0x1000091d8,925,False
func_G_0x1000091f8,-225,False
func_G_0x1000092a3,164,False
func_G_0x1000094d9,1181,True
func_G_0x1000097ea,228,True
func_G_0x1000097f2,-701,False
func_G_0x100009802,728,True
func_G_0x100009b84,-482,True
func_G_0x100009ea6,839,True
func_G_0x100009f6c,296,True
func_G_0x10000a1df,-559,False
func_G_0x10000a3ba,1200,False
func_G_0x10000a3bc,665,True
func_G_0x10000a3c0,-505,True
func_G_0x10000a3c4,-13,True
func_G_0x10000a3c8,-408,True
func_G_0x10000a618,-197,True
func_G_0x10000a63f,1105,False
func_G_0x10000a6c4,91,False
func_G_0x10000b0d7,-175,False
func_G_0x10000b0df,959,True
func_G_0x10000b0e1,-563,False
func_G_0x10000b1f4,625,True
func_G_0x10000b33a,-489,False
func_G_0x10000b58f,-335,False
func_G_0x10000b591,614,False
func_G_0x10000b597,-772,True
func_G_0x10000b599,1129,True
func_G_0x10000b9d6,76,True
func_G_0x10000bb81,-775,True
func_G_0x10000bb8e,1138,False
func_G_0x10000bbaa,-45,False
func_G_0x10000bc98,288,False
func_G_0x10000bc9a,667,False
func_G_0x10000bc9e,991,False
func_G_0x10000be62,-461,False
func_G_0x10000be64,-250,True
func_G_0x10000be75,-651,False
func_G_0x10000c079,218,True
func_G_0x10000c07d,-47,False
func_G_0x10000c07f,-419,True
func_G_0x10000c096,531,False
func_G_0x10000c6f4,385,True
func_G_0x10000c788,-757,False
func_G_0x10000c792,462,False
func_G_0x10000cc01,-664,True
func_G_0x10000cc07,561,True
func_G_0x10000cf10,-217,False
func_G_0x10000cf12,357,False
func_G_0x10000cf19,138,False
func_G_0x10000cf1b,-408,True
func_G_0x10000cf1d,265,False
func_G_0x10000cf1f,506,True
func_G_0x10000d040,205,False
func_G_0x10000d08a,-618,True
func_G_0x10000d1a8,324,True
func_G_0x10000d1aa,1023,False
func_G_0x10000d1ac,285,True
func_G_0x10000d1c3,-541,False
func_G_0x10000d1c7,-262,True
func_Ge_0x100005004,1074,False
func_Ge_0x100007e30,526,False
func_Ge_0x1000090f5,-355,True
func_Ge_0x100009380,494,True
func_Ge_0x10000b488,320,True
func_Ge_0x10000b491,-52,True
func_Ge_0x10000b4a7,948,False
func_Ge_0x10000b4a9,215,False
func_Ge_0x10000b4b3,546,False
func_Ge_0x10000b4f2,639,False
func_Ge_0x10000b502,-196,True
func_Ge_0x10000b512,421,True
func_Ge_0x10000c8a8,803,False
func_Ge_0x10000c8aa,284,True
func_Ge_0x10000c8ac,93,True
func_Ge_0x10000c8ae,302,False
func_Ge_0x10000c8b2,-499,False
func_Ge_0x10000c8b6,-761,False
func_Ge_0x10000c8c0,-641,False
func_Ge_0x10000c8c2,389,False
func_Ge_0x10000c8c6,453,False
func_Ge_0x10000c8ca,1145,False
func_Ge_0x10000c8ce,430,False
func_Ge_0x10000c8d2,572,True
func_Ge_0x10000c8d4,1043,False
func_Ge_0x10000c8d8,235,False
func_Ge_0x10000c8da,922,False
func_Ge_0x10000c8e0,604,True
func_Ge_0x10000cb5d,131,True
func_Ge_0x10000cb5f,-433,True
func_Gn_0x100008314,139,False
func_Gn_0x10000831b,359,True
func_Go_0x1000071ed,19,False
func_Gr_0x10000081e,-362,True
func_Gr_0x100000824,16,False
func_Gr_0x100000826,527,True
func_Gr_0x100000828,-662,True
func_Gr_0x10000082c,-58,True
func_Gr_0x100000830,225,True
func_Gr_0x100000836,-428,False
func_Gr_0x100000838,-235,True
func_Gr_0x1000038fa,290,True
func_Gr_0x1000038fc,1104,False
func_Gr_0x10000b70c,35,True
func_Gr_0x10000b712,882,True
func_Gr_0x10000c612,1167,True
func_Gr_0x10000c614,582,False
func_Gr_0x10000c616,34,True
func_Gr_0x10000c693,568,False
func_Gr_0x10000ce15,-773,False
func_Gr_0x10000ce60,13,False
func_Gr_0x10000ce62,720,False
func_Gt_0x100006adf,-546,False
func_Gt_0x100006ae1,377,True
func_Gt_0x100006ae3,559,True
func_Gt_0x10000ba31,553,False
func_Gt_0x10000ba33,-330,False
func_Gt_0x10000ba37,821,True
func_Gt_0x10000ba39,-349,True
func_Gt_0x10000ba3d,1000,True
func_Gt_0x10000ba43,1060,False
func_Gt_0x10000ba47,198,True
func_Gt_0x10000ba4d,-672,True
func_Gt_0x10000ba55,143,False
func_Gt_0x10000ba59,564,True
func_Gt_0x10000ba61,-617,False
func_Gt_0x10000ba65,-566,True
func_Gt_0x10000ba67,-347,False
func_Gt_0x10000ba6b,-18,False
func_Gt_0x10000ba6d,75,False
func_Gt_0x10000ba6f,1055,True
func_Gt_0x10000ba73,882,False
func_Gt_0x10000ba77,723,True
func_Gt_0x10000ba7b,-636,False
func_Gt_0x10000ba7d,945,True
func_Gt_0x10000ba87,897,False
func_Gt_0x10000ba8d,1117,False
func_Gt_0x10000ba93,517,True
func_Gt_0x10000ba99,768,True
func_Gt_0x10000ba9b,960,True
func_Gt_0x10000ba9d,1015,True
func_Gt_0x10000baa5,-698,True
func_Gt_0x10000baab,-393,False
func_Gt_0x10000bab5,-206,False
func_Gt_0x10000baef,442,False
func_Gt_0x10000bb57,-500,False
func_Gt_0x10000bb61,-595,False
func_Gt_0x10000bd7b,92,False
func_Gt_0x10000bd82,1037,True
func_Gt_0x10000bdaa,-633,True
func_Gt_0x10000bdb4,-147,False
func_Gt_0x10000bdb6,150,True
func_Gt_0x10000bdc0,199,False
func_Gt_0x10000bdc6,140,False
func_Gt_0x10000bdd8,-396,True
func_Gt_0x10000bdde,-660,True
func_Gt_0x10000bdea,1143,False
func_Gt_0x10000bdf6,-673,False
func_Gt_0x10000bdfc,578,False
func_Gt_0x10000be02,59,False
func_Gt_0x10000be0f,266,False
func_Gt_0x10000be1d,892,False
func_Gt_0x10000be21,560,True
func_Gt_0x10000be29,782,True
func_Gt_0x10000be2d,110,False
func_Gu_0x100003f6a,1061,False
func_Gu_0x100003f6c,-169,False
func_Gu_0x100003f6e,-403,False
func_Gu_0x100003f70,-178,False
func_Gu_0x100003f74,-539,False
func_Gu_0x100003f78,-4,False
func_Gu_0x100003f80,1195,False
func_Gu_0x100003f86,-655,True
func_Gu_0x100003f8a,83,False
func_Gu_0x100003f8c,992,False
func_Gu_0x100003f8e,958,False
func_Gu_0x100003f96,139,False
func_Gu_0x100003f9c,398,False
func_Gu_0x100003fa0,-610,True
func_Gu_0x100003fa4,-111,True
func_Gu_0x100003fa6,879,False
func_Gu_0x100003fb6,1189,False
func_Gu_0x100003fba,1058,False
func_Gu_0x100003fc0,169,True
func_Gu_0x100003fc4,-648,True
func_Gu_0x100003fc6,176,False
func_Gu_0x100003fc8,493,False
func_Gu_0x100003fcc,-41,False
func_Gu_0x100003fd0,-53,False
func_Gu_0x100003fd6,-228,True
func_Gu_0x100003fdc,270,False
func_Gu_0x100003fde,-215,False
func_Gu_0x100003fe0,86,False
func_Gu_0x100003fe4,-254,False
func_Gu_0x100003fea,-243,False
func_Gu_0x100003fec,536,False
func_Gu_0x100003ff0,189,False
func_Gu_0x100003ff2,733,False
func_Gu_0x100003ff4,1117,False
func_Gu_0x100003ff6,-75,False
func_Gu_0x100004364,-300,True
func_Gu_0x100004366,-157,True
func_Gu_0x10000436c,-747,False
func_Gu_0x100004376,88,True
func_Gu_0x100004378,-689,False
func_Gu_0x10000437a,175,False
func_Gu_0x1000043c4,-719,False
func_Gu_0x1000043c6,200,True
func_Gu_0x1000043ea,70,True
func_Gu_0x1000043ec,424,True
func_Gu_0x10000763b,-306,True
func_Gu_0x100007640,46,True
func_Gu_0x10000971d,942,False
func_Gu_0x10000b239,-671,True
func_Gu_0x10000b23b,853,False
func_Gu_0x10000b23d,-695,False
func_Gu_0x10000b28d,191,False
func_H0_0x1000086d7,655,False
func_H_0x100003bcf,-154,False
func_H_0x100003dbf,441,False
func_H_0x100003ea9,-10,False
func_H_0x1000042e6,-269,False
func_H_0x10000458a,495,True
func_H_0x10000468c,-182,False
func_H_0x100004755,-54,True
func_H_0x100004759,833,True
func_H_0x100004d4c,861,True
func_H_0x100004d5e,581,True
func_H_0x100004d62,747,True
func_H_0x100004e0e,778,False
func_H_0x100004ec5,805,True
func_H_0x100004ecd,411,False
func_H_0x1000059d1,-184,True
func_H_0x1000059fe,-51,True
func_H_0x100005eb6,260,True
func_H_0x1000062ae,279,True
func_H_0x10000644e,691,False
func_H_0x100006452,1006,True
func_H_0x100006825,791,False
func_H_0x10000682a,488,True
func_H_0x10000689d,-129,False
func_H_0x100006b36,-741,False
func_H_0x100006b3b,-26,True
func_H_0x100006bc5,-759,False
func_H_0x100006bc7,626,True
func_H_0x100006d75,-715,True
func_H_0x100006d79,-348,False
func_H_0x10000703c,614,True
func_H_0x100007275,-573,False
func_H_0x100007282,-439,True
func_H_0x10000751a,530,False
func_H_0x100007576,970,True
func_H_0x1000076fd,-317,False
func_H_0x100007731,-609,True
func_H_0x1000077a2,1004,True
func_H_0x100007949,393,True
func_H_0x10000794d,286,True
func_H_0x10000797a,-584,True
func_H_0x10000797c,-673,True
func_H_0x100007988,588,False
func_H_0x100007a36,-751,False
func_H_0x100007b4a,1078,True
func_H_0x100007b59,-243,True
func_H_0x100007db8,739,True
func_H_0x100007dba,-330,True
func_H_0x100007dbc,135,True
func_H_0x10000815f,337,True
func_H_0x100008161,993,True
func_H_0x100008164,463,False
func_H_0x100008166,-109,True
func_H_0x1000081c8,-622,False
func_H_0x1000081d9,1197,True
func_H_0x100008226,-758,True
func_H_0x100008228,1068,False
func_H_0x10000853d,493,True
func_H_0x100008697,-593,False
func_H_0x1000091c8,-707,True
func_H_0x1000091cd,-382,True
func_H_0x100009306,473,True
func_H_0x10000930a,50,False
func_H_0x10000930c,-144,False
func_H_0x1000094c3,1075,True
func_H_0x1000094c5,288,True
func_H_0x1000094db,492,True
func_H_0x10000963a,707,True
func_H_0x1000097e7,200,True
func_H_0x1000097f4,-4,False
func_H_0x1000097fd,-276,False
func_H_0x1000097ff,-239,False
func_H_0x100009985,-589,False
func_H_0x10000a212,-481,True
func_H_0x10000a3ca,14,True
func_H_0x10000a616,-23,True
func_H_0x10000a61c,430,False
func_H_0x10000a61e,948,False
func_H_0x10000a69a,912,True
func_H_0x10000a6b7,1037,False
func_H_0x10000a6b9,480,False
func_H_0x10000aa42,422,False
func_H_0x10000aaa8,-137,True
func_H_0x10000ac59,920,True
func_H_0x10000b348,-308,True
func_H_0x10000b593,928,False
func_H_0x10000b59b,928,True
func_H_0x10000b60c,325,False
func_H_0x10000bbc0,517,True
func_H_0x10000bc94,829,True
func_H_0x10000bc9c,-323,True
func_H_0x10000c07b,584,False
func_H_0x10000c081,133,False
func_H_0x10000c083,414,True
func_H_0x10000c168,-572,True
func_H_0x10000c23e,262,True
func_H_0x10000c273,-546,False
func_H_0x10000c78d,243,False
func_H_0x10000cc05,-54,True
func_H_0x10000cc10,1130,False
func_H_0x10000cf14,-256,True
func_H_0x10000d1c1,124,False
func_Ha_0x100004cf2,1134,False
func_He_0x100003bfc,-544,False
func_He_0x100003c0e,476,False
func_He_0x1000047e5,336,True
func_He_0x1000047f6,-694,False
func_He_0x1000047fa,1043,False
func_He_0x100005b4b,-47,False
func_He_0x100005f55,-101,True
func_He_0x100005f6e,-162,False
func_He_0x100005f72,646,False
func_He_0x100005f9f,523,True
func_He_0x1000063a7,1091,False
func_He_0x1000063ab,-208,True
func_He_0x1000063e1,805,True
func_He_0x100006cc3,273,True
func_He_0x100006cc5,192,False
func_He_0x100006ccb,153,False
func_He_0x100006ccd,66,False
func_He_0x100006fb9,-134,False
func_He_0x100006ff6,189,False
func_He_0x100006ffc,-419,False
func_He_0x100007bbb,-150,True
func_He_0x100007bc0,-689,False
func_He_0x100007bc6,-211,True
func_He_0x100007bd8,707,False
func_He_0x100007bdb,-766,False
func_He_0x10000957e,-773,False
func_He_0x100009586,-756,False
func_He_0x10000958a,-231,True
func_He_0x10000958c,-394,False
func_He_0x10000958e,1166,True
func_He_0x100009590,849,True
func_He_0x100009596,1166,True
func_He_0x10000959a,-79,False
func_He_0x10000959c,662,False
func_He_0x1000095ac,158,True
func_He_0x10000967f,786,True
func_He_0x100009689,-631,False
func_He_0x100009690,-240,True
func_He_0x100009695,1187,True
func_He_0x10000af05,1069,True
func_He_0x10000cac9,966,False
func_He_0x10000cffd,-117,True
func_He_0x10000d2a0,-667,False
func_He_0x10000d2d6,674,False
func_He_0x10000d2d8,489,True
func_Ho_0x1000055a3,-619,False
func_Ho_0x100005607,-67,True
func_Ho_0x10000560b,519,False
func_Ho_0x10000576e,36,True
func_Ho_0x100005772,875,True
func_Ho_0x100005774,838,False
func_Ho_0x1000057bc,-784,True
func_Ho_0x100005822,-749,False
func_Ho_0x10000585d,1192,False
func_Ht_0x1000055da,409,True
func_Ht_0x1000055ec,114,True
func_Ht_0x1000055fe,862,False
func_Ht_0x100005604,-91,False
func_Ht_0x100005615,-781,True
func_Ht_0x10000563f,269,True
func_Ht_0x100005648,421,False
func_Ht_0x10000564a,560,False
func_Ht_0x10000564c,772,False
func_Ht_0x10000564e,497,True
func_Ht_0x100005650,-556,True
func_Ht_0x100005666,724,False
func_Ht_0x10000566a,574,True
func_Ht_0x1000056ac,-690,True
func_Ht_0x1000056b2,846,False
func_Ht_0x1000056ba,359,False
func_Ht_0x1000056c0,1186,True
func_Ht_0x1000056cf,-288,False
func_Ht_0x1000056d6,378,True
func_Ht_0x1000056d8,324,True
func_Ht_0x1000056da,879,True
func_Ht_0x1000056e0,632,False
func_Ht_0x1000056e2,737,False
func_Ht_0x1000056e4,553,True
func_Ht_0x1000056e6,891,False
func_Ht_0x1000056ea,1102,True
func_Ht_0x1000056ec,-728,False
func_Ht_0x1000056ee,-150,True
func_Ht_0x10000571b,298,False
func_Ht_0x10000572c,733,True
func_Ht_0x10000572e,-522,False
func_Ht_0x100005730,-733,True
func_Ht_0x10000573e,1120,False
func_Ht_0x100005746,351,True
func_Ht_0x100005750,748,False
func_Ht_0x10000579b,-59,False
func_Ht_0x1000057c4,815,False
func_Ht_0x1000057c6,19,True
func_Ht_0x1000057e5,-358,True
func_Ht_0x1000057e9,1213,False
func_Ht_0x100005809,-390,False
func_Ht_0x100005862,373,True
func_I_0x100000107,764,True
func_I_0x100000118,691,False
func_I_0x100000141,512,False
func_I_0x1000001ab,456,False
func_I_0x100000203,-239,True
func_I_0x1000005e5,268,False
func_I_0x100003c92,949,True
func_I_0x100003d0b,598,True
func_I_0x100003da2,188,False
func_I_0x100003ea1,1045,True
func_I_0x100004096,212,False
func_I_0x10000413c,432,True
func_I_0x100004298,1,True
func_I_0x1000045ea,1051,True
func_I_0x100004eb1,-778,False
func_I_0x100004fb0,-216,True
func_I_0x100004fb6,10,True
func_I_0x100004fbc,-304,True
func_I_0x100004fc3,-291,True
func_I_0x100004fc7,865,False
func_I_0x100004fcb,975,False
func_I_0x100005478,-641,False
func_I_0x100005baa,520,False
func_I_0x100005bae,922,True
func_I_0x100005bb2,272,False
func_I_0x100005bba,786,False
func_I_0x100005bcc,614,False
func_I_0x100005bce,1166,False
func_I_0x100005bd6,-401,True
func_I_0x100005c2c,-86,False
func_I_0x100005fc1,23,True
func_I_0x1000061c9,1046,False
func_I_0x100006248,-439,False
func_I_0x10000627b,-547,False
func_I_0x10000629b,613,True
func_I_0x10000629d,1182,True
func_I_0x1000062ff,272,False
func_I_0x100006303,87,False
func_I_0x100006d31,425,True
func_I_0x100006d33,1102,True
func_I_0x100006d52,119,False
func_I_0x100006f86,850,False
func_I_0x100006f88,559,True
func_I_0x10000775e,196,False
func_I_0x100007c70,906,False
func_I_0x100007d1d,215,True
func_I_0x100007daf,-367,False
func_I_0x100007f08,284,True
func_I_0x10000809e,702,False
func_I_0x1000080a4,679,True
func_I_0x1000080d5,910,True
func_I_0x1000080ed,777,False
func_I_0x100008526,754,False
func_I_0x100008847,-593,True
func_I_0x10000884f,1146,True
func_I_0x100008855,-175,False
func_I_0x10000885a,769,False
func_I_0x100008c36,-586,True
func_I_0x100008ebd,358,True
func_I_0x100009049,-138,False
func_I_0x10000905e,344,True
func_I_0x100009062,-161,True
func_I_0x100009181,-239,False
func_I_0x100009241,-274,False
func_I_0x100009245,-628,True
func_I_0x1000092ea,-759,False
func_I_0x1000093e5,1193,False
func_I_0x10000944a,-420,False
func_I_0x1000094a0,-143,False
func_I_0x1000094b1,470,False
func_I_0x10000981f,523,True
func_I_0x100009823,-445,True
func_I_0x100009826,185,False
func_I_0x100009830,737,False
func_I_0x100009834,400,True
func_I_0x1000098d5,1195,True
func_I_0x1000098d7,374,False
func_I_0x1000099e0,436,True
func_I_0x100009a64,-13,True
func_I_0x100009b81,-229,False
func_I_0x100009e25,-16,False
func_I_0x100009e49,690,False
func_I_0x100009e65,496,True
func_I_0x100009fb8,481,True
func_I_0x10000a292,-425,False
func_I_0x10000a387,1099,True
func_I_0x10000a445,-260,True
func_I_0x10000a492,935,False
func_I_0x10000a497,-523,False
func_I_0x10000a499,497,False
func_I_0x10000a4a1,-147,True
func_I_0x10000a4a3,1150,False
func_I_0x10000a4a5,975,True
func_I_0x10000a6ea,498,True
func_I_0x10000a6f0,762,False
func_I_0x10000a740,-282,True
func_I_0x10000a751,606,True
func_I_0x10000a753,-421,False
func_I_0x10000a755,546,False
func_I_0x10000a7e1,360,False
func_I_0x10000a8fd,844,False
func_I_0x10000a914,0,False
func_I_0x10000ab33,824,False
func_I_0x10000ac47,83,False
func_I_0x10000ad23,-709,True
func_I_0x10000aec0,-567,True
func_I_0x10000af52,-336,True
func_I_0x10000b164,476,True
func_I_0x10000b16e,-137,False
func_I_0x10000b420,-621,True
func_I_0x10000b588,397,True
func_I_0x10000b7b8,-179,False
func_I_0x10000b7bd,758,True
func_I_0x10000b7bf,-230,False
func_I_0x10000b7da,1067,False
func_I_0x10000bc18,644,True
func_I_0x10000be3d,-328,False
func_I_0x10000c050,858,True
func_I_0x10000c056,736,True
func_I_0x10000c80e,920,True
func_I_0x10000c810,540,True
func_I_0x10000cbdd,-375,True
func_I_0x10000cbdf,-13,False
func_Ie_0x100003bff,567,False
func_Ie_0x100003c07,270,True
func_Ie_0x100003c14,-433,False
func_Ie_0x100003c1a,492,True
func_Ie_0x100004111,162,False
func_Ie_0x100004113,532,True
func_Ie_0x100004117,233,True
func_Ie_0x10000411b,-485,True
func_Ie_0x100004194,-516,False
func_Ie_0x10000419a,51,True
func_Ie_0x10000419e,1158,True
func_Ie_0x1000041a0,-757,False
func_Ie_0x1000041a4,-118,False
func_Ie_0x1000041a6,450,False
func_Ie_0x1000047a8,-182,True
func_Ie_0x1000047e4,291,True
func_Ie_0x100005a5e,984,True
func_Ie_0x100005b40,-465,False
func_Ie_0x100005b42,974,True
func_Ie_0x100005da8,1180,False
func_Ie_0x100005db1,-238,False
func_Ie_0x100005db9,716,True
func_Ie_0x100005dbb,118,False
func_Ie_0x100005df8,-717,False
func_Ie_0x100005dfa,996,True
func_Ie_0x100005dfc,-146,True
func_Ie_0x100005e07,-769,True
func_Ie_0x100005e09,-579,False
func_Ie_0x1000060c3,739,False
func_Ie_0x1000060c5,-80,True
func_Ie_0x100006797,-772,True
func_Ie_0x100006799,684,False
func_Ie_0x1000067a9,1135,True
func_Ie_0x1000067ab,-37,False
func_Ie_0x1000067ad,188,False
func_Ie_0x1000067b1,539,True
func_Ie_0x1000067b3,-215,False
func_Ie_0x1000067b5,-665,True
func_Ie_0x1000067bd,1158,True
func_Ie_0x1000067c1,-4,True
func_Ie_0x1000067c3,88,False
func_Ie_0x1000067c5,1105,False
func_Ie_0x1000067ce,394,False
func_Ie_0x1000067d0,-285,False
func_Ie_0x1000067d6,-58,False
func_Ie_0x1000067da,415,False
func_Ie_0x1000067dc,920,True
func_Ie_0x1000067de,588,True
func_Ie_0x1000067e2,-49,False
func_Ie_0x1000067e6,61,True
func_Ie_0x1000067e8,262,False
func_Ie_0x1000067f0,925,True
func_Ie_0x1000067f4,-215,False
func_Ie_0x1000067f8,117,False
func_Ie_0x1000067fa,1182,True
func_Ie_0x1000067fe,306,False
func_Ie_0x100006fc4,-215,True
func_Ie_0x100006ffe,-160,True
func_Ie_0x10000700c,866,False
func_Ie_0x1000073ca,1175,True
func_Ie_0x1000073d0,-150,True
func_Ie_0x1000073d8,100,True
func_Ie_0x1000073da,548,False
func_Ie_0x1000073de,823,False
func_Ie_0x1000078ee,-500,False
func_Ie_0x1000078f0,743,True
func_Ie_0x100007d52,229,True
func_Ie_0x10000a5c3,1161,True
func_Ie_0x10000a5c5,885,False
func_Ie_0x10000a5e0,416,False
func_Ie_0x10000a5e2,-233,True
func_Ie_0x10000a5e4,727,False
func_Ie_0x10000a5e6,842,True
func_Ie_0x10000a5e8,743,True
func_Ie_0x10000a5ea,-532,True
func_Ie_0x10000a919,1193,True
func_Ie_0x10000aded,-287,True
func_Ie_0x10000aed8,-166,False
func_Ie_0x10000aede,-67,False
func_Ie_0x10000aeeb,349,True
func_Ie_0x10000b3f9,-236,True
func_Ie_0x10000b880,1202,False
func_Ie_0x10000b882,787,True
func_Ie_0x10000c3dd,25,True
func_Ie_0x10000c89d,-673,True
func_Ie_0x10000cd3a,481,True
func_Ie_0x10000cf62,371,True
func_Ie_0x10000cf64,909,True
func_Ie_0x10000cffa,951,False
func_Ie_0x10000d000,1123,True
func_Ie_0x10000d123,-488,False
func_Ie_0x10000d250,1177,False
func_Ie_0x10000d339,1204,True
func_Ii_0x100008701,-32,True
func_Ir_0x1000007b8,1041,True
func_Ir_0x1000007bc,385,True
func_Ir_0x1000007be,-118,True
func_Ir_0x1000007c2,-461,False
func_Ir_0x1000007c4,1192,True
func_Ir_0x1000007c6,-211,False
func_Ir_0x1000007c8,-128,False
func_Ir_0x1000007ca,-153,False
func_Ir_0x1000007cc,1097,False
func_Ir_0x1000007ce,643,False
func_Ir_0x1000007d0,-566,False
func_Ir_0x1000007d2,143,False
func_Ir_0x1000007d8,796,True
func_Ir_0x1000007dc,1023,False
func_Ir_0x1000007e6,-244,False
func_Ir_0x1000007e8,-407,False
func_Ir_0x1000007ea,457,False
func_Ir_0x1000007f2,958,True
func_Ir_0x1000007f6,695,True
func_Ir_0x1000007fc,1101,True
func_Ir_0x100000800,414,True
func_Ir_0x100000804,615,False
func_Ir_0x100008312,-784,True
func_Ir_0x100008328,1188,True
func_Ir_0x10000a071,611,True
func_Ir_0x10000a075,69,False
func_Ir_0x10000a07b,527,True
func_Ir_0x10000a07d,1205,True
func_Ir_0x10000a085,-550,True
func_Ir_0x10000a087,-341,False
func_Ir_0x10000a08b,-3,True
func_Ir_0x10000ce31,-476,False
func_Ir_0x10000ce37,199,False
func_Ir_0x10000ce39,-586,False
func_Ir_0x10000ce3f,-720,False
func_Ir_0x10000ceca,715,True
func_It_0x1000057d4,995,True
func_It_0x1000088c0,-420,True
func_Iu_0x100000851,-768,False
func_Iu_0x100000853,-93,True
func_Iu_0x100000855,1072,False
func_Iu_0x100000857,756,False
func_Iu_0x100000861,20,True
func_Iu_0x100000863,1211,False
func_Iu_0x100000865,-512,False
func_Iu_0x100000867,730,False
func_Iu_0x10000086b,164,True
func_Iu_0x10000086d,508,False
func_Iu_0x1000036da,1093,True
func_Iu_0x1000036de,171,True
func_Iu_0x1000036e0,937,True
func_Iu_0x10000c3d2,734,False
func_Iu_0x10000c61e,307,True
func_Iu_0x10000c680,405,True
func_Iu_0x10000c6a9,131,False
func_Iu_0x10000c6ad,1164,True
func_Iu_0x10000ce04,315,False
func_Iu_0x10000ce08,412,False
func_J0_0x100004a1c,214,True
func_J_0x100003870,762,True
func_J_0x100003874,1181,True
func_J_0x100003876,457,False
func_J_0x100003878,-579,True
func_J_0x10000387c,-154,True
func_J_0x10000387e,749,True
func_J_0x100003882,695,False
func_J_0x100003884,56,False
func_J_0x100003888,559,False
func_J_0x10000388a,1006,True
func_J_0x10000388c,-524,True
func_J_0x10000388e,-161,True
func_J_0x100003892,1134,False
func_J_0x100003896,550,False
func_J_0x10000389a,96,True
func_J_0x100003a5d,1201,True
func_J_0x100003a5f,-61,True
func_J_0x100003b1d,951,False
func_J_0x100003b2e,-272,True
func_J_0x100003dd4,-502,True
func_J_0x100003de2,851,False
func_J_0x100003e2c,-247,True
func_J_0x100003e2e,-699,False
func_J_0x10000426d,-720,True
func_J_0x100004271,-656,True
func_J_0x100004273,817,False
func_J_0x100004275,-587,True
func_J_0x100004277,-97,False
func_J_0x1000042e2,566,True
func_J_0x10000430d,220,False
func_J_0x10000447c,-399,False
func_J_0x100004642,432,False
func_J_0x10000475e,24,True
func_J_0x100004d37,913,False
func_J_0x100004d57,320,True
func_J_0x100004e1e,422,True
func_J_0x100005aaf,-569,True
func_J_0x100005ab3,36,False
func_J_0x100005ab5,-445,False
func_J_0x100005ab7,266,False
func_J_0x100005ab9,-201,False
func_J_0x100005acd,1209,False
func_J_0x100005ad1,339,True
func_J_0x100005ad5,1100,True
func_J_0x100005afb,-230,True
func_J_0x100005ebe,519,True
func_J_0x100005ec2,-21,False
func_J_0x100006176,-261,True
func_J_0x10000648d,756,False
func_J_0x100006491,64,True
func_J_0x100006495,-311,False
func_J_0x1000065c8,-7,False
func_J_0x1000065ca,-638,True
func_J_0x1000065ce,396,True
func_J_0x1000065d9,-43,True
func_J_0x100006727,-739,True
func_J_0x100006729,-206,True
func_J_0x100006731,1056,False
func_J_0x100006b41,1065,False
func_J_0x100006b43,-542,False
func_J_0x100006e74,101,False
func_J_0x100006e76,429,False
func_J_0x100006e78,330,True
func_J_0x100006e82,358,False
func_J_0x100006e84,-715,True
func_J_0x1000070d4,1101,True
func_J_0x1000072d0,-37,False
func_J_0x1000077ee,704,True
func_J_0x1000077f2,320,False
func_J_0x100007821,1087,True
func_J_0x100007b85,-135,True
func_J_0x100007eb3,1087,False
func_J_0x100007eb7,813,False
func_J_0x100007ebb,-498,True
func_J_0x100007fb8,1183,True
func_J_0x100007fc4,640,False
func_J_0x100009252,-179,False
func_J_0x10000929c,1072,False
func_J_0x10000929e,1138,False
func_J_0x100009b94,394,False
func_J_0x100009dc0,452,False
func_J_0x100009dc2,-345,True
func_J_0x10000af64,-451,False
func_J_0x10000af69,728,True
func_J_0x10000b5fb,792,False
func_J_0x10000b637,817,False
func_J_0x10000b63a,1012,False
func_J_0x10000b784,44,True
func_J_0x10000b786,1062,True
func_J_0x10000b788,-722,True
func_J_0x10000b7fd,-615,True
func_J_0x10000b7ff,-48,False
func_J_0x10000b805,823,True
func_J_0x10000b80b,380,False
func_J_0x10000b83e,-215,False
func_J_0x10000b84a,524,False
func_J_0x10000b9a5,-537,False
func_J_0x10000bec6,697,False
func_J_0x10000bed6,-252,False
func_J_0x10000bed8,965,True
func_J_0x10000bedc,-242,True
func_J_0x10000c08b,-729,True
func_J_0x10000c173,233,True
func_J_0x10000c175,-765,False
func_J_0x10000c177,-282,True
func_J_0x10000c179,-761,True
func_J_0x10000c6f9,153,False
func_J_0x10000c6fd,798,True
func_J_0x10000c72c,154,False
func_J_0x10000d01d,759,True
func_J_0x10000d06b,-762,True
func_J_0x10000d1e3,851,False
func_J_0x10000d21b,120,True
func_J_0x10000d227,-281,True
func_Je_0x100004669,317,True
func_Je_0x1000047dc,788,True
func_Je_0x100005f94,-225,True
func_Je_0x10000605b,-89,True
func_Je_0x100006061,-20,False
func_Je_0x100006088,762,False
func_Je_0x10000608f,265,False
func_Je_0x100006091,-265,False
func_Je_0x100006093,994,False
func_Je_0x100006103,57,True
func_Je_0x1000064c3,-316,False
func_Je_0x1000064c6,155,True
func_Je_0x10000650e,-92,True
func_Je_0x100006516,282,False
func_Je_0x100006ce5,-278,True
func_Je_0x100006ced,-85,True
func_Je_0x100006e01,110,False
func_Je_0x100007004,66,True
func_Je_0x100009570,992,False
func_Je_0x100009583,1169,False
func_Je_0x10000aa7b,564,False
func_Je_0x10000aa7d,1119,False
func_Je_0x10000aa83,-559,True
func_Je_0x10000aa85,720,False
func_Je_0x10000aa89,742,False
func_Je_0x10000aa8b,136,False
func_Je_0x10000aa8d,-242,False
func_Je_0x10000aa93,926,False
func_Je_0x10000adfd,-71,False
func_Je_0x10000b004,367,False
func_Je_0x10000b021,-754,True
func_Je_0x10000b023,-328,True
func_Je_0x10000b027,-392,True
func_Je_0x10000b02b,119,False
func_Je_0x10000b031,-426,False
func_Je_0x10000b033,-404,True
func_Je_0x10000c368,633,False
func_Je_0x10000c36c,674,False
func_Je_0x10000c376,713,False
func_Je_0x10000c37e,-93,True
func_Je_0x10000c380,-194,False
func_Je_0x10000c534,854,False
func_Je_0x10000c9e3,1096,False
func_Je_0x10000ca8b,-703,False
func_Je_0x10000cd3d,929,True
func_Je_0x10000cd3f,369,True
func_Je_0x10000cd45,-52,False
func_Je_0x10000cf80,-435,True
func_Je_0x10000cfe6,-9,True
func_Je_0x10000cfea,588,True
func_Je_0x10000d2bf,-303,False
func_Je_0x10000d32c,-145,False
func_Je_0x10000d32f,-565,False
func_Je_0x10000d334,122,False
func_Jn_0x100006ae5,504,False
func_Jn_0x10000831a,851,False
func_Jn_0x10000bd96,-185,False
func_Jt_0x10000089d,667,True
func_Jt_0x1000008ae,-483,True
func_Jt_0x1000008b6,1063,True
func_Jt_0x100006682,1177,True
func_Jt_0x1000066ae,-108,True
func_Jt_0x100007414,345,False
func_Jt_0x100007420,-617,True
func_Jt_0x100007436,-757,False
func_Jt_0x10000743a,-134,False
func_Jt_0x10000743c,997,False
func_Jt_0x100007440,324,True
func_Jt_0x10000744f,-629,True
func_Jt_0x100007462,631,True
func_Jt_0x10000746d,397,False
func_Jt_0x10000746f,820,True
func_Jt_0x100007471,103,False
func_Jt_0x1000074bc,267,False
func_Jt_0x1000074be,451,True
func_Jt_0x1000074c8,-190,False
func_Jt_0x1000074dc,-111,False
func_Jt_0x10000b26f,628,True
func_Jt_0x10000b273,307,True
func_Jt_0x10000cdf7,-690,False
func_Jt_0x10000cdf9,-694,False
func_Jt_0x10000ce94,93,False
func_Jt_0x10000ce96,-566,True
func_Ju_0x10000519e,129,False
func_Ju_0x1000052dc,-173,True
func_Ju_0x1000052ff,-471,True
func_Ju_0x10000530f,470,False
func_Ju_0x100005321,552,True
func_Ju_0x100005371,-657,True
func_K_0x1000001f6,635,False
func_K_0x100003b29,841,False
func_K_0x100003b2f,-109,True
func_K_0x100004160,524,False
func_K_0x100004162,-370,False
func_K_0x100004190,-371,True
func_K_0x100004289,1169,False
func_K_0x10000428f,1202,True
func_K_0x1000042ca,-662,False
func_K_0x1000043ff,24,False
func_K_0x100004401,418,True
func_K_0x10000440d,-111,True
func_K_0x10000441b,-150,True
func_K_0x100004423,421,True
func_K_0x10000443c,-29,False
func_K_0x1000045f5,-42,False
func_K_0x100004630,551,False
func_K_0x100004638,525,True
func_K_0x100004d33,773,False
func_K_0x100004e20,971,False
func_K_0x100005ac2,860,False
func_K_0x100005ace,241,False
func_K_0x100005ad6,355,False
func_K_0x100005c5d,721,True
func_K_0x100005de5,1048,False
func_K_0x100006171,489,False
func_K_0x10000617d,319,True
func_K_0x1000062ba,-217,True
func_K_0x1000065c6,792,True
func_K_0x1000065cc,-515,False
func_K_0x1000065d7,-477,True
func_K_0x1000065f6,-723,False
func_K_0x100006636,1167,True
func_K_0x100006724,791,False
func_K_0x1000069bb,691,True
func_K_0x100006e70,840,False
func_K_0x10000705d,161,True
func_K_0x100007061,-32,True
func_K_0x100007063,-267,True
func_K_0x100007065,894,False
func_K_0x100007067,-426,False
func_K_0x10000706d,-610,False
func_K_0x10000706f,388,False
func_K_0x100007071,1096,True
func_K_0x100007090,608,True
func_K_0x100007097,-509,False
func_K_0x10000709b,621,True
func_K_0x100007229,437,True
func_K_0x10000726a,-745,False
func_K_0x1000072ca,-165,False
func_K_0x1000072d5,-519,False
func_K_0x100007326,623,False
func_K_0x10000732f,-747,False
func_K_0x10000793b,926,False
func_K_0x100007b7b,-34,False
func_K_0x100007b7f,-80,False
func_K_0x100007b89,1063,True
func_K_0x100007f32,848,True
func_K_0x100007fbc,-379,False
func_K_0x100007fca,935,True
func_K_0x100007fcc,325,False
func_K_0x1000085a8,-646,False
func_K_0x1000096ae,1114,True
func_K_0x1000096b8,-200,False
func_K_0x100009eb7,-611,False
func_K_0x100009eb9,1199,True
func_K_0x100009ebd,-413,False
func_K_0x100009ebf,-231,True
func_K_0x100009ec3,-201,False
func_K_0x10000a2a4,688,True
func_K_0x10000a320,-520,True
func_K_0x10000a3e6,694,False
func_K_0x10000a420,675,True
func_K_0x10000a422,1213,True
func_K_0x10000a424,1105,True
func_K_0x10000a428,213,False
func_K_0x10000a42c,-306,True
func_K_0x10000a430,797,True
func_K_0x10000a629,526,True
func_K_0x10000a799,243,True
func_K_0x10000a7a1,613,False
func_K_0x10000a9b0,-506,True
func_K_0x10000aff7,150,True
func_K_0x10000b1fa,1101,False
func_K_0x10000b534,-344,True
func_K_0x10000b53a,-560,True
func_K_0x10000b53c,-166,False
func_K_0x10000b541,1080,False
func_K_0x10000b547,548,False
func_K_0x10000b5ba,1157,False
func_K_0x10000b616,-660,True
func_K_0x10000b7f9,1192,False
func_K_0x10000b863,823,False
func_K_0x10000b9a6,-236,False
func_K_0x10000bec2,-401,True
func_K_0x10000d071,115,True
func_K_0x10000d075,611,False
func_K_0x10000d085,971,True
func_K_0x10000d0a3,696,False
func_K_0x10000d0a5,342,False
func_K_0x10000d0a7,927,False
func_K_0x10000d0a9,255,True
func_K_0x10000d0ab,-436,False
func_K_0x10000d0ad,574,False
func_K_0x10000d0af,217,False
func_K_0x10000d0b1,-196,True
func_K_0x10000d0b5,745,False
func_K_0x10000d0c2,40,False
func_K_0x10000d0d6,1185,True
func_Ke_0x10000466e,-525,False
func_Ke_0x1000047d8,662,False
func_Ke_0x100005eef,530,True
func_Ke_0x100005f01,-164,False
func_Ke_0x100005f0a,231,True
func_Ke_0x100005f0c,-621,False
func_Ke_0x100005f11,548,False
func_Ke_0x100005f7b,1210,True
func_Ke_0x100005f9a,42,True
func_Ke_0x100006021,-188,True
func_Ke_0x100006042,-288,True
func_Ke_0x100006047,1192,True
func_Ke_0x10000604f,-687,True
func_Ke_0x100006051,470,False
func_Ke_0x100006053,48,False
func_Ke_0x100006072,679,False
func_Ke_0x100006074,219,False
func_Ke_0x100006076,-162,False
func_Ke_0x10000607e,293,False
func_Ke_0x1000064d2,44,True
func_Ke_0x100006cef,-95,False
func_Ke_0x100006cf5,-508,True
func_Ke_0x100006fa1,-120,False
func_Ke_0x1000073e3,705,False
func_Ke_0x100007be0,451,False
func_Ke_0x100007d71,172,True
func_Ke_0x100007d74,193,False
func_Ke_0x10000956a,802,False
func_Ke_0x10000956c,242,False
func_Ke_0x100009c59,739,True
func_Ke_0x100009c5b,836,True
func_Ke_0x100009c5d,830,True
func_Ke_0x10000a94b,471,True
func_Ke_0x10000aa7f,121,False
func_Ke_0x10000aa8f,410,True
func_Ke_0x10000b013,1048,False
func_Ke_0x10000b01b,564,False
func_Ke_0x10000b01d,263,False
func_Ke_0x10000b01f,141,True
func_Ke_0x10000b025,222,True
func_Ke_0x10000b029,42,False
func_Ke_0x10000b02d,397,False
func_Ke_0x10000b02f,-785,False
func_Ke_0x10000b035,1087,True
func_Ke_0x10000c2c9,62,False
func_Ke_0x10000c370,-467,True
func_Ke_0x10000c525,20,False
func_Ke_0x10000c995,640,True
func_Ke_0x10000c9e5,-198,True
func_Ke_0x10000c9eb,818,False
func_Ke_0x10000c9ed,-561,True
func_Ke_0x10000cd41,991,True
func_Ke_0x10000cd43,150,True
func_Ke_0x10000cd47,483,True
func_Ke_0x10000cf79,-25,True
func_Ke_0x10000cfe4,742,True
func_Ke_0x10000d2c3,-25,False
func_Ke_0x10000d2cb,1062,True
func_Ke_0x10000d2cf,-130,False
func_Ke_0x10000d2db,-16,False
func_Ke_0x10000d322,-90,True
func_Ke_0x10000d328,-500,False
func_Ke_0x10000d32a,938,False
func_Ke_0x10000d336,1061,False
func_Ki_0x1000086cd,366,False
func_Ki_0x1000086f1,-617,True
func_Ki_0x1000086f4,-341,False
func_Ki_0x100008717,98,True
func_Kn_0x100003917,808,False
func_Kn_0x10000391b,-193,True
func_Kn_0x100003921,-785,False
func_Kn_0x100003923,-526,False
func_Kn_0x100003925,-315,False
func_Kn_0x100003927,-372,False
func_Kn_0x100003929,948,False
func_Kn_0x10000392b,-231,False
func_Kn_0x100003933,15,False
func_Kn_0x100003935,953,False
func_Kn_0x100003939,485,True
func_Kn_0x10000393b,-585,False
func_Kn_0x10000393d,927,False
func_Kn_0x10000393f,-751,True
func_Kn_0x100003941,170,True
func_Kn_0x100003949,-114,True
func_Kn_0x10000394d,1027,True
func_Kn_0x100003951,620,False
func_Kn_0x100003953,-586,False
func_Kn_0x100003959,418,False
func_Kn_0x10000395f,170,False
func_Kr_0x10000bac4,-548,True
func_Kr_0x10000bace,778,True
func_Kr_0x10000bad2,127,False
func_Kt_0x10000084d,-349,False
func_Kt_0x10000086f,741,False
func_Kt_0x1000038c0,408,False
func_Kt_0x10000390d,101,True
func_Kt_0x1000039fd,788,True
func_Kt_0x100003a07,-580,False
func_Kt_0x100003a0e,316,True
func_Kt_0x100003a28,435,True
func_Kt_0x100003a2a,-313,False
func_Kt_0x100003a2e,293,True
func_Kt_0x100004349,-745,False
func_Kt_0x100004357,325,False
func_Kt_0x100005ca8,-642,True
func_Kt_0x1000068ed,-46,True
func_Kt_0x1000069a4,-147,True
func_Kt_0x1000069a6,492,True
func_Kt_0x100006a01,936,True
func_Kt_0x100009fd2,1001,False
func_Kt_0x100009fd6,694,True
func_Kt_0x100009fe0,149,True
func_Kt_0x100009fe4,-707,False
func_Kt_0x100009fe6,833,True
func_Kt_0x100009fe8,808,True
func_Kt_0x100009fea,-224,True
func_Kt_0x100009ff0,72,False
func_Kt_0x100009ff8,1151,False
func_Kt_0x100009ffe,781,True
func_Kt_0x10000a000,610,True
func_Kt_0x10000a004,924,True
func_Kt_0x10000a006,-71,False
func_Kt_0x10000a00a,-31,True
func_Kt_0x10000a014,999,False
func_Kt_0x10000a022,-149,True
func_Kt_0x10000a024,1115,True
func_Kt_0x10000a026,911,False
func_Kt_0x10000a028,320,True
func_Kt_0x10000a02a,401,False
func_Kt_0x10000a02e,-700,True
func_Kt_0x10000a030,900,False
func_Kt_0x10000a038,446,False
func_Kt_0x10000a03e,-594,False
func_Kt_0x10000a046,-583,True
func_Kt_0x10000a048,-298,True
func_Kt_0x10000c660,-538,True
func_Kt_0x10000c677,-456,True
func_Kt_0x10000c6ae,1114,False
func_Kt_0x10000c6b0,394,False
func_Kt_0x10000c6bc,-401,False
func_Kt_0x10000ceab,-161,True
func_Kt_0x10000ceaf,9,True
func_Kt_0x10000ceb9,148,False
func_Ku_0x100000806,-491,True
func_Ku_0x100003912,-530,False
func_Ku_0x100006afe,-575,False
func_Ku_0x10000cec8,1031,False
func_L_0x10000020a,576,True
func_L_0x100003bb8,124,True
func_L_0x100003e91,321,True
func_L_0x100003ed3,-604,False
func_L_0x100003ed5,343,False
func_L_0x100003ee7,452,True
func_L_0x100003eed,1115,False
func_L_0x1000044d9,-105,True
func_L_0x100004500,924,False
func_L_0x10000455b,632,False
func_L_0x100004d1a,1119,False
func_L_0x100004d2e,810,True
func_L_0x100004e0b,-446,True
func_L_0x100004e15,912,False
func_L_0x1000059d8,693,True
func_L_0x1000059ff,972,False
func_L_0x100005a0d,-224,False
func_L_0x100005ea9,-548,False
func_L_0x100005eab,800,True
func_L_0x10000646c,-508,True
func_L_0x10000646e,-519,True
func_L_0x100006470,251,True
func_L_0x100006472,574,True
func_L_0x100006474,1101,True
func_L_0x100006476,-678,False
func_L_0x10000647c,489,False
func_L_0x10000647e,488,True
func_L_0x100006480,-654,False
func_L_0x100006484,-170,False
func_L_0x100006486,-588,True
func_L_0x100006b30,261,False
func_L_0x100006b39,-41,False
func_L_0x100006d7b,-669,False
func_L_0x100006d7d,-340,False
func_L_0x1000070ca,420,False
func_L_0x100007270,1171,False
func_L_0x100007284,722,False
func_L_0x100007288,710,False
func_L_0x10000728c,801,True
func_L_0x1000072fa,-43,False
func_L_0x100007313,187,True
func_L_0x1000073b9,443,False
func_L_0x1000074f8,-128,False
func_L_0x100007518,210,True
func_L_0x100007554,-215,True
func_L_0x100007556,-77,True
func_L_0x100007558,-374,True
func_L_0x100007562,-651,True
func_L_0x10000757a,716,True
func_L_0x10000781a,-152,True
func_L_0x100007942,0,True
func_L_0x100007946,392,True
func_L_0x100007984,-579,True
func_L_0x100007a34,1101,True
func_L_0x100007a38,656,True
func_L_0x100007a3a,429,True
func_L_0x100007a3e,-52,True
func_L_0x100007a40,-777,False
func_L_0x100007e8b,59,False
func_L_0x100007e95,465,False
func_L_0x100007e9e,-574,True
func_L_0x100007ea0,-146,True
func_L_0x100007ea2,706,True
func_L_0x100007ea6,-615,True
func_L_0x100007ef4,1181,True
func_L_0x100007f2c,-156,True
func_L_0x10000815c,-728,True
func_L_0x10000816c,-223,True
func_L_0x100008173,673,True
func_L_0x100008175,-633,True
func_L_0x1000081d2,220,True
func_L_0x10000822a,982,False
func_L_0x100008562,846,False
func_L_0x100008585,-250,True
func_L_0x1000085ba,1064,False
func_L_0x1000085da,1200,False
func_L_0x100008688,-683,False
func_L_0x1000086b4,675,True
func_L_0x100008e97,949,False
func_L_0x100009023,881,True
func_L_0x100009025,88,False
func_L_0x100009031,-364,False
func_L_0x1000091be,-243,False
func_L_0x1000091cf,-249,False
func_L_0x1000091d1,-487,True
func_L_0x1000092c1,-134,True
func_L_0x1000092c9,-333,False
func_L_0x1000092e7,43,True
func_L_0x1000092fe,970,True
func_L_0x10000a3b8,-72,False
func_L_0x10000a3be,689,True
func_L_0x10000a3c2,412,True
func_L_0x10000a3c6,576,False
func_L_0x10000a3e1,-12,False
func_L_0x10000a66f,-711,True
func_L_0x10000b0d5,327,False
func_L_0x10000b0d9,848,False
func_L_0x10000b0db,228,False
func_L_0x10000b42e,-784,False
func_L_0x10000b540,-49,False
func_L_0x10000b595,-542,False
func_L_0x10000b627,416,True
func_L_0x10000b633,966,False
func_L_0x10000b9d4,179,True
func_L_0x10000b9d8,296,False
func_L_0x10000bca1,1178,False
func_L_0x10000bca7,920,True
func_L_0x10000be66,380,False
func_L_0x10000c097,433,False
func_L_0x10000c274,-584,False
func_L_0x10000c78a,919,False
func_L_0x10000cf21,975,False
func_L_0x10000d00c,890,False
func_L_0x10000d1b0,-121,True
func_L_0x10000d2f5,772,True
func_La_0x1000088af,814,False
func_La_0x1000088b1,1095,True
func_La_0x1000088d7,713,False
func_Le_0x100005006,706,False
func_Le_0x100005b0e,826,False
func_Le_0x100005b10,-452,True
func_Le_0x1000075d0,795,False
func_Le_0x1000075d3,1001,True
func_Le_0x100007df1,575,False
func_Le_0x100007e04,588,False
func_Le_0x10000910c,484,False
func_Le_0x100009764,578,True
func_Le_0x100009766,158,True
func_Le_0x10000976b,-62,False
func_Le_0x10000976d,790,True
func_Le_0x100009772,734,False
func_Le_0x100009789,546,False
func_Le_0x10000b486,697,True
func_Le_0x10000b49f,-329,False
func_Le_0x10000b4f6,-317,False
func_Le_0x10000b4f8,-691,True
func_Le_0x10000b4fe,458,True
func_Le_0x10000b50e,620,True
func_Le_0x10000b510,238,False
func_Le_0x10000c8e2,342,False
func_Le_0x10000c8e4,-644,False
func_Le_0x10000c8e6,-197,False
func_Le_0x10000c9a9,797,False
func_Le_0x10000c9ab,199,True
func_Ln_0x10000bb14,166,False
func_Ln_0x10000bb1a,-386,True
func_Ln_0x10000bb1e,-470,True
func_Ln_0x10000bb22,482,True
func_Ln_0x10000bb26,9,False
func_Ln_0x10000bb2c,-352,True
func_Ln_0x10000bb2e,990,False
func_Ln_0x10000bb30,1180,False
func_Ln_0x10000bb3e,1076,True
func_Lo_0x10000bad4,-270,False
func_Lo_0x10000bb16,890,False
func_Lo_0x10000bb1c,354,False
func_Lo_0x10000bb20,-325,False
func_Lo_0x10000bb24,1018,False
func_Lo_0x10000bb28,-40,False
func_Lo_0x10000bb36,-522,False
func_Lo_0x10000bb44,-782,True
func_Lr_0x100000872,709,True
func_Lr_0x100007422,812,True
func_Lr_0x1000074d2,1013,False
func_Lr_0x10000b677,-383,False
func_Lt_0x1000088ba,277,True
func_Lt_0x1000088bc,859,False
func_Lt_0x100008990,-332,False
func_Lt_0x10000899a,473,True
func_Lt_0x10000899e,918,False
func_Lt_0x1000089a2,624,False
func_Lt_0x1000089e2,1212,True
func_Lt_0x1000089e4,1162,False
func_Lt_0x1000089e8,132,True
func_Lt_0x1000089f4,-374,True
func_Lt_0x1000089f8,1145,False
func_Lt_0x1000089fe,-759,True
func_Lt_0x100008a00,-444,False
func_Lt_0x100008a02,-255,True
func_Lt_0x100008a06,795,True
func_Lt_0x100008a08,659,False
func_Lt_0x100008a0a,541,False
func_Lt_0x100008a0c,623,False
func_Lt_0x100008a4c,919,True
func_Lt_0x100008a54,887,False
func_Lt_0x100008a56,623,True
func_Lt_0x100008a58,-751,True
func_Lt_0x100008a5c,398,False
func_Lt_0x100008a5e,266,True
func_Lt_0x100008a66,624,False
func_Lt_0x100008a6b,-225,False
func_Lt_0x100008a7e,119,True
func_Lt_0x100008a80,732,True
func_Lt_0x100008a82,843,False
func_Lt_0x100008a84,-247,False
func_Lt_0x100008a86,1197,False
func_Lt_0x100008a97,111,True
func_Lt_0x100008a9b,381,True
func_Lt_0x100008ac8,-465,False
func_Lt_0x100008acc,1189,False
func_Lt_0x100008ad3,-697,False
func_Lt_0x100008ae5,1044,False
func_Lt_0x100008ae8,195,True
func_Lt_0x100008af1,-215,True
func_Lt_0x100008afd,257,False
func_Lt_0x100008b1b,617,True
func_Lt_0x100008b37,-483,False
func_Lt_0x100008b39,-664,False
func_Lt_0x100008b58,-544,False
func_Lt_0x100008b5e,-574,True
func_Lt_0x100008b79,811,False
func_Lt_0x100008b91,151,True
func_Lt_0x100008b95,745,False
func_Lt_0x100008b97,-209,False
func_Lt_0x100008b9d,106,True
func_Lt_0x100008ba2,285,True
func_Lt_0x100008bd2,21,False
func_M_0x1000001ed,323,False
func_M_0x100003835,-707,False
func_M_0x100003b21,-109,True
func_M_0x100003bd2,820,False
func_M_0x100003bd4,232,True
func_M_0x100003ccf,273,False
func_M_0x100003dd6,-234,False
func_M_0x100003ddc,381,False
func_M_0x10000430f,537,False
func_M_0x10000469f,829,False
func_M_0x1000046a1,924,False
func_M_0x1000046a5,250,True
func_M_0x100004d32,-474,False
func_M_0x100004d48,854,False
func_M_0x100004d4e,834,False
func_M_0x1000059db,14,True
func_M_0x1000059dd,735,True
func_M_0x100005add,-727,True
func_M_0x100005afa,-307,True
func_M_0x100005b01,-367,True
func_M_0x100005e9d,325,True
func_M_0x100005ebd,677,False
func_M_0x10000648c,-424,False
func_M_0x1000070d2,-591,True
func_M_0x100007309,309,True
func_M_0x100007323,259,False
func_M_0x10000772a,-126,False
func_M_0x1000077e1,81,True
func_M_0x1000077e6,558,True
func_M_0x1000077ed,475,True
func_M_0x1000077f4,1125,False
func_M_0x1000077f8,-684,False
func_M_0x100007897,361,True
func_M_0x1000085a1,-369,True
func_M_0x1000085b2,467,False
func_M_0x1000085b4,611,True
func_M_0x1000085be,999,False
func_M_0x100009225,1023,False
func_M_0x10000922f,-454,False
func_M_0x100009231,473,True
func_M_0x100009254,-738,True
func_M_0x100009529,639,True
func_M_0x100009b87,-52,False
func_M_0x100009b8d,1089,False
func_M_0x100009db8,107,True
func_M_0x100009dc9,202,False
func_M_0x100009ddd,196,True
func_M_0x100009de7,-522,False
func_M_0x10000a5f6,-287,False
func_M_0x10000b1f9,-675,False
func_M_0x10000b34b,671,False
func_M_0x10000b3b0,940,True
func_M_0x10000b3b4,-552,True
func_M_0x10000b5b4,396,True
func_M_0x10000b613,385,False
func_M_0x10000b9a3,268,True
func_M_0x10000b9ab,-456,False
func_M_0x10000bb89,45,False
func_M_0x10000c08d,-111,True
func_M_0x10000c08f,395,False
func_M_0x10000c138,807,False
func_M_0x10000c13a,1150,False
func_M_0x10000cad2,168,True
func_M_0x10000cada,-514,True
func_M_0x10000cadc,-253,True
func_M_0x10000cae0,-45,True
func_M_0x10000cae2,650,False
func_M_0x10000d01b,928,False
func_M_0x10000d021,156,False
func_Me_0x100005c6b,-347,False
func_Me_0x100005c79,-433,True
func_Me_0x100005c7d,-170,True
func_Me_0x100005c7f,338,True
func_Me_0x100005c81,460,True
func_Me_0x100005c83,159,True
func_Me_0x100005c87,1050,True
func_Me_0x100005c8d,906,False
func_Me_0x100005c8f,998,False
func_Me_0x100005c91,539,False
func_Me_0x100005c95,724,True
func_Me_0x100005c97,545,True
func_Me_0x100005cb1,483,False
func_Me_0x100005cb3,593,True
func_Me_0x100005cb5,-252,False
func_Me_0x100005cb7,433,False
func_Me_0x100005cc1,179,True
func_Me_0x100005cc5,-216,False
func_Me_0x100005cc7,963,True
func_Me_0x100005ccb,255,True
func_Me_0x100005cd1,507,False
func_Me_0x100005cd3,-766,True
func_Me_0x100005cd5,1194,True
func_Me_0x100005cd9,794,False
func_Me_0x100005cdb,998,False
func_Me_0x100005cdd,-342,True
func_Me_0x1000068c4,1071,True
func_Me_0x1000068c6,553,False
func_Me_0x1000068ca,473,False
func_Me_0x1000068cc,1115,True
func_Me_0x1000068e9,-70,True
func_Me_0x1000068f8,947,False
func_Me_0x10000697e,886,False
func_Me_0x100006986,-471,True
func_Me_0x100006988,-453,False
func_Me_0x10000698a,-639,False
func_Me_0x100006990,813,False
func_Me_0x10000699d,772,False
func_Me_0x100007478,881,True
func_Me_0x10000c3c3,809,True
func_Me_0x10000c65d,-148,False
func_Me_0x10000c6c4,477,False
func_Me_0x10000c6ce,307,True
func_Me_0x10000cdf0,-48,True
func_Me_0x10000cea1,-549,False
func_Mi_0x1000088a9,295,False
func_Mi_0x1000088ab,773,True
func_Mi_0x1000088ad,-42,True
func_Mi_0x100008b69,520,False
func_Mn_0x100006a84,955,True
func_Mn_0x10000a0bd,1058,True
func_Mn_0x10000a0c1,514,True
func_Mn_0x10000a0cd,653,False
func_Mn_0x10000a0cf,-737,False
func_Mn_0x10000a0d1,1010,True
func_Mn_0x10000a0d9,-578,False
func_Mn_0x10000a0db,421,False
func_Mn_0x10000a0dd,76,False
func_Mn_0x10000a0df,500,False
func_Mn_0x10000a0e5,421,True
func_Mn_0x10000a0e9,-555,False
func_Mn_0x10000ce50,-552,False
func_Mn_0x10000cecb,-754,True
func_Mr_0x10000a06b,-410,False
func_Mr_0x10000a06d,1016,False
func_Mr_0x10000a073,-236,False
func_Mr_0x10000a07f,1150,True
func_Mr_0x10000a081,552,False
func_Mr_0x10000a083,-624,True
func_Mr_0x10000a089,530,True
func_Mr_0x10000a08d,613,True
func_Mr_0x10000a08f,-413,False
func_Mr_0x10000a091,974,False
func_Mr_0x10000a093,1184,False
func_Mr_0x10000ba24,693,True
func_Mr_0x10000ce2d,690,False
func_Mr_0x10000ce2f,59,False
func_Mr_0x10000ce33,408,True
func_Mr_0x10000ce35,989,True
func_Mr_0x10000ce3b,-547,True
func_Mr_0x10000ce7c,-449,False
func_Mt_0x1000007ad,281,False
func_Mt_0x10000087d,1049,False
func_Mt_0x100006660,-275,True
func_Mt_0x100006662,365,True
func_Mt_0x100006668,47,True
func_Mt_0x10000666a,-655,False
func_Mt_0x10000666c,-623,True
func_Mt_0x100006678,-184,False
func_Mt_0x10000667a,906,True
func_Mt_0x100006686,-301,False
func_Mt_0x10000668a,709,False
func_Mt_0x10000668c,509,False
func_Mt_0x10000668e,-485,True
func_Mt_0x100006690,639,False
func_Mt_0x100006694,452,True
func_Mt_0x1000066a0,145,False
func_Mt_0x1000066a2,1127,False
func_Mt_0x1000066a4,1141,False
func_Mt_0x1000066a8,495,True
func_Mt_0x1000066b0,851,True
func_Mt_0x1000066b4,-529,True
func_Mt_0x1000066b6,-28,False
func_Mt_0x1000066b8,-120,True
func_Mt_0x1000074c4,368,True
func_Mt_0x10000b246,-694,True
func_Mt_0x10000b24e,942,True
func_Mt_0x10000b252,-73,False
func_Mt_0x10000b254,-610,False
func_Mt_0x10000b25c,986,True
func_Mt_0x10000b658,457,True
func_Mt_0x10000b65a,-400,False
func_Mt_0x10000b6fb,209,False
func_Mt_0x10000b72f,37,False
func_Mu_0x1000036ce,667,False
func_Mu_0x1000036d6,725,False
func_Mu_0x1000036dc,850,True
func_Mu_0x100005ca7,1087,True
func_Mu_0x100006994,1081,False
func_Mu_0x100007456,539,False
func_Mu_0x10000b707,649,False
func_Mu_0x10000c628,146,True
func_Mu_0x10000c6c1,975,False
func_Mu_0x10000c6c6,558,True
func_Mu_0x10000ce0c,-585,False
func_Mu_0x10000ce55,698,True
func_N_0x100000103,-306,False
func_N_0x100000105,-130,False
func_N_0x100000109,286,False
func_N_0x100000113,940,True
func_N_0x10000012c,1011,False
func_N_0x100000135,482,True
func_N_0x1000001b4,160,False
func_N_0x1000005e7,959,False
func_N_0x1000005e9,-114,False
func_N_0x1000005eb,673,False
func_N_0x100003d0d,1155,True
func_N_0x100003d1a,1019,False
func_N_0x100003d1c,-319,True
func_N_0x100003d53,-312,True
func_N_0x100003dc9,-767,False
func_N_0x100003df3,-223,True
func_N_0x100003e49,1100,False
func_N_0x100004092,768,False
func_N_0x10000422c,1121,True
func_N_0x1000043fd,494,True
func_N_0x100004eb6,799,False
func_N_0x100004ee3,-586,True
func_N_0x100004f01,942,False
func_N_0x100004f03,559,True
func_N_0x100004f09,-454,True
func_N_0x100004f0b,379,True
func_N_0x100004f0f,217,True
func_N_0x1000050ab,-505,True
func_N_0x100005475,-720,True
func_N_0x100005b9c,-441,False
func_N_0x100005ba6,-159,True
func_N_0x100005c28,456,True
func_N_0x100005c2a,-536,False
func_N_0x100005da6,15,True
func_N_0x10000616f,-427,True
func_N_0x100006244,211,True
func_N_0x10000686f,398,True
func_N_0x100006871,-489,False
func_N_0x100006873,1082,False
func_N_0x100006875,881,False
func_N_0x100006877,-505,False
func_N_0x100006879,375,True
func_N_0x10000687b,65,False
func_N_0x100006b75,1168,True
func_N_0x100006d54,-615,True
func_N_0x10000737f,334,False
func_N_0x10000739b,-555,True
func_N_0x1000077b1,465,False
func_N_0x1000077c3,-119,True
func_N_0x1000077cd,-236,True
func_N_0x10000809a,112,True
func_N_0x10000809c,-338,False
func_N_0x1000080ea,336,False
func_N_0x100008851,649,True
func_N_0x100008853,-486,False
func_N_0x100008c32,356,False
func_N_0x100008c34,-750,True
func_N_0x100008c38,-606,True
func_N_0x100008cf2,1128,True
func_N_0x100008d6d,560,False
func_N_0x100008de3,290,False
func_N_0x100008ef9,655,True
func_N_0x100009046,607,True
func_N_0x10000904b,905,False
func_N_0x100009247,-222,False
func_N_0x100009249,-297,False
func_N_0x1000093e3,-458,True
func_N_0x1000093eb,98,True
func_N_0x1000093ee,595,False
func_N_0x1000095af,532,True
func_N_0x1000097d3,-594,True
func_N_0x100009828,-707,True
func_N_0x1000098d3,852,False
func_N_0x1000098d9,280,False
func_N_0x1000098df,474,False
func_N_0x1000099ee,-152,False
func_N_0x100009a62,-588,False
func_N_0x100009db3,77,False
func_N_0x100009f63,-76,True
func_N_0x10000a385,1190,True
func_N_0x10000a49d,656,True
func_N_0x10000a49f,-452,True
func_N_0x10000a4a7,143,False
func_N_0x10000a4c9,-704,False
func_N_0x10000a4cd,583,False
func_N_0x10000a678,463,True
func_N_0x10000a7d9,437,True
func_N_0x10000ab1f,1090,False
func_N_0x10000ab2e,345,True
func_N_0x10000ab30,506,False
func_N_0x10000afba,756,True
func_N_0x10000b166,944,True
func_N_0x10000b322,486,False
func_N_0x10000b7d3,25,False
func_N_0x10000b7f4,419,True
func_N_0x10000bbec,148,True
func_N_0x10000c038,-240,True
func_N_0x10000c052,-38,True
func_N_0x10000c054,-40,True
func_N_0x10000c755,690,False
func_N_0x10000c7ca,-517,True
func_N_0x10000c806,473,True
func_N_0x10000c812,-648,True
func_N_0x10000d18f,-172,False
func_N_0x10000d232,-605,True
func_N_0x10000d3a0,336,True
func_N_0x10000d3dc,-784,True
func_Na_0x1000086db,-607,False
func_Ne_0x1000040d2,840,False
func_Ne_0x1000041b9,937,False
func_Ne_0x1000041c3,-698,True
func_Ne_0x1000041c7,389,False
func_Ne_0x1000041cd,1103,False
func_Ne_0x100004280,844,True
func_Ne_0x100004621,-729,True
func_Ne_0x100004761,-282,True
func_Ne_0x100004763,885,True
func_Ne_0x100004767,-14,True
func_Ne_0x100004d3e,277,True
func_Ne_0x10000597f,-286,False
func_Ne_0x100005981,-596,True
func_Ne_0x100005985,742,True
func_Ne_0x100005999,117,False
func_Ne_0x10000599b,-767,True
func_Ne_0x100005c5b,-200,True
func_Ne_0x100005d08,1058,True
func_Ne_0x100005d0a,-314,True
func_Ne_0x100005d0c,940,True
func_Ne_0x100006112,-451,False
func_Ne_0x100006563,1145,False
func_Ne_0x100006fa0,-642,True
func_Ne_0x100007cd8,-666,True
func_Ne_0x100007d88,451,True
func_Ne_0x1000082c6,205,False
func_Ne_0x1000082d4,597,True
func_Ne_0x1000082e0,388,False
func_Ne_0x1000083de,562,False
func_Ne_0x1000083e2,-192,False
func_Ne_0x1000092d5,1057,False
func_Ne_0x100009afe,413,True
func_Ne_0x100009b04,623,False
func_Ne_0x10000a2fb,442,False
func_Ne_0x10000a9c1,1113,False
func_Ne_0x10000a9cf,636,True
func_Ne_0x10000a9e0,-708,True
func_Ne_0x10000aef5,-596,False
func_Ne_0x10000b14b,-497,False
func_Ne_0x10000b61b,-134,False
func_Ne_0x10000bec3,-742,False
func_Ne_0x10000c0d0,526,False
func_Ne_0x10000c0d8,881,False
func_Ne_0x10000c461,-252,True
func_Ne_0x10000c6ff,-350,True
func_Ne_0x10000c79f,622,False
func_Ne_0x10000c7a3,26,False
func_Ne_0x10000c7a9,-765,False
func_Ne_0x10000c7ab,-456,False
func_Ne_0x10000c7b6,535,True
func_Ne_0x10000ca6c,260,True
func_Ne_0x10000ca6e,-596,True
func_Ne_0x10000d122,-5,False
func_Ne_0x10000d137,457,False
func_Ne_0x10000d16b,-80,False
func_Ne_0x10000d16f,-318,True
func_Ne_0x10000d179,-270,False
func_Ne_0x10000d17f,431,False
func_Ne_0x10000d181,566,False
func_Ne_0x10000d347,-329,False
func_Ne_0x10000d373,582,True
func_Nn_0x1000086fc,787,False
func_Nn_0x1000086fe,161,False
func_Nn_0x100008705,-527,False
func_Nn_0x100008723,-82,False
func_Nn_0x10000872b,419,False
func_Nn_0x10000872f,-599,False
func_Nn_0x100008733,261,True
func_Nn_0x100008735,383,True
func_Nn_0x100008737,450,True
func_Nn_0x100008739,-492,False
func_Nn_0x10000873d,21,False
func_Nn_0x100008741,-221,False
func_Nn_0x100008743,631,True
func_Nn_0x10000874d,-255,True
func_Nn_0x10000874f,1082,True
func_Nn_0x100008751,-296,False
func_Nn_0x10000875b,1116,True
func_Nn_0x10000875f,546,False
func_Nn_0x100008765,-786,False
func_Nn_0x100008769,873,False
func_Nn_0x10000876b,806,True
func_Nn_0x10000876d,-415,True
func_Nn_0x100008775,121,True
func_Nn_0x100008779,-478,False
func_Nn_0x10000877b,1140,False
func_Nn_0x10000877d,-112,True
func_Nt_0x100004675,695,True
func_Nt_0x100005f12,784,True
func_Nt_0x100005f14,-751,True
func_Nt_0x100005f5e,716,True
func_Nt_0x100005f8b,107,True
func_Nt_0x100005f95,1034,False
func_Nt_0x100006079,-741,False
func_Nt_0x100006e06,436,True
func_Nt_0x100006e08,486,False
func_Nt_0x100006e0a,115,True
func_Nt_0x1000073e9,919,False
func_Nt_0x1000073eb,-556,True
func_Nt_0x1000073f1,356,True
func_Nt_0x100007d76,112,False
func_Nt_0x100007d7b,1152,False
func_Nt_0x100007d7d,112,False
func_Nt_0x10000a936,1069,False
func_Nt_0x10000b006,313,True
func_Nt_0x10000b017,205,True
func_Nt_0x10000c539,1054,True
func_Nt_0x10000c99b,75,False
func_Nt_0x10000c9a6,-381,True
func_Nt_0x10000c9cf,748,False
func_Nt_0x10000c9d1,-228,False
func_Nt_0x10000c9d3,554,False
func_Nt_0x10000c9d7,1012,True
func_Nt_0x10000c9df,-767,False
func_Nt_0x10000c9e1,-631,False
func_Nt_0x10000cf87,98,False
func_Nt_0x10000cff0,319,True
func_Nt_0x10000d247,-683,False
func_Nt_0x10000d2e7,-733,True
func_Nt_0x10000d324,255,False
func_Nu_0x1000055ea,-217,True
func_Nu_0x1000055f2,-558,True
func_Nu_0x10000561c,-660,True
func_Nu_0x10000561e,-671,True
func_Nu_0x100005620,383,True
func_Nu_0x100005638,551,False
func_Nu_0x10000563c,825,True
func_Nu_0x100005710,225,False
func_Nu_0x10000577c,547,False
func_Nu_0x1000057ab,1214,True
func_Nu_0x1000057f0,205,False
func_Nu_0x1000057f8,-28,True
func_Nu_0x10000580c,709,True
func_Nu_0x100005810,1026,True
func_Nu_0x100005814,-413,True
func_Nu_0x10000581b,-671,False
func_Nu_0x100005834,-63,True
func_Nu_0x100005840,389,False
func_Nu_0x10000584c,469,True
func_O_0x100003661,-393,True
func_O_0x100003663,1054,False
func_O_0x100003ac3,-242,True
func_O_0x100003c1d,1129,True
func_O_0x100003c99,-607,True
func_O_0x100003c9b,938,True
func_O_0x100003d73,-168,False
func_O_0x100003db8,669,False
func_O_0x100003dfe,260,True
func_O_0x100003eb8,-474,True
func_O_0x100004071,891,True
func_O_0x100004518,303,True
func_O_0x100004521,1061,True
func_O_0x10000468a,-438,True
func_O_0x10000469a,-541,False
func_O_0x100004d17,-471,False
func_O_0x100004e6a,693,True
func_O_0x100004e74,-58,False
func_O_0x100004e7d,303,True
func_O_0x10000547e,531,True
func_O_0x100005ae1,-529,True
func_O_0x100005e58,51,True
func_O_0x100005e5c,-729,True
func_O_0x100005e65,-125,True
func_O_0x100005fc2,-161,False
func_O_0x1000061c3,234,True
func_O_0x1000062fd,-519,False
func_O_0x10000677c,857,False
func_O_0x100006b96,1076,False
func_O_0x100006bce,-280,False
func_O_0x1000074f7,470,False
func_O_0x100007722,510,True
func_O_0x10000774d,-667,True
func_O_0x10000775f,1018,False
func_O_0x1000077b8,710,False
func_O_0x100007807,410,False
func_O_0x100007948,-191,True
func_O_0x100007a78,-262,True
func_O_0x100007a7a,314,True
func_O_0x100007c5a,-147,False
func_O_0x100007d1e,126,True
func_O_0x100007dc3,97,False
func_O_0x100007ef1,616,False
func_O_0x100007f7e,731,True
func_O_0x100007fa8,-421,True
func_O_0x100007faa,-697,True
func_O_0x1000083c6,761,False
func_O_0x1000084f9,117,False
func_O_0x100008572,256,False
func_O_0x100008f0d,678,False
func_O_0x100008f9c,-709,False
func_O_0x1000093bc,1119,True
func_O_0x1000093be,334,False
func_O_0x1000093c0,826,True
func_O_0x1000093c4,569,False
func_O_0x1000093c8,-205,True
func_O_0x1000093ca,-484,True
func_O_0x1000093cc,921,True
func_O_0x1000093d0,949,False
func_O_0x100009413,-65,False
func_O_0x100009415,547,True
func_O_0x100009438,-653,True
func_O_0x10000943c,957,False
func_O_0x10000943e,417,True
func_O_0x1000095c6,810,True
func_O_0x1000095c8,-31,True
func_O_0x1000095da,221,False
func_O_0x10000961b,-47,True
func_O_0x100009832,555,False
func_O_0x100009f69,860,False
func_O_0x100009f71,33,True
func_O_0x100009f7a,834,True
func_O_0x100009f7f,154,True
func_O_0x100009f81,-550,True
func_O_0x100009f83,1211,True
func_O_0x10000a181,19,False
func_O_0x10000a204,182,True
func_O_0x10000a208,-186,False
func_O_0x10000a210,138,False
func_O_0x10000a227,-421,True
func_O_0x10000a46d,-419,False
func_O_0x10000a674,675,False
func_O_0x10000a68f,762,False
func_O_0x10000aa25,717,False
func_O_0x10000aa2f,335,True
func_O_0x10000aa39,111,True
func_O_0x10000ac32,74,False
func_O_0x10000ac4b,285,True
func_O_0x10000acf0,899,True
func_O_0x10000acf2,-594,False
func_O_0x10000ad24,1169,True
func_O_0x10000b1c4,-767,False
func_O_0x10000b461,848,False
func_O_0x10000b517,92,True
func_O_0x10000b52b,290,True
func_O_0x10000b751,872,True
func_O_0x10000be3f,-6,False
func_O_0x10000c04c,148,False
func_O_0x10000caf9,341,True
func_O_0x10000cafd,-30,True
func_O_0x10000cb01,-534,False
func_O_0x10000cb03,135,False
func_O_0x10000cbbd,-258,True
func_O_0x10000cbf3,-613,True
func_O_0x10000d233,-267,True
func_Oa_0x1000088b3,903,True
func_Oe_0x100004799,-635,True
func_Oe_0x10000479b,195,False
func_Oe_0x10000479d,-478,True
func_Oe_0x10000479f,326,False
func_Oe_0x100005eea,-345,False
func_Oe_0x100005ef7,757,False
func_Oe_0x100006044,-583,False
func_Oe_0x100006063,112,False
func_Oe_0x1000060da,-123,True
func_Oe_0x1000060ff,744,True
func_Oe_0x100006101,-131,False
func_Oe_0x1000063a2,885,True
func_Oe_0x1000064b8,118,False
func_Oe_0x100006cc1,801,True
func_Oe_0x100006df0,1112,True
func_Oe_0x100006df4,745,True
func_Oe_0x100009581,-26,True
func_Oe_0x10000a5ca,-470,True
func_Oe_0x10000a5d0,377,False
func_Oe_0x10000a5d4,-508,True
func_Oe_0x10000a93c,848,False
func_Oe_0x10000adfa,-130,True
func_Oe_0x10000c4f6,-757,True
func_Oe_0x10000c522,-179,True
func_Oe_0x10000c727,467,True
func_Oe_0x10000caa5,855,False
func_Oe_0x10000cd3c,516,True
func_Oe_0x10000d2a7,213,False
func_Oe_0x10000d2c2,-671,False
func_Oi_0x1000086d5,-701,True
func_On_0x100004c81,-424,False
func_Ot_0x10000501c,50,True
func_Ot_0x100007666,1161,False
func_Ot_0x100007ddc,-714,False
func_Ot_0x100007ddf,-174,True
func_Ot_0x100007de3,294,True
func_Ot_0x100007def,1073,False
func_Ot_0x100007e44,-518,True
func_Ot_0x1000090f3,-391,True
func_Ot_0x100009113,-685,False
func_Ot_0x10000b493,251,False
func_Ot_0x10000b497,-307,True
func_Ot_0x10000b4a5,353,False
func_Ot_0x10000b4b6,481,True
func_Ot_0x10000b50a,884,False
func_Ot_0x10000c8a6,1015,True
func_Ot_0x10000c8b0,20,True
func_Ot_0x10000c8b4,555,False
func_Ot_0x10000c8b8,-176,False
func_Ot_0x10000c8ba,-385,True
func_Ot_0x10000c8bc,509,False
func_Ot_0x10000c8be,661,False
func_Ot_0x10000c8c4,341,True
func_Ot_0x10000c8c8,-231,True
func_Ot_0x10000c8cc,-673,False
func_Ot_0x10000c8d0,241,False
func_Ot_0x10000c8d6,-287,False
func_Ot_0x10000c8dc,325,True
func_Ot_0x10000c8de,544,True
func_Ou_0x100004384,616,False
func_Ou_0x100007635,878,False
func_Ou_0x100007637,-459,True
func_Ou_0x10000b22c,20,True
func_Ou_0x10000b266,116,False
func_Ou_0x10000b29a,1083,True
func_Ou_0x10000b2f0,1136,True
func_Ou_0x10000c387,943,False
func_Ou_0x10000c38d,-637,False
func_Ou_0x10000c38f,-375,True
func_Ou_0x10000c39d,-492,True
func_Ou_0x10000c3a1,108,True
func_Ou_0x10000c3a3,818,False
func_Ou_0x10000cc77,-258,True
func_Ou_0x10000cc79,1135,True
func_P_0x100003680,1083,False
func_P_0x100003c5e,784,True
func_P_0x100003c97,-117,True
func_P_0x100003d8a,368,False
func_P_0x100003ea2,930,True
func_P_0x10000414c,897,True
func_P_0x1000044d3,-178,True
func_P_0x1000044e1,-503,True
func_P_0x10000454a,302,True
func_P_0x10000454c,1124,True
func_P_0x1000046bc,-3,False
func_P_0x100004de6,-365,False
func_P_0x100004dfd,161,True
func_P_0x100004dff,-284,True
func_P_0x100004e27,621,True
func_P_0x100005ddb,-390,True
func_P_0x100005e61,991,True
func_P_0x100005eb4,-266,True
func_P_0x100005fc6,552,False
func_P_0x100005fc8,1077,True
func_P_0x100005fca,345,False
func_P_0x100006259,1014,True
func_P_0x100006827,-733,False
func_P_0x100006b38,1203,False
func_P_0x100006bd0,651,True
func_P_0x100006bd2,870,False
func_P_0x100006bd4,1080,True
func_P_0x100006bd6,345,True
func_P_0x100007382,-470,True
func_P_0x1000076f8,-131,True
func_P_0x100007760,-138,False
func_P_0x100007773,711,True
func_P_0x1000077b9,637,True
func_P_0x1000079a6,-472,True
func_P_0x100007f67,775,True
func_P_0x100007f96,248,False
func_P_0x100007f9a,1040,True
func_P_0x100007f9e,1079,False
func_P_0x100007fac,-718,True
func_P_0x100007fae,1026,True
func_P_0x1000080fb,954,True
func_P_0x100008118,-460,True
func_P_0x1000084f1,-104,False
func_P_0x100008544,943,False
func_P_0x100008edf,585,True
func_P_0x100008ee1,1033,True
func_P_0x10000901e,576,True
func_P_0x1000090a6,-111,False
func_P_0x1000090b1,705,False
func_P_0x1000090b5,593,True
func_P_0x1000093c2,-500,True
func_P_0x1000093ce,55,False
func_P_0x1000093f4,357,True
func_P_0x100009411,-319,False
func_P_0x100009417,379,False
func_P_0x100009463,-550,True
func_P_0x100009469,259,False
func_P_0x1000095c0,-527,False
func_P_0x1000095c4,-613,False
func_P_0x1000095e7,-81,False
func_P_0x1000095ea,-132,True
func_P_0x1000095ed,944,True
func_P_0x100009604,-134,False
func_P_0x1000097d0,818,False
func_P_0x100009920,-640,False
func_P_0x100009992,-577,False
func_P_0x10000a1c6,-228,True
func_P_0x10000a1cc,-146,True
func_P_0x10000a20e,326,True
func_P_0x10000a35d,-298,True
func_P_0x10000a39f,145,False
func_P_0x10000a46b,-479,True
func_P_0x10000a483,-688,True
func_P_0x10000a48d,-494,False
func_P_0x10000a696,452,True
func_P_0x10000aa31,29,False
func_P_0x10000acf4,575,False
func_P_0x10000ad3e,1177,True
func_P_0x10000ad4e,4,True
func_P_0x10000ae78,419,True
func_P_0x10000ae7a,-392,True
func_P_0x10000ae7c,568,False
func_P_0x10000af45,-205,True
func_P_0x10000b0b5,-461,True
func_P_0x10000b3c0,-695,True
func_P_0x10000b43b,1016,False
func_P_0x10000b43d,-7,True
func_P_0x10000b459,963,True
func_P_0x10000b93e,241,False
func_P_0x10000c03c,475,True
func_P_0x10000c4f1,807,True
func_P_0x10000c74e,-750,False
func_P_0x10000c817,-84,True
func_P_0x10000cbbf,7,True
func_P_0x10000cc40,-226,True
func_P_0x10000cf18,623,True
func_P_0x10000d00a,691,True
func_P_0x10000d189,-122,False
func_P_0x10000d2f2,925,False
func_Pe_0x100003be7,1065,False
func_Pe_0x100003beb,-358,True
func_Pe_0x100003c01,1126,True
func_Pe_0x100003c03,1140,True
func_Pe_0x100004119,-138,True
func_Pe_0x100005a58,976,True
func_Pe_0x100005aa2,357,True
func_Pe_0x100005b1a,-734,False
func_Pe_0x100005b1e,-45,False
func_Pe_0x100005b22,1057,False
func_Pe_0x100005b24,278,True
func_Pe_0x100005b28,-739,False
func_Pe_0x100005b2a,748,False
func_Pe_0x100005b2e,345,False
func_Pe_0x100005b30,59,False
func_Pe_0x100005b34,-230,True
func_Pe_0x100005b4e,-731,True
func_Pe_0x100005b52,-207,True
func_Pe_0x100005b55,396,False
func_Pe_0x100005daa,876,False
func_Pe_0x100005db5,533,False
func_Pe_0x100005db7,424,False
func_Pe_0x100005dbe,-451,True
func_Pe_0x100005dc2,1135,True
func_Pe_0x100005dc8,-25,True
func_Pe_0x100005dd2,1177,True
func_Pe_0x100005dd7,713,True
func_Pe_0x100006070,-399,True
func_Pe_0x100006096,167,True
func_Pe_0x100006119,-220,True
func_Pe_0x1000063cc,-705,False
func_Pe_0x1000067cc,217,False
func_Pe_0x100006fbb,846,False
func_Pe_0x100006fc0,849,False
func_Pe_0x100006fc6,1069,True
func_Pe_0x100006fca,-288,False
func_Pe_0x100006ff8,-754,True
func_Pe_0x100006ffa,950,True
func_Pe_0x1000073ce,-733,True
func_Pe_0x100009692,141,True
func_Pe_0x10000a5dc,-15,False
func_Pe_0x10000ade9,632,False
func_Pe_0x10000aef7,433,True
func_Pe_0x10000aef9,-459,True
func_Pe_0x10000b40d,193,False
func_Pe_0x10000b87d,1006,False
func_Pe_0x10000c464,712,True
func_Pe_0x10000ca82,1019,False
func_Pe_0x10000cf58,-453,False
func_Pe_0x10000cffc,241,False
func_Pe_0x10000d12e,726,True
func_Pe_0x10000d2a2,360,False
func_Pe_0x10000d2b8,836,False
func_Pe_0x10000d2bc,-683,False
func_Pe_0x10000d340,633,True
func_Po_0x1000087a0,284,False
func_Po_0x1000087a4,-615,True
func_Po_0x1000087a8,1025,True
func_Po_0x100009c6c,103,True
func_Q_0x1000001de,-129,True
func_Q_0x100000274,93,False
func_Q_0x10000027a,-580,True
func_Q_0x10000027e,-713,False
func_Q_0x1000005f0,905,False
func_Q_0x1000005f4,-126,True
func_Q_0x100003685,-53,False
func_Q_0x100003c54,-124,False
func_Q_0x100003cba,870,True
func_Q_0x100003cbc,-331,True
func_Q_0x100003cc4,-50,True
func_Q_0x100003ce3,176,True
func_Q_0x100003dbd,1079,False
func_Q_0x10000450e,57,True
func_Q_0x100004524,1151,False
func_Q_0x100004526,-594,False
func_Q_0x1000045e2,-656,True
func_Q_0x1000045e4,929,True
func_Q_0x1000045e6,-50,False
func_Q_0x1000045e8,354,True
func_Q_0x100004e01,108,False
func_Q_0x100004ee4,-444,True
func_Q_0x100004efd,-75,True
func_Q_0x100004f4d,24,False
func_Q_0x100004f4f,1168,True
func_Q_0x100004f55,1013,True
func_Q_0x100004f5b,692,True
func_Q_0x1000050ac,16,True
func_Q_0x1000050b2,-743,False
func_Q_0x1000050b6,-464,False
func_Q_0x1000059e3,-131,False
func_Q_0x1000059f1,919,True
func_Q_0x100005e7e,229,True
func_Q_0x10000628b,-729,True
func_Q_0x1000062b0,297,False
func_Q_0x10000647b,-431,False
func_Q_0x100006531,316,True
func_Q_0x100006543,-770,False
func_Q_0x100006772,-766,True
func_Q_0x100006e5c,1029,True
func_Q_0x100007050,1086,False
func_Q_0x10000721e,-566,False
func_Q_0x100007356,553,False
func_Q_0x1000074ef,-778,True
func_Q_0x100007580,264,True
func_Q_0x100007771,600,False
func_Q_0x1000077a5,48,False
func_Q_0x1000077aa,572,True
func_Q_0x100007a31,-583,False
func_Q_0x100007d51,-512,False
func_Q_0x100007db1,96,True
func_Q_0x100007f6c,548,False
func_Q_0x100008111,-485,True
func_Q_0x100008114,-584,True
func_Q_0x100008223,-547,False
func_Q_0x100008558,606,False
func_Q_0x100008567,215,True
func_Q_0x10000884c,-723,True
func_Q_0x100008888,949,True
func_Q_0x100008dea,552,False
func_Q_0x100008f9d,-786,True
func_Q_0x100009086,565,True
func_Q_0x10000908a,-666,True
func_Q_0x10000909a,-357,False
func_Q_0x1000090a0,357,False
func_Q_0x1000090b3,-108,False
func_Q_0x100009459,-431,True
func_Q_0x1000094de,-196,False
func_Q_0x1000094e2,960,True
func_Q_0x1000094e4,-85,True
func_Q_0x100009608,505,False
func_Q_0x100009611,1197,False
func_Q_0x1000097c2,-456,False
func_Q_0x1000097ca,-106,False
func_Q_0x10000993c,-378,False
func_Q_0x100009942,1020,True
func_Q_0x100009944,499,False
func_Q_0x100009a66,-422,True
func_Q_0x100009f20,-553,True
func_Q_0x10000a368,-665,True
func_Q_0x10000a47f,1057,False
func_Q_0x10000a5ff,814,True
func_Q_0x10000a66a,-771,False
func_Q_0x10000a66c,729,False
func_Q_0x10000a765,720,False
func_Q_0x10000aa4b,214,False
func_Q_0x10000ac4e,-699,False
func_Q_0x10000ac50,1133,False
func_Q_0x10000ac52,1141,False
func_Q_0x10000b340,602,False
func_Q_0x10000b345,-742,True
func_Q_0x10000b620,89,False
func_Q_0x10000b62c,647,True
func_Q_0x10000b630,485,False
func_Q_0x10000b752,1014,False
func_Q_0x10000b763,597,True
func_Q_0x10000b765,452,True
func_Q_0x10000b791,560,True
func_Q_0x10000bbf1,652,True
func_Q_0x10000bbf3,-104,True
func_Q_0x10000bc3b,-442,False
func_Q_0x10000c078,1200,True
func_Q_0x10000c131,-135,True
func_Q_0x10000c133,-740,True
func_Q_0x10000c244,754,True
func_Q_0x10000c4ab,-565,False
func_Q_0x10000c4ad,358,True
func_Q_0x10000c4af,-501,False
func_Q_0x10000c81f,214,True
func_Q_0x10000c821,636,True
func_Q_0x10000cc39,-562,True
func_Q_0x10000d18a,368,False
func_Qe_0x1000007b3,577,True
func_Qe_0x1000008b2,196,True
func_Qe_0x1000043dc,988,False
func_Qe_0x1000043e2,359,True
func_Qe_0x1000068d0,33,True
func_Qe_0x10000b302,688,False
func_Qe_0x10000b6f5,-724,True
func_Qe_0x10000b6ff,-585,True
func_Qe_0x10000b744,158,False
func_Qi_0x1000086df,157,True
func_Qi_0x1000087a9,681,False
func_Qn_0x10000baf3,186,True
func_Qo_0x1000089ac,-426,True
func_Qo_0x100008ad4,277,True
func_Qo_0x100008b0d,1020,False
func_Qo_0x100008bb8,1041,False
func_Qt_0x1000036f8,5,False
func_Qt_0x10000742d,685,False
func_Qt_0x100008305,-569,False
func_Qt_0x10000b730,1089,False
func_Qt_0x10000c3aa,-20,True
func_Qt_0x10000c3ac,-341,False
func_Qt_0x10000c3ae,925,True
func_Qt_0x10000c3b0,648,False
func_Qt_0x10000c3b2,156,True
func_Qt_0x10000c3be,-428,False
func_Qt_0x10000cde9,758,True
func_Qt_0x10000cedc,215,False
func_Qu_0x100006a08,561,True
func_Qu_0x100006a0e,837,False
func_Qu_0x100006a14,183,True
func_Qu_0x100006a1a,-289,False
func_Qu_0x100006a1c,-356,True
func_Qu_0x100006a1e,186,True
func_Qu_0x100006a22,677,False
func_Qu_0x100006a24,642,False
func_Qu_0x100006a26,415,True
func_Qu_0x100006a2a,786,True
func_Qu_0x100006a2c,1014,False
func_Qu_0x100006a2e,966,True
func_Qu_0x100006a30,-484,True
func_Qu_0x100006a32,560,True
func_Qu_0x100006a3e,1186,False
func_Qu_0x100006a40,335,False
func_Qu_0x100006a46,569,False
func_Qu_0x100006a48,1019,True
func_Qu_0x100006a4a,625,True
func_Qu_0x100006a4c,-782,False
func_Qu_0x100006a52,-380,True
func_Qu_0x100006a54,223,False
func_Qu_0x100006a58,1109,True
func_Qu_0x100006a5e,77,False
func_Qu_0x100006a62,-543,True
func_Qu_0x100006a64,877,False
func_Qu_0x100006a66,-186,True
func_Qu_0x100006a68,21,True
func_Qu_0x100006a6a,56,True
func_Qu_0x100006a6c,-423,True
func_Qu_0x100006a6e,494,True
func_Qu_0x100006a70,100,False
func_Qu_0x100006a72,836,False
func_Qu_0x100006a78,295,True
func_Qu_0x100006a7a,-378,True
func_Qu_0x100006a7c,-82,False
func_Qu_0x100006a7e,-622,True
func_Qu_0x100006b0a,318,False
func_Qu_0x100006b12,1112,True
func_Qu_0x100008353,887,False
func_Qu_0x100008361,-201,False
func_Qu_0x100008365,1013,True
func_Qu_0x10000a054,315,True
func_Qu_0x10000c649,302,False
func_R_0x10000367d,-354,True
func_R_0x1000036a4,467,True
func_R_0x100003ac8,1091,True
func_R_0x100003bbf,-123,True
func_R_0x100003bc9,422,False
func_R_0x100003d2d,-192,False
func_R_0x100003d8b,-742,False
func_R_0x100003da3,-51,False
func_R_0x100003dbb,332,True
func_R_0x100003e84,-98,False
func_R_0x100003e86,1144,False
func_R_0x100003e8e,-699,True
func_R_0x100004582,678,False
func_R_0x100004588,821,True
func_R_0x100004616,-629,True
func_R_0x100004e02,-716,True
func_R_0x100004e06,589,True
func_R_0x100004ec7,-131,False
func_R_0x100004ecb,-687,True
func_R_0x100004ee8,554,False
func_R_0x100004eec,1020,False
func_R_0x100004eef,1064,False
func_R_0x100004ef1,262,False
func_R_0x100004f51,-387,False
func_R_0x1000059fa,-150,False
func_R_0x100005a92,28,False
func_R_0x100005b83,517,True
func_R_0x100005b85,1048,True
func_R_0x100005b88,279,True
func_R_0x100005b9f,1061,True
func_R_0x100005ba3,-574,True
func_R_0x100005c17,-191,True
func_R_0x100005ddc,82,True
func_R_0x100005ea6,341,False
func_R_0x100006268,-359,False
func_R_0x100006544,-551,False
func_R_0x100006823,-121,True
func_R_0x100006828,-201,True
func_R_0x100006843,22,True
func_R_0x100007038,13,False
func_R_0x10000703e,994,False
func_R_0x100007041,1107,False
func_R_0x100007045,608,False
func_R_0x100007054,302,False
func_R_0x1000070ad,-323,True
func_R_0x1000070b1,-475,False
func_R_0x1000070b3,71,False
func_R_0x1000070b5,314,True
func_R_0x1000070b7,-458,True
func_R_0x1000070bf,677,False
func_R_0x100007359,-10,True
func_R_0x100007360,342,True
func_R_0x100007362,702,False
func_R_0x100007510,784,True
func_R_0x1000076f6,-781,True
func_R_0x1000076fc,1211,False
func_R_0x100007846,-16,False
func_R_0x10000791c,616,True
func_R_0x10000791e,591,True
func_R_0x100007925,480,True
func_R_0x10000792b,-608,False
func_R_0x10000792f,-230,False
func_R_0x10000798c,406,False
func_R_0x10000799e,-710,False
func_R_0x100007b47,-718,False
func_R_0x100007d20,1115,False
func_R_0x100007ebd,17,True
func_R_0x1000080a1,-12,True
func_R_0x1000081ba,-134,True
func_R_0x1000081be,792,True
func_R_0x1000081ce,470,False
func_R_0x1000081d0,423,False
func_R_0x1000081dd,-679,False
func_R_0x1000084f7,96,False
func_R_0x10000853a,1089,True
func_R_0x10000887a,-351,True
func_R_0x100008893,47,False
func_R_0x100008895,140,True
func_R_0x100008e85,-378,False
func_R_0x100008e89,456,False
func_R_0x100008e8b,653,False
func_R_0x100008e8d,-294,True
func_R_0x100008e91,589,False
func_R_0x100008e93,-640,True
func_R_0x100009038,158,True
func_R_0x100009084,932,False
func_R_0x10000909c,1031,True
func_R_0x1000092fb,66,True
func_R_0x1000094d0,-36,False
func_R_0x1000094d8,-400,True
func_R_0x10000960b,-752,True
func_R_0x100009612,-702,False
func_R_0x1000097c8,672,False
func_R_0x100009935,-452,True
func_R_0x100009938,1021,True
func_R_0x10000993a,855,True
func_R_0x100009e6b,-571,False
func_R_0x100009e6d,-725,True
func_R_0x100009e6f,90,False
func_R_0x100009e71,823,True
func_R_0x100009ee7,-343,True
func_R_0x100009f6b,19,True
func_R_0x10000a35e,-626,False
func_R_0x10000a364,-407,True
func_R_0x10000a36c,347,True
func_R_0x10000a488,425,False
func_R_0x10000a664,347,False
func_R_0x10000a6b1,497,False
func_R_0x10000a6b5,1023,False
func_R_0x10000a6bb,461,True
func_R_0x10000a6cc,-155,True
func_R_0x10000afee,421,False
func_R_0x10000b07f,-616,True
func_R_0x10000b085,-561,False
func_R_0x10000b087,-215,True
func_R_0x10000b1be,357,False
func_R_0x10000b325,594,False
func_R_0x10000b33e,-646,True
func_R_0x10000b342,131,False
func_R_0x10000b350,159,True
func_R_0x10000b5b2,757,False
func_R_0x10000b624,-569,True
func_R_0x10000b74e,802,False
func_R_0x10000b779,-415,False
func_R_0x10000b7f6,881,False
func_R_0x10000b9cb,-279,False
func_R_0x10000b9cd,-651,False
func_R_0x10000b9d1,271,False
func_R_0x10000bbed,1125,True
func_R_0x10000bc31,836,True
func_R_0x10000bc33,208,False
func_R_0x10000bc35,204,False
func_R_0x10000bc39,-128,False
func_R_0x10000c160,-185,True
func_R_0x10000c162,-562,True
func_R_0x10000c166,589,True
func_R_0x10000c16a,-276,False
func_R_0x10000c247,623,False
func_R_0x10000c24c,-23,True
func_R_0x10000c27f,1046,True
func_R_0x10000c288,876,False
func_R_0x10000c28a,-255,False
func_R_0x10000cbff,-21,False
func_R_0x10000cc0d,-209,True
func_R_0x10000cc30,-317,True
func_R_0x10000cc35,-55,True
func_R_0x10000cc37,709,True
func_R_0x10000d034,-371,False
func_R_0x10000d0dd,530,True
func_Ra_0x100003966,675,False
func_Ri_0x1000051a9,1059,False
func_Rn_0x1000086c6,-582,False
func_Rn_0x1000086f7,-590,True
func_Rn_0x100008707,-579,True
func_Rn_0x100008709,-473,True
func_Rn_0x10000870f,-692,False
func_Rn_0x100008711,-146,True
func_Rn_0x100008727,1,True
func_Rn_0x100008783,1143,False
func_Rn_0x100008787,1072,False
func_Rn_0x100008789,1145,True
func_Rn_0x10000878d,-268,False
func_Rn_0x100008792,-653,True
func_Ro_0x10000396e,987,False
func_Rr_0x10000971c,-432,True
func_Rr_0x10000b21d,-401,True
func_Rr_0x10000b268,491,False
func_Rr_0x10000c385,182,True
func_Rr_0x10000c389,683,False
func_Rr_0x10000c393,-445,False
func_Rr_0x10000c395,188,False
func_Rr_0x10000c397,756,True
func_Rr_0x10000c399,-440,True
func_Rr_0x10000c39b,1087,False
func_Rt_0x1000007af,619,True
func_Rt_0x1000066ac,1099,False
func_Rt_0x100007428,358,False
func_Rt_0x100007432,114,True
func_Rt_0x100007438,963,True
func_Rt_0x100007442,844,False
func_Rt_0x100007464,-444,True
func_Rt_0x100007468,-170,False
func_Rt_0x10000746a,458,False
func_Rt_0x100007473,226,True
func_Rt_0x1000074b4,-309,True
func_Rt_0x1000074b6,113,False
func_Rt_0x1000074b8,587,False
func_Rt_0x1000074ba,206,False
func_Rt_0x1000074c0,-139,True
func_Rt_0x1000074c2,926,True
func_Rt_0x1000074ca,715,False
func_Rt_0x10000b26d,490,False
func_Rt_0x10000b271,-624,True
func_Rt_0x10000b275,-736,False
func_Rt_0x10000b277,-199,True
func_Rt_0x10000b65e,-496,False
func_Rt_0x10000b672,60,False
func_Rt_0x10000cd9c,985,True
func_Rt_0x10000cd9e,884,True
func_Rt_0x10000cdb1,-289,False
func_Rt_0x10000cdb9,-622,False
func_Rt_0x10000cdbf,516,True
func_Rt_0x10000cdcb,-441,True
func_Rt_0x10000cdd1,-352,False
func_Rt_0x10000cdd3,789,True
func_Rt_0x10000cddb,264,True
func_Rt_0x10000cddd,-678,True
func_Rt_0x10000cde3,343,False
func_Rt_0x10000cdf3,726,True
func_Rt_0x10000cdf5,-321,False
func_Rt_0x10000ce92,324,True
func_Rt_0x10000ce98,-305,False
func_Rt_0x10000ced9,-515,True
func_Ru_0x1000038c7,599,False
func_Ru_0x100006a76,985,False
func_Ru_0x100006b0e,944,True
func_Ru_0x100006b18,732,False
func_Ru_0x10000830c,136,False
func_Ru_0x10000832d,-346,False
func_Ru_0x10000c64b,-253,False
func_Ru_0x10000c650,-18,True
func_S_0x1000005ed,-606,False
func_S_0x10000363c,1155,False
func_S_0x100003ac7,329,True
func_S_0x100003c31,103,False
func_S_0x100003c58,-28,True
func_S_0x100003c5a,-494,True
func_S_0x100003c9d,735,False
func_S_0x100003ea4,-226,False
func_S_0x10000406d,1198,True
func_S_0x10000406f,-243,False
func_S_0x100004073,752,False
func_S_0x100004075,-303,True
func_S_0x100004132,-92,True
func_S_0x100004134,764,False
func_S_0x10000450b,129,False
func_S_0x100004782,1156,False
func_S_0x100004e25,-618,False
func_S_0x100004e70,599,False
func_S_0x100005953,-586,True
func_S_0x100005955,-175,False
func_S_0x100005957,125,False
func_S_0x100005e49,586,False
func_S_0x100005e56,531,False
func_S_0x100005e5a,830,False
func_S_0x100005fc4,629,False
func_S_0x1000061c7,-182,False
func_S_0x100006287,-521,False
func_S_0x10000628a,1006,True
func_S_0x100006553,-646,False
func_S_0x100006899,202,True
func_S_0x100006bcc,-237,True
func_S_0x100007676,1148,False
func_S_0x100007805,-336,True
func_S_0x100007866,408,False
func_S_0x100007cf9,619,False
func_S_0x100007cfb,73,False
func_S_0x100007f7a,442,False
func_S_0x100007f7c,656,True
func_S_0x100007f82,-155,False
func_S_0x100007f98,1181,True
func_S_0x100007f9c,-499,True
func_S_0x100007fa1,615,True
func_S_0x100007fa4,735,True
func_S_0x100007fa6,-61,False
func_S_0x1000080f7,-414,True
func_S_0x1000080fd,-614,True
func_S_0x1000084da,-119,True
func_S_0x1000084fb,1083,True
func_S_0x1000084fd,861,True
func_S_0x10000856c,281,True
func_S_0x100008582,-324,True
func_S_0x100008696,1039,True
func_S_0x100008842,133,True
func_S_0x100008844,90,False
func_S_0x100008edd,-717,True
func_S_0x100008f0f,557,False
func_S_0x10000901c,809,False
func_S_0x100009034,-471,False
func_S_0x1000093c6,176,True
func_S_0x100009406,-664,False
func_S_0x100009408,1064,True
func_S_0x10000940f,-61,False
func_S_0x100009419,-57,True
func_S_0x10000941d,-80,True
func_S_0x100009426,-62,True
func_S_0x10000942c,-549,True
func_S_0x10000942e,96,False
func_S_0x100009432,-349,False
func_S_0x10000943a,-784,False
func_S_0x100009440,144,True
func_S_0x10000945f,315,True
func_S_0x100009461,637,False
func_S_0x100009465,518,True
func_S_0x100009467,970,False
func_S_0x1000095c2,143,False
func_S_0x1000095d6,189,True
func_S_0x1000095de,-553,False
func_S_0x1000095e4,48,False
func_S_0x1000095f0,227,True
func_S_0x100009606,-438,False
func_S_0x10000960e,297,False
func_S_0x100009617,740,False
func_S_0x100009619,-385,True
func_S_0x1000097b7,945,False
func_S_0x10000998c,-600,True
func_S_0x10000998e,-303,True
func_S_0x100009990,954,True
func_S_0x100009995,4,False
func_S_0x100009de0,-448,True
func_S_0x100009f85,256,False
func_S_0x100009f87,-209,True
func_S_0x100009f89,-181,True
func_S_0x10000a200,-580,False
func_S_0x10000a202,8,True
func_S_0x10000a206,-31,True
func_S_0x10000a20a,274,False
func_S_0x10000a20c,-568,False
func_S_0x10000a481,47,True
func_S_0x10000a6d2,999,False
func_S_0x10000aa23,138,False
func_S_0x10000aa27,768,True
func_S_0x10000aa29,-628,False
func_S_0x10000aa2b,981,False
func_S_0x10000aa2d,-558,True
func_S_0x10000aa3d,923,False
func_S_0x10000ad28,-289,False
func_S_0x10000ad35,1125,False
func_S_0x10000ad37,-183,True
func_S_0x10000ad39,281,True
func_S_0x10000af3d,1066,False
func_S_0x10000b413,-228,True
func_S_0x10000b436,863,False
func_S_0x10000b45d,985,False
func_S_0x10000b45f,761,False
func_S_0x10000b515,-252,True
func_S_0x10000b519,-756,False
func_S_0x10000b527,-628,False
func_S_0x10000b529,651,False
func_S_0x10000b52d,-140,False
func_S_0x10000b52f,-106,False
func_S_0x10000b9c8,329,True
func_S_0x10000bc93,794,True
func_S_0x10000be5f,-77,False
func_S_0x10000be69,97,False
func_S_0x10000cbbb,788,True
func_S_0x10000cbc3,541,False
func_S_0x10000cbcf,203,False
func_S_0x10000cbe4,1094,True
func_S_0x10000cbe6,133,False
func_S_0x10000cbfa,-563,True
func_S_0x10000d2f0,399,True
func_S_0x10000d30c,1101,True
func_S_0x10000d30e,-309,True
func_Se_0x1000041aa,-8,True
func_Se_0x1000041cb,-492,False
func_Se_0x100004487,1024,True
func_Se_0x100004769,457,False
func_Se_0x100004d40,-1,True
func_Se_0x100005ddf,439,False
func_Se_0x10000612f,-366,True
func_Se_0x10000657b,-279,True
func_Se_0x100007231,-636,False
func_Se_0x100007351,206,False
func_Se_0x10000767d,-684,False
func_Se_0x100007cbc,-346,False
func_Se_0x100007cbe,-194,True
func_Se_0x100007cd4,-459,False
func_Se_0x100007d66,760,False
func_Se_0x100007d6d,102,False
func_Se_0x100007d84,1078,True
func_Se_0x1000082ea,-284,True
func_Se_0x1000083e0,-337,False
func_Se_0x1000083e6,491,True
func_Se_0x100008f63,-573,False
func_Se_0x100008f73,952,True
func_Se_0x1000092d2,1213,True
func_Se_0x100009db6,-717,False
func_Se_0x10000a339,989,False
func_Se_0x10000a33f,-555,False
func_Se_0x10000a9f4,883,False
func_Se_0x10000b5e7,818,False
func_Se_0x10000c0ef,-409,True
func_Se_0x10000c34d,354,True
func_Se_0x10000c450,494,False
func_Se_0x10000ca7c,216,False
func_Se_0x10000ca7e,-556,False
func_Se_0x10000d0e5,744,True
func_Se_0x10000d0ea,-434,False
func_Se_0x10000d117,-673,False
func_Se_0x10000d11a,158,False
func_Sn_0x10000878f,970,True
func_Sn_0x100008794,90,True
func_Sn_0x100008798,135,False
func_Sn_0x1000087ae,628,False
func_So_0x100008adb,-18,False
func_So_0x100008b10,-286,True
func_So_0x100008b12,1057,True
func_So_0x100008b27,334,False
func_So_0x100008b29,-691,True
func_So_0x100008b30,-441,False
func_So_0x100008bb6,-468,False
func_So_0x100008bba,1043,False
func_So_0x100008bef,774,True
func_So_0x100008bf1,-33,True
func_Sr_0x100003a0f,1014,True
func_Sr_0x100009ffc,-7,False
func_Sr_0x10000a03c,853,True
func_Sr_0x10000c618,-61,False
func_Sr_0x10000c678,-68,True
func_Sr_0x10000c67a,-245,False
func_St_0x1000088b6,-444,True
func_St_0x1000088b8,120,False
func_St_0x1000088c1,1018,True
func_St_0x1000088c8,575,False
func_St_0x100008994,636,False
func_St_0x100008998,523,True
func_St_0x10000899c,-637,True
func_St_0x1000089a0,-118,False
func_St_0x1000089a4,735,True
func_St_0x1000089b1,175,True
func_St_0x1000089b4,169,True
func_St_0x1000089b6,498,False
func_St_0x1000089c8,824,False
func_St_0x1000089d0,-342,True
func_St_0x1000089e0,-719,True
func_St_0x1000089e6,255,True
func_St_0x1000089ea,804,True
func_St_0x1000089ec,404,False
func_St_0x1000089ee,560,True
func_St_0x1000089f0,652,False
func_St_0x1000089f2,1177,True
func_St_0x1000089f6,637,False
func_St_0x1000089fa,194,True
func_St_0x1000089fc,-439,True
func_St_0x100008a10,-554,True
func_St_0x100008a12,895,False
func_St_0x100008a17,-274,True
func_St_0x100008a1a,-31,True
func_St_0x100008a23,532,True
func_St_0x100008a2c,302,True
func_St_0x100008a38,614,True
func_St_0x100008a3e,407,True
func_St_0x100008a42,201,False
func_St_0x100008a44,938,True
func_St_0x100008a52,-413,False
func_St_0x100008a5a,-278,True
func_St_0x100008a60,258,True
func_St_0x100008a62,1048,True
func_St_0x100008a64,148,True
func_St_0x100008a6e,172,True
func_St_0x100008a7c,184,True
func_St_0x100008a88,1131,True
func_St_0x100008a8f,515,False
func_St_0x100008a95,1077,False
func_St_0x100008a9d,547,False
func_St_0x100008aa1,-704,True
func_St_0x100008ab7,638,False
func_St_0x100008abb,1081,False
func_St_0x100008ad1,430,False
func_St_0x100008ae2,17,False
func_St_0x100008aea,164,True
func_St_0x100008af6,518,False
func_St_0x100008b04,796,True
func_St_0x100008b1f,654,False
func_St_0x100008b21,-5,False
func_St_0x100008b35,11,True
func_St_0x100008b3c,526,True
func_St_0x100008b61,681,False
func_St_0x100008b75,-56,True
func_St_0x100008b77,1022,False
func_St_0x100008b7b,603,True
func_St_0x100008b7d,594,True
func_St_0x100008b7f,-468,True
func_St_0x100008b8a,345,True
func_St_0x100008b8f,1176,False
func_St_0x100008b99,1055,False
func_St_0x100008baa,591,False
func_St_0x100008bcc,-59,False
func_St_0x100008be9,624,True
func_Su_0x1000049fc,46,False
func_Su_0x100004a04,-712,False
func_Su_0x100004a0a,174,False
func_Su_0x100004a2f,665,True
func_Su_0x100004a33,1136,False
func_Su_0x100004a4a,225,False
func_Su_0x100004a4c,939,True
func_Su_0x100004a50,568,False
func_Su_0x100004a52,-127,True
func_Su_0x100004a6c,-60,False
func_Su_0x100004a72,-695,True
func_Su_0x100004a74,708,True
func_Su_0x100004a7a,-401,False
func_Su_0x100004a7c,-331,True
func_Su_0x100004a80,518,False
func_Su_0x100004a84,-652,False
func_Su_0x100004a86,-665,True
func_Su_0x100004a8a,-488,False
func_Su_0x100004a8c,320,True
func_Su_0x100004a8e,-435,False
func_Su_0x100004a90,507,True
func_Su_0x100004a9a,1111,True
func_Su_0x100004a9e,1058,False
func_Su_0x100004aa2,1059,True
func_Su_0x100004aa4,602,False
func_Su_0x100004aa8,669,False
func_Su_0x100004ab2,728,True
func_Su_0x100004ab8,937,True
func_Su_0x100004aba,460,False
func_Su_0x100004abc,490,False
func_Su_0x100004ad2,-366,False
func_Su_0x100004ad6,763,True
func_Su_0x100004ae2,-578,False
func_Su_0x100004aee,-764,True
func_Su_0x100004af0,335,True
func_Su_0x100004af8,-360,True
func_Su_0x100004b04,1090,False
func_Su_0x100004b06,-758,True
func_Su_0x100004b08,-731,True
func_Su_0x100004b0e,384,True
func_Su_0x100004b12,667,False
func_Su_0x100004b14,847,True
func_Su_0x100004b1a,379,False
func_Su_0x100004b22,-519,True
func_Su_0x100004b24,683,True
func_Su_0x100004b2c,223,False
func_Su_0x100004b30,-317,False
func_Su_0x100004b32,-81,False
func_Su_0x100004b36,494,False
func_Su_0x100004b40,958,False
func_Su_0x100004b44,401,True
func_Su_0x100004b46,309,False
func_Su_0x100004b4a,153,True
func_Su_0x100004b4c,-74,True
func_Su_0x100004b4e,184,False
func_Su_0x100004b50,226,False
func_Su_0x100004b54,-358,True
func_Su_0x100004b58,-502,True
func_Su_0x100004b5e,-120,True
func_Su_0x100004b60,36,True
func_Su_0x100004b62,-476,False
func_Su_0x100004b64,585,True
func_Su_0x100004b66,-522,True
func_Su_0x100004b6a,1109,False
func_Su_0x100004b72,606,True
func_Su_0x100004b78,-747,False
func_Su_0x100004b7a,366,False
func_Su_0x100004b7c,-399,True
func_Su_0x100004b7f,350,True
func_Su_0x100004b89,799,False
func_Su_0x100004b8b,1028,True
func_Su_0x100004cf6,-535,False
func_Su_0x100004cfa,-119,False
func_Su_0x100004cfe,708,False
func_Su_0x100004d02,-607,True
func_Su_0x100004d04,-491,False
func_T_0x1000001ac,-437,False
func_T_0x100000278,-276,True
func_T_0x100000287,1163,False
func_T_0x1000005ee,455,True
func_T_0x10000367c,-221,False
func_T_0x1000036a8,953,True
func_T_0x100003bbe,-68,False
func_T_0x100003c52,-45,False
func_T_0x100003cbe,-362,False
func_T_0x100003cc0,186,True
func_T_0x100003e1e,-32,False
func_T_0x100004510,-497,False
func_T_0x100004522,556,False
func_T_0x100004581,-66,True
func_T_0x1000045eb,-30,False
func_T_0x100004e0a,885,True
func_T_0x100004f49,458,False
func_T_0x100004f59,172,False
func_T_0x100004f64,784,False
func_T_0x1000050a9,-175,True
func_T_0x1000050ae,-265,True
func_T_0x1000050b0,546,True
func_T_0x1000050b4,196,True
func_T_0x1000050b8,1190,False
func_T_0x100005481,-278,True
func_T_0x100005a8f,1100,False
func_T_0x100005a95,-447,False
func_T_0x100005b82,844,True
func_T_0x100006267,-633,True
func_T_0x100006547,-694,False
func_T_0x100006549,1112,False
func_T_0x10000678e,-163,False
func_T_0x100006790,521,False
func_T_0x1000068a9,1066,False
func_T_0x100006e5b,913,True
func_T_0x100007384,-499,False
func_T_0x100007751,-570,True
func_T_0x1000079a2,836,False
func_T_0x1000079e1,199,True
func_T_0x100007b74,-565,True
func_T_0x100007d0f,-86,False
func_T_0x100007d1f,611,False
func_T_0x100007f80,-623,True
func_T_0x100007f8d,965,False
func_T_0x1000084e5,1134,False
func_T_0x100008538,111,True
func_T_0x10000856e,230,False
func_T_0x10000884a,409,False
func_T_0x10000888d,419,False
func_T_0x10000888f,815,False
func_T_0x100008891,-624,False
func_T_0x100009082,-551,False
func_T_0x100009088,244,True
func_T_0x100009095,-471,True
func_T_0x100009098,-633,False
func_T_0x1000090b9,85,False
func_T_0x1000094c8,-514,True
func_T_0x1000097c4,928,False
func_T_0x1000097ce,389,False
func_T_0x100009908,121,True
func_T_0x10000990a,1036,True
func_T_0x100009922,-703,True
func_T_0x100009926,-317,False
func_T_0x100009e6a,-532,False
func_T_0x100009f8a,-637,True
func_T_0x10000a17f,585,True
func_T_0x10000a1bc,443,False
func_T_0x10000a1d0,1097,False
func_T_0x10000a381,478,True
func_T_0x10000a3a1,-419,True
func_T_0x10000a469,-744,False
func_T_0x10000a487,-448,False
func_T_0x10000a48f,711,False
func_T_0x10000a65e,-287,False
func_T_0x10000a662,-279,True
func_T_0x10000a769,956,False
func_T_0x10000a76d,363,False
func_T_0x10000a777,-743,True
func_T_0x10000ac4c,947,False
func_T_0x10000ac5c,-665,True
func_T_0x10000b08b,257,True
func_T_0x10000b45b,-591,True
func_T_0x10000b74b,507,False
func_T_0x10000b74d,-149,False
func_T_0x10000b769,-233,False
func_T_0x10000bbef,-430,True
func_T_0x10000bc2e,810,True
func_T_0x10000c135,-603,False
func_T_0x10000c142,307,False
func_T_0x10000c15b,-118,False
func_T_0x10000c28c,901,True
func_T_0x10000c309,402,False
func_T_0x10000c30d,197,False
func_T_0x10000c30f,786,False
func_T_0x10000c311,1177,True
func_T_0x10000c74c,176,False
func_T_0x10000cbb9,896,False
func_T_0x10000d039,793,True
func_T_0x10000d03b,321,False
func_T_0x10000d158,633,True
func_Te_0x1000046f0,-722,True
func_Te_0x1000047da,717,False
func_Te_0x100004801,10,True
func_Te_0x100005eed,955,False
func_Te_0x100005ef1,-748,True
func_Te_0x100005f77,1128,False
func_Te_0x100005f79,1122,False
func_Te_0x100006059,1087,True
func_Te_0x10000605d,466,True
func_Te_0x100006080,65,True
func_Te_0x100006083,363,True
func_Te_0x1000060cc,-420,True
func_Te_0x1000060d2,210,True
func_Te_0x1000060dc,588,True
func_Te_0x100006105,651,False
func_Te_0x1000063b5,-559,False
func_Te_0x1000064b4,124,False
func_Te_0x1000064cf,560,True
func_Te_0x100006cd9,16,False
func_Te_0x100006cdb,144,False
func_Te_0x100006cdd,-212,False
func_Te_0x100006cdf,-92,False
func_Te_0x100006ce1,546,True
func_Te_0x100006ce3,226,False
func_Te_0x100007bca,-184,True
func_Te_0x10000956e,-513,False
func_Te_0x10000957b,1003,False
func_Te_0x10000a940,-584,False
func_Te_0x10000a944,-148,True
func_Te_0x10000a95a,1065,True
func_Te_0x10000aa81,1036,False
func_Te_0x10000aa95,-477,False
func_Te_0x10000c2e2,-9,True
func_Te_0x10000c366,1008,True
func_Te_0x10000c36a,1194,False
func_Te_0x10000c374,1066,False
func_Te_0x10000c37a,1188,False
func_Te_0x10000c37c,-598,True
func_Te_0x10000c382,989,True
func_Te_0x10000c524,31,True
func_Te_0x10000ca87,-348,True
func_Te_0x10000ca89,-253,True
func_Tn_0x1000086f0,753,True
func_Tn_0x10000875d,1147,False
func_Tn_0x10000879c,-513,True
func_Tr_0x1000051a0,-294,False
func_Tr_0x1000052eb,719,True
func_Tr_0x1000052fb,-93,False
func_Tr_0x100005319,630,True
func_Tr_0x10000534f,-173,False
func_Tr_0x10000538d,-140,False
func_Tt_0x1000051bf,65,True
func_Tu_0x10000060f,635,False
func_Tu_0x10000089b,-494,True
func_Tu_0x1000008a8,565,True
func_Tu_0x100007423,228,False
func_Tu_0x100007425,1126,False
func_Tu_0x10000742f,-409,True
func_Tu_0x10000b673,-151,False
func_Tu_0x10000cda1,-194,False
func_Tu_0x10000ce90,876,True
func_Tu_0x10000ce9a,804,False
func_U_0x100003837,-108,False
func_U_0x10000383d,651,False
func_U_0x10000383f,956,False
func_U_0x10000384b,756,True
func_U_0x10000384f,-372,True
func_U_0x100003851,1102,False
func_U_0x100003853,-24,False
func_U_0x100003857,290,True
func_U_0x100003859,674,False
func_U_0x100003861,-699,False
func_U_0x100003b0b,-602,True
func_U_0x100003b42,-114,False
func_U_0x100003bd6,-393,False
func_U_0x100003cc9,606,True
func_U_0x100003eaa,950,False
func_U_0x100003eb1,-112,True
func_U_0x1000044dc,1080,True
func_U_0x100004528,-584,True
func_U_0x100004537,737,True
func_U_0x1000046cc,1003,False
func_U_0x100004d18,388,True
func_U_0x100004df9,-783,False
func_U_0x100004e13,-515,False
func_U_0x100004e17,-650,False
func_U_0x1000059e7,1021,False
func_U_0x100005a11,439,False
func_U_0x100005bdd,909,False
func_U_0x100005be5,168,True
func_U_0x100005be9,1,True
func_U_0x100005beb,-720,True
func_U_0x100005bed,783,False
func_U_0x100005bef,748,False
func_U_0x100005eb9,656,True
func_U_0x100006194,-109,True
func_U_0x100006340,-754,False
func_U_0x100006342,-578,False
func_U_0x10000634f,44,False
func_U_0x100006538,693,True
func_U_0x100006e81,720,True
func_U_0x1000072c1,329,False
func_U_0x1000072c3,237,False
func_U_0x1000072cd,-654,True
func_U_0x100007310,725,True
func_U_0x100007315,36,False
func_U_0x10000731e,-757,False
func_U_0x100007341,164,False
func_U_0x1000073c3,343,True
func_U_0x10000757e,312,False
func_U_0x100007702,-14,False
func_U_0x100007732,-40,True
func_U_0x10000781e,449,True
func_U_0x10000782b,-742,False
func_U_0x10000782d,252,False
func_U_0x1000078bd,-239,True
func_U_0x100007c61,-41,True
func_U_0x100007e93,-645,True
func_U_0x100007ef2,509,False
func_U_0x100007ef6,149,False
func_U_0x100007ef8,875,True
func_U_0x100007efa,-187,True
func_U_0x100007f02,-525,True
func_U_0x100007f2f,-225,False
func_U_0x100007f3f,977,False
func_U_0x100007f45,581,False
func_U_0x1000081d4,-404,True
func_U_0x100008575,-548,False
func_U_0x10000857b,-661,True
func_U_0x1000085b7,802,False
func_U_0x1000085cc,818,False
func_U_0x100008689,398,True
func_U_0x10000868b,-390,False
func_U_0x100008fd4,-663,False
func_U_0x100008fdc,-317,True
func_U_0x100008fde,163,False
func_U_0x100008fe9,501,False
func_U_0x100008ff3,1159,True
func_U_0x100009029,195,True
func_U_0x10000902b,187,True
func_U_0x10000902d,-170,False
func_U_0x1000091c2,586,False
func_U_0x1000092f7,976,False
func_U_0x10000964c,387,False
func_U_0x100009650,34,True
func_U_0x100009652,759,False
func_U_0x100009655,950,True
func_U_0x100009661,-182,False
func_U_0x100009663,115,False
func_U_0x100009f25,513,False
func_U_0x100009f48,432,True
func_U_0x100009f4a,852,True
func_U_0x10000a1d6,1166,True
func_U_0x10000a1d8,130,True
func_U_0x10000a1da,419,False
func_U_0x10000a1dc,690,True
func_U_0x10000a59d,-231,False
func_U_0x10000a5f9,884,True
func_U_0x10000a610,256,True
func_U_0x10000a619,-252,False
func_U_0x10000a6c6,1045,True
func_U_0x10000aa4c,-51,False
func_U_0x10000aff0,491,False
func_U_0x10000b0d1,-635,True
func_U_0x10000b3c5,-85,True
func_U_0x10000b431,893,True
func_U_0x10000b433,-145,False
func_U_0x10000b77f,-236,False
func_U_0x10000bb82,227,True
func_U_0x10000bbac,-91,False
func_U_0x10000c786,155,False
func_U_0x10000ca37,-479,True
func_U_0x10000cd5b,78,False
func_U_0x10000d13c,285,True
func_U_0x10000d13e,1187,True
func_U_0x10000d140,-313,True
func_U_0x10000d1c4,-474,False
func_U_0x10000d1c8,568,True
func_Ue_0x100003be3,-57,False
func_Ue_0x100003be5,1040,True
func_Ue_0x100003be9,-272,False
func_Ue_0x100003bed,745,True
func_Ue_0x100003bef,865,True
func_Ue_0x100003bfb,1075,False
func_Ue_0x100004115,1210,True
func_Ue_0x100004196,546,False
func_Ue_0x100004198,58,False
func_Ue_0x10000419c,-278,True
func_Ue_0x1000041a2,-537,False
func_Ue_0x1000047c8,100,False
func_Ue_0x1000047d4,1086,True
func_Ue_0x100005aa4,-633,True
func_Ue_0x100005b3a,610,True
func_Ue_0x100005b3c,209,False
func_Ue_0x100005b3e,596,False
func_Ue_0x100005b50,811,True
func_Ue_0x100005daf,652,True
func_Ue_0x10000611b,-149,False
func_Ue_0x10000642f,628,False
func_Ue_0x1000067a5,433,False
func_Ue_0x1000067af,831,True
func_Ue_0x1000067b9,391,True
func_Ue_0x100006cc0,1135,False
func_Ue_0x100006fc2,-449,False
func_Ue_0x1000073c6,86,True
func_Ue_0x1000073cc,192,False
func_Ue_0x1000073d2,52,False
func_Ue_0x1000073d6,343,True
func_Ue_0x1000073dc,315,True
func_Ue_0x100007df4,247,True
func_Ue_0x10000a5d8,1071,True
func_Ue_0x10000a5ee,416,False
func_Ue_0x10000a935,983,False
func_Ue_0x10000a957,804,True
func_Ue_0x10000a961,-348,True
func_Ue_0x10000ade6,-120,False
func_Ue_0x10000b879,367,True
func_Ue_0x10000b87b,-112,True
func_Ue_0x10000cac4,-267,False
func_Ue_0x10000d002,595,True
func_Ue_0x10000d127,752,True
func_Un_0x100003914,883,True
func_Un_0x10000bad0,489,False
func_Un_0x10000bad6,752,True
func_Un_0x10000badc,416,False
func_Un_0x10000bade,-268,True
func_Ur_0x100000844,-5,True
func_Ur_0x100000848,958,False
func_Ur_0x10000c62e,1108,True
func_Ur_0x10000c684,228,True
func_Ur_0x10000c686,-342,True
func_Ur_0x10000c6a2,730,False
func_Ur_0x10000ce18,-627,False
func_Ur_0x10000ce1a,603,False
func_Ur_0x10000ce1e,766,True
func_Ur_0x10000ce20,-444,True
func_Ur_0x10000ce22,879,False
func_Ur_0x10000ce24,28,False
func_Ur_0x10000ce26,882,True
func_Ut_0x1000046ee,-150,False
func_Ut_0x1000046f1,75,True
func_Ut_0x1000046fc,-30,False
func_Ut_0x10000474a,-532,False
func_Ut_0x10000474e,229,True
func_Ut_0x100004750,506,False
func_Ut_0x100004fff,702,True
func_Ut_0x100005021,334,False
func_Ut_0x10000508e,240,True
func_Ut_0x10000602b,-246,True
func_Ut_0x10000602f,437,False
func_Ut_0x100006031,493,False
func_Ut_0x100006033,658,False
func_Ut_0x100006039,-434,False
func_Ut_0x10000603d,-304,False
func_Ut_0x10000837b,-172,False
func_Ut_0x100009355,444,False
func_Ut_0x100009359,-781,True
func_Ut_0x10000935d,1056,False
func_Ut_0x10000935f,454,False
func_Ut_0x100009363,515,False
func_Ut_0x100009365,104,True
func_Ut_0x10000936f,-71,False
func_Ut_0x100009371,-41,False
func_Ut_0x100009373,174,True
func_Ut_0x100009375,785,True
func_Ut_0x10000938d,59,True
func_Ut_0x10000938f,942,True
func_Ut_0x100009395,-246,False
func_Ut_0x100009397,882,True
func_Ut_0x1000093a2,-722,True
func_Ut_0x1000093aa,529,True
func_Ut_0x10000a92a,-54,True
func_Ut_0x10000c2ca,830,True
func_Ut_0x10000c71e,-676,True
func_Ut_0x10000c973,-565,True
func_Ut_0x10000d330,566,True
func_Uu_0x1000086e3,-194,True
func_Uu_0x1000086e7,149,True
func_Uu_0x1000086e9,-140,True
func_V_0x1000036a5,-340,True
func_V_0x10000383b,149,False
func_V_0x100003841,-288,False
func_V_0x100003845,1210,True
func_V_0x10000384d,489,True
func_V_0x100003855,182,False
func_V_0x10000385d,1159,True
func_V_0x100003b0d,716,False
func_V_0x100003bbb,263,True
func_V_0x100003ccb,656,False
func_V_0x100003e93,1072,True
func_V_0x100003ed9,887,True
func_V_0x100003edf,-638,True
func_V_0x1000044d7,-89,False
func_V_0x1000044de,-635,False
func_V_0x1000044f4,578,True
func_V_0x100004505,-48,False
func_V_0x100004557,950,True
func_V_0x100004559,1065,True
func_V_0x1000045f0,-92,True
func_V_0x10000468d,-647,True
func_V_0x100004d46,165,True
func_V_0x100004d5a,564,False
func_V_0x100004ed4,-731,False
func_V_0x1000059ed,979,False
func_V_0x100005a04,799,False
func_V_0x100005bf1,-262,False
func_V_0x100005ea7,881,True
func_V_0x100005ebb,280,True
func_V_0x100006455,-250,True
func_V_0x100006477,451,False
func_V_0x100006488,1089,False
func_V_0x10000648a,1097,False
func_V_0x100006793,-128,False
func_V_0x100006b2e,-585,False
func_V_0x100006d7f,-264,True
func_V_0x1000070c5,-136,True
func_V_0x1000070ce,-70,True
func_V_0x1000070d1,-322,False
func_V_0x10000728a,-74,False
func_V_0x1000072e1,1093,False
func_V_0x10000731b,260,True
func_V_0x100007344,76,False
func_V_0x1000073b5,337,False
func_V_0x1000073bf,-690,False
func_V_0x100007522,234,True
func_V_0x10000755e,-396,True
func_V_0x100007560,-598,True
func_V_0x1000077ec,759,True
func_V_0x10000781c,-493,False
func_V_0x1000078bf,59,True
func_V_0x1000078c1,-719,False
func_V_0x100007938,1117,False
func_V_0x100007944,-775,True
func_V_0x100007c5b,-285,False
func_V_0x100007c5d,905,False
func_V_0x100007c5f,1072,True
func_V_0x100007c63,94,False
func_V_0x100007c65,1101,False
func_V_0x100007c67,236,False
func_V_0x100007e91,774,True
func_V_0x100007e97,-688,True
func_V_0x100007f2a,193,True
func_V_0x100007f41,707,False
func_V_0x100007f43,898,True
func_V_0x100008170,937,False
func_V_0x100008560,-129,True
func_V_0x10000856f,-270,True
func_V_0x10000857f,-452,True
func_V_0x100008583,-469,False
func_V_0x1000085d2,1164,True
func_V_0x1000085d4,-728,False
func_V_0x10000868f,-647,False
func_V_0x100009021,-429,True
func_V_0x100009027,111,True
func_V_0x1000092a5,1146,True
func_V_0x1000092c3,973,True
func_V_0x1000092d9,1085,False
func_V_0x1000092db,401,False
func_V_0x1000092e3,1156,False
func_V_0x10000965b,-565,False
func_V_0x100009de1,1018,True
func_V_0x100009e03,-160,True
func_V_0x10000a1d3,416,True
func_V_0x10000a60e,206,True
func_V_0x10000b0dd,-12,True
func_V_0x10000b33b,500,False
func_V_0x10000b611,296,False
func_V_0x10000b629,-363,False
func_V_0x10000bb86,-616,False
func_V_0x10000c137,-328,True
func_V_0x10000c147,956,False
func_V_0x10000c240,-376,True
func_V_0x10000c783,539,True
func_V_0x10000cf16,-430,False
func_Ve_0x1000038e8,738,False
func_Ve_0x100004ff6,-550,True
func_Ve_0x10000500b,495,True
func_Ve_0x100006ef7,549,False
func_Ve_0x10000970e,-764,True
func_Ve_0x100009729,504,True
func_Ve_0x10000974a,474,True
func_Ve_0x10000b223,982,False
func_Ve_0x10000b22b,47,False
func_Ve_0x10000b236,-149,False
func_Ve_0x10000b240,770,True
func_Ve_0x10000b282,1183,False
func_Ve_0x10000b2e9,962,False
func_Ve_0x10000b2eb,-650,False
func_Ve_0x10000b30c,700,True
func_Ve_0x10000b311,-520,False
func_Ve_0x10000b31f,-573,False
func_Ve_0x10000b481,666,True
func_Ve_0x10000cc7c,-89,False
func_Ve_0x10000cc80,771,True
func_Ve_0x10000cc85,-194,False
func_Ve_0x10000cc8f,-160,False
func_Ve_0x10000cc91,19,True
func_Ve_0x10000cc93,51,False
func_Ve_0x10000cc95,-765,True
func_Ve_0x10000cc97,-404,True
func_Ve_0x10000cc9f,-733,False
func_Ve_0x10000cca1,207,True
func_Ve_0x10000cca5,22,False
func_Ve_0x10000ccad,-192,False
func_Ve_0x10000ccaf,1089,False
func_Ve_0x10000ccb1,1071,True
func_Ve_0x10000ccb5,-361,False
func_Ve_0x10000ccb7,48,False
func_Ve_0x10000ccbd,67,True
func_Ve_0x10000ccc1,612,True
func_Ve_0x10000ccd9,432,True
func_Ve_0x10000cce0,879,True
func_Vn_0x100008aed,800,True
func_Vn_0x100008afe,949,True
func_Vn_0x100008b00,-308,True
func_Vn_0x100008b0c,-536,False
func_Vn_0x100008bda,833,False
func_Vn_0x100008bee,-764,False
func_Vr_0x100009c60,1068,False
func_Vr_0x100009c82,704,False
func_Vr_0x100009c96,215,True
func_Vr_0x100009ca2,1175,True
func_Vr_0x100009d12,332,True
func_Vr_0x100009d69,939,True
func_Vt_0x1000054bd,889,False
func_Vu_0x100004a08,990,False
func_Vu_0x100004a0c,-770,True
func_Vu_0x100004a10,-409,True
func_Vu_0x100004a1f,16,True
func_Vu_0x100004a21,-646,True
func_Vu_0x100004a42,-544,True
func_Vu_0x100004a44,1001,False
func_Vu_0x100004a46,580,False
func_Vu_0x100004a48,550,False
func_Vu_0x100004a4e,1195,True
func_Vu_0x100004a54,-564,True
func_Vu_0x100004a56,-747,False
func_Vu_0x100004a58,253,False
func_Vu_0x100004a5a,583,True
func_Vu_0x100004a5c,87,False
func_Vu_0x100004a5e,994,False
func_Vu_0x100004a60,-333,True
func_Vu_0x100004a64,-462,False
func_Vu_0x100004a68,-502,True
func_Vu_0x100004a6a,-600,True
func_Vu_0x100004a6e,946,False
func_Vu_0x100004a76,874,False
func_Vu_0x100004a78,-667,True
func_Vu_0x100004a82,817,True
func_Vu_0x100004a88,1123,False
func_Vu_0x100004a92,-208,True
func_Vu_0x100004a94,984,True
func_Vu_0x100004a96,414,False
func_Vu_0x100004a98,-270,True
func_Vu_0x100004a9c,-165,False
func_Vu_0x100004aa0,628,True
func_Vu_0x100004aa6,553,True
func_Vu_0x100004aaa,-516,False
func_Vu_0x100004aac,391,False
func_Vu_0x100004aae,260,False
func_Vu_0x100004ab0,-465,False
func_Vu_0x100004ab4,673,False
func_Vu_0x100004ab6,-701,True
func_Vu_0x100004abe,-189,False
func_Vu_0x100004ac0,-333,False
func_Vu_0x100004ac2,-388,True
func_Vu_0x100004ac4,-725,True
func_Vu_0x100004ac6,392,True
func_Vu_0x100004ac8,618,True
func_Vu_0x100004aca,524,True
func_Vu_0x100004acc,245,True
func_Vu_0x100004ace,-762,False
func_Vu_0x100004ad0,1024,True
func_Vu_0x100004ad4,977,False
func_Vu_0x100004ada,1148,True
func_Vu_0x100004adc,-274,False
func_Vu_0x100004ade,-416,True
func_Vu_0x100004ae0,596,True
func_Vu_0x100004ae4,436,False
func_Vu_0x100004ae8,-65,False
func_Vu_0x100004aea,-359,False
func_Vu_0x100004af2,-457,True
func_Vu_0x100004af4,-53,True
func_Vu_0x100004af6,1119,True
func_Vu_0x100004afc,825,False
func_Vu_0x100004afe,452,True
func_Vu_0x100004b00,345,True
func_Vu_0x100004b02,899,True
func_Vu_0x100004b0a,10,False
func_Vu_0x100004b10,-662,True
func_Vu_0x100004b16,1056,True
func_Vu_0x100004b18,-603,True
func_Vu_0x100004b1c,-532,True
func_Vu_0x100004b1e,1201,False
func_Vu_0x100004b20,913,True
func_Vu_0x100004b28,-431,False
func_Vu_0x100004b2a,65,True
func_Vu_0x100004b2e,-699,True
func_Vu_0x100004b34,625,True
func_Vu_0x100004b38,91,True
func_Vu_0x100004b3a,935,True
func_Vu_0x100004b3e,652,True
func_Vu_0x100004b42,838,False
func_Vu_0x100004b48,270,False
func_Vu_0x100004b52,-681,False
func_Vu_0x100004b56,-173,False
func_Vu_0x100004b5a,-171,True
func_Vu_0x100004b5c,1013,False
func_Vu_0x100004b68,-438,True
func_Vu_0x100004b6c,33,False
func_Vu_0x100004b6e,-361,True
func_Vu_0x100004b70,-417,False
func_Vu_0x100004b74,-48,True
func_Vu_0x100004b76,-178,True
func_Vu_0x100004b93,-709,True
func_Vu_0x100004b97,490,False
func_Vu_0x100004b9d,-660,True
func_Vu_0x100004b9f,-764,True
func_Vu_0x100004ba2,-574,True
func_W0_0x1000057d6,28,False
func_W_0x10000011b,710,True
func_W_0x1000002b5,-602,False
func_W_0x1000002b7,89,True
func_W_0x10000055a,-354,False
func_W_0x100000934,-437,True
func_W_0x1000009d4,317,True
func_W_0x1000038ac,394,True
func_W_0x1000038ae,151,True
func_W_0x100003add,-114,False
func_W_0x100003e43,429,False
func_W_0x100003e70,779,True
func_W_0x100003f41,405,False
func_W_0x100003fff,1066,True
func_W_0x100004060,-196,False
func_W_0x100004157,-71,True
func_W_0x1000042e5,-135,False
func_W_0x100004316,1172,False
func_W_0x1000044a9,-251,False
func_W_0x1000044c7,-283,True
func_W_0x1000045c4,109,True
func_W_0x1000045d2,1090,False
func_W_0x1000046b7,-195,False
func_W_0x100004e93,-307,True
func_W_0x100004f27,680,False
func_W_0x100004f48,829,True
func_W_0x100004fd1,758,True
func_W_0x1000050a0,328,False
func_W_0x10000543d,-421,True
func_W_0x10000545c,603,False
func_W_0x100005892,-438,False
func_W_0x1000058c4,-538,False
func_W_0x10000591b,-188,False
func_W_0x100005937,-677,False
func_W_0x10000594d,-345,False
func_W_0x100005a82,428,True
func_W_0x100005c31,528,False
func_W_0x100005e7d,699,True
func_W_0x1000061b7,636,False
func_W_0x1000061fb,-680,False
func_W_0x10000620b,-156,True
func_W_0x100006276,-133,False
func_W_0x100006298,719,True
func_W_0x100006849,-240,False
func_W_0x1000069ae,920,True
func_W_0x100006ba4,725,False
func_W_0x1000078d2,1159,False
func_W_0x100007c6e,-304,False
func_W_0x100007d34,180,True
func_W_0x100007ffc,71,False
func_W_0x10000813e,-626,False
func_W_0x10000819b,-696,True
func_W_0x1000081f6,-446,True
func_W_0x100008835,71,False
func_W_0x100008d7a,374,True
func_W_0x100008d8c,842,True
func_W_0x100008de0,521,True
func_W_0x100008e31,251,False
func_W_0x100008fa6,355,False
func_W_0x100009008,846,True
func_W_0x10000909f,730,True
func_W_0x100009518,75,False
func_W_0x10000951b,502,False
func_W_0x1000095f4,88,True
func_W_0x1000097b0,1012,False
func_W_0x1000098ef,1117,False
func_W_0x1000098f1,535,False
func_W_0x1000098f3,38,False
func_W_0x100009905,1027,True
func_W_0x10000992e,-312,True
func_W_0x100009e47,1138,True
func_W_0x100009fba,840,False
func_W_0x100009fc9,-310,False
func_W_0x10000a297,-408,True
func_W_0x10000a462,-243,True
func_W_0x10000a6fc,1157,False
func_W_0x10000a734,892,False
func_W_0x10000a736,-165,False
func_W_0x10000a750,-758,False
func_W_0x10000a7d1,170,True
func_W_0x10000aa11,925,True
func_W_0x10000aabc,1098,True
func_W_0x10000aad0,1201,False
func_W_0x10000aad4,-453,False
func_W_0x10000aad6,361,False
func_W_0x10000ab01,484,False
func_W_0x10000ab11,398,True
func_W_0x10000ab99,1211,False
func_W_0x10000ab9b,590,False
func_W_0x10000aced,603,False
func_W_0x10000ae0a,386,False
func_W_0x10000ae0e,-550,True
func_W_0x10000ae60,140,False
func_W_0x10000b0d0,71,True
func_W_0x10000b16b,-507,False
func_W_0x10000b376,-424,True
func_W_0x10000b467,567,False
func_W_0x10000b9b8,588,False
func_W_0x10000bf1d,866,False
func_W_0x10000bf23,-316,False
func_W_0x10000bf26,437,False
func_W_0x10000c2f1,-599,False
func_W_0x10000c315,370,False
func_W_0x10000c3f3,547,False
func_W_0x10000c3f5,-308,False
func_W_0x10000c3f7,658,True
func_W_0x10000c416,723,False
func_W_0x10000c7ee,1079,True
func_W_0x10000c7f2,585,True
func_W_0x10000ca2b,374,False
func_W_0x10000cbf1,-294,True
func_W_0x10000d39b,-91,False
func_W_0x10000d3a6,-563,False
func_W_0x10000d3a8,654,True
func_W_0x10000d3be,-179,True
func_Wa_0x1000086e1,527,True
func_Wa_0x1000086e5,365,False
func_We_0x10000464e,1165,True
func_We_0x1000050c4,651,True
func_We_0x1000050ca,46,False
func_We_0x1000050ec,633,False
func_We_0x1000050ee,-360,True
func_We_0x1000050f0,819,True
func_We_0x1000050ff,-24,False
func_We_0x100005109,-115,True
func_We_0x10000510b,-401,True
func_We_0x100005129,-86,True
func_We_0x10000598e,-269,False
func_We_0x100005991,-87,True
func_We_0x1000059b0,1006,False
func_We_0x100005a4a,-499,False
func_We_0x100005a4e,-130,False
func_We_0x100005a67,-648,False
func_We_0x100005a71,-338,False
func_We_0x100005a75,121,False
func_We_0x100005aa0,-447,True
func_We_0x100005de7,190,False
func_We_0x100005df1,161,False
func_We_0x100005df3,842,False
func_We_0x10000660d,649,False
func_We_0x100006637,-180,False
func_We_0x100006643,-574,True
func_We_0x10000664b,-521,True
func_We_0x1000067cb,367,False
func_We_0x100006ca3,980,True
func_We_0x100006ca5,-783,False
func_We_0x100006ca7,-538,False
func_We_0x1000078a3,10,True
func_We_0x100007d5e,83,False
func_We_0x1000082c8,-456,True
func_We_0x10000a53a,-69,False
func_We_0x10000a56b,-655,False
func_We_0x10000a589,944,False
func_We_0x10000a58b,-778,False
func_We_0x10000a58d,225,False
func_We_0x10000a599,-156,True
func_We_0x10000a9e4,288,False
func_We_0x10000c0d9,629,False
func_We_0x10000c0e9,424,True
func_We_0x10000c18d,1011,False
func_We_0x10000c18f,-250,False
func_We_0x10000c1cc,932,False
func_We_0x10000c1d8,119,False
func_We_0x10000c1e3,585,False
func_We_0x10000c700,626,True
func_We_0x10000c702,-263,False
func_We_0x10000c706,-408,True
func_We_0x10000d368,-190,True
func_Wn_0x1000086fa,-323,True
func_Wn_0x10000870b,166,False
func_Wn_0x100008713,778,True
func_Wn_0x100008715,1185,True
func_Wn_0x100008721,641,True
func_Wn_0x100008725,1135,True
func_Wn_0x100008729,-681,True
func_Wn_0x10000873b,1061,True
func_Wn_0x10000873f,336,True
func_Wn_0x100008745,86,True
func_Wn_0x100008747,585,True
func_Wn_0x100008749,-104,True
func_Wn_0x10000874b,450,True
func_Wn_0x100008753,-564,False
func_Wn_0x100008755,352,False
func_Wn_0x100008757,-703,True
func_Wn_0x100008763,1169,True
func_Wn_0x100008767,-265,True
func_Wn_0x10000876f,913,False
func_Wn_0x100008781,-11,True
func_Wn_0x100008785,570,True
func_Wo_0x1000086de,-734,False
func_Wo_0x10000879e,351,True
func_Wo_0x1000087a2,-505,True
func_Wo_0x1000087a6,953,True
func_Wo_0x100009c92,909,False
func_Wo_0x100009cec,967,True
func_Wr_0x1000086d0,-129,True
func_Wr_0x10000871a,-135,False
func_Wr_0x100009d3a,-559,False
func_Wr_0x100009d3c,966,True
func_Wr_0x100009d3e,-109,False
func_Wr_0x100009d46,-507,False
func_Wr_0x100009d4c,153,False
func_Wr_0x100009d4e,-701,False
func_Wr_0x100009d52,634,True
func_Wr_0x100009d54,-138,False
func_Wr_0x100009d56,-349,False
func_Wr_0x100009d59,-112,True
func_Wr_0x100009d5b,-769,False
func_Wr_0x100009d5f,-240,False
func_Wr_0x100009d6d,-279,False
func_Wr_0x100009d6f,681,True
func_Wr_0x100009d73,141,False
func_Wr_0x100009d75,173,False
func_Wr_0x100009d79,315,False
func_Wr_0x100009d7f,456,True
func_Wr_0x100009d83,369,True
func_Wr_0x100009d85,-254,True
func_Wr_0x100009d87,-442,False
func_Wr_0x100009d89,444,True
func_Wt_0x100000428,214,False
func_Wu_0x10000471a,-178,False
func_Wu_0x100004ffb,529,False
func_Wu_0x100006653,-159,True
func_Wu_0x100006f4d,1077,True
func_Wu_0x100007e05,-336,False
func_Wu_0x100007e07,773,True
func_Wu_0x100007e0b,858,True
func_Wu_0x100007e18,80,False
func_Wu_0x1000086c2,144,True
func_Wu_0x10000b229,677,True
func_Wu_0x10000b265,1202,True
func_Wu_0x10000b287,920,True
func_Wu_0x10000b2ff,323,True
func_Wu_0x10000b48c,-609,True
func_Wu_0x10000b4ae,-721,False
func_Wu_0x10000c384,353,True
func_Wu_0x10000cc76,684,True
func_X_0x1000001df,-422,True
func_X_0x100003872,427,False
func_X_0x10000387a,380,True
func_X_0x100003886,692,True
func_X_0x100003a5b,638,True
func_X_0x100003a79,-359,False
func_X_0x100003a7b,-705,True
func_X_0x100003a7d,541,False
func_X_0x100003a7f,459,False
func_X_0x100003a85,-414,False
func_X_0x100003a89,-152,True
func_X_0x100003a8d,797,True
func_X_0x100003a93,-720,True
func_X_0x100003a97,134,True
func_X_0x100003a9b,438,False
func_X_0x100003b24,-372,True
func_X_0x100003d54,-2,False
func_X_0x100003dd8,-558,True
func_X_0x100003dda,250,False
func_X_0x100003dde,671,False
func_X_0x100003de6,559,False
func_X_0x100003e30,1028,True
func_X_0x100003e32,-145,False
func_X_0x1000040d9,687,False
func_X_0x100004269,531,True
func_X_0x10000426f,-265,True
func_X_0x100004299,1039,False
func_X_0x10000429b,-76,True
func_X_0x100004309,-670,False
func_X_0x10000430b,-188,False
func_X_0x1000043fe,-175,False
func_X_0x100004443,244,False
func_X_0x100004472,-172,False
func_X_0x10000454f,345,False
func_X_0x100004551,1128,False
func_X_0x1000045f3,-179,False
func_X_0x10000463e,446,False
func_X_0x100004640,315,True
func_X_0x100004644,-556,False
func_X_0x100004646,-337,False
func_X_0x100004648,-275,True
func_X_0x10000464a,247,True
func_X_0x10000464c,-678,False
func_X_0x100004d53,-351,True
func_X_0x1000059df,-247,False
func_X_0x100005ab1,-147,False
func_X_0x100005abb,914,True
func_X_0x100005abd,-650,False
func_X_0x100005ac9,997,False
func_X_0x100005e9b,4,False
func_X_0x100005ec4,730,False
func_X_0x100006138,353,False
func_X_0x10000617c,-604,False
func_X_0x10000654a,-745,True
func_X_0x100006722,1105,False
func_X_0x100006b3f,-705,True
func_X_0x100006b45,-158,False
func_X_0x100006e59,-278,False
func_X_0x100006e72,654,True
func_X_0x100006e86,746,True
func_X_0x10000727b,-722,True
func_X_0x10000730a,719,True
func_X_0x100007325,151,False
func_X_0x10000732d,943,True
func_X_0x10000772d,1056,False
func_X_0x1000077e2,-697,False
func_X_0x1000078e2,-507,True
func_X_0x100007b72,387,False
func_X_0x100007eb1,1025,False
func_X_0x100007eb9,390,False
func_X_0x100007ec2,-751,False
func_X_0x100008690,1098,False
func_X_0x1000092a0,716,False
func_X_0x100009300,375,False
func_X_0x100009b85,-107,False
func_X_0x100009b8b,327,False
func_X_0x100009b8f,-527,True
func_X_0x100009dba,890,True
func_X_0x100009eb6,-76,True
func_X_0x10000a624,1049,False
func_X_0x10000af6b,-661,False
func_X_0x10000b0fa,574,True
func_X_0x10000b5e2,1078,False
func_X_0x10000b634,717,True
func_X_0x10000b636,-650,False
func_X_0x10000b63c,-400,False
func_X_0x10000b780,-169,False
func_X_0x10000b782,612,True
func_X_0x10000b78b,827,True
func_X_0x10000b83c,1111,True
func_X_0x10000b843,-354,True
func_X_0x10000b846,-709,False
func_X_0x10000b99f,-770,True
func_X_0x10000b9ac,1067,True
func_X_0x10000bb87,244,True
func_X_0x10000be76,983,False
func_X_0x10000beda,-663,True
func_X_0x10000bef1,857,False
func_X_0x10000bef3,1121,True
func_X_0x10000c089,-8,True
func_X_0x10000c6f5,628,True
func_X_0x10000c6f7,1057,False
func_X_0x10000caac,110,True
func_X_0x10000d00d,582,False
func_X_0x10000d00f,66,True
func_X_0x10000d013,-46,False
func_X_0x10000d015,203,False
func_X_0x10000d019,908,False
func_X_0x10000d159,896,False
func_X_0x10000d1e1,-293,False
func_X_0x10000d219,-308,True
func_X_0x10000d21d,715,False
func_X_0x10000d221,-230,True
func_Xe_0x100004726,63,False
func_Xe_0x1000075c7,-535,False
func_Xe_0x1000075c9,1055,False
func_Xe_0x1000075da,-70,True
func_Xe_0x100007619,-748,False
func_Xe_0x100007620,876,True
func_Xe_0x100007622,816,False
func_Xe_0x10000764d,894,False
func_Xe_0x10000764f,100,True
func_Xe_0x100007657,1141,False
func_Xe_0x100007659,-441,False
func_Xe_0x100007e1f,868,False
func_Xe_0x100007e21,1127,False
func_Xe_0x100007e3d,-657,True
func_Xe_0x100009109,499,False
func_Xe_0x1000093ad,524,False
func_Xe_0x10000b4b5,790,False
func_Xe_0x10000cb56,-662,True
func_Xe_0x10000cb5a,367,True
func_Xe_0x10000cb62,74,False
func_Xe_0x10000cb6c,1096,True
func_Xe_0x10000cb6e,983,False
func_Xe_0x10000cb70,758,False
func_Xe_0x10000cb73,-486,False
func_Xe_0x10000cb77,-160,False
func_Xe_0x10000cb7c,-434,True
func_Xe_0x10000cb7f,732,False
func_Xe_0x10000cb82,-471,True
func_Xe_0x10000cb85,1205,False
func_Xe_0x10000cb8b,-570,False
func_Xe_0x10000cb8d,-340,False
func_Xe_0x10000cb95,68,True
func_Xe_0x10000cb9a,-604,True
func_Xe_0x10000cba1,228,True
func_Xi_0x100004a15,-254,True
func_Xi_0x100004a3c,-571,False
func_Xi_0x100004a3e,-629,False
func_Xt_0x100000613,1044,True
func_Xt_0x100000879,53,False
func_Xt_0x10000087b,835,False
func_Xt_0x100000885,195,False
func_Xt_0x100000887,953,True
func_Xt_0x1000008a6,-66,True
func_Xt_0x1000008aa,-40,True
func_Xt_0x1000008ac,-243,False
func_Xt_0x1000008b0,-39,True
func_Xt_0x1000008b4,-82,False
func_Xt_0x1000043dd,806,True
func_Xt_0x1000043f1,619,False
func_Xt_0x10000b258,577,True
func_Xt_0x10000b25e,-449,False
func_Xt_0x10000b655,-227,True
func_Xt_0x10000b664,1109,False
func_Xt_0x10000b66a,-326,True
func_Xt_0x10000b66c,-422,True
func_Xt_0x10000b67e,906,False
func_Xt_0x10000b684,-456,False
func_Xt_0x10000b688,-177,True
func_Xt_0x10000b68a,14,True
func_Xt_0x10000b6f1,-630,True
func_Xt_0x10000b6f7,-64,True
func_Xt_0x10000b723,216,True
func_Xt_0x10000b725,-645,False
func_Xt_0x10000b746,730,False
func_Xu_0x100004ba5,592,True
func_Xu_0x100004ba7,1166,False
func_Xu_0x100004bab,249,False
func_Xu_0x100004baf,171,True
func_Xu_0x100004bb3,492,False
func_Xu_0x100004bbb,880,True
func_Xu_0x100004bbd,-584,False
func_Xu_0x100004bbf,774,True
func_Xu_0x100004bc3,456,False
func_Xu_0x100004bc9,-734,True
func_Xu_0x100004bcf,812,False
func_Xu_0x100004bd7,136,False
func_Xu_0x100004bdd,642,True
func_Xu_0x100004be3,-114,False
func_Xu_0x100004be7,828,True
func_Xu_0x100004bed,-83,False
func_Xu_0x100004bf3,167,True
func_Xu_0x100004bfd,-562,True
func_Xu_0x100004bff,1196,False
func_Xu_0x100004c05,789,False
func_Xu_0x100004c07,-218,True
func_Xu_0x100004c0b,1108,True
func_Xu_0x100004c0f,424,False
func_Xu_0x100004c11,947,True
func_Xu_0x100004c17,85,False
func_Xu_0x100004c1b,1024,False
func_Xu_0x100004c1d,520,False
func_Xu_0x100004c1f,319,False
func_Xu_0x100004c21,-63,True
func_Xu_0x100004c29,924,False
func_Xu_0x100004c31,258,True
func_Xu_0x100004c33,-448,False
func_Xu_0x100004c35,505,False
func_Xu_0x100004c39,1119,True
func_Xu_0x100004c41,442,True
func_Xu_0x100004c4b,-761,False
func_Xu_0x100004c4d,-462,False
func_Xu_0x100004c4f,590,True
func_Xu_0x100004c51,258,True
func_Xu_0x100004c57,728,True
func_Xu_0x100004c59,931,False
func_Xu_0x100004c5b,-119,True
func_Xu_0x100004c5d,159,True
func_Xu_0x100004c5f,325,True
func_Xu_0x100004c67,-263,False
func_Xu_0x100004c69,-377,False
func_Xu_0x100004c6b,1187,False
func_Xu_0x100004c77,1154,True
func_Xu_0x100004c79,-243,False
func_Xu_0x100004c7b,714,True
func_Xu_0x100004c7d,760,False
func_Xu_0x100004c85,-760,True
func_Xu_0x100004c87,-7,False
func_Xu_0x100004c8b,875,False
func_Xu_0x100004c8f,1188,False
func_Xu_0x100004c91,730,False
func_Xu_0x100004c93,-622,False
func_Xu_0x100004c95,-48,False
func_Xu_0x100004c97,-160,True
func_Xu_0x100004c9b,-380,True
func_Xu_0x100004ca1,940,True
func_Xu_0x100004ca7,1043,False
func_Xu_0x100004ca9,405,False
func_Xu_0x100004cab,1214,True
func_Xu_0x100004cb3,929,True
func_Xu_0x100004cb5,1069,False
func_Xu_0x100004cbb,747,True
func_Xu_0x100004cc9,1001,True
func_Xu_0x100004ccb,140,False
func_Xu_0x100004ccd,1125,False
func_Xu_0x100004cd1,-356,True
func_Xu_0x100004cd3,401,True
func_Xu_0x100004cd5,-665,False
func_Xu_0x100004cdc,657,False
func_Xu_0x100004cde,851,False
func_Xu_0x100004ceb,723,True
func_Ye_0x100005efb,-232,False
func_Ye_0x100005efd,-47,True
func_Ye_0x100005eff,556,True
func_Ye_0x100005f98,1194,False
func_Ye_0x100006045,-568,False
func_Ye_0x100006049,675,False
func_Ye_0x10000604b,1100,True
func_Ye_0x100006085,-604,True
func_Ye_0x1000060d7,-88,False
func_Ye_0x1000060df,-23,True
func_Ye_0x1000064b2,-46,True
func_Ye_0x1000064d0,788,True
func_Ye_0x100006d09,1062,True
func_Ye_0x100007007,902,True
func_Ye_0x1000073e1,514,False
func_Ye_0x1000073e5,-11,False
func_Ye_0x1000073ef,1196,True
func_Ye_0x1000073f3,557,False
func_Ye_0x100007be3,23,True
func_Ye_0x100007d6f,-25,False
func_Ye_0x100007d78,-427,True
func_Ye_0x100007d7f,1166,False
func_Ye_0x100008385,913,True
func_Ye_0x1000090bc,803,False
func_Ye_0x10000aa87,373,False
func_Ye_0x10000aa91,92,True
func_Ye_0x10000b002,452,False
func_Ye_0x10000b008,-599,False
func_Ye_0x10000b011,934,False
func_Ye_0x10000b015,1113,False
func_Ye_0x10000c372,-766,False
func_Ye_0x10000c541,152,False
func_Ye_0x10000c970,593,False
func_Ye_0x10000c999,-512,True
func_Ye_0x10000c9a2,-336,False
func_Ye_0x10000ca9e,-570,True
func_Ye_0x10000cfe0,928,True
func_Ye_0x10000cfe2,1023,True
func_Ye_0x10000cfe8,-258,True
func_Ye_0x10000cfec,418,False
func_Ye_0x10000cfee,376,True
func_Ye_0x10000d24b,-667,False
func_Ye_0x10000d24d,504,True
func_Ye_0x10000d2ab,56,False
func_Ye_0x10000d2cd,771,False
func_Ye_0x10000d2d1,644,True
func_Ye_0x10000d31e,894,False
func_Yi_0x1000086d4,660,True
func_Yo_0x10000bac6,49,False
func_Yo_0x10000bb32,708,False
func_Yo_0x10000bb34,1104,False
func_Yo_0x10000bb38,-53,False
func_Yo_0x10000bb3c,-328,True
func_Yr_0x100006af0,834,True
func_Yr_0x1000070d9,-418,False
func_Yr_0x1000070e9,1062,True
func_Yr_0x1000070eb,63,True
func_Yr_0x1000070ed,1156,False
func_Yr_0x1000070f0,-53,False
func_Yr_0x10000714d,-219,True
func_Yr_0x10000715a,-542,False
func_Yr_0x10000715c,-424,False
func_Yr_0x100007160,539,True
func_Yr_0x100007164,1167,True
func_Yr_0x10000716c,1025,True
func_Yr_0x100007174,858,True
func_Yr_0x100007176,777,False
func_Yr_0x100007190,783,False
func_Yr_0x100007194,846,True
func_Yr_0x10000719c,-530,True
func_Yr_0x1000071ab,1185,False
func_Yr_0x1000071ae,-105,True
func_Yr_0x1000071bd,-560,False
func_Yr_0x1000071c1,696,False
func_Yr_0x1000071c5,-9,False
func_Yr_0x1000071c9,1006,False
func_Yr_0x1000071df,-678,False
func_Yr_0x1000071e5,964,True
func_Yr_0x1000071f8,-150,False
func_Yr_0x1000071fc,-701,True
func_Yr_0x100007200,377,False
func_Yr_0x100007202,-752,False
func_Yr_0x10000720e,165,False
func_Yr_0x100007212,1155,True
func_Yt_0x100005b15,933,False
func_Yt_0x10000606a,1103,False
func_Yt_0x100006fa4,541,False
func_Yt_0x10000911d,-697,True
func_Yt_0x100009123,-688,False
func_Yt_0x100009125,390,True
func_Yt_0x10000914a,-417,True
func_Yt_0x100009150,387,True
func_Yt_0x100009152,-256,True
func_Yt_0x10000c2d4,726,False
func_Yt_0x10000c2da,396,False
func_Yt_0x10000c2dd,-336,False
func_Z_0x100003839,1201,True
func_Z_0x100003843,-360,False
func_Z_0x100003847,319,True
func_Z_0x100003849,31,False
func_Z_0x10000385f,-647,True
func_Z_0x100003b12,-15,True
func_Z_0x100003b20,-81,True
func_Z_0x100003bd0,-375,True
func_Z_0x100003cc7,-14,False
func_Z_0x100003ccd,698,False
func_Z_0x100003cde,809,True
func_Z_0x100003ce0,814,True
func_Z_0x100003edc,678,True
func_Z_0x1000044da,-558,False
func_Z_0x1000044f7,-488,False
func_Z_0x1000044f9,41,False
func_Z_0x100004501,-143,True
func_Z_0x100004503,-443,False
func_Z_0x10000452f,229,True
func_Z_0x100004531,675,True
func_Z_0x100004533,401,True
func_Z_0x100004535,1119,False
func_Z_0x10000461c,-393,True
func_Z_0x1000046c2,-686,True
func_Z_0x1000046ca,-730,False
func_Z_0x10000475b,-556,False
func_Z_0x100004df7,-324,True
func_Z_0x100004e19,-271,True
func_Z_0x1000059eb,106,False
func_Z_0x1000059f3,377,True
func_Z_0x100005a0f,-260,False
func_Z_0x100005af6,366,True
func_Z_0x100005af8,-732,False
func_Z_0x100005b00,996,False
func_Z_0x100005bdb,1199,True
func_Z_0x100005bdf,269,False
func_Z_0x100005be1,722,True
func_Z_0x100005be3,-185,False
func_Z_0x100005be7,944,False
func_Z_0x100006344,535,True
func_Z_0x100006346,954,True
func_Z_0x100006348,947,True
func_Z_0x100006536,65,True
func_Z_0x100006540,-669,False
func_Z_0x100006568,245,True
func_Z_0x10000689e,-786,True
func_Z_0x100007286,328,True
func_Z_0x1000072df,886,True
func_Z_0x1000073bc,365,True
func_Z_0x100007703,-649,False
func_Z_0x100007829,998,True
func_Z_0x100007efc,-5,True
func_Z_0x100007efe,-50,False
func_Z_0x100007f00,761,False
func_Z_0x100007f3d,703,True
func_Z_0x100007f47,-169,True
func_Z_0x10000816d,-429,False
func_Z_0x100008541,770,False
func_Z_0x100008579,75,True
func_Z_0x100008587,-133,False
func_Z_0x100008589,61,False
func_Z_0x10000858b,-570,False
func_Z_0x1000085af,-160,False
func_Z_0x1000085bd,859,True
func_Z_0x1000085cd,-767,True
func_Z_0x1000086b7,-680,True
func_Z_0x100008d67,-503,True
func_Z_0x100008f23,894,True
func_Z_0x100008fd6,489,True
func_Z_0x100008fec,582,False
func_Z_0x100008fee,884,True
func_Z_0x1000091f2,429,True
func_Z_0x1000092c7,978,False
func_Z_0x100009648,-445,True
func_Z_0x10000964a,679,False
func_Z_0x10000964e,-116,False
func_Z_0x100009657,953,False
func_Z_0x100009659,801,False
func_Z_0x10000965d,1067,False
func_Z_0x10000965f,312,True
func_Z_0x1000097eb,1081,True
func_Z_0x1000097ed,29,False
func_Z_0x100009de9,999,False
func_Z_0x100009deb,51,False
func_Z_0x100009dee,-95,False
func_Z_0x100009df4,654,False
func_Z_0x100009ea7,-446,True
func_Z_0x100009ea9,-29,True
func_Z_0x100009f21,-713,True
func_Z_0x100009f2c,-215,False
func_Z_0x10000a21d,805,True
func_Z_0x10000a5a1,58,False
func_Z_0x10000a5c1,968,True
func_Z_0x10000a5f5,-89,True
func_Z_0x10000af56,442,False
func_Z_0x10000af58,871,True
func_Z_0x10000af5c,1163,False
func_Z_0x10000af5e,991,True
func_Z_0x10000af62,-526,True
func_Z_0x10000af7a,678,False
func_Z_0x10000b0d2,-590,False
func_Z_0x10000b0fe,1119,True
func_Z_0x10000b136,624,True
func_Z_0x10000b138,-763,True
func_Z_0x10000b1f5,533,True
func_Z_0x10000b625,-272,False
func_Z_0x10000c041,55,True
func_Z_0x10000c043,-526,False
func_Z_0x10000c045,-51,True
func_Z_0x10000c048,-305,False
func_Z_0x10000c088,295,False
func_Z_0x10000d315,1178,True
func_Za_0x1000057ce,532,True
func_Ze_0x100004661,797,False
func_Ze_0x100004795,591,True
func_Ze_0x100004798,53,False
func_Ze_0x1000047f8,878,False
func_Ze_0x100005a5f,891,False
func_Ze_0x100005f89,546,True
func_Ze_0x100005f9d,1049,False
func_Ze_0x1000063a9,1024,True
func_Ze_0x1000063c9,794,False
func_Ze_0x100006cc7,482,True
func_Ze_0x100006cc9,-343,False
func_Ze_0x100006e2d,-557,False
func_Ze_0x100006e2f,199,False
func_Ze_0x100006e33,-101,False
func_Ze_0x100006e35,-366,True
func_Ze_0x100006e37,828,False
func_Ze_0x100006e3b,309,True
func_Ze_0x100006e3f,256,False
func_Ze_0x100006e41,1061,False
func_Ze_0x100006e43,1106,True
func_Ze_0x100006e45,692,False
func_Ze_0x100006e47,-294,True
func_Ze_0x100006e49,658,False
func_Ze_0x100007003,-478,False
func_Ze_0x100007bc2,793,False
func_Ze_0x100007bce,1000,False
func_Ze_0x100007bee,1099,True
func_Ze_0x100009565,1088,False
func_Ze_0x100009588,106,False
func_Ze_0x10000959f,1190,True
func_Ze_0x1000095a1,461,False
func_Ze_0x1000095a8,58,True
func_Ze_0x100009697,-555,False
func_Ze_0x100009699,1084,True
func_Ze_0x10000969b,-424,True
func_Ze_0x10000969d,-613,False
func_Ze_0x10000969f,971,False
func_Ze_0x100009bc5,-417,False
func_Ze_0x10000a5c9,-469,False
func_Ze_0x10000aee8,250,True
func_Ze_0x10000c2b8,-204,False
func_Ze_0x10000c467,176,True
func_Ze_0x10000c46b,-427,False
func_Ze_0x10000cac7,76,True
func_Ze_0x10000cf66,678,True
func_Ze_0x10000d242,866,False
func_Ze_0x10000d2a4,1141,False
func_Ze_0x10000d2be,-321,False
func_Ze_0x10000d2d4,266,True
func_Ze_0x10000d33e,637,False
func_Zo_0x1000071ef,-175,False
func_Zo_0x10000bab9,-350,True
func_Zr_0x10000871c,767,False
func_Zr_0x100009c67,680,False
func_Zr_0x100009c72,-695,True
func_Zr_0x100009c7a,450,False
func_Zr_0x100009c7c,619,False
func_Zr_0x100009c84,-346,False
func_Zr_0x100009c8a,-665,True
func_Zr_0x100009c90,449,False
func_Zr_0x100009c98,1174,False
func_Zr_0x100009c9a,-307,False
func_Zr_0x100009ca0,920,False
func_Zr_0x100009ca4,998,False
func_Zr_0x100009caa,1152,True
func_Zr_0x100009cac,886,False
func_Zr_0x100009cb0,147,True
func_Zr_0x100009cb4,1106,True
func_Zr_0x100009cba,1115,False
func_Zr_0x100009cc0,396,True
func_Zr_0x100009cc4,950,True
func_Zr_0x100009cca,1109,False
func_Zr_0x100009ccc,980,True
func_Zr_0x100009cce,-716,True
func_Zr_0x100009cd0,751,True
func_Zr_0x100009cd2,-695,True
func_Zr_0x100009cd4,-300,False
func_Zr_0x100009cda,-358,False
func_Zr_0x100009cdc,887,True
func_Zr_0x100009ce0,967,False
func_Zr_0x100009ce2,377,False
func_Zr_0x100009ce4,1070,False
func_Zr_0x100009ce6,564,False
func_Zr_0x100009cee,-256,True
func_Zr_0x100009cf4,895,True
func_Zr_0x100009cf8,-179,True
func_Zr_0x100009cfc,568,False
func_Zr_0x100009d02,729,False
func_Zr_0x100009d08,945,False
func_Zr_0x100009d0c,329,True
func_Zr_0x100009d10,-158,False
func_Zr_0x100009d1a,699,False
func_Zr_0x100009d1e,-557,True
func_Zr_0x100009d26,1098,False
func_Zr_0x100009d28,211,True
func_Zr_0x100009d2a,753,True
func_Zr_0x100009d34,-725,False
func_Zr_0x100009d38,104,False
func_Zr_0x100009d8d,-281,False
func_Zr_0x100009d8f,363,False
func_Zr_0x100009d91,824,False
func_Zr_0x100009d97,-249,True
func_Zr_0x100009d99,777,False
func_Zt_0x100006af5,32,True
func_Zt_0x100006af7,87,True
func_Zt_0x10000ba35,-55,False
func_Zt_0x10000ba4f,-456,True
func_Zt_0x10000ba51,424,False
func_Zt_0x10000baa9,1116,False
func_Zt_0x10000bb5f,1118,True
func_Zt_0x10000bd6f,-284,False
func_Zt_0x10000bd79,-4,True
func_Zt_0x10000bd80,78,False
func_Zt_0x10000bda0,586,False
func_Zt_0x10000bdac,-598,False
func_Zt_0x10000bdae,1183,False
func_Zt_0x10000bdb2,734,False
func_Zt_0x10000bdb8,844,True
func_Zt_0x10000bdc4,-534,False
func_Zt_0x10000bdcb,1013,False
func_Zt_0x10000bdce,-223,True
func_Zt_0x10000bdd4,-266,False
func_Zt_0x10000bdda,-57,False
func_Zt_0x10000bde8,361,True
func_Zt_0x10000bdf2,381,False
func_Zt_0x10000bdf4,-267,False
func_Zt_0x10000be0b,1053,False
func_Zt_0x10000be0d,816,False
func_Zt_0x10000be11,1147,True
func_Zt_0x10000be2b,818,False
func_Zu_0x100000813,933,True
func_Zu_0x1000038f9,762,False
func_Zu_0x100003a0b,-627,True
func_Zu_0x100003a19,814,False
func_Zu_0x100003a26,871,False
func_Zu_0x100003a49,744,True
func_Zu_0x100005ca2,1077,True
func_Zu_0x100005ca4,189,True
func_Zu_0x1000068f5,502,False
func_Zu_0x100009fd8,682,False
func_Zu_0x100009ff4,-11,True
func_Zu_0x10000a01c,-746,True
func_Zu_0x10000a01e,491,True
func_Zu_0x10000a03a,1037,False
func_Zu_0x10000c611,-196,False
func_Zu_0x10000c67c,-524,True
func_Zu_0x10000c6bd,29,False
func_Zu_0x10000ceb3,1050,True
func_a0_0x1000086d9,171,True
func_a_0x1000000af,-463,True
func_a_0x100000139,1129,True
func_a_0x1000001fd,134,False
func_a_0x100000228,890,True
func_a_0x100000244,173,True
func_a_0x1000002b1,1132,False
func_a_0x1000002c2,144,True
func_a_0x10000032b,-142,False
func_a_0x100000331,704,True
func_a_0x100000367,-313,False
func_a_0x100000377,716,False
func_a_0x10000038e,50,True
func_a_0x1000003e7,-621,True
func_a_0x100000408,-209,True
func_a_0x10000041c,-725,True
func_a_0x100000429,762,True
func_a_0x10000047a,-324,True
func_a_0x100000556,654,True
func_a_0x100000594,1005,True
func_a_0x1000005b8,785,False
func_a_0x1000005df,518,True
func_a_0x1000008d6,847,False
func_a_0x100000907,-667,True
func_a_0x100000984,-216,False
func_a_0x100000987,20,True
func_a_0x10000098e,397,True
func_a_0x1000009d1,365,False
func_a_0x100003ab8,-519,True
func_a_0x100003adb,618,False
func_a_0x100003ae9,-341,False
func_a_0x100003af5,733,True
func_a_0x100003c34,-585,True
func_a_0x100003c39,487,False
func_a_0x100003da1,-470,False
func_a_0x100004027,-629,False
func_a_0x10000402e,199,True
func_a_0x100004043,571,False
func_a_0x100004048,1055,True
func_a_0x100004080,13,True
func_a_0x100004085,267,True
func_a_0x10000408a,70,False
func_a_0x1000044ba,609,True
func_a_0x1000045ad,940,True
func_a_0x100004896,821,False
func_a_0x100004d0a,122,False
func_a_0x100004db4,56,False
func_a_0x100004f2a,414,False
func_a_0x100004f3e,-81,True
func_a_0x100004f67,700,False
func_a_0x100004f9b,658,True
func_a_0x10000549a,774,True
func_a_0x10000587c,814,False
func_a_0x100005b77,308,True
func_a_0x100005e77,-301,False
func_a_0x100005ed3,12,False
func_a_0x100005ed9,433,True
func_a_0x100005ee1,699,True
func_a_0x100006218,1175,False
func_a_0x100006221,-783,False
func_a_0x10000622b,261,True
func_a_0x100006885,-140,False
func_a_0x100006b99,-779,False
func_a_0x100006bdb,-546,False
func_a_0x100006bed,-176,True
func_a_0x100006c0c,711,False
func_a_0x100006c28,1189,False
func_a_0x100006c31,1001,False
func_a_0x100006c3d,809,True
func_a_0x100006c45,894,False
func_a_0x100006c54,-166,False
func_a_0x100006d3a,1073,False
func_a_0x10000700f,678,True
func_a_0x10000729d,1180,True
func_a_0x1000072ab,368,True
func_a_0x10000739a,-432,False
func_a_0x1000076b3,832,False
func_a_0x1000076c7,1130,True
func_a_0x10000770b,901,False
func_a_0x100007742,95,False
func_a_0x1000077c9,616,False
func_a_0x10000780c,-33,True
func_a_0x100007883,2,False
func_a_0x1000078ce,666,True
func_a_0x100007baf,-108,False
func_a_0x100007bb5,679,False
func_a_0x100007c80,-458,False
func_a_0x100007f23,735,True
func_a_0x100007fe8,663,False
func_a_0x100008064,1210,True
func_a_0x10000811d,1188,False
func_a_0x100008403,493,False
func_a_0x1000084cd,-690,False
func_a_0x1000084d9,1100,True
func_a_0x1000084e9,1207,False
func_a_0x1000085dd,1011,True
func_a_0x100008872,1040,False
func_a_0x100008c49,-765,True
func_a_0x100008c5d,183,True
func_a_0x100008ce1,-136,True
func_a_0x100008ecf,692,False
func_a_0x100008fcf,-40,False
func_a_0x10000947a,-579,False
func_a_0x100009a2d,-657,False
func_a_0x100009b27,-346,False
func_a_0x100009b3b,-678,False
func_a_0x100009f0f,576,False
func_a_0x10000a52c,1081,True
func_a_0x10000a7c8,-739,False
func_a_0x10000a80b,591,False
func_a_0x10000a85a,629,True
func_a_0x10000a86b,-371,True
func_a_0x10000a872,91,False
func_a_0x10000a880,705,False
func_a_0x10000a891,561,False
func_a_0x10000a8c5,918,True
func_a_0x10000a8e9,-398,False
func_a_0x10000a8f8,123,True
func_a_0x10000aade,-595,False
func_a_0x10000aaf3,392,True
func_a_0x10000ab3c,-634,False
func_a_0x10000ac0d,824,True
func_a_0x10000acb9,605,True
func_a_0x10000acda,485,False
func_a_0x10000ad5c,749,False
func_a_0x10000ad6f,859,True
func_a_0x10000ad79,213,False
func_a_0x10000ad82,649,False
func_a_0x10000ae65,1067,False
func_a_0x10000af36,-246,False
func_a_0x10000af8c,-227,False
func_a_0x10000b075,-43,True
func_a_0x10000b0c7,-206,True
func_a_0x10000b18f,41,True
func_a_0x10000b35f,1143,True
func_a_0x10000b362,-266,True
func_a_0x10000b387,-107,True
func_a_0x10000b394,-589,True
func_a_0x10000b472,-266,False
func_a_0x10000b80f,-406,False
func_a_0x10000b8c8,-530,False
func_a_0x10000b91f,-386,False
func_a_0x10000b9b0,-368,True
func_a_0x10000bb71,-341,False
func_a_0x10000bc48,223,False
func_a_0x10000bc4f,-337,True
func_a_0x10000bc56,66,False
func_a_0x10000c14f,-692,True
func_a_0x10000c2ee,1016,False
func_a_0x10000c8fe,1120,True
func_a_0x10000cb0b,108,True
func_a_0x10000cbd6,-741,True
func_a_0x10000ceef,12,False
func_a_0x10000d005,425,True
func_a_0x10000d3eb,-223,False
func_ae_0x1000001e0,963,True
func_ae_0x1000001e2,157,True
func_ae_0x1000040e4,960,False
func_ae_0x100004183,-500,False
func_ae_0x10000418d,258,True
func_ae_0x1000042d2,1051,False
func_ae_0x1000042d4,451,False
func_ae_0x100004413,-534,False
func_ae_0x100004448,974,False
func_ae_0x10000446d,874,False
func_ae_0x100004477,-474,True
func_ae_0x100004479,-433,False
func_ae_0x1000045f9,-658,False
func_ae_0x1000045fb,-365,True
func_ae_0x10000512e,-441,False
func_ae_0x1000060c8,244,False
func_ae_0x100006136,-563,True
func_ae_0x10000705b,-183,False
func_ae_0x10000723d,54,False
func_ae_0x100007260,-761,False
func_ae_0x10000789a,763,True
func_ae_0x1000078e3,-172,True
func_ae_0x1000079e2,614,False
func_ae_0x1000079e5,476,False
func_ae_0x1000079f1,1040,False
func_ae_0x100009286,1045,False
func_ae_0x100009dbd,961,True
func_ae_0x100009ebb,76,False
func_ae_0x100009ec1,-732,False
func_ae_0x10000a0f5,-638,False
func_ae_0x10000a0f7,820,False
func_ae_0x10000a0f9,-754,False
func_ae_0x10000a2a2,-260,False
func_ae_0x10000a2f7,315,True
func_ae_0x10000a42e,-363,True
func_ae_0x10000a438,74,True
func_ae_0x10000a622,247,False
func_ae_0x10000a796,-137,True
func_ae_0x10000a7a5,-117,True
func_ae_0x10000b1fb,-82,True
func_ae_0x10000b3b5,-31,True
func_ae_0x10000b5e3,-76,False
func_ae_0x10000b5e5,80,False
func_ae_0x10000b5fe,-400,True
func_ae_0x10000b602,-688,True
func_ae_0x10000b608,-314,True
func_ae_0x10000b851,897,True
func_ae_0x10000b853,13,True
func_ae_0x10000b86d,1166,True
func_ae_0x10000b870,-363,False
func_ae_0x10000bed2,565,True
func_ae_0x10000bf5a,187,False
func_ae_0x10000bf5c,941,False
func_ae_0x10000bf88,348,True
func_ae_0x10000bf97,1006,True
func_ae_0x10000bf99,-632,True
func_ae_0x10000bf9f,3,True
func_ae_0x10000bfac,1099,False
func_ae_0x10000bfb9,-210,False
func_ae_0x10000bfe5,986,False
func_ae_0x10000c481,511,False
func_ae_0x10000d079,326,False
func_ae_0x10000d0d2,-281,False
func_ae_0x10000d1b3,847,False
func_ae_0x10000d1b5,-715,True
func_an_0x1000007b6,74,False
func_an_0x1000007ba,-601,False
func_an_0x1000007c0,-675,True
func_an_0x1000007d6,303,True
func_an_0x1000007da,1000,True
func_an_0x1000007de,-690,False
func_an_0x1000007e0,289,False
func_an_0x1000007e2,-476,True
func_an_0x1000007e4,887,True
func_an_0x1000007ec,-655,True
func_an_0x1000007ee,-360,True
func_an_0x1000007f0,-456,False
func_an_0x1000007f4,-264,True
func_an_0x1000007f8,-33,True
func_an_0x1000007fa,-147,True
func_an_0x1000007fe,-668,False
func_an_0x100000802,464,False
func_an_0x10000080c,472,False
func_an_0x1000038cf,-267,False
func_an_0x10000ce7a,-555,True
func_an_0x10000ce7e,-695,True
func_ar_0x100009d40,250,True
func_ar_0x100009d42,1144,False
func_ar_0x100009d44,-431,True
func_ar_0x100009d48,1211,False
func_ar_0x100009d4a,263,True
func_ar_0x100009d50,930,True
func_ar_0x100009d63,-197,True
func_ar_0x100009d71,-150,True
func_at_0x100000811,599,True
func_at_0x100006b06,506,False
func_at_0x100006b08,845,True
func_at_0x100006b1a,743,True
func_at_0x100006b24,978,False
func_at_0x100008306,45,False
func_at_0x100008308,-678,False
func_at_0x10000832b,976,True
func_at_0x100008333,789,False
func_at_0x100008335,153,True
func_at_0x100008339,-389,False
func_at_0x10000833f,1073,True
func_at_0x100008347,733,True
func_at_0x100008349,-337,True
func_at_0x10000834b,-433,True
func_at_0x10000834d,1088,True
func_at_0x100008355,482,True
func_at_0x100008357,-511,True
func_at_0x10000835b,-729,False
func_at_0x10000835f,646,False
func_at_0x100008363,-18,False
func_at_0x10000836b,-456,True
func_at_0x10000836d,582,True
func_at_0x10000836f,1094,False
func_at_0x100008371,780,True
func_at_0x100008375,119,True
func_at_0x10000c62f,139,True
func_at_0x10000c633,909,True
func_at_0x10000c639,144,False
func_at_0x10000c63f,1020,True
func_at_0x10000c645,213,True
func_at_0x10000c694,-193,False
func_at_0x10000c6a3,-641,False
func_at_0x10000ce6c,-395,False
func_b_0x100000114,665,False
func_b_0x10000012f,807,False
func_b_0x100000131,997,True
func_b_0x100000133,607,False
func_b_0x1000001dc,178,False
func_b_0x10000029b,-238,True
func_b_0x100003640,101,True
func_b_0x100003684,1172,False
func_b_0x100003cf7,-458,True
func_b_0x100003d10,684,True
func_b_0x100003d28,1100,False
func_b_0x100003dfd,735,True
func_b_0x100003e5d,-471,True
func_b_0x100003e5f,31,True
func_b_0x100003e65,-733,True
func_b_0x100003e67,-225,True
func_b_0x100003e9c,-28,False
func_b_0x100004094,-104,False
func_b_0x1000040b9,-459,False
func_b_0x1000041f9,-704,True
func_b_0x1000043f9,-629,True
func_b_0x100004699,-712,False
func_b_0x1000046bb,-649,False
func_b_0x100004e76,400,False
func_b_0x100004eb4,-124,True
func_b_0x100004eb8,254,True
func_b_0x100004fb2,23,False
func_b_0x100004fb4,906,True
func_b_0x100004fba,792,False
func_b_0x100004fc9,-636,False
func_b_0x100005a0a,797,True
func_b_0x100005bb4,-246,True
func_b_0x100006277,427,False
func_b_0x100006279,-524,True
func_b_0x100006299,211,True
func_b_0x100006b94,436,True
func_b_0x100006d2e,1154,False
func_b_0x100006d35,818,True
func_b_0x100006dd6,-712,False
func_b_0x100006dd8,223,True
func_b_0x100006f84,-53,True
func_b_0x100007678,543,False
func_b_0x100007770,996,False
func_b_0x1000077ce,647,False
func_b_0x100007c30,-97,True
func_b_0x100007c8b,953,False
func_b_0x100007cab,-205,True
func_b_0x100007dc2,-447,False
func_b_0x100007f5e,226,False
func_b_0x100007f64,253,True
func_b_0x100008011,-256,False
func_b_0x100008098,475,True
func_b_0x1000080a0,1088,False
func_b_0x1000080d1,1206,False
func_b_0x10000819f,1049,True
func_b_0x10000821f,692,False
func_b_0x10000822f,-188,False
func_b_0x100008827,942,True
func_b_0x10000887d,-704,False
func_b_0x100008c2d,74,False
func_b_0x100008c30,-211,False
func_b_0x100008c98,-69,True
func_b_0x100008de1,572,True
func_b_0x100008def,467,True
func_b_0x100008f25,1030,False
func_b_0x100008f94,50,False
func_b_0x100008fae,-117,True
func_b_0x100008fb0,-182,True
func_b_0x100008fbc,463,False
func_b_0x10000903d,531,False
func_b_0x100009058,1118,True
func_b_0x100009060,606,False
func_b_0x100009076,-569,False
func_b_0x10000924b,582,True
func_b_0x1000093f0,-341,False
func_b_0x1000093f3,542,False
func_b_0x10000949e,-456,False
func_b_0x1000094a6,-433,False
func_b_0x1000094ab,803,True
func_b_0x1000094ad,-7,True
func_b_0x1000094b7,-373,True
func_b_0x100009511,1051,True
func_b_0x10000981d,-426,False
func_b_0x10000982a,1148,False
func_b_0x10000982e,-703,True
func_b_0x100009937,336,False
func_b_0x1000099b6,-53,False
func_b_0x100009a60,694,True
func_b_0x10000a1cf,-136,False
func_b_0x10000a294,376,True
func_b_0x10000a389,-369,False
func_b_0x10000a456,-257,True
func_b_0x10000a45b,-511,True
func_b_0x10000a49b,-191,False
func_b_0x10000a4ae,331,False
func_b_0x10000a4f2,335,True
func_b_0x10000a63e,-369,True
func_b_0x10000a676,-687,True
func_b_0x10000a68b,-552,True
func_b_0x10000a6ee,455,True
func_b_0x10000a6f4,477,False
func_b_0x10000a6f6,675,False
func_b_0x10000a6f8,-90,False
func_b_0x10000a7f1,-339,False
func_b_0x10000aa20,-438,True
func_b_0x10000ab19,-477,True
func_b_0x10000ab20,430,True
func_b_0x10000ab22,994,True
func_b_0x10000ac49,185,False
func_b_0x10000b41e,-719,False
func_b_0x10000b586,632,False
func_b_0x10000b7bb,-361,False
func_b_0x10000b7c1,282,True
func_b_0x10000b7dd,1055,True
func_b_0x10000b7df,769,True
func_b_0x10000c067,890,False
func_b_0x10000c2f8,252,False
func_b_0x10000c421,362,True
func_b_0x10000c814,-187,False
func_b_0x10000cbe3,1202,False
func_b_0x10000d3d8,1002,True
func_b_0x10000d3da,1089,False
func_be_0x100003b52,-391,True
func_be_0x100003b58,-461,False
func_be_0x100003b5c,-505,True
func_be_0x100003b60,-554,True
func_be_0x100003b68,19,True
func_be_0x100003b6a,-15,False
func_be_0x100003b74,-592,True
func_be_0x100003b76,424,True
func_be_0x100003b78,172,True
func_be_0x100003b7a,-589,False
func_be_0x100003b7c,-201,True
func_be_0x100003b7e,-748,False
func_be_0x100003b80,896,False
func_be_0x100003b84,665,True
func_be_0x100003b88,292,True
func_be_0x100003b8e,21,True
func_be_0x100003b90,424,False
func_be_0x100003b94,878,False
func_be_0x100003b96,-16,False
func_be_0x100003b98,229,True
func_be_0x100003b9a,1171,False
func_be_0x100003b9c,980,False
func_be_0x100003ba2,538,True
func_be_0x100005f04,1003,False
func_be_0x100006124,1192,True
func_be_0x100006ccf,-246,True
func_be_0x100006cd6,794,True
func_be_0x100006e2b,-781,False
func_be_0x100006e31,-725,False
func_be_0x100006e3d,1092,True
func_be_0x100006e4b,1107,False
func_be_0x100006e4d,240,False
func_be_0x100006e4f,-182,True
func_be_0x100006e51,-537,False
func_be_0x100007bc8,-436,True
func_be_0x100007bd4,392,True
func_be_0x100007bec,1109,False
func_be_0x100007bf0,1069,True
func_be_0x100007c26,-82,True
func_be_0x100009578,953,False
func_be_0x100009580,120,True
func_be_0x100009598,789,False
func_be_0x1000095a4,1145,True
func_be_0x1000095a6,943,False
func_be_0x10000adef,11,True
func_be_0x10000cf5b,-20,False
func_be_0x10000cf69,302,True
func_be_0x10000d2e0,-329,True
func_be_0x10000d2ec,-645,False
func_bo_0x1000055bc,-544,True
func_bo_0x10000573f,-469,True
func_bo_0x10000578d,-716,True
func_bo_0x100005846,31,True
func_br_0x100004ba9,520,True
func_br_0x100004bad,-471,True
func_br_0x100004bb1,-421,False
func_br_0x100004bb5,309,True
func_br_0x100004bb7,-241,True
func_br_0x100004bb9,298,True
func_br_0x100004bc5,-402,False
func_br_0x100004bc7,463,True
func_br_0x100004bcb,-610,True
func_br_0x100004bcd,-679,False
func_br_0x100004bd1,1177,True
func_br_0x100004bd3,-570,True
func_br_0x100004bd5,-36,False
func_br_0x100004bd9,59,True
func_br_0x100004bdf,-430,True
func_br_0x100004be1,452,True
func_br_0x100004be5,199,False
func_br_0x100004be9,1042,True
func_br_0x100004beb,761,False
func_br_0x100004bef,363,True
func_br_0x100004bf1,-328,False
func_br_0x100004bf5,503,False
func_br_0x100004bf7,368,False
func_br_0x100004bf9,540,True
func_br_0x100004bfb,726,True
func_br_0x100004c01,197,True
func_br_0x100004c03,92,False
func_br_0x100004c09,-62,False
func_br_0x100004c0d,101,False
func_br_0x100004c13,-732,False
func_br_0x100004c15,-583,False
func_br_0x100004c19,-522,True
func_br_0x100004c23,783,False
func_br_0x100004c25,1208,True
func_br_0x100004c27,-230,True
func_br_0x100004c2b,1057,True
func_br_0x100004c2d,895,True
func_br_0x100004c2f,173,True
func_br_0x100004c37,723,False
func_br_0x100004c3b,-609,False
func_br_0x100004c3d,101,True
func_br_0x100004c3f,48,False
func_br_0x100004c43,-439,True
func_br_0x100004c45,-661,True
func_br_0x100004c47,872,False
func_br_0x100004c49,61,True
func_br_0x100004c53,281,False
func_br_0x100004c55,-31,True
func_br_0x100004c61,991,False
func_br_0x100004c63,-711,False
func_br_0x100004c65,756,False
func_br_0x100004c6d,430,False
func_br_0x100004c6f,813,True
func_br_0x100004c71,-163,True
func_br_0x100004c73,104,True
func_br_0x100004c75,619,True
func_br_0x100004c7f,586,True
func_br_0x100004c83,-750,False
func_br_0x100004c89,514,False
func_br_0x100004c8d,171,False
func_br_0x100004c99,-373,False
func_br_0x100004c9d,844,True
func_br_0x100004c9f,232,True
func_br_0x100004ca3,-618,False
func_br_0x100004ca5,795,True
func_br_0x100004cad,-151,False
func_br_0x100004caf,-594,True
func_br_0x100004cb1,676,True
func_br_0x100004cb7,111,False
func_br_0x100004cb9,1172,False
func_br_0x100004cbd,770,False
func_br_0x100004cbf,672,False
func_br_0x100004cc1,27,False
func_br_0x100004cc3,681,True
func_br_0x100004cc5,-291,False
func_br_0x100004cc7,363,True
func_br_0x100004ccf,1084,False
func_br_0x100004cd7,-90,False
func_bt_0x100000615,1053,False
func_bt_0x100000617,517,False
func_bt_0x1000043ef,226,True
func_bt_0x10000665a,713,False
func_bt_0x10000665c,1083,False
func_bt_0x10000665e,748,False
func_bt_0x100006664,214,True
func_bt_0x100006666,-663,True
func_bt_0x100006672,573,True
func_bt_0x100006674,562,False
func_bt_0x100006676,-258,True
func_bt_0x10000667c,880,False
func_bt_0x10000667e,984,True
func_bt_0x100006680,1125,True
func_bt_0x100006688,221,True
func_bt_0x100006692,948,True
func_bt_0x100006696,-783,True
func_bt_0x10000669a,-505,False
func_bt_0x10000669c,531,True
func_bt_0x10000669e,-594,True
func_bt_0x1000066a6,158,False
func_bt_0x1000066aa,804,False
func_bt_0x1000066b2,221,True
func_bt_0x100007444,-601,True
func_bt_0x100007446,-679,True
func_bt_0x100007448,1149,True
func_bt_0x10000744b,42,False
func_bt_0x1000074c6,1131,False
func_bt_0x10000b248,-349,True
func_bt_0x10000b660,890,False
func_bt_0x10000b68c,493,False
func_bu_0x1000055b1,734,False
func_bu_0x1000055c8,223,True
func_bu_0x1000055e8,916,True
func_bu_0x1000055ed,1136,False
func_bu_0x100005600,-603,True
func_bu_0x100005602,1213,True
func_bu_0x100005641,185,False
func_bu_0x100005662,-727,False
func_bu_0x100005664,-453,True
func_bu_0x100005668,-301,True
func_bu_0x10000566c,442,False
func_bu_0x10000566e,385,False
func_bu_0x1000056aa,-635,False
func_bu_0x1000056ae,850,False
func_bu_0x1000056b0,-291,True
func_bu_0x1000056c2,1210,True
func_bu_0x1000056dc,-654,True
func_bu_0x1000056fb,-480,False
func_bu_0x1000056fd,-347,False
func_bu_0x10000572a,675,False
func_bu_0x10000574c,-88,True
func_bu_0x100005781,903,True
func_bu_0x1000057a4,164,True
func_bu_0x1000057c2,-127,True
func_bu_0x1000057ed,-72,True
func_bu_0x100005807,-589,False
func_bu_0x10000580e,904,True
func_bu_0x10000583e,279,True
func_c_0x1000000fd,1145,False
func_c_0x100000152,-162,True
func_c_0x1000001c5,281,False
func_c_0x100000241,-61,False
func_c_0x100000267,494,True
func_c_0x1000002ca,-496,False
func_c_0x1000002cd,-716,False
func_c_0x100000383,73,False
func_c_0x1000003a9,-603,False
func_c_0x100000411,356,True
func_c_0x100000451,-495,True
func_c_0x100000573,-487,True
func_c_0x1000005b2,893,False
func_c_0x1000005fb,-210,False
func_c_0x1000008c1,-336,False
func_c_0x10000090b,-360,True
func_c_0x10000091e,877,False
func_c_0x100000944,1143,True
func_c_0x100003ab2,502,False
func_c_0x100003ab9,730,True
func_c_0x100003cf0,974,False
func_c_0x100003e0e,-465,False
func_c_0x100003ec4,545,True
func_c_0x100004315,383,True
func_c_0x1000044c5,-172,True
func_c_0x100004576,-735,False
func_c_0x1000048a0,914,False
func_c_0x100004d7e,496,False
func_c_0x100004dab,-618,True
func_c_0x100004e44,950,False
func_c_0x100004e57,548,False
func_c_0x100004e62,-35,False
func_c_0x100004f6f,-174,False
func_c_0x100005918,-492,True
func_c_0x1000059b5,-116,True
func_c_0x100006275,625,True
func_c_0x10000636d,17,False
func_c_0x10000638b,-86,True
func_c_0x100006be7,-103,False
func_c_0x100006d68,-667,True
func_c_0x1000074e3,-494,True
func_c_0x10000775d,532,True
func_c_0x1000078cf,1145,False
func_c_0x100007a45,965,True
func_c_0x100007c34,536,True
func_c_0x100007c48,-160,False
func_c_0x100007f15,655,False
func_c_0x10000805f,-617,True
func_c_0x100008130,893,False
func_c_0x100008c0d,13,False
func_c_0x100008c6e,-207,True
func_c_0x100008c73,-75,False
func_c_0x100008c76,1118,True
func_c_0x100008cda,811,False
func_c_0x100008ce8,-411,False
func_c_0x100008dd0,264,False
func_c_0x100008e1f,225,True
func_c_0x100008e9a,320,True
func_c_0x100008ef4,147,True
func_c_0x100008fd0,396,False
func_c_0x100008ff6,42,False
func_c_0x100008ffe,560,False
func_c_0x10000946c,497,True
func_c_0x100009488,809,True
func_c_0x100009508,722,False
func_c_0x100009884,1061,False
func_c_0x1000098cf,454,True
func_c_0x100009a19,987,False
func_c_0x100009a38,-738,False
func_c_0x100009a74,-500,True
func_c_0x100009b1f,-783,False
func_c_0x100009d9d,334,True
func_c_0x100009e4d,620,True
func_c_0x10000a378,1060,True
func_c_0x10000a3ce,1106,False
func_c_0x10000a4f1,-570,True
func_c_0x10000a8fa,-358,True
func_c_0x10000aab5,468,True
func_c_0x10000aaf6,1001,False
func_c_0x10000ab5b,717,True
func_c_0x10000ab94,691,True
func_c_0x10000ac75,13,False
func_c_0x10000ac95,-727,True
func_c_0x10000acaf,1003,False
func_c_0x10000ad8b,-738,False
func_c_0x10000ae04,-522,True
func_c_0x10000ae1f,152,False
func_c_0x10000ae22,1165,True
func_c_0x10000ae28,-451,False
func_c_0x10000b19f,552,False
func_c_0x10000b1a2,1057,True
func_c_0x10000b1ad,-465,False
func_c_0x10000b770,911,False
func_c_0x10000b7b6,-726,False
func_c_0x10000b9bd,990,True
func_c_0x10000b9c7,-705,True
func_c_0x10000bb7c,-516,True
func_c_0x10000bc43,613,True
func_c_0x10000bc4c,118,True
func_c_0x10000bc53,608,False
func_c_0x10000be44,66,False
func_c_0x10000c06b,-544,True
func_c_0x10000c1f9,-410,False
func_c_0x10000c402,-210,False
func_c_0x10000c406,-141,False
func_c_0x10000c40b,154,True
func_c_0x10000c54c,338,False
func_c_0x10000c556,-667,True
func_c_0x10000c569,-767,True
func_c_0x10000c574,419,True
func_c_0x10000ca31,695,True
func_c_0x10000cbeb,651,True
func_c_0x10000d3ae,-762,True
func_c_0x10000d3b1,641,True
func_ca_0x100008b66,186,True
func_ca_0x100008b72,432,True
func_ce_0x1000001ee,449,False
func_ce_0x100003cd5,1102,True
func_ce_0x100003cd7,484,True
func_ce_0x1000040c6,-207,True
func_ce_0x1000040ca,-446,False
func_ce_0x1000040d7,693,True
func_ce_0x1000040dd,506,False
func_ce_0x1000040e2,649,False
func_ce_0x100004290,-493,False
func_ce_0x1000042db,-576,True
func_ce_0x100004475,1098,False
func_ce_0x1000045f6,173,True
func_ce_0x100005140,1150,True
func_ce_0x100005144,852,True
func_ce_0x100006132,133,False
func_ce_0x10000613c,-523,True
func_ce_0x1000062b6,-167,True
func_ce_0x10000656f,-583,True
func_ce_0x10000657e,518,True
func_ce_0x1000065f7,-411,False
func_ce_0x10000721f,397,False
func_ce_0x100007225,562,True
func_ce_0x1000072c6,836,False
func_ce_0x100007327,120,True
func_ce_0x100007683,40,False
func_ce_0x10000789c,398,False
func_ce_0x1000078a1,759,False
func_ce_0x1000078fb,1192,True
func_ce_0x100007901,-630,True
func_ce_0x100007903,-601,False
func_ce_0x100007907,-632,False
func_ce_0x1000079e9,-384,False
func_ce_0x100009f4d,-46,True
func_ce_0x100009f51,252,True
func_ce_0x100009f53,-31,True
func_ce_0x100009f59,-18,True
func_ce_0x10000a0f3,661,False
func_ce_0x10000a433,-768,True
func_ce_0x10000a436,-535,True
func_ce_0x10000b1c6,-6,False
func_ce_0x10000b1c8,-351,True
func_ce_0x10000b1cc,686,False
func_ce_0x10000b1ce,-143,True
func_ce_0x10000b1d0,368,False
func_ce_0x10000b1d4,189,False
func_ce_0x10000b1d6,-71,False
func_ce_0x10000b1fd,129,True
func_ce_0x10000b1ff,-577,True
func_ce_0x10000b5f7,-8,False
func_ce_0x10000b5fc,1001,False
func_ce_0x10000b600,567,False
func_ce_0x10000b606,-27,False
func_ce_0x10000b614,66,False
func_ce_0x10000b857,-167,False
func_ce_0x10000b859,339,True
func_ce_0x10000b887,-329,True
func_ce_0x10000b889,-483,False
func_ce_0x10000b88f,0,False
func_ce_0x10000b9e9,1114,False
func_ce_0x10000bbb6,114,False
func_ce_0x10000bbba,-410,True
func_ce_0x10000bf60,1139,False
func_ce_0x10000bfd3,998,False
func_ce_0x10000c2a0,459,True
func_ce_0x10000c35c,-171,True
func_ce_0x10000c3ef,711,False
func_ce_0x10000c44c,-560,False
func_ce_0x10000c44f,55,True
func_ce_0x10000ca73,308,True
func_ce_0x10000ca75,92,False
func_ce_0x10000d07d,-716,True
func_ci_0x1000057b4,-509,False
func_ci_0x100005826,-521,True
func_cn_0x100006afb,362,True
func_cn_0x100008318,101,True
func_cr_0x100004718,163,False
func_cr_0x100004722,215,True
func_cr_0x100007e09,234,False
func_cr_0x100007e0c,627,True
func_cr_0x100009717,-561,False
func_cr_0x100009719,1107,True
func_cr_0x100009761,465,True
func_cr_0x10000b21c,508,True
func_cr_0x10000b2ed,-185,False
func_cr_0x10000cc72,563,True
func_cr_0x10000ccb3,1007,True
func_cr_0x10000ccc8,329,False
func_ct_0x1000007b1,-512,True
func_ct_0x10000088e,-597,False
func_ct_0x100000895,829,False
func_ct_0x100000897,1099,False
func_ct_0x100000899,786,False
func_ct_0x1000008b8,64,True
func_ct_0x100003f63,855,False
func_ct_0x100003f66,-25,True
func_ct_0x1000043ee,349,True
func_ct_0x10000b307,-353,True
func_ct_0x10000b653,-53,False
func_ct_0x10000b67c,244,False
func_ct_0x10000b6fd,654,False
func_ct_0x10000b705,729,True
func_ct_0x10000b729,1038,True
func_ct_0x10000b72b,293,False
func_ct_0x10000b72d,-16,True
func_ct_0x10000b73a,427,True
func_ct_0x10000b73c,-84,True
func_ct_0x10000b73e,-20,True
func_ct_0x10000b740,-325,True
func_ct_0x10000b742,-275,False
func_cu_0x100000859,-400,False
func_cu_0x10000085b,-773,False
func_cu_0x10000085d,-594,True
func_cu_0x10000085f,-27,False
func_cu_0x100000869,670,False
func_cu_0x1000036e6,599,True
func_cu_0x100003a12,672,True
func_cu_0x100004359,-390,True
func_cu_0x10000435b,924,False
func_cu_0x100009fcf,-118,True
func_cu_0x10000c6aa,489,True
func_cu_0x10000ce06,-566,True
func_cu_0x10000ce0e,-670,False
func_de_0x1000047ef,274,False
func_de_0x1000050fa,-479,True
func_de_0x100005a5b,137,False
func_de_0x1000060ec,732,False
func_de_0x1000060f4,-200,True
func_de_0x1000060fc,-278,False
func_de_0x100006650,730,False
func_de_0x100007d5f,-741,True
func_de_0x1000082db,1045,True
func_de_0x1000096bb,343,False
func_de_0x100009aff,699,True
func_de_0x10000a233,1078,False
func_de_0x10000a235,-327,True
func_de_0x10000a276,291,False
func_de_0x10000a280,-130,False
func_de_0x10000a301,607,True
func_de_0x10000a305,920,False
func_de_0x10000a307,945,True
func_de_0x10000a30f,679,True
func_de_0x10000a311,437,True
func_de_0x10000a315,546,False
func_de_0x10000a317,-625,False
func_de_0x10000a9a1,67,True
func_de_0x10000aa0b,643,False
func_de_0x10000aa54,-499,False
func_de_0x10000aa5a,1064,False
func_de_0x10000aa66,-743,True
func_de_0x10000aa68,538,False
func_de_0x10000aa6a,369,True
func_de_0x10000aa6c,990,True
func_de_0x10000aa6e,644,True
func_de_0x10000aed0,848,False
func_de_0x10000af0c,557,True
func_de_0x10000b3eb,-68,True
func_de_0x10000b3ed,307,True
func_de_0x10000b3ef,957,False
func_de_0x10000b3f3,-197,True
func_de_0x10000b3f5,43,False
func_de_0x10000b3fd,983,False
func_de_0x10000b403,506,True
func_de_0x10000b405,307,True
func_de_0x10000b40f,-42,False
func_de_0x10000b878,-293,False
func_de_0x10000b8a3,411,True
func_de_0x10000c1be,-631,False
func_de_0x10000cac2,965,True
func_de_0x10000cd0f,840,True
func_de_0x10000cd17,-244,False
func_de_0x10000cd1d,-129,True
func_de_0x10000cd23,991,True
func_de_0x10000cd25,-680,True
func_de_0x10000cd2b,-204,False
func_de_0x10000cd2f,-10,False
func_de_0x10000cd34,844,True
func_de_0x10000cd36,-532,True
func_de_0x10000cd38,500,False
func_de_0x10000cf24,-364,False
func_de_0x10000cf26,-628,True
func_de_0x10000cf28,861,True
func_de_0x10000cf72,-393,True
func_dn_0x100004cda,30,True
func_dn_0x100004ce9,-604,True
func_dr_0x100006a16,1021,True
func_dr_0x100006b15,285,True
func_dr_0x10000ce6d,826,False
func_dr_0x10000ce71,293,False
func_dt_0x1000055ab,639,True
func_dt_0x1000055b7,1113,True
func_dt_0x1000055bf,-392,False
func_dt_0x1000055c1,235,True
func_dt_0x1000055ca,54,True
func_dt_0x1000055cd,-220,False
func_dt_0x1000055d2,578,False
func_dt_0x1000055d6,173,False
func_dt_0x1000055f0,-661,True
func_dt_0x1000055f6,638,False
func_dt_0x1000055fa,301,True
func_dt_0x100005618,264,False
func_dt_0x100005628,1055,True
func_dt_0x10000562c,417,False
func_dt_0x100005631,1103,True
func_dt_0x100005634,367,False
func_dt_0x100005636,-355,False
func_dt_0x100005644,1080,True
func_dt_0x100005646,596,True
func_dt_0x100005652,-95,True
func_dt_0x100005654,339,False
func_dt_0x100005656,967,True
func_dt_0x100005658,-743,False
func_dt_0x10000565c,379,True
func_dt_0x10000565e,-180,False
func_dt_0x100005660,164,True
func_dt_0x100005670,695,False
func_dt_0x100005672,-352,True
func_dt_0x100005674,-355,False
func_dt_0x100005678,739,False
func_dt_0x10000567e,-176,False
func_dt_0x100005687,-684,True
func_dt_0x10000568a,-658,False
func_dt_0x100005693,-18,True
func_dt_0x100005696,1087,False
func_dt_0x10000569c,1042,True
func_dt_0x10000569f,-735,True
func_dt_0x1000056a2,-445,False
func_dt_0x1000056a6,-412,False
func_dt_0x1000056a8,-389,False
func_dt_0x1000056b6,584,True
func_dt_0x1000056b8,-92,False
func_dt_0x1000056bc,992,False
func_dt_0x1000056be,-151,False
func_dt_0x1000056c4,331,True
func_dt_0x1000056c6,-378,True
func_dt_0x1000056c8,592,True
func_dt_0x1000056ca,-149,False
func_dt_0x1000056d2,-303,False
func_dt_0x1000056e8,485,False
func_dt_0x1000056f3,848,True
func_dt_0x1000056f7,-1,False
func_dt_0x1000056f9,-213,False
func_dt_0x1000056ff,293,False
func_dt_0x100005701,-41,False
func_dt_0x10000571f,-190,False
func_dt_0x100005733,1107,True
func_dt_0x100005735,-404,True
func_dt_0x100005737,387,True
func_dt_0x10000573c,185,True
func_dt_0x100005749,569,False
func_dt_0x10000574e,755,True
func_dt_0x10000575a,-216,True
func_dt_0x100005783,-378,False
func_dt_0x100005785,378,False
func_dt_0x100005787,1001,True
func_dt_0x100005799,-10,False
func_dt_0x10000579d,1149,False
func_dt_0x1000057c8,-543,False
func_dt_0x1000057e1,195,True
func_dt_0x1000057e3,1148,True
func_dt_0x1000057e7,199,True
func_dt_0x1000057eb,228,False
func_dt_0x1000057f2,626,False
func_dt_0x1000057fb,-89,True
func_dt_0x1000057fd,-103,False
func_dt_0x1000057ff,-758,False
func_dt_0x100005801,-608,True
func_dt_0x100005803,-503,False
func_dt_0x100005805,-83,False
func_dt_0x100005816,212,False
func_dt_0x100005838,-360,True
func_dt_0x100005855,1045,False
func_du_0x100006654,611,False
func_du_0x100006658,1008,False
func_du_0x100007453,747,False
func_du_0x1000074cc,-1,True
func_du_0x1000074da,-701,False
func_du_0x10000c3a7,993,True
func_du_0x10000cda0,843,False
func_du_0x10000cda7,115,True
func_du_0x10000cda9,314,True
func_du_0x10000cdab,553,True
func_du_0x10000cdad,1098,False
func_du_0x10000cdb3,182,False
func_du_0x10000cdb5,-730,False
func_du_0x10000cdb7,-619,True
func_du_0x10000cdc1,1064,False
func_du_0x10000cdc3,-602,False
func_du_0x10000cdc7,566,True
func_du_0x10000cdc9,-543,True
func_du_0x10000cdcd,900,True
func_du_0x10000cdcf,-536,True
func_du_0x10000cdd5,-308,True
func_du_0x10000cdd7,249,True
func_du_0x10000cde1,-208,True
func_du_0x10000cde5,1049,True
func_du_0x10000cdfb,-531,True
func_du_0x10000cdfd,-288,True
func_du_0x10000cdff,1076,True
func_du_0x10000ce13,730,True
func_du_0x10000ce9e,744,True
func_du_0x10000cedb,1118,True
func_du_0x10000cee2,206,False
func_e_0x100000046,-122,False
func_e_0x10000024b,-3,False
func_e_0x10000024e,641,False
func_e_0x100000381,-298,True
func_e_0x1000003bf,-279,True
func_e_0x1000003f1,-374,False
func_e_0x1000003f6,1037,False
func_e_0x100000471,625,False
func_e_0x1000004ca,430,True
func_e_0x1000004f9,578,True
func_e_0x1000005ab,238,False
func_e_0x100000905,-311,True
func_e_0x10000090f,747,True
func_e_0x100000921,522,False
func_e_0x10000092d,-661,False
func_e_0x100000947,380,True
func_e_0x10000094e,42,True
func_e_0x100000957,692,True
func_e_0x100000976,208,True
func_e_0x1000009e3,354,False
func_e_0x1000036ab,856,False
func_e_0x1000036b1,-337,False
func_e_0x1000036b5,-32,False
func_e_0x1000036b7,-255,False
func_e_0x1000036b9,410,False
func_e_0x1000036c1,-396,False
func_e_0x1000036c3,-296,True
func_e_0x1000036e8,417,False
func_e_0x1000036ea,-694,True
func_e_0x1000036f2,48,True
func_e_0x1000036f4,-409,True
func_e_0x1000037f1,717,False
func_e_0x100003803,1153,True
func_e_0x100003805,-694,True
func_e_0x10000380b,532,False
func_e_0x10000380d,740,True
func_e_0x100003811,1124,False
func_e_0x100003813,450,False
func_e_0x10000381b,-311,True
func_e_0x100004815,-76,True
func_e_0x100004818,-365,True
func_e_0x100004834,349,True
func_e_0x10000483e,767,True
func_e_0x10000484b,-538,True
func_e_0x100004d74,691,True
func_e_0x100004e2e,-659,True
func_e_0x10000548f,-704,False
func_e_0x1000058e9,149,True
func_e_0x100005c65,-786,True
func_e_0x100005c67,-364,True
func_e_0x100005c69,816,False
func_e_0x100005c6d,-359,False
func_e_0x100005c6f,1157,True
func_e_0x100005c71,-105,False
func_e_0x100005c73,-250,True
func_e_0x100005c75,-222,False
func_e_0x100005c77,803,True
func_e_0x100005c7b,-176,False
func_e_0x100005c85,-90,True
func_e_0x100005c89,-315,False
func_e_0x100005c93,-69,True
func_e_0x100005c99,-295,True
func_e_0x100005c9b,384,False
func_e_0x100005d79,-538,False
func_e_0x100005d9b,-90,True
func_e_0x1000068c8,785,True
func_e_0x1000068d5,99,True
func_e_0x1000068d7,1000,False
func_e_0x1000068e6,-663,True
func_e_0x100006996,-278,False
func_e_0x100007455,46,False
func_e_0x10000745d,-241,False
func_e_0x100008e0c,561,False
func_e_0x100009837,938,True
func_e_0x100009876,-190,False
func_e_0x10000988c,264,False
func_e_0x1000098b7,462,False
func_e_0x1000098c1,-415,False
func_e_0x10000a821,384,False
func_e_0x10000a829,683,False
func_e_0x10000a82c,836,False
func_e_0x10000a839,-506,False
func_e_0x10000a8ee,497,False
func_e_0x10000b178,677,False
func_e_0x10000b37f,-718,True
func_e_0x10000b92e,515,False
func_e_0x10000c3ce,-526,True
func_e_0x10000c58d,-778,False
func_e_0x10000c622,-566,False
func_e_0x10000c62c,67,False
func_e_0x10000c657,438,False
func_e_0x10000c65b,632,True
func_e_0x10000c691,138,True
func_e_0x10000c6cc,141,True
func_e_0x10000c828,593,False
func_e_0x10000ca14,573,True
func_e_0x10000cdec,112,True
func_e_0x10000cdee,938,False
func_e_0x10000ce8c,371,True
func_e_0x10000cee9,-763,False
func_e_0x10000d3f9,900,False
func_ee_0x10000385b,581,True
func_ee_0x100003a61,971,False
func_ee_0x100003b0e,1078,True
func_ee_0x100003b14,112,True
func_ee_0x100003b16,859,False
func_ee_0x100003bb9,1013,True
func_ee_0x100003d33,847,True
func_ee_0x100003ee8,231,True
func_ee_0x100003ef0,-441,False
func_ee_0x100004304,-386,False
func_ee_0x100004442,-592,False
func_ee_0x1000044f5,-645,True
func_ee_0x10000452b,43,False
func_ee_0x10000452d,512,False
func_ee_0x10000454e,663,False
func_ee_0x10000463d,-633,False
func_ee_0x1000046a3,1067,False
func_ee_0x1000046c0,933,True
func_ee_0x1000046c4,313,False
func_ee_0x1000046c6,-496,False
func_ee_0x1000046c8,-625,False
func_ee_0x100004df5,429,False
func_ee_0x1000059e4,-672,True
func_ee_0x1000059e9,570,True
func_ee_0x100005a9a,-410,False
func_ee_0x100005b59,496,False
func_ee_0x100005ea1,62,True
func_ee_0x100005eb0,2,True
func_ee_0x100005eb7,1083,True
func_ee_0x10000618f,-24,True
func_ee_0x1000062b2,-395,True
func_ee_0x1000072d8,277,False
func_ee_0x1000072e3,770,True
func_ee_0x10000730d,707,False
func_ee_0x100007319,115,False
func_ee_0x10000751c,208,False
func_ee_0x1000076ab,133,False
func_ee_0x100007f31,1078,True
func_ee_0x10000853e,717,False
func_ee_0x100008577,699,True
func_ee_0x10000857d,779,False
func_ee_0x1000086b5,-14,False
func_ee_0x100008fd8,-408,True
func_ee_0x10000902e,-405,False
func_ee_0x1000091c0,-57,False
func_ee_0x1000091f0,-98,True
func_ee_0x1000091f4,-510,True
func_ee_0x10000922b,-508,True
func_ee_0x10000922d,183,True
func_ee_0x100009235,-100,True
func_ee_0x1000092df,46,True
func_ee_0x1000092e1,-362,False
func_ee_0x1000092e5,-155,True
func_ee_0x100009666,-771,False
func_ee_0x100009eab,1077,True
func_ee_0x100009f1e,-540,True
func_ee_0x100009f2a,-236,False
func_ee_0x100009f46,-782,True
func_ee_0x10000a213,-608,True
func_ee_0x10000a217,850,False
func_ee_0x10000a219,649,False
func_ee_0x10000a21b,-750,True
func_ee_0x10000a5f3,999,True
func_ee_0x10000a5fb,-329,True
func_ee_0x10000af5a,346,True
func_ee_0x10000af60,425,True
func_ee_0x10000b100,-548,True
func_ee_0x10000b13a,523,True
func_ee_0x10000b1f7,603,True
func_ee_0x10000b3be,-612,True
func_ee_0x10000b3c1,-474,True
func_ee_0x10000b3c9,879,False
func_ee_0x10000b798,842,True
func_ee_0x10000b877,1069,False
func_ee_0x10000b99b,4,True
func_ee_0x10000bb8b,-288,False
func_ee_0x10000c13f,-362,False
func_ee_0x10000c149,-425,False
func_ee_0x10000cad6,-77,True
func_ee_0x10000cae4,180,True
func_ee_0x10000d2f9,587,False
func_en_0x100004bc1,-191,True
func_en_0x100004bdb,-617,False
func_en_0x100004ce1,-737,True
func_en_0x100004ce3,129,False
func_en_0x100004ce7,-114,True
func_en_0x100004cf1,-20,True
func_et_0x1000051b6,1022,True
func_et_0x1000052d6,743,True
func_et_0x1000052d8,898,False
func_et_0x1000052e0,59,False
func_et_0x1000052e2,465,False
func_et_0x1000052f9,591,False
func_et_0x100005301,-165,False
func_et_0x100005305,-612,True
func_et_0x10000530b,1105,False
func_et_0x100005311,828,True
func_et_0x100005315,644,False
func_et_0x10000531f,-267,True
func_et_0x100005323,-766,True
func_et_0x100005329,341,True
func_et_0x100005337,-466,False
func_et_0x10000533b,-662,False
func_et_0x10000534d,728,True
func_et_0x10000535d,-776,False
func_et_0x100005363,-90,False
func_et_0x100005367,101,True
func_et_0x100005369,815,True
func_et_0x10000536b,406,True
func_et_0x10000536f,-50,True
func_et_0x100005375,-169,False
func_et_0x100005379,1025,False
func_et_0x10000537d,850,False
func_et_0x10000537f,-694,True
func_et_0x100005381,-555,True
func_et_0x100005387,-73,True
func_et_0x100005389,28,True
func_et_0x10000538f,996,True
func_et_0x100005393,1137,True
func_et_0x100005395,911,True
func_et_0x1000053b3,-219,True
func_et_0x1000053bd,926,False
func_et_0x1000053bf,584,True
func_et_0x1000053c1,50,True
func_et_0x1000053c3,197,True
func_et_0x1000053c7,-205,False
func_et_0x1000053cd,747,False
func_et_0x1000053d1,120,False
func_et_0x1000053d7,403,True
func_et_0x1000053d9,169,True
func_et_0x1000053dc,-691,False
func_et_0x1000053e3,389,False
func_et_0x1000053ec,1122,True
func_et_0x1000053f2,-277,True
func_et_0x1000053f6,-688,True
func_et_0x1000053f8,-704,True
func_et_0x1000053fe,25,True
func_et_0x100005400,709,True
func_et_0x100005410,-719,False
func_et_0x100005418,-708,False
func_et_0x10000541c,765,False
func_et_0x10000541e,982,False
func_et_0x100005422,658,True
func_et_0x100005424,684,False
func_et_0x100005426,309,False
func_et_0x100005430,380,True
func_eu_0x100000874,-602,True
func_eu_0x10000696b,752,True
func_eu_0x10000696d,542,False
func_eu_0x100006980,626,False
func_eu_0x10000699f,-444,False
func_eu_0x1000069a1,-692,False
func_eu_0x100007417,769,True
func_eu_0x100007429,799,False
func_eu_0x10000742b,209,True
func_eu_0x1000074d3,-374,False
func_eu_0x1000074d5,-612,True
func_eu_0x10000b736,612,False
func_eu_0x10000c3a8,165,False
func_eu_0x10000c3b8,99,True
func_eu_0x10000c3ba,301,True
func_eu_0x10000c3bc,-148,False
func_eu_0x10000ce87,1011,True
func_eu_0x10000ce89,-177,False
func_eu_0x10000ce8b,440,False
func_f_0x10000004a,1003,False
func_f_0x10000013f,203,False
func_f_0x10000015b,-625,False
func_f_0x100000294,-419,False
func_f_0x1000002b2,822,False
func_f_0x100000311,1075,True
func_f_0x10000042b,-261,False
func_f_0x100000440,-429,True
func_f_0x100000966,-739,False
func_f_0x100000968,-622,True
func_f_0x100003673,404,True
func_f_0x100003adc,585,False
func_f_0x100003afb,916,True
func_f_0x100003c77,-80,False
func_f_0x100003cf3,45,True
func_f_0x100003d13,509,False
func_f_0x100003d95,322,True
func_f_0x100003d97,951,True
func_f_0x100003ecf,-497,False
func_f_0x100004034,908,True
func_f_0x10000412b,-541,False
func_f_0x1000045b0,952,False
func_f_0x1000045cc,-273,True
func_f_0x100004e3d,-204,False
func_f_0x100004e41,-318,True
func_f_0x100004e4d,-205,False
func_f_0x100004e58,-720,True
func_f_0x100004e80,153,True
func_f_0x100004f00,-538,True
func_f_0x100004fe5,-602,True
func_f_0x10000588e,262,False
func_f_0x1000058d7,412,False
func_f_0x100005924,-55,True
func_f_0x100005939,-618,False
func_f_0x100005d67,629,True
func_f_0x100005d6b,168,False
func_f_0x100005e6d,307,False
func_f_0x100006224,468,False
func_f_0x10000622e,180,False
func_f_0x1000069b0,909,True
func_f_0x100006d13,-134,False
func_f_0x1000072ac,-228,False
func_f_0x1000072ae,-32,False
func_f_0x100007300,1117,False
func_f_0x10000739d,950,True
func_f_0x1000076e5,1144,True
func_f_0x10000778b,491,True
func_f_0x100007a72,890,False
func_f_0x100007c29,-63,False
func_f_0x100007c3d,545,False
func_f_0x100007c40,900,True
func_f_0x100007c46,-277,True
func_f_0x100007c86,-676,False
func_f_0x100007f25,594,True
func_f_0x100008045,1131,False
func_f_0x100008047,143,False
func_f_0x100008083,906,True
func_f_0x10000812d,1015,False
func_f_0x1000084f0,-102,True
func_f_0x100008803,709,True
func_f_0x100008c43,512,False
func_f_0x100008ed4,-661,False
func_f_0x100008ed8,1143,False
func_f_0x100008fad,-407,False
func_f_0x100009853,1013,False
func_f_0x1000098ab,186,True
func_f_0x1000098fb,476,False
func_f_0x100009902,653,True
func_f_0x100009b56,281,False
func_f_0x100009daa,-557,False
func_f_0x100009f68,1150,False
func_f_0x100009fbf,780,False
func_f_0x100009fcb,1157,False
func_f_0x10000a16d,461,False
func_f_0x10000a289,-226,False
func_f_0x10000a3da,596,True
func_f_0x10000a3dc,729,False
func_f_0x10000a535,467,False
func_f_0x10000a7ce,-375,True
func_f_0x10000a810,-279,False
func_f_0x10000a84d,-778,False
func_f_0x10000aa0f,251,True
func_f_0x10000ab77,1165,True
func_f_0x10000abbb,199,True
func_f_0x10000abd0,349,False
func_f_0x10000abfa,-20,False
func_f_0x10000ad2c,-14,True
func_f_0x10000ad94,73,True
func_f_0x10000ae66,875,True
func_f_0x10000b169,-477,False
func_f_0x10000b171,570,False
func_f_0x10000b1bb,211,False
func_f_0x10000b373,-684,False
func_f_0x10000b391,-67,True
func_f_0x10000b397,1181,False
func_f_0x10000b39c,916,False
func_f_0x10000b7cd,167,False
func_f_0x10000b8df,669,True
func_f_0x10000bbdd,559,True
func_f_0x10000bc00,744,True
func_f_0x10000c4c8,169,False
func_f_0x10000c4ce,-412,True
func_f_0x10000c553,825,True
func_f_0x10000c55c,-453,True
func_f_0x10000c6f0,556,False
func_f_0x10000c6f3,-587,False
func_f_0x10000c7ea,549,False
func_fe_0x1000047ab,-180,False
func_fe_0x1000047c7,419,True
func_fe_0x1000047e0,-210,False
func_fe_0x100004808,-737,False
func_fe_0x100005aa1,-711,False
func_fe_0x100005b05,557,False
func_fe_0x10000601d,-250,True
func_fe_0x10000601f,-615,True
func_fe_0x1000060e6,-612,False
func_fe_0x1000060e8,-209,False
func_fe_0x1000060ea,-374,False
func_fe_0x1000060ee,-627,True
func_fe_0x1000060f6,-453,False
func_fe_0x1000063c5,882,False
func_fe_0x1000064b7,-768,False
func_fe_0x10000664e,1120,True
func_fe_0x1000078e8,-759,True
func_fe_0x1000082dd,-63,True
func_fe_0x10000a2ff,300,False
func_fe_0x10000a303,-282,True
func_fe_0x10000a309,-282,True
func_fe_0x10000a30b,-424,True
func_fe_0x10000a30d,-293,True
func_fe_0x10000a313,565,False
func_fe_0x10000a319,-218,False
func_fe_0x10000a31b,-647,False
func_fe_0x10000a94e,704,True
func_fe_0x10000a950,975,False
func_fe_0x10000a955,-149,False
func_fe_0x10000a9a5,-255,True
func_fe_0x10000a9a7,-84,False
func_fe_0x10000a9ad,778,False
func_fe_0x10000aa56,-678,True
func_fe_0x10000aa5c,327,True
func_fe_0x10000aa78,359,False
func_fe_0x10000aedb,451,True
func_fe_0x10000aeff,303,True
func_fe_0x10000af02,1174,True
func_fe_0x10000af33,-596,True
func_fe_0x10000b1ee,-583,False
func_fe_0x10000b3e9,-553,True
func_fe_0x10000b3f1,504,True
func_fe_0x10000b3f7,155,False
func_fe_0x10000b407,-710,False
func_fe_0x10000c463,-77,True
func_fe_0x10000c4f3,948,True
func_fe_0x10000c8a1,-111,False
func_fe_0x10000cd0d,-433,True
func_fe_0x10000cd11,897,True
func_fe_0x10000cd13,171,True
func_fe_0x10000cd15,-665,False
func_fe_0x10000cd19,-17,True
func_fe_0x10000cd1b,-780,True
func_fe_0x10000cd21,1150,True
func_fe_0x10000cd27,-616,True
func_fe_0x10000cd31,-648,False
func_fe_0x10000cf55,781,False
func_fe_0x10000cf8d,161,False
func_fe_0x10000cff8,614,True
func_fe_0x10000d12b,501,False
func_fe_0x10000d167,1165,True
func_fi_0x1000051bd,-509,False
func_fo_0x1000051a5,-533,False
func_fo_0x1000051ad,125,True
func_fo_0x100005377,1103,True
func_fr_0x100006670,25,False
func_fr_0x100006684,567,False
func_fr_0x10000744d,873,True
func_fr_0x1000074cd,440,False
func_fr_0x1000074d0,-53,True
func_fr_0x10000b278,-132,False
func_fr_0x10000b675,132,False
func_fr_0x10000b679,971,True
func_fr_0x10000ce01,-482,True
func_ft_0x10000500d,433,False
func_ft_0x100006ee3,157,False
func_ft_0x100006ee9,964,True
func_ft_0x100006eeb,942,True
func_ft_0x100006eef,-31,True
func_ft_0x100006ef3,942,False
func_ft_0x100006ef9,-7,False
func_ft_0x100006f01,943,True
func_ft_0x100006f09,704,False
func_ft_0x100006f0b,-199,False
func_ft_0x100006f11,965,False
func_ft_0x100006f19,1007,False
func_ft_0x100006f21,117,False
func_ft_0x100006f29,1032,True
func_ft_0x100006f2b,-361,False
func_ft_0x100006f3f,-346,True
func_ft_0x100006f51,719,False
func_ft_0x100006f59,715,True
func_ft_0x100006f5f,-550,False
func_ft_0x100006f61,563,True
func_ft_0x100006f65,653,False
func_ft_0x100006f67,338,False
func_ft_0x100006f6d,-416,True
func_ft_0x100009100,-542,False
func_ft_0x10000972b,-405,False
func_ft_0x10000976f,783,False
func_ft_0x10000977e,1072,True
func_ft_0x10000b49b,289,True
func_ft_0x10000cc6e,908,False
func_ft_0x10000ccc3,622,True
func_ft_0x10000cccb,1001,False
func_ft_0x10000ccd2,552,False
func_ft_0x10000ccd7,-340,False
func_ft_0x10000ccdb,-4,True
func_fu_0x100005c9d,412,True
func_fu_0x100005c9f,598,True
func_fu_0x100005cad,541,False
func_fu_0x100005caf,-482,False
func_fu_0x100005cb9,1141,True
func_fu_0x100005cbb,297,True
func_fu_0x100005cbf,-632,False
func_fu_0x100005cc3,976,False
func_fu_0x100005cc9,707,False
func_fu_0x100005ccd,1040,False
func_fu_0x100005ccf,-555,False
func_fu_0x100005cd7,774,True
func_fu_0x100005ce1,673,True
func_fu_0x100005ce3,294,False
func_fu_0x100005ce9,-628,True
func_fu_0x100005ceb,-630,True
func_fu_0x100005ced,828,False
func_fu_0x100005cf3,-269,True
func_fu_0x100005cf5,-597,False
func_fu_0x100005cf7,758,False
func_fu_0x100005cfb,289,True
func_fu_0x100005d03,-693,False
func_fu_0x1000068d1,66,True
func_fu_0x100006900,656,True
func_fu_0x100006977,842,False
func_fu_0x10000697c,-223,True
func_fu_0x100006982,1161,False
func_fu_0x10000698e,590,True
func_fu_0x100006992,1071,True
func_fu_0x10000741c,1211,True
func_fu_0x10000c3c1,-395,True
func_fu_0x10000c3c5,-620,False
func_fu_0x10000c3c7,452,False
func_fu_0x10000c3c9,-12,True
func_fu_0x10000c3cd,317,True
func_fu_0x10000cedd,164,False
func_g0_0x1000057de,-459,True
func_g_0x10000019b,-598,True
func_g_0x100000202,340,False
func_g_0x10000041d,1199,False
func_g_0x100000422,390,True
func_g_0x1000005c5,716,True
func_g_0x1000005d4,-357,True
func_g_0x1000038b0,-482,True
func_g_0x100003af6,190,False
func_g_0x100003be1,-283,False
func_g_0x100003ce8,138,True
func_g_0x100003d46,-458,False
func_g_0x100003df2,-233,False
func_g_0x100003e15,-783,True
func_g_0x100003e17,582,True
func_g_0x100003f0a,481,False
func_g_0x100003f2b,-51,False
func_g_0x100004091,493,True
func_g_0x1000044ad,668,True
func_g_0x1000044af,110,True
func_g_0x1000044b2,922,True
func_g_0x1000044b5,231,True
func_g_0x1000044b7,457,False
func_g_0x1000044cc,66,False
func_g_0x1000045a4,-540,False
func_g_0x1000045c2,490,True
func_g_0x100004db9,-113,True
func_g_0x100004e95,900,True
func_g_0x100004f13,-146,True
func_g_0x100004f15,435,False
func_g_0x100004f1b,947,False
func_g_0x100004f1f,576,True
func_g_0x100004f21,1022,True
func_g_0x100004f23,-411,False
func_g_0x100004f93,-592,False
func_g_0x10000545f,826,False
func_g_0x10000588a,510,False
func_g_0x100005890,671,True
func_g_0x1000058a7,190,False
func_g_0x1000058d1,-109,False
func_g_0x1000058d3,1126,True
func_g_0x1000058da,64,True
func_g_0x100005c34,131,False
func_g_0x100005fbf,980,True
func_g_0x100006222,-478,False
func_g_0x100006315,518,False
func_g_0x100006d5e,-255,False
func_g_0x10000729e,406,False
func_g_0x1000072b2,-234,True
func_g_0x100007712,761,True
func_g_0x1000077b7,-399,False
func_g_0x100007a70,1018,True
func_g_0x100007b40,149,False
func_g_0x100007c4f,981,True
func_g_0x100007ff0,-62,True
func_g_0x1000080dc,944,False
func_g_0x100008190,185,False
func_g_0x1000081f4,-615,True
func_g_0x100008238,1115,False
func_g_0x1000082f7,-99,True
func_g_0x1000084d1,1009,False
func_g_0x100008c1a,-238,False
func_g_0x100008c1d,41,True
func_g_0x100008ced,-723,True
func_g_0x100008dc4,729,True
func_g_0x100008dc7,-560,False
func_g_0x100008ddd,358,False
func_g_0x100008ecc,-106,True
func_g_0x100008fc6,-202,False
func_g_0x100009003,479,False
func_g_0x1000091e3,-194,True
func_g_0x1000091e7,274,False
func_g_0x1000091e9,622,False
func_g_0x1000091eb,-532,False
func_g_0x1000093dd,-207,False
func_g_0x100009490,932,False
func_g_0x100009492,533,True
func_g_0x100009496,-508,False
func_g_0x10000949b,-324,True
func_g_0x100009625,378,False
func_g_0x10000962a,1143,False
func_g_0x1000098ed,-328,True
func_g_0x1000098f5,335,False
func_g_0x1000099ec,401,False
func_g_0x100009f62,-700,False
func_g_0x10000a171,-340,False
func_g_0x10000a287,-686,True
func_g_0x10000a299,110,True
func_g_0x10000a36f,1076,False
func_g_0x10000a380,84,False
func_g_0x10000a3de,-511,True
func_g_0x10000a453,895,True
func_g_0x10000a464,758,True
func_g_0x10000a527,420,True
func_g_0x10000a7c9,-397,True
func_g_0x10000aa13,-523,True
func_g_0x10000aa15,-173,True
func_g_0x10000aa17,-219,False
func_g_0x10000aa19,639,True
func_g_0x10000aa1b,-696,False
func_g_0x10000aab8,750,True
func_g_0x10000aaba,-538,True
func_g_0x10000aad2,670,False
func_g_0x10000aae6,-462,False
func_g_0x10000ab07,41,True
func_g_0x10000ab7e,169,False
func_g_0x10000ab90,731,True
func_g_0x10000ab9e,-673,False
func_g_0x10000abbf,-456,True
func_g_0x10000abc1,571,True
func_g_0x10000abee,819,False
func_g_0x10000ac24,1159,False
func_g_0x10000ac66,-478,False
func_g_0x10000ac7d,65,True
func_g_0x10000ac7f,1067,True
func_g_0x10000acd3,-782,False
func_g_0x10000acd7,-646,True
func_g_0x10000ad88,573,True
func_g_0x10000ad9a,-697,False
func_g_0x10000ae08,1041,False
func_g_0x10000ae0c,987,True
func_g_0x10000ae52,1055,False
func_g_0x10000ae54,947,False
func_g_0x10000ae58,1037,True
func_g_0x10000ae62,714,False
func_g_0x10000aec5,673,True
func_g_0x10000b0c8,517,True
func_g_0x10000b163,-368,False
func_g_0x10000b8e1,864,False
func_g_0x10000bf18,-166,False
func_g_0x10000bf2a,-703,True
func_g_0x10000c203,-314,True
func_g_0x10000c221,256,True
func_g_0x10000c223,1168,True
func_g_0x10000c3fb,1035,False
func_g_0x10000c752,536,True
func_g_0x10000c7c2,78,True
func_g_0x10000c7f4,-428,False
func_g_0x10000ca2d,-60,True
func_g_0x10000cef9,-284,True
func_g_0x10000d38e,240,False
func_g_0x10000d390,1005,True
func_g_0x10000d397,789,True
func_g_0x10000d3a2,698,False
func_g_0x10000d3b7,672,True
func_g_0x10000d3ba,772,False
func_g_0x10000d3bc,608,True
func_ge_0x100003b3a,-581,True
func_ge_0x100003d59,637,True
func_ge_0x100003d5f,284,True
func_ge_0x100003d61,-27,False
func_ge_0x1000040da,-591,False
func_ge_0x1000040df,-121,True
func_ge_0x1000041cf,767,True
func_ge_0x100004414,-762,True
func_ge_0x10000447e,637,True
func_ge_0x100004760,340,True
func_ge_0x100005132,-595,False
func_ge_0x10000513a,257,False
func_ge_0x100005e00,-22,False
func_ge_0x100005e14,-163,True
func_ge_0x100006569,57,True
func_ge_0x100006572,-572,True
func_ge_0x100006574,876,True
func_ge_0x10000674d,811,False
func_ge_0x100007353,917,False
func_ge_0x1000079ea,399,True
func_ge_0x1000079ec,194,True
func_ge_0x1000079ee,-765,True
func_ge_0x1000079f3,55,False
func_ge_0x100007cda,599,False
func_ge_0x100007cdc,-135,False
func_ge_0x10000825e,730,False
func_ge_0x1000082ca,1092,False
func_ge_0x1000082cc,-589,True
func_ge_0x1000083c9,264,False
func_ge_0x1000083ce,327,False
func_ge_0x1000083e4,276,False
func_ge_0x1000083ea,-245,False
func_ge_0x100008f3f,698,False
func_ge_0x1000092cc,897,False
func_ge_0x1000092ce,451,True
func_ge_0x100009f5a,809,True
func_ge_0x10000a2f8,-483,True
func_ge_0x10000a337,178,False
func_ge_0x10000a33b,-278,False
func_ge_0x10000a33d,-733,True
func_ge_0x10000a7a8,754,True
func_ge_0x10000a7c2,-417,True
func_ge_0x10000a9c5,1123,True
func_ge_0x10000a9c9,848,True
func_ge_0x10000a9e2,-114,False
func_ge_0x10000a9f1,-123,False
func_ge_0x10000aa04,419,True
func_ge_0x10000b895,844,True
func_ge_0x10000b89f,438,False
func_ge_0x10000c0e0,127,False
func_ge_0x10000c264,662,True
func_ge_0x10000c356,-401,False
func_ge_0x10000c35e,-433,True
func_ge_0x10000c3e7,945,True
func_ge_0x10000c794,-433,False
func_ge_0x10000cab9,1114,False
func_ge_0x10000cabb,206,True
func_ge_0x10000d080,762,True
func_ge_0x10000d082,947,False
func_ge_0x10000d0f0,-585,False
func_ge_0x10000d214,-741,True
func_gn_0x100000834,537,True
func_gn_0x10000083e,-443,True
func_gn_0x1000038c3,1095,False
func_gn_0x10000b71a,-548,False
func_gn_0x10000c661,-707,False
func_gn_0x10000c663,210,True
func_gn_0x10000c688,457,False
func_gn_0x10000ce2a,-66,False
func_gt_0x100000446,1067,True
func_h_0x10000011f,-85,False
func_h_0x10000012e,588,False
func_h_0x100000144,-62,True
func_h_0x1000001a1,-169,True
func_h_0x1000001a8,1162,True
func_h_0x1000001cf,733,False
func_h_0x100000207,321,False
func_h_0x1000005d9,408,True
func_h_0x1000005db,1191,True
func_h_0x100003c6e,-784,False
func_h_0x100003cf4,-613,True
func_h_0x100003cf6,318,True
func_h_0x100003e44,-197,True
func_h_0x100003e9b,723,True
func_h_0x100003f00,-270,False
func_h_0x10000406a,-323,True
func_h_0x10000407d,-171,True
func_h_0x10000431b,472,True
func_h_0x1000044c8,557,True
func_h_0x100004562,829,True
func_h_0x100004564,-246,False
func_h_0x1000045a0,1137,True
func_h_0x1000045dd,-127,True
func_h_0x1000045df,-174,True
func_h_0x10000487a,358,False
func_h_0x10000487c,122,True
func_h_0x100004e87,1005,True
func_h_0x100004e8d,890,True
func_h_0x100004ea2,94,True
func_h_0x100004ec4,117,True
func_h_0x10000543b,1191,True
func_h_0x10000547a,-611,True
func_h_0x10000547c,-663,False
func_h_0x100005934,-123,True
func_h_0x10000594e,328,True
func_h_0x10000595c,663,True
func_h_0x100005960,-4,False
func_h_0x1000062ab,-495,False
func_h_0x100006302,365,False
func_h_0x10000643f,430,True
func_h_0x100006d4a,440,False
func_h_0x1000072a0,-529,True
func_h_0x100007517,1123,True
func_h_0x100007a50,213,True
func_h_0x100007a5f,1031,True
func_h_0x100007a62,-482,True
func_h_0x100007a66,1029,False
func_h_0x100007d09,937,True
func_h_0x100007d0b,-530,False
func_h_0x100007d37,-280,False
func_h_0x100007f10,237,True
func_h_0x1000080f3,599,False
func_h_0x1000081a5,352,True
func_h_0x1000081a7,820,False
func_h_0x1000082f8,1141,True
func_h_0x1000085de,-58,True
func_h_0x100008ec6,852,True
func_h_0x100008ec8,164,True
func_h_0x100008f07,733,False
func_h_0x100008f0c,1178,True
func_h_0x100008f2e,301,True
func_h_0x1000093b7,598,False
func_h_0x1000097ac,553,False
func_h_0x1000097b2,-779,True
func_h_0x1000098eb,-294,False
func_h_0x100009b9e,615,True
func_h_0x100009e0c,307,False
func_h_0x100009e10,-19,False
func_h_0x10000a455,840,False
func_h_0x10000a494,400,True
func_h_0x10000a4cb,-639,False
func_h_0x10000a73f,103,True
func_h_0x10000a75d,-603,True
func_h_0x10000a7d5,1035,False
func_h_0x10000a7fc,1004,False
func_h_0x10000a7fe,-310,False
func_h_0x10000a800,-394,True
func_h_0x10000a802,-778,True
func_h_0x10000a804,347,False
func_h_0x10000a806,1130,True
func_h_0x10000a808,-482,True
func_h_0x10000a905,-623,True
func_h_0x10000ab17,-688,True
func_h_0x10000ad00,752,False
func_h_0x10000aeb8,375,False
func_h_0x10000af3f,-766,False
func_h_0x10000b16c,-282,False
func_h_0x10000b374,33,True
func_h_0x10000b8ab,-762,False
func_h_0x10000b9c1,1104,False
func_h_0x10000c114,537,False
func_h_0x10000c154,837,False
func_h_0x10000c2f5,1045,True
func_h_0x10000c31a,1068,False
func_h_0x10000c31c,408,True
func_h_0x10000c31e,377,False
func_h_0x10000c324,-26,True
func_h_0x10000c32e,-785,True
func_h_0x10000c48c,837,False
func_h_0x10000c490,1031,True
func_h_0x10000c6df,1157,False
func_h_0x10000c6e3,-286,False
func_h_0x10000c7cf,1039,True
func_h_0x10000c7d3,-388,False
func_h_0x10000c7e7,168,False
func_h_0x10000c7f8,-624,False
func_h_0x10000c82b,340,False
func_h_0x10000cbdc,-482,True
func_h_0x10000d009,-188,False
func_h_0x10000d1a7,147,True
func_h_0x10000d237,619,True
func_he_0x100003be2,379,False
func_he_0x100004481,994,False
func_he_0x10000598c,461,True
func_he_0x1000059a2,-146,True
func_he_0x100005a48,-642,False
func_he_0x100005a4c,586,True
func_he_0x100005a50,-522,False
func_he_0x100005a54,1032,False
func_he_0x100005a6b,-361,False
func_he_0x100005dae,-474,True
func_he_0x1000060ca,564,True
func_he_0x100006115,861,True
func_he_0x10000660b,664,True
func_he_0x100006796,597,False
func_he_0x100007cc3,-461,True
func_he_0x100007ccd,-356,True
func_he_0x1000082e1,815,True
func_he_0x1000083da,-288,False
func_he_0x10000928b,203,False
func_he_0x100009b02,682,False
func_he_0x10000a53c,552,True
func_he_0x10000a577,-616,False
func_he_0x10000a57f,245,False
func_he_0x10000a581,-353,False
func_he_0x10000a583,134,True
func_he_0x10000a587,-437,True
func_he_0x10000a58f,589,False
func_he_0x10000a597,-348,False
func_he_0x10000c189,1028,True
func_he_0x10000c18b,76,False
func_he_0x10000c1c6,126,True
func_he_0x10000c1d2,-379,False
func_he_0x10000c1d6,-319,False
func_he_0x10000c1db,-560,True
func_he_0x10000c1df,382,False
func_he_0x10000c1f2,802,True
func_he_0x10000c359,927,True
func_he_0x10000c45d,1033,True
func_he_0x10000c704,-457,False
func_he_0x10000c708,559,True
func_he_0x10000c70a,730,False
func_he_0x10000c70c,-253,False
func_he_0x10000c70e,645,False
func_he_0x10000cd05,262,True
func_he_0x10000d0e7,576,False
func_he_0x10000d31b,-327,False
func_he_0x10000d34b,42,True
func_hn_0x100006a8b,-659,False
func_hn_0x100006a8d,657,True
func_hn_0x100006a91,332,True
func_hn_0x100006a95,842,False
func_hn_0x100006a99,-266,True
func_hn_0x100008313,536,True
func_ho_0x10000bb3a,739,False
func_ho_0x10000bb42,-528,False
func_ho_0x10000bb48,-591,False
func_ho_0x10000bb4a,260,False
func_ht_0x1000055ae,1194,True
func_ht_0x1000055c3,-237,True
func_ht_0x1000055c5,45,False
func_ht_0x1000055d4,1136,False
func_ht_0x1000055e4,1051,True
func_ht_0x1000055f4,635,True
func_ht_0x1000055f8,-432,True
func_ht_0x1000055fc,-51,True
func_ht_0x10000561a,-460,False
func_ht_0x100005622,-180,False
func_ht_0x100005624,433,True
func_ht_0x100005626,852,False
func_ht_0x10000562a,700,True
func_ht_0x10000562f,-375,True
func_ht_0x10000563a,294,False
func_ht_0x100005676,944,True
func_ht_0x10000567b,23,True
func_ht_0x100005681,1061,True
func_ht_0x100005684,283,False
func_ht_0x10000568d,279,True
func_ht_0x100005690,-420,False
func_ht_0x100005699,-110,True
func_ht_0x1000056a4,625,True
func_ht_0x1000056cc,741,False
func_ht_0x1000056f0,448,False
func_ht_0x100005705,1088,True
func_ht_0x100005709,884,True
func_ht_0x10000570d,798,True
func_ht_0x100005712,-92,False
func_ht_0x100005715,861,True
func_ht_0x100005717,108,True
func_ht_0x100005728,159,False
func_ht_0x100005742,886,False
func_ht_0x100005744,675,False
func_ht_0x100005766,3,False
func_ht_0x1000057a0,814,True
func_ht_0x1000057a2,46,True
func_ht_0x1000057a6,553,True
func_ht_0x1000057ad,-123,False
func_ht_0x1000057cb,-487,False
func_ht_0x1000057f6,53,False
func_ht_0x10000581d,774,True
func_ht_0x100005832,159,True
func_ht_0x10000583a,-359,False
func_ht_0x100005851,-466,True
func_ht_0x100005857,1032,True
func_ht_0x100005865,947,False
func_ht_0x100005869,862,False
func_ht_0x10000586c,253,False
func_hu_0x1000038e4,432,True
func_hu_0x1000038f1,-56,False
func_hu_0x100003a0a,24,False
func_hu_0x100003a13,1062,True
func_hu_0x100003a18,-210,True
func_hu_0x100003a24,936,True
func_hu_0x100003a2c,510,True
func_hu_0x10000434d,72,False
func_hu_0x100004355,1016,True
func_hu_0x10000435d,699,True
func_hu_0x10000435f,530,True
func_hu_0x1000068e0,386,False
func_hu_0x1000069a8,-272,True
func_hu_0x1000069aa,287,False
func_hu_0x10000c681,-260,True
func_hu_0x10000c6b2,552,True
func_hu_0x10000c6b4,-642,True
func_hu_0x10000c6b6,-675,True
func_hu_0x10000ce0f,1142,False
func_i_0x100000015,683,True
func_i_0x100000042,961,False
func_i_0x1000000a1,1079,True
func_i_0x1000000cb,45,False
func_i_0x100000171,-12,False
func_i_0x10000021b,-530,False
func_i_0x100000231,213,True
func_i_0x100000240,247,True
func_i_0x100000247,-697,True
func_i_0x10000028d,1169,True
func_i_0x100000291,-313,True
func_i_0x1000002ad,316,True
func_i_0x1000002c7,792,False
func_i_0x1000002f2,566,True
func_i_0x100000309,-212,True
func_i_0x100000319,-467,True
func_i_0x1000003a3,1021,True
func_i_0x1000003c4,271,False
func_i_0x1000003fa,-64,True
func_i_0x100000420,-63,False
func_i_0x10000043b,110,True
func_i_0x10000045f,1073,True
func_i_0x10000046c,64,False
func_i_0x10000046e,216,True
func_i_0x10000047e,886,True
func_i_0x100000497,34,False
func_i_0x1000004db,-377,True
func_i_0x100000513,692,True
func_i_0x100000519,240,False
func_i_0x100000544,-30,True
func_i_0x100000560,26,True
func_i_0x10000056b,-186,False
func_i_0x100000580,651,False
func_i_0x10000058c,1159,False
func_i_0x10000059c,960,False
func_i_0x1000005a1,514,True
func_i_0x100000953,-652,True
func_i_0x100000993,708,True
func_i_0x10000099a,-653,False
func_i_0x1000009c2,893,True
func_i_0x100003622,-661,True
func_i_0x100003aa2,-335,False
func_i_0x100003d25,-348,True
func_i_0x100003d3d,-75,False
func_i_0x100003d4c,1001,False
func_i_0x100003d9a,1045,True
func_i_0x100003dcd,1155,True
func_i_0x100003e09,133,False
func_i_0x100003ec3,1136,False
func_i_0x100003f4a,-205,True
func_i_0x100004017,830,True
func_i_0x100004039,-651,False
func_i_0x10000405a,247,True
func_i_0x100004124,-697,False
func_i_0x10000442e,228,False
func_i_0x100004876,791,False
func_i_0x10000488a,850,True
func_i_0x10000489f,883,False
func_i_0x100004d8d,1197,True
func_i_0x100004d90,149,False
func_i_0x100004d9c,764,False
func_i_0x100004daf,-772,True
func_i_0x100004fdd,-335,True
func_i_0x10000589d,105,True
func_i_0x100005940,-341,False
func_i_0x100005b74,40,False
func_i_0x100005d83,785,True
func_i_0x100005ecb,1176,False
func_i_0x100005fe6,-181,False
func_i_0x1000061e8,5,True
func_i_0x10000624f,-326,True
func_i_0x100006253,912,True
func_i_0x10000630f,-272,False
func_i_0x100006b70,1173,False
func_i_0x100006be1,985,True
func_i_0x100006bf4,151,True
func_i_0x100006c1e,27,True
func_i_0x100006d45,-770,False
func_i_0x100006d58,860,True
func_i_0x100006d63,705,True
func_i_0x100006d8f,819,False
func_i_0x1000072ff,534,False
func_i_0x1000074e6,-350,False
func_i_0x100007672,566,True
func_i_0x1000076be,820,True
func_i_0x1000076ce,96,False
func_i_0x1000076da,352,False
func_i_0x1000076e2,352,False
func_i_0x10000776f,541,True
func_i_0x10000783c,895,False
func_i_0x10000784e,374,False
func_i_0x100007ca2,1120,False
func_i_0x100007d16,-771,True
func_i_0x100007d29,-697,False
func_i_0x10000851a,-305,False
func_i_0x100008802,930,False
func_i_0x10000885e,-549,True
func_i_0x100008c3b,307,True
func_i_0x100008c42,-132,True
func_i_0x100008c50,398,False
func_i_0x100008c54,-639,True
func_i_0x100008c72,1176,False
func_i_0x100008ce7,-714,True
func_i_0x100008d12,174,True
func_i_0x100008d35,828,False
func_i_0x100008d4d,-7,False
func_i_0x100008dcc,1092,False
func_i_0x10000947e,313,True
func_i_0x100009486,79,True
func_i_0x100009520,-583,True
func_i_0x10000962e,-209,True
func_i_0x10000979f,-662,False
func_i_0x1000098be,1191,False
func_i_0x1000098c8,-543,False
func_i_0x1000099bd,376,False
func_i_0x1000099c2,1067,False
func_i_0x100009a17,-358,True
func_i_0x100009a2a,-491,True
func_i_0x100009a3b,-359,True
func_i_0x100009a6a,150,False
func_i_0x100009bb1,115,True
func_i_0x100009bbb,-532,False
func_i_0x100009dad,459,True
func_i_0x100009e1e,-631,False
func_i_0x100009e7a,-265,False
func_i_0x100009f19,-474,False
func_i_0x10000a748,931,True
func_i_0x10000a849,846,False
func_i_0x10000a8db,-672,True
func_i_0x10000aacf,556,True
func_i_0x10000abb1,854,True
func_i_0x10000abe8,-276,False
func_i_0x10000ad53,-21,True
func_i_0x10000ae18,520,False
func_i_0x10000af95,1092,True
func_i_0x10000af9a,-682,True
func_i_0x10000b1b4,582,False
func_i_0x10000b384,-32,True
func_i_0x10000b39b,314,False
func_i_0x10000b7af,215,False
func_i_0x10000b8d0,-487,False
func_i_0x10000b912,164,True
func_i_0x10000bb78,-614,False
func_i_0x10000bbc3,166,False
func_i_0x10000bbc9,-223,True
func_i_0x10000bbe0,329,True
func_i_0x10000bc40,613,False
func_i_0x10000c1f8,503,False
func_i_0x10000c208,1185,True
func_i_0x10000c3fe,566,False
func_i_0x10000c40a,905,True
func_i_0x10000c4b7,658,False
func_i_0x10000c4c1,679,True
func_i_0x10000c54f,733,True
func_i_0x10000c563,488,False
func_i_0x10000c580,-434,True
func_i_0x10000c751,-774,False
func_i_0x10000c75f,196,False
func_i_0x10000d3c1,-191,False
func_i_0x10000d3c7,602,True
func_ie_0x100003b46,744,False
func_ie_0x1000041b0,561,False
func_ie_0x1000050f2,496,False
func_ie_0x1000050f4,-625,True
func_ie_0x1000050f6,164,True
func_ie_0x100005107,874,True
func_ie_0x10000510d,731,True
func_ie_0x100005111,-436,True
func_ie_0x100005115,16,False
func_ie_0x100005117,1033,False
func_ie_0x100005119,529,True
func_ie_0x10000511b,1095,True
func_ie_0x10000511f,731,True
func_ie_0x100005127,779,False
func_ie_0x10000512b,880,False
func_ie_0x100005a46,596,False
func_ie_0x100005df5,29,False
func_ie_0x1000063bd,249,False
func_ie_0x1000063c1,807,False
func_ie_0x1000063cf,964,True
func_ie_0x1000063d4,627,True
func_ie_0x1000063d6,1050,False
func_ie_0x1000063da,30,False
func_ie_0x100006438,574,True
func_ie_0x10000643c,824,True
func_ie_0x100006639,-671,False
func_ie_0x10000663b,87,False
func_ie_0x100006649,-287,True
func_ie_0x10000664d,-598,True
func_ie_0x100006caf,-643,True
func_ie_0x100006cb5,-82,True
func_ie_0x1000075be,1172,True
func_ie_0x1000078e7,197,True
func_ie_0x10000928c,341,True
func_ie_0x10000928f,965,True
func_ie_0x10000a231,-263,False
func_ie_0x10000a256,-321,True
func_ie_0x10000a27c,809,False
func_ie_0x10000a27e,-555,False
func_ie_0x10000a56d,612,False
func_ie_0x10000a56f,-385,False
func_ie_0x10000aa4f,1129,False
func_ie_0x10000b010,-449,True
func_ie_0x10000b1e1,1061,False
func_ie_0x10000b8a2,1035,False
func_ie_0x10000c1e5,-401,False
func_ie_0x10000c3d8,259,False
func_ie_0x10000c3da,602,False
func_ie_0x10000cabd,-533,True
func_ie_0x10000d34d,381,True
func_io_0x100008b4d,258,False
func_io_0x100008bf3,-32,True
func_ir_0x1000055d8,459,False
func_ir_0x1000055dc,-760,False
func_ir_0x10000565a,580,False
func_ir_0x1000056b4,1163,True
func_ir_0x1000056d4,-198,False
func_ir_0x100005755,-723,True
func_ir_0x100005793,-675,True
func_ir_0x1000057a8,733,False
func_iu_0x1000046eb,-59,True
func_iu_0x100005013,-64,False
func_iu_0x100005b13,413,False
func_iu_0x100006066,-596,False
func_iu_0x100006fa2,915,True
func_iu_0x100006fa7,417,False
func_iu_0x100006fab,915,False
func_iu_0x100006fad,1098,True
func_iu_0x100006fb1,-38,True
func_iu_0x100007df5,946,True
func_iu_0x100007e2a,-257,True
func_iu_0x100007e3b,453,True
func_iu_0x100007e4f,927,True
func_iu_0x1000090f8,674,False
func_iu_0x100009379,-237,True
func_iu_0x10000939b,227,True
func_iu_0x10000c97b,1198,False
func_iu_0x10000c97d,1032,True
func_j_0x100003b10,281,False
func_j_0x100003b28,404,False
func_j_0x100003de0,69,False
func_j_0x100003de4,701,False
func_j_0x100003de8,-25,True
func_j_0x100003e27,927,True
func_j_0x100003ee0,834,True
func_j_0x100003ee2,273,True
func_j_0x100003eee,523,False
func_j_0x1000045fe,-202,False
func_j_0x1000046a7,-365,False
func_j_0x1000046a9,-335,False
func_j_0x100005e9f,-682,True
func_j_0x100005eae,-220,False
func_j_0x100006184,-396,False
func_j_0x100006186,-717,False
func_j_0x100006189,229,False
func_j_0x10000618c,1150,False
func_j_0x100006192,-540,False
func_j_0x10000634a,-533,True
func_j_0x10000653a,-587,True
func_j_0x10000653c,253,False
func_j_0x10000653e,-39,False
func_j_0x100006726,515,False
func_j_0x100006b3e,-147,False
func_j_0x100006ddb,-249,True
func_j_0x100007272,465,True
func_j_0x10000727a,678,False
func_j_0x100007317,330,True
func_j_0x1000076ad,-693,True
func_j_0x1000076af,-709,False
func_j_0x1000077ea,-47,False
func_j_0x100007986,-189,True
func_j_0x100007fce,770,True
func_j_0x1000086c1,12,True
func_j_0x100008fda,671,False
func_j_0x100008ff0,-571,False
func_j_0x1000091ee,-20,True
func_j_0x1000091f9,-711,False
func_j_0x100009223,547,False
func_j_0x1000092dd,843,True
func_j_0x100009986,22,True
func_j_0x100009df0,-653,False
func_j_0x100009df2,-448,False
func_j_0x100009ead,5,True
func_j_0x100009f23,-21,False
func_j_0x100009f43,-85,False
func_j_0x100009fce,-259,False
func_j_0x10000a215,-184,True
func_j_0x10000a6c7,119,False
func_j_0x10000af66,1123,False
func_j_0x10000aff2,1115,False
func_j_0x10000b3bc,1115,True
func_j_0x10000b3c3,102,True
func_j_0x10000b3c7,99,False
func_j_0x10000b5ae,276,True
func_j_0x10000b5b0,-127,True
func_j_0x10000b5b6,-57,False
func_j_0x10000b79a,439,False
func_j_0x10000b819,-478,False
func_j_0x10000b99d,798,True
func_j_0x10000bca5,1036,False
func_j_0x10000bf62,-677,False
func_j_0x10000c03f,-689,True
func_j_0x10000c13d,741,True
func_j_0x10000ca35,267,False
func_j_0x10000ca68,-713,False
func_j_0x10000cad8,682,True
func_j_0x10000cade,700,True
func_j_0x10000d1bf,-676,False
func_j_0x10000d1e5,-154,False
func_j_0x10000d2f6,-707,True
func_je_0x100003bf7,-93,True
func_je_0x1000047a1,-454,False
func_je_0x1000047a3,1201,False
func_je_0x1000047a5,672,True
func_je_0x1000047d7,-23,True
func_je_0x1000047ff,-580,True
func_je_0x100005a35,-233,True
func_je_0x100005efa,918,False
func_je_0x100005f10,-629,True
func_je_0x100005f6f,344,True
func_je_0x100005f76,-123,False
func_je_0x100005f93,1119,True
func_je_0x100006082,584,True
func_je_0x1000060d0,127,True
func_je_0x100006127,-268,True
func_je_0x1000064b1,678,True
func_je_0x1000064be,-81,False
func_je_0x10000650d,-261,False
func_je_0x100006515,-484,True
func_je_0x100006d07,-564,True
func_je_0x100007bbd,1145,False
func_je_0x100007d73,1010,False
func_je_0x10000a5ce,-479,True
func_je_0x10000aa7a,-462,True
func_je_0x10000adf0,1119,False
func_je_0x10000adf2,264,False
func_je_0x10000adf6,169,False
func_je_0x10000ae00,1120,True
func_je_0x10000c2c3,-510,False
func_je_0x10000c365,961,True
func_je_0x10000c506,856,False
func_je_0x10000c518,1082,True
func_je_0x10000c51e,432,True
func_je_0x10000c711,-61,False
func_je_0x10000c719,968,False
func_je_0x10000cfdd,580,True
func_je_0x10000d2c6,132,False
func_je_0x10000d2e1,-426,False
func_jn_0x100008700,251,False
func_jn_0x10000870d,368,True
func_jn_0x100008771,-247,True
func_jn_0x100008773,187,True
func_jn_0x100008777,1042,True
func_jn_0x10000877f,373,False
func_jo_0x1000070dd,-158,False
func_jo_0x10000719a,456,False
func_jo_0x1000071e9,-52,False
func_jr_0x1000007d4,50,True
func_jr_0x1000038e0,1019,True
func_jr_0x100006aff,972,True
func_jr_0x100006b01,-677,True
func_jr_0x10000a069,-185,True
func_jr_0x10000a06f,303,True
func_jr_0x10000a077,802,False
func_jr_0x10000ce3d,-6,False
func_jr_0x10000ce41,-666,False
func_jt_0x100005f5f,-294,False
func_jt_0x100005f63,-187,True
func_jt_0x100005f65,1056,False
func_jt_0x100005f69,425,True
func_jt_0x100005f6b,560,False
func_jt_0x100006065,454,True
func_jt_0x10000a921,-179,False
func_jt_0x10000a923,728,True
func_jt_0x10000a928,-220,True
func_jt_0x10000a92c,1071,False
func_jt_0x10000b000,227,True
func_jt_0x10000b00b,880,False
func_jt_0x10000b00d,416,True
func_jt_0x10000c537,-603,False
func_jt_0x10000c9c5,709,True
func_jt_0x10000c9e8,-395,True
func_jt_0x10000c9ef,-241,False
func_jt_0x10000ca90,1065,True
func_jt_0x10000ca9f,572,False
func_jt_0x10000cd49,891,False
func_jt_0x10000d2ae,799,True
func_ju_0x100006ae8,168,True
func_ju_0x1000070e7,1045,False
func_ju_0x100007130,504,False
func_ju_0x100007132,547,False
func_ju_0x100007134,-547,True
func_ju_0x10000713e,-640,False
func_ju_0x100007144,581,True
func_ju_0x100007153,42,False
func_ju_0x10000715e,-415,True
func_ju_0x100007162,1013,True
func_ju_0x100007166,857,True
func_ju_0x10000716a,-604,True
func_ju_0x10000716e,560,False
func_ju_0x100007172,-189,False
func_ju_0x10000717d,714,False
func_ju_0x100007181,-437,True
func_ju_0x100007192,632,False
func_ju_0x100007196,-115,False
func_ju_0x1000071a0,-582,False
func_ju_0x1000071a4,-96,True
func_ju_0x1000071a8,-300,False
func_ju_0x1000071b0,848,True
func_ju_0x1000071b6,318,False
func_ju_0x1000071b8,-393,False
func_ju_0x1000071bb,-189,False
func_ju_0x1000071bf,658,False
func_ju_0x1000071c3,1030,True
func_ju_0x1000071cb,225,True
func_ju_0x1000071d9,584,False
func_ju_0x1000071e1,-299,True
func_ju_0x1000071f6,-534,True
func_ju_0x1000071fa,-690,True
func_ju_0x100007208,-109,False
func_ju_0x10000720a,70,False
func_ju_0x10000720c,636,False
func_ju_0x100007218,47,False
func_ju_0x10000bd6c,495,True
func_ju_0x10000bd9b,773,False
func_k_0x100000270,-89,False
func_k_0x100000272,-78,False
func_k_0x100000276,257,False
func_k_0x10000027c,-18,False
func_k_0x100003689,7,True
func_k_0x100003ace,-210,True
func_k_0x100003ad0,769,False
func_k_0x100003bc7,482,True
func_k_0x100003bcd,-494,False
func_k_0x100003bd9,1176,True
func_k_0x100003cc2,898,True
func_k_0x100003db9,910,True
func_k_0x100003ea6,-628,True
func_k_0x100004077,132,True
func_k_0x10000415f,67,True
func_k_0x10000450c,953,False
func_k_0x100004618,-228,False
func_k_0x100004754,394,False
func_k_0x100004ee6,930,True
func_k_0x100004eea,236,False
func_k_0x100004ef3,-139,True
func_k_0x100004ef6,-243,True
func_k_0x100004f4b,-478,False
func_k_0x100004f53,329,True
func_k_0x100004f57,1072,True
func_k_0x100005a96,601,False
func_k_0x10000628d,522,True
func_k_0x10000628f,-669,False
func_k_0x100006291,72,False
func_k_0x1000062b4,-456,False
func_k_0x10000646b,970,False
func_k_0x100006532,-217,True
func_k_0x100006774,-553,True
func_k_0x100006779,484,False
func_k_0x10000677f,1047,True
func_k_0x1000068c1,510,False
func_k_0x100006bc4,-235,False
func_k_0x100006d74,552,True
func_k_0x100006e5e,459,True
func_k_0x100006e61,-129,False
func_k_0x100007048,-456,True
func_k_0x10000704a,655,True
func_k_0x10000704c,206,False
func_k_0x10000704e,693,True
func_k_0x100007056,1096,False
func_k_0x1000070af,-739,False
func_k_0x1000070c1,-775,False
func_k_0x1000070c3,818,False
func_k_0x10000735e,-119,False
func_k_0x1000074eb,543,False
func_k_0x1000074f1,-447,False
func_k_0x1000074f3,278,True
func_k_0x1000076f9,-339,True
func_k_0x10000779d,964,False
func_k_0x100007845,-587,False
func_k_0x100007919,-564,False
func_k_0x100007920,1126,False
func_k_0x100007923,644,False
func_k_0x100007927,-143,False
func_k_0x100007929,1084,True
func_k_0x10000792d,123,False
func_k_0x100007998,513,False
func_k_0x100007e84,152,False
func_k_0x100007f68,-774,False
func_k_0x100007f6a,1076,False
func_k_0x1000080d7,-434,False
func_k_0x100008897,-80,True
func_k_0x100008e8f,-606,False
func_k_0x1000090b7,-334,False
func_k_0x100009310,-618,False
func_k_0x100009456,-479,False
func_k_0x1000094c0,1148,False
func_k_0x1000094ce,-337,True
func_k_0x1000094d6,843,True
func_k_0x1000094e0,258,False
func_k_0x1000097cc,-235,True
func_k_0x100009906,620,True
func_k_0x10000992a,-415,False
func_k_0x10000993e,447,True
func_k_0x100009940,-758,False
func_k_0x100009946,630,True
func_k_0x100009e75,-415,False
func_k_0x100009ecb,535,True
func_k_0x10000a3b7,1154,True
func_k_0x10000a47d,540,True
func_k_0x10000a658,-592,False
func_k_0x10000a666,513,False
func_k_0x10000a69c,-782,True
func_k_0x10000ac54,-358,True
func_k_0x10000ac56,684,True
func_k_0x10000ac58,-179,False
func_k_0x10000b0f9,912,True
func_k_0x10000b1c0,-286,True
func_k_0x10000b1c2,648,True
func_k_0x10000b323,462,True
func_k_0x10000b327,934,True
func_k_0x10000b329,139,True
func_k_0x10000b352,1060,True
func_k_0x10000b749,-359,False
func_k_0x10000b767,-543,False
func_k_0x10000b76b,1151,True
func_k_0x10000b77d,205,True
func_k_0x10000b793,-209,True
func_k_0x10000b795,-357,False
func_k_0x10000b9c9,173,True
func_k_0x10000b9cf,-619,True
func_k_0x10000bbf5,-40,False
func_k_0x10000bc2f,287,True
func_k_0x10000c144,43,False
func_k_0x10000c249,-590,True
func_k_0x10000c282,171,False
func_k_0x10000c285,-607,False
func_k_0x10000c2e9,157,False
func_k_0x10000c2eb,-302,False
func_k_0x10000c305,-377,True
func_k_0x10000c30b,-351,False
func_k_0x10000cb10,620,True
func_k_0x10000cbc0,830,False
func_k_0x10000cc0c,239,True
func_k_0x10000d037,332,True
func_ke_0x1000041b2,913,True
func_ke_0x1000041b4,-693,True
func_ke_0x100004653,-74,False
func_ke_0x100004655,-420,False
func_ke_0x100004657,82,True
func_ke_0x100004659,870,False
func_ke_0x10000465b,1039,False
func_ke_0x10000465d,708,True
func_ke_0x1000050f8,146,True
func_ke_0x10000511d,1211,False
func_ke_0x100005121,634,True
func_ke_0x100005a3c,663,True
func_ke_0x100005a56,-595,False
func_ke_0x100005a6e,-145,True
func_ke_0x100005a72,116,False
func_ke_0x100005dea,201,False
func_ke_0x100005e06,-387,False
func_ke_0x1000060f1,18,True
func_ke_0x1000063bf,-612,False
func_ke_0x100006439,759,True
func_ke_0x100006645,-722,True
func_ke_0x1000082d9,-186,False
func_ke_0x1000082f0,-530,False
func_ke_0x1000083d5,-532,False
func_ke_0x10000a22f,1163,False
func_ke_0x10000a237,26,True
func_ke_0x10000a257,529,True
func_ke_0x10000a26a,1022,True
func_ke_0x10000a26c,140,False
func_ke_0x10000a26e,-685,True
func_ke_0x10000a270,921,False
func_ke_0x10000a272,-691,True
func_ke_0x10000a278,263,True
func_ke_0x10000a284,-781,False
func_ke_0x10000a31d,-660,True
func_ke_0x10000a9e5,-442,True
func_ke_0x10000aa62,764,False
func_ke_0x10000aecc,-699,False
func_ke_0x10000aece,971,True
func_ke_0x10000aed6,529,False
func_ke_0x10000aefe,-720,True
func_ke_0x10000af2f,967,False
func_ke_0x10000b1d9,-450,False
func_ke_0x10000b1dd,-721,True
func_ke_0x10000b3e6,937,False
func_ke_0x10000b3ff,1064,True
func_ke_0x10000b401,1115,True
func_ke_0x10000b409,-259,True
func_ke_0x10000b8a5,-422,True
func_ke_0x10000c0db,307,True
func_ke_0x10000c3dc,317,True
func_ke_0x10000c875,-142,False
func_ke_0x10000c879,190,True
func_ke_0x10000c87b,299,False
func_ke_0x10000c87d,-685,False
func_ke_0x10000c883,765,False
func_ke_0x10000c887,-345,False
func_ke_0x10000c889,-501,False
func_ke_0x10000c88d,978,False
func_ke_0x10000c891,-173,True
func_ke_0x10000c895,523,True
func_ke_0x10000d166,757,True
func_ki_0x1000088cb,614,True
func_ki_0x1000088cf,-304,False
func_ki_0x1000088d1,-720,True
func_ki_0x100008b53,-318,False
func_ki_0x100008bbc,-591,False
func_ko_0x100004ce5,-56,False
func_ko_0x100004ced,881,True
func_kr_0x100006a87,-212,True
func_kr_0x100006a89,725,False
func_kr_0x100006a8f,553,False
func_kr_0x100006a97,837,True
func_kr_0x100006aa3,670,True
func_kr_0x100006abe,1162,False
func_kr_0x10000cece,288,False
func_kt_0x100005195,-740,True
func_kt_0x1000051b2,607,True
func_kt_0x1000051c0,810,False
func_kt_0x1000052ed,785,True
func_kt_0x1000052f7,-584,False
func_kt_0x1000052fd,235,True
func_kt_0x10000531b,508,False
func_kt_0x10000532d,880,False
func_kt_0x100005339,937,False
func_kt_0x100005353,487,True
func_kt_0x10000535b,337,False
func_kt_0x10000535f,-254,False
func_kt_0x100005361,521,True
func_kt_0x10000538b,525,True
func_kt_0x100005391,288,True
func_kt_0x100005397,562,True
func_kt_0x10000539b,-48,False
func_kt_0x1000053ad,910,True
func_kt_0x1000053b1,123,True
func_kt_0x1000053bb,345,True
func_kt_0x100005402,854,False
func_kt_0x100005406,781,False
func_kt_0x10000542a,-561,True
func_ku_0x10000396c,1183,True
func_ku_0x100008704,366,True
func_l_0x100000198,385,False
func_l_0x1000002ef,-173,True
func_l_0x10000037e,-109,True
func_l_0x1000003dd,733,True
func_l_0x100000490,-164,True
func_l_0x1000009bf,-65,False
func_l_0x100003670,111,True
func_l_0x1000038ab,222,True
func_l_0x100003ba7,907,False
func_l_0x100003d27,212,False
func_l_0x100003d9c,30,False
func_l_0x100003f4c,1011,True
func_l_0x100003f4e,-718,False
func_l_0x100004008,-478,True
func_l_0x10000403a,787,False
func_l_0x1000046b0,600,True
func_l_0x10000488e,-719,True
func_l_0x100004d97,987,True
func_l_0x100004da9,1202,False
func_l_0x100004db6,-312,True
func_l_0x100004f1e,1154,True
func_l_0x100004f3b,-168,True
func_l_0x100004fa0,1136,False
func_l_0x1000058a0,-549,True
func_l_0x10000590b,392,True
func_l_0x100005d69,399,True
func_l_0x100005d8c,622,False
func_l_0x100005d8e,-553,False
func_l_0x100005e6c,-565,False
func_l_0x100005ecc,-150,True
func_l_0x100005eda,-756,True
func_l_0x100005fbe,-201,True
func_l_0x1000062f6,363,False
func_l_0x1000069b2,-730,False
func_l_0x100006e58,-302,False
func_l_0x100006f81,-35,False
func_l_0x1000076b7,1122,True
func_l_0x1000076c2,-60,False
func_l_0x100007a6d,874,True
func_l_0x100007bb0,-556,False
func_l_0x100007c8a,753,True
func_l_0x100007f5c,620,False
func_l_0x100008049,22,True
func_l_0x1000081e1,-494,True
func_l_0x1000087f2,-279,False
func_l_0x10000880d,1001,True
func_l_0x100008810,-565,False
func_l_0x1000088a3,1112,True
func_l_0x100008c55,595,True
func_l_0x100008c68,554,False
func_l_0x100008cca,-719,True
func_l_0x100008d31,268,False
func_l_0x100008d36,482,True
func_l_0x100008d40,234,True
func_l_0x100008d90,838,True
func_l_0x100009446,-596,False
func_l_0x100009844,-147,True
func_l_0x100009846,534,False
func_l_0x100009851,-317,False
func_l_0x100009857,819,False
func_l_0x100009a79,-524,True
func_l_0x100009b07,630,True
func_l_0x100009b3e,-10,True
func_l_0x100009bbc,-510,False
func_l_0x100009bc2,115,False
func_l_0x100009e3e,899,True
func_l_0x100009ef3,-215,True
func_l_0x100009f95,-182,True
func_l_0x10000a13c,-400,True
func_l_0x10000a4c6,362,False
func_l_0x10000a723,854,False
func_l_0x10000a8d0,522,False
func_l_0x10000aad9,-339,True
func_l_0x10000ab05,9,True
func_l_0x10000ad1a,1012,False
func_l_0x10000ae57,393,True
func_l_0x10000af8d,-651,False
func_l_0x10000afa2,776,True
func_l_0x10000b1a8,1171,True
func_l_0x10000b1af,1034,False
func_l_0x10000b36e,191,True
func_l_0x10000b474,123,False
func_l_0x10000b8de,-26,True
func_l_0x10000b8ee,-188,False
func_l_0x10000bbc6,-420,False
func_l_0x10000c153,-333,True
func_l_0x10000c21e,805,False
func_l_0x10000c419,-292,False
func_l_0x10000c49a,168,False
func_l_0x10000c55a,-515,False
func_l_0x10000c564,-588,False
func_l_0x10000c57b,769,True
func_l_0x10000cef6,-63,False
func_l_0x10000d381,-516,True
func_l_0x10000d383,437,False
func_l_0x10000d385,422,True
func_le_0x1000041ad,403,False
func_le_0x1000041af,-617,True
func_le_0x1000041be,860,True
func_le_0x100005975,30,False
func_le_0x10000597b,471,True
func_le_0x100005997,952,True
func_le_0x100005de0,700,True
func_le_0x100005e01,555,True
func_le_0x100006113,329,True
func_le_0x100006117,-656,True
func_le_0x100006604,882,True
func_le_0x100006608,1178,True
func_le_0x100006610,395,False
func_le_0x1000078b0,-780,True
func_le_0x1000078b4,776,False
func_le_0x100007d5a,-73,True
func_le_0x100007d69,420,False
func_le_0x100009289,-506,True
func_le_0x10000a23b,686,True
func_le_0x10000a567,922,False
func_le_0x10000a569,106,False
func_le_0x10000a57d,505,True
func_le_0x10000a585,604,False
func_le_0x10000a591,-743,False
func_le_0x10000a593,-683,False
func_le_0x10000a595,69,False
func_le_0x10000b8a0,355,False
func_le_0x10000c0d1,-469,True
func_le_0x10000c0dd,670,False
func_le_0x10000c1c8,931,False
func_le_0x10000c1ca,843,False
func_le_0x10000c1ce,917,False
func_le_0x10000c1d0,672,True
func_le_0x10000c1d4,-704,False
func_le_0x10000c1dd,219,False
func_le_0x10000c1e9,848,True
func_le_0x10000c1eb,246,True
func_le_0x10000c1ee,398,False
func_le_0x10000c357,406,False
func_le_0x10000c7a5,860,False
func_le_0x10000c7ad,-608,True
func_le_0x10000c7af,-625,False
func_le_0x10000c7b9,-726,False
func_le_0x10000d36b,542,True
func_li_0x10000bb18,-167,False
func_li_0x10000bb3f,1048,True
func_li_0x10000bb45,-194,False
func_ln_0x1000038da,257,False
func_ln_0x100006abb,856,True
func_ln_0x100006b03,39,True
func_ln_0x10000a067,527,False
func_ln_0x10000a079,1209,True
func_ln_0x10000ce81,598,False
func_lo_0x100003915,-75,False
func_lo_0x10000395b,-42,True
func_lr_0x100004a2b,-490,True
func_lr_0x100004a35,652,False
func_lr_0x100004a37,58,True
func_lr_0x100004a66,639,True
func_lr_0x100004b86,519,False
func_lr_0x100004b95,-615,False
func_lr_0x100004b9b,709,True
func_lr_0x100004cfc,1088,False
func_lr_0x100004d06,75,False
func_lt_0x100000619,108,False
func_lt_0x10000080f,-781,True
func_lt_0x10000087f,715,True
func_lt_0x100000881,-532,True
func_lt_0x10000088a,1082,False
func_lt_0x10000088c,980,False
func_lt_0x100000890,682,False
func_lt_0x100000892,-142,True
func_lt_0x10000089f,355,True
func_lt_0x1000008a2,120,False
func_lt_0x1000008a4,194,True
func_lt_0x1000043f3,-617,True
func_lt_0x1000075bf,177,True
func_lt_0x10000b24a,607,False
func_lt_0x10000b24c,250,False
func_lt_0x10000b250,-647,True
func_lt_0x10000b256,58,False
func_lt_0x10000b25a,376,False
func_lt_0x10000b260,980,False
func_lt_0x10000b262,-285,True
func_lt_0x10000b26c,-391,True
func_lt_0x10000b65c,-300,True
func_lt_0x10000b662,38,False
func_lt_0x10000b666,92,False
func_lt_0x10000b668,1104,True
func_lt_0x10000b66e,1157,True
func_lt_0x10000b670,674,True
func_lt_0x10000b680,-350,True
func_lt_0x10000b682,284,True
func_lt_0x10000b686,821,True
func_lt_0x10000b6f9,-321,False
func_lt_0x10000b701,-265,True
func_lt_0x10000b703,-712,False
func_lt_0x10000b727,694,True
func_lt_0x10000cda6,1160,False
func_m_0x100000116,616,False
func_m_0x1000001b7,-530,True
func_m_0x1000001d0,-575,False
func_m_0x1000001d2,1211,True
func_m_0x1000001d6,437,True
func_m_0x1000002fc,-665,False
func_m_0x100000304,425,True
func_m_0x100003aa3,309,True
func_m_0x100003c93,770,True
func_m_0x100003e61,634,True
func_m_0x100003e63,109,False
func_m_0x100003e69,278,False
func_m_0x100003e6b,844,False
func_m_0x100003e6d,-539,False
func_m_0x10000406c,555,False
func_m_0x100004138,-656,False
func_m_0x100004318,400,False
func_m_0x1000043f7,1068,False
func_m_0x1000044ee,-194,True
func_m_0x100004517,-571,True
func_m_0x10000457f,-524,True
func_m_0x100004f05,-563,True
func_m_0x100004fa3,384,True
func_m_0x100004fa7,-160,False
func_m_0x100004fae,596,True
func_m_0x100004fc1,223,False
func_m_0x100004fc5,-123,True
func_m_0x1000062f9,26,False
func_m_0x100006d37,249,False
func_m_0x100006dd2,-278,True
func_m_0x100006f82,16,True
func_m_0x1000070a4,913,False
func_m_0x100007274,-138,True
func_m_0x10000774c,-632,True
func_m_0x1000077b3,-96,True
func_m_0x100007819,-688,False
func_m_0x100007873,821,False
func_m_0x100007b50,150,False
func_m_0x100007ce2,536,False
func_m_0x100007f60,356,True
func_m_0x100007f79,30,False
func_m_0x100008095,969,True
func_m_0x1000080a8,-638,False
func_m_0x1000080d3,425,True
func_m_0x100008144,121,False
func_m_0x10000815e,-628,True
func_m_0x1000081ac,-125,True
func_m_0x100008212,1101,True
func_m_0x100008214,301,True
func_m_0x100008218,408,False
func_m_0x10000821d,546,True
func_m_0x100008221,691,True
func_m_0x100008404,650,True
func_m_0x10000881c,-703,True
func_m_0x100008841,-529,False
func_m_0x100008858,410,False
func_m_0x100008c94,-234,False
func_m_0x100008c96,318,True
func_m_0x100008ca1,102,True
func_m_0x100008df2,-66,True
func_m_0x100008edb,-382,True
func_m_0x100008f0a,162,True
func_m_0x100008f88,959,False
func_m_0x100008f8c,882,False
func_m_0x100008f96,1033,True
func_m_0x100008fb4,-688,False
func_m_0x100009064,13,False
func_m_0x100009066,-534,True
func_m_0x10000907a,1131,False
func_m_0x10000907c,-225,False
func_m_0x100009081,-283,False
func_m_0x100009424,-725,False
func_m_0x100009428,613,False
func_m_0x1000094a4,418,True
func_m_0x100009513,-769,False
func_m_0x100009821,-4,True
func_m_0x1000099e2,699,True
func_m_0x100009e08,-125,False
func_m_0x100009e27,-421,True
func_m_0x100009e2f,-61,False
func_m_0x100009e33,55,False
func_m_0x100009e37,832,True
func_m_0x100009e9e,824,False
func_m_0x100009ef4,1154,True
func_m_0x10000a68d,-238,False
func_m_0x10000a691,-573,False
func_m_0x10000a693,-29,True
func_m_0x10000a7e5,1143,True
func_m_0x10000acef,-605,True
func_m_0x10000af3b,1084,True
func_m_0x10000af40,713,False
func_m_0x10000b0b8,249,True
func_m_0x10000b0ba,392,False
func_m_0x10000b41b,858,False
func_m_0x10000b422,793,True
func_m_0x10000b424,110,True
func_m_0x10000bc1b,1111,True
func_m_0x10000bc1d,951,False
func_m_0x10000c03b,194,True
func_m_0x10000c065,764,True
func_m_0x10000c304,-396,True
func_m_0x10000c808,1036,True
func_m_0x10000c80b,968,True
func_m_0x10000d190,445,True
func_me_0x100000883,-206,True
func_me_0x100004348,-5,True
func_me_0x100005c64,520,False
func_me_0x10000745f,-72,True
func_me_0x100007477,-602,False
func_me_0x10000b732,597,True
func_me_0x10000b734,313,False
func_me_0x10000c3b6,-621,False
func_me_0x10000c591,425,True
func_me_0x10000ce03,-394,True
func_me_0x10000cea0,20,True
func_mn_0x100006ab9,468,True
func_mn_0x100008320,-689,False
func_mr_0x10000898a,1107,True
func_mr_0x100008991,675,True
func_mr_0x1000089a8,315,True
func_mr_0x100008abf,-44,True
func_mr_0x100008b23,-761,True
func_mr_0x100008bd9,865,False
func_mt_0x1000046f8,32,True
func_mt_0x100005043,-634,True
func_mt_0x100005f61,-760,False
func_mt_0x100006022,736,True
func_mt_0x100006024,660,False
func_mt_0x100006035,-725,True
func_mt_0x100006037,-279,False
func_mt_0x10000603b,631,False
func_mt_0x10000603f,316,True
func_mt_0x10000674e,-227,False
func_mt_0x100006e02,906,True
func_mt_0x100008379,262,False
func_mt_0x10000837d,-453,False
func_mt_0x100008381,146,False
func_mt_0x100009313,1040,True
func_mt_0x100009357,923,True
func_mt_0x100009361,550,True
func_mt_0x100009369,171,False
func_mt_0x10000936b,479,False
func_mt_0x100009387,-585,False
func_mt_0x10000938b,492,False
func_mt_0x1000093a6,-382,False
func_mt_0x1000093a8,928,False
func_mt_0x1000093b4,-247,False
func_mt_0x10000a926,354,True
func_mt_0x10000a937,-672,False
func_mt_0x10000a939,-641,False
func_mt_0x10000d2ac,197,True
func_mt_0x10000d2b0,-110,False
func_mt_0x10000d2e8,846,False
func_mu_0x100000611,458,True
func_mu_0x100006656,1015,False
func_mu_0x10000666e,-746,True
func_mu_0x100006698,383,True
func_mu_0x10000743e,1091,True
func_mu_0x10000745c,714,True
func_mu_0x100007465,1208,True
func_mu_0x100007475,1109,False
func_mu_0x1000074de,-470,True
func_mu_0x10000cdaf,-475,True
func_mu_0x10000cdbb,-546,False
func_mu_0x10000cdbd,343,False
func_mu_0x10000cdc5,1063,True
func_mu_0x10000cdd9,-230,False
func_mu_0x10000cddf,-69,True
func_mu_0x10000cde7,-610,True
func_mu_0x10000cee5,347,False
func_n1_0x100008b6d,907,True
func_n_0x100000000,-129,True
func_n_0x100000006,790,True
func_n_0x10000001b,338,False
func_n_0x10000006e,414,False
func_n_0x10000009e,25,True
func_n_0x1000000ac,-25,True
func_n_0x1000000f1,321,True
func_n_0x1000000f6,55,False
func_n_0x10000014c,581,True
func_n_0x10000014f,1098,True
func_n_0x10000017c,972,True
func_n_0x100000180,-742,False
func_n_0x100000185,-642,False
func_n_0x100000189,-537,False
func_n_0x10000018f,-409,True
func_n_0x100000194,162,False
func_n_0x10000025f,66,False
func_n_0x10000034e,931,True
func_n_0x100000374,-647,False
func_n_0x1000003a7,873,True
func_n_0x1000003af,33,True
func_n_0x1000003d5,269,True
func_n_0x1000003f4,-369,False
func_n_0x100000400,676,False
func_n_0x100000406,464,True
func_n_0x10000041a,976,True
func_n_0x100000444,0,False
func_n_0x100000449,-520,False
func_n_0x100000464,139,True
func_n_0x100000484,263,True
func_n_0x1000004a0,-65,True
func_n_0x1000004a6,249,False
func_n_0x1000004af,1207,True
func_n_0x1000004b2,-100,False
func_n_0x1000004b5,509,True
func_n_0x1000004be,-759,True
func_n_0x1000004cf,589,False
func_n_0x1000004d9,-271,False
func_n_0x1000004ed,736,False
func_n_0x1000004f6,932,True
func_n_0x1000004fd,-131,False
func_n_0x100000511,258,False
func_n_0x10000051e,834,False
func_n_0x100000521,400,False
func_n_0x100000526,140,True
func_n_0x10000052c,-194,True
func_n_0x100000530,-370,True
func_n_0x100000578,142,True
func_n_0x10000057a,540,False
func_n_0x10000057e,881,False
func_n_0x1000005af,-452,False
func_n_0x1000005c8,788,True
func_n_0x100000606,50,True
func_n_0x100000900,-78,False
func_n_0x100000923,-713,True
func_n_0x100000925,716,True
func_n_0x100000928,241,True
func_n_0x10000093e,536,True
func_n_0x100000959,-190,False
func_n_0x100000962,-325,False
func_n_0x100000991,1031,False
func_n_0x1000009a2,902,False
func_n_0x1000009a7,992,True
func_n_0x1000009cf,895,False
func_n_0x1000009ef,817,True
func_n_0x100003619,549,False
func_n_0x10000361f,-87,False
func_n_0x10000367a,-427,True
func_n_0x100003abc,721,False
func_n_0x100003ae6,-410,False
func_n_0x100003efd,1104,True
func_n_0x100003f53,-132,True
func_n_0x100004025,778,True
func_n_0x100004041,208,False
func_n_0x1000040bc,835,True
func_n_0x10000411f,822,True
func_n_0x10000480d,1105,False
func_n_0x100004887,721,True
func_n_0x100004d6c,1110,True
func_n_0x100004d8c,555,True
func_n_0x100004e90,516,True
func_n_0x100004fdb,64,True
func_n_0x10000549d,732,False
func_n_0x1000055b2,283,True
func_n_0x1000055b4,727,True
func_n_0x100005762,967,True
func_n_0x1000057af,1034,True
func_n_0x100005845,640,False
func_n_0x10000585a,977,True
func_n_0x10000593c,-430,True
func_n_0x1000059b9,182,True
func_n_0x100005b67,-383,True
func_n_0x100005d73,190,False
func_n_0x100005d7d,12,False
func_n_0x100005e42,-60,True
func_n_0x100005fa2,619,True
func_n_0x100006273,212,False
func_n_0x100006365,368,True
func_n_0x1000064ab,159,False
func_n_0x100006602,404,True
func_n_0x100006b6e,995,False
func_n_0x100006c00,-471,False
func_n_0x100006c16,-486,True
func_n_0x100006c41,-224,True
func_n_0x100006d8b,-94,False
func_n_0x100006e6c,183,False
func_n_0x100007513,463,False
func_n_0x100007515,555,True
func_n_0x100007781,1127,True
func_n_0x100007785,646,True
func_n_0x100007839,1190,False
func_n_0x1000078c5,-61,True
func_n_0x1000078ca,398,True
func_n_0x10000790f,-403,False
func_n_0x100007d2c,997,False
func_n_0x100007d45,604,True
func_n_0x100008058,661,True
func_n_0x10000805c,776,False
func_n_0x100008062,-294,True
func_n_0x100008232,-56,True
func_n_0x1000087f1,395,False
func_n_0x100008809,1206,True
func_n_0x1000088a2,-471,True
func_n_0x100008d52,997,True
func_n_0x100008d7f,75,True
func_n_0x100008e0f,1100,False
func_n_0x100008e29,745,False
func_n_0x100008e41,325,False
func_n_0x100009445,850,False
func_n_0x100009506,516,True
func_n_0x100009638,-523,False
func_n_0x1000097a5,1068,False
func_n_0x100009810,949,False
func_n_0x10000987d,1055,True
func_n_0x1000098b2,1025,False
func_n_0x1000098ba,638,False
func_n_0x1000099b9,-571,True
func_n_0x1000099fb,1163,False
func_n_0x1000099fd,1081,False
func_n_0x1000099ff,265,False
func_n_0x100009a01,-229,False
func_n_0x100009a03,-424,False
func_n_0x100009a05,-218,False
func_n_0x100009a07,251,False
func_n_0x100009a09,-345,True
func_n_0x100009a0b,-184,True
func_n_0x100009a0d,-609,True
func_n_0x100009a0f,1196,False
func_n_0x100009a11,96,False
func_n_0x100009a13,-313,True
func_n_0x100009a15,686,False
func_n_0x100009a24,-54,True
func_n_0x100009a46,-124,False
func_n_0x100009a6d,-21,True
func_n_0x100009a6f,-424,True
func_n_0x100009a71,421,False
func_n_0x100009bb5,-148,False
func_n_0x100009bc1,951,False
func_n_0x10000a372,383,True
func_n_0x10000a375,987,False
func_n_0x10000a730,933,False
func_n_0x10000a74f,-549,True
func_n_0x10000a855,54,True
func_n_0x10000a866,170,True
func_n_0x10000a86e,515,True
func_n_0x10000a875,644,False
func_n_0x10000a884,944,True
func_n_0x10000a88c,-25,False
func_n_0x10000a8b0,-627,True
func_n_0x10000a8e2,-27,False
func_n_0x10000aac3,92,True
func_n_0x10000ae25,350,True
func_n_0x10000ae38,452,False
func_n_0x10000afa8,-403,False
func_n_0x10000b14f,-581,False
func_n_0x10000b355,-389,False
func_n_0x10000b3ab,-435,True
func_n_0x10000b3ae,1078,True
func_n_0x10000b47e,1096,False
func_n_0x10000b8c3,-53,True
func_n_0x10000b8f1,-176,False
func_n_0x10000b8f6,1193,True
func_n_0x10000be73,980,False
func_n_0x10000c405,637,True
func_n_0x10000c4bd,186,True
func_n_0x10000c4d2,803,True
func_n_0x10000c548,-535,False
func_n_0x10000c6e9,972,True
func_n_0x10000c765,-159,False
func_n_0x10000c8f4,219,True
func_n_0x10000ca28,-319,True
func_n_0x10000cb07,897,True
func_n_0x10000cc3c,555,True
func_n_0x10000d3e2,-479,True
func_n_0x10000d3ee,444,True
func_ne_0x1000038a2,-342,False
func_ne_0x100003b2b,-42,False
func_ne_0x100003b31,-618,True
func_ne_0x100003cd4,-607,True
func_ne_0x100004185,-424,True
func_ne_0x100004187,762,True
func_ne_0x10000418b,-346,True
func_ne_0x1000042cc,64,False
func_ne_0x1000042d0,1095,True
func_ne_0x1000042da,-478,False
func_ne_0x100004305,704,True
func_ne_0x100004307,329,True
func_ne_0x100004405,-183,True
func_ne_0x100004407,-305,False
func_ne_0x100004409,-578,False
func_ne_0x10000440b,538,True
func_ne_0x10000446c,982,True
func_ne_0x100004636,1083,False
func_ne_0x10000463a,311,False
func_ne_0x100004d51,950,False
func_ne_0x100004e1a,941,True
func_ne_0x100005a0b,381,False
func_ne_0x100005ac1,910,True
func_ne_0x100005aca,366,False
func_ne_0x100005ad2,-33,True
func_ne_0x100005ec0,559,True
func_ne_0x1000065c4,-513,True
func_ne_0x1000065d0,789,True
func_ne_0x1000065d3,659,False
func_ne_0x10000672b,330,True
func_ne_0x10000672d,132,False
func_ne_0x100007069,-311,False
func_ne_0x10000706b,546,False
func_ne_0x100007099,-363,False
func_ne_0x10000709d,918,True
func_ne_0x1000072dc,-343,False
func_ne_0x100007824,-744,False
func_ne_0x100007939,-308,False
func_ne_0x100007b70,-459,True
func_ne_0x100007b79,813,True
func_ne_0x100007b83,1122,False
func_ne_0x100007fb3,298,True
func_ne_0x100008257,658,True
func_ne_0x1000085ac,966,False
func_ne_0x10000924e,432,True
func_ne_0x100009250,-230,False
func_ne_0x1000092cb,666,False
func_ne_0x100009b91,322,False
func_ne_0x100009f4c,-767,False
func_ne_0x100009f6e,1035,True
func_ne_0x10000a2a6,705,False
func_ne_0x10000a625,632,False
func_ne_0x10000a627,-132,True
func_ne_0x10000a62d,1155,True
func_ne_0x10000a78b,315,False
func_ne_0x10000a78d,445,False
func_ne_0x10000a791,-743,True
func_ne_0x10000a793,-574,True
func_ne_0x10000a79b,-181,False
func_ne_0x10000a7a3,-556,True
func_ne_0x10000b0fb,603,False
func_ne_0x10000b3b7,837,True
func_ne_0x10000b3b9,-567,True
func_ne_0x10000b532,-703,False
func_ne_0x10000b543,679,True
func_ne_0x10000b57e,678,False
func_ne_0x10000b582,248,False
func_ne_0x10000b5b8,-656,True
func_ne_0x10000b5bc,1128,False
func_ne_0x10000b7f7,976,False
func_ne_0x10000b801,28,True
func_ne_0x10000b803,1184,True
func_ne_0x10000b840,1208,True
func_ne_0x10000b9a8,-384,False
func_ne_0x10000c16d,-21,True
func_ne_0x10000c16f,16,False
func_ne_0x10000c72d,-757,True
func_ne_0x10000ca6a,-382,False
func_ne_0x10000ca7a,-669,True
func_ne_0x10000d05f,-768,False
func_ne_0x10000d061,901,True
func_ne_0x10000d067,-516,True
func_ne_0x10000d06f,140,True
func_ne_0x10000d087,434,True
func_ne_0x10000d1b2,62,False
func_ne_0x10000d213,1086,False
func_nn_0x10000083a,-180,True
func_nn_0x100000840,502,True
func_nn_0x10000b708,736,True
func_nn_0x10000b70e,-760,True
func_nn_0x10000b710,847,False
func_nn_0x10000b718,1098,False
func_nn_0x10000b71c,956,True
func_nn_0x10000c665,-288,True
func_nn_0x10000c66c,1111,False
func_nn_0x10000c66e,737,True
func_nn_0x10000c670,595,True
func_nn_0x10000c672,53,True
func_nn_0x10000ce58,584,True
func_nr_0x1000038c2,1174,True
func_nr_0x1000038fe,220,True
func_nr_0x100005caa,330,False
func_nr_0x1000068e2,-276,False
func_nr_0x1000068f1,-93,False
func_nr_0x1000068f3,295,False
func_nr_0x10000c683,103,True
func_nr_0x10000ce56,1025,False
func_nr_0x10000ce5a,554,False
func_nr_0x10000ce5e,199,True
func_nr_0x10000ceb4,611,True
func_nt_0x1000046ff,1137,False
func_nt_0x100004fee,1049,False
func_nt_0x100004ff0,-279,True
func_nt_0x100004ff2,-86,True
func_nt_0x100004ff4,-686,False
func_nt_0x100004ff8,-667,True
func_nt_0x100004ffa,-319,False
func_nt_0x100006f0f,1066,False
func_nt_0x100006f25,-608,False
func_nt_0x100006f2f,711,True
func_nt_0x100006f55,-501,True
func_nt_0x100006f5b,23,True
func_nt_0x100006f69,-246,True
func_nt_0x100007e14,-114,False
func_nt_0x100007e1a,-604,False
func_nt_0x100009102,7,True
func_nt_0x100009727,60,True
func_nt_0x10000972d,-616,False
func_nt_0x10000972f,-370,False
func_nt_0x100009731,1052,False
func_nt_0x10000975b,-315,False
func_nt_0x100009779,1199,False
func_nt_0x10000977b,381,False
func_nt_0x10000b226,511,True
func_nt_0x10000b284,750,True
func_nt_0x10000b2e5,354,False
func_nt_0x10000b2e7,165,False
func_nt_0x10000b2f4,552,False
func_nt_0x10000b31a,-545,True
func_nt_0x10000b4b0,-375,True
func_nt_0x10000cc70,-107,True
func_nt_0x10000cc7e,-84,True
func_nt_0x10000cca3,-410,False
func_nt_0x10000ccb9,1164,True
func_nt_0x10000ccbb,417,False
func_nt_0x10000ccbf,-368,False
func_nt_0x10000ccc5,334,True
func_nt_0x10000ccc7,-243,True
func_nt_0x10000cccd,-414,False
func_nt_0x10000cccf,-697,True
func_nt_0x10000ccd5,527,True
func_nt_0x10000ccde,-27,True
func_nt_0x10000cce3,195,True
func_oa_0x1000086c9,-534,False
func_oa_0x1000086cb,-300,True
func_oa_0x1000086cf,-699,True
func_oe_0x100003d55,605,True
func_oe_0x100003d63,-607,True
func_oe_0x100003d69,1123,False
func_oe_0x100003d6b,1100,True
func_oe_0x1000040c8,-354,False
func_oe_0x1000041c2,384,False
func_oe_0x1000041ca,241,False
func_oe_0x10000428c,446,False
func_oe_0x10000462c,-690,True
func_oe_0x100004d39,239,False
func_oe_0x100005130,-528,False
func_oe_0x100005134,855,True
func_oe_0x100005136,-473,False
func_oe_0x10000513e,-684,True
func_oe_0x100005142,-658,True
func_oe_0x100005152,-562,True
func_oe_0x100005a9b,995,False
func_oe_0x100005de6,-222,True
func_oe_0x100005e10,69,True
func_oe_0x100005e12,1099,True
func_oe_0x10000610c,152,True
func_oe_0x10000612e,-16,False
func_oe_0x100006577,-414,True
func_oe_0x100007345,-762,True
func_oe_0x10000767a,-331,True
func_oe_0x100007689,-55,True
func_oe_0x10000768d,-472,True
func_oe_0x100007693,-362,False
func_oe_0x100007695,-665,True
func_oe_0x1000078e5,-18,True
func_oe_0x100007fbd,-309,True
func_oe_0x1000082e8,344,True
func_oe_0x1000083c7,835,False
func_oe_0x100008f43,1088,False
func_oe_0x100008f45,-58,True
func_oe_0x100008f49,-726,True
func_oe_0x100008f4b,295,True
func_oe_0x100008f55,-263,False
func_oe_0x100008f57,-206,False
func_oe_0x100008f5b,-65,False
func_oe_0x100008f5f,30,False
func_oe_0x100008f67,-658,False
func_oe_0x100008f6b,1113,False
func_oe_0x100008f6f,-277,False
func_oe_0x100008f75,699,False
func_oe_0x100009280,1118,True
func_oe_0x100009284,-488,True
func_oe_0x1000092d0,-190,False
func_oe_0x1000096b3,631,True
func_oe_0x1000096b5,-226,True
func_oe_0x100009f55,-30,False
func_oe_0x10000a91d,-587,True
func_oe_0x10000a9ef,-146,True
func_oe_0x10000b1ca,401,False
func_oe_0x10000b88b,-243,False
func_oe_0x10000b89d,709,True
func_oe_0x10000bed3,-365,False
func_oe_0x10000bfbd,527,True
func_oe_0x10000c0ed,768,True
func_oe_0x10000c0f9,-89,False
func_oe_0x10000c100,560,False
func_oe_0x10000c253,-129,True
func_oe_0x10000c257,1121,False
func_oe_0x10000c25d,744,False
func_oe_0x10000c2a4,-231,False
func_oe_0x10000c2a6,-237,True
func_oe_0x10000c2a8,1180,False
func_oe_0x10000c2aa,216,True
func_oe_0x10000c2ac,824,False
func_oe_0x10000c2b0,-122,False
func_oe_0x10000c2b2,-598,False
func_oe_0x10000c2b6,131,True
func_oe_0x10000c353,218,True
func_oe_0x10000c3e5,-542,False
func_oe_0x10000c443,32,False
func_oe_0x10000c874,-265,False
func_oe_0x10000ca6b,24,False
func_oe_0x10000caad,252,False
func_oe_0x10000d077,695,True
func_oe_0x10000d0d8,991,False
func_oe_0x10000d0f2,-278,False
func_oe_0x10000d11c,-195,False
func_oe_0x10000d135,956,True
func_oi_0x100009d65,901,False
func_on_0x100000816,-522,False
func_on_0x100008373,-721,True
func_on_0x10000c68e,-501,True
func_on_0x10000c696,16,True
func_on_0x10000c698,551,True
func_on_0x10000c69c,1006,True
func_on_0x10000ce1c,-621,True
func_on_0x10000ce28,444,True
func_on_0x10000cebb,103,True
func_on_0x10000cebd,989,True
func_or_0x1000043c2,128,True
func_or_0x1000043d8,268,False
func_or_0x1000043e4,-394,False
func_or_0x1000043e8,490,False
func_ot_0x10000466f,-723,True
func_ot_0x100004673,529,False
func_ot_0x100005f85,112,True
func_ot_0x10000604d,-334,False
func_ot_0x10000607b,-334,False
func_ot_0x1000060d5,932,True
func_ot_0x1000060dd,524,True
func_ot_0x100006cd7,-738,False
func_ot_0x100006dfb,632,False
func_ot_0x100006e0c,1032,True
func_ot_0x100007005,1188,True
func_ot_0x1000073e7,1061,True
func_ot_0x100007bde,36,False
func_ot_0x100009315,160,True
func_ot_0x10000a92e,706,False
func_ot_0x10000a932,78,False
func_ot_0x10000affe,505,False
func_ot_0x10000b019,-12,False
func_ot_0x10000b657,-518,True
func_ot_0x10000c53c,67,False
func_ot_0x10000c53e,-61,False
func_ot_0x10000c997,-516,False
func_ot_0x10000c9c3,212,True
func_ot_0x10000c9c9,-73,False
func_ot_0x10000c9cb,-762,False
func_ot_0x10000c9cd,-105,False
func_ot_0x10000c9d5,-667,False
func_ot_0x10000c9d9,-421,False
func_ot_0x10000c9db,-463,True
func_ot_0x10000c9dd,381,True
func_ot_0x10000c9e7,-766,False
func_ot_0x10000ca8e,115,False
func_ot_0x10000caa1,48,True
func_ot_0x10000cf81,-112,True
func_ot_0x10000cf83,150,False
func_ot_0x10000cf85,852,True
func_ot_0x10000cfde,-249,False
func_ot_0x10000d248,-680,False
func_ot_0x10000d320,-480,True
func_ot_0x10000d326,474,True
func_ou_0x1000051b0,591,False
func_ou_0x1000051b9,434,False
func_ou_0x1000051bb,-266,True
func_ou_0x1000052e9,519,False
func_ou_0x1000052f3,972,True
func_ou_0x100005303,85,True
func_ou_0x100005307,-392,False
func_ou_0x10000530d,379,False
func_ou_0x100005313,-770,False
func_ou_0x10000531d,-143,True
func_ou_0x10000532b,144,False
func_ou_0x100005333,-555,False
func_ou_0x10000533f,-366,True
func_ou_0x100005343,-261,True
func_ou_0x100005347,804,False
func_ou_0x10000534b,646,True
func_ou_0x100005355,234,False
func_ou_0x100005365,740,True
func_ou_0x100005373,-215,False
func_ou_0x10000539d,-541,True
func_ou_0x10000539f,488,False
func_ou_0x1000053a1,346,False
func_ou_0x1000053a3,847,True
func_ou_0x1000053a7,-386,True
func_ou_0x1000053b7,-685,True
func_ou_0x1000053cf,96,True
func_ou_0x1000053de,-113,True
func_ou_0x1000053e0,547,False
func_ou_0x1000053e5,576,True
func_ou_0x1000053e7,92,False
func_ou_0x1000053ee,937,False
func_ou_0x1000053f0,-225,False
func_ou_0x1000053f4,285,True
func_ou_0x1000053fa,179,False
func_ou_0x1000053fc,1206,True
func_ou_0x100005404,-578,False
func_ou_0x100005408,-207,True
func_ou_0x10000540c,704,True
func_ou_0x10000540e,-342,False
func_ou_0x100005414,146,True
func_ou_0x100005416,1115,False
func_ou_0x100005420,603,False
func_ou_0x100005428,-354,False
func_ou_0x10000542c,189,True
func_ou_0x100005434,751,True
func_ou_0x100005438,-551,True
func_p_0x10000008b,74,False
func_p_0x1000002d1,900,False
func_p_0x1000002fa,410,False
func_p_0x100000345,-612,True
func_p_0x100000546,291,True
func_p_0x100003adf,-357,True
func_p_0x100003c49,1167,False
func_p_0x100003c4b,761,True
func_p_0x100003c4d,-39,True
func_p_0x100003d4e,-422,False
func_p_0x100003d93,42,True
func_p_0x100003ecb,311,False
func_p_0x100003ecd,140,False
func_p_0x100003f25,-141,True
func_p_0x10000400c,-17,True
func_p_0x10000400e,-449,False
func_p_0x100004010,985,True
func_p_0x100004014,-456,False
func_p_0x100004032,478,False
func_p_0x100004036,1022,False
func_p_0x100004049,-216,True
func_p_0x10000415a,1203,True
func_p_0x10000415c,-382,True
func_p_0x1000046d2,1043,True
func_p_0x100004877,116,False
func_p_0x10000489c,986,True
func_p_0x100004e54,81,True
func_p_0x100004e5a,-139,True
func_p_0x100004e5f,-480,False
func_p_0x100004f2b,98,False
func_p_0x100004f35,779,False
func_p_0x100004fde,444,False
func_p_0x10000509b,672,True
func_p_0x100005441,95,True
func_p_0x100005461,1089,False
func_p_0x100005889,-506,False
func_p_0x1000058df,426,True
func_p_0x1000058e1,-426,True
func_p_0x1000059bb,783,False
func_p_0x100005a7b,-119,True
func_p_0x100005b78,498,False
func_p_0x100005ba9,492,False
func_p_0x100005bc9,-132,True
func_p_0x100005da2,565,True
func_p_0x100005ee2,-656,False
func_p_0x100006219,910,False
func_p_0x10000622c,-326,True
func_p_0x10000671d,745,False
func_p_0x100006ba0,-34,False
func_p_0x100006bf1,777,True
func_p_0x100006bfd,707,True
func_p_0x100006c62,-333,False
func_p_0x100006c6b,1158,True
func_p_0x100006c6f,713,True
func_p_0x100006d49,1012,False
func_p_0x10000701c,295,True
func_p_0x1000072b5,637,False
func_p_0x1000072b8,153,False
func_p_0x10000770f,-307,True
func_p_0x100007757,-478,False
func_p_0x100007841,554,False
func_p_0x100007b44,-255,True
func_p_0x100007c84,-590,False
func_p_0x100007caa,-374,True
func_p_0x100007d48,-605,True
func_p_0x100007dc1,794,True
func_p_0x100007f20,-786,True
func_p_0x100007f4b,385,False
func_p_0x100007feb,-584,True
func_p_0x100007fed,1084,False
func_p_0x1000080a7,-189,False
func_p_0x100008147,-405,True
func_p_0x1000081e2,1092,True
func_p_0x1000081f0,-588,True
func_p_0x1000084ce,-288,True
func_p_0x100008523,927,True
func_p_0x100008805,376,False
func_p_0x10000882f,-365,False
func_p_0x100008832,637,True
func_p_0x100008c1f,-181,True
func_p_0x100008c5e,1125,True
func_p_0x100008d03,-43,False
func_p_0x100008df6,-781,False
func_p_0x100008e2c,-165,False
func_p_0x100008e3c,185,False
func_p_0x100008ed0,451,True
func_p_0x100008fa4,-334,False
func_p_0x100009054,742,True
func_p_0x100009057,257,False
func_p_0x100009069,232,True
func_p_0x1000091db,-445,False
func_p_0x1000093d7,-150,False
func_p_0x1000093d9,1151,False
func_p_0x1000093e0,795,True
func_p_0x1000093fb,876,False
func_p_0x100009431,324,True
func_p_0x1000098af,-467,False
func_p_0x100009900,1091,True
func_p_0x100009a8e,243,True
func_p_0x100009b1c,-611,False
func_p_0x100009da0,713,False
func_p_0x100009e45,711,False
func_p_0x100009f10,-509,False
func_p_0x10000a16b,385,False
func_p_0x10000a34a,463,True
func_p_0x10000a466,974,True
func_p_0x10000a71f,-593,True
func_p_0x10000a721,552,True
func_p_0x10000a749,88,True
func_p_0x10000aae1,-362,True
func_p_0x10000ab42,877,True
func_p_0x10000ab49,835,False
func_p_0x10000ab54,459,False
func_p_0x10000ab68,626,True
func_p_0x10000ab74,-632,False
func_p_0x10000ab87,216,True
func_p_0x10000ab8e,1206,False
func_p_0x10000abac,-370,False
func_p_0x10000abb6,-535,False
func_p_0x10000abb8,1093,False
func_p_0x10000abec,641,False
func_p_0x10000abf5,563,False
func_p_0x10000ac0a,1188,True
func_p_0x10000ac10,-732,False
func_p_0x10000ac1a,799,True
func_p_0x10000ac22,-153,False
func_p_0x10000ac2e,1127,False
func_p_0x10000ac60,568,False
func_p_0x10000ac6f,531,True
func_p_0x10000ac85,-284,True
func_p_0x10000ac8f,-337,False
func_p_0x10000aca3,-661,True
func_p_0x10000acaa,710,False
func_p_0x10000acbf,451,True
func_p_0x10000acc7,709,True
func_p_0x10000acc9,762,False
func_p_0x10000ace1,201,True
func_p_0x10000ad0c,-402,True
func_p_0x10000ad59,-31,True
func_p_0x10000ad62,-263,False
func_p_0x10000ad69,492,False
func_p_0x10000ad74,572,False
func_p_0x10000ad76,380,False
func_p_0x10000ad7f,-369,False
func_p_0x10000ad86,-30,False
func_p_0x10000b076,393,True
func_p_0x10000b0a5,-74,False
func_p_0x10000b38c,-553,True
func_p_0x10000b776,-364,False
func_p_0x10000b9b7,251,False
func_p_0x10000bbcc,-750,False
func_p_0x10000bbd9,-748,True
func_p_0x10000bc16,150,True
func_p_0x10000bef8,916,True
func_p_0x10000bf54,-536,False
func_p_0x10000c415,1145,False
func_p_0x10000c58a,132,True
func_p_0x10000ca2a,755,False
func_p_0x10000cbf0,312,False
func_p_0x10000cefb,-468,True
func_pe_0x1000040ce,270,True
func_pe_0x1000041ab,403,True
func_pe_0x1000041bb,849,False
func_pe_0x1000041c5,87,True
func_pe_0x10000596e,444,False
func_pe_0x100005983,-569,False
func_pe_0x100005987,238,False
func_pe_0x100005989,1064,True
func_pe_0x10000598b,-644,False
func_pe_0x1000059a4,107,True
func_pe_0x1000059ac,1078,False
func_pe_0x100005a2f,140,True
func_pe_0x100005c5e,919,False
func_pe_0x100005d58,861,False
func_pe_0x100005de2,1199,False
func_pe_0x1000073c5,1002,True
func_pe_0x1000078a6,-195,True
func_pe_0x1000078a8,-759,False
func_pe_0x1000078ae,306,False
func_pe_0x100007cd1,-421,True
func_pe_0x100007cd6,1168,False
func_pe_0x1000082ef,222,False
func_pe_0x1000083d9,-185,False
func_pe_0x1000092d3,596,False
func_pe_0x100009afc,358,True
func_pe_0x100009b95,281,True
func_pe_0x10000a2f9,270,True
func_pe_0x10000a53e,-657,False
func_pe_0x10000a9c3,-543,False
func_pe_0x10000aa08,729,False
func_pe_0x10000b13c,-707,False
func_pe_0x10000b141,855,False
func_pe_0x10000b147,675,False
func_pe_0x10000b1d8,-447,False
func_pe_0x10000c265,241,False
func_pe_0x10000c269,1127,False
func_pe_0x10000c797,1074,True
func_pe_0x10000c799,1135,True
func_pe_0x10000c79b,861,True
func_pe_0x10000c79d,153,False
func_pe_0x10000c7a7,270,False
func_pe_0x10000cab0,903,True
func_pe_0x10000cab2,632,True
func_pe_0x10000cf74,1077,True
func_pe_0x10000d0de,453,False
func_pe_0x10000d0e1,837,False
func_pe_0x10000d175,-130,False
func_pe_0x10000d17d,1061,False
func_pe_0x10000d183,-197,False
func_pe_0x10000d349,-667,True
func_pe_0x10000d350,644,True
func_pe_0x10000d36d,968,False
func_pe_0x10000d371,-694,False
func_pn_0x100000808,-205,False
func_pn_0x10000080a,-9,False
func_pn_0x10000c652,113,False
func_pn_0x10000cec2,97,False
func_pn_0x10000cec6,848,False
func_po_0x10000a0b7,-618,True
func_po_0x10000a0b9,30,False
func_po_0x10000a0c3,860,False
func_po_0x10000a0c5,804,False
func_po_0x10000a0d3,104,False
func_po_0x10000a0d5,270,False
func_po_0x10000a0d7,73,True
func_po_0x10000a0e3,-570,True
func_po_0x10000a0e7,-146,False
func_po_0x10000a0eb,-750,False
func_po_0x10000a0ed,837,False
func_po_0x10000a0ef,997,True
func_po_0x10000ce44,-537,False
func_pr_0x100006ae7,410,False
func_pr_0x100006af9,46,True
func_pr_0x10000baeb,1131,True
func_pr_0x10000baf0,-640,True
func_pr_0x10000bb5d,958,True
func_pr_0x10000bde0,1151,True
func_pr_0x10000bdf0,512,False
func_pr_0x10000be05,799,False
func_pr_0x10000be07,179,True
func_pr_0x10000be13,318,True
func_pr_0x10000ce47,940,False
func_pt_0x100005002,-16,False
func_pt_0x1000075cf,47,True
func_pt_0x1000075d7,-572,False
func_pt_0x10000762b,1038,False
func_pt_0x10000762f,-760,True
func_pt_0x100007631,-51,True
func_pt_0x100007647,-137,False
func_pt_0x100007649,173,True
func_pt_0x100007651,-146,False
func_pt_0x1000090e2,-352,False
func_pt_0x10000937c,203,False
func_pt_0x100009724,-459,True
func_pt_0x100009781,-607,True
func_pt_0x10000978c,94,False
func_pt_0x100009799,-270,False
func_pt_0x10000979b,1066,True
func_pu_0x100003f72,-340,False
func_pu_0x100003f76,-465,False
func_pu_0x100003f7a,471,False
func_pu_0x100003f7c,-340,True
func_pu_0x100003f7e,-739,False
func_pu_0x100003f82,-114,True
func_pu_0x100003f84,-212,False
func_pu_0x100003f88,-358,True
func_pu_0x100003f90,-729,True
func_pu_0x100003f92,777,False
func_pu_0x100003f94,369,True
func_pu_0x100003f98,880,False
func_pu_0x100003f9a,-6,True
func_pu_0x100003f9e,-138,True
func_pu_0x100003fa2,741,True
func_pu_0x100003fa8,-612,False
func_pu_0x100003faa,-161,True
func_pu_0x100003fac,610,True
func_pu_0x100003fae,-152,False
func_pu_0x100003fb0,384,False
func_pu_0x100003fb2,870,False
func_pu_0x100003fb4,796,False
func_pu_0x100003fb8,1088,False
func_pu_0x100003fbc,-674,False
func_pu_0x100003fbe,21,True
func_pu_0x100003fc2,-141,True
func_pu_0x100003fca,1200,False
func_pu_0x100003fce,-694,False
func_pu_0x100003fd2,-110,True
func_pu_0x100003fd4,-695,False
func_pu_0x100003fd8,516,True
func_pu_0x100003fda,-659,True
func_pu_0x100003fe2,272,False
func_pu_0x100003fe6,-75,True
func_pu_0x100003fe8,-206,False
func_pu_0x100003fee,827,True
func_pu_0x10000436e,-541,False
func_pu_0x100004372,1055,False
func_pu_0x10000437e,-313,True
func_pu_0x100004380,539,False
func_pu_0x100004382,976,False
func_pu_0x100004386,1191,False
func_pu_0x1000043c8,769,False
func_pu_0x1000043ca,472,True
func_pu_0x1000043cc,8,False
func_pu_0x1000043d2,672,False
func_pu_0x1000043d4,882,False
func_pu_0x1000043d6,812,False
func_pu_0x1000043da,943,True
func_pu_0x1000043e0,313,False
func_pu_0x1000043e6,141,True
func_pu_0x100007639,-698,True
func_pu_0x10000763e,-382,True
func_pu_0x100007642,242,True
func_pu_0x10000971f,-723,False
func_pu_0x10000b288,665,True
func_pu_0x10000b28b,955,False
func_pu_0x10000c391,-640,True
func_pu_0x10000cc73,152,False
func_q_0x1000001e8,-326,True
func_q_0x1000001f0,-452,False
func_q_0x1000001f2,-354,True
func_q_0x1000001f4,-5,False
func_q_0x100004164,782,True
func_q_0x100004189,313,True
func_q_0x100004292,597,False
func_q_0x100004295,-46,True
func_q_0x1000042ce,325,False
func_q_0x10000441e,55,True
func_q_0x10000443d,43,True
func_q_0x100004445,-303,True
func_q_0x100004474,419,False
func_q_0x100004620,412,False
func_q_0x100004634,-266,True
func_q_0x100005155,-435,True
func_q_0x10000613f,-449,False
func_q_0x100006179,-28,False
func_q_0x10000617f,-119,True
func_q_0x1000065c2,507,False
func_q_0x10000705f,-489,True
func_q_0x10000721c,693,True
func_q_0x100007223,912,False
func_q_0x100007227,1204,True
func_q_0x10000722b,1133,True
func_q_0x10000722d,623,False
func_q_0x10000722f,841,False
func_q_0x1000072d1,643,True
func_q_0x100007321,96,False
func_q_0x100007822,777,True
func_q_0x100007898,1079,False
func_q_0x10000793d,-228,True
func_q_0x10000793f,1037,True
func_q_0x1000079db,-752,True
func_q_0x1000079f9,693,True
func_q_0x1000079fe,-262,False
func_q_0x100007b81,17,True
func_q_0x100007f34,-375,False
func_q_0x100007f36,5,False
func_q_0x100007f38,1172,True
func_q_0x100007f3a,1116,False
func_q_0x1000085a4,-696,True
func_q_0x1000096aa,352,True
func_q_0x1000096ac,685,True
func_q_0x100009db4,-412,True
func_q_0x100009dbc,699,False
func_q_0x100009dc7,704,True
func_q_0x100009de3,237,True
func_q_0x10000a2a0,-377,False
func_q_0x10000a324,589,False
func_q_0x10000a326,-74,False
func_q_0x10000a328,-587,False
func_q_0x10000a32e,1154,True
func_q_0x10000a330,551,False
func_q_0x10000a334,633,False
func_q_0x10000a3e4,617,False
func_q_0x10000a426,974,False
func_q_0x10000a42a,693,False
func_q_0x10000a43c,-595,False
func_q_0x10000a440,-627,False
func_q_0x10000a62b,245,True
func_q_0x10000a795,449,True
func_q_0x10000a7ad,60,True
func_q_0x10000a7c1,590,True
func_q_0x10000b1c5,692,False
func_q_0x10000b53e,-775,True
func_q_0x10000b545,541,False
func_q_0x10000b549,638,False
func_q_0x10000b5bd,1192,False
func_q_0x10000b5f2,322,False
func_q_0x10000b5f4,-418,True
func_q_0x10000b850,35,True
func_q_0x10000bbb0,587,True
func_q_0x10000bbb2,782,True
func_q_0x10000bbb8,-560,False
func_q_0x10000bbbc,414,True
func_q_0x10000bee6,354,False
func_q_0x10000beee,10,True
func_q_0x10000c29d,-386,False
func_q_0x10000c446,763,False
func_q_0x10000c44a,566,True
func_q_0x10000c455,541,True
func_q_0x10000c484,-505,False
func_q_0x10000cf23,-319,False
func_q_0x10000d01e,70,True
func_q_0x10000d073,-336,False
func_q_0x10000d09f,536,False
func_q_0x10000d0a1,277,True
func_q_0x10000d0bd,459,False
func_q_0x10000d0bf,-526,False
func_q_0x10000d0c6,1006,False
func_q_0x10000d0d0,-139,True
func_q_0x10000d0da,598,True
func_q_0x10000d210,874,True
func_q_0x10000d217,132,False
func_qe_0x1000036ad,933,True
func_qe_0x1000036af,133,False
func_qe_0x1000036b3,-648,True
func_qe_0x1000036bd,315,True
func_qe_0x1000036bf,942,False
func_qe_0x1000036c5,-687,True
func_qe_0x1000036c7,77,True
func_qe_0x1000036d0,538,False
func_qe_0x1000036d2,855,True
func_qe_0x1000036d4,1141,True
func_qe_0x1000036d8,-635,True
func_qe_0x1000036ec,330,True
func_qe_0x1000036f0,-407,True
func_qe_0x1000036fb,764,False
func_qe_0x1000037ed,1099,False
func_qe_0x1000037ef,-642,False
func_qe_0x1000037f3,388,True
func_qe_0x1000037f5,1012,True
func_qe_0x1000037f7,5,True
func_qe_0x1000037f9,810,True
func_qe_0x1000037fb,344,False
func_qe_0x1000037fd,978,True
func_qe_0x1000037ff,-205,False
func_qe_0x100003807,1148,False
func_qe_0x100003809,-416,True
func_qe_0x10000380f,484,False
func_qe_0x100003817,443,False
func_qe_0x10000381d,674,True
func_qe_0x100005ca1,17,False
func_qe_0x1000068ce,-27,False
func_qe_0x1000068df,412,True
func_qe_0x1000068fa,548,False
func_qe_0x100006902,-755,True
func_qe_0x10000c3d1,476,True
func_qe_0x10000c58f,1048,False
func_qe_0x10000c620,-371,False
func_qe_0x10000c624,147,True
func_qe_0x10000c675,984,False
func_qe_0x10000c68c,-545,False
func_qe_0x10000c6a7,457,True
func_qe_0x10000c6c8,719,False
func_qe_0x10000c6ca,-672,True
func_qe_0x10000c6d1,-364,False
func_qe_0x10000c6d3,-303,True
func_qe_0x10000cdea,-707,False
func_qf_0x100008b6f,-238,False
func_qi_0x1000057b0,1054,True
func_qi_0x1000057b2,360,True
func_qn_0x100006a9d,-26,True
func_qn_0x100006aa1,-720,False
func_qn_0x100006aa7,986,True
func_qn_0x100006aa9,380,True
func_qn_0x10000a0c7,387,False
func_qn_0x10000a0c9,-492,True
func_qn_0x10000a0e1,527,False
func_qn_0x10000ced2,820,True
func_qo_0x10000bb12,-351,True
func_qo_0x10000bb2a,146,True
func_qr_0x100000814,762,False
func_qr_0x100000818,343,False
func_qr_0x10000081a,132,False
func_qr_0x10000081c,978,True
func_qr_0x100000820,30,False
func_qr_0x100000822,456,True
func_qr_0x10000082a,977,True
func_qr_0x10000082e,383,True
func_qr_0x100000832,907,True
func_qr_0x10000083c,932,False
func_qr_0x100000842,812,True
func_qr_0x100000846,415,False
func_qr_0x1000038c6,870,True
func_qr_0x100003a04,1205,False
func_qr_0x10000b70a,1001,True
func_qr_0x10000b714,-578,True
func_qr_0x10000b716,30,False
func_qr_0x10000b71e,-411,False
func_qr_0x10000b720,-228,True
func_qr_0x10000ce5c,-257,False
func_qr_0x10000ce64,1016,False
func_qt_0x10000519a,763,False
func_qt_0x1000052da,842,False
func_qt_0x1000052de,7,False
func_qt_0x1000052e4,271,False
func_qt_0x1000052f1,-612,True
func_qt_0x100005331,385,False
func_qt_0x100005335,-13,True
func_qt_0x10000533d,-465,True
func_qt_0x100005341,125,False
func_qt_0x100005345,379,True
func_qt_0x10000537b,499,True
func_qt_0x100005383,708,True
func_qt_0x100005385,872,True
func_qt_0x1000053a5,-221,False
func_qt_0x1000053a9,180,True
func_qt_0x1000053ab,-615,False
func_qt_0x1000053b5,397,False
func_qt_0x1000053c5,50,False
func_qt_0x1000053c9,665,False
func_qt_0x1000053cb,220,False
func_qt_0x1000053d3,965,True
func_qt_0x10000540a,339,False
func_qt_0x100005412,80,False
func_qt_0x100005432,-69,True
func_qu_0x1000038d0,829,False
func_qu_0x1000038d4,382,False
func_qu_0x1000038d8,135,True
func_qu_0x1000038dc,-134,False
func_qu_0x1000038de,-680,False
func_qu_0x100006aad,223,False
func_qu_0x100006aaf,1164,False
func_qu_0x100006ab3,520,True
func_qu_0x100006ab7,340,True
func_qu_0x100008322,1055,True
func_qu_0x100008326,331,False
func_qu_0x10000bcac,-221,True
func_r_0x100000004,-265,False
func_r_0x100000031,377,False
func_r_0x100000072,1159,True
func_r_0x10000016d,555,True
func_r_0x100000221,959,True
func_r_0x100000250,-279,True
func_r_0x100000256,-269,False
func_r_0x10000025b,-178,False
func_r_0x1000002a5,558,True
func_r_0x100000324,533,True
func_r_0x100000351,931,False
func_r_0x100000355,367,True
func_r_0x1000003c7,811,False
func_r_0x1000003ca,1133,False
func_r_0x1000003cf,-190,True
func_r_0x1000003d1,-120,False
func_r_0x1000003f8,-62,True
func_r_0x100000403,52,False
func_r_0x100000418,-531,True
func_r_0x10000044d,678,False
func_r_0x1000004e4,29,True
func_r_0x1000004e8,-68,True
func_r_0x1000004eb,-437,False
func_r_0x100000507,-304,False
func_r_0x10000050e,111,True
func_r_0x10000053c,-154,False
func_r_0x10000054c,1101,False
func_r_0x100000568,-761,True
func_r_0x10000056f,1126,False
func_r_0x1000005a8,851,True
func_r_0x1000005ce,-449,False
func_r_0x1000005ff,1049,False
func_r_0x10000060b,656,True
func_r_0x1000008bb,-580,False
func_r_0x1000008c9,72,False
func_r_0x1000008e4,1010,True
func_r_0x1000008ec,227,True
func_r_0x100000911,410,False
func_r_0x100000941,957,True
func_r_0x100000972,-572,False
func_r_0x10000098a,-409,False
func_r_0x1000009a0,1082,True
func_r_0x1000009aa,1116,True
func_r_0x1000009ad,-636,False
func_r_0x1000009bc,950,True
func_r_0x1000009c9,1158,True
func_r_0x100003aee,1125,False
func_r_0x100003c41,-383,True
func_r_0x100003c71,495,False
func_r_0x100003cef,66,False
func_r_0x100003e48,192,False
func_r_0x100003f1a,910,True
func_r_0x100003f2a,1071,False
func_r_0x100003f40,-184,True
func_r_0x100003f51,1063,True
func_r_0x100004003,923,False
func_r_0x100004053,-221,False
func_r_0x10000412e,-464,False
func_r_0x1000041f3,1067,True
func_r_0x1000045ba,204,False
func_r_0x100004860,903,True
func_r_0x100004dc1,1212,True
func_r_0x100004e2c,68,True
func_r_0x100004f34,-772,False
func_r_0x100004fe4,-640,False
func_r_0x1000050a3,1056,True
func_r_0x100005497,-276,False
func_r_0x1000054a9,1129,True
func_r_0x1000058f0,715,False
func_r_0x100005902,94,True
func_r_0x100005910,793,True
func_r_0x10000593e,-329,True
func_r_0x1000059b4,650,False
func_r_0x100005a79,365,True
func_r_0x100005c3f,1083,False
func_r_0x100005d9f,-560,False
func_r_0x100005e3e,-583,True
func_r_0x100005e68,-211,False
func_r_0x100005e6b,356,True
func_r_0x100005fd7,-536,False
func_r_0x100006204,-55,False
func_r_0x10000632f,-207,True
func_r_0x100006468,32,True
func_r_0x1000065bf,-404,False
func_r_0x100006c04,113,False
func_r_0x100006c08,-572,True
func_r_0x100006c12,-591,True
func_r_0x100006c1a,634,False
func_r_0x100006c23,72,True
func_r_0x100006c2d,469,False
func_r_0x100006c35,-437,False
func_r_0x100006c39,-315,True
func_r_0x100006d3f,1174,True
func_r_0x100006d83,-724,False
func_r_0x100006d87,1068,True
func_r_0x1000070de,849,True
func_r_0x1000074e2,-425,False
func_r_0x100007715,-108,True
func_r_0x100007739,344,True
func_r_0x100007832,-147,True
func_r_0x10000786c,-95,False
func_r_0x100007872,-49,False
func_r_0x100007932,696,False
func_r_0x100007cb2,70,False
func_r_0x100007cfe,478,False
func_r_0x100007eab,996,True
func_r_0x100008022,-284,False
func_r_0x10000805e,-458,True
func_r_0x100008075,-256,False
func_r_0x100008156,-167,False
func_r_0x1000084e8,-640,False
func_r_0x1000087f5,870,False
func_r_0x1000087fb,521,False
func_r_0x100008c59,-585,True
func_r_0x100008c67,1050,True
func_r_0x100008c8b,-310,True
func_r_0x100008cd3,659,True
func_r_0x100008cd9,29,False
func_r_0x100008d08,-133,False
func_r_0x100008d28,-313,False
func_r_0x100008d2e,106,True
func_r_0x100008d3f,-766,True
func_r_0x100008d56,551,True
func_r_0x100008d81,-163,True
func_r_0x100008ec2,-131,True
func_r_0x100008ef3,262,True
func_r_0x100008f78,1207,False
func_r_0x100008f7c,522,False
func_r_0x100008fbf,307,True
func_r_0x100009479,-278,False
func_r_0x10000986c,-486,True
func_r_0x1000098c3,767,False
func_r_0x1000098ce,582,False
func_r_0x100009a26,541,False
func_r_0x100009a49,-621,False
func_r_0x100009a81,591,True
func_r_0x100009aa0,-2,False
func_r_0x100009b4d,598,True
func_r_0x100009e17,-136,True
func_r_0x100009eee,-13,True
func_r_0x100009f0c,1177,False
func_r_0x100009f61,655,True
func_r_0x10000a13b,-531,True
func_r_0x10000a377,909,True
func_r_0x10000a633,-105,False
func_r_0x10000a733,279,True
func_r_0x10000a73e,159,False
func_r_0x10000a842,420,False
func_r_0x10000a87b,679,True
func_r_0x10000a894,131,False
func_r_0x10000a8cf,945,False
func_r_0x10000a8d5,174,False
func_r_0x10000ab0b,102,False
func_r_0x10000acc2,298,False
func_r_0x10000af82,-65,True
func_r_0x10000afa5,174,True
func_r_0x10000afab,284,False
func_r_0x10000afb7,-203,True
func_r_0x10000b47a,860,True
func_r_0x10000b8e8,429,False
func_r_0x10000b904,-320,True
func_r_0x10000baf4,818,False
func_r_0x10000baf6,597,True
func_r_0x10000bb00,-499,True
func_r_0x10000bb02,1145,True
func_r_0x10000bb04,517,True
func_r_0x10000be30,184,False
func_r_0x10000be32,1103,True
func_r_0x10000be6c,-55,True
func_r_0x10000c20e,1049,False
func_r_0x10000c488,504,False
func_r_0x10000c4cb,694,False
func_r_0x10000c567,1128,True
func_r_0x10000c56c,745,True
func_r_0x10000c573,1013,False
func_r_0x10000c577,1033,True
func_r_0x10000ca1f,186,True
func_r_0x10000d3ad,-151,True
func_re_0x100003864,1167,True
func_re_0x100003880,1077,True
func_re_0x100003890,-668,True
func_re_0x100003894,279,True
func_re_0x100003898,1080,True
func_re_0x10000389c,1121,False
func_re_0x10000389e,-300,True
func_re_0x1000038a0,-504,True
func_re_0x100003b1b,1096,True
func_re_0x100003b25,1144,False
func_re_0x100003b3f,220,False
func_re_0x100003e28,-462,False
func_re_0x100003e2a,249,False
func_re_0x10000426b,-546,False
func_re_0x10000427b,-249,False
func_re_0x1000042c8,944,True
func_re_0x100004403,-62,True
func_re_0x10000440f,102,False
func_re_0x100004411,261,False
func_re_0x100004421,823,True
func_re_0x100004440,-63,False
func_re_0x100004d35,-762,False
func_re_0x100004d4f,67,False
func_re_0x100004d55,927,True
func_re_0x100005ac6,-616,True
func_re_0x100005afd,569,False
func_re_0x10000634b,17,False
func_re_0x10000648f,-759,True
func_re_0x100006493,-374,True
func_re_0x10000671e,486,True
func_re_0x100006720,-230,False
func_re_0x10000672f,-725,False
func_re_0x100006e6e,-449,True
func_re_0x100006e7f,-515,True
func_re_0x100007092,548,True
func_re_0x100007095,30,True
func_re_0x1000070a0,72,True
func_re_0x1000072c5,542,False
func_re_0x100007679,-487,True
func_re_0x100007b75,622,True
func_re_0x100007b7d,-199,False
func_re_0x100007b87,-646,False
func_re_0x100007eb5,1080,True
func_re_0x100007fb1,773,True
func_re_0x100007fb5,316,False
func_re_0x100007fba,706,True
func_re_0x100007fcf,768,True
func_re_0x100007fd1,260,False
func_re_0x10000927e,-254,False
func_re_0x100009282,1030,True
func_re_0x1000096b0,756,True
func_re_0x10000a78f,-373,True
func_re_0x10000a79f,218,False
func_re_0x10000a7bf,-415,True
func_re_0x10000aff3,-444,True
func_re_0x10000aff5,-499,True
func_re_0x10000b3b1,-372,False
func_re_0x10000b536,863,False
func_re_0x10000b538,128,True
func_re_0x10000b54b,-482,True
func_re_0x10000b54d,-390,True
func_re_0x10000b54f,455,False
func_re_0x10000b580,819,True
func_re_0x10000b79b,53,True
func_re_0x10000b7fb,-298,False
func_re_0x10000b807,-369,False
func_re_0x10000b809,-450,True
func_re_0x10000b848,1008,True
func_re_0x10000b856,20,True
func_re_0x10000b862,-362,False
func_re_0x10000b868,1022,True
func_re_0x10000b86a,1174,False
func_re_0x10000b874,250,True
func_re_0x10000b941,929,False
func_re_0x10000b9a1,232,True
func_re_0x10000becc,-315,True
func_re_0x10000bece,-676,True
func_re_0x10000bed0,967,False
func_re_0x10000beed,-185,False
func_re_0x10000c171,656,False
func_re_0x10000c6fb,987,False
func_re_0x10000d063,625,True
func_re_0x10000d065,714,True
func_re_0x10000d069,-494,False
func_re_0x10000d06d,-637,True
func_re_0x10000d21f,-537,False
func_re_0x10000d225,600,False
func_ri_0x1000088a8,746,False
func_ri_0x100008bb4,17,False
func_rn_0x1000056de,156,False
func_rn_0x100005723,316,False
func_rn_0x10000575c,373,False
func_rn_0x100005761,46,False
func_rn_0x100005789,-55,True
func_ro_0x10000717b,861,True
func_ro_0x10000718b,341,False
func_ro_0x10000719e,397,True
func_ro_0x1000071b2,843,False
func_ro_0x1000071f3,800,True
func_ro_0x10000ba28,1117,False
func_rr_0x100008718,-236,True
func_rr_0x10000871e,59,False
func_rr_0x10000879d,1143,False
func_rr_0x100009c62,-110,False
func_rr_0x100009c64,209,True
func_rr_0x100009c69,-703,False
func_rr_0x100009c6e,228,True
func_rr_0x100009c70,1169,True
func_rr_0x100009c74,823,True
func_rr_0x100009c76,647,False
func_rr_0x100009c78,667,True
func_rr_0x100009c7e,873,True
func_rr_0x100009c80,1052,True
func_rr_0x100009c86,1167,True
func_rr_0x100009c88,-218,False
func_rr_0x100009c8c,-164,True
func_rr_0x100009c8e,312,False
func_rr_0x100009c94,-255,True
func_rr_0x100009c9c,176,True
func_rr_0x100009c9e,1113,True
func_rr_0x100009ca6,188,False
func_rr_0x100009ca8,-480,True
func_rr_0x100009cae,-156,True
func_rr_0x100009cb2,-781,False
func_rr_0x100009cb6,-700,True
func_rr_0x100009cb8,1103,True
func_rr_0x100009cbc,1124,False
func_rr_0x100009cbe,472,True
func_rr_0x100009cc2,974,True
func_rr_0x100009cc6,1178,False
func_rr_0x100009cc8,-266,True
func_rr_0x100009cd6,-441,False
func_rr_0x100009cd8,-202,False
func_rr_0x100009cde,-344,True
func_rr_0x100009ce8,65,True
func_rr_0x100009cea,1050,False
func_rr_0x100009cf0,567,True
func_rr_0x100009cf2,-663,True
func_rr_0x100009cf6,-612,True
func_rr_0x100009cfa,569,False
func_rr_0x100009cfe,312,True
func_rr_0x100009d00,1174,True
func_rr_0x100009d04,457,True
func_rr_0x100009d06,996,True
func_rr_0x100009d0a,301,True
func_rr_0x100009d0e,-588,True
func_rr_0x100009d14,630,True
func_rr_0x100009d16,686,False
func_rr_0x100009d18,-321,True
func_rr_0x100009d1c,1214,False
func_rr_0x100009d20,794,True
func_rr_0x100009d22,-242,True
func_rr_0x100009d24,844,False
func_rr_0x100009d2c,1052,True
func_rr_0x100009d2e,609,True
func_rr_0x100009d30,284,False
func_rr_0x100009d32,992,False
func_rr_0x100009d36,-500,True
func_rr_0x100009d5d,-4,False
func_rr_0x100009d61,627,False
func_rr_0x100009d67,913,False
func_rr_0x100009d6b,412,True
func_rr_0x100009d77,848,True
func_rr_0x100009d7b,-376,True
func_rr_0x100009d7d,-683,True
func_rr_0x100009d81,317,True
func_rr_0x100009d8b,720,True
func_rr_0x100009d93,397,False
func_rr_0x100009d95,971,False
func_rt_0x100005024,809,False
func_rt_0x100005b0d,737,True
func_rt_0x10000762d,1171,True
func_rt_0x10000765e,574,True
func_rt_0x100007662,358,True
func_rt_0x100007664,1168,False
func_rt_0x100007e3f,-465,True
func_rt_0x10000937e,-599,True
func_rt_0x10000939d,1162,True
func_rt_0x10000970a,1028,True
func_rt_0x10000970c,175,True
func_rt_0x10000973b,431,True
func_rt_0x100009786,786,True
func_rt_0x10000978e,-600,False
func_rt_0x100009790,366,False
func_rt_0x100009792,1038,True
func_rt_0x100009795,1093,False
func_rt_0x100009797,1078,False
func_rt_0x10000c8a3,-738,True
func_rt_0x10000c980,755,False
func_rt_0x10000c982,-525,False
func_rt_0x10000cb25,1132,False
func_rt_0x10000cb27,25,False
func_rt_0x10000cb2d,860,True
func_rt_0x10000cb2f,-157,False
func_rt_0x10000cb31,51,False
func_rt_0x10000cb37,-735,False
func_rt_0x10000cb39,-113,True
func_rt_0x10000cb3b,444,True
func_rt_0x10000cb3d,-616,True
func_rt_0x10000cb3f,-393,False
func_rt_0x10000cb41,-35,False
func_rt_0x10000cb43,-266,False
func_rt_0x10000cb4b,807,True
func_rt_0x10000cb4d,-674,True
func_ru_0x100004fed,128,True
func_ru_0x100005018,-53,False
func_ru_0x10000501a,1170,True
func_ru_0x100005033,-494,False
func_ru_0x100005035,-290,True
func_ru_0x10000503b,295,True
func_ru_0x10000503f,-626,True
func_ru_0x100006ea1,-79,True
func_ru_0x10000910d,272,True
func_ru_0x100009115,819,False
func_ru_0x100009705,290,False
func_ru_0x100009726,-536,False
func_ru_0x100009738,253,False
func_ru_0x10000b495,511,True
func_ru_0x10000b49d,-649,True
func_ru_0x10000b4a3,195,False
func_ru_0x10000cf7a,45,False
func_s_0x10000008d,-687,True
func_s_0x1000000f9,602,False
func_s_0x1000002eb,1155,True
func_s_0x100000338,-760,True
func_s_0x1000003e4,-122,True
func_s_0x100000414,-610,False
func_s_0x100000457,985,True
func_s_0x100000487,-646,False
func_s_0x1000004d5,-786,True
func_s_0x100000540,-542,True
func_s_0x100000549,-73,True
func_s_0x100000551,-582,False
func_s_0x100000566,-145,True
func_s_0x1000008f4,-646,False
func_s_0x100000902,789,False
func_s_0x10000099c,109,False
func_s_0x1000009e7,1135,False
func_s_0x100003bdd,-563,True
func_s_0x100003ca5,-151,False
func_s_0x100003d42,-424,False
func_s_0x100003d91,-269,True
func_s_0x100003db0,-542,True
func_s_0x100003db7,709,True
func_s_0x100003df7,696,True
func_s_0x100003dfc,-676,False
func_s_0x100003ec7,577,True
func_s_0x100003eff,1140,True
func_s_0x100003ff9,-301,True
func_s_0x10000401c,94,False
func_s_0x1000041d5,-142,False
func_s_0x10000459f,-707,False
func_s_0x1000045bf,978,True
func_s_0x100004869,578,False
func_s_0x100004d6e,687,True
func_s_0x100004e3c,589,False
func_s_0x100004e4c,-587,True
func_s_0x100004fce,-104,False
func_s_0x1000054b4,698,False
func_s_0x1000058f2,12,False
func_s_0x1000058f4,-641,False
func_s_0x100005949,326,False
func_s_0x100005b5e,738,True
func_s_0x100005c27,361,False
func_s_0x100005c4f,720,True
func_s_0x100005d5f,-146,True
func_s_0x100005d89,-544,False
func_s_0x100005e30,855,True
func_s_0x100005e74,-18,False
func_s_0x1000061b3,-535,False
func_s_0x100006d4e,-197,True
func_s_0x100006d9c,-138,False
func_s_0x100007673,1069,True
func_s_0x1000076eb,741,False
func_s_0x1000077d3,891,False
func_s_0x1000077fc,1197,False
func_s_0x100007a77,-536,True
func_s_0x100007c3c,273,False
func_s_0x100007c6b,633,True
func_s_0x100007c9a,-475,True
func_s_0x1000081f3,567,True
func_s_0x1000082f6,-670,True
func_s_0x100008c51,-195,True
func_s_0x100008cec,-716,False
func_s_0x100008d3c,-623,True
func_s_0x100008d4a,1125,True
func_s_0x100008d6c,186,False
func_s_0x100008e22,-49,True
func_s_0x100008e35,122,True
func_s_0x100008fa3,-549,False
func_s_0x100008fc3,1124,True
func_s_0x10000904e,374,False
func_s_0x10000961e,154,True
func_s_0x10000983f,-338,True
func_s_0x10000984f,-299,True
func_s_0x100009a1c,-396,True
func_s_0x100009e82,1005,False
func_s_0x100009f7d,522,False
func_s_0x10000a170,1072,True
func_s_0x10000a37f,-214,True
func_s_0x10000a6fb,1055,True
func_s_0x10000a846,206,True
func_s_0x10000a863,-602,False
func_s_0x10000a889,133,True
func_s_0x10000aaad,523,False
func_s_0x10000aaf9,-119,True
func_s_0x10000ab45,143,False
func_s_0x10000ab6d,617,True
func_s_0x10000ab81,-221,False
func_s_0x10000ab8a,-51,True
func_s_0x10000aba1,485,False
func_s_0x10000aba9,-422,True
func_s_0x10000abc6,357,True
func_s_0x10000abf2,-458,True
func_s_0x10000ac04,-110,False
func_s_0x10000ac15,266,False
func_s_0x10000accc,745,False
func_s_0x10000ace4,84,False
func_s_0x10000ad09,1144,False
func_s_0x10000ad11,-123,False
func_s_0x10000af90,547,True
func_s_0x10000b1a5,-646,False
func_s_0x10000b35c,456,False
func_s_0x10000b36b,518,False
func_s_0x10000bbd3,212,True
func_s_0x10000bbfc,-605,True
func_s_0x10000bc22,-470,False
func_s_0x10000bc5d,490,True
func_s_0x10000bf2e,485,False
func_s_0x10000c15a,976,False
func_s_0x10000c214,-553,False
func_s_0x10000c40e,805,False
func_s_0x10000c495,-329,False
func_s_0x10000c570,617,False
func_s_0x10000d376,-410,True
func_s_0x10000d38d,329,False
func_s_0x10000d3f4,-16,False
func_se_0x100003b35,529,False
func_se_0x100003b39,993,True
func_se_0x100003cd9,540,True
func_se_0x1000040c4,-232,False
func_se_0x1000040cc,290,False
func_se_0x1000040d5,1158,False
func_se_0x1000040e6,1127,True
func_se_0x10000428a,373,False
func_se_0x1000042d5,231,True
func_se_0x1000042d7,1098,True
func_se_0x10000446f,950,True
func_se_0x100005138,-481,True
func_se_0x10000514e,-705,True
func_se_0x100005e1a,-720,False
func_se_0x100006139,-698,True
func_se_0x10000656d,-630,False
func_se_0x100006571,-724,False
func_se_0x100006581,32,False
func_se_0x100007687,1127,True
func_se_0x10000768b,-746,False
func_se_0x10000768f,148,True
func_se_0x100007691,-571,False
func_se_0x100007697,-159,False
func_se_0x1000078f7,632,True
func_se_0x1000078f9,326,False
func_se_0x1000078fd,1170,True
func_se_0x1000078ff,888,True
func_se_0x100007905,1154,True
func_se_0x100007909,-555,False
func_se_0x1000079e7,-540,True
func_se_0x100007fbf,99,True
func_se_0x100007fc1,260,True
func_se_0x100007fc7,-578,True
func_se_0x1000082d2,1004,False
func_se_0x100008f41,551,False
func_se_0x100008f47,1091,False
func_se_0x100008f4d,-645,False
func_se_0x100008f51,1077,False
func_se_0x100008f53,1070,True
func_se_0x100008f59,-148,False
func_se_0x100008f5d,-676,True
func_se_0x100008f69,-745,False
func_se_0x100008f71,876,False
func_se_0x100009294,517,True
func_se_0x100009f4f,124,False
func_se_0x100009f57,547,False
func_se_0x10000a7c4,1096,False
func_se_0x10000b1d2,-422,True
func_se_0x10000b604,147,False
func_se_0x10000b617,1079,True
func_se_0x10000b619,423,True
func_se_0x10000b85b,1156,True
func_se_0x10000b885,220,True
func_se_0x10000b88d,555,True
func_se_0x10000b891,1169,False
func_se_0x10000b893,633,True
func_se_0x10000b89b,423,False
func_se_0x10000bee7,-785,False
func_se_0x10000bee9,-147,True
func_se_0x10000bf9b,975,False
func_se_0x10000bfd8,377,False
func_se_0x10000c0cd,1085,False
func_se_0x10000c0d6,1155,False
func_se_0x10000c24f,983,False
func_se_0x10000c251,798,False
func_se_0x10000c255,643,True
func_se_0x10000c259,-511,True
func_se_0x10000c29e,535,True
func_se_0x10000c2a2,402,True
func_se_0x10000c2ae,275,False
func_se_0x10000c2b4,755,True
func_se_0x10000c350,-257,True
func_se_0x10000c3e9,-111,True
func_se_0x10000c3eb,-335,False
func_se_0x10000c3ed,-446,False
func_se_0x10000c47d,159,False
func_se_0x10000ca7b,-33,True
func_se_0x10000d0ec,112,True
func_se_0x10000d120,764,False
func_sn_0x100005738,-518,True
func_sn_0x100005771,1033,False
func_sn_0x1000057be,260,False
func_sn_0x10000581f,323,False
func_sn_0x10000585f,505,False
func_sr_0x100005196,-81,False
func_sr_0x1000051b4,-711,False
func_sr_0x1000052ef,-133,True
func_sr_0x1000052f5,968,False
func_sr_0x1000053af,-382,False
func_sr_0x1000057d7,-744,False
func_st_0x1000046e8,-428,False
func_st_0x1000046f9,-583,False
func_st_0x100004734,507,False
func_st_0x10000473a,74,True
func_st_0x10000473c,616,True
func_st_0x10000474c,1153,True
func_st_0x10000504b,461,True
func_st_0x10000504d,-614,True
func_st_0x100005051,503,False
func_st_0x100005059,32,False
func_st_0x100006028,-427,False
func_st_0x100006068,705,True
func_st_0x1000090fa,877,True
func_st_0x10000911b,-77,False
func_st_0x100009138,372,False
func_st_0x10000913a,2,True
func_st_0x100009140,-759,True
func_st_0x100009142,-270,True
func_st_0x100009144,216,False
func_st_0x100009148,-415,True
func_st_0x10000914e,-493,True
func_st_0x100009154,1141,False
func_st_0x100009158,-779,True
func_st_0x10000915e,750,True
func_st_0x100009164,-464,True
func_st_0x100009166,957,True
func_st_0x100009168,581,False
func_st_0x100009174,-291,False
func_st_0x100009176,-521,False
func_st_0x100009353,708,True
func_st_0x100009367,-92,True
func_st_0x100009377,-80,False
func_st_0x100009389,-635,False
func_st_0x10000c2d6,165,True
func_st_0x10000c720,135,True
func_st_0x10000c97a,710,True
func_st_0x10000c9a8,948,False
func_st_0x10000cd4a,1158,False
func_t_0x100006a85,-460,True
func_t_0x10000a0b2,530,True
func_t_0x10000ba2f,685,True
func_t_0x10000bae7,967,False
func_t_0x10000bb0f,918,False
func_t_0x10000bb4d,-109,True
func_t_0x10000bb4f,-307,False
func_t_0x10000bb51,-686,False
func_t_0x10000bb53,-350,True
func_te_0x1000001e4,-538,True
func_te_0x1000001e6,-352,True
func_te_0x100003cdb,473,False
func_te_0x10000441c,637,False
func_te_0x100004424,603,True
func_te_0x10000461d,-152,True
func_te_0x100004629,627,False
func_te_0x100004632,502,False
func_te_0x100006134,270,True
func_te_0x100006173,-577,False
func_te_0x100007221,1120,False
func_te_0x100007234,-130,False
func_te_0x100007236,255,False
func_te_0x100007239,1176,True
func_te_0x10000723b,217,False
func_te_0x10000725b,-8,False
func_te_0x1000072c8,-366,True
func_te_0x1000079dd,-143,False
func_te_0x1000079df,1110,True
func_te_0x1000079f5,-673,False
func_te_0x1000079f7,1191,True
func_te_0x1000079fb,970,True
func_te_0x100007bbf,-229,False
func_te_0x100007cc8,420,True
func_te_0x100007fc6,-546,False
func_te_0x1000083d8,-537,True
func_te_0x1000085a2,1151,True
func_te_0x100008f31,349,True
func_te_0x100009288,-443,True
func_te_0x1000096b2,75,True
func_te_0x10000a29c,409,False
func_te_0x10000a29e,-406,False
func_te_0x10000a2f3,637,True
func_te_0x10000a2f5,1183,True
func_te_0x10000a322,1089,True
func_te_0x10000a32a,-27,False
func_te_0x10000a32c,70,True
func_te_0x10000a332,211,True
func_te_0x10000a3e2,16,True
func_te_0x10000a41a,737,False
func_te_0x10000a41c,-111,True
func_te_0x10000a41e,730,False
func_te_0x10000a432,-130,False
func_te_0x10000a43a,90,True
func_te_0x10000a43e,234,True
func_te_0x10000a79c,805,False
func_te_0x10000aff8,772,True
func_te_0x10000b5f6,1192,False
func_te_0x10000b86b,94,False
func_te_0x10000b86f,88,True
func_te_0x10000bbb4,950,False
func_te_0x10000bf58,-646,True
func_te_0x10000bf92,-89,False
func_te_0x10000bfb4,-588,True
func_te_0x10000c188,186,False
func_te_0x10000c24e,798,True
func_te_0x10000c331,-188,False
func_te_0x10000c458,841,False
func_te_0x10000c478,952,True
func_te_0x10000c47b,-320,True
func_te_0x10000cab6,-589,True
func_te_0x10000d05a,-511,False
func_te_0x10000d05d,-726,False
func_te_0x10000d07b,144,True
func_te_0x10000d0b3,-123,True
func_te_0x10000d0b7,328,True
func_te_0x10000d0b9,-617,False
func_te_0x10000d0c4,166,True
func_te_0x10000d0c8,95,True
func_te_0x10000d0ca,-363,True
func_te_0x10000d0cc,416,True
func_te_0x10000d0ce,917,False
func_te_0x10000d0d4,-299,False
func_te_0x10000d1b7,-297,True
func_te_0x10000d1ba,710,False
func_te_0x10000d1bc,850,False
func_te_0x10000d223,-335,False
func_ti_0x100005598,113,False
func_ti_0x1000055a5,-530,False
func_ti_0x100005609,-146,False
func_ti_0x10000560d,138,True
func_ti_0x100005610,713,True
func_ti_0x100005824,249,True
func_ti_0x10000585b,676,False
func_tn_0x100006a82,1113,False
func_tn_0x100006b1f,-511,False
func_tn_0x10000a057,-735,True
func_tn_0x10000a059,-710,True
func_tn_0x10000a05d,-144,False
func_tn_0x10000a05f,-725,False
func_tn_0x10000a061,411,False
func_tn_0x10000a063,1075,False
func_tn_0x10000a09f,-246,False
func_tn_0x10000a0a3,-543,True
func_tn_0x10000a0a7,-117,True
func_tn_0x10000a0ad,-532,True
func_tn_0x10000ce2c,217,True
func_tn_0x10000ce6f,-759,False
func_tn_0x10000cebf,254,False
func_tr_0x100004a13,-464,True
func_tr_0x100004a23,8,True
func_tr_0x100004b3c,521,False
func_tt_0x100004347,260,True
func_tt_0x100005015,831,True
func_tt_0x100005026,225,True
func_tt_0x100005028,757,False
func_tt_0x10000502a,-350,True
func_tt_0x1000075c3,-105,True
func_tt_0x1000075cb,-65,True
func_tt_0x1000075cd,1204,False
func_tt_0x100007627,-68,True
func_tt_0x10000764b,34,False
func_tt_0x10000765c,248,True
func_tt_0x100007668,-348,False
func_tt_0x10000766a,309,True
func_tt_0x10000766c,662,False
func_tt_0x100007dde,464,False
func_tt_0x100007dfa,-64,False
func_tt_0x100007e02,841,False
func_tt_0x100007e23,-454,True
func_tt_0x1000090ee,730,True
func_tt_0x100009351,-447,False
func_tt_0x10000ca09,864,False
func_tt_0x10000ca97,774,True
func_tt_0x10000cb29,-235,True
func_tt_0x10000cb2b,516,False
func_tt_0x10000cb33,-195,True
func_tt_0x10000cb35,-745,True
func_tt_0x10000cb45,636,True
func_tt_0x10000cb47,155,False
func_tt_0x10000cb49,-368,False
func_tt_0x10000cb4f,869,True
func_tt_0x10000cb54,-682,False
func_tt_0x10000cb5c,1170,False
func_tt_0x10000cb7a,1059,False
func_tt_0x10000cb92,1056,False
func_tt_0x10000cb98,497,True
func_tt_0x10000cb9d,111,True
func_tu_0x100005009,268,False
func_tu_0x10000500e,781,True
func_tu_0x100006efd,139,False
func_tu_0x100007e16,101,True
func_tu_0x1000087b1,218,False
func_tu_0x100009732,-450,True
func_tu_0x10000b21a,1007,True
func_tu_0x10000b293,-752,True
func_tu_0x10000b2f7,1060,True
func_tu_0x10000b2f9,-321,False
func_tu_0x10000b2fb,-199,False
func_tu_0x10000b2fd,-181,True
func_tu_0x10000b313,-250,False
func_tu_0x10000b315,550,True
func_tu_0x10000b317,-679,False
func_tu_0x10000b48e,-33,True
func_tu_0x10000b4ac,693,True
func_tu_0x10000cc83,435,False
func_tu_0x10000cc87,-488,False
func_tu_0x10000cc89,947,False
func_tu_0x10000cc8b,-568,False
func_tu_0x10000cc8d,105,True
func_tu_0x10000cc99,-646,True
func_tu_0x10000cc9b,-189,False
func_tu_0x10000cc9d,564,False
func_tu_0x10000cca7,-122,True
func_tu_0x10000cca9,1166,True
func_tu_0x10000ccab,1135,True
func_u_0x100000002,-746,True
func_u_0x10000000c,-350,True
func_u_0x10000000f,1042,False
func_u_0x100000013,-561,False
func_u_0x100000018,-4,True
func_u_0x100000086,-486,True
func_u_0x1000000b5,-423,True
func_u_0x1000000ba,-241,True
func_u_0x10000015e,876,True
func_u_0x100000161,96,False
func_u_0x10000016a,1182,False
func_u_0x100000177,126,True
func_u_0x10000018c,1197,False
func_u_0x100000224,-307,True
func_u_0x100000262,312,True
func_u_0x100000264,1174,False
func_u_0x1000002bf,-648,True
func_u_0x100000327,207,False
func_u_0x100000348,-468,False
func_u_0x10000034b,88,False
func_u_0x10000035b,380,False
func_u_0x10000039a,309,True
func_u_0x1000003b2,-356,True
func_u_0x1000003b5,243,True
func_u_0x1000003b9,-644,False
func_u_0x1000003cd,-327,False
func_u_0x1000003d3,1119,True
func_u_0x1000003da,659,True
func_u_0x1000003eb,-235,False
func_u_0x1000003ed,-333,True
func_u_0x100000432,147,True
func_u_0x100000434,-408,True
func_u_0x100000436,354,False
func_u_0x100000439,434,False
func_u_0x100000447,172,False
func_u_0x100000462,261,False
func_u_0x10000046a,-127,False
func_u_0x100000475,166,False
func_u_0x1000004a3,501,True
func_u_0x1000004a9,882,False
func_u_0x1000004ac,615,True
func_u_0x1000004b8,790,False
func_u_0x1000004bb,-667,True
func_u_0x1000004c2,-363,False
func_u_0x1000004c6,-733,True
func_u_0x1000004cd,-487,False
func_u_0x1000004f3,509,False
func_u_0x100000503,1123,False
func_u_0x10000050c,657,False
func_u_0x10000057c,-631,False
func_u_0x100000583,996,True
func_u_0x1000005bb,512,True
func_u_0x1000005bf,-296,False
func_u_0x10000060e,682,False
func_u_0x1000008fc,449,True
func_u_0x10000092f,-380,False
func_u_0x100000949,276,False
func_u_0x100000950,-153,True
func_u_0x10000097a,-163,True
func_u_0x10000097c,-76,False
func_u_0x10000097e,1165,False
func_u_0x100000981,1050,False
func_u_0x100000996,91,True
func_u_0x1000009a4,623,False
func_u_0x1000009b4,-342,True
func_u_0x1000009b6,-495,True
func_u_0x1000009b8,116,False
func_u_0x1000009ba,277,True
func_u_0x1000009df,1200,True
func_u_0x10000362d,-562,False
func_u_0x100003631,1025,False
func_u_0x1000038a5,218,False
func_u_0x100003f18,-716,True
func_u_0x100003f48,407,True
func_u_0x10000403f,592,False
func_u_0x10000448b,-584,True
func_u_0x100004494,-707,False
func_u_0x100004810,-650,False
func_u_0x100004812,-560,True
func_u_0x10000481b,631,False
func_u_0x100004820,621,True
func_u_0x100004823,20,False
func_u_0x100004826,313,False
func_u_0x10000482a,373,True
func_u_0x10000482d,898,False
func_u_0x100004830,-396,True
func_u_0x100004837,-404,True
func_u_0x10000483b,-406,True
func_u_0x100004843,-752,False
func_u_0x100004847,1142,False
func_u_0x10000484f,-725,True
func_u_0x100004893,1199,True
func_u_0x100004d71,190,False
func_u_0x100004d77,1191,True
func_u_0x100004d82,-664,False
func_u_0x100004d88,-707,False
func_u_0x100004dc8,-415,True
func_u_0x100004dcb,1129,True
func_u_0x100004e3a,955,False
func_u_0x100004e9d,463,True
func_u_0x100004ee1,-65,False
func_u_0x100004f46,-350,False
func_u_0x100004fe2,-583,True
func_u_0x10000548a,-706,False
func_u_0x1000054b7,-384,True
func_u_0x1000058a5,686,True
func_u_0x1000058e7,535,False
func_u_0x1000058f7,-299,True
func_u_0x1000058f9,137,False
func_u_0x100005944,-709,True
func_u_0x100005d5b,413,False
func_u_0x100005d6e,183,True
func_u_0x100005d86,-475,False
func_u_0x100005d95,-572,False
func_u_0x10000726d,641,False
func_u_0x1000075bb,923,True
func_u_0x1000078c8,-568,False
func_u_0x1000088a0,-31,True
func_u_0x100008e06,712,True
func_u_0x100009179,-613,True
func_u_0x100009753,1054,True
func_u_0x10000980d,850,True
func_u_0x100009813,499,False
func_u_0x10000983c,744,False
func_u_0x10000985b,-375,False
func_u_0x10000985f,804,True
func_u_0x100009868,-726,True
func_u_0x100009870,1126,True
func_u_0x100009888,180,False
func_u_0x100009890,152,False
func_u_0x10000a813,-311,False
func_u_0x10000a817,83,True
func_u_0x10000a81c,-712,True
func_u_0x10000a825,834,True
func_u_0x10000a83f,-146,False
func_u_0x10000a85d,-417,False
func_u_0x10000a89b,334,False
func_u_0x10000a8a1,-266,True
func_u_0x10000a8aa,988,True
func_u_0x10000a8ad,-412,True
func_u_0x10000a8b7,-65,True
func_u_0x10000a8ec,85,True
func_u_0x10000aaab,-5,False
func_u_0x10000aabf,679,False
func_u_0x10000aac8,-29,True
func_u_0x10000aacc,-338,False
func_u_0x10000ae11,-552,True
func_u_0x10000ae15,-295,True
func_u_0x10000ae2e,656,True
func_u_0x10000af7d,43,True
func_u_0x10000b183,275,False
func_u_0x10000b187,259,False
func_u_0x10000b21f,-145,True
func_u_0x10000b231,680,False
func_u_0x10000b233,780,False
func_u_0x10000b238,386,False
func_u_0x10000b294,-567,False
func_u_0x10000b8be,602,True
func_u_0x10000b8cb,-183,False
func_u_0x10000b8fd,922,True
func_u_0x10000b901,923,True
func_u_0x10000b915,-683,True
func_u_0x10000b922,1171,False
func_u_0x10000c38b,1049,True
func_u_0x10000c39f,498,False
func_u_0x10000c3a5,-342,True
func_u_0x10000c8ed,-159,True
func_u_0x10000c902,544,True
func_u_0x10000ca0e,1123,False
func_u_0x10000ca19,-592,False
func_u_0x10000cbd3,719,True
func_u_0x10000d38b,-723,False
func_ua_0x100004cef,178,False
func_ue_0x100003866,1140,False
func_ue_0x100003a62,-643,False
func_ue_0x100003a77,675,False
func_ue_0x100003a81,-639,False
func_ue_0x100003a83,-486,False
func_ue_0x100003a87,-144,True
func_ue_0x100003a8b,-727,True
func_ue_0x100003a8f,536,True
func_ue_0x100003a91,-84,True
func_ue_0x100003a95,977,True
func_ue_0x100003a99,439,True
func_ue_0x100003a9d,891,False
func_ue_0x100003a9f,-198,False
func_ue_0x100003b17,-585,False
func_ue_0x100003b1a,749,False
func_ue_0x100003b34,126,True
func_ue_0x100003b3e,-330,False
func_ue_0x100003eb2,-105,True
func_ue_0x100003eb4,401,False
func_ue_0x100004279,923,False
func_ue_0x1000042de,895,False
func_ue_0x1000042e0,181,False
func_ue_0x100004553,-420,True
func_ue_0x1000045f1,459,False
func_ue_0x10000475c,317,False
func_ue_0x1000059d9,275,False
func_ue_0x100005abf,882,True
func_ue_0x100005ac5,46,True
func_ue_0x100005ad9,-274,False
func_ue_0x100005adb,-777,False
func_ue_0x100005e99,-97,True
func_ue_0x100005eac,-626,False
func_ue_0x100005ec6,103,True
func_ue_0x100006170,68,False
func_ue_0x100006497,-766,True
func_ue_0x100006b47,902,False
func_ue_0x100006b4b,-425,False
func_ue_0x100006e7b,148,True
func_ue_0x100006e7d,1166,True
func_ue_0x1000072db,-777,True
func_ue_0x10000751d,-688,False
func_ue_0x10000772c,-404,True
func_ue_0x1000077f6,-198,True
func_ue_0x10000781f,332,True
func_ue_0x100007b77,-508,False
func_ue_0x100007b8b,56,False
func_ue_0x100007eaf,552,False
func_ue_0x100007ebe,203,True
func_ue_0x100007ec0,-91,True
func_ue_0x100007ec4,-738,False
func_ue_0x100007ec7,592,True
func_ue_0x1000085b0,578,False
func_ue_0x1000085c0,-522,True
func_ue_0x100008693,325,False
func_ue_0x1000091f6,786,True
func_ue_0x100009229,283,False
func_ue_0x100009b89,-663,True
func_ue_0x100009dc5,-432,False
func_ue_0x100009de5,1098,True
func_ue_0x100009f28,-479,False
func_ue_0x10000af68,-440,True
func_ue_0x10000b5ac,812,True
func_ue_0x10000b60f,-780,True
func_ue_0x10000b78d,135,True
func_ue_0x10000b84c,-705,False
func_ue_0x10000b84e,1191,True
func_ue_0x10000b85e,540,False
func_ue_0x10000b860,882,True
func_ue_0x10000b866,-154,False
func_ue_0x10000b93f,81,False
func_ue_0x10000b943,256,True
func_ue_0x10000bbaf,-158,False
func_ue_0x10000bec8,730,True
func_ue_0x10000beca,1015,True
func_ue_0x10000bede,509,True
func_ue_0x10000bee0,258,False
func_ue_0x10000bee2,-504,True
func_ue_0x10000bee4,-778,False
func_ue_0x10000c091,-343,True
func_ue_0x10000c14a,-194,False
func_ue_0x10000c16c,-610,True
func_ue_0x10000c730,-42,True
func_ue_0x10000ca78,856,True
func_ue_0x10000cad4,-773,False
func_ue_0x10000cae6,602,True
func_ue_0x10000d011,1167,True
func_ue_0x10000d017,1023,True
func_ue_0x10000d15c,-604,False
func_ue_0x10000d20f,359,False
func_ue_0x10000d229,840,False
func_ue_0x10000d22b,-325,True
func_ui_0x10000559d,-545,True
func_ui_0x100005776,-184,True
func_ui_0x100005778,137,True
func_ui_0x1000057b7,-210,True
func_ui_0x100005820,90,True
func_ui_0x100005828,855,False
func_un_0x100004a12,681,False
func_un_0x100004a27,1155,False
func_un_0x100004b26,-550,True
func_un_0x100004b81,761,True
func_un_0x100004b84,757,True
func_un_0x100004b8e,579,False
func_un_0x100004d00,726,False
func_unknown_0x1000001af,631,True
func_unknown_0x1000001b1,575,False
func_unknown_0x100000209,764,False
func_unknown_0x1000005f2,-216,True
func_unknown_0x1000005f6,41,False
func_unknown_0x100003682,686,True
func_unknown_0x100003687,297,False
func_unknown_0x100003acd,1074,True
func_unknown_0x100003c56,467,False
func_unknown_0x100003c5c,922,True
func_unknown_0x100003dd3,192,True
func_unknown_0x100003e7d,-140,True
func_unknown_0x100003eae,369,True
func_unknown_0x1000044cf,431,False
func_unknown_0x1000044d1,581,True
func_unknown_0x1000044d5,900,False
func_unknown_0x100004512,-185,False
func_unknown_0x100004546,636,False
func_unknown_0x100004548,33,True
func_unknown_0x10000457c,-328,False
func_unknown_0x100004de7,876,True
func_unknown_0x100004df1,797,False
func_unknown_0x100004df3,-704,False
func_unknown_0x100004e28,-204,False
func_unknown_0x100005958,-82,False
func_unknown_0x100005bb7,629,True
func_unknown_0x100005bca,970,True
func_unknown_0x100005e5e,1171,True
func_unknown_0x1000061bf,637,True
func_unknown_0x100006255,917,False
func_unknown_0x100006257,549,False
func_unknown_0x10000625b,972,True
func_unknown_0x10000625d,349,True
func_unknown_0x10000625f,-215,False
func_unknown_0x100006261,1019,False
func_unknown_0x100006263,-510,False
func_unknown_0x100006bd8,-602,False
func_unknown_0x1000073be,1025,False
func_unknown_0x1000077b4,-363,True
func_unknown_0x100007843,-119,False
func_unknown_0x100007911,636,True
func_unknown_0x1000080f9,-187,True
func_unknown_0x100008116,-229,True
func_unknown_0x10000811a,1132,False
func_unknown_0x1000084f3,249,True
func_unknown_0x1000084f5,203,True
func_unknown_0x100008f11,683,True
func_unknown_0x100008f9f,-402,True
func_unknown_0x100008fb2,-330,True
func_unknown_0x100009017,-727,True
func_unknown_0x10000901a,751,False
func_unknown_0x100009037,307,False
func_unknown_0x1000090a2,458,False
func_unknown_0x1000090a4,409,False
func_unknown_0x100009442,-477,False
func_unknown_0x10000945b,446,True
func_unknown_0x10000945d,-562,False
func_unknown_0x1000095be,1143,False
func_unknown_0x1000097c6,-722,False
func_unknown_0x10000990c,-239,True
func_unknown_0x10000990e,-584,True
func_unknown_0x100009924,-78,False
func_unknown_0x100009928,559,True
func_unknown_0x10000a1be,-341,True
func_unknown_0x10000a1c0,952,True
func_unknown_0x10000a1c2,433,True
func_unknown_0x10000a1c4,552,True
func_unknown_0x10000a1c8,1057,True
func_unknown_0x10000a1ca,980,True
func_unknown_0x10000a39d,1085,True
func_unknown_0x10000a3a3,-86,True
func_unknown_0x10000a485,9,True
func_unknown_0x10000a48b,458,True
func_unknown_0x10000a65a,-591,True
func_unknown_0x10000a65c,-84,True
func_unknown_0x10000a660,1129,True
func_unknown_0x10000a668,771,True
func_unknown_0x10000a76b,946,False
func_unknown_0x10000a76f,-786,True
func_unknown_0x10000a771,119,True
func_unknown_0x10000a773,10,True
func_unknown_0x10000a775,-128,False
func_unknown_0x10000a78a,533,True
func_unknown_0x10000ad3b,-659,True
func_unknown_0x10000ad50,89,False
func_unknown_0x10000af43,-571,False
func_unknown_0x10000af55,173,True
func_unknown_0x10000b0b1,699,False
func_unknown_0x10000b0b3,129,True
func_unknown_0x10000b439,-286,False
func_unknown_0x10000b525,452,False
func_unknown_0x10000b62e,-213,True
func_unknown_0x10000bb85,263,False
func_unknown_0x10000c115,-371,True
func_unknown_0x10000c117,-445,True
func_unknown_0x10000c307,695,True
func_unknown_0x10000c749,148,True
func_unknown_0x10000c81e,-540,True
func_unknown_0x10000cbb3,170,True
func_unknown_0x10000cbb5,909,False
func_unknown_0x10000cbb7,-463,True
func_unknown_0x10000cbf4,272,False
func_unknown_0x10000cbf6,278,True
func_unknown_0x10000cbf8,1070,False
func_unknown_0x10000d03d,-556,True
func_unknown_0x10000d143,-612,False
func_unknown_0x10000d307,708,True
func_unknown_0x10000d30a,13,False
func_uo_0x100003919,-779,False
func_uo_0x10000391d,953,False
func_uo_0x10000391f,-465,False
func_uo_0x10000392d,805,True
func_uo_0x10000392f,-711,False
func_uo_0x100003937,411,False
func_uo_0x100003943,720,False
func_uo_0x100003947,-660,True
func_uo_0x10000394b,236,True
func_uo_0x10000394f,803,True
func_uo_0x100003955,329,True
func_uo_0x100003957,193,False
func_uo_0x100003963,1064,True
func_ur_0x100004702,644,False
func_ur_0x100004704,433,False
func_ur_0x100004708,504,True
func_ur_0x10000470c,587,True
func_ur_0x10000470e,-15,True
func_ur_0x100004712,851,False
func_ur_0x100004716,-567,False
func_ur_0x10000471c,849,False
func_ur_0x10000471e,1191,False
func_ur_0x100004720,-34,True
func_ur_0x100009713,257,False
func_ur_0x100009715,919,True
func_ur_0x10000973e,-543,True
func_ur_0x100009740,765,False
func_ur_0x100009742,-736,False
func_ur_0x100009745,-745,True
func_ur_0x10000974b,424,False
func_ur_0x10000974f,-669,True
func_ur_0x10000975e,73,False
func_ur_0x10000b241,188,False
func_ur_0x10000b26b,685,False
func_ur_0x10000b27d,1166,False
func_ur_0x10000b298,-177,True
func_ur_0x10000b301,690,True
func_ut_0x100006e9f,-624,True
func_ut_0x100006ee5,145,False
func_ut_0x100006ee7,-630,True
func_ut_0x100006ef1,333,True
func_ut_0x100006ef5,-389,True
func_ut_0x100006efb,-264,True
func_ut_0x100006eff,-583,True
func_ut_0x100006f03,1049,False
func_ut_0x100006f05,813,True
func_ut_0x100006f07,758,True
func_ut_0x100006f0d,1179,False
func_ut_0x100006f13,162,True
func_ut_0x100006f17,815,True
func_ut_0x100006f1d,658,False
func_ut_0x100006f1f,-348,True
func_ut_0x100006f23,1122,True
func_ut_0x100006f2d,890,True
func_ut_0x100006f31,524,False
func_ut_0x100006f33,-484,False
func_ut_0x100006f37,1026,True
func_ut_0x100006f41,221,False
func_ut_0x100006f43,647,False
func_ut_0x100006f4f,474,True
func_ut_0x100006f5d,-664,False
func_ut_0x10000744a,-256,False
func_ut_0x100009104,-319,False
func_ut_0x100009106,26,False
func_ut_0x10000910f,744,False
func_ut_0x100009706,403,True
func_ut_0x10000b29f,669,False
func_ut_0x10000b483,561,True
func_ut_0x10000b499,-215,False
func_ut_0x10000b4ab,-747,True
func_ut_0x10000b4fc,1041,False
func_ut_0x10000cc82,-722,True
func_v_0x1000009d2,-457,False
func_v_0x100003c3d,491,False
func_v_0x100003d48,647,True
func_v_0x100003dc8,516,True
func_v_0x100003e13,727,True
func_v_0x100003e19,128,False
func_v_0x100003e59,-260,False
func_v_0x100003f20,-542,True
func_v_0x100003f22,823,True
func_v_0x100004012,-728,True
func_v_0x100004129,263,False
func_v_0x100004156,432,True
func_v_0x10000442f,405,True
func_v_0x100004498,-324,False
func_v_0x10000453b,239,True
func_v_0x100004560,21,True
func_v_0x1000045a2,106,True
func_v_0x1000045c0,-547,False
func_v_0x100004d10,-86,False
func_v_0x100004d12,-717,False
func_v_0x100004e4f,850,False
func_v_0x100004e9a,-207,True
func_v_0x100004eb3,101,True
func_v_0x100004f17,1091,False
func_v_0x100004f68,608,False
func_v_0x100004f96,120,False
func_v_0x100004fcf,-455,True
func_v_0x100005464,1104,True
func_v_0x100005894,292,True
func_v_0x100005896,36,True
func_v_0x100005898,888,False
func_v_0x1000058e4,988,False
func_v_0x100005933,998,True
func_v_0x100005da0,368,True
func_v_0x1000061b4,-750,False
func_v_0x10000646a,377,True
func_v_0x100006898,-649,False
func_v_0x100006d51,-534,True
func_v_0x1000073b0,-432,False
func_v_0x1000076bb,134,True
func_v_0x1000076d4,116,True
func_v_0x10000776c,-147,True
func_v_0x10000777e,-676,True
func_v_0x100007804,1013,True
func_v_0x100007855,1132,True
func_v_0x100007b42,-576,False
func_v_0x100007c9b,-425,True
func_v_0x100007c9d,425,False
func_v_0x100007ee6,-372,True
func_v_0x100007f1e,-324,False
func_v_0x100007f78,-525,False
func_v_0x100007fe9,-645,False
func_v_0x10000806d,-565,False
func_v_0x100008070,-758,True
func_v_0x100008140,283,False
func_v_0x1000081ee,-145,False
func_v_0x100008234,622,False
func_v_0x100008cc7,428,True
func_v_0x100008d1a,426,False
func_v_0x100008d1d,-369,True
func_v_0x100008dc9,-248,False
func_v_0x100008dd7,781,False
func_v_0x100008e36,-126,False
func_v_0x100008ed2,21,True
func_v_0x100008fc4,971,True
func_v_0x100008fc8,361,False
func_v_0x10000904f,-299,False
func_v_0x1000093db,602,True
func_v_0x100009402,-104,True
func_v_0x100009405,-696,False
func_v_0x100009470,1135,True
func_v_0x100009494,-441,False
func_v_0x100009498,-191,True
func_v_0x10000950e,143,False
func_v_0x100009517,1001,False
func_v_0x1000095cb,-696,True
func_v_0x100009627,1089,True
func_v_0x1000098ad,1005,False
func_v_0x1000098fe,-284,False
func_v_0x100009a99,-586,False
func_v_0x100009a9b,-579,False
func_v_0x100009a9d,279,False
func_v_0x100009aa3,1186,False
func_v_0x100009b38,985,False
func_v_0x100009ba1,678,False
func_v_0x100009bb6,-298,False
func_v_0x100009d9e,-522,False
func_v_0x100009ea2,-384,False
func_v_0x100009fb6,-250,True
func_v_0x100009fbc,834,False
func_v_0x100009fc7,306,False
func_v_0x10000a169,1211,True
func_v_0x10000a344,1126,False
func_v_0x10000a34c,678,False
func_v_0x10000a39b,934,False
func_v_0x10000a4aa,-558,True
func_v_0x10000a529,-506,True
func_v_0x10000a537,210,True
func_v_0x10000a6fe,275,False
func_v_0x10000a907,-690,True
func_v_0x10000aa1d,1116,False
func_v_0x10000aae3,-728,False
func_v_0x10000ab03,-9,True
func_v_0x10000ab40,-244,False
func_v_0x10000ab4b,-602,False
func_v_0x10000ab5f,-500,True
func_v_0x10000ab61,188,True
func_v_0x10000ab6a,1125,False
func_v_0x10000ab72,-568,True
func_v_0x10000ab7b,-238,True
func_v_0x10000ab85,-384,False
func_v_0x10000aba4,-609,True
func_v_0x10000aba6,-367,True
func_v_0x10000abae,-303,False
func_v_0x10000abc3,927,True
func_v_0x10000abc7,-484,True
func_v_0x10000abc9,974,False
func_v_0x10000abf7,96,True
func_v_0x10000abfe,107,True
func_v_0x10000ac00,648,False
func_v_0x10000ac08,269,False
func_v_0x10000ac12,-390,True
func_v_0x10000ac18,-455,True
func_v_0x10000ac2c,-49,False
func_v_0x10000ac71,169,True
func_v_0x10000ac7b,883,True
func_v_0x10000ac87,-554,True
func_v_0x10000ac91,-610,False
func_v_0x10000ac99,144,False
func_v_0x10000ac9b,-127,False
func_v_0x10000aca1,-773,True
func_v_0x10000acac,-428,False
func_v_0x10000acb3,789,True
func_v_0x10000acb5,1021,False
func_v_0x10000acbd,344,False
func_v_0x10000acd5,717,False
func_v_0x10000acdf,1186,False
func_v_0x10000ad0e,603,False
func_v_0x10000ad15,-722,True
func_v_0x10000ad17,230,False
func_v_0x10000ad30,-764,True
func_v_0x10000ad32,328,True
func_v_0x10000ad57,-369,True
func_v_0x10000ad60,227,True
func_v_0x10000ad6b,880,True
func_v_0x10000ad7d,165,False
func_v_0x10000ad8f,966,True
func_v_0x10000ad91,793,False
func_v_0x10000ad98,462,True
func_v_0x10000afb4,532,False
func_v_0x10000b078,771,False
func_v_0x10000b0a7,684,True
func_v_0x10000b0ca,-336,False
func_v_0x10000b464,-34,True
func_v_0x10000b8e3,928,False
func_v_0x10000b9c0,-369,True
func_v_0x10000bc2d,748,True
func_v_0x10000bf4e,443,False
func_v_0x10000bf50,-785,False
func_v_0x10000c183,133,True
func_v_0x10000c3f9,23,True
func_v_0x10000c4cc,-290,True
func_v_0x10000c6d6,747,True
func_v_0x10000c7e6,277,False
func_v_0x10000cef4,-657,True
func_v_0x10000cefe,829,False
func_v_0x10000d1a0,-729,True
func_v_0x10000d3a4,-677,False
func_v_0x10000d3d3,663,True
func_v_0x10000d3d5,879,False
func_ve_0x10000447f,-773,False
func_ve_0x100004483,-664,False
func_ve_0x100004651,-513,False
func_ve_0x1000047ad,-747,False
func_ve_0x100004fe9,168,False
func_ve_0x1000050c2,-598,False
func_ve_0x1000050fd,127,False
func_ve_0x100005104,-165,True
func_ve_0x10000510f,-384,False
func_ve_0x100005113,545,True
func_ve_0x100005123,-434,False
func_ve_0x100005125,594,False
func_ve_0x100005a38,-350,False
func_ve_0x100005a3a,-337,True
func_ve_0x100005a3e,-776,True
func_ve_0x100005a40,968,True
func_ve_0x100005a42,-769,False
func_ve_0x100005a44,162,False
func_ve_0x100005a52,-564,False
func_ve_0x100005a69,781,True
func_ve_0x100005a6d,924,False
func_ve_0x100005aa9,1015,False
func_ve_0x100005aab,15,True
func_ve_0x1000063d1,-2,True
func_ve_0x1000063d8,129,False
func_ve_0x10000656b,894,False
func_ve_0x10000663d,-266,True
func_ve_0x10000663f,-102,False
func_ve_0x100006647,-21,False
func_ve_0x100006c9e,594,True
func_ve_0x100006d10,-484,False
func_ve_0x100007d63,-523,True
func_ve_0x1000083d1,983,True
func_ve_0x10000a25c,682,True
func_ve_0x10000a260,989,False
func_ve_0x10000a262,-341,True
func_ve_0x10000a264,569,True
func_ve_0x10000a27a,378,True
func_ve_0x10000a571,719,False
func_ve_0x10000a578,1163,False
func_ve_0x10000a57a,-692,False
func_ve_0x10000aec8,174,True
func_ve_0x10000aeca,-125,False
func_ve_0x10000aed4,-742,True
func_ve_0x10000b1db,-46,False
func_ve_0x10000b1e3,302,False
func_ve_0x10000b1ec,-589,True
func_ve_0x10000b3e8,-573,False
func_ve_0x10000c1f5,-517,True
func_ve_0x10000c877,1193,True
func_ve_0x10000c87f,29,True
func_ve_0x10000c881,671,True
func_ve_0x10000c885,357,True
func_ve_0x10000c88b,-647,False
func_ve_0x10000c88f,1107,False
func_ve_0x10000c893,195,False
func_ve_0x10000c897,112,False
func_ve_0x10000c89b,-594,True
func_ve_0x10000c89f,656,True
func_ve_0x10000d131,-351,False
func_ve_0x10000d164,577,False
func_vn_0x1000051a1,626,True
func_vn_0x1000051a3,707,True
func_vn_0x1000051a7,132,False
func_vn_0x1000051ab,678,True
func_vn_0x10000541a,15,True
func_vr_0x100006a80,-4,False
func_vr_0x100006b1c,214,True
func_vr_0x100006b1e,679,True
func_vr_0x10000ce75,898,False
func_vt_0x100006a93,-546,False
func_vt_0x10000ba3b,965,True
func_vt_0x10000ba3f,647,False
func_vt_0x10000ba41,698,False
func_vt_0x10000ba45,302,False
func_vt_0x10000ba49,-710,True
func_vt_0x10000ba4b,566,False
func_vt_0x10000ba53,727,True
func_vt_0x10000ba57,-222,True
func_vt_0x10000ba5d,-444,True
func_vt_0x10000ba5f,-532,True
func_vt_0x10000ba63,20,True
func_vt_0x10000ba69,-449,True
func_vt_0x10000ba71,365,False
func_vt_0x10000ba75,109,True
func_vt_0x10000ba79,-560,True
func_vt_0x10000ba7f,581,True
func_vt_0x10000ba81,641,False
func_vt_0x10000ba83,352,True
func_vt_0x10000ba89,363,True
func_vt_0x10000ba8b,-262,True
func_vt_0x10000ba8f,44,False
func_vt_0x10000ba91,-636,False
func_vt_0x10000ba95,-412,True
func_vt_0x10000ba97,497,False
func_vt_0x10000ba9f,437,False
func_vt_0x10000baa1,19,False
func_vt_0x10000baa3,-650,False
func_vt_0x10000baa7,245,False
func_vt_0x10000baad,-140,True
func_vt_0x10000baaf,934,False
func_vt_0x10000bab1,-337,False
func_vt_0x10000bab3,-216,False
func_vt_0x10000bab7,717,True
func_vt_0x10000bae1,331,False
func_vt_0x10000bae3,286,False
func_vt_0x10000bae5,660,False
func_vt_0x10000bae9,160,True
func_vt_0x10000baed,356,True
func_vt_0x10000bb55,-14,False
func_vt_0x10000bb59,1079,False
func_vt_0x10000bb63,-120,False
func_vt_0x10000bb65,619,False
func_vt_0x10000bb67,-313,True
func_vt_0x10000bb69,-620,True
func_vt_0x10000bb6b,1078,False
func_vt_0x10000bd71,484,False
func_vt_0x10000bd77,-657,True
func_vt_0x10000bd88,-444,True
func_vt_0x10000bd8e,49,True
func_vt_0x10000bda4,785,False
func_vt_0x10000bdb0,650,False
func_vt_0x10000bdbc,491,False
func_vt_0x10000bdc2,-416,False
func_vt_0x10000bdd2,62,True
func_vt_0x10000bde4,-508,True
func_vt_0x10000be09,193,True
func_vt_0x10000be15,-700,False
func_vt_0x10000be17,-416,True
func_vt_0x10000be23,432,False
func_vt_0x10000ce46,617,False
func_vu_0x100000875,870,False
func_vu_0x1000036bb,-21,True
func_vu_0x1000036ca,-205,True
func_vu_0x1000036cc,-782,False
func_vu_0x1000036e2,-22,True
func_vu_0x1000036e4,1046,True
func_vu_0x1000036ee,776,False
func_vu_0x1000036f9,-646,False
func_vu_0x1000037eb,179,True
func_vu_0x100003801,288,False
func_vu_0x100003815,207,False
func_vu_0x100003819,869,False
func_vu_0x100005c8b,-697,False
func_vu_0x1000068d3,-24,False
func_vu_0x1000068d9,608,False
func_vu_0x100007418,1083,False
func_vu_0x10000741a,-419,False
func_vu_0x100007459,168,True
func_vu_0x10000c61c,-564,False
func_vu_0x10000c626,-207,True
func_vu_0x10000c62a,738,False
func_vu_0x10000c658,-86,False
func_vu_0x10000ce0a,-16,True
func_vu_0x10000ce9b,-516,False
func_w_0x10000363d,1075,True
func_w_0x100003bca,-69,False
func_w_0x100003d29,352,False
func_w_0x100003d8d,-577,False
func_w_0x100003e1f,1004,True
func_w_0x100003e21,-711,True
func_w_0x100003e23,307,True
func_w_0x100003e25,-431,True
func_w_0x100003e90,1137,False
func_w_0x100003e96,638,False
func_w_0x100003eaf,163,False
func_w_0x1000042fd,312,False
func_w_0x1000044fc,168,False
func_w_0x100004556,-94,True
func_w_0x100004586,162,False
func_w_0x1000045ee,724,False
func_w_0x10000469e,-89,True
func_w_0x1000046bf,649,False
func_w_0x100004757,1043,False
func_w_0x100004e12,-445,False
func_w_0x100004ec9,1119,True
func_w_0x100005b58,504,False
func_w_0x100005c0a,682,True
func_w_0x100005c0d,-370,True
func_w_0x100005c19,308,True
func_w_0x100005e98,-178,False
func_w_0x1000062b8,-561,True
func_w_0x1000062bf,570,False
func_w_0x100006442,620,True
func_w_0x10000644a,102,False
func_w_0x10000644c,-455,False
func_w_0x100006450,-49,False
func_w_0x100006454,103,True
func_w_0x100006535,1153,False
func_w_0x100006795,-239,False
func_w_0x100006841,-60,False
func_w_0x1000068a3,131,True
func_w_0x100006bc9,-17,True
func_w_0x100006c72,115,True
func_w_0x100006d77,-763,True
func_w_0x100007020,883,True
func_w_0x1000070bd,313,True
func_w_0x1000070c7,1141,True
func_w_0x1000070c9,711,False
func_w_0x10000735a,-189,False
func_w_0x1000074ed,-161,True
func_w_0x1000074fa,270,True
func_w_0x10000752a,854,False
func_w_0x100007574,869,True
func_w_0x100007578,-298,False
func_w_0x100007723,-745,True
func_w_0x100007896,890,True
func_w_0x100007934,-753,False
func_w_0x100007936,125,True
func_w_0x10000797e,-216,False
func_w_0x100007980,69,False
func_w_0x100007982,137,False
func_w_0x100007a32,916,False
func_w_0x100007b4c,493,False
func_w_0x100007b51,-327,False
func_w_0x100007b53,-265,False
func_w_0x100007b55,1207,False
func_w_0x100007db4,46,True
func_w_0x1000080d8,-307,True
func_w_0x100008168,-216,True
func_w_0x10000816a,-305,True
func_w_0x1000081bc,494,False
func_w_0x1000081c0,344,True
func_w_0x1000081c2,1084,False
func_w_0x1000081c4,-32,False
func_w_0x1000081c6,795,False
func_w_0x1000081db,1049,False
func_w_0x10000855c,242,True
func_w_0x10000855f,-206,False
func_w_0x100008686,64,True
func_w_0x1000086bc,418,True
func_w_0x1000092f9,-465,True
func_w_0x1000094d1,988,True
func_w_0x1000094d3,764,True
func_w_0x1000097f6,-76,False
func_w_0x1000097f8,619,True
func_w_0x1000097fa,555,True
func_w_0x100009808,-351,True
func_w_0x100009eb0,-232,False
func_w_0x100009ec7,423,True
func_w_0x100009ec9,290,False
func_w_0x10000a220,847,True
func_w_0x10000a222,933,False
func_w_0x10000a59f,898,True
func_w_0x10000a612,628,False
func_w_0x10000a614,1191,True
func_w_0x10000a620,-712,True
func_w_0x10000a6b3,-205,False
func_w_0x10000a6bd,25,False
func_w_0x10000a6bf,1136,False
func_w_0x10000a6c2,-516,True
func_w_0x10000a6ca,-210,False
func_w_0x10000aa45,482,True
func_w_0x10000aa47,-462,True
func_w_0x10000aa49,-11,False
func_w_0x10000b081,763,True
func_w_0x10000b089,-142,True
func_w_0x10000b1f2,-729,True
func_w_0x10000b416,685,True
func_w_0x10000b58e,492,True
func_w_0x10000b621,-737,False
func_w_0x10000b76c,643,True
func_w_0x10000b797,-215,False
func_w_0x10000b9d3,41,True
func_w_0x10000bb7f,164,True
func_w_0x10000bbf6,145,True
func_w_0x10000bc37,124,False
func_w_0x10000bc96,-564,False
func_w_0x10000c03e,1151,False
func_w_0x10000c094,-285,False
func_w_0x10000c09c,899,False
func_w_0x10000c29b,461,True
func_w_0x10000d1ae,579,True
func_we_0x100003bf1,-660,True
func_we_0x100004788,-532,True
func_we_0x1000047eb,340,True
func_we_0x100005a63,1007,True
func_we_0x100005b18,-320,True
func_we_0x100005b1c,123,True
func_we_0x100005b20,712,False
func_we_0x100005b26,-554,True
func_we_0x100005b2c,183,True
func_we_0x100005b32,960,True
func_we_0x100005b36,712,True
func_we_0x100005b38,-691,False
func_we_0x100005b44,-656,True
func_we_0x100005b4a,-539,False
func_we_0x100005dac,-204,False
func_we_0x100005db3,501,True
func_we_0x100005dc0,-78,True
func_we_0x100005dc4,397,True
func_we_0x100005dc6,-461,True
func_we_0x100005dca,-680,False
func_we_0x100005dcc,-320,False
func_we_0x100005dce,810,True
func_we_0x100005dd0,41,False
func_we_0x100005dd4,-237,True
func_we_0x100005f52,358,True
func_we_0x100005f91,-319,False
func_we_0x1000063c6,-342,False
func_we_0x1000063dd,624,True
func_we_0x1000063df,473,True
func_we_0x1000063e3,456,True
func_we_0x100006434,941,False
func_we_0x100006dfe,845,True
func_we_0x100006f9e,1092,True
func_we_0x100006fb7,2,False
func_we_0x1000073d4,298,True
func_we_0x100007d53,722,False
func_we_0x100007d55,-689,True
func_we_0x100009592,-5,False
func_we_0x100009594,197,False
func_we_0x100009677,-194,True
func_we_0x10000967d,-666,True
func_we_0x100009681,-342,True
func_we_0x100009683,-494,False
func_we_0x100009685,249,True
func_we_0x10000968c,-663,True
func_we_0x1000096a5,443,False
func_we_0x1000096a7,294,True
func_we_0x10000a959,907,True
func_we_0x10000aee2,633,False
func_we_0x10000aee4,428,True
func_we_0x10000aee6,-306,True
func_we_0x10000aeec,-356,True
func_we_0x10000aeee,-603,False
func_we_0x10000aef0,68,False
func_we_0x10000aef2,426,True
func_we_0x10000af03,654,False
func_we_0x10000af07,-382,False
func_we_0x10000ca84,-703,True
func_we_0x10000cd08,250,False
func_we_0x10000cf7f,256,True
func_we_0x10000d12c,204,True
func_we_0x10000d2b4,379,False
func_we_0x10000d2ba,-494,True
func_we_0x10000d33c,739,False
func_we_0x10000d342,402,True
func_wn_0x100004ba4,634,False
func_wo_0x1000071ec,-609,True
func_wo_0x10000bb0a,-656,False
func_wo_0x10000bb0c,-481,False
func_wt_0x10000830a,-262,False
func_wt_0x10000c641,506,True
func_wt_0x10000c643,-284,True
func_wt_0x10000c648,-731,False
func_wt_0x10000c69a,-610,True
func_wt_0x10000c69e,1095,False
func_wt_0x10000c6a0,-360,False
func_wt_0x10000ce16,-339,False
func_wu_0x10000898e,71,True
func_wu_0x1000089ba,834,True
func_wu_0x1000089bc,676,False
func_wu_0x1000089d4,-140,True
func_wu_0x100008aac,25,False
func_wu_0x100008ab1,-392,True
func_wu_0x100008b47,-428,False
func_wu_0x100008b49,437,False
func_wu_0x100008b84,841,False
func_wu_0x100008b8c,833,False
func_wu_0x100008ba4,1145,False
func_wu_0x100008bb1,-755,False
func_wu_0x100008bc8,-419,True
func_wu_0x100008bce,-97,True
func_wu_0x100008bd4,56,False
func_wu_0x100008be0,1051,False
func_wu_0x100008bfd,299,True
func_x_0x10000010c,914,True
func_x_0x100000159,-533,False
func_x_0x1000002c4,402,True
func_x_0x10000040b,-298,True
func_x_0x100003b05,-731,True
func_x_0x100003c47,10,True
func_x_0x100003c50,716,False
func_x_0x100003c72,1208,True
func_x_0x100003c86,8,True
func_x_0x100003d4d,315,True
func_x_0x100003db2,-412,False
func_x_0x100003f30,1116,False
func_x_0x100003ffb,629,True
func_x_0x100003ffd,190,False
func_x_0x10000402b,333,True
func_x_0x100004055,928,True
func_x_0x100004057,-136,False
func_x_0x10000405b,129,False
func_x_0x10000408c,1036,True
func_x_0x1000041d3,97,False
func_x_0x1000044bc,-159,False
func_x_0x10000455f,-677,True
func_x_0x100004574,-560,True
func_x_0x1000045ae,615,False
func_x_0x10000488c,608,True
func_x_0x100004d99,918,True
func_x_0x100004e45,-322,True
func_x_0x100004e63,-232,False
func_x_0x100004e9f,-336,True
func_x_0x100004f12,539,True
func_x_0x100004f31,895,True
func_x_0x100004f43,-24,True
func_x_0x100005091,1118,False
func_x_0x10000544b,525,True
func_x_0x100005887,336,True
func_x_0x100005926,-448,True
func_x_0x100005a7a,816,True
func_x_0x100005d65,843,False
func_x_0x100005e31,484,True
func_x_0x100005e71,991,False
func_x_0x100006235,-635,True
func_x_0x10000639b,-674,True
func_x_0x100006be4,1073,True
func_x_0x100006bea,-710,True
func_x_0x100006d65,500,True
func_x_0x100007718,193,True
func_x_0x10000786f,337,True
func_x_0x100007a28,-649,True
func_x_0x100007a53,-160,True
func_x_0x100007c4c,781,False
func_x_0x100007d03,255,False
func_x_0x100008149,-225,False
func_x_0x1000081fd,1190,False
func_x_0x10000851f,-718,True
func_x_0x1000087fe,71,False
func_x_0x100008c4a,849,True
func_x_0x100008c6c,216,False
func_x_0x100008d09,24,False
func_x_0x100008d13,-417,False
func_x_0x100008d1c,472,False
func_x_0x100008d2b,1013,False
func_x_0x100008d3a,336,False
func_x_0x100008e23,519,True
func_x_0x100008e25,-531,True
func_x_0x100008f7d,-195,True
func_x_0x1000093d5,204,False
func_x_0x100009472,873,False
func_x_0x10000948b,-531,True
func_x_0x100009849,967,True
func_x_0x1000098a6,-151,False
func_x_0x1000098d2,574,False
func_x_0x1000098e7,55,True
func_x_0x1000098f8,-130,False
func_x_0x1000099cb,-507,True
func_x_0x100009a4c,395,True
func_x_0x100009bb2,-606,True
func_x_0x100009e1f,523,True
func_x_0x100009e53,-87,False
func_x_0x100009e56,-71,False
func_x_0x100009e8d,573,True
func_x_0x100009f16,686,False
func_x_0x100009fc1,-541,False
func_x_0x10000a343,533,False
func_x_0x10000a34f,-580,False
func_x_0x10000a444,-575,False
func_x_0x10000a4ac,-308,False
func_x_0x10000a77a,-783,False
func_x_0x10000a8c9,156,True
func_x_0x10000aaf4,-120,True
func_x_0x10000aafa,371,True
func_x_0x10000aafd,587,True
func_x_0x10000ab0c,1113,True
func_x_0x10000ac6b,-127,True
func_x_0x10000ac8b,-542,False
func_x_0x10000aeb7,379,True
func_x_0x10000af92,-134,False
func_x_0x10000af97,-42,False
func_x_0x10000b0ae,126,True
func_x_0x10000b367,872,False
func_x_0x10000b37c,913,False
func_x_0x10000b388,-304,True
func_x_0x10000b38e,-126,False
func_x_0x10000b476,917,True
func_x_0x10000b585,1171,False
func_x_0x10000b810,-733,False
func_x_0x10000bc0a,-256,False
func_x_0x10000c205,913,False
func_x_0x10000c20b,765,True
func_x_0x10000c220,986,True
func_x_0x10000c2fd,1048,False
func_x_0x10000c3f2,119,True
func_x_0x10000c497,871,False
func_x_0x10000c4d3,486,True
func_x_0x10000c7da,323,True
func_x_0x10000d387,700,True
func_x_0x10000d39a,578,False
func_x_0x10000d3c4,-577,False
func_x_0x10000d3d2,1110,False
func_xe_0x1000040d0,251,True
func_xe_0x100004d3c,728,False
func_xe_0x1000050cc,164,True
func_xe_0x100005148,1156,True
func_xe_0x10000514b,-330,True
func_xe_0x100005971,461,False
func_xe_0x100005973,-308,True
func_xe_0x100005977,-129,True
func_xe_0x100005979,-542,False
func_xe_0x10000597d,-504,False
func_xe_0x100005995,595,False
func_xe_0x10000599d,-183,False
func_xe_0x1000059a0,-561,True
func_xe_0x1000059a6,88,True
func_xe_0x1000059a8,412,False
func_xe_0x1000059aa,266,False
func_xe_0x100005a9c,333,True
func_xe_0x100005a9e,255,False
func_xe_0x100005c62,993,False
func_xe_0x100005e03,961,False
func_xe_0x100005e05,-383,False
func_xe_0x100006606,1184,True
func_xe_0x100006630,-431,True
func_xe_0x100006632,98,False
func_xe_0x1000078a2,792,True
func_xe_0x1000078aa,148,False
func_xe_0x1000078ac,785,True
func_xe_0x1000078b2,-170,True
func_xe_0x1000078b6,1017,False
func_xe_0x1000078b8,758,True
func_xe_0x1000078ba,1206,True
func_xe_0x100007d6b,-65,False
func_xe_0x1000082d6,841,False
func_xe_0x1000083d0,397,True
func_xe_0x10000a563,-87,True
func_xe_0x10000a565,1064,True
func_xe_0x10000a575,71,False
func_xe_0x10000b13f,26,True
func_xe_0x10000b143,-599,True
func_xe_0x10000b145,220,False
func_xe_0x10000b149,613,True
func_xe_0x10000b5e8,-81,False
func_xe_0x10000b5ea,136,True
func_xe_0x10000b897,1103,True
func_xe_0x10000c0e8,900,False
func_xe_0x10000c0f0,-430,True
func_xe_0x10000c1c0,231,False
func_xe_0x10000c1c2,-374,False
func_xe_0x10000c1c4,894,False
func_xe_0x10000c1e1,694,True
func_xe_0x10000c1e7,169,False
func_xe_0x10000c1f0,784,True
func_xe_0x10000c267,-722,False
func_xe_0x10000c26b,1057,True
func_xe_0x10000c26d,-553,False
func_xe_0x10000c45b,376,True
func_xe_0x10000c45f,123,False
func_xe_0x10000c795,1178,False
func_xe_0x10000c7a1,573,False
func_xe_0x10000c7b3,33,True
func_xe_0x10000c7bb,-545,False
func_xe_0x10000ca80,-189,False
func_xe_0x10000d15e,-161,True
func_xe_0x10000d163,-606,False
func_xe_0x10000d316,168,True
func_xe_0x10000d319,-28,True
func_xe_0x10000d345,-335,True
func_xe_0x10000d36f,-220,True
func_xi_0x100003960,1139,True
func_xn_0x100006a9b,1071,True
func_xn_0x100006a9f,-349,True
func_xn_0x100006aa5,1189,False
func_xn_0x10000a0b5,319,True
func_xn_0x10000a0bb,254,True
func_xn_0x10000a0bf,625,False
func_xn_0x10000a0cb,524,True
func_xn_0x10000cecc,1179,True
func_xn_0x10000ced0,1209,False
func_xo_0x10000bad8,-272,False
func_xo_0x10000bada,140,True
func_xr_0x100004700,7,True
func_xr_0x100004706,-666,True
func_xr_0x10000470a,503,True
func_xr_0x100004710,11,True
func_xr_0x100004714,-546,True
func_xr_0x10000763d,-739,False
func_xr_0x1000086c3,1101,False
func_xr_0x10000970f,1056,True
func_xr_0x100009711,-261,True
func_xr_0x10000974d,187,False
func_xr_0x100009751,-339,True
func_xr_0x100009756,1104,True
func_xr_0x10000975c,665,False
func_xr_0x10000b22f,-341,True
func_xr_0x10000b244,-717,True
func_xr_0x10000b280,-423,False
func_xr_0x10000b296,-716,True
func_xr_0x10000b30a,955,True
func_xt_0x10000472c,-234,False
func_xt_0x10000502f,131,True
func_xt_0x100005045,312,True
func_xt_0x100005053,-725,False
func_xt_0x100006025,-220,True
func_xt_0x10000606c,164,False
func_xt_0x1000090ea,-713,True
func_xt_0x1000090ec,-708,True
func_xt_0x1000090fc,-600,False
func_xt_0x100009119,1075,True
func_xt_0x10000911f,79,False
func_xt_0x10000912a,1207,False
func_xt_0x10000912c,-574,False
func_xt_0x10000912e,283,False
func_xt_0x100009130,-699,True
func_xt_0x100009132,-434,True
func_xt_0x100009134,-758,True
func_xt_0x100009136,687,False
func_xt_0x10000913c,-661,False
func_xt_0x10000913e,470,True
func_xt_0x100009146,230,False
func_xt_0x10000914c,559,True
func_xt_0x100009156,881,False
func_xt_0x100009160,672,False
func_xt_0x10000916e,123,True
func_xt_0x100009170,607,False
func_xt_0x100009172,1057,True
func_xt_0x100009385,404,True
func_xt_0x10000ca91,1040,True
func_xt_0x10000cd4c,-466,True
func_xt_0x10000cd4e,17,False
func_y_0x100000102,-652,True
func_y_0x100000121,1113,True
func_y_0x100000146,688,True
func_y_0x10000019f,901,False
func_y_0x100000299,-315,False
func_y_0x1000002dc,-579,True
func_y_0x1000002de,984,False
func_y_0x1000002e0,-323,True
func_y_0x1000002e2,-665,False
func_y_0x1000002e6,329,True
func_y_0x1000005d7,1102,False
func_y_0x100000937,397,False
func_y_0x10000093a,502,False
func_y_0x100003ac0,592,True
func_y_0x100003c79,22,False
func_y_0x100003c7d,353,False
func_y_0x100003c81,1029,False
func_y_0x100003c90,476,True
func_y_0x100003d0a,1094,True
func_y_0x100003e54,726,True
func_y_0x100003f35,782,False
func_y_0x100003f37,-701,False
func_y_0x100003f39,1131,True
func_y_0x10000407a,-493,False
func_y_0x100004542,-786,True
func_y_0x1000046e3,-422,False
func_y_0x1000046e7,-386,True
func_y_0x10000487e,715,True
func_y_0x100004e81,132,True
func_y_0x100004e83,936,True
func_y_0x100004ea0,779,True
func_y_0x1000058bc,-538,False
func_y_0x10000591f,21,False
func_y_0x100005e48,681,False
func_y_0x1000061fd,1164,False
func_y_0x10000623f,-197,False
func_y_0x100006243,814,False
func_y_0x100006247,403,True
func_y_0x100006306,378,True
func_y_0x10000633e,-399,False
func_y_0x10000636e,425,True
func_y_0x100006d98,849,False
func_y_0x100006f71,-244,False
func_y_0x100006f73,31,False
func_y_0x100007340,658,True
func_y_0x100007553,905,True
func_y_0x1000076d7,33,False
func_y_0x1000077cc,212,False
func_y_0x100007851,93,True
func_y_0x100007a68,-434,True
func_y_0x100007c2a,901,False
func_y_0x100007c2c,566,True
func_y_0x100007c2f,-621,False
func_y_0x100007c50,-635,True
func_y_0x100007f12,398,True
func_y_0x100007f5d,757,True
func_y_0x100008139,866,True
func_y_0x10000813c,-767,False
func_y_0x1000081a2,1018,False
func_y_0x1000081a9,497,True
func_y_0x100008c22,322,True
func_y_0x100008c77,-528,True
func_y_0x100008d18,-146,False
func_y_0x100008dff,-571,False
func_y_0x100008e01,2,True
func_y_0x100008ebb,841,False
func_y_0x1000091e5,-601,False
func_y_0x100009238,1210,False
func_y_0x10000950f,144,False
func_y_0x1000097aa,276,False
func_y_0x1000097ae,-162,True
func_y_0x100009b9a,90,True
func_y_0x100009b9c,-488,True
func_y_0x100009ba2,918,False
func_y_0x100009bae,-105,True
func_y_0x100009e0a,1163,True
func_y_0x100009e0e,-106,False
func_y_0x100009e12,-461,False
func_y_0x100009e14,1093,True
func_y_0x100009ea0,-279,True
func_y_0x100009ea5,-82,False
func_y_0x10000a172,1145,True
func_y_0x10000a28a,1147,False
func_y_0x10000a291,559,False
func_y_0x10000a350,-100,False
func_y_0x10000a44f,-713,False
func_y_0x10000a451,671,True
func_y_0x10000a4c7,141,True
func_y_0x10000a4f4,-165,False
func_y_0x10000a77b,304,True
func_y_0x10000a77d,222,False
func_y_0x10000a781,398,True
func_y_0x10000a7db,615,False
func_y_0x10000a911,1006,False
func_y_0x10000aaec,1025,True
func_y_0x10000aaf0,671,False
func_y_0x10000abda,-54,False
func_y_0x10000aebf,-196,False
func_y_0x10000b58c,629,False
func_y_0x10000b7b7,-51,True
func_y_0x10000b7ce,392,True
func_y_0x10000b7e3,-262,False
func_y_0x10000bf1f,165,True
func_y_0x10000bf21,475,True
func_y_0x10000c030,-153,True
func_y_0x10000c322,46,False
func_y_0x10000c328,636,False
func_y_0x10000c32c,1107,False
func_y_0x10000c757,18,False
func_y_0x10000cce7,-273,False
func_y_0x10000d22f,856,True
func_y_0x10000d231,682,False
func_y_0x10000d392,-525,False
func_ye_0x100003bf3,187,False
func_ye_0x100003c15,115,True
func_ye_0x1000047e7,-747,False
func_ye_0x1000047e9,1159,False
func_ye_0x1000047f1,969,False
func_ye_0x100005a30,-749,True
func_ye_0x100005a61,648,False
func_ye_0x100005aa5,-270,False
func_ye_0x100005f57,-495,True
func_ye_0x100005f8f,10,False
func_ye_0x1000063c8,615,True
func_ye_0x100006cf4,134,False
func_ye_0x100006fbd,-724,False
func_ye_0x100006fc8,429,True
func_ye_0x100007000,867,True
func_ye_0x100007bd2,-179,False
func_ye_0x100009576,-77,False
func_ye_0x1000095aa,1178,True
func_ye_0x100009679,-749,True
func_ye_0x10000967b,-508,True
func_ye_0x100009687,346,False
func_ye_0x10000968e,549,True
func_ye_0x1000096a1,97,False
func_ye_0x1000096a3,-409,False
func_ye_0x10000a91b,871,False
func_ye_0x10000aefb,-677,True
func_ye_0x10000c466,230,True
func_ye_0x10000c474,149,True
func_ye_0x10000c710,1145,True
func_ye_0x10000cac5,188,False
func_ye_0x10000d125,-512,True
func_ye_0x10000d244,-65,False
func_ye_0x10000d2b6,1125,False
func_ye_0x10000d2c8,-721,True
func_ye_0x10000d33a,382,True
func_yo_0x1000049fd,-185,False
func_yo_0x100004a25,1039,True
func_yr_0x100006aee,191,False
func_yr_0x100007136,1115,False
func_yr_0x100007138,680,False
func_yr_0x10000713a,1189,False
func_yr_0x10000713c,236,False
func_yr_0x100007140,-447,False
func_yr_0x100007142,368,True
func_yr_0x10000714f,978,False
func_yr_0x100007157,1007,True
func_yr_0x100007168,454,False
func_yr_0x100007179,346,True
func_yr_0x1000071b4,735,True
func_yr_0x1000071e3,42,False
func_yr_0x100007214,-595,True
func_yr_0x100007216,115,True
func_yr_0x10000ba25,-157,False
func_yr_0x10000bd97,-734,False
func_yr_0x10000bd99,-603,False
func_yr_0x10000bd9d,-36,False
func_yt_0x100008996,15,True
func_yt_0x1000089b8,480,True
func_yt_0x1000089be,856,False
func_yt_0x1000089c0,-542,True
func_yt_0x1000089c2,600,False
func_yt_0x1000089c4,-445,True
func_yt_0x1000089c6,1146,False
func_yt_0x1000089cb,928,False
func_yt_0x1000089cd,681,False
func_yt_0x1000089d2,64,True
func_yt_0x1000089d6,521,False
func_yt_0x1000089d8,896,False
func_yt_0x100008a0e,1199,False
func_yt_0x100008a14,1091,False
func_yt_0x100008a1d,366,True
func_yt_0x100008a20,901,True
func_yt_0x100008a26,293,True
func_yt_0x100008a29,-266,True
func_yt_0x100008a2f,400,False
func_yt_0x100008a32,-612,False
func_yt_0x100008a35,319,False
func_yt_0x100008a3b,569,False
func_yt_0x100008a40,-724,False
func_yt_0x100008a68,234,True
func_yt_0x100008a8a,243,False
func_yt_0x100008a8c,199,True
func_yt_0x100008aa5,666,False
func_yt_0x100008aa9,459,True
func_yt_0x100008aae,986,True
func_yt_0x100008ab3,981,True
func_yt_0x100008ac4,-148,False
func_yt_0x100008acf,684,False
func_yt_0x100008ad8,786,True
func_yt_0x100008ade,-655,True
func_yt_0x100008ae0,720,False
func_yt_0x100008b16,-304,False
func_yt_0x100008b1d,2,True
func_yt_0x100008b3e,-331,True
func_yt_0x100008b42,-137,True
func_yt_0x100008b86,146,True
func_yt_0x100008b93,605,True
func_yt_0x100008ba0,699,False
func_yt_0x100008ba8,1024,False
func_yt_0x100008baf,440,True
func_yt_0x100008bc6,-567,False
func_yt_0x100008be5,21,False
func_yt_0x100008beb,-600,False
func_yt_0x100008bf9,-430,True
func_yt_0x100008c00,918,False
func_yu_0x1000049f5,-633,True
func_yu_0x1000049f8,617,True
func_yu_0x1000049fa,-217,False
func_yu_0x100004a01,105,False
func_yu_0x100004a06,908,False
func_yu_0x100004a0e,-209,True
func_yu_0x100004a18,-443,True
func_yu_0x100004a1a,1155,True
func_yu_0x100004a2d,960,False
func_yu_0x100004a62,713,False
func_yu_0x100004a70,331,False
func_yu_0x100004a7e,-203,False
func_yu_0x100004ad8,-685,True
func_yu_0x100004ae6,1121,False
func_yu_0x100004aec,667,True
func_yu_0x100004afa,449,True
func_yu_0x100004b0c,-292,False
func_yu_0x100004b91,1193,True
func_yu_0x100004cf8,1204,False
func_z_0x100000289,262,False
func_z_0x100003aca,628,False
func_z_0x100003bc1,-464,True
func_z_0x100003bc3,-163,False
func_z_0x100003bc5,-289,True
func_z_0x100003cc6,-424,True
func_z_0x100003ce4,466,True
func_z_0x100003d2b,22,False
func_z_0x100003d2f,-549,False
func_z_0x100003d31,472,True
func_z_0x100003e7e,-471,False
func_z_0x100003e80,-488,False
func_z_0x100003e82,71,True
func_z_0x100003e88,-700,True
func_z_0x100003e8a,64,False
func_z_0x100003e8c,1164,True
func_z_0x1000042f8,923,False
func_z_0x100004301,-773,False
func_z_0x100004312,1125,True
func_z_0x100004584,1135,True
func_z_0x100004e04,1210,True
func_z_0x100004ed7,-65,True
func_z_0x100004ede,892,False
func_z_0x1000059d0,491,True
func_z_0x1000059d4,572,False
func_z_0x1000059d6,-417,True
func_z_0x1000059f8,33,False
func_z_0x1000059fc,511,False
func_z_0x100005a02,-556,True
func_z_0x100005a90,-493,True
func_z_0x100005ba1,-740,True
func_z_0x100005c08,567,True
func_z_0x100005c11,100,False
func_z_0x100005c13,5,False
func_z_0x100005c15,669,False
func_z_0x1000062ac,1044,True
func_z_0x1000062bd,663,True
func_z_0x100006440,63,True
func_z_0x100006444,-529,True
func_z_0x100006446,1132,False
func_z_0x100006448,864,False
func_z_0x100006770,504,True
func_z_0x100006776,1053,False
func_z_0x10000677d,-284,False
func_z_0x100006821,1143,True
func_z_0x100006845,-616,True
func_z_0x1000068a1,517,False
func_z_0x1000068a5,1179,False
func_z_0x1000068a7,-323,False
func_z_0x10000703a,150,True
func_z_0x100007043,-410,True
func_z_0x100007052,186,True
func_z_0x10000705a,1028,True
func_z_0x1000070b9,883,True
func_z_0x1000070bb,889,True
func_z_0x1000074f5,-359,True
func_z_0x100007572,796,False
func_z_0x10000757c,-756,False
func_z_0x100007707,-709,True
func_z_0x100007726,835,True
func_z_0x1000077a1,924,False
func_z_0x10000799a,211,True
func_z_0x10000799c,892,False
func_z_0x1000079a4,1188,True
func_z_0x100007b4e,-488,True
func_z_0x100007b5c,783,False
func_z_0x100007b5e,-571,True
func_z_0x100007d0d,-731,True
func_z_0x100007d10,353,False
func_z_0x100007d12,49,False
func_z_0x100007f2e,1002,False
func_z_0x1000081d6,-13,False
func_z_0x10000855a,-211,True
func_z_0x100008574,-295,True
func_z_0x10000869b,731,False
func_z_0x1000086b0,895,True
func_z_0x1000086ba,803,True
func_z_0x100008e83,-526,True
func_z_0x100008e87,-347,True
func_z_0x100009020,272,False
func_z_0x1000092a7,1168,True
func_z_0x1000092eb,-508,False
func_z_0x100009304,345,False
func_z_0x100009308,-416,False
func_z_0x10000930e,1133,False
func_z_0x1000094c2,818,False
func_z_0x1000094c9,-783,False
func_z_0x1000094cb,76,False
func_z_0x1000097f0,1156,False
func_z_0x100009805,809,False
func_z_0x10000980a,339,True
func_z_0x100009e73,630,True
func_z_0x10000a1d2,-786,True
func_z_0x10000a224,-530,True
func_z_0x10000a360,166,True
func_z_0x10000a362,664,False
func_z_0x10000a366,812,True
func_z_0x10000a36a,149,False
func_z_0x10000a382,-701,True
func_z_0x10000a630,-7,False
func_z_0x10000a66e,1121,True
func_z_0x10000a6ce,671,False
func_z_0x10000a767,-546,False
func_z_0x10000b083,1112,False
func_z_0x10000b08c,295,False
func_z_0x10000b34e,1204,True
func_z_0x10000b414,512,True
func_z_0x10000b418,438,True
func_z_0x10000b430,-514,False
func_z_0x10000b60e,-694,True
func_z_0x10000c086,711,True
func_z_0x10000c146,88,True
func_z_0x10000c15c,1087,False
func_z_0x10000c15e,-99,False
func_z_0x10000c164,800,True
func_z_0x10000c23c,38,True
func_z_0x10000c279,644,True
func_z_0x10000c767,495,False
func_z_0x10000cc0a,785,True
func_z_0x10000d13b,693,True
func_ze_0x100003c09,650,True
func_ze_0x100003c0c,-191,True
func_ze_0x100003c18,218,True
func_ze_0x100004787,-80,False
func_ze_0x100004794,-655,False
func_ze_0x1000047d2,887,True
func_ze_0x1000047e2,408,True
func_ze_0x1000047f5,1197,True
func_ze_0x100004809,-253,True
func_ze_0x100005a57,1037,False
func_ze_0x100005e0b,70,True
func_ze_0x1000060e4,-758,False
func_ze_0x1000060f2,-682,False
func_ze_0x1000060f8,813,True
func_ze_0x1000060fa,-53,True
func_ze_0x10000639e,483,False
func_ze_0x1000063dc,-70,False
func_ze_0x100006431,-627,False
func_ze_0x100006433,247,True
func_ze_0x10000679b,672,False
func_ze_0x10000679d,698,True
func_ze_0x10000679f,530,False
func_ze_0x1000067a1,-22,False
func_ze_0x1000067a3,872,True
func_ze_0x1000067a7,-471,True
func_ze_0x1000067b7,1212,True
func_ze_0x1000067bb,-526,True
func_ze_0x1000067bf,447,True
func_ze_0x1000067d2,1061,False
func_ze_0x1000067d4,611,False
func_ze_0x1000067d8,-244,False
func_ze_0x1000067e0,806,True
func_ze_0x1000067e4,-501,False
func_ze_0x1000067ea,-321,True
func_ze_0x1000067ec,293,True
func_ze_0x1000067ee,824,False
func_ze_0x1000067f2,-533,True
func_ze_0x1000067f6,-484,True
func_ze_0x1000067fc,-190,True
func_ze_0x100006ca9,390,True
func_ze_0x1000073c8,-206,False
func_ze_0x1000078ea,-509,False
func_ze_0x1000078ec,-107,False
func_ze_0x1000078f2,-720,False
func_ze_0x1000078f4,281,False
func_ze_0x100009676,927,True
func_ze_0x10000a5c7,573,False
func_ze_0x10000a5da,-519,False
func_ze_0x10000a5de,49,False
func_ze_0x10000a5ec,1160,True
func_ze_0x10000a5f0,948,False
func_ze_0x10000a91e,153,False
func_ze_0x10000a952,1118,True
func_ze_0x10000a95d,248,False
func_ze_0x10000a95f,409,True
func_ze_0x10000adeb,122,False
func_ze_0x10000aee1,-440,False
func_ze_0x10000aef6,1191,False
func_ze_0x10000c3df,612,True
func_ze_0x10000c3e1,1036,False
func_ze_0x10000ca81,735,False
func_ze_0x10000cf5e,-224,True
func_ze_0x10000cf75,213,False
func_ze_0x10000cf8b,-729,True
func_ze_0x10000cff3,257,True
func_ze_0x10000cff6,950,False
func_zn_0x1000038d2,-41,False
func_zn_0x1000038d6,-767,True
func_zn_0x100006ab1,394,True
func_zn_0x100006ab5,144,False
func_zn_0x10000a0b4,292,True
func_zn_0x10000ce43,917,True
func_zo_0x1000088ca,247,False
func_zt_0x1000088c5,777,False
func_zt_0x10000898c,689,False
func_zt_0x1000089db,401,True
func_zt_0x1000089dd,-618,True
func_zt_0x100008a46,802,True
func_zt_0x100008a50,-141,True
func_zt_0x100008a70,-696,True
func_zt_0x100008a7a,374,False
func_zt_0x100008a93,590,True
func_zt_0x100008ada,-289,True
func_zt_0x100008aec,697,True
func_zu_0x100006abf,-695,True
func_zu_0x100006ac1,1027,False
func_zu_0x100006ac5,705,True
func_zu_0x100006ac7,122,True
func_zu_0x100006acb,-94,True
func_zu_0x100006ad1,-574,False
func_zu_0x100006ad7,-452,True
func_zu_0x100006add,-537,True
func_zu_0x100006af3,-550,False
func_zu_0x10000ba2d,-639,False
func_zu_0x10000ba5b,198,True
func_zu_0x10000bb5a,-663,True
func_zu_0x10000bcb1,939,False
func_zu_0x10000bd6b,398,False
func_zu_0x10000bd86,-713,True
func_zu_0x10000bd8c,-601,False
func_zu_0x10000bda8,828,True
func_zu_0x10000bdba,584,False
func_zu_0x10000bdd6,-304,True
func_zu_0x10000bddc,827,True
func_zu_0x10000bde2,177,False
func_zu_0x10000bdfa,495,True
func_zu_0x10000be00,106,True
func_zu_0x10000be19,347,False
func_zu_0x10000ce49,-522,False
func_zu_0x10000ce4d,-769,True
