func_$C_0x100002948,func_WorkerPool_0x100002948
func_$Q_0x1000005cd,func_TableScope_0x1000005cd
func_$_0x1000015dc,func_Connect_0x1000015dc
func_$_0x100001e04,func_DigitChar_0x100001e04
func_$a_0x100000497,func_MatchTag_0x100000497
func_$c_0x1000005da,func_ColgroupScope_0x1000005da
func_$n_0x100000f71,func_WinPath_0x100000f71
func_$r_0x100000c75,func_Warn_0x100000c75
func_$r_0x100001296,func_TempPath_0x100001296
func_$s_0x100000590,func_NoscriptHead_0x100000590
func_$t_0x1000015ea,func_MessageEmit_0x1000015ea
func_0_0x100000410,func_DigitRange_0x100000410
func_A2_0x100000462,func_LoadHtml_0x100000462
func_A3_0x10000008a,func_CloneArray_0x10000008a
func_AQ_0x100000599,func_FramesetScope_0x100000599
func_ATTRS_0x100000770,func_Attrs_0x100000770
func_A_0x10000054d,func_SuperCall_0x10000054d
func_A_0x100000618,func_CodePoint_0x100000618
func_A_0x1000009c6,func_RegistryValue_0x1000009c6
func_A_0x1000009d6,func_MachineGuid_0x1000009d6
func_A_0x100000a5a,func_EscapeRegex_0x100000a5a
func_A_0x1000010d7,func_TypeMatch_0x1000010d7
func_A_0x10000145d,func_Utf8Valid_0x10000145d
func_A_0x1000016fc,func_Noop_0x1000016fc
func_A_0x100002334,func_CreateLogger_0x100002334
func_A_0x100002530,func_ExposeGlobal_0x100002530
func_A_0x100002626,func_ProcessCpu_0x100002626
func_A_0x10000262d,func_ProcessMemory_0x10000262d
func_A_0x10000265c,func_SessionMetric_0x10000265c
func_A_0x100002679,func_CreateInstrumentations_0x100002679
func_A_0x10000292a,func_Delegate_0x10000292a
func_A_0x1000029c0,func_FileUri_0x1000029c0
func_A_0x1000030ea,func_DecryptCbc_0x1000030ea
func_Ac_0x10000055a,func_TagLookup_0x10000055a
func_Ae_0x100000d63,func_StreamLike_0x100000d63
func_Am_0x100000562,func_HexUpper_0x100000562
func_Ar_0x100001293,func_ErrorMatch_0x100001293
func_Au_0x10000171d,func_TransformError_0x10000171d
func_Aw_0x100000305,func_MapEntries_0x100000305
func_B6_0x1000003d5,func_DisableProxy_0x1000003d5
func_B_0x100000939,func_ListProcesses_0x100000939
func_B_0x100000967,func_EnumRegistryValues_0x100000967
func_B_0x100001197,func_TempDir_0x100001197
func_B_0x10000243f,func_RefreshListener_0x10000243f
func_B_0x100002b64,func_OutputFormat_0x100002b64
func_B_0x100003098,func_ReadUInt32_0x100003098
func_B_0x100003137,func_Hash512_0x100003137
func_B_0x10000324c,func_HeadersInit_0x10000324c
func_BcujB_0x10000179c,func_Invoke_0x10000179c
func_BiNlG_0x100000167,func_DefaultValue_0x100000167
func_Bx_0x100001932,func_RestoreStructures_0x100001932
func_C0_0x10000046f,func_HtmlLike_0x10000046f
func_CQ_0x1000005a4,func_FramesetInsert_0x1000005a4
func_CS_0x100000244,func_Hash256_0x100000244
func_CW_0x10000050e,func_IndexAccess_0x10000050e
func_CZeub_0x100000a19,func_DefaultArg_0x100000a19
func_C_0x100000965,func_EnumRegistryKeys_0x100000965
func_C_0x100000d22,func_Empty_0x100000d22
func_C_0x100001196,func_TempDirFallback_0x100001196
func_C_0x100002457,func_SpanContext_0x100002457
func_C_0x1000024ae,func_ApiInit_0x1000024ae
func_C_0x100003135,func_DecryptSessions_0x100003135
func_Ci_0x100000ef4,func_Subclass_0x100000ef4
func_Ck_0x100000817,func_BookmarkList_0x100000817
func_Cm_0x100000595,func_InsertText_0x100000595
func_Cr_0x1000015f0,func_Resume_0x1000015f0
func_Cr_0x100001e18,func_UriUnsafe_0x100001e18
func_Cw_0x10000032f,func_DomainName_0x10000032f
func_CwgSp_0x100002afa,func_DefaultOr_0x100002afa
func_CwmqM_0x1000027fa,func_PreferSecond_0x1000027fa
func_D0_0x100000689,func_ChildrenNode_0x100000689
func_D6_0x1000003e5,func_ExitProcess_0x1000003e5
func_DHcVu_0x1000002be,func_DefaultParam_0x1000002be
func_DOCUMENT_MODE_0x100000771,func_DocumentMode_0x100000771
func_D_0x100000d26,func_Void_0x100000d26
func_D_0x100000e71,func_Traverse_0x100000e71
func_D_0x1000028da,func_Construct_0x1000028da
func_D_0x100002cd7,func_AttachField_0x100002cd7
func_D_0x100002ecb,func_ReactElement_0x100002ecb
func_DciIp_0x100000a44,func_DefaultValue2_0x100000a44
func_De_0x1000015da,func_SocketConnect_0x1000015da
func_De_0x100001e02,func_CodePointAt_0x100001e02
func_Di_0x100002040,func_AbortSignal_0x100002040
func_Dm_0x1000005f4,func_PopIntegration_0x1000005f4
func_DocumentPosition_0x10000064e,func_DocumentPosition_0x10000064e
func_Dr_0x100000dd8,func_PauseIterator_0x100000dd8
func_Dr_0x1000015f9,func_CloseSocket_0x1000015f9
func_Dr_0x100002120,func_Multipart_0x100002120
func_Dx_0x100001962,func_ToRecordString_0x100001962
func_EGCJi_0x1000028c8,func_DefaultValue3_0x1000028c8
func_EQ_0x1000005a9,func_AppendHtml_0x1000005a9
func_EW_0x100000511,func_SliceMake_0x100000511
func_E_0x10000002a,func_Unsubscribe_0x10000002a
func_E_0x100000620,func_TrailingSlash_0x100000620
func_E_0x10000092d,func_KillProcess_0x10000092d
func_C_0x100002b62,func_normalizeFormat_0x100002b62
func_Cv_0x1000005f6,func_endForeign_0x1000005f6
func_E_0x100000963,func_deleteRegistry_0x100000963
func_E_0x1000023d9,func_pushEvent_0x1000023d9
func_E_0x100002455,func_initTelemetry_0x100002455
func_E_0x100002b28,func_utf8Wrap_0x100002b28
func_E_0x100003095,func_readInt32_0x100003095
func_E_0x100003133,func_readSession_0x100003133
func_Ep_0x10000045d,func_renderTree_0x10000045d
func_EqualsStrict_0x10000072e,func_strictEqual_0x10000072e
func_EqualsStrict_0x100000a9e,func_strictEqual_0x100000a9e
func_EqualsStrict_0x100000ac1,func_strictEqual_0x100000ac1
func_EqualsStrict_0x100000f3d,func_strictEqual_0x100000f3d
func_EqualsStrict_0x100001009,func_strictEqual_0x100001009
func_EqualsStrict_0x10000100f,func_strictEqual_0x10000100f
func_EqualsStrict_0x100001045,func_strictEqual_0x100001045
func_EqualsStrict_0x100001057,func_strictEqual_0x100001057
func_EqualsStrict_0x1000020ce,func_strictEqual_0x1000020ce
func_EqualsStrict_0x100002db1,func_strictEqual_0x100002db1
func_EqualsStrict_0x1000031b2,func_strictEqual_0x1000031b2
func_EqualsStrict_0x1000031b3,func_strictEqual_0x1000031b3
func_Et_0x10000128f,func_ebadf_0x10000128f
func_F0_0x100000417,func_binarySearch_0x100000417
func_F6_0x1000003e7,func_setExplorerPolicy_0x1000003e7
func_FC_0x100000254,func_verifyHash_0x100000254
func_FW_0x100000524,func_prependNode_0x100000524
func_F_0x100000cc9,func_containsKey_0x100000cc9
func_Fk_0x100000574,func_isMathmlText_0x100000574
func_Ft_0x100001026,func_ignorePattern_0x100001026
func_Ft_0x100001372,func_isElectron_0x100001372
func_Fzrlc_0x1000017a0,func_invoke_0x1000017a0
func_G0_0x10000043b,func_filterTree_0x10000043b
func_G4_0x1000002a5,func_basePath_0x1000002a5
func_GJYZo_0x1000020db,func_apply_0x1000020db
func_GQ_0x1000005be,func_closeScope_0x1000005be
func_G_0x100000d64,func_isStream_0x100000d64
func_GandI_0x100002d3d,func_coalesce_0x100002d3d
func_GiTda_0x1000001ad,func_coalesce_0x1000001ad
func_GiuQs_0x1000023f4,func_defaultValue_0x1000023f4
func_Gq_0x100000430,func_hasAttribute_0x100000430
func_Gr_0x100002035,func_decorate_0x100002035
func_GreaterOrEqual_0x100000a03,func_greaterOrEqual_0x100000a03
func_HQ_0x1000005c6,func_closeText_0x1000005c6
func_HS_0x100000294,func_spawnWorker_0x100000294
func_H_0x100000ad6,func_escapeRegex_0x100000ad6
func_H_0x100002389,func_getGlobal_0x100002389
func_H_0x100002d29,func_encodeUtf8_0x100002d29
func_H_0x1000031a3,func_parseTemplate_0x1000031a3
func_HfkqK_0x100000a1b,func_coalesce_0x100000a1b
func_HgvVw_0x1000017cb,func_invoke_0x1000017cb
func_Hk_0x10000057a,func_replaceElement_0x10000057a
func_Ho_0x100000e65,func_cloneConfig_0x100000e65
func_IQ_0x1000005a5,func_enterTable_0x1000005a5
func_IW_0x10000050f,func_toArray_0x10000050f
func_I_0x100000624,func_commitSelector_0x100000624
func_I_0x10000096b,func_setRegistry_0x10000096b
func_I_0x100000d25,func_noop_0x100000d25
func_I_0x1000010c0,func_globStream_0x1000010c0
func_I_0x1000011b2,func_randomName_0x1000011b2
func_I_0x100002443,func_getSession_0x100002443
func_I_0x10000245b,func_isEnabled_0x10000245b
func_I_0x100002e38,func_iteratorInit_0x100002e38
func_I_0x100002eb1,func_patchExtension_0x100002eb1
func_I_0x10000309c,func_readUInt64_0x10000309c
func_Ia_0x10000060f,func_defineProperties_0x10000060f
func_IhtmY_0x1000021d0,func_coalesce_0x1000021d0
func_Il_0x100003392,func_connect_0x100003392
func_Im_0x100000596,func_insertText_0x100000596
func_Ip_0x10000044e,func_comparePosition_0x10000044e
func_Iq_0x100000411,func_isHex_0x100000411
func_It_0x100001294,func_setFlag_0x100001294
func_JQ_0x1000005c0,func_closeList_0x1000005c0
func_JS_0x100000290,func_writeNull_0x100000290
func_Ja_0x10000051d,func_spliceNodes_0x10000051d
func_Je_0x100001e25,func_isPrintable_0x100001e25
func_Jg_0x100000569,func_textNode_0x100000569
func_Jq_0x100000435,func_replaceNode_0x100000435
func_Jx_0x10000196c,func_writeUtf8_0x10000196c
func_K2_0x1000004d3,func_rootNode_0x1000004d3
func_KQ_0x1000005c5,func_closeScript_0x1000005c5
func_KW_0x100000537,func_render_0x100000537
func_K_0x1000015e0,func_bufferSend_0x1000015e0
func_Kc_0x10000042b,func_getText_0x10000042b
func_Kn_0x10000203e,func_isObjectLike_0x10000203e
func_Ks_0x100000583,func_missingDoctype_0x100000583
func_Kx_0x100001974,func_flushStrings_0x100001974
func_L4_0x1000002a3,func_normalizeEmail_0x1000002a3
func_LHfDD_0x100001826,func_coalesce_0x100001826
func_LQ_0x1000005bd,func_closeListItem_0x1000005bd
func_LessOrEqual_0x100000a00,func_lessOrEqual_0x100000a00
func_Lkrka_0x100000c49,func_coalesce_0x100000c49
func_Lq_0x10000042f,func_getAttribute_0x10000042f
func_Lt_0x100000d79,func_isBinary_0x100000d79
func_Lt_0x1000015d8,func_closeError_0x1000015d8
func_Lt_0x100001e00,func_ucs2Length_0x100001e00
func_MA_0x100001714,func_isFunction_0x100001714
func_MS_0x100000240,func_listPackages_0x100000240
func_Bp_0x100000460,func_renderXml_0x100000460
func_G_0x100001060,func_initOnce_0x100001060
func_Gn_0x100002027,func_validateHeaderName_0x100002027
func_Gp_0x1000004c9,func_normalizeOptions_0x1000004c9
func_Kk_0x100000579,func_adoptFormatting_0x100000579
func_MW_0x10000050d,func_atIndex_0x10000050d
func_M_0x10000061f,func_parseParentheses_0x10000061f
func_M_0x100000961,func_createRegistryKey_0x100000961
func_M_0x100001324,func_emitError_0x100001324
func_M_0x1000013cb,func_trimBuffer_0x1000013cb
func_M_0x1000017ed,func_isUtf8_0x1000017ed
func_M_0x100002397,func_applyFallback_0x100002397
func_M_0x100002b21,func_constructView_0x100002b21
func_M_0x100003093,func_readString_0x100003093
func_M_0x100003131,func_readUserMap_0x100003131
func_Mboup_0x100002f3a,func_invoke_0x100002f3a
func_Me_0x1000014b5,func_noopAssign_0x1000014b5
func_Me_0x1000022c1,func_filterMap_0x1000022c1
func_Mi_0x100000e69,func_normalizeString_0x100000e69
func_Minus_0x100001837,func_subtract_0x100001837
func_Minus_0x100001865,func_subtract_0x100001865
func_Minus_0x100001868,func_subtract_0x100001868
func_Mk_0x1000007f2,func_initializeParser_0x1000007f2
func_Mr_0x100000bba,func_escapeRegex_0x100000bba
func_Mr_0x100000d69,func_isBinary_0x100000d69
func_Ms_0x10000023e,func_noop_0x10000023e
func_NIL_0x1000017cd,func_nilUuid_0x1000017cd
func_NOOP_0x100001350,func_noop_0x100001350
func_NQ_0x1000005ba,func_closeTag_0x1000005ba
func_NS_0x100000772,func_getNamespace_0x100000772
func_N_0x100000ad5,func_hasKey_0x100000ad5
func_N_0x100000cde,func_mapEntry_0x100000cde
func_N_0x100002189,func_isType_0x100002189
func_N_0x1000024a8,func_resetConstructor_0x1000024a8
func_N_0x100002925,func_openPipe_0x100002925
func_N_0x100002ec9,func_isSpecialObject_0x100002ec9
func_N_0x100003208,func_initializeRoutes_0x100003208
func_Na_0x100001bb3,func_normalizeDecodeOptions_0x100001bb3
func_Ng_0x1000004a8,func_validatePseudoArgs_0x1000004a8
func_Nk_0x100000575,func_isForeignContent_0x100000575
func_Nq_0x100000424,func_renderCdata_0x100000424
func_Nv_0x10000060a,func_isAlpha_0x10000060a
func_Nx_0x100001964,func_swapBuffers_0x100001964
func_OA_0x10000090d,func_assertHas_0x10000090d
func_OQ_0x1000005bc,func_closeParagraph_0x1000005bc
func_O_0x1000009fe,func_isLeadingZero_0x1000009fe
func_O_0x100001558,func_dispatchEvent_0x100001558
func_O_0x100002187,func_isExactType_0x100002187
func_O_0x100002e5c,func_openDatabase_0x100002e5c
func_Oa_0x100001d1d,func_resizeBuffer_0x100001d1d
func_Oc_0x100000565,func_addOffset_0x100000565
func_Oe_0x100001366,func_parsePlatform_0x100001366
func_OnDeH_0x1000028bf,func_coalesce_0x1000028bf
func_OrWiE_0x1000026a0,func_defaultValue_0x1000026a0
func_Ov_0x10000089f,func_initializeTokenizer_0x10000089f
func_P3_0x1000001c5,func_sha1Hash_0x1000001c5
func_PQ_0x1000005bb,func_closeForm_0x1000005bb
func_P_0x1000009f4,func_unescapePattern_0x1000009f4
func_P_0x1000010c8,func_iterateGlob_0x1000010c8
func_P_0x10000156d,func_constructCloseEvent_0x10000156d
func_P_0x100002392,func_resetConstructor_0x100002392
func_P_0x1000023f0,func_getConstant_0x1000023f0
func_P_0x100002c3c,func_constructIterator_0x100002c3c
func_Pe_0x100001364,func_compareArchitectures_0x100001364
func_Pp_0x1000004ab,func_followingTags_0x1000004ab
func_Pq_0x100000425,func_renderComment_0x100000425
func_Pr_0x1000015f5,func_writeChunk_0x1000015f5
func_Pr_0x100001e1d,func_getCode_0x100001e1d
func_Pt_0x100000b87,func_isValidName_0x100000b87
func_Pt_0x100002c2c,func_constructDecodeError_0x100002c2c
func_Pu_0x10000015f,func_uuidFromBytes_0x10000015f
func_Pv_0x10000060b,func_isHex_0x10000060b
func_QQ_0x1000005b0,func_insertHtml_0x1000005b0
func_QW_0x10000051e,func_appendNode_0x10000051e
func_Q_0x1000005a2,func_insertFormatting_0x1000005a2
func_Q_0x10000218b,func_isInstance_0x10000218b
func_Q_0x1000027d5,func_isString_0x1000027d5
func_Q_0x100002ccc,func_constructStream_0x100002ccc
func_Qn_0x100001985,func_unpackMessage_0x100001985
func_Qq_0x10000041c,func_escapeQuotes_0x10000041c
func_Qs_0x10000042a,func_textContent_0x10000042a
func_Qt_0x100000c76,func_initializeClass_0x100000c76
func_Qv_0x1000005fe,func_renderCommentNode_0x1000005fe
func_R0_0x100000692,func_constructNode_0x100000692
func_RQ_0x1000005b8,func_closeBody_0x1000005b8
func_RRRZK_0x100002aca,func_defaultValue_0x100002aca
func_R_0x100000d28,func_validateCacheSize_0x100000d28
func_R_0x10000286a,func_resetConstructor_0x10000286a
func_R_0x100002d27,func_isSupportedEncoding_0x100002d27
func_R_0x1000031a1,func_flags_0x1000031a1
func_Rc_0x100000418,func_normalizeRanges_0x100000418
func_An_0x10000090e,func_readPrivate_0x10000090e
func_G6_0x1000003f0,func_fetchRun_0x1000003f0
func_Hi_0x100000913,func_writePrivate_0x100000913
func_Jv_0x1000008d2,func_initializeParser_0x1000008d2
func_Pk_0x100000576,func_isTextInForeign_0x100000576
func_Re_0x100001fae,func_constructUrl_0x100001fae
func_RfLgA_0x10000242e,func_coalesce_0x10000242e
func_Rk_0x100000573,func_normalizeTag_0x100000573
func_Rn_0x100001e31,func_formatIp_0x100001e31
func_Rn_0x10000201f,func_cloneBody_0x10000201f
func_Rq_0x100000422,func_wrapTag_0x100000422
func_Rs_0x1000004f7,func_uniqueArray_0x1000004f7
func_S0_0x100000685,func_createComment_0x100000685
func_S3_0x1000001b4,func_md5Hash_0x1000001b4
func_S6_0x1000003df,func_rebootSystem_0x1000003df
func_SGTxo_0x1000017b2,func_invoke_0x1000017b2
func_SPECIAL_ELEMENTS_0x100000773,func_specialElements_0x100000773
func_SQ_0x1000005b3,func_insertRuby_0x1000005b3
func_S_0x10000093b,func_killProcess_0x10000093b
func_S_0x100000969,func_registryValue_0x100000969
func_S_0x100000ce0,func_updateMap_0x100000ce0
func_S_0x1000010be,func_streamSync_0x1000010be
func_S_0x100001dd4,func_findRange_0x100001dd4
func_S_0x100002441,func_updateSet_0x100002441
func_S_0x10000245a,func_defaultValue_0x10000245a
func_S_0x10000309a,func_readInt64_0x10000309a
func_Se_0x100002f9f,func_writeUtf8_0x100002f9f
func_SlFUh_0x1000027fb,func_selectValue_0x1000027fb
func_SqOfF_0x1000020d9,func_invoke_0x1000020d9
func_Sr_0x100000efe,func_constructClass_0x100000efe
func_Sv_0x100000601,func_parseFragment_0x100000601
func_T0_0x100000680,func_createData_0x100000680
func_T3_0x1000001a0,func_encodeBytes_0x1000001a0
func_TAG_ID_0x100000774,func_tagIds_0x100000774
func_TAG_NAMES_0x100000775,func_tagNames_0x100000775
func_TFZUo_0x100000c46,func_selectValue_0x100000c46
func_TKogA_0x100001eb2,func_defaultValue_0x100001eb2
func_TQ_0x1000005b2,func_insertRuby_0x1000005b2
func_T_0x1000027d7,func_repeatString_0x1000027d7
func_T_0x100002a40,func_transferPages_0x100002a40
func_T_0x100002cd2,func_constructHandler_0x100002cd2
func_Tg_0x10000047d,func_setData_0x10000047d
func_TpNLi_0x1000032c0,func_defaultValue_0x1000032c0
func_Tr_0x100000e6c,func_createBuffer_0x100000e6c
func_Tt_0x100001e27,func_isTokenPrintable_0x100001e27
func_Tv_0x100000600,func_parseHtml_0x100000600
func_U2_0x1000004cf,func_expandFollowing_0x1000004cf
func_U6_0x1000003f2,func_exitProcess_0x1000003f2
func_UDtMT_0x1000033da,func_invoke_0x1000033da
func_UQ_0x1000005bf,func_closeHeader_0x1000005bf
func_US_0x10000028e,func_queryTerminal_0x10000028e
func_U_0x100002f5c,func_isNative_0x100002f5c
func_Ue_0x100001ff7,func_createError_0x100001ff7
func_UfBMR_0x100002411,func_defaultValue_0x100002411
func_Ui_0x10000046b,func_forEach_0x10000046b
func_Un_0x100001e3f,func_trimWhitespace_0x100001e3f
func_Un_0x100002029,func_validateHeader_0x100002029
func_Uo_0x1000016ef,func_createClientError_0x1000016ef
func_Uq_0x100000431,func_getName_0x100000431
func_Ut_0x100001374,func_isAlpine_0x100001374
func_VDdQj_0x1000001b6,func_defaultValue_0x1000001b6
func_VQ_0x1000005c9,func_insertColumnGroup_0x1000005c9
func_V_0x100001353,func_resolvePath_0x100001353
func_Ve_0x100001355,func_readDir_0x100001355
func_Ve_0x100002edf,func_hasProperty_0x100002edf
func_Vg_0x1000005b6,func_reconstructFormatting_0x1000005b6
func_Vi_0x100000e6b,func_normalizeName_0x100000e6b
func_Vk_0x10000057c,func_replaceFormatting_0x10000057c
func_Vq_0x10000043c,func_findItem_0x10000043c
func_Vs_0x10000055d,func_isDigit_0x10000055d
func_Vt_0x10000127d,func_drainQueue_0x10000127d
func_Vt_0x100002c21,func_constructClass_0x100002c21
func_VvzFq_0x100000c69,func_selectValue_0x100000c69
func_VyjmO_0x100000c68,func_selectValue_0x100000c68
func_W0_0x10000057e,func_appendComment_0x10000057e
func_WQ_0x1000005ad,func_enterRawtext_0x1000005ad
func_WWVVU_0x1000020b6,func_invoke_0x1000020b6
func_W_0x10000050c,func_lastItem_0x10000050c
func_W_0x100000fe1,func_initializeFields_0x100000fe1
func_W_0x100001576,func_constructData_0x100001576
func_W_0x100002aaf,func_quoteString_0x100002aaf
func_W_0x100002b3a,func_identity_0x100002b3a
func_W_0x10000316c,func_tokenizePattern_0x10000316c
func_WmKiT_0x100000c53,func_selectValue_0x100000c53
func_Wm_0x1000005d4,func_queueCharacter_0x1000005d4
func_Wt_0x100000ee4,func_noop_0x100000ee4
func_Wv_0x1000005fc,func_serializeAttributes_0x1000005fc
func_XE_0x100001967,func_registerType_0x100001967
func_XLSVK_0x1000027f1,func_defaultValue_0x1000027f1
func_XM_0x100000146,func_randomBytes_0x100000146
func_XQCOk_0x100000e4e,func_selectValue_0x100000e4e
func_X_0x10000135b,func_parsePlatform_0x10000135b
func_Xe_0x100000b83,func_hasExtension_0x100000b83
func_Xe_0x100002bdb,func_noop_0x100002bdb
func_Xg_0x100000609,func_isDigit_0x100000609
func_XnifE_0x10000137b,func_defaultValue_0x10000137b
func_Xs_0x10000058d,func_afterHead_0x10000058d
func_Xt_0x1000015f7,func_closeStream_0x1000015f7
func_Xt_0x100001e1f,func_encodePercent_0x100001e1f
func_Xu_0x100001958,func_sliceBuffer_0x100001958
func_YM_0x10000177b,func_getGlobal_0x10000177b
func_YcXrk_0x1000020bf,func_selectValue_0x1000020bf
func_Yc_0x100000486,func_splitWords_0x100000486
func_Yk_0x10000057f,func_appendComment_0x10000057f
func_Ys_0x100000586,func_beforeHead_0x100000586
func_ZQ_0x1000005cb,func_insertTableBody_0x1000005cb
func_$k_0x100000584,func_insertHtml_0x100000584
func_D_0x1000027d9,func_coalesceBool_0x1000027d9
func_Dr_0x100001e21,func_percentEncode_0x100001e21
func_Dv_0x100000605,func_parseInput_0x100000605
func_Ht_0x100001e29,func_isPrintable_0x100001e29
func_Ut_0x100000b02,func_flattenExtglob_0x100000b02
func_W_0x100002427,func_pushMeasurement_0x100002427
func_Y0_0x1000004ce,func_getChildren_0x1000004ce
func_Yi_0x100000e8e,func_initNode_0x100000e8e
func_ZW_0x100000545,func_parseStyle_0x100000545
func_Z_0x1000009fc,func_braceWrap_0x1000009fc
func_Z_0x100000fe8,func_initClass_0x100000fe8
func_Z_0x10000110e,func_listDir_0x10000110e
func_Z_0x1000011ca,func_renameTemp_0x1000011ca
func_Z_0x100002ec6,func_isObject_0x100002ec6
func_Ze_0x100000d78,func_isObjectMode_0x100000d78
func_Ze_0x100002db5,func_drainQueue_0x100002db5
func_Zg_0x100000603,func_quoteWrap_0x100000603
func_Zk_0x100000580,func_appendComment_0x100000580
func_Zm_0x1000000a4,func_isPlainObject_0x1000000a4
func_ZmjlR_0x1000031c9,func_defaultValue_0x1000031c9
func_Zs_0x100000589,func_insertHead_0x100000589
func_Zu_0x100001954,func_invokeArgs_0x100001954
func_Zzfad_0x1000028c5,func_defaultValue_0x1000028c5
func_a_0x100000499,func_parseNumber_0x100000499
func_a_0x100000617,func_isCombinator_0x100000617
func_a_0x10000261b,func_noop_0x10000261b
func_a_0x100002997,func_keys_0x100002997
func_aaLXB_0x1000003a9,func_callFn_0x1000003a9
func_acKgC_0x10000093f,func_defaultValue_0x10000093f
func_addGap_0x100000764,func_pushGap_0x100000764
func_addNode_0x1000006a6,func_appendNode_0x1000006a6
func_addToNumericResult_0x1000006b2,func_addNumeric_0x1000006b2
func_adoptNodes_0x100000862,func_adoptNodes_0x100000862
func_advanceBy_0x10000078b,func_advanceBy_0x10000078b
func_ae_0x100001064,func_constructSet_0x100001064
func_ae_0x1000013f0,func_appendText_0x1000013f0
func_allowLegacyEntity_0x1000008ca,func_allowEntity_0x1000008ca
func_am_0x100000559,func_getAttribute_0x100000559
func_an_0x100001e45,func_hasCredentials_0x100001e45
func_an_0x10000214e,func_initHeaders_0x10000214e
func_ap_0x100000678,func_resetLinks_0x100000678
func_appendCharToCurrentCharacterToken_0x10000079b,func_appendChar_0x10000079b
func_appendCommentNode_0x100000860,func_appendCommentNode_0x100000860
func_appendElement_0x10000085b,func_appendElement_0x10000085b
func_appendTo_0x100000744,func_appendTo_0x100000744
func_append_0x100000743,func_append_0x100000743
func_apply_0x10000007a,func_applyPath_0x10000007a
func_apply_0x100002960,func_callMethod_0x100002960
func_as_0x100000407,func_isRoot_0x100000407
func_attachElementToTree_0x10000085a,func_attachElement_0x10000085a
func_C_0x100000621,func_combinatorCheck_0x100000621
func_Dt_0x10000203a,func_flatten_0x10000203a
func_Em_0x1000005a7,func_hidden_0x1000005a7
func_Ls_0x10000194c,func_decodeUtf8_0x10000194c
func_N_0x1000027d3,func_quoteArgs_0x1000027d3
func_W_0x100002efe,func_plainObject_0x100002efe
func_aw_0x1000002da,func_findMatch_0x1000002da
func_bQ_0x1000005aa,func_insertElement_0x1000005aa
func_bW_0x100000512,func_clone_0x100000512
func_b_0x100001322,func_autoDestroy_0x100001322
func_b_0x100002b1b,func_bufferWrap_0x100002b1b
func_b_0x100002e1e,func_batchInit_0x100002e1e
func_b_0x100003091,func_readArray_0x100003091
func_b_0x1000030b6,func_createPointer_0x1000030b6
func_b_0x10000312f,func_telegramDecrypt_0x10000312f
func_bc_0x100001965,func_noop_0x100001965
func_bdrxO_0x1000020f3,func_invoke_0x1000020f3
func_bigint_0x100002feb,func_serializeBigint_0x100002feb
func_blob_0x100002fe7,func_serializeBlob_0x100002fe7
func_bm_0x1000005c2,func_closeElement_0x1000005c2
func_bn_0x100001e41,func_stripWhitespace_0x100001e41
func_bn_0x10000202b,func_lookupKey_0x10000202b
func_bo_0x100000912,func_privateSet_0x100000912
func_boolean_0x100002fbb,func_serializeBoolean_0x100002fbb
func_bq_0x1000006ae,func_entityDecoder_0x1000006ae
func_br_0x100001e2b,func_encodePoint_0x100001e2b
func_br_0x100002019,func_textConvert_0x100002019
func_bt_0x1000015e8,func_emitClose_0x1000015e8
func_c2_0x10000045c,func_isFeed_0x10000045c
func_c3_0x100000081,func_getFetch_0x100000081
func_cEvhU_0x100001697,func_coalesce_0x100001697
func_cQ_0x100000597,func_adoptAttributes_0x100000597
func_c_0x10000061b,func_isWhitespace_0x10000061b
func_c_0x1000009dd,func_firstMatch_0x1000009dd
func_c_0x1000010dc,func_globOptions_0x1000010dc
func_c_0x1000010eb,func_validatePath_0x1000010eb
func_c_0x100002535,func_globalObject_0x100002535
func_c_0x10000298a,func_skipHeader_0x10000298a
func_c_0x100002ad7,func_loadNative_0x100002ad7
func_c_0x100003123,func_makeId_0x100003123
func_c_0x1000032cd,func_listen_0x1000032cd
func_B_0x100000622,func_appendCombinator_0x100000622
func_Bo_0x100002038,func_cloneHeaders_0x100002038
func_Jk_0x100000577,func_closeFormatting_0x100000577
func_Nr_0x1000015f3,func_closeSocket_0x1000015f3
func_Tx_0x100001956,func_decodeString_0x100001956
func_b_0x10000061e,func_advanceWhitespace_0x10000061e
func_callState_0x1000007a1,func_dispatchState_0x1000007a1
func_cancel_0x1000000a0,func_abortRequest_0x1000000a0
func_cbZxA_0x100002a25,func_coalesce_0x100002a25
func_cb_0x100001972,func_prependIds_0x100001972
func_children_0x1000006d6,func_children_0x1000006d6
func_chunked_0x100000391,func_chunkFormat_0x100000391
func_chunked_0x100000398,func_chunkFormat_0x100000398
func_clTvm_0x100000c61,func_preferSecond_0x100000c61
func_cleanup_0x1000008cb,func_flushText_0x1000008cb
func_clearBackToTableBodyContext_0x100000805,func_clearTableBody_0x100000805
func_clearBackToTableContext_0x100000804,func_clearTable_0x100000804
func_clearBackToTableRowContext_0x100000806,func_clearTableRow_0x100000806
func_clearBackTo_0x100000803,func_clearBackTo_0x100000803
func_clearToLastMarker_0x100000820,func_clearMarker_0x100000820
func_closeCurrentTag_0x1000008dc,func_closeTag_0x1000008dc
func_closePElement_0x10000086a,func_closeParagraph_0x10000086a
func_closeTableCell_0x100000869,func_closeTableCell_0x100000869
func_colIM_0x100000d3c,func_preferFirst_0x100000d3c
func_compareDocumentPosition_0x100000651,func_comparePosition_0x100000651
func_complete_0x100000027,func_completeAll_0x100000027
func_complete_0x10000022e,func_completeTask_0x10000022e
func_complete_0x100001779,func_completeCallback_0x100001779
func_connection_0x100002ffd,func_connection_0x100002ffd
func_consumeSequenceIfMatch_0x10000078c,func_consumeMatch_0x10000078c
func_consume_0x100000788,func_consume_0x100000788
func_contains_0x10000063e,func_contains_0x10000063e
func_contains_0x100000809,func_containsEntry_0x100000809
func_context_0x100003001,func_context_0x100003001
func_createAttr_0x100000792,func_createAttr_0x100000792
func_createCharacterToken_0x100000791,func_createCharacterToken_0x100000791
func_createCommentToken_0x10000078f,func_createCommentToken_0x10000078f
func_createDoctypeToken_0x100000790,func_createDoctypeToken_0x100000790
func_createEndTagToken_0x10000078e,func_createEndTagToken_0x10000078e
func_createStartTagToken_0x10000078d,func_createStartTagToken_0x10000078d
func_create_0x100001fea,func_create_0x100001fea
func_cs_0x10000058c,func_closeTemplate_0x10000058c
func_ct_0x100001e1a,func_containsType_0x100001e1a
func_dA_0x10000029c,func_resolvePath_0x10000029c
func_dUZwT_0x100000b16,func_preferFirst_0x100000b16
func_dW_0x1000004fd,func_iterate_0x1000004fd
func_d_0x1000003f9,func_postMessage_0x1000003f9
func_d_0x10000094e,func_impersonate_0x10000094e
func_d_0x100001486,func_validateUtf8_0x100001486
func_d_0x1000023a3,func_mergeSpans_0x1000023a3
func_d_0x100003116,func_readValue_0x100003116
func_dataview_0x100003007,func_dataview_0x100003007
func_date_0x100002fb5,func_date_0x100002fb5
func_decode_0x100002b1d,func_decodeBuffer_0x100002b1d
func_decode_0x100002b2b,func_decodeUtf8_0x100002b2b
func_decode_0x100002b2f,func_decodeBytes_0x100002b2f
func_decode_0x100002b41,func_decode_0x100002b41
func_decode_0x100002b47,func_decodeUtf8String_0x100002b47
func_Av_0x1000005e6,func_closeTemplate_0x1000005e6
func_Ke_0x100000bbc,func_glob_0x100000bbc
func_Nr_0x100001e1c,func_hasScheme_0x100001e1c
func_Tm_0x1000005e2,func_closeSelect_0x1000005e2
func_decode_0x100002b4f,func_bufferDecode_0x100002b4f
func_decode_0x100002b5a,func_hexDecode_0x100002b5a
func_decode_0x100002b5e,func_base64Decode_0x100002b5e
func_default_0x10000063f,func_defaultValue_0x10000063f
func_deserialize_0x100001755,func_identity_0x100001755
func_deserialize_0x100001757,func_identity_0x100001757
func_deserialize_0x10000175a,func_deserialize_0x10000175a
func_devvm_0x100001eb3,func_coalesce_0x100001eb3
func_dispatch_0x100002fa1,func_dispatch_0x100002fa1
func_dm_0x100000566,func_isWhitespace_0x100000566
func_dn_0x100001e2d,func_parseNumber_0x100001e2d
func_dn_0x10000201b,func_isUrlSearchParams_0x10000201b
func_domwindow_0x100002fe9,func_domwindow_0x100002fe9
func_dp_0x100000419,func_escapeHtml_0x100000419
func_dropParsedChunk_0x100000767,func_dropChunk_0x100000767
func_dt_0x100001283,func_isDefined_0x100001283
func_eFKwA_0x100002fa6,func_invoke_0x100002fa6
func_eQ_0x100000585,func_handleStart_0x100000585
func_eVSjn_0x1000001ba,func_coalesce_0x1000001ba
func_e_0x1000014b7,func_nextTick_0x1000014b7
func_e_0x1000022c3,func_transport_0x1000022c3
func_each_0x1000006d9,func_iterate_0x1000006d9
func_egzMU_0x100000a9d,func_coalesce_0x100000a9d
func_emitChars_0x10000079d,func_emitChars_0x10000079d
func_emitCodePoint_0x1000008d1,func_emitEntity_0x1000008d1
func_emitCurrentCharacterToken_0x100000799,func_emitCharacterToken_0x100000799
func_emitCurrentComment_0x100000797,func_emitComment_0x100000797
func_emitCurrentDoctype_0x100000798,func_emitDoctype_0x100000798
func_emitCurrentTagToken_0x100000796,func_emitTagToken_0x100000796
func_emitEOFToken_0x10000079a,func_emitEof_0x10000079a
func_emitNamedEntityData_0x1000006b8,func_emitEntityData_0x1000006b8
func_emitNamedEntity_0x1000008c5,func_emitNamedEntity_0x1000008c5
func_emitNotTerminatedNamedEntity_0x1000006b7,func_emitIncompleteEntity_0x1000006b7
func_emitOpenTag_0x1000008d7,func_openTag_0x1000008d7
func_emitPartial_0x1000008d0,func_emitPartial_0x1000008d0
func_encode_0x100002b24,func_utf8Encode_0x100002b24
func_encode_0x100002b2a,func_utf8Buffer_0x100002b2a
func_encode_0x100002b2e,func_viewEncode_0x100002b2e
func_encode_0x100002b3c,func_toString_0x100002b3c
func_encode_0x100002b3f,func_viewOrEncode_0x100002b3f
func_encode_0x100002b45,func_bufferize_0x100002b45
func_encode_0x100002b4a,func_bufferize_0x100002b4a
func_encode_0x100002b4d,func_viewEncode_0x100002b4d
func_encode_0x100002b52,func_viewOrEncode_0x100002b52
func_encode_0x100002b55,func_bufferize_0x100002b55
func_encode_0x100002b58,func_hexEncode_0x100002b58
func_encode_0x100002b5c,func_base64Encode_0x100002b5c
func_endOpenTag_0x1000008d8,func_closeTag_0x1000008d8
func_end_0x1000006b9,func_endEntity_0x1000006b9
func_end_0x1000006da,func_cloneEnd_0x1000006da
func_end_0x1000008a2,func_finish_0x1000008a2
func_end_0x100003012,func_append_0x100003012
func_ensureHibernation_0x100000787,func_hibernate_0x100000787
func_eq_0x1000006db,func_atIndex_0x1000006db
func_err_0x100000763,func_error_0x100000763
func_err_0x100000780,func_error_0x100000780
func_err_0x10000084f,func_reportError_0x10000084f
func_error_0x100000025,func_iterateError_0x100000025
func_error_0x10000022c,func_error_0x10000022c
func_error_0x100001777,func_onError_0x100001777
func_error_0x100002fb9,func_errorUtf8_0x100002fb9
func_et_0x100000de7,func_stop_0x100000de7
func_et_0x1000015e2,func_close_0x1000015e2
func_et_0x100001e0a,func_isHexDigit_0x100001e0a
func_ezwAy_0x100000a98,func_coalesce_0x100000a98
func_fQQeA_0x1000017c1,func_invoke_0x1000017c1
func_fQ_0x10000059c,func_insertFrameset_0x10000059c
func_fRNLm_0x1000009b0,func_coalesce_0x1000009b0
func_f_0x10000094c,func_getSessionToken_0x10000094c
func_f_0x100000959,func_raiseBsod_0x100000959
func_f_0x100001484,func_isValidCode_0x100001484
func_f_0x100001d4c,func_unpack_0x100001d4c
func_f_0x100002aed,func_sameSite_0x100002aed
func_f_0x100002b0d,func_configure_0x100002b0d
func_f_0x100002e98,func_revertExtension_0x100002e98
func_f_0x100003114,func_parseUser_0x100003114
func_f_0x10000323a,func_setHeaders_0x10000323a
func_fa_0x100000404,func_isText_0x100000404
func_Bn_0x100001e33,func_parseIpv6_0x100001e33
func_F3_0x1000001be,func_uuid_0x1000001be
func_Fq_0x100000423,func_encodeEntities_0x100000423
func_Gr_0x100001e4b,func_parseUrl_0x100001e4b
func_Lg_0x100000568,func_isTagEnd_0x100000568
func_Pt_0x100001281,func_isEmpty_0x100001281
func_createBufferTranscoder_0x100002b48,func_createBufferDecoder_0x100002b48
func_createBufferTranscoder_0x100002b56,func_createBufferEncoder_0x100002b56
func_createViewTranscoder_0x100002b42,func_createViewDecoder_0x100002b42
func_createViewTranscoder_0x100002b50,func_createViewEncoder_0x100002b50
func_cv_0x1000005e4,func_closeSelect_0x1000005e4
func_emitCodePoint_0x10000079c,func_emitCodePoint_0x10000079c
func_falseFunc_0x10000063c,func_falseFunc_0x10000063c
func_fastForwardTo_0x1000008ab,func_fastForwardTo_0x1000008ab
func_fi_0x100000f41,func_finalize_0x100000f41
func_file_0x100002fe5,func_file_0x100002fe5
func_findFormInFragmentContext_0x100000856,func_findForm_0x100000856
func_findFosterParentingLocation_0x10000086f,func_findFosterParent_0x10000086f
func_findOneChild_0x100000657,func_findOneChild_0x100000657
func_find_0x100000654,func_find_0x100000654
func_finish_0x1000008ce,func_finish_0x1000008ce
func_fkOtl_0x100002721,func_coalesce_0x100002721
func_float32array_0x100002fd9,func_float32array_0x100002fd9
func_float64array_0x100002fdb,func_float64array_0x100002fdb
func_flushCodePointConsumedAsCharacterReference_0x1000007a0,func_flushCodePoint_0x1000007a0
func_fosterParentElement_0x100000870,func_fosterParent_0x100000870
func_fsevent_0x10000300b,func_fsevent_0x10000300b
func_ft_0x10000136b,func_isNode_0x10000136b
func_function_0x100002fbf,func_function_0x100002fbf
func_fv_0x1000005ec,func_afterFrameset_0x1000005ec
func_g0_0x100000400,func_normalizeXml_0x100000400
func_gIpUF_0x1000021d3,func_preferSecond_0x1000021d3
func_gQ_0x10000059f,func_plaintext_0x10000059f
func_g_0x1000009cc,func_enumerateRegistry_0x1000009cc
func_g_0x100002689,func_getDefaultMetas_0x100002689
func_g_0x1000030fe,func_decodeFlags_0x1000030fe
func_g_0x100003157,func_compileGlob_0x100003157
func_ge_0x10000105c,func_finalizeCount_0x10000105c
func_generateImpliedEndTagsThoroughly_0x100000814,func_generateImpliedEndTagsThoroughly_0x100000814
func_generateImpliedEndTagsWithExclusion_0x100000815,func_generateImpliedEndTagsWithExclusion_0x100000815
func_generateImpliedEndTags_0x100000813,func_generateImpliedEndTags_0x100000813
func_getAdjustedCurrentElement_0x100000855,func_getAdjustedCurrentElement_0x100000855
func_getAttributeValue_0x100000658,func_getAttributeValue_0x100000658
func_getCommonAncestor_0x10000080a,func_getCommonAncestor_0x10000080a
func_getCurrentLocation_0x100000781,func_getCurrentLocation_0x100000781
func_getError_0x100000762,func_getError_0x100000762
func_getFragmentParser_0x10000084d,func_getFragmentParser_0x10000084d
func_getFragment_0x10000084e,func_getFragment_0x10000084e
func_getIndex_0x1000008a5,func_getIndex_0x1000008a5
func_getInstructionName_0x1000008e1,func_getInstructionName_0x1000008e1
func_getName_0x100000660,func_getName_0x100000660
func_getNoahArkConditionCandidates_0x100000818,func_getNoahArkCandidates_0x100000818
func_getSectionStart_0x1000008a6,func_getSectionStart_0x1000008a6
func_getSlice_0x1000008e9,func_getSlice_0x1000008e9
func_getTagID_0x100000776,func_getTagID_0x100000776
func_getUrl_0x100001795,func_getUrl_0x100001795
func_get_0x100000610,func_getValue_0x100000610
func_get_0x100000633,func_getValue_0x100000633
func_get_0x100000637,func_isTraversal_0x100000637
func_get_0x100000638,func_parse_0x100000638
func_get_0x100000639,func_stringify_0x100000639
func_get_0x1000006e0,func_getIndexAccess_0x1000006e0
func_get_0x100000905,func_getValue_0x100000905
func_get_0x100000998,func_getValue_0x100000998
func_get_0x100000c23,func_getAst_0x100000c23
func_get_0x100000c25,func_escape_0x100000c25
func_get_0x100000c27,func_unescape_0x100000c27
func_get_0x100000d7b,func_getValue_0x100000d7b
func_get_0x100000d7c,func_getValue_0x100000d7c
func_get_0x100000e5b,func_getValue_0x100000e5b
func_get_0x1000010cd,func_escape_0x1000010cd
func_get_0x1000010cf,func_unescape_0x1000010cf
func_get_0x1000010d1,func_getGlob_0x1000010d1
func_get_0x1000010d3,func_hasMagic_0x1000010d3
func_get_0x1000010f0,func_renameSync_0x1000010f0
func_get_0x10000110d,func_rmSync_0x10000110d
func_get_0x100001110,func_statSync_0x100001110
func_get_0x100001112,func_mkdirSync_0x100001112
func_get_0x100001114,func_chmodSync_0x100001114
func_get_0x100001116,func_unlinkSync_0x100001116
func_get_0x100001118,func_lstatSync_0x100001118
func_get_0x10000111c,func_rmdirSync_0x10000111c
func_get_0x100001221,func_assertRimrafOptions_0x100001221
func_get_0x100001223,func_isRimrafOptions_0x100001223
func_get_0x1000012d3,func_getTempPath_0x1000012d3
func_get_0x10000130d,func_getValue_0x10000130d
func_get_0x10000166c,func_getListener_0x10000166c
func_get_0x1000016ff,func_getThen_0x1000016ff
func_get_0x100001fbc,func_getHref_0x100001fbc
func_get_0x100001fc2,func_getOrigin_0x100001fc2
func_get_0x100001fc4,func_getProtocol_0x100001fc4
func_get_0x100001fc8,func_getUsername_0x100001fc8
func_get_0x100001fcc,func_getPassword_0x100001fcc
func_get_0x100001fd0,func_getHost_0x100001fd0
func_get_0x100001fd4,func_getHostname_0x100001fd4
func_get_0x100001fd8,func_getPort_0x100001fd8
func_get_0x100001fdc,func_getPathname_0x100001fdc
func_get_0x100001fe0,func_getSearch_0x100001fe0
func_get_0x100001fe4,func_getHash_0x100001fe4
func_get_0x10000221a,func_isEvent_0x10000221a
func_get_0x10000221c,func_isToString_0x10000221c
func_get_0x10000221e,func_getDefaultLogLevel_0x10000221e
func_get_0x100002220,func_isNull_0x100002220
func_get_0x100002222,func_isDomException_0x100002222
func_get_0x100002224,func_isBoolean_0x100002224
func_get_0x100002226,func_isThenable_0x100002226
func_get_0x100002228,func_isInt_0x100002228
func_get_0x10000222a,func_isError_0x10000222a
func_get_0x10000222c,func_isObject_0x10000222c
func_get_0x10000222e,func_isSymbol_0x10000222e
func_get_0x100002230,func_noop_0x100002230
func_get_0x100002232,func_isUndefined_0x100002232
func_get_0x100002234,func_isMapDefined_0x100002234
func_get_0x100002236,func_isPrimitive_0x100002236
func_get_0x100002238,func_getLogLevel_0x100002238
func_get_0x10000223a,func_isMap_0x10000223a
func_get_0x10000223c,func_getAllLogLevels_0x10000223c
func_get_0x10000223e,func_isSyntheticEvent_0x10000223e
func_get_0x100002240,func_isRegExp_0x100002240
func_get_0x100002242,func_isFunction_0x100002242
func_get_0x100002244,func_isEventDefined_0x100002244
func_get_0x100002246,func_isElement_0x100002246
func_get_0x100002248,func_isErrorEvent_0x100002248
func_get_0x10000224a,func_isString_0x10000224a
func_get_0x10000224c,func_isTypeof_0x10000224c
func_get_0x10000224e,func_isErrorDefined_0x10000224e
func_EM_0x100000906,func_copyProps_0x100000906
func_LM_0x100001700,func_proxyWrap_0x100001700
func_get_0x100002250,func_isArray_0x100002250
func_get_0x100002252,func_genShortID_0x100002252
func_get_0x100002254,func_getCurrentTimestamp_0x100002254
func_get_0x100002256,func_isElementDefined_0x100002256
func_get_0x100002258,func_isInstanceOf_0x100002258
func_get_0x10000225a,func_createPromiseBuffer_0x10000225a
func_get_0x10000225c,func_isNumber_0x10000225c
func_get_0x10000225e,func_dateNow_0x10000225e
func_get_0x100002260,func_isDomError_0x100002260
func_get_0x100002262,func_deepEqual_0x100002262
func_get_0x10000230d,func_initializeConsole_0x10000230d
func_get_0x10000230f,func_unpatchedConsole_0x10000230f
func_get_0x100002311,func_defaultConsole_0x100002311
func_get_0x10000233a,func_loggerLevel_0x10000233a
func_get_0x10000233c,func_initializeLogger_0x10000233c
func_get_0x10000233e,func_createLogger_0x10000233e
func_get_0x100002340,func_defaultLoggerLevel_0x100002340
func_get_0x100002342,func_internalLogger_0x100002342
func_get_0x100002344,func_defaultLogger_0x100002344
func_get_0x10000236a,func_extensionBase_0x10000236a
func_get_0x1000023c8,func_transportBody_0x1000023c8
func_get_0x1000023ca,func_transportBase_0x1000023ca
func_get_0x1000023cc,func_registerTransports_0x1000023cc
func_get_0x1000023ce,func_transportKey_0x1000023ce
func_get_0x1000023d0,func_initializeTransports_0x1000023d0
func_get_0x1000023d2,func_transportType_0x1000023d2
func_get_0x1000023e2,func_initializeEvents_0x1000023e2
func_get_0x1000023fe,func_exceptionType_0x1000023fe
func_get_0x100002400,func_initializeExceptions_0x100002400
func_get_0x100002418,func_initializeLogs_0x100002418
func_get_0x10000243b,func_initializeMeasurements_0x10000243b
func_get_0x100002450,func_initializeMeta_0x100002450
func_get_0x100002462,func_initializeTraces_0x100002462
func_get_0x10000247c,func_initializeApi_0x10000247c
func_get_0x10000247e,func_exceptionType_0x10000247e
func_get_0x100002486,func_globalObject_0x100002486
func_get_0x1000024e4,func_initializeInstrumentations_0x1000024e4
func_get_0x1000024e6,func_registerInstrumentations_0x1000024e6
func_get_0x1000024e8,func_instrumentationBase_0x1000024e8
func_get_0x100002528,func_initializeMetas_0x100002528
func_get_0x10000252a,func_registerMetas_0x10000252a
func_get_0x100002548,func_isFaroRegistered_0x100002548
func_get_0x10000254a,func_registerFaro_0x10000254a
func_get_0x10000254c,func_setFaro_0x10000254c
func_get_0x10000254e,func_getFaro_0x10000254e
func_get_0x100002550,func_globalKey_0x100002550
func_get_0x100002552,func_faro_0x100002552
func_get_0x100002562,func_globalKey_0x100002562
func_get_0x100002564,func_batchingConfig_0x100002564
func_get_0x100002579,func_lookup_0x100002579
func_get_0x100002580,func_exceptionType_0x100002580
func_get_0x100002582,func_extensionBase_0x100002582
func_get_0x100002584,func_globalObject_0x100002584
func_get_0x100002586,func_initializeFaro_0x100002586
func_get_0x100002588,func_batchingConfig_0x100002588
func_get_0x10000258a,func_globalKey_0x10000258a
func_get_0x10000258c,func_instrumentationBase_0x10000258c
func_get_0x10000258e,func_createLogger_0x10000258e
func_get_0x100002590,func_defaultLoggerLevel_0x100002590
func_get_0x100002592,func_loggerLevel_0x100002592
func_get_0x100002594,func_faro_0x100002594
func_get_0x100002596,func_getFaro_0x100002596
func_get_0x100002598,func_globalKey_0x100002598
func_get_0x10000259a,func_isFaroRegistered_0x10000259a
func_get_0x10000259c,func_setFaro_0x10000259c
func_get_0x10000259e,func_transportBase_0x10000259e
func_get_0x1000025a0,func_transportBody_0x1000025a0
func_get_0x1000025a2,func_transportType_0x1000025a2
func_get_0x1000025a4,func_transportKey_0x1000025a4
func_get_0x1000025a6,func_defaultConsole_0x1000025a6
func_get_0x1000025a8,func_logLevels_0x1000025a8
func_get_0x1000025aa,func_createPromiseBuffer_0x1000025aa
func_get_0x1000025ac,func_deepEqual_0x1000025ac
func_get_0x1000025ae,func_defaultLogLevel_0x1000025ae
func_get_0x1000025b0,func_genShortID_0x1000025b0
func_get_0x1000025b2,func_getCurrentTimestamp_0x1000025b2
func_get_0x1000025b4,func_isArray_0x1000025b4
func_get_0x1000025b6,func_isBoolean_0x1000025b6
func_get_0x1000025b8,func_isDomError_0x1000025b8
func_get_0x1000025ba,func_isDomException_0x1000025ba
func_get_0x1000025bc,func_isElement_0x1000025bc
func_get_0x1000025be,func_isElementDefined_0x1000025be
func_get_0x1000025c0,func_isError_0x1000025c0
func_get_0x1000025c2,func_isErrorDefined_0x1000025c2
func_get_0x1000025c4,func_isErrorEvent_0x1000025c4
func_get_0x1000025c6,func_isEvent_0x1000025c6
func_get_0x1000025c8,func_isEventDefined_0x1000025c8
func_get_0x1000025ca,func_isFunction_0x1000025ca
func_get_0x1000025cc,func_isInstanceOf_0x1000025cc
func_get_0x1000025ce,func_isInt_0x1000025ce
func_get_0x1000025d0,func_isMap_0x1000025d0
func_get_0x1000025d2,func_isMapDefined_0x1000025d2
func_get_0x1000025d4,func_isNull_0x1000025d4
func_get_0x1000025d6,func_isNumber_0x1000025d6
func_get_0x1000025d8,func_isObject_0x1000025d8
func_get_0x1000025da,func_isPrimitive_0x1000025da
func_get_0x1000025dc,func_isRegExp_0x1000025dc
func_get_0x1000025de,func_isString_0x1000025de
func_get_0x1000025e0,func_isSymbol_0x1000025e0
func_get_0x1000025e2,func_isSyntheticEvent_0x1000025e2
func_get_0x1000025e4,func_isThenable_0x1000025e4
func_get_0x1000025e6,func_isToString_0x1000025e6
func_get_0x1000025e8,func_isTypeof_0x1000025e8
func_get_0x1000025ea,func_isUndefined_0x1000025ea
func_get_0x1000025ec,func_logLevel_0x1000025ec
func_get_0x1000025ee,func_noop_0x1000025ee
func_get_0x1000025f0,func_dateNow_0x1000025f0
func_get_0x1000025f2,func_version_0x1000025f2
func_get_0x100002602,func_consoleInstrumentation_0x100002602
func_get_0x100002616,func_errorsInstrumentation_0x100002616
func_get_0x100002638,func_metricBase_0x100002638
func_get_0x10000263a,func_cpuMetric_0x10000263a
func_get_0x10000263c,func_memoryMetric_0x10000263c
func_get_0x10000264e,func_performanceInstrumentation_0x10000264e
func_get_0x100002650,func_memoryMetric_0x100002650
func_get_0x100002652,func_nodeMetrics_0x100002652
func_get_0x100002654,func_metricBase_0x100002654
func_get_0x100002656,func_cpuMetric_0x100002656
func_get_0x100002666,func_sessionConfig_0x100002666
func_get_0x100002668,func_sessionInstrumentation_0x100002668
func_get_0x10000266f,func_sessionInstrumentation_0x10000266f
func_get_0x100002671,func_errorsInstrumentation_0x100002671
func_get_0x100002673,func_performanceInstrumentation_0x100002673
func_get_0x100002675,func_consoleInstrumentation_0x100002675
func_get_0x100002684,func_defaultMetas_0x100002684
func_get_0x100002696,func_makeConfig_0x100002696
func_get_0x100002698,func_nodeInstrumentations_0x100002698
func_get_0x1000026bf,func_fetchTransport_0x1000026bf
func_get_0x1000026c4,func_fetchTransport_0x1000026c4
func_get_0x1000026ca,func_initializeFaro_0x1000026ca
func_get_0x1000026cc,func_fetchTransport_0x1000026cc
func_get_0x100002740,func_onData_0x100002740
func_get_0x100002742,func_onExit_0x100002742
func_get_0x100002746,func_cols_0x100002746
func_get_0x100002748,func_rows_0x100002748
func_get_0x1000027be,func_onReady_0x1000027be
func_get_0x100002817,func_inSocket_0x100002817
func_get_0x100002819,func_outSocket_0x100002819
func_get_0x10000281d,func_innerPid_0x10000281d
func_get_0x100002838,func_exitCode_0x100002838
func_get_0x1000028b1,func_name_0x1000028b1
func_get_0x1000028b3,func_masterError_0x1000028b3
func_get_0x1000028b5,func_slaveError_0x1000028b5
func_get_0x100002906,func_master_0x100002906
func_get_0x100002908,func_slave_0x100002908
func_get_0x10000291c,func_filePath_0x10000291c
func_get_0x10000295f,func_createRpc_0x10000295f
func_get_0x1000029f3,func_name_0x1000029f3
func_get_0x1000029f5,func_open_0x1000029f5
func_get_0x1000029f7,func_inTransaction_0x1000029f7
func_get_0x1000029f9,func_readonly_0x1000029f9
func_get_0x1000029fb,func_memory_0x1000029fb
func_get_0x100002c2e,func_removedError_0x100002c2e
func_get_0x100002ea7,func_lookup_0x100002ea7
func_get_0x100002f27,func_lookup_0x100002f27
func_get_0x1000030ac,func_lookup_0x1000030ac
func_get_0x1000030d1,func_lookup_0x1000030d1
func_get_0x1000030dc,func_reader_0x1000030dc
func_get_0x1000032da,func_listen_0x1000032da
func_get_0x1000032dc,func_bridge_0x1000032dc
func_get_bodyUsed_0x10000214a,func_bodyUsed_0x10000214a
func_get_body_0x100002148,func_body_0x100002148
func_get_childNodes_0x10000068c,func_children_0x10000068c
func_get_col_0x100000760,func_column_0x100000760
func_get_currentTmplContentOrNode_0x1000007f3,func_currentNode_0x1000007f3
func_get_db_0x100002d0e,func_database_0x100002d0e
func_get_firstChild_0x10000068a,func_firstChild_0x10000068a
func_get_head_0x100000ce9,func_head_0x100000ce9
func_get_instrumentations_0x1000024d0,func_instrumentations_0x1000024d0
func_get_lastChild_0x10000068b,func_lastChild_0x10000068b
func_get_nextSibling_0x10000067d,func_nextSibling_0x10000067d
func_get_nodeType_0x100000684,func_textNodeType_0x100000684
func_get_nodeType_0x100000686,func_commentNodeType_0x100000686
func_get_nodeType_0x100000688,func_elementNodeType_0x100000688
func_get_nodeType_0x10000068f,func_cdataNodeType_0x10000068f
func_get_nodeType_0x100000691,func_documentNodeType_0x100000691
func_get_nodeType_0x100000693,func_elementNodeType_0x100000693
func_get_nodeValue_0x100000681,func_nodeValue_0x100000681
func_get_offset_0x100000761,func_offset_0x100000761
func_get_parentNode_0x100000679,func_parentNode_0x100000679
func_get_previousSibling_0x10000067b,func_previousSibling_0x10000067b
func_get_tagName_0x100000694,func_tagName_0x100000694
func_get_tail_0x100000cea,func_tail_0x100000cea
func_get_transports_0x1000022dc,func_transports_0x1000022dc
func_gg_0x100001d0c,func_reset_0x100001d0c
func_gl_0x100002f3c,func_initQueue_0x100002f3c
func_gt_0x10000104a,func_init_0x10000104a
func_hQ_0x10000059e,func_handleStartTag_0x10000059e
func_h_0x10000091f,func_getUserPath_0x10000091f
func_h_0x1000009df,func_findRange_0x1000009df
func_h_0x1000010dd,func_normalizeOptions_0x1000010dd
func_h_0x100002537,func_registerFaro_0x100002537
func_h_0x100002609,func_errorsInstrumentation_0x100002609
func_h_0x100002643,func_performanceInstrumentation_0x100002643
func_h_0x10000298c,func_decrypt_0x10000298c
func_h_0x100002a6b,func_getOption_0x100002a6b
func_h_0x100002caa,func_queueInit_0x100002caa
func_h_0x100003125,func_intToBuffer_0x100003125
func_handleCallback_0x1000006a5,func_handleCallback_0x1000006a5
func_handleInAttributeValue_0x1000008b9,func_handleAttributeValue_0x1000008b9
func_handleSpecialEndTag_0x1000007ac,func_handleSpecialEndTag_0x1000007ac
func_handleTrailingData_0x1000008cf,func_handleTrailingData_0x1000008cf
func_hasAttrib_0x100000665,func_hasAttribute_0x100000665
func_hasInButtonScope_0x10000080f,func_hasInButtonScope_0x10000080f
func_Dn_0x100000907,func_interopRequireDefault_0x100000907
func_hA_0x100000908,func_interopRequireWildcard_0x100000908
func_hasInListItemScope_0x10000080e,func_hasInListItemScope_0x10000080e
func_hasInScope_0x10000080c,func_hasInScope_0x10000080c
func_hasInSelectScope_0x100000812,func_hasInSelectScope_0x100000812
func_hasInTableScope_0x100000810,func_hasInTableScope_0x100000810
func_hasTableBodyContextInTableScope_0x100000811,func_hasTableBodyContext_0x100000811
func_he_0x100001359,func_isNodePath_0x100001359
func_he_0x100001684,func_destroy_0x100001684
func_headers_0x10000010a,func_headers_0x10000010a
func_headers_0x10000039d,func_nonExistent_0x10000039d
func_headers_0x1000032fd,func_binanceWithdraw_0x1000032fd
func_headers_0x100003341,func_bybitWithdraw_0x100003341
func_hi_0x100000e67,func_modeFromStats_0x100000e67
func_hoPDZ_0x100002857,func_coalesce_0x100002857
func_hr_0x100000d67,func_isStreamEnd_0x100000d67
func_ht_0x100000b9c,func_assignOptions_0x100000b9c
func_ht_0x100000c82,func_isPositiveInteger_0x100000c82
func_httpparser_0x100003005,func_httpparser_0x100003005
func_hv_0x1000005ee,func_afterAfterFrameset_0x1000005ee
func_i8_0x1000008fd,func_copyDescriptors_0x1000008fd
func_i_0x100000498,func_sign_0x100000498
func_i_0x100001792,func_getInput_0x100001792
func_i_0x1000021e1,func_noop_0x1000021e1
func_i_0x10000239f,func_configureTransports_0x10000239f
func_idkKK_0x100001535,func_preferSecond_0x100001535
func_ik_0x100000555,func_isSurrogate_0x100000555
func_im_0x100000557,func_isControl_0x100000557
func_indexOfTagNames_0x100000802,func_indexOfTagNames_0x100000802
func_indexOf_0x1000007f4,func_indexOf_0x1000007f4
func_initTokenizerForFragmentParsing_0x100000857,func_initTokenizerForFragmentParsing_0x100000857
func_init_0x10000328f,func_setTerminator_0x10000328f
func_innerText_0x100000667,func_innerText_0x100000667
func_insertAfter_0x1000007fa,func_insertAfter_0x1000007fa
func_insertCharacters_0x100000861,func_insertCharacters_0x100000861
func_insertElementAfterBookmark_0x10000081e,func_insertElementAfterBookmark_0x10000081e
func_insertElement_0x10000085c,func_insertElement_0x10000085c
func_insertFakeElement_0x10000085d,func_insertFakeElement_0x10000085d
func_insertFakeRootElement_0x10000085f,func_insertFakeRootElement_0x10000085f
func_insertHtmlAtCurrentPos_0x100000769,func_insertHtmlAtCurrentPos_0x100000769
func_insertHtmlAtCurrentPos_0x100000786,func_parseHtmlAtCurrentPos_0x100000786
func_insertMarker_0x10000081c,func_insertMarker_0x10000081c
func_insertTemplate_0x10000085e,func_insertTemplate_0x10000085e
func_instance_members_initializer_0x100000c21,func_initMembers_0x100000c21
func_instance_members_initializer_0x100000c79,func_initState_0x100000c79
func_instance_members_initializer_0x100000c7e,func_initClass_0x100000c7e
func_instance_members_initializer_0x100000c8e,func_initPair_0x100000c8e
func_instance_members_initializer_0x100000d72,func_initQuad_0x100000d72
func_instance_members_initializer_0x100000df0,func_initFlags_0x100000df0
func_instance_members_initializer_0x100000ef3,func_initFields_0x100000ef3
func_instance_members_initializer_0x100000efd,func_initBackslash_0x100000efd
func_instance_members_initializer_0x100000f05,func_initSlash_0x100000f05
func_instance_members_initializer_0x100000f6f,func_initSlots_0x100000f6f
func_instance_members_initializer_0x100000f78,func_initBackslash2_0x100000f78
func_instance_members_initializer_0x100000f80,func_initSlash2_0x100000f80
func_instance_members_initializer_0x100000fb7,func_initDefaults_0x100000fb7
func_instance_members_initializer_0x100000fc7,func_initQuad2_0x100000fc7
func_instance_members_initializer_0x100000fe0,func_initSingle_0x100000fe0
func_instance_members_initializer_0x100000fe7,func_initMap_0x100000fe7
func_instance_members_initializer_0x100000ff4,func_initMap2_0x100000ff4
func_instance_members_initializer_0x100001006,func_initClassFields_0x100001006
func_instance_members_initializer_0x100001077,func_initSingle2_0x100001077
func_instance_members_initializer_0x100001087,func_initSingle3_0x100001087
func_instance_members_initializer_0x1000010b5,func_initMany_0x1000010b5
func_int16array_0x100002fd3,func_int16array_0x100002fd3
func_int32array_0x100002fd7,func_int32array_0x100002fd7
func_int8array_0x100002fcf,func_int8array_0x100002fcf
func_ip_0x100000611,func_copyProperties_0x100000611
func_isBuffer_0x100002b39,func_isBuffer_0x100002b39
func_isCharacterReferenceInAttribute_0x10000079f,func_isCharacterReferenceInAttribute_0x10000079f
func_isDocument_0x10000066a,func_isDocument_0x10000066a
func_isElementCausesFosterParenting_0x10000086d,func_causesFosterParenting_0x10000086d
func_isInTemplate_0x1000007f5,func_isInTemplate_0x1000007f5
func_isIntegrationPoint_0x100000866,func_isIntegrationPoint_0x100000866
func_isRootHtmlElementCurrent_0x10000080b,func_isRootHtmlElementCurrent_0x10000080b
func_isSpecialElement_0x100000871,func_isSpecialElement_0x100000871
func_isText_0x10000066c,func_isText_0x10000066c
func_isVoidElement_0x1000008d5,func_isVoidElement_0x1000008d5
func_is_0x100001fe8,func_isDocumentFragment_0x100001fe8
func_it_0x100000b85,func_isDotPath_0x100000b85
func_it_0x100002c1a,func_iterator_0x100002c1a
func_iu_0x10000042c,func_getChildren_0x10000042c
func_iv_0x1000005d9,func_handleColgroup_0x1000005d9
func_iw_0x1000002d6,func_getPathname_0x1000002d6
func_j0_0x100000492,func_isNotIgnored_0x100000492
func_j2_0x1000004d2,func_positionFromIndex_0x1000004d2
func_jQ_0x1000005c1,func_insertBreak_0x1000005c1
func_jS_0x100000292,func_resize_0x100000292
func_j_0x1000013f4,func_inflate_0x1000013f4
func_j_0x1000014b3,func_catchNextTick_0x1000014b3
func_jiOaa_0x100002efa,func_preferSecond_0x100002efa
func_AST_0x100000baa,func_Minimatch_0x100000baa
func_G_0x100000e89,func_updateStats_0x100000e89
func_Minimatch_0x100000ba6,func_Minimatch_0x100000ba6
func_U_0x100000e83,func_addChild_0x100000e83
func_Zo_0x100000612,func_interopRequire_0x100000612
func_braceExpand_0x100000bb2,func_braceExpand_0x100000bb2
func_defaults_0x100000bb0,func_defaults_0x100000bb0
func_escape_0x100000bae,func_escape_0x100000bae
func_filter_0x100000baf,func_filter_0x100000baf
func_getChildren_0x100000659,func_getChildren_0x100000659
func_j_0x100000e87,func_updateChild_0x100000e87
func_ji_0x100000f6b,func_walk_0x100000f6b
func_jk_0x100000578,func_adoption_0x100000578
func_jx_0x10000196e,func_encode_0x10000196e
func_kIIYP_0x1000020b4,func_identity_0x1000020b4
func_kPTAp_0x1000002e5,func_coalesce_0x1000002e5
func_kQ_0x1000005ae,func_switchText_0x1000005ae
func_kWHkD_0x100000c3c,func_coalesce_0x100000c3c
func_k_0x100000cc7,func_read_0x100000cc7
func_k_0x1000027af,func_dispatch_0x1000027af
func_k_0x100002d25,func_configure_0x100002d25
func_k_0x100002ecd,func_create_0x100002ecd
func_k_0x10000319f,func_escapeRegex_0x10000319f
func_ka_0x100000e66,func_escapePath_0x100000e66
func_ka_0x100002182,func_hostnameMatch_0x100002182
func_kg_0x100000466,func_arrayLike_0x100000466
func_kmYYt_0x1000020d6,func_identity_0x1000020d6
func_kp_0x100000485,func_removeAttrib_0x100000485
func_kt_0x100001285,func_clone_0x100001285
func_kt_0x100002bee,func_emit_0x100002bee
func_l2_0x100000463,func_root_0x100000463
func_l3_0x1000000a8,func_deserializeResult_0x1000000a8
func_lLxVT_0x1000009e4,func_coalesce_0x1000009e4
func_lQ_0x10000059a,func_insertP_0x10000059a
func_l_0x100000619,func_codePoint_0x100000619
func_l_0x100000975,func_linkShadowCopy_0x100000975
func_l_0x100000a5b,func_join_0x100000a5b
func_l_0x10000102a,func_childrenIgnored_0x10000102a
func_l_0x1000010d8,func_validateOptions_0x1000010d8
func_l_0x10000112d,func_execute_0x10000112d
func_l_0x1000012f7,func_impersonate_0x1000012f7
func_l_0x10000158a,func_append_0x10000158a
func_l_0x100002518,func_track_0x100002518
func_l_0x100002541,func_initialize_0x100002541
func_l_0x1000025f7,func_ConsoleInstrumentation_0x1000025f7
func_l_0x10000269c,func_bootstrap_0x10000269c
func_l_0x10000292b,func_delegate_0x10000292b
func_l_0x100002980,func_bufferize_0x100002980
func_l_0x1000029b9,func_codeError_0x1000029b9
func_last_0x1000006e4,func_lastItem_0x1000006e4
func_leaveAttrName_0x100000793,func_leaveAttrName_0x100000793
func_leaveAttrValue_0x100000794,func_leaveAttrValue_0x100000794
func_lk_0x10000055f,func_isAlpha_0x10000055f
func_lm_0x100000563,func_isHex_0x100000563
func_ln_0x100000f81,func_Minimatch_0x100000f81
func_load_0x100000641,func_load_0x100000641
func_lr_0x100001291,func_isEnoent_0x100001291
func_lr_0x100002bf7,func_parallel_0x100002bf7
func_lr_0x100002d7c,func_noop_0x100002d7c
func_lvAwM_0x10000032c,func_identity_0x10000032c
func_mW_0x10000050b,func_make_0x10000050b
func_m_0x1000009f6,func_normalize_0x1000009f6
func_m_0x100001572,func_ErrorClass_0x100001572
func_J_0x100000e85,func_updateChild_0x100000e85
func_VA_0x1000000ae,func_deserializeResult_0x1000000ae
func_Ye_0x100001272,func_unlinkFiles_0x100001272
func_c_0x10000158d,func_parseParams_0x10000158d
func_d2_0x100000465,func_appendArray_0x100000465
func_dk_0x100000564,func_isHexDigit_0x100000564
func_first_0x1000006df,func_first_0x1000006df
func_k1_0x10000032d,func_addDomain_0x10000032d
func_ks_0x100000471,func_setAttrib_0x100000471
func_m_0x1000023f2,func_trackException_0x1000023f2
func_ma_0x100000607,func_isWhitespace_0x100000607
func_makeRe_0x100000bb1,func_makeRe_0x100000bb1
func_map_0x100002fe1,func_hashMap_0x100002fe1
func_match_0x100000bb3,func_match_0x100000bb3
func_merge_0x100000642,func_merge_0x100000642
func_mm_0x100000571,func_normalizeNames_0x100000571
func_mn_0x100001e3b,func_longestZeros_0x100001e3b
func_mo_0x100000408,func_hasChildren_0x100000408
func_mr_0x1000015ee,func_pong_0x1000015ee
func_mr_0x100001e16,func_hasEncoded_0x100001e16
func_mt_0x1000015e6,func_emitError_0x1000015e6
func_mt_0x100001e0e,func_isDotDot_0x100001e0e
func_mt_0x100001ff5,func_unwrapDefault_0x100001ff5
func_mv_0x1000005f2,func_insertChars_0x1000005f2
func_n3_0x10000006c,func_isClientError_0x10000006c
func_n8_0x1000008f6,func_defineProp_0x1000008f6
func_nA_0x100000572,func_resolveNames_0x100000572
func_nFNDt_0x10000023c,func_isInstance_0x10000023c
func_nQ_0x10000058b,func_closeHead_0x10000058b
func_nT_0x100000239,func_backoff_0x100000239
func_nUTZA_0x1000012b2,func_coalesce_0x1000012b2
func_nWuBv_0x10000151b,func_coalesce_0x10000151b
func_nb_0x100001969,func_roundFloat_0x100001969
func_ne_0x100000de9,func_readChunk_0x100000de9
func_ne_0x1000015e4,func_resumeSocket_0x1000015e4
func_ne_0x100001e0c,func_isEncodedDot_0x100001e0c
func_nextAll_0x1000006e7,func_nextAll_0x1000006e7
func_nextUntil_0x1000006e8,func_nextUntil_0x1000006e8
func_next_0x100000023,func_iterateNext_0x100000023
func_next_0x1000006e6,func_next_0x1000006e6
func_next_0x100001775,func_dispatchResult_0x100001775
func_nm_0x100000554,func_isSurrogate_0x100000554
func_nodescript_0x100003003,func_nodescript_0x100003003
func_ns_0x100000690,func_rootNode_0x100000690
func_nu_0x100000405,func_isComment_0x100000405
func_null_0x100002fc5,func_nullType_0x100002fc5
func_number_0x100002fc1,func_numberType_0x100002fc1
func_oA_0x100000581,func_stopParser_0x100000581
func_oQ_0x10000058f,func_closeNoscript_0x10000058f
func_oYwhU_0x100000fbb,func_coalesce_0x100000fbb
func_ocYDq_0x1000028c0,func_coalesce_0x1000028c0
func_ok_0x100000556,func_decodeSurrogate_0x100000556
func_om_0x100000558,func_isSpecial_0x100000558
func_onEndTag_0x100000879,func_onEndTag_0x100000879
func_onItemPop_0x100000851,func_onItemPop_0x100000851
func_onItemPush_0x100000850,func_onItemPush_0x100000850
func_onStartTag_0x100000876,func_onStartTag_0x100000876
func_on_0x100001e47,func_isFileHost_0x100001e47
func_on_0x10000320a,func_addRoute_0x10000320a
func_onattribdata_0x1000008de,func_onAttribData_0x1000008de
func_onattribend_0x1000008e0,func_onAttribEnd_0x1000008e0
func_onattribentity_0x1000008df,func_onAttribEntity_0x1000008df
func_onattribname_0x1000008dd,func_onAttribName_0x1000008dd
func_oncdata_0x1000008e5,func_onCdata_0x1000008e5
func_oncdataend_0x1000006a3,func_onCdataEnd_0x1000006a3
func_onclosetag_0x10000069d,func_onCloseTag_0x10000069d
func_onclosetag_0x1000008da,func_onCloseTagToken_0x1000008da
func_A0_0x100000477,func_setAttribute_0x100000477
func_DQ_0x1000005b5,func_insertSvg_0x1000005b5
func_Gc_0x100000608,func_isTagEnd_0x100000608
func_S_0x100000e81,func_appendChild_0x100000e81
func_Sm_0x1000005e7,func_stopTemplate_0x1000005e7
func_Yn_0x100001e35,func_formatIpv6_0x100001e35
func_advance_0x10000076c,func_advanceChar_0x10000076c
func_ba_0x10000023d,func_pushError_0x10000023d
func_c_0x100000fc2,func_globMatch_0x100000fc2
func_checkForProblematicCharacters_0x10000076d,func_checkChar_0x10000076d
func_hasChildren_0x100000666,func_hasChildren_0x100000666
func_isComment_0x100000669,func_isComment_0x100000669
func_m_0x100001540,func_initDeflate_0x100001540
func_merge_0x100000649,func_mergeArray_0x100000649
func_next_0x10000022a,func_graphqlNext_0x10000022a
func_o8_0x100000909,func_defineProperty_0x100000909
func_oncomment_0x1000006a0,func_onComment_0x1000006a0
func_oncomment_0x1000008e4,func_emitComment_0x1000008e4
func_oncommentend_0x1000006a1,func_onCommentEnd_0x1000006a1
func_ondeclaration_0x1000008e2,func_emitDeclaration_0x1000008e2
func_onend_0x10000069b,func_onEnd_0x10000069b
func_onend_0x1000008e6,func_emitEnd_0x1000008e6
func_onerror_0x10000069c,func_onError_0x10000069c
func_onopentag_0x10000069e,func_onOpenTag_0x10000069e
func_onopentagend_0x1000008d9,func_onOpenTagEnd_0x1000008d9
func_onopentagname_0x1000008d6,func_onOpenTagName_0x1000008d6
func_onparserinit_0x100000699,func_onParserInit_0x100000699
func_onprocessinginstruction_0x1000008e3,func_emitProcessingInstruction_0x1000008e3
func_onreset_0x10000069a,func_onReset_0x10000069a
func_onselfclosingtag_0x1000008db,func_onSelfClosingTag_0x1000008db
func_ontext_0x1000008d3,func_onText_0x1000008d3
func_ontextentity_0x1000008d4,func_onTextEntity_0x1000008d4
func_oq_0x100000613,func_interopRequire_0x100000613
func_ou_0x10000043a,func_filterTree_0x10000043a
func_ow_0x1000002d8,func_normalizePolicy_0x1000002d8
func_p0_0x100000406,func_isDirective_0x100000406
func_pA_0x1000016e6,func_abortError_0x1000016e6
func_pLHYx_0x100000ad0,func_coalesce_0x100000ad0
func_pQ_0x1000005a0,func_insertHtml_0x1000005a0
func_p_0x100000d24,func_alwaysFalse_0x100000d24
func_p_0x1000013c4,func_concatBuffers_0x1000013c4
func_p_0x10000299c,func_tryCatch_0x10000299c
func_pack_0x1000017e7,func_getBinary_0x1000017e7
func_pack_0x1000017f6,func_getBinary_0x1000017f6
func_pack_0x100001808,func_getBinary_0x100001808
func_pack_0x100001d32,func_packDate_0x100001d32
func_pack_0x100001d34,func_packArray_0x100001d34
func_pack_0x100001d36,func_packError_0x100001d36
func_pack_0x100001d38,func_packRegExp_0x100001d38
func_pack_0x100001d3c,func_packObject_0x100001d3c
func_pack_0x100001d3e,func_packTrue_0x100001d3e
func_parent_0x1000006ea,func_parent_0x1000006ea
func_parentsUntil_0x1000006ec,func_parentsUntil_0x1000006ec
func_parents_0x1000006eb,func_parents_0x1000006eb
func_parseChunk_0x1000008ef,func_parseChunk_0x1000008ef
func_parseComplete_0x1000008e8,func_parseComplete_0x1000008e8
func_parseHTML_0x100000643,func_parseHtml_0x100000643
func_parseHTML_0x10000064a,func_loadHtml_0x10000064a
func_parseStacktrace_0x10000268a,func_parseStacktrace_0x10000268a
func_parse_0x10000054f,func_parse_0x10000054f
func_parse_0x10000084c,func_parseDocument_0x10000084c
func_parse_0x1000008cd,func_parseLoop_0x1000008cd
func_pause_0x100000783,func_pause_0x100000783
func_pause_0x1000008a3,func_stop_0x1000008a3
func_pause_0x1000008ed,func_pauseTokenizer_0x1000008ed
func_peek_0x10000076b,func_peekChar_0x10000076b
func_pipe_0x100002ff1,func_pipe_0x100002ff1
func_pm_0x100000570,func_normalizeAttr_0x100000570
func_popAllUpToHtmlElement_0x100000801,func_popAllHtml_0x100000801
func_popUntilElementPopped_0x1000007fd,func_popUntilElement_0x1000007fd
func_popUntilNumberedHeaderPopped_0x1000007ff,func_popUntilHeader_0x1000007ff
func_popUntilPopped_0x1000007fe,func_popUntilTag_0x1000007fe
func_popUntilTableCellPopped_0x100000800,func_popUntilCell_0x100000800
func_popUntilTagNamePopped_0x1000007fb,func_popUntilTagName_0x1000007fb
func_pop_0x1000007f8,func_popStack_0x1000007f8
func_pp_0x10000042d,func_parentNode_0x10000042d
func_pr_0x100000cd4,func_handleFetch_0x100000cd4
func_pr_0x1000015ec,func_emitPing_0x1000015ec
func_prepareToken_0x100000795,func_prepareToken_0x100000795
func_$t_0x100000cd2,func_handleFetchError_0x100000cd2
func_Bm_0x1000005c4,func_stopParsing_0x1000005c4
func_Gn_0x100001e3d,func_formatAddress_0x100001e3d
func_I_0x100000042,func_abortSignal_0x100000042
func_bt_0x100000cd1,func_handleFetchAbort_0x100000cd1
func_e_0x100000b0b,func_escapePattern_0x100000b0b
func_filter_0x100000653,func_filterTree_0x100000653
func_getParent_0x100000662,func_parentNode_0x100000662
func_h_0x10000268b,func_normalizeConfig_0x10000268b
func_isTagStartChar_0x1000008ad,func_isTagStartChar_0x1000008ad
func_mp_0x10000042e,func_siblingNodes_0x10000042e
func_prepend_0x10000074b,func_prepend_0x10000074b
func_prevAll_0x1000006ee,func_prevAll_0x1000006ee
func_prevUntil_0x1000006ef,func_prevUntil_0x1000006ef
func_prev_0x1000006ed,func_prev_0x1000006ed
func_processSurrogate_0x100000765,func_processSurrogate_0x100000765
func_processToken_0x100000865,func_processToken_0x100000865
func_process_0x100002fed,func_process_0x100002fed
func_pt_0x100001370,func_isNwjs_0x100001370
func_pushElement_0x10000081d,func_pushElement_0x10000081d
func_push_0x1000007f7,func_pushItem_0x1000007f7
func_q3_0x100000149,func_isString_0x100000149
func_qQ_0x1000005ac,func_enterText_0x1000005ac
func_qW_0x100000514,func_addBack_0x100000514
func_q_0x10000061d,func_parseName_0x10000061d
func_q_0x100000698,func_initializeParser_0x100000698
func_q_0x100000d21,func_noop_0x100000d21
func_q_0x10000118e,func_isDirectory_0x10000118e
func_q_0x100001320,func_closeStream_0x100001320
func_q_0x1000013c7,func_xorBuffer_0x1000013c7
func_q_0x100002466,func_initializeApi_0x100002466
func_q_0x100002702,func_initListeners_0x100002702
func_q_0x10000308f,func_readRaw_0x10000308f
func_qdWnS_0x100001609,func_coalesce_0x100001609
func_qe_0x100000d68,func_isArrayBuffer_0x100000d68
func_qe_0x10000126d,func_handleEnoent_0x10000126d
func_qk_0x10000056c,func_isHtmlDoctype_0x10000056c
func_qm_0x1000005d3,func_queueCharacter_0x1000005d3
func_qp_0x100000464,func_isAncestor_0x100000464
func_qr_0x100001e2f,func_parseIp_0x100001e2f
func_qr_0x10000201d,func_isBlob_0x10000201d
func_r2_0x10000044d,func_deduplicate_0x10000044d
func_rA_0x10000055b,func_isHeading_0x10000055b
func_rQ_0x100000588,func_handleEndTag_0x100000588
func_rT_0x100000234,func_buildUrl_0x100000234
func_r_0x100000d23,func_noop_0x100000d23
func_re_0x100000ad8,func_parseSelector_0x100000ad8
func_re_0x100003175,func_consumeToken_0x100003175
func_read_0x100003014,func_readBuffer_0x100003014
func_reconsumeInState_0x10000078a,func_reconsumeState_0x10000078a
func_regexp_0x100002fc9,func_regexp_0x100002fc9
func_removeEntry_0x10000081f,func_removeEntry_0x10000081f
func_remove_0x100000807,func_removeItem_0x100000807
func_render_0x100000550,func_render_0x100000550
func_replaceElement_0x100000673,func_replaceElement_0x100000673
func_replace_0x1000007f9,func_replaceItem_0x1000007f9
func_resetInsertionModeForSelect_0x10000086c,func_resetSelectMode_0x10000086c
func_resetInsertionMode_0x10000086b,func_resetInsertionMode_0x10000086b
func_reset_0x1000008a0,func_resetTokenizer_0x1000008a0
func_reset_0x1000008e7,func_resetParser_0x1000008e7
func_resume_0x100000784,func_resumeParser_0x100000784
func_resume_0x1000008a4,func_resumeTokenizer_0x1000008a4
func_Ae_0x100003179,func_consumeChars_0x100003179
func_Bn_0x100002021,func_contentType_0x100002021
func_Bo_0x100001e4f,func_origin_0x100001e4f
func_E_0x100001195,func_tempDir_0x100001195
func_Le_0x100001e4d,func_serializeUrl_0x100001e4d
func_Pr_0x100000cd8,func_abortFetch_0x100000cd8
func_S_0x100000623,func_addAttribute_0x100000623
func_Tn_0x100002025,func_writeBody_0x100002025
func_U3_0x1000001ca,func_uuidByte_0x1000001ca
func_U_0x100003177,func_expectToken_0x100003177
func_W3_0x100000164,func_uuidString_0x100000164
func_Yn_0x100002023,func_bodyLength_0x100002023
func_addBack_0x1000006d5,func_addBack_0x1000006d5
func_complete_0x100000050,func_complete_0x100000050
func_contains_0x100000647,func_contains_0x100000647
func_dQ_0x10000059b,func_insertHeading_0x10000059b
func_error_0x10000004e,func_error_0x10000004e
func_getSiblings_0x100000663,func_getSiblings_0x100000663
func_hasNumberedHeaderInScope_0x10000080d,func_hasHeadingScope_0x10000080d
func_instance_members_initializer_0x100000d29,func_initMembers_0x100000d29
func_isNumberedHeader_0x100000778,func_isHeading_0x100000778
func_jv_0x10000060c,func_parseHtml_0x10000060c
func_next_0x10000004c,func_next_0x10000004c
func_removeSubsets_0x100000672,func_removeSubsets_0x100000672
func_resume_0x1000008ee,func_resumeTokenizer_0x1000008ee
func_retreat_0x10000076e,func_retreat_0x10000076e
func_rk_0x100000553,func_isNode_0x100000553
func_rootFunc_0x1000004e5,func_includesRoot_0x1000004e5
func_root_0x100000644,func_rootNode_0x100000644
func_root_0x10000064b,func_rootRef_0x10000064b
func_rt_0x100000c80,func_abortWarn_0x100000c80
func_ru_0x100000403,func_isCdata_0x100000403
func_runParsingLoop_0x100000782,func_parseLoop_0x100000782
func_run_0x1000028ae,func_invoke_0x1000028ae
func_rw_0x1000002c7,func_normalizeCookies_0x1000002c7
func_sM_0x1000003d7,func_setProxy_0x1000003d7
func_s_0x100000281,func_nextImageName_0x100000281
func_s_0x10000049a,func_skipWhitespace_0x10000049a
func_s_0x100000a38,func_validatePattern_0x100000a38
func_s_0x100000a59,func_escapeRegex_0x100000a59
func_s_0x100000a60,func_unescapeGlob_0x100000a60
func_s_0x100000b0e,func_escapeGlob_0x100000b0e
func_s_0x100001028,func_isIgnored_0x100001028
func_s_0x1000010ba,func_hasMagic_0x1000010ba
func_s_0x1000011fd,func_removeSync_0x1000011fd
func_s_0x10000181d,func_toBuffer_0x10000181d
func_s_0x1000021cb,func_deepEqual_0x1000021cb
func_s_0x100002306,func_setConsole_0x100002306
func_s_0x1000024de,func_addInstrumentation_0x1000024de
func_s_0x100002776,func_workerName_0x100002776
func_s_0x100002929,func_callHook_0x100002929
func_s_0x100002985,func_startsWith_0x100002985
func_s_0x100002ab4,func_noop_0x100002ab4
func_s_0x100002ae5,func_filetime_0x100002ae5
func_sb_0x100001970,func_encodeLength_0x100001970
func_se_0x100000b7a,func_matchGlob_0x100000b7a
func_se_0x100001050,func_initStrict_0x100001050
func_securecontext_0x100002ffb,func_secureContext_0x100002ffb
func_serialize_0x100001754,func_serialize_0x100001754
func_serialize_0x100001756,func_serializeValue_0x100001756
func_serialize_0x100001759,func_serializeInput_0x100001759
func_setContextModes_0x100000852,func_setContextModes_0x100000852
func_setEndLocation_0x100000863,func_setEndLocation_0x100000863
func_set_0x10000166e,func_setListener_0x10000166e
func_set_0x100001fbe,func_setHref_0x100001fbe
func_set_0x100001fc6,func_setProtocol_0x100001fc6
func_set_0x100001fca,func_setUsername_0x100001fca
func_set_0x100001fce,func_setPassword_0x100001fce
func_set_0x100001fd2,func_setHost_0x100001fd2
func_set_0x100001fd6,func_setHostname_0x100001fd6
func_set_0x100001fda,func_setPort_0x100001fda
func_set_0x100001fde,func_setPathname_0x100001fde
func_set_0x100001fe2,func_setSearch_0x100001fe2
func_set_0x100001fe6,func_setHash_0x100001fe6
func_set_0x100002c30,func_legacySet_0x100002c30
func_set_0x100002fe3,func_setCollection_0x100002fe3
func_set_childNodes_0x10000068d,func_setChildren_0x10000068d
func_set_nextSibling_0x10000067e,func_setNext_0x10000067e
func_set_nodeValue_0x100000682,func_setData_0x100000682
func_set_parentNode_0x10000067a,func_setParent_0x10000067a
func_set_previousSibling_0x10000067c,func_setPrev_0x10000067c
func_set_tagName_0x100000695,func_setName_0x100000695
func_setup_0x100001fec,func_setupWrapper_0x100001fec
func_shiftBuffer_0x1000008ea,func_shiftBuffer_0x1000008ea
func_Ce_0x100002165,func_handleResponse_0x100002165
func_Q2_0x10000049b,func_parseNth_0x10000049b
func_b6_0x1000003d1,func_setupProxy_0x1000003d1
func_isCDATA_0x100000668,func_isCdata_0x100000668
func_l_0x10000054c,func_loadCheerio_0x10000054c
func_qo_0x100002042,func_prepareRequest_0x100002042
func_shortenToLength_0x1000007fc,func_truncateStack_0x1000007fc
func_shouldContinue_0x1000008cc,func_shouldContinue_0x1000008cc
func_shouldFosterParentOnInsertion_0x10000086e,func_shouldFoster_0x10000086e
func_shouldProcessStartTagTokenInForeignContent_0x100000864,func_shouldProcessForeign_0x100000864
func_siblings_0x1000006f0,func_siblings_0x1000006f0
func_signal_0x100003009,func_signal_0x100003009
func_sizeCalculation_0x100000e6e,func_sizePlusOne_0x100000e6e
func_sk_0x10000075f,func_resetParser_0x10000075f
func_slice_0x1000006f1,func_slice_0x1000006f1
func_sp_0x10000068e,func_createCdata_0x10000068e
func_sr_0x100000bb6,func_compileRegex_0x100000bb6
func_sr_0x100000d66,func_invoke_0x100000d66
func_ss_0x100000434,func_detachNode_0x100000434
func_sslPassthrough_0x100003291,func_sslPassthrough_0x100003291
func_st_0x100000c81,func_missing_0x100000c81
func_startEntity_0x1000006af,func_startEntity_0x1000006af
func_startSpecial_0x1000008ae,func_startSpecial_0x1000008ae
func_startsWith_0x10000076a,func_startsWith_0x10000076a
func_stateAfterAttributeName_0x1000007c4,func_afterAttributeName_0x1000007c4
func_stateAfterAttributeName_0x1000008b7,func_afterAttributeName_0x1000008b7
func_stateAfterAttributeValueQuoted_0x1000007c9,func_afterAttributeValueQuoted_0x1000007c9
func_stateAfterClosingTagName_0x1000008b3,func_afterClosingTagName_0x1000008b3
func_stateAfterDoctypeName_0x1000007da,func_afterDoctypeName_0x1000007da
func_stateAfterDoctypePublicIdentifier_0x1000007df,func_afterDoctypePublicIdentifier_0x1000007df
func_stateAfterDoctypePublicKeyword_0x1000007db,func_afterDoctypePublicKeyword_0x1000007db
func_stateAfterDoctypeSystemIdentifier_0x1000007e5,func_afterDoctypeSystemIdentifier_0x1000007e5
func_stateAfterDoctypeSystemKeyword_0x1000007e1,func_afterDoctypeSystemKeyword_0x1000007e1
func_stateAttributeValueDoubleQuoted_0x1000007c6,func_attributeValueDoubleQuoted_0x1000007c6
func_stateAttributeValueSingleQuoted_0x1000007c7,func_attributeValueSingleQuoted_0x1000007c7
func_stateAttributeValueUnquoted_0x1000007c8,func_attributeValueUnquoted_0x1000007c8
func_stateBeforeAttributeName_0x1000007c2,func_beforeAttributeName_0x1000007c2
func_stateBeforeAttributeName_0x1000008b4,func_beforeAttributeName_0x1000008b4
func_stateBeforeAttributeValue_0x1000007c5,func_beforeAttributeValue_0x1000007c5
func_stateBeforeAttributeValue_0x1000008b8,func_beforeAttributeValue_0x1000008b8
func_Hq_0x100000438,func_prependChild_0x100000438
func_Kq_0x100000437,func_insertAfter_0x100000437
func_is_0x100000517,func_normalizeChildren_0x100000517
func_jq_0x100000436,func_appendChild_0x100000436
func_make_0x10000054e,func_clone_0x10000054e
func_removeElement_0x100000671,func_detachNode_0x100000671
func_stateBeforeClosingTagName_0x1000008b1,func_beforeClosingTagName_0x1000008b1
func_stateBeforeComment_0x1000008c0,func_beforeComment_0x1000008c0
func_stateBeforeDeclaration_0x1000008bd,func_beforeDeclaration_0x1000008bd
func_stateBeforeDoctypePublicIdentifier_0x1000007dc,func_beforeDoctypePublicIdentifier_0x1000007dc
func_stateBeforeDoctypeSystemIdentifier_0x1000007e2,func_beforeDoctypeSystemIdentifier_0x1000007e2
func_stateBeforeEntity_0x1000008c3,func_beforeEntity_0x1000008c3
func_stateBeforeNumericEntity_0x1000008c6,func_beforeNumericEntity_0x1000008c6
func_stateBeforeSpecialS_0x1000008c2,func_beforeSpecialS_0x1000008c2
func_stateBeforeTagName_0x1000008af,func_beforeTagName_0x1000008af
func_stateBetweenDoctypePublicAndSystemIdentifiers_0x1000007e0,func_betweenDoctypeIdentifiers_0x1000007e0
func_stateBogusComment_0x1000007cb,func_bogusComment_0x1000007cb
func_stateBogusDoctype_0x1000007e6,func_bogusDoctype_0x1000007e6
func_stateCDATASequence_0x1000008aa,func_cdataSequence_0x1000008aa
func_stateCdataSectionBracket_0x1000007e8,func_cdataBracket_0x1000007e8
func_stateCdataSectionEnd_0x1000007e9,func_cdataEnd_0x1000007e9
func_stateCdataSection_0x1000007e7,func_cdataSection_0x1000007e7
func_stateCommentEndBang_0x1000007d6,func_commentEndBang_0x1000007d6
func_stateCommentEndDash_0x1000007d4,func_commentEndDash_0x1000007d4
func_stateCommentEnd_0x1000007d5,func_commentEnd_0x1000007d5
func_stateCommentLessThanSignBangDashDash_0x1000007d3,func_commentNested_0x1000007d3
func_stateCommentLessThanSignBangDash_0x1000007d2,func_commentBangDash_0x1000007d2
func_stateCommentLessThanSignBang_0x1000007d1,func_commentBang_0x1000007d1
func_stateCommentLessThanSign_0x1000007d0,func_commentLessThan_0x1000007d0
func_stateCommentStartDash_0x1000007ce,func_commentStartDash_0x1000007ce
func_stateCommentStart_0x1000007cd,func_commentStart_0x1000007cd
func_stateComment_0x1000007cf,func_comment_0x1000007cf
func_stateData_0x1000007a2,func_data_0x1000007a2
func_stateDecimalCharacterReference_0x1000007f0,func_decimalCharacterReference_0x1000007f0
func_stateDoctypePublicIdentifierDoubleQuoted_0x1000007dd,func_doctypePublicIdentifierDoubleQuoted_0x1000007dd
func_stateDoctypePublicIdentifierSingleQuoted_0x1000007de,func_doctypePublicIdentifierSingleQuoted_0x1000007de
func_stateDoctypeSystemIdentifierDoubleQuoted_0x1000007e3,func_doctypeSystemIdentifierDoubleQuoted_0x1000007e3
func_stateDoctypeSystemIdentifierSingleQuoted_0x1000007e4,func_doctypeSystemIdentifierSingleQuoted_0x1000007e4
func_stateDoctype_0x1000007d7,func_doctype_0x1000007d7
func_stateHexademicalCharacterReferenceStart_0x1000007ee,func_hexCharacterReferenceStart_0x1000007ee
func_stateHexademicalCharacterReference_0x1000007ef,func_hexCharacterReference_0x1000007ef
func_stateInAttributeName_0x1000008b6,func_attributeName_0x1000008b6
func_stateInAttributeValueDoubleQuotes_0x1000008ba,func_attributeValueDoubleQuotes_0x1000008ba
func_appendChild_0x100000650,func_appendChild_0x100000650
func_append_0x10000064f,func_append_0x10000064f
func_prependChild_0x10000066f,func_prependChild_0x10000066f
func_stateInAttributeValueNoQuotes_0x1000008bc,func_attrValueNoQuotes_0x1000008bc
func_stateInAttributeValueSingleQuotes_0x1000008bb,func_attrValueSingleQuotes_0x1000008bb
func_stateInClosingTagName_0x1000008b2,func_closingTagName_0x1000008b2
func_stateInCommentLike_0x1000008ac,func_commentLike_0x1000008ac
func_stateInDeclaration_0x1000008be,func_declaration_0x1000008be
func_stateInHexEntity_0x1000008c9,func_hexEntity_0x1000008c9
func_stateInNamedEntity_0x1000008c4,func_namedEntity_0x1000008c4
func_stateInNumericEntity_0x1000008c8,func_numericEntity_0x1000008c8
func_stateInProcessingInstruction_0x1000008bf,func_processingInstruction_0x1000008bf
func_stateInSelfClosingTag_0x1000008b5,func_selfClosingTag_0x1000008b5
func_stateInSpecialComment_0x1000008c1,func_specialComment_0x1000008c1
func_stateInSpecialTag_0x1000008a9,func_specialTag_0x1000008a9
func_stateInTagName_0x1000008b0,func_tagName_0x1000008b0
func_stateMarkupDeclarationOpen_0x1000007cc,func_markupDeclaration_0x1000007cc
func_stateNamedCharacterReference_0x1000007eb,func_namedCharacterReference_0x1000007eb
func_stateNumericCharacterReferenceEnd_0x1000007f1,func_numericCharacterReferenceEnd_0x1000007f1
func_stateNumericCharacterReference_0x1000007ed,func_numericCharacterReference_0x1000007ed
func_stateNumericDecimal_0x1000006b4,func_numericDecimal_0x1000006b4
func_stateNumericHex_0x1000006b3,func_numericHex_0x1000006b3
func_stateNumericStart_0x1000006b1,func_numericStart_0x1000006b1
func_statePlaintext_0x1000007a6,func_plaintext_0x1000007a6
func_stateRawtextEndTagName_0x1000007b0,func_rawtextEndTagName_0x1000007b0
func_stateRawtextLessThanSign_0x1000007ae,func_rawtextLessThanSign_0x1000007ae
func_stateRawtext_0x1000007a4,func_rawtext_0x1000007a4
func_stateRcdataEndTagName_0x1000007ad,func_rcdataEndTagName_0x1000007ad
func_stateRcdataLessThanSign_0x1000007aa,func_rcdataLessThanSign_0x1000007aa
func_stateRcdata_0x1000007a3,func_rcdata_0x1000007a3
func_stateScriptDataDoubleEscapeEnd_0x1000007c1,func_scriptDataDoubleEscapeEnd_0x1000007c1
func_stateScriptDataDoubleEscapeStart_0x1000007bc,func_scriptDataDoubleEscapeStart_0x1000007bc
func_stateScriptDataDoubleEscapedDashDash_0x1000007bf,func_scriptDataDoubleEscapedDashDash_0x1000007bf
func_stateScriptDataDoubleEscapedDash_0x1000007be,func_scriptDataDoubleEscapedDash_0x1000007be
func_stateScriptDataDoubleEscapedLessThanSign_0x1000007c0,func_scriptDataDoubleEscapedLessThanSign_0x1000007c0
func_stateScriptDataDoubleEscaped_0x1000007bd,func_scriptDataDoubleEscaped_0x1000007bd
func_stateScriptDataEndTagName_0x1000007b3,func_scriptDataEndTagName_0x1000007b3
func_stateScriptDataEscapeStartDash_0x1000007b5,func_scriptDataEscapeStartDash_0x1000007b5
func_stateScriptDataEscapeStart_0x1000007b4,func_scriptDataEscapeStart_0x1000007b4
func_stateScriptDataEscapedDashDash_0x1000007b8,func_scriptDataEscapedDashDash_0x1000007b8
func_stateScriptDataEscapedDash_0x1000007b7,func_scriptDataEscapedDash_0x1000007b7
func_stateScriptDataEscapedEndTagName_0x1000007bb,func_scriptDataEscapedEndTagName_0x1000007bb
func_stateScriptDataEscaped_0x1000007b6,func_scriptDataEscaped_0x1000007b6
func_stateScriptDataLessThanSign_0x1000007b1,func_scriptDataLessThanSign_0x1000007b1
func_stateScriptData_0x1000007a5,func_scriptData_0x1000007a5
func_stateSelfClosingStartTag_0x1000007ca,func_selfClosingStartTag_0x1000007ca
func_stateSpecialStartSequence_0x1000008a8,func_specialStartSequence_0x1000008a8
func_stateText_0x1000008a7,func_text_0x1000008a7
func_statwatcher_0x100002ff9,func_statWatcher_0x100002ff9
func_string_0x100002fbd,func_formatString_0x100002fbd
func_stringify_0x1000017cf,func_uuidString_0x1000017cf
func_switchToPlaintextParsing_0x100000854,func_switchToPlaintext_0x100000854
func_switchToTextParsing_0x100000853,func_switchToText_0x100000853
func_symbol_0x100002fb7,func_formatSymbol_0x100002fb7
func_tFTbz_0x100000c6b,func_coalesce_0x100000c6b
func_tJCKE_0x1000013f6,func_defaultValue_0x1000013f6
func_tc_0x100000683,func_constructText_0x100000683
func_tcqRA_0x1000020d8,func_invoke_0x1000020d8
func_textContent_0x100000675,func_textContent_0x100000675
func_timer_0x100002fef,func_timer_0x100002fef
func_tlswrap_0x10000300d,func_tlswrap_0x10000300d
func_tn_0x100000f7a,func_constructPath_0x100000f7a
func_toArray_0x1000006f2,func_toArray_0x1000006f2
func_toString_0x100000750,func_toString_0x100000750
func_transform_0x100001d4a,func_transform_0x100001d4a
func_trueFunc_0x10000063b,func_alwaysTrue_0x10000063b
func_tryPeekProperlyNestedBodyElement_0x100000808,func_peekBody_0x100000808
func_tv_0x1000005cf,func_insertForm_0x1000005cf
func_u2_0x10000045e,func_isPlainObject_0x10000045e
func_u3_0x100000084,func_getAbortController_0x100000084
func_uQ_0x100000598,func_adoptBodyAttributes_0x100000598
func_u_0x10000061a,func_isQuote_0x10000061a
func_u_0x10000062a,func_attributeSymbol_0x10000062a
func_u_0x10000097d,func_unprotect_0x10000097d
func_u_0x100000985,func_closeHandle_0x100000985
func_u_0x1000009db,func_matchRange_0x1000009db
func_u_0x100000a5d,func_parseBrace_0x100000a5d
func_u_0x1000010da,func_validateRimraf_0x1000010da
func_u_0x1000011fe,func_removePath_0x1000011fe
func_u_0x1000013bd,func_xorBuffer_0x1000013bd
func_u_0x10000292d,func_openFile_0x10000292d
func_u_0x100002b8f,func_writeValue_0x100002b8f
func_u_0x100003088,func_createStream_0x100003088
func_u_0x1000030f6,func_deriveKey_0x1000030f6
func_u_0x100003121,func_extractPayload_0x100003121
func_ub_0x100001976,func_registerExtension_0x100001976
func_uc_0x10000075c,func_constructList_0x10000075c
func_ui_0x100001e39,func_escapeUri_0x100001e39
func_uint16array_0x100002fd1,func_formatUint16Array_0x100002fd1
func_uint32array_0x100002fd5,func_formatUint32Array_0x100002fd5
func_uint8array_0x100002fcb,func_formatUint8Array_0x100002fcb
func_uint8clampedarray_0x100002fcd,func_formatUint8ClampedArray_0x100002fcd
func_um_0x10000055c,func_allowScript_0x10000055c
func_unconsume_0x100000789,func_unconsume_0x100000789
func_undefined_0x100002fc7,func_undefinedString_0x100002fc7
func_unescape_0x100000bad,func_unescape_0x100000bad
func_unknown_0x10000008e,func_serialize_0x10000008e
func_unknown_0x100000099,func_parseJson_0x100000099
func_unknown_0x10000009b,func_handleJson_0x10000009b
func_unknown_0x10000009d,func_handleError_0x10000009d
func_unknown_0x10000010c,func_handleResult_0x10000010c
func_unknown_0x10000010e,func_emitError_0x10000010e
func_unknown_0x100000110,func_complete_0x100000110
func_unknown_0x10000011a,func_invokePath_0x10000011a
func_unknown_0x1000001cf,func_sendBatch_0x1000001cf
func_unknown_0x1000001d9,func_isWebSocket_0x1000001d9
func_unknown_0x1000001dc,func_isOperation_0x1000001dc
func_unknown_0x1000001fa,func_isNotCurrent_0x1000001fa
func_unknown_0x10000025c,func_timeoutAbort_0x10000025c
func_unknown_0x10000025d,func_clearTimer_0x10000025d
func_unknown_0x100000260,func_scheduleTimer_0x100000260
func_unknown_0x100000275,func_waitExit_0x100000275
func_unknown_0x10000027d,func_readFile_0x10000027d
func_unknown_0x100000282,func_buildScreenshot_0x100000282
func_unknown_0x1000002a7,func_stringifyJson_0x1000002a7
func_unknown_0x1000002b3,func_buildContent_0x1000002b3
func_unknown_0x1000002b9,func_invokeDefault_0x1000002b9
func_unknown_0x1000002c0,func_close_0x1000002c0
func_unknown_0x1000002c2,func_pushItem_0x1000002c2
func_unknown_0x1000002c3,func_pushContextError_0x1000002c3
func_unknown_0x1000002e6,func_isUserId_0x1000002e6
func_unknown_0x1000002e7,func_isOauthToken_0x1000002e7
func_unknown_0x1000002f8,func_alwaysFalse_0x1000002f8
func_unknown_0x1000002f9,func_alwaysTrue_0x1000002f9
func_unknown_0x100000341,func_handleExit_0x100000341
func_unknown_0x100000354,func_listen_0x100000354
func_unknown_0x100000361,func_getProperty_0x100000361
func_unknown_0x10000036f,func_isWithdrawable_0x10000036f
func_unknown_0x100000370,func_compareBtc_0x100000370
func_unknown_0x100000371,func_pairAsset_0x100000371
func_unknown_0x100000386,func_addBalance_0x100000386
func_unknown_0x10000038f,func_normalizeExtra_0x10000038f
func_unknown_0x1000003a1,func_isPositive_0x1000003a1
func_unknown_0x1000003a2,func_pairCurrency_0x1000003a2
func_unknown_0x1000003ea,func_queryScript_0x1000003ea
func_unknown_0x100000409,func_setParent_0x100000409
func_unknown_0x10000040a,func_setParent_0x10000040a
func_unknown_0x10000040b,func_setParent_0x10000040b
func_unknown_0x100000414,func_appendText_0x100000414
func_unknown_0x100000415,func_resolveEntities_0x100000415
func_unknown_0x10000041a,func_decodeEntities_0x10000041a
func_unknown_0x10000041d,func_serializeAttr_0x10000041d
func_unknown_0x100000444,func_normalizeNode_0x100000444
func_unknown_0x10000044f,func_notIncludes_0x10000044f
func_unknown_0x100000450,func_comparePosition_0x100000450
func_Ap_0x100000416,func_decodeEntities_0x100000416
func_Ds_0x100000451,func_sortNodes_0x100000451
func_Gu_0x100000261,func_delayPromise_0x100000261
func_N0_0x10000041b,func_decodeEntitiesInit_0x10000041b
func_T_0x1000001da,func_closeSockets_0x1000001da
func_UM_0x100000087,func_cloneOptions_0x100000087
func_Ut_0x10000140e,func_initWebSocket_0x10000140e
func_Yg_0x100000602,func_constructText_0x100000602
func_Zq_0x100000445,func_normalizeNode_0x100000445
func_bp_0x10000045f,func_renderTree_0x10000045f
func_e_0x100000551,func_loadCheerio_0x100000551
func_hasUnescapedText_0x100000777,func_allowScript_0x100000777
func_kv_0x1000005fd,func_getText_0x1000005fd
func_l_0x1000030f4,func_decryptData_0x1000030f4
func_oncdatastart_0x1000006a2,func_cdataStart_0x1000006a2
func_ontext_0x10000069f,func_textStart_0x10000069f
func_unknown_0x1000002ba,func_runDefault_0x1000002ba
func_unknown_0x100000457,func_parseAttribs_0x100000457
func_unknown_0x100000468,func_upperCase_0x100000468
func_unknown_0x10000046d,func_setParent_0x10000046d
func_unknown_0x100000473,func_setAttribs_0x100000473
func_unknown_0x100000478,func_setChild_0x100000478
func_unknown_0x10000047a,func_setAttribute_0x10000047a
func_unknown_0x10000047e,func_startsWith_0x10000047e
func_unknown_0x10000049c,func_lessEqual_0x10000049c
func_unknown_0x10000049d,func_equals_0x10000049d
func_unknown_0x10000049e,func_greaterEqual_0x10000049e
func_unknown_0x10000049f,func_greaterMultiple_0x10000049f
func_unknown_0x1000004a0,func_lessMultiple_0x1000004a0
func_unknown_0x1000004a3,func_parentTag_0x1000004a3
func_unknown_0x1000004a5,func_chainFilter_0x1000004a5
func_unknown_0x1000004a9,func_tagFilter_0x1000004a9
func_unknown_0x1000004ad,func_matchFilter_0x1000004ad
func_unknown_0x1000004ae,func_matchTag_0x1000004ae
func_unknown_0x1000004b1,func_nameMatch_0x1000004b1
func_unknown_0x1000004b5,func_isTag_0x1000004b5
func_unknown_0x1000004b7,func_parentMatch_0x1000004b7
func_unknown_0x1000004b8,func_hasSibling_0x1000004b8
func_unknown_0x1000004b9,func_prevMatch_0x1000004b9
func_unknown_0x1000004ba,func_nextMatch_0x1000004ba
func_unknown_0x1000004c0,func_parentCheck_0x1000004c0
func_unknown_0x1000004c2,func_hasText_0x1000004c2
func_unknown_0x1000004c7,func_checkNode_0x1000004c7
func_unknown_0x1000004ca,func_selectNodes_0x1000004ca
func_unknown_0x1000004d8,func_isEven_0x1000004d8
func_unknown_0x1000004d9,func_isOdd_0x1000004d9
func_unknown_0x1000004da,func_isAbsent_0x1000004da
func_unknown_0x1000004de,func_addSet_0x1000004de
func_unknown_0x1000004df,func_hasSet_0x1000004df
func_unknown_0x1000004e3,func_appendArray_0x1000004e3
func_unknown_0x1000004eb,func_isAncestor_0x1000004eb
func_unknown_0x1000004ee,func_applyFunc_0x1000004ee
func_unknown_0x1000004f2,func_walkParents_0x1000004f2
func_unknown_0x1000004fb,func_concatChildren_0x1000004fb
func_unknown_0x1000004ff,func_callFilter_0x1000004ff
func_unknown_0x100000500,func_includesType_0x100000500
func_unknown_0x100000501,func_equalsType_0x100000501
func_unknown_0x100000506,func_isMissing_0x100000506
func_unknown_0x100000507,func_notMatch_0x100000507
func_unknown_0x100000509,func_hasMatch_0x100000509
func_unknown_0x100000515,func_normalizeInput_0x100000515
func_unknown_0x100000518,func_concatDom_0x100000518
func_unknown_0x10000051a,func_renderChildren_0x10000051a
func_unknown_0x100000522,func_replaceChildren_0x100000522
func_unknown_0x100000525,func_appendChildren_0x100000525
func_unknown_0x100000527,func_cloneAppend_0x100000527
func_unknown_0x100000529,func_prependChildren_0x100000529
func_unknown_0x10000052b,func_clonePrepend_0x10000052b
func_unknown_0x10000052d,func_detachNode_0x10000052d
func_unknown_0x10000052f,func_replaceNode_0x10000052f
func_unknown_0x100000531,func_clearNode_0x100000531
func_unknown_0x100000534,func_clearNode_0x100000534
func_unknown_0x100000539,func_clearNode_0x100000539
func_unknown_0x100000541,func_copyOption_0x100000541
func_unknown_0x100000543,func_formatRule_0x100000543
func_unknown_0x100000546,func_encodePair_0x100000546
func_unknown_0x100000549,func_parseCookie_0x100000549
func_unknown_0x10000056a,func_prefixMatch_0x10000056a
func_unknown_0x10000056e,func_isFont_0x10000056e
func_unknown_0x10000060d,func_loadModule_0x10000060d
func_unknown_0x100000614,func_defineTypes_0x100000614
func_unknown_0x100000615,func_definePseudos_0x100000615
func_unknown_0x10000062e,func_concatArgs_0x10000062e
func_unknown_0x10000062f,func_charCode_0x10000062f
func_unknown_0x100000630,func_charCode_0x100000630
func_unknown_0x100000631,func_charCode_0x100000631
func_unknown_0x100000634,func_defineExport_0x100000634
func_unknown_0x100000635,func_copyProp_0x100000635
func_unknown_0x100000636,func_exportAll_0x100000636
func_unknown_0x10000063d,func_exportFuncs_0x10000063d
func_unknown_0x100000677,func_defineNodeTypes_0x100000677
func_unknown_0x100000696,func_attributeNode_0x100000696
func_unknown_0x1000006a7,func_charCode_0x1000006a7
func_unknown_0x1000006a8,func_charCode_0x1000006a8
func_unknown_0x1000006a9,func_fromCodePoint_0x1000006a9
func_unknown_0x1000006aa,func_defineChars_0x1000006aa
func_unknown_0x1000006ab,func_defineLengths_0x1000006ab
func_unknown_0x1000006ac,func_defineStates_0x1000006ac
func_unknown_0x1000006ad,func_defineModes_0x1000006ad
func_unknown_0x1000006ba,func_codePoint_0x1000006ba
func_unknown_0x1000006bb,func_codePoint_0x1000006bb
func_unknown_0x1000006bc,func_defineNamespaces_0x1000006bc
func_unknown_0x1000006bd,func_defineModes_0x1000006bd
func_unknown_0x1000006be,func_lowerPair_0x1000006be
func_unknown_0x1000006bf,func_lowerPair_0x1000006bf
func_unknown_0x1000006c3,func_nodeType_0x1000006c3
func_unknown_0x1000006c4,func_isType_0x1000006c4
func_unknown_0x1000006c9,func_defineRelations_0x1000006c9
func_unknown_0x1000006d3,func_defineChars_0x1000006d3
func_unknown_0x100000726,func_checkNode_0x100000726
func_unknown_0x10000072f,func_findAll_0x10000072f
func_unknown_0x100000730,func_findOne_0x100000730
func_unknown_0x100000731,func_mapConcat_0x100000731
func_unknown_0x100000732,func_mapFilter_0x100000732
func_unknown_0x100000733,func_parentRoot_0x100000733
func_unknown_0x100000734,func_ancestorList_0x100000734
func_unknown_0x100000735,func_reverseList_0x100000735
func_unknown_0x100000736,func_parentRoot_0x100000736
func_unknown_0x100000737,func_reverseList_0x100000737
func_unknown_0x100000755,func_appendNode_0x100000755
func_unknown_0x100000756,func_prependNode_0x100000756
func_unknown_0x100000757,func_replaceChildren_0x100000757
func_$W_0x100000547,func_serialize_0x100000547
func_BW_0x100000513,func_merge_0x100000513
func_Dk_0x10000056f,func_isFont_0x10000056f
func_GW_0x10000052e,func_detach_0x10000052e
func_L2_0x1000004c8,func_combine_0x1000004c8
func_LW_0x10000052c,func_prepend_0x10000052c
func_NW_0x100000526,func_append_0x100000526
func_Np_0x1000004aa,func_tagName_0x1000004aa
func_OW_0x10000052a,func_prependTo_0x10000052a
func_PW_0x100000528,func_appendTo_0x100000528
func_Pc_0x1000004a4,func_parentName_0x1000004a4
func_RW_0x100000523,func_replace_0x100000523
func_UW_0x100000530,func_replaceWith_0x100000530
func_WW_0x100000516,func_normalize_0x100000516
func_X4_0x1000002bb,func_initialize_0x1000002bb
func_YW_0x100000544,func_format_0x100000544
func_cc_0x100000502,func_match_0x100000502
func_f2_0x100000469,func_camelize_0x100000469
func_get_attributes_0x100000697,func_attributes_0x100000697
func_html_0x100000640,func_html_0x100000640
func_html_0x100000648,func_html_0x100000648
func_ic_0x10000060e,func_load_0x10000060e
func_jg_0x10000056b,func_prefix_0x10000056b
func_lW_0x1000004fc,func_children_0x1000004fc
func_tag_type_0x1000006c5,func_type_0x1000006c5
func_tk_0x100000552,func_cheerio_0x100000552
func_uniqueSort_0x100000676,func_uniqueSort_0x100000676
func_unknown_0x1000004a6,func_chain_0x1000004a6
func_unknown_0x1000004b6,func_hasTag_0x1000004b6
func_unknown_0x1000004ec,func_hasAncestor_0x1000004ec
func_unknown_0x1000004f3,func_ancestors_0x1000004f3
func_unknown_0x10000051b,func_render_0x10000051b
func_unknown_0x100000532,func_clear_0x100000532
func_unknown_0x100000535,func_normalize_0x100000535
func_unknown_0x10000053a,func_normalizeText_0x10000053a
func_unknown_0x10000054a,func_cookie_0x10000054a
func_unknown_0x100000616,func_define_0x100000616
func_unknown_0x10000063a,func_export_0x10000063a
func_unknown_0x100000758,func_normalizeTree_0x100000758
func_unknown_0x10000075d,func_codes_0x10000075d
func_unknown_0x10000075e,func_errors_0x10000075e
func_unknown_0x10000076f,func_tokens_0x10000076f
func_unknown_0x100000779,func_namespaces_0x100000779
func_unknown_0x10000077a,func_fields_0x10000077a
func_unknown_0x10000077b,func_quirks_0x10000077b
func_unknown_0x10000077c,func_tags_0x10000077c
func_unknown_0x10000077d,func_tagTypes_0x10000077d
func_JW_0x100000533,func_clearAll_0x100000533
func_Mv_0x1000005f5,func_insertToken_0x1000005f5
func_Wk_0x10000056d,func_doctypeMode_0x10000056d
func_Zp_0x10000051c,func_setRenderer_0x10000051c
func_after_0x100000742,func_after_0x100000742
func_before_0x100000745,func_before_0x100000745
func_contents_0x1000006d8,func_contents_0x1000006d8
func_insertAfter_0x100000749,func_insertAfter_0x100000749
func_insertBefore_0x10000074a,func_insertBefore_0x10000074a
func_jW_0x100000536,func_renderChildren_0x100000536
func_l0_0x1000004a7,func_chain_0x1000004a7
func_remove_0x10000074d,func_remove_0x10000074d
func_replaceWith_0x10000074e,func_replaceWith_0x10000074e
func_serialize_0x10000075a,func_serialize_0x10000075a
func_t2_0x10000044c,func_filterTree_0x10000044c
func_unknown_0x10000047f,func_camelize_0x10000047f
func_unknown_0x10000077e,func_tokenStates_0x10000077e
func_unknown_0x100000816,func_nodeTypes_0x100000816
func_unknown_0x100000819,func_attributePair_0x100000819
func_unknown_0x10000081a,func_attributeMatch_0x10000081a
func_unknown_0x100000821,func_isMarker_0x100000821
func_unknown_0x100000823,func_isElement_0x100000823
func_unknown_0x100000848,func_lowerPair_0x100000848
func_unknown_0x100000849,func_lowerName_0x100000849
func_unknown_0x10000084a,func_treeModes_0x10000084a
func_unknown_0x100000858,func_isDoctype_0x100000858
func_unknown_0x100000867,func_containsMarker_0x100000867
func_unknown_0x10000089c,func_charCodes_0x10000089c
func_unknown_0x10000089d,func_htmlStates_0x10000089d
func_unknown_0x10000089e,func_quoteModes_0x10000089e
func_unknown_0x1000008f1,func_parseDocument_0x1000008f1
func_unknown_0x10000091a,func_initConfig_0x10000091a
func_unknown_0x10000091c,func_loadNative_0x10000091c
func_unknown_0x100000927,func_interopDefault_0x100000927
func_unknown_0x100000935,func_watchError_0x100000935
func_unknown_0x10000093d,func_stringify_0x10000093d
func_unknown_0x100000946,func_interopDefault_0x100000946
func_unknown_0x100000953,func_interopDefault_0x100000953
func_unknown_0x10000095d,func_interopDefault_0x10000095d
func_unknown_0x100000971,func_interopDefault_0x100000971
func_unknown_0x100000979,func_interopDefault_0x100000979
func_unknown_0x100000981,func_interopDefault_0x100000981
func_unknown_0x100000989,func_interopDefault_0x100000989
func_unknown_0x100000999,func_defineExport_0x100000999
func_unknown_0x10000099b,func_copyProp_0x10000099b
func_Xk_0x100000582,func_setDocumentMode_0x100000582
func_empty_0x100000747,func_clearAll_0x100000747
func_ensureNoahArkCondition_0x10000081b,func_ensureNoahArk_0x10000081b
func_getElementEntryInScopeWithTagName_0x100000822,func_getScopedElement_0x100000822
func_getElementEntry_0x100000824,func_getElement_0x100000824
func_getElementsByTagType_0x10000065d,func_getElements_0x10000065d
func_html_0x100000748,func_renderHtml_0x100000748
func_processStartTag_0x100000877,func_processStartTag_0x100000877
func_reconstructActiveFormattingElements_0x100000868,func_reconstructFormatting_0x100000868
func_setDocumentType_0x100000859,func_setDoctype_0x100000859
func_unknown_0x10000099d,func_assign_0x10000099d
func_unknown_0x1000009b4,func_interopDefault_0x1000009b4
func_unknown_0x1000009b6,func_noop_0x1000009b6
func_unknown_0x1000009b9,func_terminate_0x1000009b9
func_unknown_0x1000009bb,func_onceExit_0x1000009bb
func_unknown_0x1000009be,func_closeHandle_0x1000009be
func_unknown_0x1000009c2,func_emitExit_0x1000009c2
func_unknown_0x1000009f2,func_charCode_0x1000009f2
func_unknown_0x100000a08,func_prefixPath_0x100000a08
func_unknown_0x100000ada,func_hasMagic_0x100000ada
func_unknown_0x100000adc,func_toString_0x100000adc
func_unknown_0x100000add,func_toString_0x100000add
func_unknown_0x100000ae0,func_appendPart_0x100000ae0
func_unknown_0x100000ae2,func_toJson_0x100000ae2
func_unknown_0x100000ae3,func_toJson_0x100000ae3
func_unknown_0x100000ae6,func_isStart_0x100000ae6
func_unknown_0x100000ae8,func_isEnd_0x100000ae8
func_unknown_0x100000aea,func_clonePush_0x100000aea
func_unknown_0x100000aec,func_copySelector_0x100000aec
func_unknown_0x100000af0,func_toPattern_0x100000af0
func_unknown_0x100000af2,func_getOptions_0x100000af2
func_unknown_0x100000b07,func_updatePattern_0x100000b07
func_unknown_0x100000b08,func_needsUpdate_0x100000b08
func_unknown_0x100000b79,func_interopDefault_0x100000b79
func_unknown_0x100000b7b,func_isExtglob_0x100000b7b
func_unknown_0x100000b7d,func_isDotfile_0x100000b7d
func_unknown_0x100000b7f,func_isHidden_0x100000b7f
func_unknown_0x100000b81,func_isHiddenLower_0x100000b81
func_unknown_0x100000b89,func_isSpecial_0x100000b89
func_unknown_0x100000b8c,func_isSpecialLower_0x100000b8c
func_unknown_0x100000b8f,func_isPattern_0x100000b8f
func_unknown_0x100000b92,func_isPatternLower_0x100000b92
func_unknown_0x100000b95,func_isSingleDotfile_0x100000b95
func_unknown_0x100000b98,func_isDotSegment_0x100000b98
func_unknown_0x100000b9a,func_matchGlob_0x100000b9a
func_unknown_0x100000ba4,func_glob_0x100000ba4
func_unknown_0x100000ba8,func_createMinimatch_0x100000ba8
func_unknown_0x100000bac,func_parseGlob_0x100000bac
func_unknown_0x100000bb8,func_matchPath_0x100000bb8
func_unknown_0x100000bbf,func_noop_0x100000bbf
func_unknown_0x100000bc1,func_errorLog_0x100000bc1
func_unknown_0x100000bc2,func_splitPath_0x100000bc2
func_unknown_0x100000bc4,func_parsePath_0x100000bc4
func_unknown_0x100000bc5,func_parsePath_0x100000bc5
func_unknown_0x100000bc6,func_parsePath_0x100000bc6
func_unknown_0x100000bc8,func_containsNull_0x100000bc8
func_unknown_0x100000bcb,func_optimize_0x100000bcb
func_unknown_0x100000bd8,func_collapseGlobstar_0x100000bd8
func_unknown_0x100000bdc,func_appendSegment_0x100000bdc
func_unknown_0x100000be0,func_normalizePath_0x100000be0
func_unknown_0x100000be2,func_normalizePaths_0x100000be2
func_unknown_0x100000be4,func_length_0x100000be4
func_unknown_0x100000be7,func_comparePaths_0x100000be7
func_unknown_0x100000be9,func_negatePattern_0x100000be9
func_Ee_0x100000b7c,func_initExtglob_0x100000b7c
func_S_0x1000009b7,func_spawnProcess_0x1000009b7
func_fe_0x100000b80,func_initHidden_0x100000b80
func_ge_0x100000b82,func_initHiddenLower_0x100000b82
func_gt_0x100000b7e,func_initDotfile_0x100000b7e
func_st_0x100000b9b,func_initGlob_0x100000b9b
func_unknown_0x100000ade,func_buildPattern_0x100000ade
func_unknown_0x100000bdd,func_splitPath_0x100000bdd
func_unknown_0x100000beb,func_matchOne_0x100000beb
func_unknown_0x100000bed,func_expandBrace_0x100000bed
func_unknown_0x100000c15,func_normalizePattern_0x100000c15
func_unknown_0x100000c17,func_combineGlobstar_0x100000c17
func_unknown_0x100000c18,func_isNotGlobstar_0x100000c18
func_unknown_0x100000c1c,func_splitSlash_0x100000c1c
func_unknown_0x100000c1e,func_matchPath_0x100000c1e
func_unknown_0x100000c20,func_createMinimatch_0x100000c20
func_unknown_0x100000c78,func_addAbort_0x100000c78
func_unknown_0x100000c7d,func_triggerAbort_0x100000c7d
func_unknown_0x100000c8b,func_heapPush_0x100000c8b
func_unknown_0x100000c8d,func_heapPop_0x100000c8d
func_unknown_0x100000cb0,func_deleteEntry_0x100000cb0
func_unknown_0x100000cb3,func_recordTime_0x100000cb3
func_unknown_0x100000cb7,func_resetCount_0x100000cb7
func_unknown_0x100000cbe,func_removeSize_0x100000cbe
func_unknown_0x100000ccf,func_abortReason_0x100000ccf
func_unknown_0x100000cd6,func_abortFetch_0x100000cd6
func_unknown_0x100000cd9,func_handleFetchAbort_0x100000cd9
func_unknown_0x100000ceb,func_initCache_0x100000ceb
func_unknown_0x100000cec,func_getHead_0x100000cec
func_unknown_0x100000ced,func_getTail_0x100000ced
func_unknown_0x100000cee,func_getSize_0x100000cee
func_unknown_0x100000cef,func_getCount_0x100000cef
func_unknown_0x100000cf0,func_getStart_0x100000cf0
func_unknown_0x100000cf1,func_getPrev_0x100000cf1
func_unknown_0x100000cf2,func_getNext_0x100000cf2
func_unknown_0x100000cf4,func_getInfinity_0x100000cf4
func_unknown_0x100000d02,func_entries_0x100000d02
func_unknown_0x100000d0a,func_pruneCache_0x100000d0a
func_unknown_0x100000d10,func_loadCache_0x100000d10
func_unknown_0x100000d61,func_interopDefault_0x100000d61
func_unknown_0x100000d6b,func_noopCall_0x100000d6b
func_unknown_0x100000d6e,func_removeDrain_0x100000d6e
func_unknown_0x100000d6f,func_noop_0x100000d6f
func_unknown_0x100000d71,func_endPipe_0x100000d71
func_unknown_0x100000d74,func_emitError_0x100000d74
func_unknown_0x100000d77,func_unpipeStream_0x100000d77
func_unknown_0x100000d7d,func_noopCall2_0x100000d7d
func_unknown_0x100000d7f,func_getEncoding_0x100000d7f
func_unknown_0x100000d80,func_getLength_0x100000d80
func_unknown_0x100000d82,func_encodingError_0x100000d82
func_unknown_0x100000d84,func_encodingError2_0x100000d84
func_unknown_0x100000d85,func_getObjectMode_0x100000d85
func_unknown_0x100000d87,func_objectModeError_0x100000d87
func_unknown_0x100000d88,func_getEnded_0x100000d88
func_unknown_0x100000d89,func_setEnded_0x100000d89
func_unknown_0x100000d8b,func_abortStream_0x100000d8b
func_unknown_0x100000d8c,func_isAborted_0x100000d8c
func_unknown_0x100000d8d,func_noop2_0x100000d8d
func_unknown_0x100000d93,func_writeChunk_0x100000d93
func_unknown_0x100000d95,func_endWrite_0x100000d95
func_unknown_0x100000d97,func_resumeStream_0x100000d97
func_unknown_0x100000d98,func_readChunk_0x100000d98
func_unknown_0x100000d99,func_pauseStream_0x100000d99
func_unknown_0x100000d9a,func_isPaused_0x100000d9a
func_unknown_0x100000d9b,func_isFlowing_0x100000d9b
func_unknown_0x100000d9c,func_isWritable_0x100000d9c
func_unknown_0x100000d9e,func_bufferPush_0x100000d9e
func_unknown_0x100000da0,func_bufferShift_0x100000da0
func_unknown_0x100000da2,func_flushBuffer_0x100000da2
func_unknown_0x100000da4,func_emitData_0x100000da4
func_unknown_0x100000da6,func_readChunk2_0x100000da6
func_unknown_0x100000da9,func_isDestination_0x100000da9
func_unknown_0x100000dab,func_addListener_0x100000dab
func_unknown_0x100000dad,func_callListener_0x100000dad
func_unknown_0x100000db0,func_removeListener_0x100000db0
func_unknown_0x100000db2,func_offListener_0x100000db2
func_unknown_0x100000db4,func_clearListeners_0x100000db4
func_unknown_0x100000db5,func_isFinished_0x100000db5
func_unknown_0x100000db7,func_finishStream_0x100000db7
func_unknown_0x100000db9,func_callEnd_0x100000db9
func_unknown_0x100000dbc,func_broadcastData_0x100000dbc
func_unknown_0x100000dbe,func_callFinish_0x100000dbe
func_De_0x100000d7e,func_initStream_0x100000d7e
func_Ke_0x100000d6c,func_pipe_0x100000d6c
func_T_0x1000009a2,func_spawnUser_0x1000009a2
func_unknown_0x100000dc4,func_buffer_0x100000dc4
func_unknown_0x100000dca,func_destroyError_0x100000dca
func_unknown_0x100000dcb,func_destroy_0x100000dcb
func_unknown_0x100000dcc,func_undestroy_0x100000dcc
func_unknown_0x100000de4,func_self_0x100000de4
func_unknown_0x100000dea,func_self_0x100000dea
func_unknown_0x100000ded,func_destroy_0x100000ded
func_unknown_0x100000def,func_isStream_0x100000def
func_unknown_0x100000e5c,func_exportGetter_0x100000e5c
func_unknown_0x100000e5e,func_exportCopy_0x100000e5e
func_unknown_0x100000e60,func_exportDefault_0x100000e60
func_unknown_0x100000e62,func_assignDefault_0x100000e62
func_unknown_0x100000e64,func_interopRequire_0x100000e64
func_unknown_0x100000e8b,func_callback_0x100000e8b
func_unknown_0x100000e8f,func_stat_0x100000e8f
func_unknown_0x100000e90,func_lstat_0x100000e90
func_unknown_0x100000e91,func_readdir_0x100000e91
func_unknown_0x100000e92,func_readlink_0x100000e92
func_unknown_0x100000e93,func_realpath_0x100000e93
func_unknown_0x100000e94,func_resolve_0x100000e94
func_unknown_0x100000e95,func_relative_0x100000e95
func_unknown_0x100000e96,func_relativePosix_0x100000e96
func_unknown_0x100000e97,func_fullpath_0x100000e97
func_unknown_0x100000e98,func_fullpathPosix_0x100000e98
func_unknown_0x100000e99,func_depth_0x100000e99
func_unknown_0x100000e9a,func_name_0x100000e9a
func_unknown_0x100000e9b,func_parent_0x100000e9b
func_unknown_0x100000e9c,func_children_0x100000e9c
func_unknown_0x100000e9d,func_root_0x100000e9d
func_unknown_0x100000e9e,func_roots_0x100000e9e
func_unknown_0x100000e9f,func_nocase_0x100000e9f
func_unknown_0x100000ea0,func_flags_0x100000ea0
func_unknown_0x100000ea2,func_fullpath_0x100000ea2
func_unknown_0x100000ea4,func_depth_0x100000ea4
func_unknown_0x100000ea5,func_childrenCache_0x100000ea5
func_unknown_0x100000ea7,func_resolvePath_0x100000ea7
func_unknown_0x100000ea9,func_createChildren_0x100000ea9
func_unknown_0x100000eab,func_child_0x100000eab
func_unknown_0x100000ead,func_relativePath_0x100000ead
func_unknown_0x100000eaf,func_relativePosix_0x100000eaf
func_unknown_0x100000eb1,func_fullpathPath_0x100000eb1
func_unknown_0x100000eb3,func_fullpathPosix_0x100000eb3
func_unknown_0x100000eb5,func_isFile_0x100000eb5
func_unknown_0x100000eb6,func_isType_0x100000eb6
func_unknown_0x100000eb8,func_kind_0x100000eb8
func_unknown_0x100000eba,func_isFile_0x100000eba
func_unknown_0x100000ebc,func_isDirectory_0x100000ebc
func_unknown_0x100000ebe,func_isSymbolicLink_0x100000ebe
func_unknown_0x100000ec0,func_isFIFO_0x100000ec0
func_unknown_0x100000ec2,func_isCharacterDevice_0x100000ec2
func_unknown_0x100000ec4,func_isBlockDevice_0x100000ec4
func_unknown_0x100000ec6,func_isSocket_0x100000ec6
func_unknown_0x100000ec8,func_rootNode_0x100000ec8
func_unknown_0x100000ecc,func_provisionalChildren_0x100000ecc
func_unknown_0x100000ece,func_isReadable_0x100000ece
func_unknown_0x100000ed0,func_isDirectory_0x100000ed0
func_unknown_0x100000ed2,func_isHidden_0x100000ed2
func_unknown_0x100000ed4,func_matchName_0x100000ed4
func_unknown_0x100000ede,func_noop_0x100000ede
func_unknown_0x100000edf,func_noop_0x100000edf
func_unknown_0x100000ee5,func_setValue_0x100000ee5
func_unknown_0x100000eea,func_isDirectory_0x100000eea
func_unknown_0x100000eec,func_hasChild_0x100000eec
func_unknown_0x100000ef2,func_clearCache_0x100000ef2
func_unknown_0x100000ef6,func_subclass_0x100000ef6
func_unknown_0x100000ef8,func_parseRoot_0x100000ef8
func_unknown_0x100000efa,func_resolveRoot_0x100000efa
func_unknown_0x100000efc,func_sameRoot_0x100000efc
func_unknown_0x100000f00,func_rootPrefix_0x100000f00
func_unknown_0x100000f02,func_root_0x100000f02
func_unknown_0x100000f04,func_constructClass_0x100000f04
func_unknown_0x100000f09,func_depthOf_0x100000f09
func_unknown_0x100000f0c,func_resolveFullpath_0x100000f0c
func_unknown_0x100000f0e,func_resolveFullpathPosix_0x100000f0e
func_unknown_0x100000f10,func_resolveRelative_0x100000f10
func_unknown_0x100000f12,func_resolveRelativePosix_0x100000f12
func_unknown_0x100000f14,func_resolveName_0x100000f14
func_unknown_0x100000f16,func_resolveParent_0x100000f16
func_unknown_0x100000f18,func_nameOf_0x100000f18
func_unknown_0x100000f1b,func_nameOf_0x100000f1b
func_unknown_0x100000f20,func_lstat_0x100000f20
func_unknown_0x100000f24,func_readlink_0x100000f24
func_unknown_0x100000f28,func_realpath_0x100000f28
func_unknown_0x100000f4a,func_handleError_0x100000f4a
func_K_0x100000e8c,func_flushQueue_0x100000e8c
func_U_0x100000d62,func_isStream_0x100000d62
func_unknown_0x100000cb5,func_hydrateTtl_0x100000cb5
func_unknown_0x100000cba,func_remainingTtl_0x100000cba
func_unknown_0x100000cbc,func_isExpired_0x100000cbc
func_unknown_0x100000f4e,func_walk_0x100000f4e
func_unknown_0x100000f50,func_iterate_0x100000f50
func_unknown_0x100000f52,func_stream_0x100000f52
func_unknown_0x100000f54,func_iterateSync_0x100000f54
func_unknown_0x100000f56,func_walkSync_0x100000f56
func_unknown_0x100000f60,func_statify_0x100000f60
func_unknown_0x100000f6e,func_setCwd_0x100000f6e
func_unknown_0x100000f73,func_rootify_0x100000f73
func_unknown_0x100000f75,func_createNode_0x100000f75
func_unknown_0x100000f77,func_isRooted_0x100000f77
func_unknown_0x100000f7b,func_slash_0x100000f7b
func_unknown_0x100000f7d,func_createClass_0x100000f7d
func_unknown_0x100000f7f,func_isAbsolute_0x100000f7f
func_unknown_0x100000f9e,func_current_0x100000f9e
func_unknown_0x100000fa0,func_isString_0x100000fa0
func_unknown_0x100000fa2,func_isGlobstar_0x100000fa2
func_unknown_0x100000fa4,func_isRegExp_0x100000fa4
func_unknown_0x100000fa6,func_globString_0x100000fa6
func_unknown_0x100000fa8,func_hasMore_0x100000fa8
func_unknown_0x100000fac,func_isDrive_0x100000fac
func_unknown_0x100000fae,func_isDriveLetter_0x100000fae
func_unknown_0x100000fb0,func_isUNC_0x100000fb0
func_unknown_0x100000fb2,func_rootName_0x100000fb2
func_unknown_0x100000fb4,func_isGlobstarStart_0x100000fb4
func_unknown_0x100000fb6,func_consumeGlobstar_0x100000fb6
func_unknown_0x100000fc4,func_matchPath_0x100000fc4
func_unknown_0x100000fc6,func_matchChild_0x100000fc6
func_unknown_0x100000fdd,func_hasMatch_0x100000fdd
func_unknown_0x100000fdf,func_addMatch_0x100000fdf
func_unknown_0x100000fe3,func_mergeFlags_0x100000fe3
func_unknown_0x100000fe5,func_peekPair_0x100000fe5
func_unknown_0x100000fea,func_isCurrent_0x100000fea
func_unknown_0x100000fed,func_getNode_0x100000fed
func_unknown_0x100000fef,func_nodeEntry_0x100000fef
func_unknown_0x100000ff2,func_canReaddir_0x100000ff2
func_unknown_0x100000ff8,func_contextPair_0x100000ff8
func_unknown_0x100000ffb,func_subwalkKeys_0x100000ffb
func_unknown_0x100000fff,func_dispatch_0x100000fff
func_unknown_0x100001001,func_processNode_0x100001001
func_unknown_0x100001003,func_processPattern_0x100001003
func_unknown_0x100001005,func_processName_0x100001005
func_unknown_0x10000102d,func_clearQueue_0x10000102d
func_unknown_0x100001030,func_pause_0x100001030
func_unknown_0x100001032,func_resume_0x100001032
func_unknown_0x100001034,func_enqueue_0x100001034
func_unknown_0x100001038,func_shouldVisit_0x100001038
func_unknown_0x10000103a,func_matchCheck_0x10000103a
func_unknown_0x10000103c,func_matchEmit_0x10000103c
func_unknown_0x100001040,func_finishMatch_0x100001040
func_unknown_0x100001042,func_processAsync_0x100001042
func_unknown_0x100001048,func_walkAsync_0x100001048
func_unknown_0x10000104b,func_initAsync_0x10000104b
func_unknown_0x10000104c,func_walkAsyncCb_0x10000104c
func_unknown_0x100001051,func_initStrict_0x100001051
func_unknown_0x100001054,func_processSync_0x100001054
func_unknown_0x10000105a,func_walkSyncCb_0x10000105a
func_unknown_0x100001066,func_addMatchNode_0x100001066
func_unknown_0x100001070,func_signalMatches_0x100001070
func_unknown_0x100000fe6,func_entries_0x100000fe6
func_unknown_0x100000ff9,func_walk_0x100000ff9
func_unknown_0x100001075,func_abortReason_0x100001075
func_unknown_0x100001079,func_resume_0x100001079
func_unknown_0x10000107a,func_resume_0x10000107a
func_unknown_0x10000107d,func_write_0x10000107d
func_unknown_0x10000109e,func_slashify_0x10000109e
func_unknown_0x10000109f,func_globify_0x10000109f
func_unknown_0x1000010a0,func_minimatch_0x1000010a0
func_unknown_0x1000010a1,func_append_0x1000010a1
func_unknown_0x1000010a3,func_pattern_0x1000010a3
func_unknown_0x1000010a8,func_walkSync_0x1000010a8
func_unknown_0x1000010aa,func_stream_0x1000010aa
func_unknown_0x1000010ac,func_streamSync_0x1000010ac
func_unknown_0x1000010ae,func_iterateSync_0x1000010ae
func_unknown_0x1000010b0,func_iterateSync_0x1000010b0
func_unknown_0x1000010b2,func_asyncIterate_0x1000010b2
func_unknown_0x1000010b4,func_iterate_0x1000010b4
func_unknown_0x1000010c6,func_iterateSync_0x1000010c6
func_unknown_0x1000010e1,func_exportDefault_0x1000010e1
func_unknown_0x1000010e9,func_interopDefault_0x1000010e9
func_unknown_0x1000010f1,func_callDefault_0x1000010f1
func_unknown_0x1000010f4,func_callDefault_0x1000010f4
func_unknown_0x1000010f7,func_callDefault_0x1000010f7
func_unknown_0x1000010fa,func_callDefault_0x1000010fa
func_unknown_0x1000010fd,func_callDefault_0x1000010fd
func_unknown_0x100001100,func_callDefault_0x100001100
func_unknown_0x100001103,func_callDefault_0x100001103
func_unknown_0x100001106,func_callDefault_0x100001106
func_unknown_0x100001109,func_callDefault_0x100001109
func_unknown_0x10000111a,func_interopDefault_0x10000111a
func_unknown_0x100001120,func_identity_0x100001120
func_unknown_0x10000112a,func_ignoreEnoent_0x10000112a
func_unknown_0x100001142,func_ifDefined_0x100001142
func_unknown_0x100001145,func_unlinkSync_0x100001145
func_unknown_0x100001146,func_rmdirSync_0x100001146
func_unknown_0x100001156,func_removeSync_0x100001156
func_unknown_0x100001181,func_retrySync_0x100001181
func_unknown_0x10000118c,func_interopDefault_0x10000118c
func_unknown_0x10000118f,func_isDirectory_0x10000118f
func_unknown_0x100001190,func_noop_0x100001190
func_unknown_0x1000011b4,func_remove_0x1000011b4
func_unknown_0x1000011b6,func_ignoreEnoent_0x1000011b6
func_unknown_0x1000011bf,func_ifDefined_0x1000011bf
func_unknown_0x1000011c7,func_removeTemp_0x1000011c7
func_unknown_0x1000011e3,func_removeSync_0x1000011e3
func_unknown_0x1000011ea,func_ifDefined_0x1000011ea
func_unknown_0x1000011ed,func_remove_0x1000011ed
func_unknown_0x1000011f9,func_interopDefault_0x1000011f9
func_unknown_0x100001207,func_interopDefault_0x100001207
func_unknown_0x100001208,func_parseInt_0x100001208
func_unknown_0x100001209,func_noop_0x100001209
func_unknown_0x10000120a,func_hasOptions_0x10000120a
func_unknown_0x10000120b,func_noop_0x10000120b
func_unknown_0x10000120c,func_hasOptions_0x10000120c
func_unknown_0x10000121f,func_interopDefault_0x10000121f
func_unknown_0x100001225,func_normalize_0x100001225
func_unknown_0x100001226,func_ifDefined_0x100001226
func_unknown_0x10000122a,func_normalize_0x10000122a
func_unknown_0x10000122b,func_ifDefined_0x10000122b
func_unknown_0x10000122e,func_removeSync_0x10000122e
func_unknown_0x10000122f,func_remove_0x10000122f
func_unknown_0x10000123e,func_tmpName_0x10000123e
func_unknown_0x10000126f,func_unlink_0x10000126f
func_unknown_0x100001279,func_noop_0x100001279
func_unknown_0x1000012db,func_cleanupFd_0x1000012db
func_unknown_0x1000012dd,func_cleanup_0x1000012dd
func_unknown_0x1000012e0,func_cleanupPath_0x1000012e0
func_unknown_0x1000012e2,func_cleanup_0x1000012e2
func_unknown_0x1000012ee,func_shadowCopy_0x1000012ee
func_unknown_0x10000130e,func_exportGetter_0x10000130e
func_unknown_0x100001310,func_exportAssign_0x100001310
func_unknown_0x100001312,func_exportDefault_0x100001312
func_unknown_0x100001314,func_exportDefault_0x100001314
func_unknown_0x100001316,func_interopRequire_0x100001316
func_unknown_0x100001318,func_exportAll_0x100001318
func_unknown_0x10000132d,func_readableWrite_0x10000132d
func_unknown_0x10000132f,func_destroyStream_0x10000132f
func_unknown_0x100001331,func_endStream_0x100001331
func_unknown_0x100001336,func_closeStream_0x100001336
func_unknown_0x100001338,func_finalizeStream_0x100001338
func_unknown_0x10000133c,func_finalize_0x10000133c
func_unknown_0x10000133e,func_finalize_0x10000133e
func_unknown_0x100001341,func_resumeStream_0x100001341
func_unknown_0x100001344,func_writeStream_0x100001344
func_unknown_0x100001351,func_websocket_0x100001351
func_unknown_0x100001361,func_platformMatch_0x100001361
func_unknown_0x100001368,func_supported_0x100001368
func_unknown_0x10000136d,func_compare_0x10000136d
func_unknown_0x1000013be,func_mask_0x1000013be
func_unknown_0x1000013dc,func_mask_0x1000013dc
func_unknown_0x1000013de,func_unmask_0x1000013de
func_unknown_0x1000013e7,func_drain_0x1000013e7
func_unknown_0x1000013ea,func_enqueue_0x1000013ea
func_unknown_0x1000013ec,func_process_0x1000013ec
func_unknown_0x100001410,func_extensionName_0x100001410
func_unknown_0x100001412,func_offer_0x100001412
func_unknown_0x100001414,func_accept_0x100001414
func_unknown_0x100001416,func_cleanup_0x100001416
func_unknown_0x100001418,func_accept_0x100001418
func_A_0x10000112b,func_ignoreEnoent_0x10000112b
func_Be_0x100001369,func_setSupported_0x100001369
func_Re_0x100001362,func_setPlatformMatch_0x100001362
func_Yt_0x10000127a,func_runOnce_0x10000127a
func_b_0x100001191,func_isDirectory_0x100001191
func_c_0x100001121,func_identityCatch_0x100001121
func_f_0x100001182,func_setRetrySync_0x100001182
func_t_0x10000136e,func_setCompare_0x10000136e
func_u_0x100001157,func_setRemoveSync_0x100001157
func_unknown_0x1000010f2,func_chmod_0x1000010f2
func_unknown_0x1000010f5,func_mkdir_0x1000010f5
func_unknown_0x1000010f8,func_readdir_0x1000010f8
func_unknown_0x1000010fb,func_rename_0x1000010fb
func_unknown_0x100001101,func_rmdir_0x100001101
func_unknown_0x100001104,func_stat_0x100001104
func_unknown_0x100001107,func_lstat_0x100001107
func_unknown_0x10000110a,func_unlink_0x10000110a
func_unknown_0x1000011ef,func_removeSync_0x1000011ef
func_unknown_0x1000012dc,func_cleanupFd_0x1000012dc
func_unknown_0x1000012e1,func_cleanupPath_0x1000012e1
func_unknown_0x10000141b,func_validateParams_0x10000141b
func_unknown_0x10000142f,func_parseParam_0x10000142f
func_unknown_0x100001439,func_callDefault_0x100001439
func_unknown_0x100001447,func_callDefault_0x100001447
func_unknown_0x100001450,func_inflateFlush_0x100001450
func_unknown_0x100001458,func_deflateFlush_0x100001458
func_unknown_0x10000147d,func_exportUtf8Valid_0x10000147d
func_unknown_0x1000014ae,func_validateUtf8Fast_0x1000014ae
func_unknown_0x1000014b0,func_validateUtf8Slow_0x1000014b0
func_unknown_0x1000014ee,func_bufferChunk_0x1000014ee
func_unknown_0x1000014f0,func_consumeBytes_0x1000014f0
func_unknown_0x1000014f2,func_startLoop_0x1000014f2
func_unknown_0x1000014f4,func_parseFrame_0x1000014f4
func_unknown_0x1000014f6,func_readLength16_0x1000014f6
func_unknown_0x1000014f8,func_readLength64_0x1000014f8
func_unknown_0x1000014fa,func_haveLength_0x1000014fa
func_unknown_0x1000014fc,func_readMask_0x1000014fc
func_unknown_0x1000014fe,func_processData_0x1000014fe
func_unknown_0x10000150b,func_handleMessage_0x10000150b
func_unknown_0x10000150f,func_emitText_0x10000150f
func_unknown_0x100001511,func_emitBinary_0x100001511
func_unknown_0x100001515,func_emitControl_0x100001515
func_unknown_0x100001518,func_createError_0x100001518
func_unknown_0x100001542,func_frame_0x100001542
func_unknown_0x100001544,func_closeFrame_0x100001544
func_unknown_0x100001546,func_pingFrame_0x100001546
func_unknown_0x100001548,func_pongFrame_0x100001548
func_unknown_0x10000154a,func_sendMessage_0x10000154a
func_unknown_0x10000154d,func_dispatch_0x10000154d
func_unknown_0x100001550,func_dequeue_0x100001550
func_unknown_0x100001552,func_enqueue_0x100001552
func_B_0x1000010f9,func_readDir_0x1000010f9
func_C_0x1000010f6,func_mkdir_0x1000010f6
func_E_0x1000010f3,func_chmod_0x1000010f3
func_I_0x1000010ff,func_stat_0x1000010ff
func_P_0x10000110b,func_unlink_0x10000110b
func_S_0x1000010fc,func_rename_0x1000010fc
func_fe_0x1000013a3,func_resolvePrebuild_0x1000013a3
func_it_0x10000127b,func_once_0x10000127b
func_unknown_0x100001108,func_lstat_0x100001108
func_unknown_0x100001554,func_writev_0x100001554
func_unknown_0x100001569,func_setSocket_0x100001569
func_unknown_0x10000156a,func_getSocket_0x10000156a
func_unknown_0x10000156b,func_getBuffer_0x10000156b
func_unknown_0x10000156e,func_getState_0x10000156e
func_unknown_0x10000156f,func_getCloseCode_0x10000156f
func_unknown_0x100001570,func_getExtensions_0x100001570
func_unknown_0x100001573,func_getProtocol_0x100001573
func_unknown_0x100001574,func_getReadyState_0x100001574
func_unknown_0x100001577,func_getUrl_0x100001577
func_unknown_0x100001591,func_formatHeader_0x100001591
func_unknown_0x1000015d1,func_handleClose_0x1000015d1
func_unknown_0x10000163f,func_getBinaryType_0x10000163f
func_unknown_0x100001641,func_setBinaryType_0x100001641
func_unknown_0x100001643,func_bufferedAmount_0x100001643
func_unknown_0x100001645,func_extensions_0x100001645
func_unknown_0x100001647,func_isPaused_0x100001647
func_unknown_0x100001648,func_noop_0x100001648
func_unknown_0x100001649,func_noop_0x100001649
func_unknown_0x10000164a,func_noop_0x10000164a
func_unknown_0x10000164b,func_noop_0x10000164b
func_unknown_0x10000164d,func_protocol_0x10000164d
func_unknown_0x10000164f,func_readyState_0x10000164f
func_unknown_0x100001653,func_attachSocket_0x100001653
func_unknown_0x100001655,func_finalizeClose_0x100001655
func_unknown_0x100001658,func_closeFrame_0x100001658
func_unknown_0x10000165b,func_pause_0x10000165b
func_unknown_0x10000165d,func_ping_0x10000165d
func_unknown_0x10000165f,func_pong_0x10000165f
func_unknown_0x100001661,func_resume_0x100001661
func_unknown_0x100001663,func_send_0x100001663
func_unknown_0x100001667,func_defineProp_0x100001667
func_unknown_0x10000167f,func_removeListeners_0x10000167f
func_unknown_0x100001687,func_formatError_0x100001687
func_unknown_0x1000016ad,func_sendStatus_0x1000016ad
func_unknown_0x1000016b2,func_address_0x1000016b2
func_unknown_0x1000016b7,func_serverError_0x1000016b7
func_unknown_0x1000016bc,func_matchPath_0x1000016bc
func_unknown_0x1000016d3,func_startPing_0x1000016d3
func_unknown_0x1000016d4,func_stopPing_0x1000016d4
func_unknown_0x1000016d5,func_handlePong_0x1000016d5
func_unknown_0x1000016d8,func_close_0x1000016d8
func_unknown_0x1000016db,func_sendPing_0x1000016db
func_unknown_0x1000016de,func_clearTimers_0x1000016de
func_unknown_0x1000016e0,func_clearTimeout_0x1000016e0
func_unknown_0x1000016e2,func_noop_0x1000016e2
func_unknown_0x1000016f1,func_normalizeError_0x1000016f1
func_unknown_0x1000016f5,func_initCodes_0x1000016f5
func_unknown_0x100001758,func_getTransformers_0x100001758
func_unknown_0x10000175b,func_applyRuntime_0x10000175b
func_unknown_0x100001766,func_handleResult_0x100001766
func_unknown_0x100001768,func_handleError_0x100001768
func_unknown_0x10000176c,func_query_0x10000176c
func_unknown_0x10000176e,func_mutation_0x10000176e
func_unknown_0x10000179d,func_initCrypto_0x10000179d
func_unknown_0x10000179e,func_initUuidRegex_0x10000179e
func_unknown_0x1000017b3,func_initCrypto2_0x1000017b3
func_unknown_0x1000017bb,func_initRandomUuid_0x1000017bb
func_unknown_0x1000017c2,func_initCrypto3_0x1000017c2
func_unknown_0x1000017c9,func_noop_0x1000017c9
func_unknown_0x100001819,func_interopDefault_0x100001819
func_unknown_0x10000192d,func_initModule_0x10000192d
func_unknown_0x10000192f,func_formatBigInt_0x10000192f
func_unknown_0x100001937,func_formatKey_0x100001937
func_unknown_0x100001949,func_getStructures_0x100001949
func_unknown_0x100001979,func_mergeStructures_0x100001979
func_unknown_0x100001987,func_unpackMessages_0x100001987
func_unknown_0x100001bb5,func_unpack_0x100001bb5
func_unknown_0x100001bba,func_cloneArray_0x100001bba
func_unknown_0x100001bbd,func_callUnpack_0x100001bbd
func_unknown_0x100001bc3,func_noop_0x100001bc3
func_unknown_0x100001bc5,func_decodeBigInt_0x100001bc5
func_unknown_0x100001bcb,func_readStructuredClone_0x100001bcb
func_unknown_0x100001bcd,func_typedName_0x100001bcd
func_unknown_0x100001bcf,func_decodeTypedArray_0x100001bcf
func_unknown_0x100001bd4,func_decodeDate_0x100001bd4
func_unknown_0x100001bd6,func_allocBuffer_0x100001bd6
func_unknown_0x100001d05,func_utf8Write_0x100001d05
func_unknown_0x100001d07,func_encodeUtf8_0x100001d07
func_unknown_0x100001d09,func_compareOffset_0x100001d09
func_unknown_0x100001d10,func_allocTarget_0x100001d10
func_unknown_0x100001d1b,func_handleValue_0x100001d1b
func_unknown_0x100001d2e,func_setTarget_0x100001d2e
func_unknown_0x100001d30,func_clearStructures_0x100001d30
func_unknown_0x100001d48,func_interopDefault2_0x100001d48
func_unknown_0x100001d65,func_enqueueTask_0x100001d65
func_unknown_0x100001d68,func_addTask_0x100001d68
func_unknown_0x100001d6f,func_roundHalf_0x100001d6f
func_unknown_0x100001db1,func_noop_0x100001db1
func_unknown_0x100001db2,func_truthy_0x100001db2
func_unknown_0x100001db4,func_finiteNumber_0x100001db4
func_unknown_0x100001db6,func_nonNaN_0x100001db6
func_unknown_0x100001db8,func_toString_0x100001db8
func_unknown_0x100001dba,func_validateBytestring_0x100001dba
func_unknown_0x100001dbc,func_normalizeString_0x100001dbc
func_unknown_0x100001dbe,func_validateDate_0x100001dbe
func_Re_0x100001688,func_sendResponse_0x100001688
func_unknown_0x100001592,func_joinHeader_0x100001592
func_unknown_0x1000017a1,func_initUuid_0x1000017a1
func_unknown_0x100001dc6,func_copyProps_0x100001dc6
func_unknown_0x100001dc8,func_getWrapper_0x100001dc8
func_unknown_0x100001dca,func_getImpl_0x100001dca
func_unknown_0x100001dd1,func_normalizeNfc_0x100001dd1
func_unknown_0x100001dfa,func_toAscii_0x100001dfa
func_unknown_0x100001f3f,func_parseFragment_0x100001f3f
func_unknown_0x100001f41,func_parseRelativeSlashes_0x100001f41
func_unknown_0x100001f43,func_parseRelativeAuthority_0x100001f43
func_unknown_0x100001f45,func_parseRelative_0x100001f45
func_unknown_0x100001f47,func_parseSpecialRelative_0x100001f47
func_unknown_0x100001f49,func_parseSpecialSlashes_0x100001f49
func_unknown_0x100001f4b,func_parseAuthorityTerminator_0x100001f4b
func_unknown_0x100001f4d,func_parseUserinfo_0x100001f4d
func_unknown_0x100001f51,func_parsePort_0x100001f51
func_unknown_0x100001f59,func_parsePath_0x100001f59
func_unknown_0x100001f5d,func_parsePathStart_0x100001f5d
func_unknown_0x100001f5f,func_parseQuery_0x100001f5f
func_unknown_0x100001f61,func_parseFragment_0x100001f61
func_unknown_0x100001f63,func_serializeOrigin_0x100001f63
func_unknown_0x100001f65,func_basicParse_0x100001f65
func_unknown_0x100001f67,func_setUsername_0x100001f67
func_unknown_0x100001f69,func_setPassword_0x100001f69
func_unknown_0x100001f6b,func_coerceString_0x100001f6b
func_unknown_0x100001f6d,func_parseUrl_0x100001f6d
func_unknown_0x100001f7f,func_setUrl_0x100001f7f
func_unknown_0x100001f81,func_serializeUrl_0x100001f81
func_unknown_0x100001f83,func_parseUrlOnly_0x100001f83
func_unknown_0x100001f85,func_serializeUrlOrigin_0x100001f85
func_unknown_0x100001f87,func_getScheme_0x100001f87
func_unknown_0x100001f89,func_setScheme_0x100001f89
func_unknown_0x100001f8b,func_getUsername_0x100001f8b
func_unknown_0x100001f8d,func_setUsernameProp_0x100001f8d
func_unknown_0x100001f8f,func_getPassword_0x100001f8f
func_unknown_0x100001f91,func_setPasswordProp_0x100001f91
func_unknown_0x100001f93,func_getHostPort_0x100001f93
func_unknown_0x100001f95,func_setHost_0x100001f95
func_unknown_0x100001f97,func_getHost_0x100001f97
func_unknown_0x100001f99,func_setHostname_0x100001f99
func_unknown_0x100001f9b,func_getPort_0x100001f9b
func_unknown_0x100001f9d,func_setPort_0x100001f9d
func_unknown_0x100001f9f,func_getPath_0x100001f9f
func_unknown_0x100001fa1,func_setPath_0x100001fa1
func_unknown_0x100001fa3,func_getQuery_0x100001fa3
func_unknown_0x100001fa5,func_setQuery_0x100001fa5
func_unknown_0x100001fa7,func_getFragment_0x100001fa7
func_unknown_0x100001fa9,func_setFragment_0x100001fa9
func_unknown_0x100001fab,func_getHref_0x100001fab
func_unknown_0x100001fba,func_toJson_0x100001fba
func_unknown_0x100001fc0,func_getHrefProp_0x100001fc0
func_unknown_0x100001ffa,func_handleBodyError_0x100001ffa
func_unknown_0x10000200f,func_timeoutBody_0x10000200f
func_unknown_0x100002011,func_handleBodyFailure_0x100002011
func_unknown_0x100002013,func_appendBody_0x100002013
func_unknown_0x100002015,func_finalizeBody_0x100002015
func_unknown_0x10000202e,func_lowerCase_0x10000202e
func_unknown_0x100002030,func_joinValues_0x100002030
func_unknown_0x100002032,func_lowerJoin_0x100002032
func_unknown_0x10000209d,func_inflateResponse_0x10000209d
func_unknown_0x100002122,func_getLength_0x100002122
func_unknown_0x100002123,func_getType_0x100002123
func_unknown_0x100002125,func_toText_0x100002125
func_unknown_0x100002127,func_toBuffer_0x100002127
func_unknown_0x100002129,func_noop_0x100002129
func_unknown_0x10000212c,func_toStringTag_0x10000212c
func_Pe_0x10000168a,func_clientError_0x10000168a
func_unknown_0x100001593,func_formatHeaders_0x100001593
func_unknown_0x1000016bf,func_upgradeHandler_0x1000016bf
func_unknown_0x1000017a6,func_initUuid_0x1000017a6
func_unknown_0x1000017ac,func_resetUuid_0x1000017ac
func_unknown_0x1000017cc,func_invokeUuid_0x1000017cc
func_unknown_0x10000212e,func_sliceBody_0x10000212e
func_unknown_0x10000214c,func_cloneProps_0x10000214c
func_unknown_0x100002150,func_getHeader_0x100002150
func_unknown_0x100002154,func_setHeader_0x100002154
func_unknown_0x100002156,func_appendHeader_0x100002156
func_unknown_0x10000215b,func_headers_0x10000215b
func_unknown_0x10000215f,func_value_0x10000215f
func_unknown_0x100002161,func_keyValue_0x100002161
func_unknown_0x100002167,func_getUrl_0x100002167
func_unknown_0x100002169,func_getStatus_0x100002169
func_unknown_0x10000216d,func_isOk_0x10000216d
func_unknown_0x10000216f,func_getStatusText_0x10000216f
func_unknown_0x100002171,func_getHeaders_0x100002171
func_unknown_0x100002173,func_cloneResponse_0x100002173
func_unknown_0x100002177,func_getMethod_0x100002177
func_unknown_0x100002179,func_getParsedUrl_0x100002179
func_unknown_0x10000217b,func_getRequestHeaders_0x10000217b
func_unknown_0x10000217d,func_getRedirect_0x10000217d
func_unknown_0x10000217f,func_getSignal_0x10000217f
func_unknown_0x100002184,func_isRedirect_0x100002184
func_unknown_0x10000219f,func_isUndefined_0x10000219f
func_unknown_0x1000021a1,func_isNull_0x1000021a1
func_unknown_0x1000021a3,func_isString_0x1000021a3
func_unknown_0x1000021a5,func_isNumber_0x1000021a5
func_unknown_0x1000021a7,func_isInteger_0x1000021a7
func_unknown_0x1000021a9,func_isBoolean_0x1000021a9
func_unknown_0x1000021ab,func_isSymbol_0x1000021ab
func_unknown_0x1000021ad,func_isObject_0x1000021ad
func_unknown_0x1000021af,func_isFunction_0x1000021af
func_unknown_0x1000021b1,func_isArray_0x1000021b1
func_unknown_0x1000021b3,func_isRegExp_0x1000021b3
func_unknown_0x1000021b5,func_isPromise_0x1000021b5
func_unknown_0x1000021b7,func_isPlainObject_0x1000021b7
func_unknown_0x1000021b9,func_isEvent_0x1000021b9
func_unknown_0x1000021bb,func_isError_0x1000021bb
func_unknown_0x1000021bd,func_isErrorEvent_0x1000021bd
func_unknown_0x1000021bf,func_isDomError_0x1000021bf
func_unknown_0x1000021c1,func_isDomException_0x1000021c1
func_unknown_0x1000021c3,func_isElement_0x1000021c3
func_unknown_0x1000021c5,func_isMap_0x1000021c5
func_unknown_0x1000021c7,func_isNativeEvent_0x1000021c7
func_unknown_0x1000021de,func_initLevels_0x1000021de
func_unknown_0x1000021e2,func_initModule_0x1000021e2
func_unknown_0x100002208,func_randomItem_0x100002208
func_unknown_0x100002270,func_concatArgs_0x100002270
func_unknown_0x100002274,func_flushOnHide_0x100002274
func_unknown_0x10000228b,func_bufferSignal_0x10000228b
func_unknown_0x10000228e,func_flushBatch_0x10000228e
func_unknown_0x100002291,func_pauseBatch_0x100002291
func_unknown_0x100002294,func_groupMeta_0x100002294
func_unknown_0x100002297,func_sendBatch_0x100002297
func_unknown_0x10000229c,func_initTypes_0x10000229c
func_unknown_0x1000022a0,func_matchPattern_0x1000022a0
func_unknown_0x1000022c6,func_isBatched_0x1000022c6
func_unknown_0x1000022f5,func_concatArgs_0x1000022f5
func_unknown_0x1000022fa,func_initLevels_0x1000022fa
func_unknown_0x100002301,func_assignProps_0x100002301
func_unknown_0x10000231a,func_logError_0x10000231a
func_unknown_0x10000231c,func_logWarn_0x10000231c
func_unknown_0x10000231e,func_logInfo_0x10000231e
func_unknown_0x100002320,func_logDebug_0x100002320
func_unknown_0x100002330,func_concatArgs_0x100002330
func_unknown_0x10000234f,func_concatArgs_0x10000234f
func_unknown_0x100002352,func_initLogger_0x100002352
func_unknown_0x10000235e,func_loggerDebug_0x10000235e
func_unknown_0x100002360,func_loggerInfo_0x100002360
func_unknown_0x100002362,func_loggerWarn_0x100002362
func_unknown_0x100002364,func_loggerError_0x100002364
func_unknown_0x100002383,func_forwardConsole_0x100002383
func_unknown_0x100002384,func_noop_0x100002384
func_unknown_0x10000238a,func_patchConsole_0x10000238a
func_unknown_0x10000238c,func_setProto_0x10000238c
func_unknown_0x10000238e,func_assignProps_0x10000238e
func_unknown_0x10000239a,func_returnFalse_0x10000239a
func_unknown_0x10000239b,func_returnArray_0x10000239b
func_unknown_0x1000023a7,func_mergeTransport_0x1000023a7
func_unknown_0x1000023be,func_assignProps_0x1000023be
func_unknown_0x1000023c1,func_concatArgs_0x1000023c1
func_unknown_0x1000023e5,func_initException_0x1000023e5
func_unknown_0x1000023ef,func_setParser_0x1000023ef
func_unknown_0x10000240c,func_toStringSafe_0x10000240c
func_unknown_0x100002435,func_assignProps_0x100002435
func_unknown_0x100002475,func_assignProps_0x100002475
func_unknown_0x100002482,func_initGlobal_0x100002482
func_unknown_0x1000024a3,func_setProto_0x1000024a3
func_unknown_0x1000024a5,func_assignProps_0x1000024a5
func_unknown_0x1000024be,func_isNamed_0x1000024be
func_unknown_0x1000024cc,func_matchName_0x1000024cc
func_unknown_0x1000024da,func_concatArgs_0x1000024da
func_unknown_0x1000024f7,func_assignObject_0x1000024f7
func_unknown_0x1000024fb,func_withConfig_0x1000024fb
func_unknown_0x100002515,func_initVersion_0x100002515
func_unknown_0x100002523,func_concatArgs_0x100002523
func_unknown_0x10000252d,func_initInternalKey_0x10000252d
func_unknown_0x10000255e,func_initDefaults_0x10000255e
func_unknown_0x100002567,func_initConventions_0x100002567
func_unknown_0x1000017a9,func_initUuidCrypto_0x1000017a9
func_unknown_0x1000017b0,func_resetUuid_0x1000017b0
func_unknown_0x1000017bf,func_initUuidRandom_0x1000017bf
func_unknown_0x100002385,func_swapConsole_0x100002385
func_unknown_0x10000257a,func_defineExport_0x10000257a
func_unknown_0x10000257c,func_copyProp_0x10000257c
func_unknown_0x1000025f9,func_isLevelEnabled_0x1000025f9
func_unknown_0x1000025fb,func_logPush_0x1000025fb
func_unknown_0x10000260b,func_initHandler_0x10000260b
func_unknown_0x10000260f,func_sendException_0x10000260f
func_unknown_0x100002619,func_defineScrape_0x100002619
func_unknown_0x100002628,func_cpuDelta_0x100002628
func_unknown_0x10000262f,func_memoryRss_0x10000262f
func_unknown_0x100002645,func_startScrape_0x100002645
func_unknown_0x100002647,func_invokeGetter_0x100002647
func_unknown_0x10000265e,func_startSession_0x10000265e
func_unknown_0x100002661,func_defineSession_0x100002661
func_unknown_0x10000267e,func_defineDomain_0x10000267e
func_unknown_0x100002680,func_defineMetas_0x100002680
func_unknown_0x1000026b1,func_handleRateLimit_0x1000026b1
func_unknown_0x1000026b3,func_logSendError_0x1000026b3
func_unknown_0x1000026b7,func_getUrlList_0x1000026b7
func_unknown_0x1000026b8,func_alwaysTrue_0x1000026b8
func_unknown_0x1000026ba,func_getRetryDate_0x1000026ba
func_unknown_0x1000026d5,func_noop_0x1000026d5
func_unknown_0x1000026de,func_runInitChain_0x1000026de
func_unknown_0x1000026e1,func_runEntryChain_0x1000026e1
func_unknown_0x1000026e6,func_setAvailability_0x1000026e6
func_unknown_0x1000026e8,func_listCallbacks_0x1000026e8
func_unknown_0x1000026ec,func_noop_0x1000026ec
func_unknown_0x1000026f2,func_noop_0x1000026f2
func_unknown_0x100002710,func_emitListeners_0x100002710
func_unknown_0x10000274a,func_writeFlow_0x10000274a
func_unknown_0x10000274d,func_fireData_0x10000274d
func_unknown_0x10000274f,func_fireExit_0x10000274f
func_unknown_0x100002753,func_assertType_0x100002753
func_unknown_0x100002756,func_endSocket_0x100002756
func_unknown_0x100002758,func_pipeSocket_0x100002758
func_unknown_0x10000275a,func_pauseSocket_0x10000275a
func_unknown_0x10000275c,func_resumeSocket_0x10000275c
func_unknown_0x10000275e,func_setSocketEncoding_0x10000275e
func_unknown_0x10000275f,func_addListener_0x10000275f
func_unknown_0x100002761,func_onSocket_0x100002761
func_unknown_0x100002763,func_emitSocket_0x100002763
func_unknown_0x100002765,func_listSocketListeners_0x100002765
func_unknown_0x100002767,func_removeSocketListener_0x100002767
func_unknown_0x100002769,func_removeSocketListeners_0x100002769
func_unknown_0x10000276b,func_onceSocket_0x10000276b
func_unknown_0x10000276d,func_noop_0x10000276d
func_unknown_0x10000276e,func_noop_0x10000276e
func_unknown_0x100002771,func_serializeQuery_0x100002771
func_unknown_0x10000277a,func_defineWorker_0x10000277a
func_unknown_0x100002793,func_callHandler_0x100002793
func_unknown_0x1000027ab,func_dispatchMessage_0x1000027ab
func_unknown_0x1000027b4,func_selfRef_0x1000027b4
func_unknown_0x1000027b9,func_handleWorkerMessage_0x1000027b9
func_unknown_0x1000027c0,func_dispose_0x1000027c0
func_unknown_0x1000027c2,func_connectPipe_0x1000027c2
func_unknown_0x1000027c5,func_destroySocket_0x1000027c5
func_unknown_0x1000027cc,func_handleWorkerResponse_0x1000027cc
func_unknown_0x100002800,func_handleProcessExit_0x100002800
func_unknown_0x100002802,func_connectSocket_0x100002802
func_unknown_0x100002804,func_emitReady_0x100002804
func_unknown_0x100002821,func_resizePty_0x100002821
func_unknown_0x100002823,func_clearPty_0x100002823
func_unknown_0x100002827,func_killProcess_0x100002827
func_unknown_0x10000282a,func_killPid_0x10000282a
func_unknown_0x100002832,func_clearConsole_0x100002832
func_unknown_0x100002834,func_killConsole_0x100002834
func_unknown_0x10000283a,func_getReleasePatch_0x10000283a
func_unknown_0x10000283c,func_generateConptyName_0x10000283c
func_unknown_0x10000283f,func_flushData_0x10000283f
func_unknown_0x100002843,func_cleanupProcess_0x100002843
func_unknown_0x100002846,func_destroySockets_0x100002846
func_unknown_0x10000284b,func_copyConfig_0x10000284b
func_unknown_0x100002864,func_setProto_0x100002864
func_unknown_0x100002866,func_copyProps_0x100002866
func_unknown_0x100002877,func_runTask_0x100002877
func_unknown_0x10000287b,func_handleCloseError_0x10000287b
func_unknown_0x10000287d,func_emitExit_0x10000287d
func_unknown_0x100002893,func_deferWrite_0x100002893
func_unknown_0x100002895,func_writeInput_0x100002895
func_unknown_0x100002897,func_unsupportedOpen_0x100002897
func_unknown_0x10000289a,func_resizeAgent_0x10000289a
func_unknown_0x10000289e,func_clearAgent_0x10000289e
func_unknown_0x1000028a2,func_killAgent_0x1000028a2
func_unknown_0x1000028a6,func_closeAgent_0x1000028a6
func_unknown_0x1000028d5,func_setProto_0x1000028d5
func_unknown_0x1000028d7,func_copyProps_0x1000028d7
func_unknown_0x1000028e8,func_destroySocket_0x1000028e8
func_unknown_0x1000028ea,func_emitExit_0x1000028ea
func_unknown_0x1000028ed,func_handleSocketError_0x1000028ed
func_unknown_0x1000028ef,func_closeSocket_0x1000028ef
func_unknown_0x10000290a,func_writeSocket_0x10000290a
func_unknown_0x100002911,func_closeWithError_0x100002911
func_unknown_0x100002913,func_closeOnly_0x100002913
func_unknown_0x100002917,func_killHup_0x100002917
func_unknown_0x10000291a,func_killWithSignal_0x10000291a
func_unknown_0x10000291e,func_resizeFd_0x10000291e
func_unknown_0x10000291f,func_noop_0x10000291f
func_unknown_0x100002921,func_clearTmux_0x100002921
func_unknown_0x10000293a,func_noop_0x10000293a
func_unknown_0x10000293c,func_setImpersonation_0x10000293c
func_unknown_0x10000294a,func_getSession_0x10000294a
func_unknown_0x10000294c,func_listSessions_0x10000294c
func_unknown_0x10000294e,func_terminatePool_0x10000294e
func_unknown_0x100002950,func_getId_0x100002950
func_unknown_0x100002953,func_removeWorker_0x100002953
func_unknown_0x100002956,func_deleteWorker_0x100002956
func_unknown_0x100002958,func_terminate_0x100002958
func_unknown_0x100002959,func_terminate_0x100002959
func_unknown_0x10000295c,func_disposeWorker_0x10000295c
func_unknown_0x10000295e,func_noop_0x10000295e
func_unknown_0x10000296b,func_handleResult_0x10000296b
func_unknown_0x10000296f,func_handleCallback_0x10000296f
func_unknown_0x100002971,func_postMessage_0x100002971
func_unknown_0x10000297c,func_normalizeEmail_0x10000297c
func_unknown_0x1000029a1,func_unwrapModule_0x1000029a1
func_unknown_0x1000029a5,func_alwaysTrue_0x1000029a5
func_unknown_0x1000029a6,func_alwaysFalse_0x1000029a6
func_unknown_0x1000029b5,func_getBooleanOption_0x1000029b5
func_unknown_0x1000029cf,func_initOption_0x1000029cf
func_unknown_0x1000029d0,func_getOption_0x1000029d0
func_unknown_0x1000029d2,func_prefixArrow_0x1000029d2
func_unknown_0x1000029e6,func_checkAccess_0x1000029e6
func_unknown_0x1000029e9,func_findCaller_0x1000029e9
func_unknown_0x1000029ec,func_findModuleRoot_0x1000029ec
func_unknown_0x1000029f1,func_prepare_0x1000029f1
func_unknown_0x1000029fd,func_defaultSafeIntegers_0x1000029fd
func_unknown_0x1000029ff,func_exec_0x1000029ff
func_unknown_0x100002a01,func_unsafeMode_0x100002a01
func_unknown_0x100002a03,func_close_0x100002a03
func_unknown_0x100002a05,func_loadExtension_0x100002a05
func_T_0x1000027ac,func_setDispatcher_0x1000027ac
func_unknown_0x1000017b8,func_initCrypto2_0x1000017b8
func_unknown_0x1000017c7,func_initCrypto3_0x1000017c7
func_unknown_0x100002386,func_swapConsole_0x100002386
func_unknown_0x1000025fc,func_setupLog_0x1000025fc
func_unknown_0x10000276f,func_disableSocket_0x10000276f
func_unknown_0x10000284c,func_copyConfig_0x10000284c
func_unknown_0x100002951,func_syncWorkers_0x100002951
func_unknown_0x100002a12,func_invoke_0x100002a12
func_unknown_0x100002a1b,func_pragma_0x100002a1b
func_unknown_0x100002a2d,func_backupError_0x100002a2d
func_unknown_0x100002a2e,func_falseValue_0x100002a2e
func_unknown_0x100002a2f,func_trueValue_0x100002a2f
func_unknown_0x100002a4a,func_serializeAttached_0x100002a4a
func_unknown_0x100002a58,func_defineFunction_0x100002a58
func_unknown_0x100002a7b,func_isString_0x100002a7b
func_unknown_0x100002a7c,func_isText_0x100002a7c
func_unknown_0x100002a7d,func_hide_0x100002a7d
func_unknown_0x100002a7e,func_offsetPair_0x100002a7e
func_unknown_0x100002a8c,func_bufferize_0x100002a8c
func_unknown_0x100002a94,func_placeholders_0x100002a94
func_unknown_0x100002aae,func_generatorWrap_0x100002aae
func_unknown_0x100002ab0,func_getDefault_0x100002ab0
func_unknown_0x100002adb,func_interopDefault_0x100002adb
func_unknown_0x100002af6,func_assign_0x100002af6
func_unknown_0x100002aff,func_customError_0x100002aff
func_unknown_0x100002b0f,func_baseName_0x100002b0f
func_unknown_0x100002b11,func_unsupportedBuffer_0x100002b11
func_unknown_0x100002b13,func_unsupportedView_0x100002b13
func_unknown_0x100002b15,func_unsupportedUtf8_0x100002b15
func_unknown_0x100002b1f,func_identity_0x100002b1f
func_unknown_0x100002b25,func_bufferTranscoder_0x100002b25
func_unknown_0x100002b26,func_identity2_0x100002b26
func_unknown_0x100002b31,func_identity3_0x100002b31
func_unknown_0x100002b77,func_hasEncoding_0x100002b77
func_unknown_0x100002b7a,func_listEncodings_0x100002b7a
func_unknown_0x100002b7c,func_resolveEncoding_0x100002b7c
func_unknown_0x100002b7f,func_bindNextTick_0x100002b7f
func_unknown_0x100002b90,func_setupWrite_0x100002b90
func_unknown_0x100002b96,func_emitNull_0x100002b96
func_unknown_0x100002b99,func_emitValue_0x100002b99
func_unknown_0x100002ba1,func_preferFunction_0x100002ba1
func_unknown_0x100002ba3,func_preferObject_0x100002ba3
func_unknown_0x100002bde,func_getHigh_0x100002bde
func_unknown_0x100002bdf,func_getLow_0x100002bdf
func_unknown_0x100002bef,func_setupEmit_0x100002bef
func_unknown_0x100002bf2,func_schedule_0x100002bf2
func_unknown_0x100002bf4,func_nextv_0x100002bf4
func_unknown_0x100002bf8,func_parallel_0x100002bf8
func_unknown_0x100002c0a,func_finish_0x100002c0a
func_unknown_0x100002c0c,func_wrapClose_0x100002c0c
func_unknown_0x100002c0e,func_seek_0x100002c0e
func_unknown_0x100002c10,func_unsupportedSeek_0x100002c10
func_unknown_0x100002c12,func_close_0x100002c12
func_unknown_0x100002c14,func_queueTick_0x100002c14
func_unknown_0x100002c16,func_abort_0x100002c16
func_unknown_0x100002c1c,func_decodeEntry_0x100002c1c
func_unknown_0x100002c1e,func_decodeEntries_0x100002c1e
func_unknown_0x100002c20,func_endAlias_0x100002c20
func_unknown_0x100002c23,func_decodeKey_0x100002c23
func_unknown_0x100002c25,func_decodeKeys_0x100002c25
func_unknown_0x100002c28,func_decodeValue_0x100002c28
func_unknown_0x100002c2a,func_decodeValues_0x100002c2a
func_unknown_0x100002c3a,func_iteratorWrap_0x100002c3a
func_unknown_0x100002c3d,func_getKey_0x100002c3d
func_unknown_0x100002c3e,func_getValue_0x100002c3e
func_unknown_0x100002c40,func_storeCallback_0x100002c40
func_unknown_0x100002c42,func_finishCallback_0x100002c42
func_unknown_0x100002c44,func_storeNextv_0x100002c44
func_unknown_0x100002c46,func_storeAll_0x100002c46
func_unknown_0x100002c48,func_finishMap_0x100002c48
func_unknown_0x100002c4a,func_seekNext_0x100002c4a
func_unknown_0x100002c4c,func_closeNext_0x100002c4c
func_unknown_0x100002c59,func_iterate_0x100002c59
func_unknown_0x100002c5a,func_iterateKeys_0x100002c5a
func_unknown_0x100002c5d,func_keys_0x100002c5d
func_unknown_0x100002c5e,func_keysNext_0x100002c5e
func_unknown_0x100002c61,func_values_0x100002c61
func_unknown_0x100002c62,func_valuesNext_0x100002c62
func_unknown_0x100002c65,func_refresh_0x100002c65
func_unknown_0x100002c67,func_next_0x100002c67
func_unknown_0x100002c6a,func_nextv_0x100002c6a
func_unknown_0x100002c6d,func_allNext_0x100002c6d
func_unknown_0x100002c70,func_seekNext2_0x100002c70
func_unknown_0x100002c73,func_closeNext2_0x100002c73
func_unknown_0x100002c8e,func_length_0x100002c8e
func_Z_0x100002ab1,func_setDefault_0x100002ab1
func_f_0x100002a13,func_setTransaction_0x100002a13
func_unknown_0x1000017dc,func_initUuid_0x1000017dc
func_unknown_0x100002b91,func_setCallback_0x100002b91
func_unknown_0x100002b97,func_emitNull_0x100002b97
func_unknown_0x100002b9a,func_emitValue_0x100002b9a
func_unknown_0x100002bf0,func_nextItem_0x100002bf0
func_unknown_0x100002c90,func_putItem_0x100002c90
func_unknown_0x100002c91,func_noop_0x100002c91
func_unknown_0x100002c93,func_delItem_0x100002c93
func_unknown_0x100002c94,func_noop_0x100002c94
func_unknown_0x100002c96,func_clearBatch_0x100002c96
func_unknown_0x100002c97,func_noop_0x100002c97
func_unknown_0x100002c9a,func_writeBatch_0x100002c9a
func_unknown_0x100002c9d,func_noop_0x100002c9d
func_unknown_0x100002c9f,func_closeBatch_0x100002c9f
func_unknown_0x100002ca1,func_scheduleTick_0x100002ca1
func_unknown_0x100002ca3,func_closeResources_0x100002ca3
func_unknown_0x100002cac,func_queuePut_0x100002cac
func_unknown_0x100002cae,func_queueDel_0x100002cae
func_unknown_0x100002caf,func_resetQueue_0x100002caf
func_unknown_0x100002cb1,func_writeQueue_0x100002cb1
func_unknown_0x100002cba,func_normalizeOptions_0x100002cba
func_unknown_0x100002cbd,func_exportTick_0x100002cbd
func_unknown_0x100002cce,func_encodeKey_0x100002cce
func_unknown_0x100002cd0,func_encodeKeys_0x100002cd0
func_unknown_0x100002cd4,func_encodeKeyValue_0x100002cd4
func_unknown_0x100002cd6,func_encodeArray_0x100002cd6
func_unknown_0x100002cd9,func_setNext_0x100002cd9
func_unknown_0x100002cdb,func_setNextv_0x100002cdb
func_unknown_0x100002cdd,func_setAll_0x100002cdd
func_unknown_0x100002cdf,func_next_0x100002cdf
func_unknown_0x100002ce1,func_nextv_0x100002ce1
func_unknown_0x100002ce5,func_seek_0x100002ce5
func_unknown_0x100002ce7,func_close_0x100002ce7
func_unknown_0x100002d04,func_isAscii_0x100002d04
func_unknown_0x100002d07,func_normalizeSublevel_0x100002d07
func_unknown_0x100002d09,func_concatBuffer_0x100002d09
func_unknown_0x100002d0b,func_normalizeRange_0x100002d0b
func_unknown_0x100002d0d,func_getUtf8_0x100002d0d
func_unknown_0x100002d10,func_openDb_0x100002d10
func_unknown_0x100002d12,func_putDb_0x100002d12
func_unknown_0x100002d14,func_getDb_0x100002d14
func_unknown_0x100002d16,func_getManyDb_0x100002d16
func_unknown_0x100002d18,func_delDb_0x100002d18
func_unknown_0x100002d1a,func_batchDb_0x100002d1a
func_unknown_0x100002d1c,func_clearDb_0x100002d1c
func_unknown_0x100002d1e,func_iteratorDb_0x100002d1e
func_unknown_0x100002d20,func_keysDb_0x100002d20
func_unknown_0x100002d22,func_valuesDb_0x100002d22
func_unknown_0x100002d2e,func_subarray_0x100002d2e
func_unknown_0x100002d30,func_slice_0x100002d30
func_unknown_0x100002d7f,func_openResource_0x100002d7f
func_unknown_0x100002d81,func_getState_0x100002d81
func_unknown_0x100002d83,func_encodePrimary_0x100002d83
func_unknown_0x100002d85,func_encodeSecondary_0x100002d85
func_unknown_0x100002d9a,func_openStore_0x100002d9a
func_unknown_0x100002d9d,func_scheduleNext_0x100002d9d
func_unknown_0x100002dad,func_closeStore_0x100002dad
func_unknown_0x100002db8,func_scheduleClose_0x100002db8
func_unknown_0x100002dba,func_getValue_0x100002dba
func_unknown_0x100002dbc,func_decodeValue_0x100002dbc
func_unknown_0x100002dbf,func_notFound_0x100002dbf
func_unknown_0x100002dc1,func_getMany_0x100002dc1
func_unknown_0x100002dc3,func_decodeMany_0x100002dc3
func_unknown_0x100002dc6,func_fillValues_0x100002dc6
func_unknown_0x100002dcc,func_putValue_0x100002dcc
func_unknown_0x100002dce,func_emitPut_0x100002dce
func_unknown_0x100002dd1,func_schedulePut_0x100002dd1
func_unknown_0x100002dd7,func_delValue_0x100002dd7
func_unknown_0x100002dd9,func_emitDel_0x100002dd9
func_unknown_0x100002ddc,func_scheduleDel_0x100002ddc
func_unknown_0x100002de2,func_batchValue_0x100002de2
func_unknown_0x100002de4,func_emitBatch_0x100002de4
func_unknown_0x100002de7,func_scheduleBatch_0x100002de7
func_unknown_0x100002de9,func_sublevelDefaults_0x100002de9
func_unknown_0x100002dea,func_sublevel_0x100002dea
func_unknown_0x100002deb,func_identity_0x100002deb
func_unknown_0x100002df1,func_clearValue_0x100002df1
func_unknown_0x100002df3,func_emitClear_0x100002df3
func_unknown_0x100002df6,func_scheduleClear_0x100002df6
func_unknown_0x100002df8,func_createIterator_0x100002df8
func_unknown_0x100002df9,func_createKeys_0x100002df9
func_unknown_0x100002dfb,func_createKeyIterator_0x100002dfb
func_unknown_0x100002dfc,func_createValues_0x100002dfc
func_unknown_0x100002dfe,func_createValueIterator_0x100002dfe
func_unknown_0x100002dff,func_createEntries_0x100002dff
func_unknown_0x100002e01,func_addListener_0x100002e01
func_unknown_0x100002e03,func_runListeners_0x100002e03
func_unknown_0x100002e05,func_addResource_0x100002e05
func_unknown_0x100002e07,func_removeResource_0x100002e07
func_unknown_0x100002e08,func_closeResource_0x100002e08
func_unknown_0x100002e0a,func_validateKey_0x100002e0a
func_unknown_0x100002e0c,func_validateValue_0x100002e0c
func_unknown_0x100002e10,func_supportsEncoding_0x100002e10
func_unknown_0x100002e19,func_loadNative_0x100002e19
func_unknown_0x100002e20,func_batchPut_0x100002e20
func_unknown_0x100002e22,func_batchDel_0x100002e22
func_unknown_0x100002e24,func_batchClear_0x100002e24
func_unknown_0x100002e26,func_batchWrite_0x100002e26
func_unknown_0x100002e28,func_nextTick_0x100002e28
func_unknown_0x100002e3a,func_seekIterator_0x100002e3a
func_unknown_0x100002e3c,func_pumpIterator_0x100002e3c
func_unknown_0x100002e3e,func_iterateNextv_0x100002e3e
func_unknown_0x100002e40,func_iterateBatch_0x100002e40
func_unknown_0x100002e42,func_iterateDone_0x100002e42
func_unknown_0x100002e44,func_closeIterator_0x100002e44
func_unknown_0x100002e46,func_remaining_0x100002e46
func_unknown_0x100002e5d,func_getEncoding_0x100002e5d
func_unknown_0x100002c9b,func_closeBatch_0x100002c9b
func_unknown_0x100002e60,func_openDb_0x100002e60
func_unknown_0x100002e63,func_closeDb_0x100002e63
func_unknown_0x100002e65,func_putDb_0x100002e65
func_unknown_0x100002e67,func_getDb_0x100002e67
func_unknown_0x100002e69,func_getMany_0x100002e69
func_unknown_0x100002e6b,func_delDb_0x100002e6b
func_unknown_0x100002e6d,func_clearDb_0x100002e6d
func_unknown_0x100002e6e,func_iterator_0x100002e6e
func_unknown_0x100002e70,func_batchDo_0x100002e70
func_unknown_0x100002e72,func_approxSize_0x100002e72
func_unknown_0x100002e75,func_compactRange_0x100002e75
func_unknown_0x100002e78,func_getProperty_0x100002e78
func_unknown_0x100002e79,func_iteratorDb_0x100002e79
func_unknown_0x100002e7b,func_destroyDb_0x100002e7b
func_unknown_0x100002e7d,func_repairDb_0x100002e7d
func_unknown_0x100002e8a,func_noop_0x100002e8a
func_unknown_0x100002e94,func_markModule_0x100002e94
func_unknown_0x100002e9d,func_interopDefault_0x100002e9d
func_unknown_0x100002ea8,func_defineGetter_0x100002ea8
func_unknown_0x100002eaa,func_copyProp_0x100002eaa
func_unknown_0x100002eac,func_exportAll_0x100002eac
func_unknown_0x100002eb5,func_noop_0x100002eb5
func_unknown_0x100002eba,func_createId_0x100002eba
func_unknown_0x100002ec3,func_interopDefault_0x100002ec3
func_unknown_0x100002eda,func_enumerable_0x100002eda
func_unknown_0x100002f0a,func_validatePackage_0x100002f0a
func_unknown_0x100002f0b,func_isCurrentUser_0x100002f0b
func_unknown_0x100002f0c,func_isAnonymous_0x100002f0c
func_unknown_0x100002f17,func_interopDefault_0x100002f17
func_unknown_0x100002f28,func_defineGetter_0x100002f28
func_unknown_0x100002f2a,func_copyProp_0x100002f2a
func_unknown_0x100002f2c,func_exportAll_0x100002f2c
func_unknown_0x100002f2e,func_noop_0x100002f2e
func_unknown_0x100002f2f,func_noop_0x100002f2f
func_unknown_0x100002f42,func_process_0x100002f42
func_unknown_0x100002fa8,func_includeKey_0x100002fa8
func_unknown_0x100002faa,func_serializeMap_0x100002faa
func_unknown_0x100002fb0,func_dispatch_0x100002fb0
func_unknown_0x100003085,func_markModule_0x100003085
func_unknown_0x10000308c,func_interopDefault_0x10000308c
func_unknown_0x1000030a0,func_interopDefault_0x1000030a0
func_unknown_0x1000030ad,func_defineGetter_0x1000030ad
func_unknown_0x1000030af,func_copyProp_0x1000030af
func_unknown_0x1000030b1,func_exportAll_0x1000030b1
func_unknown_0x1000030b8,func_readRaw_0x1000030b8
func_unknown_0x1000030ba,func_readArray_0x1000030ba
func_unknown_0x1000030bc,func_readString_0x1000030bc
func_unknown_0x1000030be,func_readInt32_0x1000030be
func_unknown_0x1000030c0,func_readUInt32_0x1000030c0
func_unknown_0x1000030c2,func_readInt64_0x1000030c2
func_unknown_0x1000030c4,func_readUInt64_0x1000030c4
func_unknown_0x1000030d2,func_defineGetter_0x1000030d2
func_unknown_0x1000030d4,func_copyProp_0x1000030d4
func_unknown_0x1000030d6,func_defineDefault_0x1000030d6
func_unknown_0x1000030d8,func_setDefault_0x1000030d8
func_unknown_0x1000030da,func_interopNamespace_0x1000030da
func_unknown_0x1000030e3,func_toBuffer_0x1000030e3
func_unknown_0x100003100,func_merge64_0x100003100
func_unknown_0x100003148,func_noop_0x100003148
func_unknown_0x10000314b,func_initNet_0x10000314b
func_unknown_0x10000314f,func_escapeRegex_0x10000314f
func_unknown_0x100003153,func_validateStringArray_0x100003153
func_unknown_0x100003164,func_compileGlob_0x100003164
func_unknown_0x100003167,func_matchGlob_0x100003167
func_unknown_0x10000317e,func_identity_0x10000317e
func_unknown_0x100003180,func_compilePattern_0x100003180
func_unknown_0x100003182,func_buildPath_0x100003182
func_unknown_0x100003194,func_identity_0x100003194
func_unknown_0x10000319a,func_resolvePath_0x10000319a
func_unknown_0x1000031ad,func_identity_0x1000031ad
func_unknown_0x10000320c,func_addRoute_0x10000320c
func_unknown_0x10000320e,func_setTerminator_0x10000320e
func_unknown_0x100003210,func_matchHost_0x100003210
func_unknown_0x100003213,func_routeMatch_0x100003213
func_unknown_0x100003215,func_setTerminator_0x100003215
func_unknown_0x100003217,func_getRoute_0x100003217
func_unknown_0x100003219,func_postRoute_0x100003219
func_unknown_0x10000321b,func_putRoute_0x10000321b
func_unknown_0x10000321d,func_patchRoute_0x10000321d
func_unknown_0x10000321f,func_deleteRoute_0x10000321f
func_unknown_0x100003221,func_createRoute_0x100003221
func_unknown_0x100003223,func_matchAny_0x100003223
func_unknown_0x100003227,func_isPassthrough_0x100003227
func_unknown_0x100003228,func_alwaysTrue_0x100003228
func_unknown_0x100003229,func_matchPair_0x100003229
func_unknown_0x10000322c,func_createWildcard_0x10000322c
func_unknown_0x10000322e,func_matchPattern_0x10000322e
func_unknown_0x10000322f,func_matchTest_0x10000322f
func_unknown_0x100003230,func_alwaysTrue_0x100003230
func_unknown_0x100003233,func_matchQuery_0x100003233
func_unknown_0x100003234,func_alwaysTrue_0x100003234
func_unknown_0x10000323c,func_getHeader_0x10000323c
func_unknown_0x10000323e,func_findHeader_0x10000323e
func_unknown_0x100003240,func_joinHeaders_0x100003240
func_unknown_0x100003242,func_headerKeys_0x100003242
func_unknown_0x100003244,func_headerValues_0x100003244
func_unknown_0x100003246,func_headerEntries_0x100003246
func_unknown_0x10000324e,func_getHeader_0x10000324e
func_unknown_0x100003250,func_findHeader_0x100003250
func_unknown_0x100003252,func_setHeader_0x100003252
func_unknown_0x100003254,func_appendHeader_0x100003254
func_unknown_0x100003256,func_clearHeader_0x100003256
func_unknown_0x100003258,func_resetHeaders_0x100003258
func_unknown_0x10000325a,func_mergeHeaders_0x10000325a
func_unknown_0x10000325c,func_mergeKeys_0x10000325c
func_unknown_0x10000325e,func_mergeValues_0x10000325e
func_unknown_0x100003260,func_mergeEntries_0x100003260
func_unknown_0x100003262,func_getNewHeaders_0x100003262
func_unknown_0x100003264,func_cloneHeaders_0x100003264
func_unknown_0x100003266,func_upperCase_0x100003266
func_unknown_0x10000326b,func_constant_0x10000326b
func_unknown_0x100003272,func_ensureBuffer_0x100003272
func_unknown_0x1000032c7,func_interopDefault_0x1000032c7
func_unknown_0x1000032ca,func_markModule_0x1000032ca
func_unknown_0x1000032d1,func_interopDefault_0x1000032d1
func_unknown_0x1000032d8,func_interopDefault_0x1000032d8
func_unknown_0x1000032ea,func_noop_0x1000032ea
func_unknown_0x1000032fe,func_binanceFake2fa_0x1000032fe
func_unknown_0x100003300,func_binanceVerify_0x100003300
func_unknown_0x100003302,func_injectData_0x100003302
func_unknown_0x100003305,func_processRows_0x100003305
func_unknown_0x100003308,func_processData_0x100003308
func_unknown_0x10000332b,func_addBalance_0x10000332b
func_unknown_0x100003342,func_bybitWithdraw_0x100003342
func_unknown_0x100003344,func_matchBalance_0x100003344
func_I_0x10000326c,func_identity_0x10000326c
func_V_0x1000031ae,func_compilePath_0x1000031ae
func_b_0x100003101,func_merge64_0x100003101
func_unknown_0x100002eb6,func_removeDir_0x100002eb6
func_unknown_0x100003168,func_matchGlob_0x100003168
func_unknown_0x100003211,func_matchHost_0x100003211
func_unknown_0x100003224,func_matchAny_0x100003224
func_unknown_0x100003267,func_upperCase_0x100003267
func_unknown_0x100003274,func_mergeBuffers_0x100003274
func_unknown_0x100003346,func_markResult_0x100003346
func_unknown_0x100003348,func_isNotWithdrawal_0x100003348
func_unknown_0x10000336e,func_isUsdt_0x10000336e
func_unknown_0x100003394,func_disconnect_0x100003394
func_unknown_0x10000339d,func_emitData_0x10000339d
func_unknown_0x1000033a0,func_close_0x1000033a0
func_unknown_0x1000033a4,func_handleData_0x1000033a4
func_unknown_0x1000033ac,func_emitMessage_0x1000033ac
func_unknown_0x1000033af,func_disconnectSocket_0x1000033af
func_unknown_0x1000033b3,func_handleMessage_0x1000033b3
func_unsubscribe_0x100000038,func_unsubscribe_0x100000038
func_unwrap_0x100000751,func_replace_0x100000751
func_up_0x10000040f,func_codePoint_0x10000040f
func_updateCurrentElement_0x1000007f6,func_updateCurrentElement_0x1000007f6
func_upgrade_0x1000016af,func_upgrade_0x1000016af
func_uq_0x100000401,func_isSpecial_0x100000401
func_url_0x100002fdf,func_writeUrl_0x100002fdf
func_us_0x100000914,func_assertPrivate_0x100000914
func_v2_0x1000004a1,func_compare_0x1000004a1
func_v3_0x10000019b,func_parseUuid_0x10000019b
func_v4_0x1000017d2,func_uuid_0x1000017d2
func_vQ_0x1000005b1,func_insertOption_0x1000005b1
func_vW_0x10000051f,func_prepend_0x10000051f
func_v_0x1000005f3,func_insertText_0x1000005f3
func_v_0x1000009f8,func_splitBraces_0x1000009f8
func_v_0x100000fd9,func_initStore_0x100000fd9
func_validate_0x1000017d4,func_isString_0x1000017d4
func_ve_0x1000001e2,func_handleCallback_0x1000001e2
func_ve_0x1000013f2,func_accumulatePayload_0x1000013f2
func_ve_0x1000014ec,func_initWebSocket_0x1000014ec
func_version_0x1000017d5,func_uuidByte_0x1000017d5
func_vq_0x10000041e,func_serializeAttributes_0x10000041e
func_vs_0x100000461,func_textContent_0x100000461
func_vt_0x100000bb5,func_expandPattern_0x100000bb5
func_vt_0x100000c85,func_initBuffer_0x100000c85
func_vt_0x100000d65,func_resolvePromise_0x100000d65
func_vv_0x1000005ff,func_doctype_0x1000005ff
func_vx_0x100001952,func_decodeUtf8_0x100001952
func_w0_0x100000687,func_createDirective_0x100000687
func_w6_0x1000003e2,func_bsod_0x1000003e2
func_wKOpF_0x1000020de,func_invoke_0x1000020de
func_wPQCG_0x100000d3a,func_coalesce_0x100000d3a
func_wQ_0x1000005b4,func_insertMath_0x1000005b4
func_w_0x10000096d,func_deleteRegistry_0x10000096d
func_w_0x1000009a7,func_killProcess_0x1000009a7
func_w_0x100000f9a,func_nonEmpty_0x100000f9a
func_w_0x1000010c2,func_walkGlob_0x1000010c2
func_w_0x100001102,func_rmdir_0x100001102
func_w_0x100001dd6,func_underscoreCount_0x100001dd6
func_w_0x100002445,func_syncName_0x100002445
func_w_0x100002a90,func_writeRow_0x100002a90
func_w_0x100002c8c,func_attachDb_0x100002c8c
func_w_0x100002eb3,func_restoreExtension_0x100002eb3
func_w_0x10000326e,func_mode_0x10000326e
func_wg_0x100000496,func_escapeRegex_0x100000496
func_willDropParsedChunk_0x100000766,func_willDropChunk_0x100000766
func_wjaZT_0x100003020,func_coalesce_0x100003020
func_wn_0x100001e49,func_isDrive_0x100001e49
func_wrJpt_0x1000020df,func_invoke_0x1000020df
func_wrapAll_0x100000753,func_wrapAll_0x100000753
func_wrapInner_0x100000754,func_wrapInner_0x100000754
func_wrap_0x100000752,func_wrap_0x100000752
func_write_0x1000006b0,func_writeEntity_0x1000006b0
func_write_0x100000768,func_writeHtml_0x100000768
func_write_0x100000785,func_writeParser_0x100000785
func_write_0x1000008a1,func_writeBuffer_0x1000008a1
func_write_0x1000008eb,func_writeToken_0x1000008eb
func_write_0x100003010,func_appendBuf_0x100003010
func_wt_0x10000128b,func_resolvePath_0x10000128b
func_wv_0x100000604,func_doctypeString_0x100000604
func_x0_0x1000004b0,func_parentTag_0x1000004b0
func_x2_0x10000046a,func_kebabCase_0x10000046a
func_xQ_0x10000059d,func_insertForm_0x10000059d
func_x_0x1000002b4,func_buildVault_0x1000002b4
func_L0_0x100000433,func_prevSpecial_0x100000433
func_Lr_0x100001e43,func_trimPath_0x100001e43
func_Nc_0x1000004a2,func_compareNth_0x1000004a2
func_O0_0x100000432,func_nextSpecial_0x100000432
func_P_0x100003275,func_setMerge_0x100003275
func_Qe_0x10000128d,func_validatePath_0x10000128d
func_Sg_0x100000480,func_transferData_0x100000480
func_U0_0x10000043d,func_findSpecial_0x10000043d
func_Uc_0x100000429,func_textify_0x100000429
func_Vc_0x100000470,func_getAttribute_0x100000470
func_Yq_0x100000440,func_collectSpecial_0x100000440
func_Yt_0x100000c83,func_bufferType_0x100000c83
func_emitNumericEntity_0x1000006b5,func_emitNumeric_0x1000006b5
func_emitNumericEntity_0x1000008c7,func_flushNumeric_0x1000008c7
func_l_0x1000001a3,func_uuidv5_0x1000001a3
func_onprocessinginstruction_0x1000006a4,func_processingInstruction_0x1000006a4
func_parse_0x1000017ce,func_parseUuid_0x1000017ce
func_prependTo_0x10000074c,func_prependTo_0x10000074c
func_re_0x100002f5a,func_hashObject_0x100002f5a
func_se_0x100003015,func_streamBuffer_0x100003015
func_text_0x100000645,func_text_0x100000645
func_text_0x10000064c,func_textAlias_0x10000064c
func_tm_0x100000542,func_styleValue_0x100000542
func_unknown_0x1000002b5,func_seedVault_0x1000002b5
func_unknown_0x1000002b6,func_privateVault_0x1000002b6
func_unknown_0x100000441,func_hasData_0x100000441
func_unknown_0x100000442,func_matchData_0x100000442
func_unknown_0x100000472,func_updateAttrib_0x100000472
func_unknown_0x100000474,func_setAttribs_0x100000474
func_unknown_0x10000047b,func_setAttribute_0x10000047b
func_unknown_0x100000481,func_setData_0x100000481
func_unknown_0x100000483,func_getText_0x100000483
func_unknown_0x100000487,func_removeFirstAttrib_0x100000487
func_unknown_0x100000489,func_hasClass_0x100000489
func_unknown_0x10000048b,func_addClass_0x10000048b
func_unknown_0x10000048d,func_toggleClass_0x10000048d
func_unknown_0x10000048e,func_removeClass_0x10000048e
func_unknown_0x100000490,func_replaceClass_0x100000490
func_unknown_0x1000004b2,func_hasAncestor_0x1000004b2
func_unknown_0x1000004b3,func_hasAncestorUnique_0x1000004b3
func_unknown_0x1000004b4,func_hasSelfAncestor_0x1000004b4
func_unknown_0x1000004dd,func_isUnvisited_0x1000004dd
func_unknown_0x1000004e8,func_isChecked_0x1000004e8
func_unknown_0x1000004f9,func_trackParent_0x1000004f9
func_unknown_0x100000520,func_domMap_0x100000520
func_unknown_0x100000538,func_wrapText_0x100000538
func_unknown_0x100000548,func_formControls_0x100000548
func_unknown_0x1000006c0,func_isTagName_0x1000006c0
func_unknown_0x1000006c1,func_matchTagName_0x1000006c1
func_unknown_0x100000739,func_nextSiblings_0x100000739
func_unknown_0x10000073c,func_prevSiblings_0x10000073c
func_unknown_0x10000073e,func_isNotRoot_0x10000073e
func_unknown_0x100000aff,func_selectMatch_0x100000aff
func_unknown_0x100000d8f,func_writeChunk_0x100000d8f
func_unknown_0x100000d91,func_readChunk_0x100000d91
func_C2_0x10000048a,func_hasClass_0x10000048a
func_HW_0x10000053b,func_text_0x10000053b
func_M2_0x100000488,func_removeAttr_0x100000488
func_Mp_0x100000443,func_data_0x100000443
func_Nt_0x100001289,func_normalizeOptions_0x100001289
func_Qp_0x10000048c,func_addClass_0x10000048c
func_Tp_0x100000491,func_removeClass_0x100000491
func_Vp_0x1000004e9,func_check_0x1000004e9
func_Xp_0x100000521,func_domMap_0x100000521
func_ek_0x10000054b,func_serialize_0x10000054b
func_findAll_0x100000655,func_findAll_0x100000655
func_findOne_0x100000656,func_findOne_0x100000656
func_g2_0x100000475,func_attr_0x100000475
func_getText_0x100000664,func_getText_0x100000664
func_m2_0x100000482,func_dataSet_0x100000482
func_nextElementSibling_0x10000066d,func_nextElementSibling_0x10000066d
func_prevElementSibling_0x100000670,func_prevElementSibling_0x100000670
func_unknown_0x100000738,func_nextSibling_0x100000738
func_unknown_0x10000073a,func_nextNode_0x10000073a
func_unknown_0x10000073b,func_prevSibling_0x10000073b
func_unknown_0x10000073d,func_prevNode_0x10000073d
func_unknown_0x10000073f,func_siblings_0x10000073f
func_unknown_0x100000dba,func_emit_0x100000dba
func_unknown_0x100000fdb,func_store_0x100000fdb
func_unknown_0x100002158,func_hasHeader_0x100002158
func_unknown_0x10000215a,func_removeHeader_0x10000215a
func_unknown_0x100003349,func_filterWithdrawals_0x100003349
func_ve_0x100000b04,func_parseSelector_0x100000b04
func_vn_0x100000402,func_isSpecial_0x100000402
func_vp_0x10000048f,func_toggleClass_0x10000048f
func_x_0x100000625,func_parse_0x100000625
func_B0_0x1000004ea,func_filterSpecial_0x1000004ea
func_addClass_0x1000006ca,func_addClass_0x1000006ca
func_attr_0x1000006cb,func_attr_0x1000006cb
func_b0_0x1000004e7,func_checkSpecial_0x1000004e7
func_data_0x1000006cc,func_data_0x1000006cc
func_e2_0x10000044a,func_findById_0x10000044a
func_h_0x10000061c,func_parseSelector_0x10000061c
func_hasClass_0x1000006cd,func_hasClass_0x1000006cd
func_isTag_0x10000066b,func_isSpecial_0x10000066b
func_removeAttr_0x1000006cf,func_removeAttr_0x1000006cf
func_removeClass_0x1000006d0,func_removeClass_0x1000006d0
func_serializeArray_0x10000075b,func_serializeArray_0x10000075b
func_tag_name_0x1000006c2,func_tagMatcher_0x1000006c2
func_text_0x10000074f,func_text_0x10000074f
func_toggleClass_0x1000006d1,func_toggleClass_0x1000006d1
func_unknown_0x100000446,func_accessor_0x100000446
func_unknown_0x100000479,func_modifyAttr_0x100000479
func_unknown_0x100000740,func_childrenSpecial_0x100000740
func_unknown_0x100000aee,func_parseSelector_0x100000aee
func_x_0x10000062d,func_escape_0x10000062d
func_x_0x100000921,func_searchPath_0x100000921
func_x_0x10000094a,func_activeSessions_0x10000094a
func_x_0x100000957,func_reboot_0x100000957
func_x_0x1000010de,func_globOptions_0x1000010de
func_x_0x1000013e8,func_queueInit_0x1000013e8
func_x_0x100001d4b,func_pack_0x100001d4b
func_x_0x100002539,func_hasGlobalKey_0x100002539
func_x_0x100002556,func_initializeFaro_0x100002556
func_x_0x100002a10,func_prepareTransactions_0x100002a10
func_x_0x100002a6d,func_functionLength_0x100002a6d
func_x_0x100002e96,func_makeExtensionLocal_0x100002e96
func_xa_0x100000467,func_isCheerio_0x100000467
func_xe_0x100002d33,func_trimArray_0x100002d33
func_xk_0x10000077f,func_parserInit_0x10000077f
func_xlATy_0x100000166,func_coalesce_0x100000166
func_xml_0x100000646,func_renderXml_0x100000646
func_xml_0x10000064d,func_renderXml_0x10000064d
func_xml_0x100002fc3,func_writeXml_0x100002fc3
func_xr_0x100000b86,func_hasLeadingDot_0x100000b86
func_xr_0x10000127f,func_randomString_0x10000127f
func_xr_0x100002c26,func_inherit_0x100002c26
func_xt_0x100001277,func_removeTemp_0x100001277
func_xt_0x100002bdd,func_levelInit_0x100002bdd
func_y0_0x1000004ac,func_normalizeOptions_0x1000004ac
func_yA_0x100001d54,func_closedError_0x100001d54
func_yM_0x1000003ee,func_queryAdvertise_0x1000003ee
func_yQ_0x1000005a8,func_insertHtml_0x1000005a8
func_yW_0x100000510,func_indexOfNode_0x100000510
func_y_0x1000009a9,func_findProcess_0x1000009a9
func_y_0x100000cc5,func_iterateCache_0x100000cc5
func_y_0x100000f9b,func_hasItems_0x100000f9b
func_y_0x100001105,func_statAsync_0x100001105
func_y_0x1000011ba,func_unlinkSafe_0x1000011ba
func_y_0x100001d6d,func_sign_0x100001d6d
func_y_0x100001dd8,func_normalizeName_0x100001dd8
func_y_0x100002447,func_view_0x100002447
func_y_0x100002a92,func_mapRow_0x100002a92
func_y_0x100003270,func_ensureBody_0x100003270
func_ye_0x1000015de,func_closeError_0x1000015de
func_ye_0x100001e06,func_isAlpha_0x100001e06
func_ye_0x100002da6,func_closeDatabase_0x100002da6
func_yeonE_0x100002ac3,func_coalesce_0x100002ac3
func_yhxZG_0x100002a9b,func_invoke_0x100002a9b
func_ym_0x1000005a6,func_insertHtmlFrameset_0x1000005a6
func_yq_0x100000412,func_isAlphaNum_0x100000412
func_yt_0x100000c7b,func_abortWarn_0x100000c7b
func_yt_0x100002e0e,func_isDatabaseOpen_0x100002e0e
func_yu_0x100001d63,func_queueSetup_0x100001d63
func_yv_0x1000005f7,func_isHtmlElement_0x1000005f7
func_yx_0x100001bb1,func_noop_0x100001bb1
func_z0_0x1000004cb,func_selectNodes_0x1000004cb
func_zC_0x10000028c,func_osInit_0x10000028c
func_zQ_0x1000005c8,func_insertCaption_0x1000005c8
func_zRrto_0x1000031d1,func_coalesce_0x1000031d1
func_zS_0x100000298,func_workerInit_0x100000298
func_z_0x100001357,func_findFile_0x100001357
func_z_0x100001682,func_closeStream_0x100001682
func_z_0x100002ee1,func_isNonEnumerable_0x100002ee1
func_ze_0x100000b84,func_isPathSegment_0x100000b84
func_zg_0x1000005af,func_switchToRawtext_0x1000005af
func_zi_0x100002044,func_abortError_0x100002044
func_zk_0x10000057b,func_appendNode_0x10000057b
func_zlib_0x100002fff,func_zlib_0x100002fff
func_zq_0x100000439,func_insertBefore_0x100000439
func_zs_0x10000055e,func_isLatinUpper_0x10000055e
func_zw_0x10000036c,func_parseJson_0x10000036c
func_$t_0x100001e12,func_hasColonOrPipe_0x100001e12
func_BQ_0x1000005ab,func_insertImg_0x1000005ab
func_Cp_0x100000447,func_normalizeKeys_0x100000447
func_DC_0x1000026dc,func_chainRunner_0x1000026dc
func_Eq_0x100000413,func_isEquals_0x100000413
func_GS_0x100000289,func_osKill_0x100000289
func_K_0x100001e08,func_isAlphaNum_0x100001e08
func_K_0x100002da8,func_openDatabase_0x100002da8
func_LS_0x100000286,func_osStart_0x100000286
func_La_0x100000560,func_isAlphaUpper_0x100000560
func_Mm_0x10000084b,func_parserInit_0x10000084b
func_Qa_0x100002086,func_abortRequest_0x100002086
func_ZCjEo_0x100002a84,func_invokeWrapper_0x100002a84
func_a_0x100000cdd,func_isStale_0x100000cdd
func_bt_0x100001e10,func_isAlphaColon_0x100001e10
func_d0_0x100000727,func_checkNode_0x100000727
func_getElementById_0x10000065a,func_findById_0x10000065a
func_h_0x10000062c,func_prefixEscape_0x10000062c
func_iA_0x10000057d,func_adoptFormatting_0x10000057d
func_index_0x1000006e2,func_indexNode_0x1000006e2
func_je_0x100001287,func_tempPath_0x100001287
func_k3_0x100000188,func_uuidV1_0x100000188
func_p2_0x10000047c,func_attrAccess_0x10000047c
func_pr_0x100001e14,func_isAlphaColon2_0x100001e14
func_prepend_0x10000066e,func_insertBefore_0x10000066e
func_stateAttributeName_0x1000007c3,func_attributeName_0x1000007c3
func_stateBeforeDoctypeName_0x1000007d8,func_beforeDoctypeName_0x1000007d8
func_stateDoctypeName_0x1000007d9,func_doctypeName_0x1000007d9
func_stateTagName_0x1000007a9,func_tagName_0x1000007a9
func_unknown_0x100000626,func_selectorInit_0x100000626
func_$q_0x100000449,func_filterTree_0x100000449
func_MQ_0x1000005a3,func_insertHtml_0x1000005a3
func_S2_0x1000004af,func_matchPseudo_0x1000004af
func_T_0x100000ccb,func_evict_0x100000ccb
func_Xq_0x100000448,func_anyMatch_0x100000448
func_c_0x10000062b,func_selector_0x10000062b
func_mQ_0x1000005a1,func_insertAnchor_0x1000005a1
func_prop_0x1000006ce,func_property_0x1000006ce
func_q0_0x100000561,func_alnum_0x100000561
func_se_0x100001242,func_tmpfile_0x100001242
func_stateEndTagOpen_0x1000007a8,func_endTagOpen_0x1000007a8
func_stateNamedEntity_0x1000006b6,func_namedEntity_0x1000006b6
func_stateRawtextEndTagOpen_0x1000007af,func_rawtextEndTagOpen_0x1000007af
func_stateRcdataEndTagOpen_0x1000007ab,func_rcdataEndTagOpen_0x1000007ab
func_stateScriptDataEndTagOpen_0x1000007b2,func_scriptEndTagOpen_0x1000007b2
func_stateScriptDataEscapedEndTagOpen_0x1000007ba,func_scriptEscapedEndTagOpen_0x1000007ba
func_stateScriptDataEscapedLessThanSign_0x1000007b9,func_scriptEscapedLt_0x1000007b9
func_stateTagOpen_0x1000007a7,func_tagOpen_0x1000007a7
func_unknown_0x100000cc0,func_calculateSize_0x100000cc0
func_unknown_0x100000cf6,func_entries_0x100000cf6
func_unknown_0x100000cf8,func_keys_0x100000cf8
func_unknown_0x100000cfa,func_values_0x100000cfa
func_unknown_0x100000cfc,func_forEach_0x100000cfc
func_unknown_0x100000cfe,func_keysIterator_0x100000cfe
func_unknown_0x100000d00,func_valuesIterator_0x100000d00
func_unknown_0x100000d04,func_find_0x100000d04
func_unknown_0x100000d06,func_findCall_0x100000d06
func_unknown_0x100000d08,func_findCallRead_0x100000d08
func_unknown_0x100000d0c,func_getEntry_0x100000d0c
func_unknown_0x100000d0e,func_entriesArray_0x100000d0e
func_fe_0x100001266,func_createTempDir_0x100001266
func_fk_0x100000567,func_isEquals_0x100000567
func_getElements_0x10000065b,func_getFilterTree_0x10000065b
func_stateAmbiguousAmpersand_0x1000007ec,func_handleAmbiguousAmpersand_0x1000007ec
func_stateCharacterReference_0x1000007ea,func_handleCharacterReference_0x1000007ea
func_testElement_0x100000674,func_getAnyMatch_0x100000674
func_unknown_0x100000cc2,func_updateEntry_0x100000cc2
func_unknown_0x100000d14,func_fetchEntry_0x100000d14
func_unknown_0x100000d1c,func_readEntry_0x100000d1c
func_unknown_0x100000d1e,func_deleteEntry_0x100000d1e
func_unknown_0x100000d20,func_clearEntries_0x100000d20
func_unknown_0x100000f9d,func_normalizePaths_0x100000f9d
func_unknown_0x1000011c6,func_unlinkTemp_0x1000011c6
func_unknown_0x100001262,func_cleanupTemp_0x100001262
func_unknown_0x1000015cf,func_timeoutHandshake_0x1000015cf
func_unknown_0x1000015d5,func_handleUpgrade_0x1000015d5
func_unknown_0x100001665,func_closeSocket_0x100001665
func_unknown_0x1000016b9,func_closeStream_0x1000016b9
func_unknown_0x1000016c3,func_removeClient_0x1000016c3
func_unknown_0x100001d8d,func_convertByte_0x100001d8d
func_unknown_0x100001f3b,func_parseSchemeStart_0x100001f3b
func_unknown_0x100001f3d,func_parseScheme_0x100001f3d
func_matchNamedCharacterReference_0x10000079e,func_matchNamedCharacterReference_0x10000079e
func_unknown_0x100000faa,func_currentPath_0x100000faa
func_unknown_0x100001f53,func_fileStart_0x100001f53
func_unknown_0x100001f55,func_fileHost_0x100001f55
func_unknown_0x100001f5b,func_filePath_0x100001f5b
func_unknown_0x100002a0e,func_transactionWrap_0x100002a0e
func_unknown_0x100002a69,func_aggregateFunction_0x100002a69
func_unknown_0x100002dab,func_databaseClose_0x100002dab
func_unknown_0x100002f3e,func_queueAdd_0x100002f3e
func_unknown_0x100002f40,func_queueRun_0x100002f40
func_v1_0x1000017d0,func_uuidV1_0x1000017d0
func_v_0x100000cc3,func_bufferInit_0x100000cc3
func_w2_0x1000004bb,func_compileSelector_0x1000004bb
func_ws_0x10000044b,func_tagFilter_0x10000044b
func_za_0x100000242,func_scriptCreate_0x100000242
func_Ga_0x10000045a,func_tagText_0x10000045a
func_getElementsByTagName_0x10000065c,func_getElementsByTagName_0x10000065c
func_yp_0x100000458,func_mediaContents_0x100000458
func_zc_0x100000459,func_firstTag_0x100000459
func_To_0x10000045b,func_tagText_0x10000045b
func_unknown_0x100000453,func_parseAtomEntry_0x100000453
func_unknown_0x100000455,func_parseRssItem_0x100000455
func_i2_0x100000454,func_parseAtom_0x100000454
func_o2_0x100000456,func_parseRss_0x100000456
func_n2_0x100000452,func_parseFeed_0x100000452
func_getFeed_0x10000065e,func_parseFeed_0x10000065e
func_A_0x100000628,func_joinList_0x100000628
func_A_0x1000030e4,func_mapBuffer_0x1000030e4
func_Ab_0x10000197a,func_compatify_0x10000197a
func_B_0x100001228,func_registerB_0x100001228
func_B_0x100001dd2,func_normalizeSplit_0x100001dd2
func_B_0x1000022a4,func_registerC_0x1000022a4
func_B_0x100002459,func_pushTrace_0x100002459
func_Bv_0x1000005f9,func_serializeTree_0x1000005f9
func_CA_0x100001718,func_stringifyQuery_0x100001718
func_C_0x1000022a1,func_matchAny_0x1000022a1
func_C_0x1000029d3,func_resolveBindings_0x1000029d3
func_C_0x100002f0d,func_installLocation_0x100002f0d
func_Cb_0x10000197e,func_packItems_0x10000197e
func_Cu_0x100001716,func_buildUrl_0x100001716
func_D2_0x1000004bc,func_tagify_0x1000004bc
func_D_0x1000001dd,func_dispatchOp_0x1000001dd
func_D_0x100000a09,func_expandBraces_0x100000a09
func_Dq_0x100000421,func_serializeNode_0x100000421
func_E_0x100001147,func_removePath_0x100001147
func_E_0x1000013cd,func_bufferize_0x1000013cd
func_E_0x100002b78,func_initFormats_0x100002b78
func_E_0x100002f08,func_launchApp_0x100002f08
func_Ee_0x100001258,func_tempFile_0x100001258
func_Eo_0x1000005b7,func_handleTag_0x1000005b7
func_Et_0x100000b99,func_firstItem_0x100000b99
func_FM_0x1000016d6,func_initSocket_0x1000016d6
func_FQ_0x1000005b9,func_afterBody_0x1000005b9
func_F_0x100000e78,func_markFlag_0x100000e78
func_Ft_0x1000001fb,func_stopSubscription_0x1000001fb
func_Fu_0x10000001c,func_registerFu_0x10000001c
func_Fv_0x100000606,func_renderTree_0x100000606
func_Hs_0x1000005d5,func_reprocessToken_0x1000005d5
func_M_0x100002f06,func_filterInstalledApps_0x100002f06
func_W_0x1000009fa,func_expandPattern_0x1000009fa
func_aa_0x10000058a,func_handleHeadTag_0x10000058a
func_b_0x10000113f,func_removePath_0x10000113f
func_l_0x100000629,func_serializeCombinator_0x100000629
func_onComment_0x100000874,func_handleComment_0x100000874
func_onDoctype_0x100000875,func_handleDoctype_0x100000875
func_qv_0x1000005fb,func_serializeElement_0x1000005fb
func_su_0x1000005c3,func_handleStartTag_0x1000005c3
func_tQ_0x100000587,func_handleHead_0x100000587
func_unknown_0x100000ef0,func_resolvePath_0x100000ef0
func_unknown_0x1000022a3,func_filterException_0x1000022a3
func_unknown_0x1000030e0,func_hashBuffer_0x1000030e0
func_Rm_0x1000005fa,func_serializeNode_0x1000005fa
func_aA_0x1000005d8,func_colgroup_0x1000005d8
func_au_0x100000594,func_token_0x100000594
func_dv_0x1000005eb,func_frameset_0x1000005eb
func_iQ_0x10000058e,func_head_0x10000058e
func_pv_0x1000005f1,func_noframes_0x1000005f1
func_s_0x1000030e1,func_setHash_0x1000030e1
func_unknown_0x100000627,func_joinCombinators_0x100000627
func_unknown_0x100000632,func_initStringify_0x100000632
func_vm_0x1000005e1,func_inBody_0x1000005e1
func_xv_0x1000005ed,func_framesetText_0x1000005ed
func_Jc_0x1000005f0,func_inBody_0x1000005f0
func_YQ_0x1000005ca,func_table_0x1000005ca
func_bv_0x1000005f8,func_serialize_0x1000005f8
func_ec_0x100000593,func_body_0x100000593
func_eu_0x1000005ea,func_bodyMode_0x1000005ea
func_lc_0x1000005d2,func_foster_0x1000005d2
func_sv_0x1000005e3,func_select_0x1000005e3
func_aQ_0x100000591,func_handleStartTag_0x100000591
func_ev_0x1000005ce,func_insertForeign_0x1000005ce
func_gv_0x1000005ef,func_handleHtml_0x1000005ef
func_h0_0x1000005c7,func_tableText_0x1000005c7
func_lv_0x1000005e8,func_handleHtmlBody_0x1000005e8
func_nc_0x1000005d1,func_handleTableEndTag_0x1000005d1
func_onEof_0x10000087b,func_handleEof_0x10000087b
func_sQ_0x100000592,func_handleBodyEndTag_0x100000592
func_wm_0x1000005e9,func_handleHtmlEndTag_0x1000005e9
func_k0_0x1000005dc,func_tableBodyEnd_0x1000005dc
func_nv_0x1000005d7,func_captionEnd_0x1000005d7
func_onCharacter_0x100000872,func_character_0x100000872
func_onNullCharacter_0x100000873,func_nullCharacter_0x100000873
func_onWhitespaceCharacter_0x10000087c,func_whitespaceCharacter_0x10000087c
func_Qm_0x1000005de,func_tableRowEnd_0x1000005de
func_av_0x1000005e0,func_handleTableCellEnd_0x1000005e0
func_endTagOutsideForeignContent_0x10000087a,func_handleEndTag_0x10000087a
func_Hw_0x10000035f,func_requestJson_0x10000035f
func_I_0x10000093e,func_joinWords_0x10000093e
func_I_0x1000009a5,func_spawnSessions_0x1000009a5
func_I_0x1000010a4,func_globInit_0x1000010a4
func_I_0x10000238f,func_patchConsole_0x10000238f
func_I_0x10000295a,func_workerInit_0x10000295a
func_J4_0x1000002a8,func_buildJson_0x1000002a8
func_JM_0x100000093,func_httpRequest_0x100000093
func_Ji_0x100002175,func_requestInit_0x100002175
func_Jo_0x10000035c,func_saveBalance_0x10000035c
func_Jp_0x1000004d5,func_wrapArray_0x1000004d5
func_K0_0x1000004bd,func_parseJson_0x1000004bd
func_K4_0x1000002b0,func_loadVault_0x1000002b0
func_K_0x10000123f,func_tempStat_0x10000123f
func_Kp_0x1000004dc,func_parsePath_0x1000004dc
func_L6_0x1000003eb,func_initialize_0x1000003eb
func_L_0x100000b09,func_buildUpdate_0x100000b09
func_Lt_0x100002d95,func_handleOpen_0x100002d95
func_M_0x100000028,func_subscribeOnce_0x100000028
func_M_0x10000092b,func_startProcess_0x10000092b
func_M_0x100001193,func_resolveTemp_0x100001193
func_Mb_0x10000197c,func_iterateItems_0x10000197c
func_Me_0x100002d05,func_createStore_0x100002d05
func_Mg_0x100001d21,func_writeBuffer_0x100001d21
func_gW_0x100000508,func_filterPath_0x100000508
func_tA_0x100000504,func_selectPath_0x100000504
func_unknown_0x100000362,func_fetchJson_0x100000362
func_unknown_0x1000004cc,func_findMatch_0x1000004cc
func_unknown_0x1000004f4,func_wrapOptions_0x1000004f4
func_unknown_0x1000004f8,func_wrapContext_0x1000004f8
func_unknown_0x100002180,func_requestInit_0x100002180
func_unknown_0x100002d94,func_handleOpen_0x100002d94
func_unknown_0x100002d98,func_emitOpen_0x100002d98
func_unknown_0x100003314,func_saveBingx_0x100003314
func_unknown_0x10000331b,func_saveBitget_0x10000331b
func_unknown_0x100003323,func_saveBitrue_0x100003323
func_unknown_0x10000334b,func_saveBybit_0x10000334b
func_unknown_0x10000334d,func_saveBybitOrigin_0x10000334d
func_unknown_0x100003357,func_saveDigifinex_0x100003357
func_unknown_0x10000335f,func_saveGateio_0x10000335f
func_unknown_0x100003367,func_saveKucoin_0x100003367
func_unknown_0x100003377,func_saveOkx_0x100003377
func_unknown_0x10000337f,func_savePoloniex_0x10000337f
func_Up_0x1000004cd,func_setContext_0x1000004cd
func_filterArray_0x1000006dd,func_selectPath_0x1000006dd
func_not_0x1000006e9,func_filterPath_0x1000006e9
func_rW_0x1000004fa,func_find_0x1000004fa
func_unknown_0x1000004ef,func_filter_0x1000004ef
func_unknown_0x1000004f5,func_wrap_0x1000004f5
func_xW_0x100000503,func_select_0x100000503
func_closest_0x1000006d7,func_closest_0x1000006d7
func_filter_0x1000006dc,func_filter_0x1000006dc
func_unknown_0x1000004f0,func_init_0x1000004f0
func_X0_0x1000004f1,func_initScope_0x1000004f1
func_eA_0x1000004f6,func_initScopeWrapper_0x1000004f6
func_$w_0x100000387,func_saveWalletBalance_0x100000387
func_G_0x100001240,func_initCache_0x100001240
func_Mr_0x100000ce2,func_configureCache_0x100000ce2
func_N4_0x10000029a,func_collectAsync_0x10000029a
func_N_0x1000001d6,func_scheduleConnect_0x1000001d6
func_N_0x100000e80,func_setErrorCode_0x100000e80
func_N_0x100000ff6,func_initWalker_0x100000ff6
func_N_0x1000011f0,func_removePath_0x1000011f0
func_N_0x100002794,func_wrapHandler_0x100002794
func_N_0x1000027ba,func_initWorker_0x1000027ba
func_N_0x100003183,func_compilePath_0x100003183
func_Ni_0x100002056,func_cleanupAbort_0x100002056
func_Nt_0x100000b90,func_parsePair_0x100000b90
func_O2_0x1000004c6,func_reduceSelectors_0x1000004c6
func_OM_0x1000016fd,func_walkTree_0x1000016fd
func_O_0x1000001d4,func_connectTimeout_0x1000001d4
func_O_0x100002867,func_inheritClass_0x100002867
func_O_0x1000028d8,func_inheritProto_0x1000028d8
func_Oi_0x10000036a,func_bindValue_0x10000036a
func_Op_0x1000004bf,func_hasScopePseudo_0x1000004bf
func_Oq_0x100000428,func_renderChildren_0x100000428
func_P0_0x10000041f,func_renderList_0x10000041f
func_P1_0x100000359,func_generateAddress_0x100000359
func_P2_0x1000004c1,func_normalizeSelectors_0x1000004c1
func_P_0x100001dda,func_validateLabel_0x100001dda
func_P_0x1000024a6,func_inheritBase_0x1000024a6
func_P_0x100002ebb,func_loadExtensions_0x100002ebb
func_Qe_0x100000b96,func_parseSingle_0x100000b96
func_Qe_0x1000028eb,func_emitExit_0x1000028eb
func_Qt_0x100002e11,func_filterEncodings_0x100002e11
func_R_0x100000e73,func_markProvisional_0x100000e73
func_R_0x100002ecf,func_cloneMerge_0x100002ecf
func_Rp_0x100000495,func_selectorWeight_0x100000495
func_S_0x10000122d,func_bindPath_0x10000122d
func_S_0x10000240d,func_pushLog_0x10000240d
func_TS_0x100000283,func_initScreenshot_0x100000283
func_T_0x100000e7a,func_finalizeNode_0x100000e7a
func_Tq_0x100000420,func_dispatchNode_0x100000420
func_Z_0x1000001d2,func_reconnect_0x1000001d2
func_Z_0x1000011e7,func_removePath_0x1000011e7
func_ae_0x1000001e0,func_handleReconnect_0x1000001e0
func_getInnerHTML_0x10000065f,func_innerHtml_0x10000065f
func_gp_0x100000426,func_renderChildren_0x100000426
func_m_0x100001ddc,func_validatePath_0x100001ddc
func_unknown_0x10000011b,func_resolvePath_0x10000011b
func_unknown_0x100000427,func_renderChildren_0x100000427
func_unknown_0x100000494,func_minWeight_0x100000494
func_unknown_0x1000004be,func_hasPseudo_0x1000004be
func_unknown_0x1000004c3,func_reduceScope_0x1000004c3
func_unknown_0x1000008f2,func_renderNode_0x1000008f2
func_unknown_0x100000ed8,func_resolveLink_0x100000ed8
func_unknown_0x100000ffd,func_initWalker_0x100000ffd
func_unknown_0x10000208f,func_timeoutError_0x10000208f
func_unknown_0x100002092,func_systemError_0x100002092
func_unknown_0x100002ed4,func_mergeClone_0x100002ed4
func_unknown_0x100002ee6,func_updateClone_0x100002ee6
func_unknown_0x10000333c,func_checkAddress_0x10000333c
func_va_0x100002088,func_abortRequest_0x100002088
func_y2_0x100000493,func_sortSelectors_0x100000493
func_H0_0x1000004c4,func_select_0x1000004c4
func_getOuterHTML_0x100000661,func_outerHtml_0x100000661
func_unknown_0x1000001f2,func_handleSocket_0x1000001f2
func_unknown_0x1000001f4,func_reconnectSocket_0x1000001f4
func_unknown_0x1000001f6,func_cleanupSubscriptions_0x1000001f6
func_unknown_0x100001dfd,func_parseDomain_0x100001dfd
func_unknown_0x10000209b,func_removeAbortListener_0x10000209b
func_unknown_0x1000004c5,func_compileSelector_0x1000004c5
func_Ae_0x1000028f0,func_spawnPty_0x1000028f0
func_Ar_0x100002d80,func_openStore_0x100002d80
func_H_0x100002ed5,func_mergeArrays_0x100002ed5
func_O_0x10000317c,func_compilePath_0x10000317c
func_S_0x100002eaf,func_loadPreferences_0x100002eaf
func_T_0x100002275,func_initSender_0x100002275
func_T_0x1000024f8,func_assignObject_0x1000024f8
func_Tn_0x100000de0,func_destroyStream_0x100000de0
func_Tn_0x100001e37,func_parseHost_0x100001e37
func_Ts_0x1000005d0,func_insertTable_0x1000005d0
func_Tw_0x100000334,func_stealTelegram_0x100000334
func_Ue_0x100001e23,func_decodeUri_0x100001e23
func_Ut_0x10000102e,func_initGlob_0x10000102e
func_V1_0x1000033ad,func_createUdp_0x1000033ad
func_V2_0x1000004db,func_selectItems_0x1000004db
func_VM_0x10000175c,func_initRuntime_0x10000175c
func_VW_0x10000053e,func_applyStyle_0x10000053e
func_V_0x100002edd,func_mergeKeys_0x100002edd
func_Ve_0x100001680,func_bindEvents_0x100001680
func_Vw_0x100000372,func_fetchAssets_0x100000372
func_W_0x1000001d0,func_flushBatch_0x1000001d0
func_css_0x100000759,func_applyStyle_0x100000759
func_get_value_0x10000250c,func_assignObject_0x10000250c
func_onData_0x1000003db,func_createUdp_0x1000003db
func_rv_0x1000005d6,func_tableTag_0x1000005d6
func_unknown_0x1000001f0,func_flushOpen_0x1000001f0
func_unknown_0x100001f4f,func_parsePort_0x100001f4f
func_unknown_0x100001f57,func_parseHost_0x100001f57
func_D_0x1000024fc,func_configureBatch_0x1000024fc
func_R_0x100000202,func_queueRequest_0x100000202
func_V_0x1000016b0,func_createServer_0x1000016b0
func_W_0x1000011c8,func_removePath_0x1000011c8
func_Wx_0x10000194a,func_mergeStructures_0x10000194a
func_X2_0x1000004ed,func_select_0x1000004ed
func_XQ_0x1000005cc,func_tableBody_0x1000005cc
func_X_0x100002eeb,func_mergeDeep_0x100002eeb
func_Xc_0x1000004e6,func_selectRelative_0x1000004e6
func_Xw_0x100000380,func_withdrawQuote_0x100000380
func_Y_0x100002d2b,func_initCache_0x100002d2b
func_Y_0x100002ed7,func_customMerge_0x100002ed7
func_Ym_0x10000008f,func_serializeInput_0x10000008f
func_Yt_0x100000bb4,func_createMinimatch_0x100000bb4
func_Yw_0x100000375,func_withdrawAsset_0x100000375
func_Z0_0x1000004d4,func_partitionSelectors_0x1000004d4
func_Z_0x10000317a,func_parsePattern_0x10000317a
func_Zc_0x1000004d1,func_isPseudo_0x1000004d1
func_a_0x100000e7e,func_handleError_0x100000e7e
func_a_0x1000021da,func_formatDate_0x1000021da
func_arraybuffer_0x100002fdd,func_sendArraybuffer_0x100002fdd
func_at_0x100001ffb,func_initBody_0x100001ffb
func_bA_0x1000002cf,func_saveScreenshot_0x1000002cf
func_b_0x1000017f3,func_initString_0x1000017f3
func_b_0x1000026aa,func_createTransport_0x1000026aa
func_c_0x10000250d,func_createAccessor_0x10000250d
func_find_0x1000006de,func_getSelector_0x1000006de
func_unknown_0x100000379,func_catchWithdraw_0x100000379
func_unknown_0x1000004d0,func_hasPseudo_0x1000004d0
func_unknown_0x1000004e2,func_selectRelative_0x1000004e2
func_unknown_0x100000edc,func_refreshStats_0x100000edc
func_unknown_0x100002ee8,func_mergeEntry_0x100002ee8
func_unknown_0x100002f01,func_mergeDeep_0x100002f01
func_unpack_0x1000017f7,func_unpackString_0x1000017f7
func_v_0x1000011c4,func_removePath_0x1000011c4
func_xe_0x1000031ab,func_compilePattern_0x1000031ab
func_zp_0x1000004e1,func_selectTraversal_0x1000004e1
func_Hp_0x1000004e0,func_selectNodes_0x1000004e0
func_Y2_0x1000004e4,func_querySelectorAll_0x1000004e4
func_unknown_0x10000037a,func_withdrawAll_0x10000037a
func_unknown_0x1000004d6,func_hasTraversal_0x1000004d6
func_jp_0x1000004d7,func_matchSelector_0x1000004d7
func_hW_0x100000505,func_matches_0x100000505
func_is_0x1000006e3,func_isMatches_0x1000006e3
func_Mc_0x1000002cd,func_waitNavigation_0x1000002cd
func_Ve_0x1000031b0,func_compile_0x1000031b0
func_c1_0x1000002a1,func_extractSecrets_0x1000002a1
func_c6_0x1000003a3,func_getBalances_0x1000003a3
func_c_0x100002ab9,func_openDatabase_0x100002ab9
func_chunks_0x1000032aa,func_chunkResponse_0x1000032aa
func_chunks_0x1000032b2,func_chunkResponse_0x1000032b2
func_cloneNode_0x10000067f,func_cloneNode_0x10000067f
func_clone_0x100000746,func_clone_0x100000746
func_cu_0x1000005db,func_insertTableBody_0x1000005db
func_d_0x10000299b,func_iterateMasterKeys_0x10000299b
func_d_0x100003154,func_normalizePaths_0x100003154
func_e6_0x100000392,func_setupChallenge_0x100000392
func_em_0x100000540,func_applyStyle_0x100000540
func_end_0x100000399,func_setupEnd_0x100000399
func_existsOne_0x100000652,func_existsOne_0x100000652
func_full_0x1000032a6,func_fullRequest_0x1000032a6
func_full_0x1000032ae,func_fullResponse_0x1000032ae
func_g3_0x10000011c,func_proxyResolve_0x10000011c
func_g_0x1000023a8,func_mergeMeta_0x1000023a8
func_g_0x100002e84,func_openLevel_0x100002e84
func_ge_0x100001270,func_removeFile_0x100001270
func_getProxyType_0x1000032a4,func_detectProxyRequest_0x1000032a4
func_getProxyType_0x1000032ac,func_detectProxyResponse_0x1000032ac
func_get_0x100000078,func_getThenable_0x100000078
func_p3_0x10000011f,func_proxyInit_0x10000011f
func_unknown_0x10000053d,func_applySpecialStyle_0x10000053d
func_unknown_0x10000053f,func_applyIndexedStyle_0x10000053f
func_unknown_0x100003165,func_filterGlobs_0x100003165
func_unknown_0x100003169,func_matchGlobs_0x100003169
func_unknown_0x1000031a8,func_compileSource_0x1000031a8
func_unknown_0x1000032ff,func_applyWithdrawal_0x1000032ff
func_uu_0x1000005dd,func_handleTable_0x1000005dd
func_ze_0x100001275,func_unlinkFiles_0x100001275
func_ov_0x1000005df,func_handleTableCell_0x1000005df
func_unknown_0x100001253,func_unlinkFiles_0x100001253
func_uv_0x1000005e5,func_handleTemplate_0x1000005e5
func_startTagOutsideForeignContent_0x100000878,func_dispatchStartTag_0x100000878
func_PM_0x10000007b,func_createProxy_0x10000007b
func_T_0x100003186,func_compileRegex_0x100003186
func_Y_0x1000031a9,func_buildRegex_0x1000031a9
func_a6_0x10000039a,func_postRisk_0x10000039a
func_gt_0x100002805,func_startPty_0x100002805
func_gt_0x10000319b,func_assignPath_0x10000319b
func_h_0x100001123,func_listDir_0x100001123
func_h_0x10000240e,func_initLogs_0x10000240e
func_he_0x10000279f,func_iterateNext_0x10000279f
func_he_0x100002ee9,func_mergeDeep_0x100002ee9
func_headers_0x1000032a8,func_requestHeaders_0x1000032a8
func_headers_0x1000032b0,func_responseHeaders_0x1000032b0
func_headers_0x10000330b,func_fetchBalance_0x10000330b
func_hr_0x100000bb9,func_filterPaths_0x100000bb9
func_hr_0x100000c87,func_initStack_0x100000c87
func_ht_0x100002c07,func_appendChunk_0x100002c07
func_i0_0x100001d0e,func_writeArray_0x100001d0e
func_i_0x10000284d,func_normalizeConfig_0x10000284d
func_instance_members_initializer_0x100001062,func_initMembers_0x100001062
func_j_0x10000107b,func_initResults_0x10000107b
func_j_0x100002f57,func_hashTree_0x100002f57
func_jc_0x10000040c,func_convertNode_0x10000040c
func_je_0x100000b8d,func_parseTag_0x100000b8d
func_jr_0x100000f07,func_initScurry_0x100000f07
func_kS_0x100000271,func_toggleScreencast_0x100000271
func_kW_0x100000519,func_normalizeDom_0x100000519
func_k_0x1000001f7,func_connectSocket_0x1000001f7
func_k_0x100000e77,func_visitChildren_0x100000e77
func_kt_0x100000b8a,func_parseName_0x100000b8a
func_kx_0x10000194e,func_freezeArray_0x10000194e
func_l6_0x1000003b1,func_convertExchange_0x1000003b1
func_l_0x1000009cd,func_enumerateRegistry_0x1000009cd
func_l_0x100001154,func_storeValue_0x100001154
func_l_0x100001673,func_parseProtocols_0x100001673
func_l_0x100001805,func_parseHex_0x100001805
func_l_0x100002209,func_randomString_0x100002209
func_l_0x1000023da,func_initEvents_0x1000023da
func_le_0x100002c05,func_ScheduleNext_0x100002c05
func_makeDomArray_0x100000741,func_DomArray_0x100000741
func_ro_0x100001d11,func_Encode_0x100001d11
func_unknown_0x1000003ab,func_ConvertCatch_0x1000003ab
func_unknown_0x10000040d,func_ConvertNode_0x10000040d
func_unknown_0x10000046c,func_ConvertNode_0x10000046c
func_unknown_0x100000c89,func_BufferEncode_0x100000c89
func_unknown_0x100003057,func_HashTree_0x100003057
func_M0_0x10000046e,func_NormalizeNodes_0x10000046e
func_o0_0x100001d1f,func_EncodeShared_0x100001d1f
func_s0_0x10000040e,func_LinkNodes_0x10000040e
func_unknown_0x1000003ac,func_CollectCatches_0x1000003ac
func_unknown_0x100001d13,func_EncodeObject_0x100001d13
func_unknown_0x100001d15,func_EncodeEntries_0x100001d15
func_unknown_0x100001d2a,func_EncodeValue_0x100001d2a
func_unknown_0x100002c08,func_InitializeStream_0x100002c08
func_unknown_0x100003059,func_HashSha1_0x100003059
func_unknown_0x10000305b,func_HashMd5_0x10000305b
func_unknown_0x10000305d,func_HashMd5Values_0x10000305d
func_unpack_0x100001809,func_Unpack_0x100001809
func_y_0x100000e75,func_VisitChildren_0x100000e75
func_unknown_0x100001d17,func_encodeTransitions_0x100001d17
func_unknown_0x100001d19,func_encodeKeys_0x100001d19
func_w_0x100000e7c,func_handleError_0x100000e7c
func_zW_0x10000053c,func_makeNormalized_0x10000053c
func_unknown_0x100000ee1,func_commitChildren_0x100000ee1
func_unknown_0x100000ee8,func_readdirChildren_0x100000ee8
func_Re_0x1000027a3,func_awaitThen_0x1000027a3
func_XB_0x100001d2b,func_replaceBuffer_0x100001d2b
func_eT_0x10000021c,func_initSocket_0x10000021c
func_l_0x100002448,func_initMeta_0x100002448
func_l_0x10000245c,func_initTrace_0x10000245c
func_l_0x1000029aa,func_scanProfiles_0x1000029aa
func_m_0x1000011c2,func_resolveAsync_0x1000011c2
func_m_0x100001d8e,func_initBitmask_0x100001d8e
func_mr_0x100000cda,func_abortFetch_0x100000cda
func_mw_0x100000320,func_collectSecrets_0x100000320
func_next_0x10000005f,func_advance_0x10000005f
func_next_0x100002163,func_iterateHeaders_0x100002163
func_nw_0x1000002d4,func_getJsonValue_0x1000002d4
func_oC_0x1000001b1,func_initUuid_0x1000001b1
func_object_0x100002fab,func_serialize_0x100002fab
func_onData_0x1000003da,func_connectData_0x1000003da
func_on_0x100000dae,func_handleEvent_0x100000dae
func_on_0x100002033,func_selectFields_0x100002033
func_or_0x10000203c,func_normalizeUrl_0x10000203c
func_p_0x10000043f,func_contains_0x10000043f
func_p_0x100002321,func_createLogger_0x100002321
func_pack_0x100001d3a,func_packBytes_0x100001d3a
func_qS_0x10000026a,func_subscribeScreen_0x10000026a
func_q_0x100002428,func_initMeasure_0x100002428
func_qn_0x100000e6f,func_createCache_0x100000e6f
func_qx_0x100001bc0,func_bindContext_0x100001bc0
func_re_0x1000022c7,func_dispatchBatch_0x1000022c7
func_re_0x100002725,func_initProcess_0x100002725
func_response_0x100003303,func_injectResponse_0x100003303
func_response_0x100003306,func_processRows_0x100003306
func_response_0x100003309,func_processData_0x100003309
func_response_0x100003347,func_markResult_0x100003347
func_rt_0x100000d75,func_proxyStream_0x100000d75
func_rt_0x10000163d,func_createSocket_0x10000163d
func_s6_0x10000039e,func_connectUser_0x10000039e
func_s_0x100002993,func_readJson_0x100002993
func_s_0x1000029a7,func_checkExists_0x1000029a7
func_session_0x1000032b5,func_createSession_0x1000032b5
func_subscribe_0x100000039,func_subscribe_0x100000039
func_transform_0x1000017f5,func_decodeUtf8_0x1000017f5
func_transform_0x100001807,func_decodeHex_0x100001807
func_u6_0x1000003a7,func_getBalance_0x1000003a7
func_u_0x1000017e4,func_initJson_0x1000017e4
func_unknown_0x10000003a,func_createEmitter_0x10000003a
func_unknown_0x1000002df,func_getInnerText_0x1000002df
func_unknown_0x10000043e,func_containsSpecial_0x10000043e
func_unknown_0x100000da7,func_pipeStream_0x100000da7
func_unknown_0x100002152,func_invokeCallbacks_0x100002152
func_unpack_0x1000017e8,func_unpackString_0x1000017e8
func_v3_0x1000017d1,func_uuidV3_0x1000017d1
func_v5_0x1000017d3,func_uuidV5_0x1000017d3
func_v6_0x1000003dc,func_listenStreams_0x1000003dc
func_S_0x1000022dd,func_initTransports_0x1000022dd
func_X_0x1000027a1,func_asyncThrow_0x1000027a1
func_p_0x100000060,func_executeLink_0x100000060
func_sw_0x1000002e0,func_extractEmails_0x1000002e0
func_transform_0x1000017e6,func_decodeUuid_0x1000017e6
func_u_0x1000017f8,func_stringCodec_0x1000017f8
func_u_0x100002adf,func_readPasswords_0x100002adf
func_unknown_0x100000051,func_subscribeStream_0x100000051
func_unknown_0x10000009e,func_requestJson_0x10000009e
func_unknown_0x100000111,func_sendRequest_0x100000111
func_unknown_0x100000112,func_registerRequest_0x100000112
func_unknown_0x100000113,func_setRuntime_0x100000113
func_unknown_0x10000022f,func_executeGraphql_0x10000022f
func_unknown_0x100000230,func_registerGraphql_0x100000230
func_unknown_0x10000025e,func_timeoutRace_0x10000025e
func_unknown_0x1000002ad,func_buildPage_0x1000002ad
func_unknown_0x100000342,func_attachProcess_0x100000342
func_unknown_0x100000355,func_listenPort_0x100000355
func_unknown_0x100000369,func_parseBody_0x100000369
func_unknown_0x1000003fa,func_dispatchMessage_0x1000003fa
func_unknown_0x100000928,func_loadSearch_0x100000928
func_unknown_0x100000936,func_watchProcess_0x100000936
func_unknown_0x100000954,func_loadSession_0x100000954
func_unknown_0x10000095e,func_loadSystem_0x10000095e
func_unknown_0x100000972,func_loadRegistry_0x100000972
func_unknown_0x10000097a,func_loadShadow_0x10000097a
func_unknown_0x100000982,func_loadUnprotect_0x100000982
func_unknown_0x10000098a,func_loadHandle_0x10000098a
func_unknown_0x1000009bc,func_waitExit_0x1000009bc
func_unknown_0x1000009c0,func_watchExit_0x1000009c0
func_unknown_0x1000009f0,func_exportRange_0x1000009f0
func_unknown_0x100000a39,func_loadPattern_0x100000a39
func_unknown_0x100000a5e,func_parseClass_0x100000a5e
func_unknown_0x100000a61,func_loadUnescape_0x100000a61
func_unknown_0x100000ae4,func_toPattern_0x100000ae4
func_unknown_0x100000b00,func_buildPattern_0x100000b00
func_unknown_0x100000b0f,func_loadEscape_0x100000b0f
func_unknown_0x1000027a8,func_initializeIterator_0x1000027a8
func_unknown_0x1000027a9,func_wrapIterator_0x1000027a9
func_C_0x100000937,func_watchProcess_0x100000937
func_OC_0x10000025f,func_timeoutRace_0x10000025f
func_h1_0x1000002ae,func_buildPage_0x1000002ae
func_j6_0x1000003fb,func_impersonateSession_0x1000003fb
func_jM_0x1000000a1,func_requestJson_0x1000000a1
func_t3_0x100000052,func_subscribeStream_0x100000052
func_unknown_0x100000067,func_subscribeLink_0x100000067
func_unknown_0x100000114,func_setRuntime_0x100000114
func_unknown_0x100000231,func_registerGraphql_0x100000231
func_unknown_0x100000356,func_listenServer_0x100000356
func_unknown_0x100000a32,func_expandPattern_0x100000a32
func_unknown_0x100000b0c,func_initGlob_0x100000b0c
func_unknown_0x100000bbe,func_hasMagic_0x100000bbe
func_unknown_0x100000bc7,func_parsePath_0x100000bc7
func_unknown_0x100000bd9,func_collapseGlobstar_0x100000bd9
func_unknown_0x100000bde,func_splitPath_0x100000bde
func_unknown_0x100000be5,func_mergeParts_0x100000be5
func_unknown_0x100000bef,func_globToPattern_0x100000bef
func_unknown_0x100000c19,func_normalizeGlob_0x100000c19
func_unknown_0x100000cb1,func_setTtl_0x100000cb1
func_unknown_0x100000d12,func_setEntry_0x100000d12
func_unknown_0x100000daa,func_unpipeStream_0x100000daa
func_unknown_0x100000dc5,func_collectStream_0x100000dc5
func_unknown_0x100000dc7,func_concatStream_0x100000dc7
func_unknown_0x100000dcd,func_attachStream_0x100000dcd
func_unknown_0x100000deb,func_iterateStream_0x100000deb
func_unknown_0x100000ed6,func_readLink_0x100000ed6
func_unknown_0x100000eda,func_statPath_0x100000eda
func_unknown_0x100000ee2,func_readdirPath_0x100000ee2
func_zA_0x100001719,func_requestJson_0x100001719
func_A6_0x1000003ad,func_withTimeout_0x1000003ad
func_Q_0x100000cbd,func_initTtl_0x100000cbd
func_Rw_0x100000357,func_listenServer_0x100000357
func_Zw_0x10000037b,func_withdrawAll_0x10000037b
func_o_0x100001796,func_requestMutation_0x100001796
func_r3_0x100000068,func_registerSubscribe_0x100000068
func_tT_0x100000232,func_registerGraphql_0x100000232
func_unknown_0x100000947,func_exportProcesses_0x100000947
func_unknown_0x100000bc9,func_parseGlob_0x100000bc9
func_unknown_0x100000c1a,func_compileGlob_0x100000c1a
func_unknown_0x100000dce,func_attachStream_0x100000dce
func_unknown_0x100000ee6,func_readdirAsync_0x100000ee6
func_unknown_0x100000eee,func_resolveRealpath_0x100000eee
func_unknown_0x100000f19,func_readdirEntries_0x100000f19
func_unknown_0x100000f1c,func_readdirSync_0x100000f1c
func_unknown_0x100000f1e,func_lstatNode_0x100000f1e
func_unknown_0x100000f22,func_readlinkNode_0x100000f22
func_unknown_0x100000f26,func_realpathNode_0x100000f26
func_unknown_0x100000f43,func_finalizeWalk_0x100000f43
func_unknown_0x100000f61,func_walkRoot_0x100000f61
func_unknown_0x100000f6c,func_walkStream_0x100000f6c
func_unknown_0x100000feb,func_addEntry_0x100000feb
func_unknown_0x100000ff0,func_listKeys_0x100000ff0
func_unknown_0x100000ff3,func_filterKeys_0x100000ff3
func_unknown_0x100001036,func_matchEntry_0x100001036
func_unknown_0x10000103e,func_finishMatch_0x10000103e
func_unknown_0x10000104d,func_walkAsync_0x10000104d
func_unknown_0x100001052,func_walkSync_0x100001052
func_unknown_0x10000175e,func_request_0x10000175e
func_E6_0x1000003cc,func_listenServer_0x1000003cc
func_unknown_0x10000099e,func_exportModule_0x10000099e
func_unknown_0x1000009c3,func_processModule_0x1000009c3
func_unknown_0x10000105d,func_walkSync_0x10000105d
func_unknown_0x100001061,func_walkSync2_0x100001061
func_unknown_0x100001071,func_walkStart_0x100001071
func_unknown_0x100001076,func_walkSync3_0x100001076
func_unknown_0x100001081,func_walkStart2_0x100001081
func_unknown_0x100001086,func_walkSync4_0x100001086
func_unknown_0x1000010a6,func_globWalk_0x1000010a6
func_unknown_0x1000010df,func_exportRimraf_0x1000010df
func_unknown_0x1000010ec,func_exportPath_0x1000010ec
func_unknown_0x10000111d,func_exportFs_0x10000111d
func_unknown_0x10000112e,func_exportIgnore_0x10000112e
func_unknown_0x100001141,func_resolveName_0x100001141
func_unknown_0x100001153,func_handleFile_0x100001153
func_unknown_0x10000117c,func_runAsync_0x10000117c
func_unknown_0x1000011b7,func_handleRemove_0x1000011b7
func_unknown_0x1000011be,func_resolvePath_0x1000011be
func_unknown_0x1000011e9,func_resolveDir_0x1000011e9
func_unknown_0x10000120d,func_exportNative_0x10000120d
func_unknown_0x100001227,func_matchGlob_0x100001227
func_unknown_0x10000122c,func_matchGlobSync_0x10000122c
func_unknown_0x100001254,func_unlinkFile_0x100001254
func_unknown_0x100001263,func_makeDir_0x100001263
func_unknown_0x1000012df,func_withFile_0x1000012df
func_unknown_0x1000012e4,func_withDir_0x1000012e4
func_unknown_0x1000012ef,func_linkShadow_0x1000012ef
func_unknown_0x1000012f9,func_exportImpersonate_0x1000012f9
func_unknown_0x10000131d,func_loadGlobal_0x10000131d
func_unknown_0x100001339,func_closeStream_0x100001339
func_unknown_0x10000133f,func_finalizeStream_0x10000133f
func_unknown_0x100002f47,func_setupCapture_0x100002f47
func_w_0x1000011b8,func_removeHandler_0x1000011b8
func_unknown_0x100002f4a,func_initCapture_0x100002f4a
func_unknown_0x100002f4e,func_initMetaMask_0x100002f4e
func_M_0x100001143,func_removeDir_0x100001143
func_P_0x1000011c0,func_removeTmp_0x1000011c0
func_gt_0x100001264,func_prepareDir_0x100001264
func_u_0x1000012f0,func_linkTmp_0x1000012f0
func_unknown_0x1000009c9,func_registry_0x1000009c9
func_unknown_0x100001072,func_walkAsync_0x100001072
func_unknown_0x100001083,func_walkSync_0x100001083
func_unknown_0x100001124,func_fsReaddir_0x100001124
func_unknown_0x100001158,func_fsChmod_0x100001158
func_unknown_0x10000117d,func_delayRun_0x10000117d
func_unknown_0x100001198,func_tmpDir_0x100001198
func_unknown_0x1000011ff,func_fsRm_0x1000011ff
func_unknown_0x100001255,func_unlinkFile_0x100001255
func_unknown_0x100001345,func_sendData_0x100001345
func_unknown_0x1000013ac,func_resolveNative_0x1000013ac
func_unknown_0x1000013b2,func_loadAddon_0x1000013b2
func_unknown_0x1000013c2,func_loadNative_0x1000013c2
func_unknown_0x1000013ed,func_queueClass_0x1000013ed
func_unknown_0x100001419,func_acceptExt_0x100001419
func_unknown_0x100001430,func_parseParams_0x100001430
func_unknown_0x10000143a,func_decompress_0x10000143a
func_unknown_0x100001448,func_compress_0x100001448
func_unknown_0x100001451,func_inflate_0x100001451
func_unknown_0x100001459,func_deflate_0x100001459
func_unknown_0x100001481,func_loadUtf8_0x100001481
func_unknown_0x10000150c,func_decompressMsg_0x10000150c
func_unknown_0x100001512,func_finalizeMsg_0x100001512
func_unknown_0x100001516,func_finalizeControl_0x100001516
func_unknown_0x10000154e,func_sendFrame_0x10000154e
func_unknown_0x100001588,func_eventClass_0x100001588
func_unknown_0x100001594,func_formatHeader_0x100001594
func_E_0x100001346,func_createDuplex_0x100001346
func_h_0x100001595,func_formatHeaders_0x100001595
func_q_0x10000113d,func_removeDirSafe_0x10000113d
func_te_0x100001256,func_initUnlinkCache_0x100001256
func_unknown_0x1000009d3,func_exportInstalledApps_0x1000009d3
func_unknown_0x1000009d8,func_exportMachineId_0x1000009d8
func_unknown_0x1000011bc,func_removeTmpSafe_0x1000011bc
func_unknown_0x1000013ad,func_initPlatform_0x1000013ad
func_unknown_0x1000013df,func_exportBufferUtil_0x1000013df
func_unknown_0x100001431,func_parseParams_0x100001431
func_unknown_0x10000143b,func_registerDecompress_0x10000143b
func_unknown_0x100001449,func_registerCompress_0x100001449
func_unknown_0x1000014b1,func_exportValidation_0x1000014b1
func_unknown_0x1000015d3,func_handleRedirect_0x1000015d3
func_unknown_0x100001659,func_closeSocket_0x100001659
func_unknown_0x10000166f,func_defineEvent_0x10000166f
func_unknown_0x1000016ba,func_terminateServer_0x1000016ba
func_unknown_0x1000016c0,func_upgradeRequest_0x1000016c0
func_unknown_0x1000016c4,func_completeUpgrade_0x1000016c4
func_unknown_0x1000016d9,func_sendPing_0x1000016d9
func_unknown_0x1000016dc,func_startPing_0x1000016dc
func_unknown_0x1000016e7,func_defineAbortError_0x1000016e7
func_unknown_0x1000016ea,func_initAbortError_0x1000016ea
func_unknown_0x1000016f2,func_defineClientError_0x1000016f2
func_unknown_0x100001701,func_initCodes_0x100001701
func_unknown_0x100001704,func_initCodesAgain_0x100001704
func_unknown_0x10000171e,func_defineTransformError_0x10000171e
func_unknown_0x100001739,func_initAbortErrorAgain_0x100001739
func_unknown_0x100001769,func_handleAsyncResult_0x100001769
func_unknown_0x10000177a,func_subscribeRequest_0x10000177a
func_unknown_0x10000179a,func_initTransformError_0x10000179a
func_unknown_0x1000017e9,func_exportUuid_0x1000017e9
func_unknown_0x1000017fd,func_exportStringCodec_0x1000017fd
func_unknown_0x100001800,func_exportHexCodec_0x100001800
func_unknown_0x10000180a,func_exportHexParser_0x10000180a
func_unknown_0x10000180d,func_exportBase64Codec_0x10000180d
func_unknown_0x100001810,func_exportBase64urlCodec_0x100001810
func_unknown_0x10000181f,func_exportToBuffer_0x10000181f
func_unknown_0x10000195d,func_wrapToResult_0x10000195d
func_unknown_0x100001708,func_initAll_0x100001708
func_unknown_0x10000173e,func_defineErrors_0x10000173e
func_Va_0x10000195e,func_readExtension_0x10000195e
func_Ze_0x1000015d6,func_connectWebSocket_0x1000015d6
func_unknown_0x100001148,func_exportRimraf_0x100001148
func_unknown_0x1000011cb,func_exportMoveRemove_0x1000011cb
func_unknown_0x10000134c,func_exportDuplex_0x10000134c
func_unknown_0x10000145a,func_exportPerMessageDeflate_0x10000145a
func_unknown_0x1000015bc,func_exportHeaders_0x1000015bc
func_unknown_0x10000167c,func_exportProtocols_0x10000167c
func_unknown_0x10000171a,func_initMethods_0x10000171a
func_unknown_0x10000176a,func_requestStream_0x10000176a
func_unknown_0x10000181a,func_exportCodecs_0x10000181a
func_unknown_0x100001989,func_asyncIterator_0x100001989
func_unknown_0x100001bb8,func_unpackValues_0x100001bb8
func_unknown_0x100001bbb,func_restoreStructures_0x100001bbb
func_unknown_0x100001bbf,func_readStructure_0x100001bbf
func_unknown_0x100001bc7,func_dispatchRecord_0x100001bc7
func_unknown_0x100001519,func_websocket_0x100001519
func_unknown_0x100001555,func_deflate_0x100001555
func_unknown_0x100001730,func_init_0x100001730
func_unknown_0x100001736,func_requester_0x100001736
func_unknown_0x100001bc9,func_decode_0x100001bc9
func_unknown_0x100001bcc,func_setify_0x100001bcc
func_unknown_0x100001bd1,func_regexify_0x100001bd1
func_unknown_0x100001bd3,func_bundle_0x100001bd3
func_unknown_0x100001d0a,func_encode_0x100001d0a
func_unknown_0x100001d66,func_enqueue_0x100001d66
func_unknown_0x100001d6a,func_process_0x100001d6a
func_unknown_0x100001dc0,func_regexpify_0x100001dc0
func_unknown_0x100001dcb,func_wrapper_0x100001dcb
func_unknown_0x100001dfb,func_domain_0x100001dfb
func_unknown_0x100002016,func_body_0x100002016
func_unknown_0x100002090,func_timeout_0x100002090
func_unknown_0x10000212a,func_readable_0x10000212a
func_unknown_0x1000021c8,func_types_0x1000021c8
func_unknown_0x1000021db,func_timestamp_0x1000021db
func_unknown_0x1000021df,func_loglevel_0x1000021df
func_unknown_0x1000021f3,func_producer_0x1000021f3
func_unknown_0x1000021f5,func_consumer_0x1000021f5
func_unknown_0x1000021f9,func_queue_0x1000021f9
func_unknown_0x10000220d,func_shortid_0x10000220d
func_unknown_0x100002211,func_datenow_0x100002211
func_unknown_0x10000228f,func_batch_0x10000228f
func_unknown_0x100002295,func_group_0x100002295
func_unknown_0x10000229d,func_transport_0x10000229d
func_unknown_0x100002302,func_assign_0x100002302
func_unknown_0x100002365,func_logger_0x100002365
func_unknown_0x100002393,func_inherit_0x100002393
func_unknown_0x10000239c,func_batchify_0x10000239c
func_unknown_0x1000023a1,func_transports_0x1000023a1
func_unknown_0x1000023bf,func_assign_0x1000023bf
func_unknown_0x100002436,func_assign_0x100002436
func_unknown_0x10000244c,func_metaapi_0x10000244c
func_Ht_0x100002017,func_readBody_0x100002017
func_Us_0x100001d2c,func_createEncoder_0x100001d2c
func_m_0x1000021f6,func_processQueue_0x1000021f6
func_unknown_0x100001670,func_websocketInit_0x100001670
func_unknown_0x100001d6b,func_queueClass_0x100001d6b
func_unknown_0x100001dc1,func_webidlTypes_0x100001dc1
func_unknown_0x100001dfe,func_domainUtils_0x100001dfe
func_unknown_0x1000021d7,func_deepEqualInit_0x1000021d7
func_unknown_0x100002298,func_senderInit_0x100002298
func_unknown_0x100002303,func_consoleInit_0x100002303
func_unknown_0x100002394,func_consolePatch_0x100002394
func_unknown_0x1000023c2,func_telemetryInit_0x1000023c2
func_unknown_0x100002451,func_metaApiInit_0x100002451
func_unknown_0x100002476,func_assignWrapper_0x100002476
func_unknown_0x100002487,func_globalObjectInit_0x100002487
func_unknown_0x1000024aa,func_inheritClass_0x1000024aa
func_unknown_0x1000024af,func_apiInit_0x1000024af
func_unknown_0x1000024bf,func_addInstrumentation_0x1000024bf
func_unknown_0x1000024cd,func_removeInstrumentation_0x1000024cd
func_unknown_0x1000024df,func_instrumentationInit_0x1000024df
func_unknown_0x100002513,func_metasInit_0x100002513
func_unknown_0x100002524,func_metasRegister_0x100002524
func_unknown_0x100002565,func_batchingInit_0x100002565
func_unknown_0x10000257e,func_exportStar_0x10000257e
func_unknown_0x1000025fd,func_logSetup_0x1000025fd
func_Ib_0x100001980,func_asyncIterator_0x100001980
func_W_0x1000024ce,func_removeInstrumentation_0x1000024ce
func_unknown_0x1000016c5,func_serverInit_0x1000016c5
func_unknown_0x1000016cd,func_requireInit_0x1000016cd
func_unknown_0x100001f6e,func_urlInit_0x100001f6e
func_unknown_0x100002299,func_batchInit_0x100002299
func_unknown_0x100002309,func_consoleInit_0x100002309
func_unknown_0x1000024ab,func_classInit_0x1000024ab
func_unknown_0x10000252b,func_metasInit_0x10000252b
func_unknown_0x100002533,func_faroInit_0x100002533
func_unknown_0x10000253e,func_faroGlobal_0x10000253e
func_unknown_0x10000260d,func_sendError_0x10000260d
func_unknown_0x100002611,func_broadcast_0x100002611
func_unknown_0x10000261d,func_collect_0x10000261d
func_unknown_0x100002648,func_measure_0x100002648
func_unknown_0x100002685,func_defaultMetas_0x100002685
func_unknown_0x1000026b4,func_sendBatch_0x1000026b4
func_unknown_0x1000026df,func_runInit_0x1000026df
func_unknown_0x1000026e2,func_runEntry_0x1000026e2
func_unknown_0x1000026e4,func_runScript_0x1000026e4
func_unknown_0x1000026ea,func_runAll_0x1000026ea
func_unknown_0x1000026f1,func_filesInit_0x1000026f1
func_unknown_0x10000270d,func_listenerAdd_0x10000270d
func_unknown_0x100002750,func_processEvents_0x100002750
func_unknown_0x100002754,func_assertType_0x100002754
func_unknown_0x100002778,func_workerPipe_0x100002778
func_unknown_0x1000027b5,func_asyncWrap_0x1000027b5
func_unknown_0x1000027c6,func_drainSocket_0x1000027c6
func_unknown_0x1000027cd,func_workerResponse_0x1000027cd
func_unknown_0x100002828,func_killPty_0x100002828
func_unknown_0x100002835,func_spawnConpty_0x100002835
func_unknown_0x100002836,func_conptyInit_0x100002836
func_unknown_0x100002840,func_exitProcess_0x100002840
func_unknown_0x100002844,func_closeProcess_0x100002844
func_unknown_0x100002851,func_assignConfig_0x100002851
func_unknown_0x10000286b,func_inheritClass_0x10000286b
func_unknown_0x10000286c,func_inheritInit_0x10000286c
func_unknown_0x100002878,func_readyData_0x100002878
func_unknown_0x10000289b,func_resizeAgent_0x10000289b
func_unknown_0x10000289f,func_clearAgent_0x10000289f
func_unknown_0x1000028a3,func_killAgent_0x1000028a3
func_unknown_0x1000028a7,func_closeAgent_0x1000028a7
func_unknown_0x1000028ab,func_callDeferred_0x1000028ab
func_unknown_0x1000028af,func_invokeDeferred_0x1000028af
func_get_0x10000270e,func_listenerAccessor_0x10000270e
func_unknown_0x1000016e1,func_Socket_0x1000016e1
func_unknown_0x100001ff3,func_UrlExports_0x100001ff3
func_unknown_0x100002312,func_Console_0x100002312
func_unknown_0x100002543,func_Faro_0x100002543
func_unknown_0x10000261e,func_Metric_0x10000261e
func_unknown_0x1000026b5,func_Transport_0x1000026b5
func_unknown_0x100002772,func_Process_0x100002772
func_unknown_0x1000027ce,func_Respond_0x1000027ce
func_unknown_0x10000282b,func_Terminate_0x10000282b
func_unknown_0x100002879,func_Attach_0x100002879
func_unknown_0x1000028dc,func_Inherit_0x1000028dc
func_unknown_0x1000028dd,func_InheritProto_0x1000028dd
func_unknown_0x100002914,func_Open_0x100002914
func_unknown_0x100002918,func_Close_0x100002918
func_unknown_0x100002926,func_Pipe_0x100002926
func_unknown_0x100002954,func_Worker_0x100002954
func_unknown_0x100002961,func_Proxy_0x100002961
func_unknown_0x10000296c,func_Invoke_0x10000296c
func_unknown_0x100002975,func_Pool_0x100002975
func_unknown_0x10000297d,func_Email_0x10000297d
func_unknown_0x100002982,func_Browser_0x100002982
func_unknown_0x100002987,func_StartsWith_0x100002987
func_unknown_0x100002994,func_ReadJson_0x100002994
func_unknown_0x100002998,func_Keys_0x100002998
func_unknown_0x1000029a8,func_Exists_0x1000029a8
func_unknown_0x1000029b6,func_Options_0x1000029b6
func_unknown_0x1000029bd,func_Sqlite_0x1000029bd
func_unknown_0x1000029c9,func_FileUri_0x1000029c9
func_unknown_0x1000029ea,func_Caller_0x1000029ea
func_unknown_0x100002a41,func_Transfer_0x100002a41
func_unknown_0x100002a77,func_VirtualTable_0x100002a77
func_unknown_0x100002a8d,func_MapRows_0x100002a8d
func_unknown_0x100002ab6,func_Assign_0x100002ab6
func_unknown_0x100002ae8,func_DateFromTimestamp_0x100002ae8
func_unknown_0x100002af7,func_Database_0x100002af7
func_unknown_0x100002b00,func_CustomError_0x100002b00
func_unknown_0x100002b04,func_TextCodec_0x100002b04
func_unknown_0x100002b1e,func_ViewCodec_0x100002b1e
func_unknown_0x100002b2c,func_BufferCodec_0x100002b2c
func_unknown_0x100002b30,func_Utf8Codec_0x100002b30
func_unknown_0x100002b9b,func_PromiseHandler_0x100002b9b
func_unknown_0x100002ba4,func_CallbackOptions_0x100002ba4
func_unknown_0x100003076,func_loadEmail_0x100003076
func_C_0x100002a78,func_createVirtualTable_0x100002a78
func_I_0x100002a8e,func_mapRows_0x100002a8e
func_g_0x100002a42,func_transferPromise_0x100002a42
func_unknown_0x100001fed,func_urlSetup_0x100001fed
func_unknown_0x100002553,func_faroSetup_0x100002553
func_unknown_0x100002629,func_processCpuMetric_0x100002629
func_unknown_0x100002630,func_processMemoryMetric_0x100002630
func_unknown_0x100002711,func_listenerClass_0x100002711
func_unknown_0x1000027cf,func_workerClass_0x1000027cf
func_unknown_0x100002847,func_ptyClass_0x100002847
func_unknown_0x10000287e,func_attachSocket_0x10000287e
func_unknown_0x100002922,func_spawnPty_0x100002922
func_unknown_0x10000296d,func_invokeWorker_0x10000296d
func_unknown_0x100002990,func_cryptoSetup_0x100002990
func_unknown_0x1000029af,func_profileSetup_0x1000029af
func_unknown_0x1000029ed,func_bindingsSetup_0x1000029ed
func_unknown_0x100002a06,func_sqliteSetup_0x100002a06
func_unknown_0x100002a14,func_transactionSetup_0x100002a14
func_unknown_0x100002a1c,func_pragmaSetup_0x100002a1c
func_unknown_0x100002a4b,func_serializeSetup_0x100002a4b
func_unknown_0x100002a59,func_functionSetup_0x100002a59
func_unknown_0x100002a6e,func_aggregateSetup_0x100002a6e
func_unknown_0x100002ab7,func_assignSetup_0x100002ab7
func_unknown_0x100002ad4,func_sqliteErrorSetup_0x100002ad4
func_unknown_0x100002af8,func_supportSetup_0x100002af8
func_unknown_0x100002b05,func_textCodecSetup_0x100002b05
func_unknown_0x100002b16,func_encodingSetup_0x100002b16
func_unknown_0x100002b9c,func_callbackSetup_0x100002b9c
func_unknown_0x100002c18,func_asyncIterator_0x100002c18
func_unknown_0x100002c63,func_iteratorSetup_0x100002c63
func_unknown_0x100002c68,func_iteratorNext_0x100002c68
func_unknown_0x100002c6b,func_iteratorNextv_0x100002c6b
func_unknown_0x100002c6e,func_iteratorAll_0x100002c6e
func_unknown_0x100002c71,func_iteratorSeek_0x100002c71
func_unknown_0x100002c74,func_iteratorClose_0x100002c74
func_S_0x100002a7f,func_validateTable_0x100002a7f
func_j_0x10000287f,func_spawnPty_0x10000287f
func_unknown_0x100002712,func_exportEventEmitter_0x100002712
func_unknown_0x1000029a2,func_exportBrowsers_0x1000029a2
func_unknown_0x100002a30,func_backupFile_0x100002a30
func_unknown_0x100002aad,func_registerVirtualTable_0x100002aad
func_unknown_0x100002adc,func_exportSqlite_0x100002adc
func_unknown_0x100002b32,func_exportBufferFormats_0x100002b32
func_unknown_0x100002c31,func_exportIterators_0x100002c31
func_unknown_0x100002c9c,func_writeBatch_0x100002c9c
func_unknown_0x100002cb2,func_writeQueue_0x100002cb2
func_unknown_0x100002cbb,func_exportBatch_0x100002cbb
func_unknown_0x100002d23,func_exportSublevel_0x100002d23
func_unknown_0x100002d31,func_cacheView_0x100002d31
func_unknown_0x100002d99,func_openDatabase_0x100002d99
func_unknown_0x100002dac,func_closeDatabase_0x100002dac
func_unknown_0x100002773,func_terminal_0x100002773
func_unknown_0x1000027d0,func_connection_0x1000027d0
func_unknown_0x100002a43,func_backup_0x100002a43
func_unknown_0x100002ab2,func_virtualTable_0x100002ab2
func_unknown_0x100002ae2,func_passwords_0x100002ae2
func_unknown_0x100002b5f,func_formats_0x100002b5f
func_unknown_0x100002c4d,func_iterators_0x100002c4d
func_unknown_0x100002ca4,func_batch_0x100002ca4
func_unknown_0x100002ce8,func_sublevel_0x100002ce8
func_unknown_0x100002d9b,func_open_0x100002d9b
func_unknown_0x100002dae,func_close_0x100002dae
func_unknown_0x100002db6,func_clear_0x100002db6
func_unknown_0x100002dc4,func_getMany_0x100002dc4
func_unknown_0x100002848,func_initWindows_0x100002848
func_unknown_0x100002927,func_initUnix_0x100002927
func_unknown_0x100002ad0,func_initSqlite_0x100002ad0
func_unknown_0x100002b7d,func_initTranscoder_0x100002b7d
func_unknown_0x100002cb3,func_initBatch_0x100002cb3
func_unknown_0x100002d34,func_initSublevel_0x100002d34
func_unknown_0x100002de5,func_batchPut_0x100002de5
func_unknown_0x100002df4,func_batchClear_0x100002df4
func_unknown_0x100002e17,func_exportClasses_0x100002e17
func_unknown_0x100002e61,func_openDatabase_0x100002e61
func_unknown_0x100002e73,func_approximateSize_0x100002e73
func_unknown_0x100002e76,func_compactRange_0x100002e76
func_unknown_0x100002e86,func_open_0x100002e86
func_unknown_0x100002e8b,func_entries_0x100002e8b
func_unknown_0x100002e8d,func_keys_0x100002e8d
func_unknown_0x100002e8f,func_iterator_0x100002e8f
func_unknown_0x100002e91,func_close_0x100002e91
func_unknown_0x100002e9e,func_initExtension_0x100002e9e
func_unknown_0x100002f02,func_mergeDeep_0x100002f02
func_unknown_0x100002f43,func_processQueue_0x100002f43
func_unknown_0x100002f52,func_initPhantom_0x100002f52
func_unknown_0x100002f55,func_initWallets_0x100002f55
func_unknown_0x10000305f,func_dispatch_0x10000305f
func_unknown_0x10000306f,func_initNoop_0x10000306f
func_unknown_0x100003072,func_runNoop_0x100003072
func_unknown_0x10000308d,func_initStream_0x10000308d
func_unknown_0x1000030a1,func_initReader_0x1000030a1
func_unknown_0x1000030e7,func_initHash_0x1000030e7
func_unknown_0x1000030f1,func_initDecrypt_0x1000030f1
func_unknown_0x10000310f,func_initPeerId_0x10000310f
func_unknown_0x100003150,func_initRegex_0x100003150
func_unknown_0x1000028b7,func_initWindowsTerminal_0x1000028b7
func_unknown_0x100002e29,func_initBatch_0x100002e29
func_unknown_0x100002e47,func_initIterator_0x100002e47
func_unknown_0x100002ead,func_initExports_0x100002ead
func_unknown_0x100002f44,func_initQueue_0x100002f44
func_unknown_0x1000030b2,func_initStream_0x1000030b2
func_unknown_0x1000030fc,func_initDecryptLocal_0x1000030fc
func_unknown_0x10000312c,func_initTelegramFile_0x10000312c
func_unknown_0x10000316a,func_initGlob_0x10000316a
func_unknown_0x10000319c,func_parseRoute_0x10000319c
func_unknown_0x100003225,func_matchAny_0x100003225
func_unknown_0x10000322a,func_matchHost_0x10000322a
func_unknown_0x100003231,func_matchPattern_0x100003231
func_unknown_0x100003235,func_matchQuery_0x100003235
func_unknown_0x100003247,func_initHeaders_0x100003247
func_unknown_0x100003268,func_camelize_0x100003268
func_unknown_0x1000032d2,func_initListen_0x1000032d2
func_unknown_0x1000032e1,func_initRouter_0x1000032e1
func_unknown_0x1000032e9,func_initModule_0x1000032e9
func_unknown_0x10000332c,func_saveBitstamp_0x10000332c
func_unknown_0x10000336f,func_saveMexc_0x10000336f
func_unknown_0x100003395,func_sendEvent_0x100003395
func_unknown_0x1000033a2,func_sendTcp_0x1000033a2
func_unknown_0x1000033b1,func_sendUdp_0x1000033b1
func_unknown_0x1000033db,func_initTask_0x1000033db
func_vA_0x100000363,func_fetchJson_0x100000363
func_vS_0x10000027e,func_readFiles_0x10000027e
func_v_0x1000021fa,func_queueTask_0x1000021fa
func_v_0x1000024c0,func_addInstrumentations_0x1000024c0
func_v_0x1000032b6,func_createServer_0x1000032b6
func_w_0x1000002c1,func_processExtension_0x1000002c1
func_w_0x100000cdb,func_fetchCache_0x100000cdb
func_w_0x100002c5b,func_initDatabase_0x100002c5b
func_wt_0x100000b93,func_parsePattern_0x100000b93
func_ww_0x100000343,func_spawnProcess_0x100000343
func_wx_0x100001960,func_decodeString_0x100001960
func_x_0x10000117f,func_initParser_0x10000117f
func_x_0x1000023f3,func_initExceptions_0x1000023f3
func_x_0x100002633,func_collectMetrics_0x100002633
func_x_0x100002aeb,func_extractCookies_0x100002aeb
func_x_0x100003112,func_deserializePeer_0x100003112
func_D_0x10000319d,func_initRoute_0x10000319d
func_LC_0x100000276,func_runProcess_0x100000276
func_c_0x1000021fb,func_createQueue_0x1000021fb
func_ew_0x1000002c4,func_scanExtensions_0x1000002c4
func_headers_0x10000333f,func_precheckWithdrawal_0x10000333f
func_unknown_0x100000c28,func_initMinimatch_0x100000c28
func_QS_0x10000027a,func_runLoop_0x10000027a
func_WS_0x10000026d,func_saveScreenshots_0x10000026d
func_unknown_0x10000031a,func_handleCacheGet_0x10000031a
func_unknown_0x100000d1a,func_fetch_0x100000d1a
func_unknown_0x100000fb8,func_initPattern_0x100000fb8
func_unknown_0x100001007,func_initWalker_0x100001007
func_unknown_0x1000010bb,func_initHasMagic_0x1000010bb
func_unknown_0x100001183,func_initRetry_0x100001183
func_unknown_0x100002202,func_initPromiseBuffer_0x100002202
func_unknown_0x10000263d,func_initMetrics_0x10000263d
func_unknown_0x100002932,func_initTerminal_0x100002932
func_unknown_0x100002af3,func_initCookies_0x100002af3
func_unknown_0x100002e7e,func_initLevel_0x100002e7e
func_unknown_0x100003065,func_initInterop_0x100003065
func_unknown_0x1000030c5,func_initReader_0x1000030c5
func_unknown_0x1000031fd,func_initRouter_0x1000031fd
func_pw_0x10000031b,func_ListenSession_0x10000031b
func_unknown_0x100000d2a,func_ExportCache_0x100000d2a
func_unknown_0x100000fc8,func_ExportIgnore_0x100000fc8
func_unknown_0x100002263,func_ExportUtils_0x100002263
func_unknown_0x100002e92,func_ExportLevel_0x100002e92
func_unknown_0x1000030dd,func_ExportReader_0x1000030dd
func_unknown_0x100003236,func_ExportRoute_0x100003236
func_unknown_0x100003269,func_ExportHeaders_0x100003269
func_unknown_0x1000032fb,func_Withdraw_0x1000032fb
func_unknown_0x100003396,func_ExportEmitter_0x100003396
func_x_0x1000024d1,func_Instrument_0x1000024d1
func_xe_0x100002edb,func_Symbols_0x100002edb
func_unknown_0x1000022f6,func_transportInit_0x1000022f6
func_unknown_0x1000022fb,func_loggerInit_0x1000022fb
func_unknown_0x1000024db,func_instrumentationInit_0x1000024db
func_unknown_0x100002f03,func_mergeInit_0x100002f03
func_unknown_0x10000311e,func_sessionInit_0x10000311e
func_unknown_0x1000032c8,func_bridgeInit_0x1000032c8
func_y1_0x1000002d2,func_clickSelector_0x1000002d2
func_y6_0x1000003c8,func_installCertificate_0x1000003c8
func_yS_0x10000024a,func_verifyFile_0x10000024a
func_y_0x1000010c4,func_globWalk_0x1000010c4
func_y_0x10000117e,func_retryAsync_0x10000117e
func_y_0x1000011e1,func_removePath_0x1000011e1
func_y_0x100002c5f,func_dbWrapper_0x100002c5f
func_y_0x100002eb7,func_copyExtension_0x100002eb7
func_yb_0x10000198a,func_iterateMessages_0x10000198a
func_z1_0x10000339e,func_tcpConnection_0x10000339e
func_z4_0x1000002b7,func_buildVault_0x1000002b7
func_zM_0x100000115,func_runtimeInit_0x100000115
func_B1_0x100000301,func_challengeSignin_0x100000301
func_ES_0x100000250,func_downloadFile_0x100000250
func_O_0x1000011eb,func_removePath_0x1000011eb
func_unknown_0x100001797,func_initRequest_0x100001797
func_unknown_0x100002331,func_initLogger_0x100002331
func_unknown_0x100002c75,func_initIterator_0x100002c75
func_unknown_0x10000313f,func_initTelegram_0x10000313f
func_unknown_0x1000032dd,func_initRouter_0x1000032dd
func_BS_0x100000267,func_downloadInit_0x100000267
func_W_0x1000011e5,func_removeFile_0x1000011e5
func_b1_0x1000002fa,func_signinChallenge_0x1000002fa
func_unknown_0x100001d5c,func_bootstrap_0x100001d5c
func_unknown_0x100002336,func_loggerSetup_0x100002336
func_unknown_0x100002e12,func_levelInit_0x100002e12
func_cw_0x1000002e8,func_authenticate_0x1000002e8
func_unknown_0x1000011f1,func_initRimraf_0x1000011f1
func_unknown_0x100002345,func_initLogger_0x100002345
func_unknown_0x1000032e5,func_bootstrap_0x1000032e5
func_unknown_0x1000033a5,func_initTcp_0x1000033a5
func_unknown_0x1000033b4,func_initUdp_0x1000033b4
func_unknown_0x1000033b8,func_initNetwork_0x1000033b8
func_hw_0x100000315,func_selectAccount_0x100000315
func_unknown_0x1000011fa,func_initRimraf_0x1000011fa
func_unknown_0x100002366,func_initExtension_0x100002366
func_unknown_0x10000330c,func_initBinance_0x10000330c
func_unknown_0x100003315,func_initBingx_0x100003315
func_unknown_0x10000331c,func_initBitget_0x10000331c
func_unknown_0x100003324,func_initBitrue_0x100003324
func_unknown_0x10000332d,func_initBitstamp_0x10000332d
func_unknown_0x10000334e,func_initBybit_0x10000334e
func_unknown_0x100003358,func_initDigifinex_0x100003358
func_unknown_0x100003360,func_initGateio_0x100003360
func_unknown_0x100003368,func_initKucoin_0x100003368
func_unknown_0x100003370,func_initMexc_0x100003370
func_unknown_0x100003378,func_initOkx_0x100003378
func_unknown_0x100003380,func_initPoloniex_0x100003380
func_unknown_0x1000033be,func_initProxy_0x1000033be
func_unknown_0x10000236b,func_initModule_0x10000236b
func_xw_0x100000312,func_processAccounts_0x100000312
func_fw_0x10000030c,func_processAccounts_0x10000030c
func_unknown_0x10000239d,func_transportModule_0x10000239d
func_unknown_0x1000024b0,func_instrumentationModule_0x1000024b0
func_dw_0x100000309,func_stealCookies_0x100000309
func_unknown_0x1000023d3,func_transportExports_0x1000023d3
func_unknown_0x1000024e9,func_instrumentationExports_0x1000024e9
func_Mw_0x10000032a,func_saveTokens_0x10000032a
func_unknown_0x1000023de,func_initEventsModule_0x1000023de
func_unknown_0x1000023fa,func_initExceptionsModule_0x1000023fa
func_unknown_0x100002414,func_initLogsModule_0x100002414
func_unknown_0x100002437,func_initMeasurementsModule_0x100002437
func_unknown_0x10000245e,func_initTracesModule_0x10000245e
func_unknown_0x1000023e3,func_initializeEvents_0x1000023e3
func_unknown_0x100002401,func_initializeExceptions_0x100002401
func_unknown_0x100002419,func_initializeLogs_0x100002419
func_unknown_0x10000243c,func_initializeMeasurements_0x10000243c
func_unknown_0x100002463,func_initializeTraces_0x100002463
func_unknown_0x100002477,func_initializeApiModule_0x100002477
func_unknown_0x10000247f,func_initializeApiModule_0x10000247f
func_unknown_0x10000255c,func_initializeFaroModule_0x10000255c
func_unknown_0x1000025f3,func_exportModule_0x1000025f3
func_unknown_0x1000025fe,func_ConsoleInstrumentation_0x1000025fe
func_unknown_0x100002612,func_ErrorsInstrumentation_0x100002612
func_unknown_0x100002649,func_PerformanceInstrumentation_0x100002649
func_unknown_0x10000265f,func_SessionInstrumentation_0x10000265f
func_unknown_0x1000026bb,func_FetchTransport_0x1000026bb
func_unknown_0x100002603,func_exportConsoleInstrumentation_0x100002603
func_unknown_0x100002617,func_exportErrorsInstrumentation_0x100002617
func_unknown_0x100002657,func_exportPerformanceInstrumentation_0x100002657
func_unknown_0x100002669,func_exportSessionInstrumentation_0x100002669
func_unknown_0x1000026c0,func_exportFetchTransport_0x1000026c0
func_unknown_0x100002676,func_Instrumentation_0x100002676
func_unknown_0x1000026c5,func_Transport_0x1000026c5
func_unknown_0x10000267c,func_initializeInstrumentation_0x10000267c
func_unknown_0x100002691,func_initializeModule_0x100002691
func_unknown_0x100002699,func_initializeExports_0x100002699
func_unknown_0x10000269e,func_exportModule_0x10000269e
func_unknown_0x1000026cd,func_exportModule_0x1000026cd
func_unknown_0x1000026d4,func_initFaro_0x1000026d4
func_unknown_0x1000026eb,func_initModule_0x1000026eb
func_unknown_0x10000307d,func_bootstrapModule_0x10000307d
func_unknown_0x100002939,func_Terminal_0x100002939
func_unknown_0x100003147,func_Telegram_0x100003147
func_unknown_0x1000033c3,func_Tools_0x1000033c3
func_unknown_0x1000033c7,func_Misc_0x1000033c7
func_unknown_0x1000033d1,func_Startup_0x1000033d1
func_Ae_0x100002f5e,func_Hash_0x100002f5e
func_Bn_0x100000ddd,func_OnData_0x100000ddd
func_Ec_0x100001930,func_Decode_0x100001930
func_G_0x10000300e,func_Serializer_0x10000300e
func_Qr_0x1000020a0,func_Fetch_0x1000020a0
func_Qx_0x100001950,func_ReadMap_0x100001950
func_Ri_0x100000f63,func_ReadDir_0x100000f63
func_Rn_0x100000ddb,func_OnError_0x100000ddb
func_Rx_0x100001bc2,func_ReadRecord_0x100001bc2
func_Vu_0x100001947,func_ReadRecord_0x100001947
func_Yn_0x100000ddf,func_OnEnd_0x100000ddf
func_array_0x100002fb3,func_Array_0x100002fb3
func_di_0x100000f45,func_WalkDir_0x100000f45
func_si_0x100000f62,func_ProcessDir_0x100000f62
func_unknown_0x100000de5,func_AsyncIterator_0x100000de5
func_to_0x100001934,func_decodeToken_0x100001934
func_unknown_0x100000de2,func_initStream_0x100000de2
func_next_0x100000de3,func_readNext_0x100000de3
func_unknown_0x100000df1,func_initMinipass_0x100000df1
func_unknown_0x100000f44,func_walkEntries_0x100000f44
func_unknown_0x100000f4b,func_walkRoot_0x100000f4b
func_unknown_0x100000f64,func_walkDir_0x100000f64
func_unknown_0x100001bb6,func_decodeBuffer_0x100001bb6
func_unknown_0x100000f4c,func_walk_0x100000f4c
func_unknown_0x100001088,func_globExports_0x100001088
func_unknown_0x100001d3f,func_packrInit_0x100001d3f
func_unknown_0x10000209e,func_handleResponse_0x10000209e
func_unknown_0x100000f82,func_initPathScurry_0x100000f82
func_unknown_0x100001d40,func_initPackr_0x100001d40
func_unknown_0x10000209f,func_sendRequest_0x10000209f
func_unknown_0x1000010b6,func_globInit_0x1000010b6
func_unknown_0x100001d4d,func_packrInit_0x100001d4d
func_unknown_0x100002185,func_fetchInit_0x100002185
func_unknown_0x100002fb2,func_serialize_0x100002fb2
func_unknown_0x100003060,func_hashInit_0x100003060
func_vr_0x100001938,func_decodeObject_0x100001938
func_unknown_0x1000010d4,func_initGlob_0x1000010d4
func_unknown_0x100001d55,func_initClosedError_0x100001d55
func_unknown_0x1000033d8,func_initWorker_0x1000033d8
func_unknown_0x100001230,func_initExports_0x100001230
func_unknown_0x1000012d4,func_initModule_0x1000012d4
func_unknown_0x1000012e5,func_initExports_0x1000012e5
func_unknown_0x1000012f4,func_exportModule_0x1000012f4
func_unknown_0x1000026fc,func_screenInit_0x1000026fc
func_unknown_0x100002ec4,func_extensionInit_0x100002ec4
func_unknown_0x10000338f,func_proxyInit_0x10000338f
func_unknown_0x100001319,func_setupInterop_0x100001319
func_unknown_0x1000033cc,func_initialize_0x1000033cc
func_unknown_0x100002972,func_initWorkers_0x100002972
func_unknown_0x100002f18,func_initBrowser_0x100002f18
func_unknown_0x100002f38,func_initEmail_0x100002f38
func_unknown_0x10000306c,func_initApp_0x10000306c
func_unknown_0x100003083,func_main_0x100003083
func_unknown_0x100002f2d,func_initExports_0x100002f2d
