func_$_0x100003587,122112,True
func_$_0x10000358b,122907,False
func_$_0x10000358d,122245,False
func_$_0x100003593,122034,True
func_$_0x100003595,122321,True
func_$_0x100003599,122571,False
func_$_0x10000359b,122551,True
func_$_0x10000359d,121663,False
func_$_0x1000035a3,121415,True
func_$_0x1000035a7,121602,False
func_$_0x100003829,121344,True
func_$_0x10000382b,122762,True
func_$_0x10000387e,122018,False
func_$_0x100003880,122650,True
func_$_0x10000388b,122701,True
func_$_0x100003c0b,122070,False
func_$_0x100004056,123091,False
func_$_0x100004224,122470,True
func_$_0x1000042d6,121951,True
func_$_0x1000042d8,123221,False
func_$_0x1000042da,121470,True
func_$_0x1000042dc,122643,False
func_$_0x1000043d5,122154,False
func_$_0x100005798,121886,False
func_$_0x1000057a7,121866,False
func_$_0x100005856,122474,True
func_$_0x1000058c5,122449,True
func_$_0x100005c3b,121560,False
func_$_0x100005f14,123093,True
func_$_0x100005f27,122751,True
func_$_0x100005f30,123267,False
func_$_0x100005f33,121382,True
func_$_0x1000061f6,122362,False
func_$_0x1000062d9,122222,True
func_$_0x100006e1a,121551,False
func_$_0x100006fc1,123233,True
func_$_0x10000701b,122135,False
func_$_0x100007032,121574,True
func_$_0x100007034,122477,True
func_$_0x1000070c1,121350,False
func_$_0x1000070cc,122682,True
func_$_0x100007119,123246,True
func_$_0x100007274,123292,True
func_$_0x100007282,123146,True
func_$_0x100007484,122087,False
func_$_0x1000076ca,123091,True
func_$_0x100007ec5,122138,False
func_$_0x100007f2c,123303,False
func_$_0x1000082de,123157,True
func_$_0x1000082e0,121632,True
func_$_0x1000082e2,122193,False
func_$_0x1000082f6,121492,True
func_$_0x1000082f8,123077,True
func_$_0x100008321,121912,False
func_$_0x100008325,121729,True
func_$_0x100008436,123248,True
func_$_0x10000843c,121846,True
func_$_0x1000085c7,122741,False
func_$_0x100008d8b,123040,True
func_$_0x100008d8d,122745,False
func_$_0x100008ece,123163,False
func_$_0x100008edf,121442,False
func_$_0x100008ee1,122124,True
func_$_0x100008f06,122452,True
func_$_0x100008f08,122918,False
func_$_0x100008fb9,122020,False
func_$_0x100008fec,122944,False
func_$_0x100008ff4,123214,True
func_$_0x100008ff8,123285,False
func_$_0x100009011,121734,True
func_$_0x1000093e6,122423,True
func_$_0x1000093e8,122143,True
func_$_0x100009f1e,123278,True
func_$_0x100009f20,123236,True
func_$_0x10000a082,122934,False
func_$_0x10000a088,122436,True
func_$_0x10000a08c,122538,True
func_$_0x10000a090,121405,False
func_$_0x10000a374,122120,True
func_$_0x10000a968,121435,False
func_$_0x10000ac13,122616,True
func_$_0x10000ac20,122645,True
func_$_0x10000adc9,121564,False
func_$_0x10000adcb,122441,True
func_$_0x10000b2ea,121783,True
func_$_0x10000b6a0,122306,True
func_$_0x10000b6a2,122819,True
func_$_0x10000b6a4,123043,False
func_$_0x10000bd8b,121571,True
func_$_0x10000be46,121872,False
func_$_0x10000be64,122610,True
func_$_0x10000c6cd,123147,True
func_$_0x10000c787,122819,True
func_$_0x10000c789,122633,False
func_$_0x10000c78d,121685,True
func_$_0x10000c791,121451,False
func_$_0x10000c797,122441,True
func_$_0x10000c799,122898,False
func_$_0x10000cc0a,121478,False
func_$_0x10000cecc,121772,False
func_$e_0x100004533,121921,True
func_$e_0x100004539,121568,True
func_$e_0x100005e55,122870,True
func_$e_0x100006b34,122892,True
func_$e_0x100006cfa,123212,False
func_$e_0x100006cfe,122745,False
func_$e_0x100006d4d,122673,False
func_$e_0x100007143,123143,True
func_$e_0x100007171,122788,False
func_$e_0x100007acd,122368,True
func_$e_0x1000092b8,121643,False
func_$e_0x10000acea,121378,False
func_$e_0x10000acec,122493,True
func_$e_0x10000acf2,121948,False
func_$e_0x10000acf6,122947,False
func_$e_0x10000acfa,122659,True
func_$e_0x10000acfe,122821,False
func_$e_0x10000ad02,121607,True
func_$e_0x10000c179,122714,True
func_$e_0x10000c634,122739,True
func_$e_0x10000c63c,121527,True
func_$e_0x10000c63e,122462,True
func_$e_0x10000c662,121627,False
func_$e_0x10000c66c,122318,False
func_$e_0x10000c672,122271,False
func_$e_0x10000c674,121922,True
func_$e_0x10000c67a,122418,True
func_$e_0x10000c67c,122086,False
func_$e_0x10000c74a,122027,False
func_$e_0x10000d027,121692,False
func_$e_0x10000d029,122346,True
func_$i_0x100005189,121518,False
func_$n_0x1000045e4,122041,True
func_$n_0x10000681e,122447,True
func_$n_0x10000ca78,122979,False
func_$n_0x10000caf9,122955,False
func_$n_0x10000cb8c,122583,True
func_$r_0x10000362a,122461,True
func_$r_0x10000364d,121868,True
func_$r_0x10000b7aa,122131,True
func_$r_0x10000b80e,122217,True
func_$r_0x10000b811,123042,True
func_$r_0x10000cafc,123177,True
func_$t_0x100000838,123222,True
func_$t_0x10000084b,121844,True
func_$t_0x100000863,122119,False
func_$t_0x100005a44,121702,False
func_$t_0x100005a48,122604,False
func_$t_0x10000718c,121476,False
func_$t_0x1000071bf,121518,False
func_$t_0x1000071c8,123175,True
func_$t_0x10000720d,122275,False
func_$t_0x100007213,121906,False
func_$t_0x100007217,122244,False
func_$t_0x100007223,121579,False
func_$t_0x100007225,121822,True
func_$t_0x100007233,121816,True
func_$t_0x100007235,122024,False
func_$t_0x10000aee6,121731,False
func_$t_0x10000aee8,122728,False
func_$t_0x10000b325,122160,False
func_$t_0x10000b407,122293,False
func_$t_0x10000c0b1,123168,False
func_$t_0x10000c0c3,122057,False
func_$t_0x10000c2f7,123123,False
func_$t_0x10000c33d,122472,True
func_$t_0x10000c37e,122705,False
func_$t_0x10000c381,121975,False
func_$u_0x1000049e6,121484,True
func_A0_0x100004f0b,121442,True
func_A0_0x100004f0f,121682,False
func_A0_0x100004f11,122252,False
func_A_0x100000115,122816,True
func_A_0x10000053d,122695,True
func_A_0x10000092e,122911,True
func_A_0x1000033cf,122316,True
func_A_0x10000399d,121643,True
func_A_0x1000039d2,121994,False
func_A_0x100003b05,122988,False
func_A_0x100003b07,122111,True
func_A_0x100003c2a,121944,False
func_A_0x100003c5d,122301,True
func_A_0x100003cb2,123176,True
func_A_0x100003d86,122480,False
func_A_0x100003d8d,123233,False
func_A_0x100003dbb,121582,False
func_A_0x100003dbd,121414,False
func_A_0x100003dc1,122992,False
func_A_0x100004208,123044,True
func_A_0x100004303,122042,True
func_A_0x100004318,122633,False
func_A_0x100004328,121792,True
func_A_0x1000045ad,121329,False
func_A_0x1000045cc,121671,True
func_A_0x100004afd,121991,False
func_A_0x100004ba9,122537,False
func_A_0x100004bc8,122065,True
func_A_0x100004bcc,122631,False
func_A_0x100004bdf,121991,True
func_A_0x100004bff,122512,False
func_A_0x100004c8f,121946,False
func_A_0x100004cd0,121329,False
func_A_0x100004cfc,123143,True
func_A_0x100004dec,122176,True
func_A_0x10000563b,121805,False
func_A_0x10000567d,121754,True
func_A_0x1000056ab,122086,False
func_A_0x100005b07,121886,False
func_A_0x100005b33,122552,False
func_A_0x100005c11,122435,False
func_A_0x100005fbb,121676,False
func_A_0x100005ff4,121684,False
func_A_0x100006922,121593,True
func_A_0x1000069a4,122197,True
func_A_0x100006aa9,121778,True
func_A_0x100006ad8,122748,False
func_A_0x100006ffd,122020,False
func_A_0x100007444,122133,True
func_A_0x1000075da,122603,True
func_A_0x1000077c0,122673,True
func_A_0x100007a70,122625,True
func_A_0x100007a9f,122584,True
func_A_0x100007c68,122726,False
func_A_0x100007dad,122630,True
func_A_0x100007e80,122285,False
func_A_0x100007f3b,121391,False
func_A_0x100007f56,121335,False
func_A_0x100007f8c,122183,False
func_A_0x10000806e,122829,True
func_A_0x100008126,121429,True
func_A_0x100008a4f,121543,False
func_A_0x100008a82,123160,False
func_A_0x100008a8c,121709,True
func_A_0x100008a94,122144,False
func_A_0x100008c17,122423,False
func_A_0x100008c39,121657,True
func_A_0x100008cd2,122506,True
func_A_0x100008d08,123092,False
func_A_0x100008d3a,122245,False
func_A_0x100009136,123050,False
func_A_0x10000917e,122557,True
func_A_0x100009595,122893,True
func_A_0x1000095a0,122020,True
func_A_0x100009709,123102,False
func_A_0x1000098f0,122621,True
func_A_0x100009b72,121653,False
func_A_0x100009ba7,122084,False
func_A_0x100009c66,121570,False
func_A_0x100009cbb,122339,False
func_A_0x100009d09,122968,True
func_A_0x100009e6f,122219,False
func_A_0x10000a192,122861,True
func_A_0x10000a1a5,122690,True
func_A_0x10000a281,122195,True
func_A_0x10000a4e9,122446,False
func_A_0x10000a5a7,122878,False
func_A_0x10000a7ce,121436,False
func_A_0x10000a7d2,122635,True
func_A_0x10000a81c,121483,True
func_A_0x10000a81f,121568,True
func_A_0x10000a82e,122994,False
func_A_0x10000ab04,121666,True
func_A_0x10000ab1f,123002,True
func_A_0x10000ac53,122086,True
func_A_0x10000ac58,121467,False
func_A_0x10000ac64,123208,True
func_A_0x10000ae7d,122464,False
func_A_0x10000b143,122839,True
func_A_0x10000b68a,122012,True
func_A_0x10000bc40,122951,False
func_A_0x10000bd4f,122741,False
func_A_0x10000bef8,122750,False
func_A_0x10000bf06,123270,False
func_A_0x10000bf18,122294,True
func_A_0x10000c0ff,121453,False
func_A_0x10000c127,122721,False
func_A_0x10000c3ae,122630,False
func_A_0x10000cbea,122682,True
func_A_0x10000cbec,121321,False
func_A_0x10000d090,121700,False
func_A_0x10000d092,121965,False
func_Ad_0x100004787,122610,True
func_Ad_0x100004789,121454,True
func_Ae_0x100005869,122643,True
func_Ae_0x1000058e2,121426,False
func_Ae_0x1000058e4,122608,False
func_Ae_0x100005c96,121440,True
func_Ae_0x100005c9a,121452,False
func_Ae_0x100005ca4,122160,True
func_Ae_0x100005cb8,121779,False
func_Ae_0x100005d18,122924,True
func_Ae_0x100005e9d,121709,True
func_Ae_0x100005ec4,122786,True
func_Ae_0x1000061d7,122681,False
func_Ae_0x1000062a5,123009,True
func_Ae_0x1000062be,123197,True
func_Ae_0x1000062c4,123040,True
func_Ae_0x100006b33,122995,False
func_Ae_0x100007932,121831,True
func_Ae_0x100007939,122846,False
func_Ae_0x100007948,122297,False
func_Ae_0x1000080e2,122218,False
func_Ae_0x1000080e6,122918,True
func_Ae_0x1000080ea,122622,True
func_Ae_0x100009294,122200,True
func_Ae_0x10000c079,121856,True
func_Ae_0x10000c08b,123112,True
func_Ae_0x10000c3f7,122925,False
func_Ae_0x10000c77b,123214,True
func_Ae_0x10000c9e7,122579,True
func_Ae_0x10000c9f9,122384,False
func_Ae_0x10000c9ff,122564,True
func_Ae_0x10000ca01,122945,False
func_Ae_0x10000ca0f,122373,True
func_Ae_0x10000cf4d,121884,True
func_Ae_0x10000cfda,122404,True
func_Ai_0x100008646,122601,True
func_Ai_0x10000884c,121477,False
func_Ai_0x100008870,122388,True
func_Ai_0x100008875,121990,False
func_Ai_0x10000887c,122248,False
func_Ai_0x100008880,123111,True
func_Ai_0x10000889c,123188,True
func_An_0x100006149,121723,True
func_An_0x10000614f,122548,True
func_An_0x100006155,121742,True
func_An_0x10000615d,122107,False
func_An_0x10000615f,122693,True
func_An_0x100006169,122688,True
func_An_0x1000063fc,121488,True
func_An_0x100006430,123129,False
func_An_0x1000073c4,121801,False
func_An_0x100007b68,122082,False
func_An_0x100007b93,122081,True
func_An_0x100009090,123126,True
func_An_0x100009092,121524,True
func_An_0x10000b153,122405,True
func_An_0x10000b15a,122928,False
func_An_0x10000b168,122344,False
func_An_0x10000b16a,121356,True
func_An_0x10000b16e,121720,True
func_An_0x10000b1b6,122667,True
func_An_0x10000b1d4,121932,True
func_An_0x10000ca28,122996,False
func_An_0x10000ca2a,122263,False
func_Ar_0x1000035ff,121758,False
func_Ar_0x100003603,122499,False
func_Ar_0x100003605,123234,True
func_Ar_0x100003607,123033,False
func_Ar_0x10000360d,122391,True
func_Ar_0x100006e39,122844,True
func_Ar_0x10000b7d6,122627,False
func_Ar_0x10000b7dc,123089,True
func_Ar_0x10000b7ea,121629,True
func_Ar_0x10000ba53,123042,True
func_Ar_0x10000cba8,122702,True
func_Ar_0x10000cbac,121916,True
func_Ar_0x10000cbb0,122743,False
func_At_0x1000035fb,121383,True
func_At_0x10000b70b,121475,False
func_At_0x10000b783,122328,True
func_At_0x10000ba70,122617,False
func_At_0x10000ba8c,123137,False
func_At_0x10000ba98,122248,True
func_At_0x10000ba9e,122430,True
func_At_0x10000baa4,122793,True
func_At_0x10000baba,121845,True
func_At_0x10000bac6,122026,False
func_At_0x10000bad2,123142,False
func_At_0x10000bade,122732,False
func_At_0x10000baea,122892,False
func_At_0x10000baf1,122392,False
func_At_0x10000bb0b,121928,False
func_At_0x10000cb0a,123266,False
func_At_0x10000cb1a,121874,False
func_Au_0x100005318,123110,True
func_Au_0x1000055e0,121415,True
func_B_0x1000001ac,123304,False
func_B_0x1000001ae,123193,False
func_B_0x1000001b3,122422,False
func_B_0x1000033de,123173,True
func_B_0x10000397b,122410,True
func_B_0x100003b22,121526,False
func_B_0x100003ba5,121703,False
func_B_0x100003df1,121719,False
func_B_0x100003e84,121712,False
func_B_0x100003e87,122596,True
func_B_0x100003e89,121827,False
func_B_0x10000414c,123182,True
func_B_0x1000043c2,123002,True
func_B_0x100004b48,121351,False
func_B_0x100004b61,122014,True
func_B_0x100004b63,121654,False
func_B_0x100004b8e,122838,True
func_B_0x100004c60,122336,False
func_B_0x100004c69,121343,False
func_B_0x100004d01,123073,False
func_B_0x100004d09,122504,False
func_B_0x100004d16,122439,False
func_B_0x100005703,121939,True
func_B_0x100005bc5,122812,True
func_B_0x100005be8,122745,False
func_B_0x100005fe2,122179,True
func_B_0x100005fec,123274,False
func_B_0x100005ff8,122307,True
func_B_0x1000064c5,122033,True
func_B_0x1000065d2,122944,False
func_B_0x1000065d4,121414,False
func_B_0x1000065d8,121840,True
func_B_0x1000065dc,121702,False
func_B_0x1000065de,122473,True
func_B_0x1000068c8,122844,True
func_B_0x100006cbf,121337,True
func_B_0x1000070e4,122160,True
func_B_0x100007273,121410,False
func_B_0x1000072bd,123082,False
func_B_0x10000752e,123153,True
func_B_0x100007a08,123166,False
func_B_0x100007b10,121479,False
func_B_0x100007caa,122235,True
func_B_0x100007e1d,122836,True
func_B_0x100007e37,121868,False
func_B_0x100007ef9,121932,True
func_B_0x1000089b2,122208,True
func_B_0x100008b62,121571,False
func_B_0x100008c04,122155,True
func_B_0x100008cd7,122089,True
func_B_0x100008cdb,123059,True
func_B_0x100008cfc,122565,False
func_B_0x100008d09,122238,False
func_B_0x1000090f4,122124,False
func_B_0x1000090f8,123093,True
func_B_0x1000090fa,122652,True
func_B_0x1000090ff,123257,True
func_B_0x100009128,122241,True
func_B_0x10000912a,122805,False
func_B_0x10000913b,122606,True
func_B_0x1000091d1,122587,False
func_B_0x100009239,122829,False
func_B_0x10000932b,122508,True
func_B_0x1000096cb,122962,True
func_B_0x10000971d,122811,False
func_B_0x100009733,121486,False
func_B_0x1000097a1,121583,False
func_B_0x100009b35,122210,True
func_B_0x100009b7d,123269,True
func_B_0x100009b7f,122903,True
func_B_0x100009b83,121347,False
func_B_0x100009b85,122926,False
func_B_0x100009b89,121675,False
func_B_0x100009b8b,122096,True
func_B_0x100009b8d,121546,False
func_B_0x100009c01,121752,False
func_B_0x100009d02,122722,False
func_B_0x10000a109,122708,True
func_B_0x10000a117,123292,False
func_B_0x10000a1a1,122676,False
func_B_0x10000a1d9,121538,False
func_B_0x10000a1de,122717,True
func_B_0x10000a380,122140,False
func_B_0x10000a3c1,122183,True
func_B_0x10000a416,123245,True
func_B_0x10000a44e,121803,False
func_B_0x10000a714,121547,True
func_B_0x10000a856,121923,True
func_B_0x10000a951,121904,False
func_B_0x10000a954,122661,True
func_B_0x10000ac10,123020,False
func_B_0x10000ae2f,121598,True
func_B_0x10000b0ef,122068,True
func_B_0x10000b107,121495,True
func_B_0x10000b49c,121703,False
func_B_0x10000b4a1,121430,False
func_B_0x10000b4c1,123227,False
func_B_0x10000b692,121961,True
func_B_0x10000bb28,122408,False
func_B_0x10000bd59,123289,True
func_B_0x10000bff8,122835,False
func_B_0x10000bffa,121320,True
func_B_0x10000c00c,123196,True
func_B_0x10000c024,121606,False
func_B_0x10000c02a,121679,False
func_B_0x10000c02c,122929,False
func_B_0x10000c034,122951,False
func_B_0x10000c1c7,122540,True
func_B_0x10000c4cd,122115,True
func_B_0x10000c4db,122709,True
func_B_0x10000cbf4,122631,False
func_B_0x10000d09c,121991,False
func_Be_0x10000450a,122315,True
func_Be_0x10000450c,123132,True
func_Be_0x100005816,123134,False
func_Be_0x100005c94,123202,False
func_Be_0x100005ca8,122240,False
func_Be_0x100005cb0,122981,True
func_Be_0x100005df2,122431,False
func_Be_0x100005e1a,121873,True
func_Be_0x100005e20,122394,True
func_Be_0x10000613c,122245,False
func_Be_0x1000061db,122107,True
func_Be_0x10000792c,122764,False
func_Be_0x100007930,121779,True
func_Be_0x10000793e,121453,True
func_Be_0x1000080e0,122639,True
func_Be_0x10000a61d,121650,False
func_Be_0x10000a748,123253,True
func_Be_0x10000a76a,122332,False
func_Be_0x10000b561,122297,True
func_Be_0x10000c779,123113,True
func_Be_0x10000c77d,123120,True
func_Be_0x10000c9d7,121887,False
func_Be_0x10000c9e1,121712,False
func_Be_0x10000c9e3,123286,True
func_Be_0x10000c9e5,123267,True
func_Be_0x10000c9e9,121996,True
func_Be_0x10000c9eb,122557,False
func_Be_0x10000c9ed,122090,True
func_Be_0x10000c9ef,122556,False
func_Be_0x10000c9f1,122832,False
func_Be_0x10000c9f3,122881,True
func_Be_0x10000c9f5,123100,False
func_Be_0x10000c9f7,123010,True
func_Be_0x10000c9fb,122402,False
func_Be_0x10000c9fd,123089,True
func_Be_0x10000ca03,122844,True
func_Be_0x10000ca05,121755,True
func_Be_0x10000ca09,122430,True
func_Be_0x10000ca0d,122338,True
func_Be_0x10000ca12,121334,False
func_Be_0x10000ca14,121967,False
func_Be_0x10000ca16,122978,True
func_Be_0x10000ca33,122767,True
func_Be_0x10000cc78,122833,True
func_Be_0x10000cfd0,123113,False
func_Bi_0x100004749,122397,False
func_Bi_0x10000477b,121891,True
func_Bi_0x1000047ba,121857,True
func_Bi_0x100004900,121348,False
func_Bi_0x1000049cd,123098,False
func_Bi_0x100004a5e,122194,True
func_Bn_0x100003409,122611,False
func_Bn_0x10000340b,122373,True
func_Bn_0x100003412,121364,False
func_Bn_0x100003418,121497,True
func_Bn_0x10000341e,122359,False
func_Bn_0x100003422,122121,False
func_Bn_0x100003424,123216,True
func_Bn_0x100003429,121649,False
func_Bn_0x10000342f,122058,True
func_Bn_0x100003431,123235,False
func_Bn_0x100003447,122582,False
func_Bn_0x10000344d,121787,False
func_Bn_0x10000344f,122685,True
func_Bn_0x100003451,121755,False
func_Bn_0x100003453,121842,True
func_Bn_0x10000353e,121606,False
func_Bn_0x100003544,123299,False
func_Bn_0x10000354e,122920,True
func_Bn_0x100003550,122752,False
func_Bn_0x10000355a,121573,True
func_Bn_0x10000355e,122628,True
func_Bn_0x100003560,121951,False
func_Bn_0x100003568,122365,False
func_Bn_0x10000356a,123308,True
func_Bn_0x100003570,121933,False
func_Bn_0x100006670,122860,False
func_Bn_0x1000071ab,122329,True
func_Bn_0x100009daf,122041,False
func_Bn_0x10000c32d,123051,True
func_Bn_0x10000c330,122556,False
func_Bo_0x10000871c,123054,True
func_Bo_0x100008720,122198,False
func_Bo_0x100008725,121767,False
func_Bo_0x100008854,122236,True
func_Bo_0x100008856,122431,True
func_Bo_0x100008858,122818,True
func_Bo_0x10000893d,122822,False
func_Bo_0x100008941,123110,False
func_Br_0x100008449,122037,False
func_Br_0x100008475,121890,False
func_Br_0x100008477,121378,False
func_Br_0x100008487,121894,False
func_Br_0x100008489,122797,False
func_Br_0x10000848d,122286,True
func_Br_0x100008491,121981,True
func_Br_0x100008495,122853,True
func_Br_0x100008497,123015,False
func_Br_0x1000084a7,122411,False
func_Br_0x1000084b3,122643,False
func_Br_0x1000084b5,122751,False
func_Br_0x1000084b7,122726,False
func_Br_0x1000084bf,122481,False
func_Br_0x1000084c3,121690,False
func_Br_0x1000084c7,122987,False
func_Br_0x1000084c9,122109,False
func_Br_0x1000084cf,122163,False
func_Br_0x1000084d3,122879,True
func_Br_0x1000084db,121500,True
func_Br_0x1000084dd,122785,False
func_Br_0x1000084f7,122205,False
func_Br_0x1000084fb,123102,True
func_Bt_0x100004421,121491,False
func_Bt_0x10000442e,122407,False
func_Bt_0x100004448,122690,False
func_Bt_0x100004457,123028,True
func_Bt_0x100004459,122279,True
func_Bt_0x100004461,123064,True
func_Bt_0x100004463,121401,True
func_Bt_0x10000446d,122926,True
func_Bt_0x10000446f,123117,False
func_Bt_0x100004471,121552,False
func_Bt_0x100004473,123016,True
func_Bt_0x100004475,123017,False
func_Bt_0x100004477,121746,False
func_Bt_0x100006a13,122047,True
func_Bt_0x100006a1b,122278,True
func_Bt_0x100006a1f,122456,True
func_Bt_0x100006a25,122604,False
func_Bt_0x100006a27,122379,True
func_Bt_0x100006d4e,121330,True
func_Bt_0x10000714d,121495,True
func_Bt_0x100007927,121438,False
func_Bt_0x100007946,122541,False
func_Bt_0x100009456,121848,False
func_Bt_0x100009458,123024,True
func_Bt_0x1000094db,123063,False
func_Bt_0x1000094e1,121464,True
func_Bt_0x10000a624,122515,False
func_Bt_0x10000b992,121615,False
func_Bt_0x10000c649,122733,False
func_Bt_0x10000c685,121997,False
func_Bt_0x10000ca1a,122519,False
func_Bu_0x10000367f,122548,True
func_Bu_0x100003681,122770,False
func_Bu_0x100003683,121782,True
func_Bu_0x100003685,122049,False
func_Bu_0x10000368b,121392,False
func_Bu_0x10000368d,121327,True
func_Bu_0x10000368f,121806,False
func_Bu_0x100003695,122580,True
func_Bu_0x1000036a3,122934,True
func_Bu_0x1000036a5,121634,False
func_Bu_0x1000036a7,121847,False
func_Bu_0x1000036af,121378,True
func_Bu_0x10000845a,123227,True
func_Bu_0x10000850f,122057,True
func_C_0x100000087,121604,False
func_C_0x100000151,121773,True
func_C_0x1000001b6,122564,True
func_C_0x100000316,122580,False
func_C_0x100000318,122960,False
func_C_0x10000042c,121735,True
func_C_0x10000092c,122986,False
func_C_0x100003808,122870,True
func_C_0x10000380c,122188,True
func_C_0x10000385b,122387,False
func_C_0x1000039ac,122946,True
func_C_0x1000039ae,121763,True
func_C_0x1000039b3,122067,True
func_C_0x100003a6a,121575,False
func_C_0x100003a92,121331,True
func_C_0x100003ae5,121476,False
func_C_0x100003ae7,121737,True
func_C_0x100003c89,122874,True
func_C_0x100003c94,121705,False
func_C_0x100003d70,121519,False
func_C_0x100003d95,122295,False
func_C_0x100003d97,121839,False
func_C_0x100003d99,123044,True
func_C_0x100003ea9,121410,False
func_C_0x100003f3c,122004,False
func_C_0x100004031,121372,True
func_C_0x10000422c,121468,False
func_C_0x1000042b2,122728,True
func_C_0x10000436a,122736,True
func_C_0x1000045b5,122499,True
func_C_0x100004bb1,122983,False
func_C_0x100004bc4,123023,True
func_C_0x100004c9d,122140,False
func_C_0x100004d29,122337,False
func_C_0x100004d3c,122102,False
func_C_0x1000051d5,123063,True
func_C_0x10000566f,123030,True
func_C_0x100005678,121616,True
func_C_0x10000567f,122549,True
func_C_0x100005682,122935,True
func_C_0x1000056ac,122304,False
func_C_0x1000056ae,122828,True
func_C_0x10000576b,122844,True
func_C_0x10000598d,122995,False
func_C_0x100005b0d,121934,False
func_C_0x100005b2f,121693,False
func_C_0x100005b35,121558,False
func_C_0x100005be2,121680,False
func_C_0x100005c0c,122914,False
func_C_0x100005fb1,122496,True
func_C_0x100005fd5,122310,True
func_C_0x100006984,122687,False
func_C_0x100007051,122252,True
func_C_0x10000744a,121594,True
func_C_0x100007473,122339,True
func_C_0x1000075bd,123131,False
func_C_0x100007912,122803,True
func_C_0x1000079a1,122459,True
func_C_0x1000079a8,121816,False
func_C_0x1000079e0,121663,False
func_C_0x1000079e2,122668,True
func_C_0x100007c6d,121748,False
func_C_0x100007c70,121404,False
func_C_0x100007d41,121864,True
func_C_0x100007d8f,121645,True
func_C_0x100007ee9,122501,False
func_C_0x1000089a5,121607,True
func_C_0x1000089a8,122647,False
func_C_0x1000089e5,121481,False
func_C_0x1000089f8,122657,False
func_C_0x100008c1f,122451,True
func_C_0x100008c25,122096,True
func_C_0x1000090ec,121706,False
func_C_0x10000910c,122729,True
func_C_0x1000094ec,122226,False
func_C_0x1000097da,122539,True
func_C_0x1000097dc,122343,False
func_C_0x1000097de,123216,False
func_C_0x100009894,122780,False
func_C_0x1000098f4,121361,False
func_C_0x100009c42,121413,True
func_C_0x100009ce3,122410,False
func_C_0x100009d0a,121446,True
func_C_0x10000a09f,121918,True
func_C_0x10000a0da,122647,True
func_C_0x10000a0dc,122952,True
func_C_0x10000a41f,122319,True
func_C_0x10000a4b9,122163,False
func_C_0x10000a5ba,122005,False
func_C_0x10000a5e0,122050,True
func_C_0x10000a826,121627,False
func_C_0x10000a912,122446,False
func_C_0x10000a939,121399,False
func_C_0x10000a984,123121,True
func_C_0x10000aa1d,122174,False
func_C_0x10000ab2a,122345,True
func_C_0x10000b03b,121868,False
func_C_0x10000b05e,122443,False
func_C_0x10000b4f6,122731,True
func_C_0x10000b5c5,121576,False
func_C_0x10000b67e,122139,False
func_C_0x10000b8af,121736,True
func_C_0x10000b8b3,122111,True
func_C_0x10000be6e,121483,False
func_C_0x10000bf1b,122824,False
func_C_0x10000c1dd,121805,False
func_C_0x10000c243,122078,False
func_C_0x10000c24a,122021,True
func_C_0x10000c24e,122841,True
func_C_0x10000c250,123014,False
func_C_0x10000c3c7,122296,True
func_C_0x10000c482,121507,True
func_C_0x10000c4a7,121388,True
func_C_0x10000c4af,122261,True
func_Ce_0x100003e26,122830,False
func_Ce_0x100003e28,121975,False
func_Ce_0x100003fc5,121546,False
func_Ce_0x100003fcd,122113,False
func_Ce_0x100004a9a,123094,False
func_Ce_0x100004e8e,122185,True
func_Ce_0x10000588a,121799,True
func_Ce_0x10000632b,122662,False
func_Ce_0x1000064ae,123211,True
func_Ce_0x1000064b0,121981,False
func_Ce_0x1000064b6,121835,False
func_Ce_0x1000064b8,122618,False
func_Ce_0x1000064ba,122909,True
func_Ce_0x100007125,122683,True
func_Ce_0x100007640,121543,True
func_Ce_0x100007a21,121865,True
func_Ce_0x100008148,121420,True
func_Ce_0x10000814a,121350,True
func_Ce_0x100008150,122516,False
func_Ce_0x100008faa,121358,True
func_Ce_0x100009845,122482,True
func_Ce_0x10000a006,121544,False
func_Ce_0x10000a027,121343,False
func_Ce_0x10000a029,122393,True
func_Ce_0x10000a02d,121503,True
func_Ce_0x10000a2ba,122561,True
func_Ce_0x10000a2be,122400,True
func_Ce_0x10000a2cc,121653,True
func_Ce_0x10000a2da,122218,True
func_Ce_0x10000acbf,123023,False
func_Ce_0x10000acd1,122636,True
func_Ce_0x10000ae15,121388,False
func_Ce_0x10000aea9,122798,False
func_Ce_0x10000b2bd,123249,True
func_Ce_0x10000b2ce,122391,False
func_Ce_0x10000b520,123311,True
func_Ce_0x10000b54f,121908,False
func_Ce_0x10000bdca,121959,True
func_Ce_0x10000be7b,123308,True
func_Ce_0x10000be7d,122516,True
func_Ce_0x10000be7f,122783,True
func_Ce_0x10000be82,121913,False
func_Ce_0x10000bec4,121702,True
func_Ce_0x10000bec6,121727,False
func_Ce_0x10000beca,122734,True
func_Ce_0x10000becc,122572,False
func_Ce_0x10000bece,123087,False
func_Ce_0x10000bed4,123048,True
func_Ce_0x10000bed7,123133,True
func_Ce_0x10000bedf,122161,False
func_Ce_0x10000bf9e,121427,False
func_Ce_0x10000bfa2,122196,True
func_Ce_0x10000bfa4,122277,False
func_Ce_0x10000bfa6,123219,False
func_Ce_0x10000bfa8,121958,False
func_Ce_0x10000bfb0,121381,True
func_Ce_0x10000c068,122732,False
func_Ce_0x10000c154,121692,True
func_Ce_0x10000c161,122004,False
func_Ce_0x10000c186,122956,False
func_Ce_0x10000c218,121581,False
func_Ce_0x10000c76c,122751,True
func_Ce_0x10000cdf2,123052,True
func_Ce_0x10000cf16,121735,False
func_Ci_0x100005333,121919,True
func_Ci_0x100005378,122799,False
func_Ci_0x10000538f,122872,True
func_Ci_0x1000054e1,121665,True
func_Ci_0x1000054fb,121539,True
func_Cn_0x10000475a,122571,True
func_Cn_0x100004770,121335,True
func_Cn_0x10000477e,121450,True
func_Cn_0x100004780,123272,False
func_Cn_0x100004782,121643,True
func_Cn_0x100004790,122336,True
func_Cn_0x100004792,121735,True
func_Cn_0x100004794,122705,False
func_Cn_0x10000479a,123285,False
func_Cn_0x10000479c,121515,True
func_Cn_0x1000047a0,121428,True
func_Cn_0x1000047a2,123119,True
func_Cn_0x1000047a6,121687,True
func_Cn_0x1000047ae,122994,False
func_Cn_0x1000047b4,121795,True
func_Cn_0x1000047b6,121325,False
func_Cn_0x1000047b8,122776,False
func_Cn_0x1000047cc,123133,True
func_Cn_0x1000047d0,121894,False
func_Cn_0x1000047d4,121349,True
func_Cn_0x1000047d6,123029,False
func_Cn_0x1000047de,121483,True
func_Cn_0x1000047e2,122647,False
func_Cn_0x1000047e4,121324,False
func_Cn_0x1000047e6,123028,True
func_Cn_0x1000047e8,121605,False
func_Cn_0x1000047f2,121655,False
func_Cn_0x1000047f6,122303,True
func_Cn_0x100004804,122525,False
func_Cn_0x100004806,122499,False
func_Cn_0x10000480e,121817,False
func_Cn_0x100004814,121524,True
func_Cn_0x100004816,123138,True
func_Cn_0x10000481a,122354,True
func_Cn_0x10000481e,122482,False
func_Cn_0x100004820,121954,True
func_Cn_0x100004822,121333,False
func_Cn_0x100004824,122254,False
func_Cn_0x10000482a,123262,False
func_Cn_0x10000482c,123242,True
func_Cn_0x10000482e,122917,True
func_Cn_0x100004830,121445,True
func_Cn_0x100004832,122441,True
func_Cn_0x100004834,122073,True
func_Cn_0x100004836,122728,False
func_Cn_0x100004838,123144,True
func_Cn_0x10000483a,122324,True
func_Cn_0x10000483e,121373,False
func_Cn_0x100004844,122743,False
func_Cn_0x100004846,122357,False
func_Cn_0x10000484e,121697,False
func_Cn_0x100004852,123051,False
func_Cn_0x10000485a,122802,True
func_Cn_0x10000485c,122067,False
func_Cn_0x10000486a,123189,False
func_Cn_0x100004870,121599,False
func_Cn_0x100004872,121701,True
func_Cn_0x100004876,121824,True
func_Cn_0x100004882,122940,True
func_Cn_0x100004886,122364,True
func_Cn_0x10000488c,122573,True
func_Cn_0x100004894,121785,False
func_Cn_0x100004896,122526,False
func_Cn_0x10000489a,121991,True
func_Cn_0x10000489e,122410,False
func_Cn_0x1000048a0,122869,False
func_Cn_0x1000048a6,121588,False
func_Cn_0x1000048a8,121841,True
func_Cn_0x1000048aa,122226,False
func_Cn_0x1000048ac,122602,False
func_Cn_0x1000048b0,121367,False
func_Cn_0x1000048b4,121963,True
func_Cn_0x1000048b8,122760,False
func_Cn_0x1000048ba,123045,False
func_Cn_0x1000048bc,123231,True
func_Cn_0x1000048be,122256,True
func_Cn_0x1000048c0,123120,True
func_Cn_0x1000048c4,123094,False
func_Cn_0x1000048c6,122894,False
func_Cn_0x1000048c8,121801,False
func_Cn_0x1000048ca,122543,True
func_Cn_0x1000048cc,123187,False
func_Cn_0x1000048ce,121854,True
func_Cn_0x1000048d4,122640,False
func_Cn_0x1000048de,122525,False
func_Cn_0x1000048e0,122431,True
func_Cn_0x1000048f0,122619,True
func_Cn_0x1000048f4,121853,False
func_Cn_0x1000048f6,122545,False
func_Cn_0x1000048f8,121520,True
func_Cn_0x1000048fc,122552,True
func_Cn_0x100004904,121520,False
func_Cn_0x100004906,122690,False
func_Cn_0x10000490a,122114,True
func_Cn_0x10000490e,122232,True
func_Cn_0x100004912,122090,False
func_Cn_0x100004914,121658,True
func_Cn_0x100004918,121467,False
func_Cn_0x10000491a,122766,False
func_Cn_0x10000491e,121604,True
func_Cn_0x100004920,121902,True
func_Cn_0x100004924,121543,False
func_Cn_0x100004928,121650,True
func_Cn_0x10000492a,122716,False
func_Cn_0x10000492c,123144,True
func_Cn_0x100004930,121520,True
func_Cn_0x100004938,121365,True
func_Cn_0x10000493a,122244,True
func_Cn_0x10000493c,122540,False
func_Cn_0x100004940,121355,False
func_Cn_0x100004946,123065,False
func_Cn_0x100004948,121889,True
func_Cn_0x10000494e,121799,False
func_Cn_0x100004950,122969,False
func_Cn_0x100004956,122599,False
func_Cn_0x10000495c,122214,False
func_Cn_0x100004962,122642,False
func_Cn_0x100004964,121762,False
func_Cn_0x100004970,121524,True
func_Cn_0x100004972,121433,False
func_Cn_0x100004974,122214,False
func_Cn_0x10000497a,122286,True
func_Cn_0x10000497c,122878,False
func_Cn_0x100004984,122355,False
func_Cn_0x100004986,121995,True
func_Cn_0x10000498a,122782,False
func_Cn_0x10000498e,121892,False
func_Cn_0x100004998,123296,False
func_Cn_0x10000499c,123204,True
func_Cn_0x10000499e,121408,False
func_Cn_0x1000049a0,122483,True
func_Cn_0x1000049a2,122426,True
func_Cn_0x1000049a4,121718,True
func_Cn_0x1000049ac,122029,False
func_Cn_0x1000049ae,122470,True
func_Cn_0x1000049b0,122054,True
func_Cn_0x1000049b4,122362,True
func_Cn_0x1000049b6,121459,False
func_Cn_0x1000049b8,122684,True
func_Cn_0x1000049c1,122309,True
func_Cn_0x1000049c3,122913,False
func_Cn_0x1000049c8,123128,False
func_Cn_0x1000049cb,123198,True
func_Cn_0x100004a54,123125,False
func_Cn_0x100004a60,122621,False
func_Cn_0x100004a62,122812,True
func_Cr_0x1000035f6,122514,False
func_Cr_0x10000362e,121601,False
func_Cr_0x100003630,121452,True
func_Cr_0x100003636,122327,True
func_Cr_0x100003640,121955,True
func_Cr_0x10000375c,123113,True
func_Cr_0x100003765,122975,True
func_Cr_0x100003778,122910,False
func_Cr_0x10000377a,123008,False
func_Cr_0x10000377e,122861,False
func_Cr_0x100008084,122460,True
func_Cr_0x10000b710,121382,True
func_Cr_0x10000b7a5,121906,True
func_Cr_0x10000cafa,121797,True
func_Cr_0x10000cb35,123089,True
func_Ct_0x100004f04,122046,False
func_Ct_0x100005049,121863,False
func_Ct_0x10000504d,122401,False
func_Ct_0x100005051,122131,False
func_Ct_0x100005060,122399,False
func_Ct_0x100005068,121692,False
func_Ct_0x100005070,122285,False
func_Ct_0x100005072,122575,True
func_Ct_0x10000507a,123294,True
func_Ct_0x100005080,122106,False
func_Ct_0x10000509a,121410,True
func_Ct_0x1000050a6,121862,True
func_Ct_0x1000050b4,123010,True
func_Ct_0x1000050bc,122952,False
func_Ct_0x1000050d2,123274,True
func_Ct_0x1000050d6,122996,True
func_Ct_0x1000050f0,123016,False
func_Ct_0x1000050f4,121439,False
func_Ct_0x1000050f8,123179,False
func_Ct_0x100005102,122354,True
func_Ct_0x100005104,121584,True
func_Ct_0x10000510a,122694,False
func_Ct_0x10000510c,122471,True
func_Ct_0x100005112,122453,True
func_Ct_0x100005118,122839,False
func_Ct_0x100005122,123170,False
func_Ct_0x100005124,121452,True
func_Ct_0x100005130,121901,True
func_Ct_0x100005134,121781,False
func_Ct_0x100005136,121762,False
func_Ct_0x10000513a,121830,True
func_Ct_0x10000513c,122569,False
func_Ct_0x100005140,121490,True
func_Ct_0x100005142,122778,False
func_Ct_0x10000514d,121456,False
func_Ct_0x100005152,121581,False
func_Ct_0x100005154,121559,False
func_Ct_0x10000515d,121738,False
func_Ct_0x100005161,122840,True
func_Ct_0x100005163,122772,True
func_Ct_0x100005169,122287,True
func_Ct_0x10000516b,122894,True
func_Ct_0x10000516d,122404,False
func_Ct_0x10000516f,122609,False
func_Ct_0x100005173,122767,True
func_Ct_0x100005187,121317,False
func_Ct_0x10000518b,123115,False
func_Ct_0x10000518d,122737,True
func_Ct_0x10000518f,122934,True
func_Ct_0x100005197,122676,True
func_Ct_0x10000519f,121620,False
func_Ct_0x1000051a1,121782,True
func_Ct_0x1000051a3,123261,False
func_Ct_0x1000051a7,121892,True
func_Ct_0x100005560,122460,True
func_Ct_0x100005563,121774,True
func_Cu_0x100008632,122412,False
func_Cu_0x100008964,122402,False
func_D_0x1000001ab,123048,True
func_D_0x100000213,122390,True
func_D_0x10000027f,122133,True
func_D_0x1000002a6,122423,False
func_D_0x1000002a8,122992,True
func_D_0x1000005d8,122545,False
func_D_0x1000008ff,121477,False
func_D_0x100003916,122045,False
func_D_0x1000039b4,121358,False
func_D_0x1000039ce,121599,False
func_D_0x100003bb9,122880,False
func_D_0x100003c6c,123154,True
func_D_0x100003f3d,122768,True
func_D_0x100003f3f,122178,True
func_D_0x100003f75,122406,False
func_D_0x100004064,121539,False
func_D_0x10000428d,122956,True
func_D_0x100004290,122698,True
func_D_0x1000043ec,121357,False
func_D_0x1000043ef,121578,False
func_D_0x100004bd0,122061,False
func_D_0x100004bd6,123042,False
func_D_0x100004bd8,121893,True
func_D_0x100004c02,123222,False
func_D_0x100004c06,123125,True
func_D_0x100004c08,123024,True
func_D_0x100004c0a,122011,True
func_D_0x100004ca6,121966,False
func_D_0x100004d0b,123281,False
func_D_0x100004d13,123304,False
func_D_0x100004d18,123011,False
func_D_0x100004d1a,121895,True
func_D_0x100004d1c,121608,True
func_D_0x100004d1e,122096,True
func_D_0x100004d20,122676,False
func_D_0x1000051af,122954,False
func_D_0x1000051d8,122802,False
func_D_0x100005979,121588,False
func_D_0x100005982,122051,False
func_D_0x100005f5e,123154,False
func_D_0x100006cc1,122076,False
func_D_0x100006cc3,121334,True
func_D_0x100007531,122637,True
func_D_0x100007538,121593,True
func_D_0x1000075dd,121941,True
func_D_0x1000077ab,121684,True
func_D_0x1000077b0,123067,False
func_D_0x1000077b2,122020,True
func_D_0x1000079e7,121879,False
func_D_0x100007a78,122591,True
func_D_0x100007aff,121648,False
func_D_0x100007cbf,122246,True
func_D_0x100007e40,122428,True
func_D_0x10000806b,122347,False
func_D_0x1000089b7,121447,True
func_D_0x1000089b9,123274,False
func_D_0x1000089bb,121842,False
func_D_0x1000089bd,122500,True
func_D_0x100008a68,123114,False
func_D_0x100008a6b,122301,True
func_D_0x100008a92,123194,False
func_D_0x100008ca7,122543,False
func_D_0x100008cb0,121558,True
func_D_0x100008dcb,122452,False
func_D_0x100008f57,123314,True
func_D_0x1000090c8,121573,False
func_D_0x10000911e,122713,False
func_D_0x100009246,123015,False
func_D_0x100009249,121324,True
func_D_0x1000094f7,122664,True
func_D_0x10000956d,122359,True
func_D_0x100009571,121785,False
func_D_0x100009574,122425,False
func_D_0x100009627,121935,True
func_D_0x1000096f4,121428,False
func_D_0x1000097a7,121911,False
func_D_0x100009b79,121493,False
func_D_0x100009f99,123107,False
func_D_0x10000a03f,122692,True
func_D_0x10000a0a0,123273,False
func_D_0x10000a107,121367,False
func_D_0x10000a1a0,123248,True
func_D_0x10000a211,122390,False
func_D_0x10000a215,122029,False
func_D_0x10000a40d,123293,False
func_D_0x10000a420,121390,False
func_D_0x10000a4da,121681,False
func_D_0x10000a4dc,121749,True
func_D_0x10000a4e2,121597,False
func_D_0x10000a5db,123112,True
func_D_0x10000a83b,121582,True
func_D_0x10000a83d,121749,True
func_D_0x10000a956,121855,False
func_D_0x10000a958,122617,False
func_D_0x10000a9ec,121334,True
func_D_0x10000a9ee,121855,True
func_D_0x10000a9f1,123001,True
func_D_0x10000b4b2,121842,True
func_D_0x10000b8cc,121900,True
func_D_0x10000b8ce,123310,True
func_D_0x10000bd47,121878,True
func_D_0x10000bd49,121569,False
func_D_0x10000bd4b,122973,True
func_D_0x10000c01b,121606,True
func_D_0x10000c1b0,122719,True
func_D_0x10000c3bb,121906,True
func_D_0x10000c427,122194,True
func_D_0x10000c494,123033,True
func_D_0x10000c4c9,122891,False
func_D_0x10000c4d3,122222,True
func_D_0x10000c4d7,121396,True
func_D_0x10000c873,121875,True
func_D_0x10000c883,122032,True
func_De_0x100003ef8,123292,False
func_De_0x100003fc3,122969,True
func_De_0x100003fc7,122332,False
func_De_0x100003fc9,122370,True
func_De_0x100003fcb,122296,False
func_De_0x10000439a,121654,False
func_De_0x10000439c,122614,True
func_De_0x10000439e,121810,False
func_De_0x1000043a2,122244,True
func_De_0x10000448a,123137,False
func_De_0x100004e9f,122818,True
func_De_0x100005718,122097,True
func_De_0x100005903,122767,True
func_De_0x100005905,121364,False
func_De_0x100005b76,121770,False
func_De_0x100005b95,123222,False
func_De_0x100006325,122483,False
func_De_0x1000063f6,122722,True
func_De_0x1000063f8,121737,True
func_De_0x1000064b4,121344,False
func_De_0x100007a2e,121458,True
func_De_0x10000814c,122562,True
func_De_0x10000814e,121896,True
func_De_0x100008152,123110,False
func_De_0x1000098cf,123061,True
func_De_0x1000098d1,122723,True
func_De_0x10000a287,122756,False
func_De_0x10000a2bc,122732,False
func_De_0x10000a2c0,122778,False
func_De_0x10000a2c4,122244,True
func_De_0x10000a2d2,121428,True
func_De_0x10000a2d8,122379,True
func_De_0x10000a2e6,121664,False
func_De_0x10000a320,122370,True
func_De_0x10000a47c,122017,False
func_De_0x10000aa7a,121795,False
func_De_0x10000ae0a,122233,False
func_De_0x10000ae0d,121758,False
func_De_0x10000ae11,123149,True
func_De_0x10000ae13,122388,True
func_De_0x10000ae98,121477,True
func_De_0x10000ae9c,123291,True
func_De_0x10000aea7,121783,False
func_De_0x10000b51c,123157,True
func_De_0x10000b51e,122035,False
func_De_0x10000bbbf,122956,True
func_De_0x10000bec8,121980,False
func_De_0x10000bed2,122484,True
func_De_0x10000beee,122615,False
func_De_0x10000bef1,122879,True
func_De_0x10000bfa0,123143,True
func_De_0x10000bfb2,122090,False
func_De_0x10000c15d,122850,True
func_De_0x10000c164,121753,False
func_De_0x10000c189,123316,False
func_De_0x10000c227,121443,True
func_De_0x10000cd7a,122376,False
func_De_0x10000cd7e,123011,False
func_De_0x10000ce26,121730,True
func_De_0x10000ce3b,121603,True
func_Di_0x10000871b,121354,False
func_Di_0x10000884d,122200,True
func_Di_0x100008883,122669,True
func_Di_0x1000088af,122721,False
func_Di_0x1000088cc,121409,True
func_Di_0x1000088e2,122142,True
func_Di_0x100008938,121975,True
func_Di_0x100008965,122089,False
func_Dn_0x1000007a2,122019,True
func_Dn_0x1000007a4,122974,True
func_Dn_0x1000007a8,122407,False
func_Dn_0x1000007ac,122355,False
func_Dn_0x1000007b0,121639,True
func_Dn_0x1000007b2,121437,False
func_Dn_0x1000007b4,122389,True
func_Dn_0x1000007c2,122187,False
func_Dn_0x1000007cc,121901,True
func_Dn_0x1000007d0,122058,True
func_Dn_0x1000007d2,121748,False
func_Dn_0x1000007d4,122018,False
func_Dn_0x1000007d6,122134,True
func_Dn_0x1000007d8,121396,False
func_Dn_0x1000007e4,123120,True
func_Dn_0x1000007e6,122139,False
func_Dn_0x1000007ec,121584,True
func_Dn_0x1000007f2,123177,False
func_Dn_0x100003764,122885,False
func_Dn_0x100003770,122981,True
func_Dn_0x100003772,121572,True
func_Dn_0x10000b714,122951,True
func_Dn_0x10000b719,121371,False
func_Dn_0x10000b71f,123144,False
func_Dn_0x10000b723,122282,True
func_Dn_0x10000b729,123117,True
func_Dn_0x10000b72f,123009,False
func_Dn_0x10000b735,122536,False
func_Dn_0x10000b739,123016,False
func_Dn_0x10000b73b,123116,False
func_Dn_0x10000b73d,123109,False
func_Dn_0x10000b73f,121465,False
func_Dn_0x10000b743,121713,False
func_Dn_0x10000b745,122765,False
func_Dn_0x10000b747,122696,False
func_Dn_0x10000b753,123157,True
func_Dn_0x10000b757,121456,True
func_Dn_0x10000b763,123177,False
func_Dn_0x10000b771,122641,False
func_Dn_0x10000b779,122543,True
func_Dn_0x10000b77b,122036,True
func_Dn_0x10000b77f,122769,False
func_Dn_0x10000cae4,121639,True
func_Dn_0x10000cb72,121889,True
func_Do_0x10000885e,123196,True
func_Do_0x1000088e6,123270,False
func_Do_0x1000088eb,123148,False
func_Do_0x1000088f7,121488,True
func_Dr_0x100008e18,121530,True
func_Dr_0x100009d1d,122984,True
func_Dr_0x100009d23,121897,True
func_Dr_0x100009d27,123285,False
func_Dr_0x100009d29,123227,True
func_Dr_0x100009d2f,122977,False
func_Dr_0x100009d31,121828,False
func_Dr_0x100009d33,121698,False
func_Dr_0x100009d37,121388,True
func_Dr_0x100009d43,122486,True
func_Dr_0x100009d45,123171,False
func_Dr_0x100009d4b,121725,False
func_Dr_0x100009d4d,122878,True
func_Dr_0x100009d51,123099,True
func_Dr_0x100009d55,122234,True
func_Dr_0x100009d57,122799,False
func_Dr_0x100009d69,123307,False
func_Dr_0x100009d6d,121623,False
func_Dr_0x100009d71,122716,False
func_Dr_0x100009d79,122679,True
func_Dr_0x100009d7b,121459,True
func_Dr_0x100009d81,121928,False
func_Dr_0x10000afc2,123084,False
func_Dt_0x10000534c,121801,True
func_Dt_0x10000534e,123307,False
func_Dt_0x100005350,123138,True
func_Dt_0x100005361,121927,False
func_Dt_0x10000536f,122303,False
func_Dt_0x1000053a7,121504,True
func_Dt_0x1000053a9,122491,True
func_Dt_0x1000053af,121679,True
func_Dt_0x1000053b1,123008,False
func_Dt_0x1000053b3,122041,False
func_Dt_0x1000053b5,122680,False
func_Dt_0x1000053ba,122984,False
func_Dt_0x1000053c3,122700,True
func_Dt_0x1000053c5,122533,False
func_Dt_0x1000053fd,122722,False
func_Dt_0x100005401,121721,True
func_Dt_0x100005406,122895,True
func_Dt_0x100005409,122084,True
func_Dt_0x10000540c,122190,False
func_Dt_0x100005412,123315,False
func_Dt_0x100005415,122845,True
func_Dt_0x100005418,121386,True
func_Dt_0x10000541b,122774,False
func_Dt_0x10000541e,123253,True
func_Dt_0x100005424,121682,False
func_Dt_0x100005427,121916,True
func_Dt_0x10000542a,121480,True
func_Dt_0x10000542d,122218,False
func_Dt_0x10000542f,121335,False
func_Dt_0x100005431,123058,True
func_Dt_0x10000545d,122107,True
func_Dt_0x100005479,122255,True
func_Dt_0x10000547e,121788,False
func_Dt_0x100005494,122446,False
func_Dt_0x100005498,123079,False
func_Dt_0x10000549d,123021,False
func_Dt_0x1000054c0,121465,False
func_Dt_0x1000054c7,121704,False
func_Dt_0x1000054e5,122019,True
func_Dt_0x1000054f3,122945,False
func_Dt_0x10000550a,121587,False
func_Dt_0x10000550c,121396,False
func_Dt_0x10000550e,122232,False
func_Dt_0x100005528,122224,True
func_Dt_0x10000552f,121829,False
func_Dt_0x100005531,123225,False
func_Dt_0x100005535,121945,True
func_Dt_0x100005578,122150,True
func_Dt_0x10000557a,122499,True
func_Dt_0x10000558d,123166,False
func_Dt_0x10000558f,123243,True
func_Dt_0x1000055a7,123104,True
func_Dt_0x1000055b2,122383,True
func_Dt_0x1000055b4,122508,False
func_Dt_0x1000055d1,122555,False
func_Dt_0x1000055d5,121723,True
func_Dt_0x1000055e3,122327,True
func_Dt_0x100005602,123127,True
func_Du_0x100005391,121962,True
func_Du_0x1000054e8,121690,True
func_Du_0x1000054ed,122533,False
func_Du_0x1000054ef,121827,False
func_Du_0x100005513,122194,True
func_E_0x10000011e,123184,True
func_E_0x100000120,122071,True
func_E_0x10000013e,121758,True
func_E_0x100000148,121721,False
func_E_0x1000001ca,122234,False
func_E_0x100003395,123050,False
func_E_0x100003992,121673,True
func_E_0x1000039fa,121372,True
func_E_0x100003a3e,122240,True
func_E_0x100003af4,122315,False
func_E_0x100003bba,121910,True
func_E_0x100003bc8,121945,True
func_E_0x100003bca,122294,True
func_E_0x100003bcc,121628,True
func_E_0x100003bce,123083,False
func_E_0x100003bd2,122741,True
func_E_0x100003def,121548,True
func_E_0x100003e80,122493,False
func_E_0x10000414e,122445,False
func_E_0x100004255,121818,False
func_E_0x100004261,123019,False
func_E_0x100004295,121837,True
func_E_0x1000042a8,123186,True
func_E_0x100004b53,123074,True
func_E_0x100004c10,122713,True
func_E_0x100004c66,122000,True
func_E_0x100004c6d,121441,False
func_E_0x1000056f9,122626,True
func_E_0x100005968,122086,False
func_E_0x10000597e,122266,True
func_E_0x100005b49,122202,True
func_E_0x100005f6a,122589,True
func_E_0x100005f6c,121782,False
func_E_0x100006042,121989,False
func_E_0x100006529,121627,False
func_E_0x1000065cc,121352,True
func_E_0x1000065d0,122858,False
func_E_0x1000065d6,122762,False
func_E_0x1000065da,122696,False
func_E_0x10000690c,122303,True
func_E_0x100006a6c,122005,False
func_E_0x100006a6f,123268,True
func_E_0x100006a73,122768,True
func_E_0x100006a75,122181,True
func_E_0x100006b8c,122150,True
func_E_0x100006fd0,121383,False
func_E_0x100007248,122100,True
func_E_0x1000074ad,122215,True
func_E_0x1000075de,122243,True
func_E_0x1000076cc,121677,True
func_E_0x100007725,122887,True
func_E_0x100007992,123313,True
func_E_0x100007ca4,122180,True
func_E_0x100007ca8,123000,False
func_E_0x100007de1,122889,False
func_E_0x100007de3,121775,True
func_E_0x100007ded,121604,True
func_E_0x10000828d,122760,True
func_E_0x1000082db,123183,False
func_E_0x1000082e9,123085,False
func_E_0x10000859d,121459,False
func_E_0x100008b60,122986,True
func_E_0x100008bf7,122001,True
func_E_0x100008bf9,121378,False
func_E_0x100008bfb,121738,False
func_E_0x100008bff,122810,False
func_E_0x100008d17,122420,False
func_E_0x1000090f6,123219,False
func_E_0x1000090fc,121711,True
func_E_0x100009126,122136,True
func_E_0x100009199,122089,True
func_E_0x10000919b,122962,True
func_E_0x1000091d7,122364,True
func_E_0x100009229,122664,True
func_E_0x10000923b,121892,False
func_E_0x10000923d,122411,True
func_E_0x1000092e4,122336,False
func_E_0x10000957a,121384,True
func_E_0x10000957e,122439,True
func_E_0x100009580,121592,False
func_E_0x10000971b,122878,False
func_E_0x10000972d,123048,False
func_E_0x100009735,121324,True
func_E_0x100009b7b,121489,True
func_E_0x100009b8f,121476,False
func_E_0x100009ed8,121727,False
func_E_0x100009edc,123044,False
func_E_0x10000a0a1,123000,False
func_E_0x10000a1e0,122662,True
func_E_0x10000a1e2,123268,True
func_E_0x10000a1e4,122525,False
func_E_0x10000a1e6,123034,True
func_E_0x10000a1e8,122543,True
func_E_0x10000a1ea,121868,False
func_E_0x10000a1ec,121907,False
func_E_0x10000a23c,122851,True
func_E_0x10000a38d,123306,False
func_E_0x10000a3a1,122984,True
func_E_0x10000a4bc,122270,False
func_E_0x10000a4be,123029,False
func_E_0x10000a4cb,121833,False
func_E_0x10000a723,122147,False
func_E_0x10000a729,123221,True
func_E_0x10000a72f,121450,True
func_E_0x10000a83e,122126,False
func_E_0x10000a840,123148,False
func_E_0x10000a9e0,122819,False
func_E_0x10000ae3e,121759,True
func_E_0x10000b0e9,121691,True
func_E_0x10000b1db,121778,False
func_E_0x10000b276,121932,True
func_E_0x10000b2f3,122453,False
func_E_0x10000b472,122235,False
func_E_0x10000b915,123097,True
func_E_0x10000bb4a,121897,True
func_E_0x10000bd57,121460,True
func_E_0x10000c020,122075,False
func_E_0x10000c022,121318,False
func_E_0x10000c028,122154,False
func_E_0x10000c405,121601,False
func_E_0x10000cf33,121440,False
func_E_0x10000d098,122492,True
func_E_0x10000d09a,123222,False
func_E_0x10000d09f,121699,False
func_E_0x10000d0a5,121372,True
func_Ee_0x100004532,121464,False
func_Ee_0x1000057ee,121332,True
func_Ee_0x1000057f0,121360,False
func_Ee_0x10000586a,122109,False
func_Ee_0x100005c98,121695,False
func_Ee_0x100005cbb,121682,True
func_Ee_0x100005d2c,122519,False
func_Ee_0x100005de0,122474,False
func_Ee_0x100005de4,121827,False
func_Ee_0x100005de6,121398,True
func_Ee_0x100005e06,122435,True
func_Ee_0x100005e0f,121683,False
func_Ee_0x10000617b,121554,False
func_Ee_0x1000061dc,122324,True
func_Ee_0x10000624c,121411,False
func_Ee_0x10000626a,121775,False
func_Ee_0x1000062b0,121866,False
func_Ee_0x100006b3c,122713,False
func_Ee_0x100006b40,121646,False
func_Ee_0x1000092b5,121622,True
func_Ee_0x10000a628,121961,True
func_Ee_0x10000b93b,121361,False
func_Ee_0x10000bfb7,122066,True
func_Ee_0x10000bfb9,121946,False
func_Ee_0x10000bfbd,123147,False
func_Ee_0x10000bfc1,121695,True
func_Ee_0x10000bfc5,121826,False
func_Ee_0x10000bfc7,122851,False
func_Ee_0x10000bfc9,122999,False
func_Ee_0x10000bfcb,121538,False
func_Ee_0x10000c07d,121436,True
func_Ee_0x10000c089,123177,True
func_Ee_0x10000c182,122091,True
func_Ee_0x10000c3ed,121810,False
func_Ee_0x10000c53a,121496,False
func_Ee_0x10000c544,122812,False
func_Ee_0x10000c546,121776,True
func_Ee_0x10000c548,122202,True
func_Ee_0x10000c550,122859,True
func_Ee_0x10000c554,122651,True
func_Ee_0x10000c556,122553,False
func_Ee_0x10000c558,121333,True
func_Ee_0x10000c55a,122122,True
func_Ee_0x10000c55e,123295,True
func_Ee_0x10000c560,122980,False
func_Ee_0x10000c562,122056,False
func_Ee_0x10000c566,122600,False
func_Ee_0x10000c56e,123200,False
func_Ee_0x10000c570,121826,True
func_Ee_0x10000c572,121888,True
func_Ee_0x10000c574,121328,True
func_Ee_0x10000c578,121957,True
func_Ee_0x10000c57c,122705,True
func_Ee_0x10000c584,122255,False
func_Ee_0x10000c586,121889,False
func_Ee_0x10000c588,121572,True
func_Ee_0x10000c5bd,122708,False
func_Ee_0x10000ca18,123249,False
func_Ee_0x10000cc79,122549,True
func_Ee_0x10000ccdd,123172,False
func_Ee_0x10000ccdf,122198,False
func_Ee_0x10000cce9,122497,True
func_Ee_0x10000cf51,123149,True
func_En_0x100008085,121895,True
func_En_0x10000808e,121636,True
func_En_0x10000b7ad,121829,True
func_En_0x10000ba61,121481,False
func_En_0x10000ba67,121552,True
func_En_0x10000ba6e,123010,False
func_En_0x10000ba78,123216,True
func_En_0x10000ba7e,123290,True
func_En_0x10000ba94,123223,False
func_En_0x10000baa0,121618,True
func_En_0x10000baa6,121676,True
func_En_0x10000bab1,123233,False
func_En_0x10000bace,121812,True
func_En_0x10000bada,121435,True
func_En_0x10000badc,121751,False
func_En_0x10000baed,122533,False
func_En_0x10000baf3,123153,True
func_En_0x10000bb01,121951,True
func_En_0x10000bb15,122349,True
func_En_0x10000cb0c,122133,False
func_Er_0x10000846c,122539,False
func_Er_0x10000847b,121473,False
func_Er_0x1000099c8,122722,True
func_Er_0x1000099ca,121563,True
func_Er_0x1000099ce,121691,False
func_Er_0x1000099d3,121966,True
func_Er_0x1000099da,121685,False
func_Er_0x1000099e2,121589,True
func_Er_0x1000099e6,122390,True
func_Er_0x1000099f2,123069,True
func_Er_0x1000099f8,123232,True
func_Er_0x1000099fa,121798,True
func_Er_0x1000099fc,121591,True
func_Er_0x100009a04,122950,True
func_Er_0x100009a08,121625,True
func_Er_0x100009a0a,121903,False
func_Er_0x100009a0c,121656,False
func_Er_0x100009a0e,123143,False
func_Er_0x100009a10,121630,False
func_Er_0x100009a12,123266,True
func_Er_0x100009a16,122064,True
func_Er_0x100009a1a,122946,True
func_Er_0x100009a22,122421,False
func_Er_0x100009a24,122195,False
func_Er_0x100009a26,122655,False
func_Er_0x100009a2a,122351,True
func_Er_0x100009a30,122861,False
func_Er_0x100009a32,123161,False
func_Er_0x100009a34,122924,False
func_Er_0x100009a38,123287,False
func_Er_0x100009a3a,122395,False
func_Er_0x100009a3c,122063,False
func_Er_0x100009a3e,122371,True
func_Er_0x100009a40,122571,False
func_Er_0x100009a42,123274,True
func_Er_0x100009a44,121942,True
func_Er_0x100009a4a,122610,False
func_Er_0x100009a4e,122369,True
func_Er_0x100009a52,122916,False
func_Er_0x100009a54,122977,True
func_Er_0x100009a56,122309,True
func_Er_0x100009a58,121613,False
func_Er_0x100009a5c,121765,True
func_Er_0x100009a60,121845,False
func_Er_0x100009a62,123024,True
func_Er_0x100009a6c,122366,False
func_Er_0x100009a6e,122234,True
func_Er_0x100009a72,123028,True
func_Er_0x100009a76,122731,True
func_Er_0x100009a78,122875,False
func_Er_0x100009a7e,121734,False
func_Er_0x100009a80,121445,False
func_Er_0x100009a86,123255,False
func_Er_0x100009aaf,122580,False
func_Er_0x100009ab3,121556,True
func_Er_0x100009ab9,122488,True
func_Er_0x100009abb,121702,False
func_Er_0x100009ac1,121491,True
func_Er_0x100009acb,121909,False
func_Er_0x100009ad1,122796,True
func_Er_0x100009ad3,122465,True
func_Er_0x100009ad5,122089,False
func_Er_0x100009add,122668,True
func_Er_0x100009ae7,121462,True
func_Er_0x100009ae9,121751,False
func_Er_0x100009aeb,122165,True
func_Et_0x100000603,122035,False
func_Et_0x100000605,121969,True
func_Et_0x100000876,122674,True
func_Et_0x10000087e,122028,True
func_Et_0x100003cc7,122091,True
func_Et_0x10000684d,122642,True
func_Et_0x10000af0f,123039,False
func_Et_0x10000af13,121753,True
func_Et_0x10000af15,122676,True
func_Et_0x10000af17,122979,False
func_Et_0x10000af19,121492,True
func_Et_0x10000af21,121573,False
func_Et_0x10000af35,122397,False
func_Et_0x10000af37,121991,True
func_Et_0x10000c304,122105,False
func_Et_0x10000c310,122106,False
func_Et_0x10000c33b,122626,True
func_Et_0x10000c355,121481,False
func_Et_0x10000c3a2,122373,True
func_Et_0x10000c3a4,121451,False
func_Et_0x10000c3a6,122393,False
func_Et_0x10000c3ab,121718,False
func_Et_0x10000c92c,122600,True
func_Et_0x10000c931,122368,False
func_Et_0x10000c933,123144,False
func_Et_0x10000c935,122819,False
func_Et_0x10000c937,121919,True
func_Et_0x10000c939,122012,False
func_Et_0x10000c93b,122903,False
func_Et_0x10000c947,123008,True
func_Et_0x10000c94b,123103,False
func_Et_0x10000c953,123057,True
func_Et_0x10000c959,123216,False
func_Et_0x10000c95d,122371,False
func_Et_0x10000c961,122830,True
func_Et_0x10000c963,121536,True
func_Et_0x10000c967,122444,True
func_Et_0x10000c969,122305,False
func_Et_0x10000c971,122159,False
func_Et_0x10000c973,122499,True
func_Et_0x10000c975,121681,True
func_Et_0x10000c977,122967,False
func_Et_0x10000c987,121499,True
func_Et_0x10000c98f,122174,False
func_Et_0x10000c9a5,122622,True
func_F_0x10000011c,121737,False
func_F_0x10000012b,122166,False
func_F_0x100000142,121474,False
func_F_0x100000146,122471,True
func_F_0x1000001bd,123036,True
func_F_0x1000001cd,123029,True
func_F_0x100000305,121462,False
func_F_0x100000307,121326,False
func_F_0x10000030b,122336,True
func_F_0x1000005de,121471,True
func_F_0x100003393,122627,False
func_F_0x1000033ba,121529,False
func_F_0x1000033c4,121830,True
func_F_0x1000039b5,122462,False
func_F_0x1000039b9,122407,True
func_F_0x1000039f2,122110,True
func_F_0x100003a14,122683,False
func_F_0x100003aa0,123023,False
func_F_0x100003b53,122822,True
func_F_0x100003b60,123018,False
func_F_0x100003b82,122298,False
func_F_0x100003bc4,121629,True
func_F_0x100003bc6,121544,True
func_F_0x100003bd0,121408,False
func_F_0x100003bd4,122949,True
func_F_0x100003c01,121667,True
func_F_0x100003e9a,122741,True
func_F_0x100004061,122462,True
func_F_0x100004149,122145,True
func_F_0x100004257,121738,False
func_F_0x100004291,122724,True
func_F_0x100004293,122323,True
func_F_0x1000042ca,123044,True
func_F_0x10000433e,123201,False
func_F_0x100004c12,122295,False
func_F_0x100004c17,122844,False
func_F_0x100004c49,121852,False
func_F_0x100004c5e,122009,False
func_F_0x10000596a,122505,False
func_F_0x10000596e,122050,True
func_F_0x100005994,121926,True
func_F_0x100005c04,121378,False
func_F_0x100005f6e,122018,False
func_F_0x100005f70,122723,True
func_F_0x100006026,122484,False
func_F_0x1000065ce,122135,True
func_F_0x10000690a,121684,False
func_F_0x10000690e,123302,True
func_F_0x100006914,122671,True
func_F_0x100006aa3,122281,True
func_F_0x100006b05,122601,False
func_F_0x100006b0b,122882,True
func_F_0x10000751e,121324,False
func_F_0x100007522,121668,False
func_F_0x1000077c3,122168,False
func_F_0x100007990,123002,True
func_F_0x100007bcd,121964,False
func_F_0x100007ca6,121948,False
func_F_0x100007ddc,122861,False
func_F_0x100007ddf,122065,False
func_F_0x100007e16,122399,True
func_F_0x100007e19,122106,True
func_F_0x100008598,122597,True
func_F_0x1000085a3,121470,True
func_F_0x1000085a5,122828,False
func_F_0x100008a0d,121834,False
func_F_0x100008a0f,122348,False
func_F_0x100008a12,122390,False
func_F_0x100008b6f,122675,False
func_F_0x100008bf3,121861,True
func_F_0x100008c01,122011,False
func_F_0x100008cce,122242,False
func_F_0x100008cd9,122270,False
func_F_0x100008ceb,121889,False
func_F_0x100008efd,122599,False
func_F_0x100009101,122628,False
func_F_0x100009122,122482,True
func_F_0x10000913e,122772,False
func_F_0x100009157,121422,True
func_F_0x100009162,122327,False
func_F_0x100009171,122461,False
func_F_0x100009173,122878,False
func_F_0x100009197,122995,False
func_F_0x1000091cd,123272,True
func_F_0x10000933f,121533,True
func_F_0x100009347,121945,True
func_F_0x100009350,123180,True
func_F_0x1000096d3,121990,True
func_F_0x10000971f,123008,True
func_F_0x100009721,122786,False
func_F_0x10000972f,122044,False
func_F_0x100009731,121493,False
func_F_0x100009cbc,123164,True
func_F_0x100009ccd,121349,False
func_F_0x100009ed0,123100,True
func_F_0x100009ed4,122235,True
func_F_0x100009eda,121533,True
func_F_0x100009f9a,121823,True
func_F_0x100009f9c,121817,True
func_F_0x10000a1ba,123026,True
func_F_0x10000a1f5,122388,False
func_F_0x10000a38b,121893,True
func_F_0x10000a38f,121469,False
func_F_0x10000a395,121691,False
func_F_0x10000a418,122317,True
func_F_0x10000a4c0,122257,False
func_F_0x10000a719,122874,False
func_F_0x10000a721,122736,False
func_F_0x10000a727,122960,True
func_F_0x10000a72b,121461,True
func_F_0x10000a72d,122650,True
func_F_0x10000a85b,122014,True
func_F_0x10000ad7b,122199,False
func_F_0x10000bb2a,122635,False
func_F_0x10000bd3f,123132,True
func_F_0x10000bf82,123241,False
func_F_0x10000c000,123053,False
func_F_0x10000c026,121653,False
func_F_0x10000c7c5,121541,False
func_F_0x10000c889,123212,True
func_F_0x10000d0a7,122869,True
func_Fe_0x100003f07,122083,True
func_Fe_0x1000044ba,121964,False
func_Fe_0x1000044bf,121639,True
func_Fe_0x1000044fb,123205,True
func_Fe_0x100004541,122938,True
func_Fe_0x100004e22,121694,False
func_Fe_0x100004e46,122868,True
func_Fe_0x100004e48,121504,True
func_Fe_0x100004e4a,122424,False
func_Fe_0x100004e4c,121786,False
func_Fe_0x100004e69,123293,True
func_Fe_0x100004e7b,121388,False
func_Fe_0x100004e7f,123050,True
func_Fe_0x100005752,123055,False
func_Fe_0x1000057f7,123168,True
func_Fe_0x100005803,122998,True
func_Fe_0x100005aaa,122623,True
func_Fe_0x100005b85,122422,True
func_Fe_0x100005b9b,123312,True
func_Fe_0x100005ed9,122985,False
func_Fe_0x100005ee4,123012,True
func_Fe_0x100006317,121377,True
func_Fe_0x1000063b2,123142,True
func_Fe_0x1000063da,122959,False
func_Fe_0x10000709d,122296,False
func_Fe_0x1000070a3,122649,False
func_Fe_0x1000070a5,122671,False
func_Fe_0x1000070ab,121988,False
func_Fe_0x1000070b1,122593,False
func_Fe_0x100007647,122521,True
func_Fe_0x100007649,123121,False
func_Fe_0x100007fb4,122663,False
func_Fe_0x100008037,121897,False
func_Fe_0x10000805d,122941,False
func_Fe_0x10000812d,122526,False
func_Fe_0x100008fa3,123283,False
func_Fe_0x100009026,122167,False
func_Fe_0x100009f33,121478,False
func_Fe_0x100009f3a,122369,False
func_Fe_0x100009f43,122588,True
func_Fe_0x100009f5e,123286,False
func_Fe_0x10000a32f,122382,True
func_Fe_0x10000a333,122175,False
func_Fe_0x10000a335,121765,False
func_Fe_0x10000a337,122346,True
func_Fe_0x10000a33b,122785,True
func_Fe_0x10000aab6,123045,True
func_Fe_0x10000ab99,121578,False
func_Fe_0x10000b56a,121507,True
func_Fe_0x10000b578,122358,True
func_Fe_0x10000b57c,121623,True
func_Fe_0x10000b584,123281,False
func_Fe_0x10000b586,121965,False
func_Fe_0x10000b588,122696,True
func_Fe_0x10000bdcd,121362,True
func_Fe_0x10000c166,122997,True
func_Fe_0x10000cc4b,122922,False
func_Fe_0x10000cc59,122133,False
func_Fe_0x10000cc83,121764,False
func_Fe_0x10000cc85,121857,False
func_Fe_0x10000ccf7,123130,True
func_Fe_0x10000ccf9,122052,False
func_Fe_0x10000ccfb,122000,True
func_Fe_0x10000cde7,122933,False
func_Fe_0x10000ce35,122794,False
func_Fe_0x10000ce63,122489,False
func_Fe_0x10000d03c,122257,False
func_Fi_0x100003754,122032,False
func_Fi_0x10000375d,123056,False
func_Fi_0x10000caff,121381,True
func_Fn_0x100007175,122453,False
func_Fn_0x10000722b,122949,False
func_Fn_0x1000080c6,123297,True
func_Fn_0x100009d99,122647,True
func_Fn_0x10000c0cc,122297,False
func_Fn_0x10000c0ce,121587,False
func_Fn_0x10000c374,123072,True
func_Fn_0x10000c382,122363,False
func_Fn_0x10000c392,122430,True
func_Fr_0x100004774,122572,True
func_Fr_0x10000495e,121608,True
func_Fr_0x1000049d0,122952,True
func_Fr_0x100004a58,121856,True
func_Ft_0x10000717a,121518,True
func_Ft_0x100007182,122227,False
func_Ft_0x100007186,122589,False
func_Ft_0x100007194,121394,False
func_Ft_0x10000719e,122354,True
func_Ft_0x100007215,123033,False
func_Ft_0x10000721d,122288,False
func_Ft_0x10000721f,122809,False
func_Ft_0x100007221,122352,False
func_Ft_0x100009d83,123033,True
func_Ft_0x100009d86,122384,False
func_Ft_0x10000b321,122032,True
func_Ft_0x10000b327,122597,False
func_Ft_0x10000b331,121332,False
func_Ft_0x10000b335,123098,True
func_Ft_0x10000b337,122655,True
func_Ft_0x10000b33b,122877,False
func_Ft_0x10000b340,122520,False
func_Ft_0x10000b344,122472,True
func_Ft_0x10000b350,123038,True
func_Ft_0x10000b3c5,123301,True
func_Ft_0x10000b3d9,123305,True
func_Ft_0x10000b424,123263,True
func_Ft_0x10000b428,121697,False
func_Ft_0x10000c0ac,122784,True
func_Ft_0x10000c338,122364,True
func_Ft_0x10000c357,122324,False
func_Ft_0x10000c373,122205,False
func_Ft_0x10000c37d,121820,False
func_Fu_0x100003654,122745,False
func_Fu_0x100003656,122365,False
func_Fu_0x100003658,122509,False
func_Fu_0x10000365c,122202,True
func_Fu_0x10000365e,122574,False
func_Fu_0x100003664,122107,True
func_Fu_0x10000366c,121341,True
func_Fu_0x100003672,123243,False
func_Fu_0x100003674,121440,False
func_Fu_0x100003678,121843,True
func_Fu_0x10000367a,121981,True
func_G_0x10000021a,121928,False
func_G_0x10000021e,122647,True
func_G_0x100003873,121538,False
func_G_0x100003877,121559,True
func_G_0x100003887,121930,True
func_G_0x100003923,122811,True
func_G_0x100003add,122925,True
func_G_0x100003b0c,122456,True
func_G_0x100003b8b,121652,False
func_G_0x100003b8f,123177,False
func_G_0x100003bf0,121985,False
func_G_0x100003bf7,121933,False
func_G_0x100003c36,121832,True
func_G_0x100003c3a,122510,False
func_G_0x100003c42,123010,False
func_G_0x1000042c3,122523,True
func_G_0x1000042c5,122499,False
func_G_0x1000042c7,122562,False
func_G_0x100004481,122242,False
func_G_0x100004c36,122384,False
func_G_0x100004ca9,122556,False
func_G_0x100004cab,122861,False
func_G_0x100004cad,122749,True
func_G_0x1000051f0,121405,False
func_G_0x1000051f2,121491,False
func_G_0x100005851,123039,True
func_G_0x10000591b,122410,False
func_G_0x1000059c6,121672,True
func_G_0x1000059ca,121578,True
func_G_0x100005c4c,121800,False
func_G_0x100005d60,122700,True
func_G_0x100005d62,121344,True
func_G_0x100005d6a,122552,False
func_G_0x10000606a,123051,False
func_G_0x100006213,121390,True
func_G_0x100006215,122397,True
func_G_0x100006219,121682,False
func_G_0x10000621d,122169,False
func_G_0x1000062d6,122105,False
func_G_0x1000062e2,122026,False
func_G_0x100006511,122010,True
func_G_0x100006863,121516,False
func_G_0x10000686e,122357,True
func_G_0x100006d95,122822,False
func_G_0x100006d97,122894,False
func_G_0x100006d9e,123096,True
func_G_0x100006da0,122928,False
func_G_0x100006da6,122302,True
func_G_0x100006dae,122027,True
func_G_0x100006e12,122295,True
func_G_0x100006fbf,121934,True
func_G_0x100006fd3,122618,False
func_G_0x100006fd5,122726,True
func_G_0x100006fd7,122207,False
func_G_0x1000070c5,123129,True
func_G_0x1000072b5,122855,True
func_G_0x1000072b9,123086,False
func_G_0x1000072c2,122507,False
func_G_0x1000072cf,121972,True
func_G_0x1000072d3,123087,True
func_G_0x10000746b,123014,False
func_G_0x1000074d4,121932,False
func_G_0x1000075b1,121952,False
func_G_0x1000076be,123003,False
func_G_0x1000076c0,122702,True
func_G_0x1000076c2,122512,False
func_G_0x1000076cf,122226,False
func_G_0x1000076df,122928,True
func_G_0x1000078b3,121502,False
func_G_0x100007a68,122907,True
func_G_0x100007a6a,122542,True
func_G_0x100007b07,122210,True
func_G_0x100007b09,122458,False
func_G_0x100007b0b,123132,False
func_G_0x100007c3c,121582,False
func_G_0x100007c72,122382,False
func_G_0x100007c82,121440,True
func_G_0x100007c84,122211,False
func_G_0x100007c88,122585,False
func_G_0x100007c8a,122648,False
func_G_0x100007e21,122703,False
func_G_0x100007ea1,122247,False
func_G_0x100007f1e,122128,True
func_G_0x100007f20,122482,True
func_G_0x100007f22,122241,True
func_G_0x100007f28,122733,True
func_G_0x100007f35,123003,True
func_G_0x1000082dd,123160,False
func_G_0x100008328,122799,True
func_G_0x10000833d,123141,True
func_G_0x100008345,121370,False
func_G_0x100008c71,122837,False
func_G_0x100008c73,122958,False
func_G_0x100008c79,123010,False
func_G_0x100008c7b,121668,False
func_G_0x100008d8a,122496,True
func_G_0x100008e97,122061,False
func_G_0x100008f02,122265,True
func_G_0x100008f04,121503,False
func_G_0x10000901d,122599,False
func_G_0x1000091e8,121726,True
func_G_0x100009202,122039,True
func_G_0x100009539,121452,True
func_G_0x10000964a,121522,False
func_G_0x100009679,122271,True
func_G_0x100009681,122858,True
func_G_0x100009bbf,122037,True
func_G_0x100009bc1,123063,True
func_G_0x100009bc5,122793,False
func_G_0x100009bc7,122883,False
func_G_0x100009cbf,121590,True
func_G_0x10000a050,123048,False
func_G_0x10000a054,122720,False
func_G_0x10000a0c6,122389,True
func_G_0x10000a318,122967,True
func_G_0x10000a33e,123070,True
func_G_0x10000a341,122068,False
func_G_0x10000a368,121429,True
func_G_0x10000a736,122898,False
func_G_0x10000a73b,122290,False
func_G_0x10000a7c8,121513,True
func_G_0x10000a95d,122899,False
func_G_0x10000a95f,121907,True
func_G_0x10000a961,122560,False
func_G_0x10000ae8c,121506,True
func_G_0x10000ae8e,122545,True
func_G_0x10000ae90,123049,False
func_G_0x10000b0fa,121953,False
func_G_0x10000b2d4,121363,False
func_G_0x10000b431,121999,True
func_G_0x10000bd84,121935,False
func_G_0x10000be61,122798,True
func_G_0x10000bf36,122835,False
func_G_0x10000bf43,123093,False
func_G_0x10000bf7b,122155,False
func_G_0x10000ceb9,123198,True
func_Ga_0x100004a4c,122368,True
func_Ge_0x100003955,123112,True
func_Ge_0x100005cb1,122821,False
func_Ge_0x100005cb3,123196,True
func_Ge_0x100005d3b,121555,False
func_Ge_0x100005e08,121790,True
func_Ge_0x100005e0a,122032,False
func_Ge_0x100005e14,123277,True
func_Ge_0x100005e9f,122160,True
func_Ge_0x100005ea1,121399,True
func_Ge_0x100005ea5,122075,False
func_Ge_0x100006178,122798,True
func_Ge_0x10000617a,121522,True
func_Ge_0x10000617e,122635,False
func_Ge_0x10000618d,122724,True
func_Ge_0x100006190,121358,True
func_Ge_0x1000062a3,121884,True
func_Ge_0x1000062aa,122287,True
func_Ge_0x1000062b2,121573,True
func_Ge_0x1000062bc,122075,True
func_Ge_0x1000062c0,121425,False
func_Ge_0x1000062c2,121850,True
func_Ge_0x1000062c6,121843,False
func_Ge_0x1000062c8,122867,True
func_Ge_0x1000062ca,122945,False
func_Ge_0x1000062cc,121737,True
func_Ge_0x1000062ce,122259,False
func_Ge_0x1000062d1,122531,False
func_Ge_0x100007140,123259,False
func_Ge_0x10000792a,121547,False
func_Ge_0x100007940,122384,False
func_Ge_0x100007942,121622,True
func_Ge_0x10000c075,123222,False
func_Ge_0x10000c07f,121673,False
func_Ge_0x10000c085,123097,True
func_Ge_0x10000c08f,121949,False
func_Ge_0x10000c091,123178,False
func_Ge_0x10000c095,122323,True
func_Ge_0x10000c097,123212,True
func_Ge_0x10000cc7f,123016,False
func_Ge_0x10000cceb,121500,False
func_Ge_0x10000cf53,123120,False
func_Ge_0x10000cfc8,123053,True
func_Gi_0x100005335,121680,True
func_Gi_0x10000535a,121487,False
func_Gi_0x1000054dc,121482,True
func_Gi_0x1000055dc,122704,True
func_Gr_0x10000681a,121773,True
func_Gr_0x100006820,121900,True
func_Gr_0x100006832,121662,False
func_Gr_0x10000caef,122197,False
func_Gr_0x10000cb7e,123195,True
func_Gt_0x1000080b7,122921,False
func_Gt_0x1000080c3,121979,False
func_Gt_0x10000b716,121388,True
func_Gt_0x10000cadf,122316,True
func_Gt_0x10000cb8d,123095,False
func_Gu_0x10000845b,121553,True
func_Gu_0x100008461,122149,False
func_H_0x1000001f1,122552,True
func_H_0x10000387a,122825,True
func_H_0x10000387d,121943,True
func_H_0x100003884,121727,False
func_H_0x10000391f,123167,True
func_H_0x100003921,122990,True
func_H_0x100003b10,122723,True
func_H_0x100003b14,122682,False
func_H_0x100003b16,122694,False
func_H_0x100003b83,122736,False
func_H_0x100003b85,122875,False
func_H_0x100003b87,122187,False
func_H_0x100003b89,122516,False
func_H_0x100003c44,123193,True
func_H_0x100003c48,121705,False
func_H_0x100004051,123001,True
func_H_0x10000429d,122603,True
func_H_0x1000042c1,123169,False
func_H_0x1000042cd,122101,False
func_H_0x100004341,121387,True
func_H_0x100004483,122835,True
func_H_0x100004b5b,121605,False
func_H_0x100004b5d,122898,True
func_H_0x100004b7f,122862,True
func_H_0x100004caf,121800,False
func_H_0x100004cb1,122640,True
func_H_0x100004cb3,122701,True
func_H_0x1000051f4,121663,True
func_H_0x1000051f6,121520,True
func_H_0x1000051f8,122343,True
func_H_0x1000051fe,122375,True
func_H_0x100005780,122279,True
func_H_0x1000057b3,122339,True
func_H_0x10000584d,122596,True
func_H_0x10000584f,121899,True
func_H_0x10000585b,122423,True
func_H_0x1000059b1,122727,False
func_H_0x10000606d,121450,False
func_H_0x1000061e7,121401,False
func_H_0x1000061ed,122525,False
func_H_0x1000061ef,122251,False
func_H_0x100006211,122855,True
func_H_0x100006217,123009,False
func_H_0x1000062e7,121511,True
func_H_0x10000654e,121622,True
func_H_0x10000659e,121877,False
func_H_0x100006610,123032,False
func_H_0x10000661a,121415,False
func_H_0x100006d8e,121672,True
func_H_0x100006daa,121526,False
func_H_0x100006dfe,121638,True
func_H_0x100006e00,122425,True
func_H_0x100006e04,122413,True
func_H_0x100006e06,122741,True
func_H_0x100006e0c,123243,False
func_H_0x100006e10,122939,True
func_H_0x100006e14,123105,False
func_H_0x100006e18,123286,False
func_H_0x100006fd9,121478,False
func_H_0x1000070c9,122522,False
func_H_0x100007253,121349,False
func_H_0x1000072bb,121610,True
func_H_0x100007460,122383,True
func_H_0x100007587,122369,True
func_H_0x1000076dd,121825,True
func_H_0x100007781,122652,True
func_H_0x100007783,122687,True
func_H_0x100007785,123148,True
func_H_0x10000778b,122289,False
func_H_0x100007a6c,122502,True
func_H_0x100007bda,122396,False
func_H_0x100007be7,122298,True
func_H_0x100007bed,122152,True
func_H_0x100007bef,122882,True
func_H_0x100007bf1,123177,False
func_H_0x100007bf3,122440,True
func_H_0x100007c40,122547,False
func_H_0x100007c86,123276,False
func_H_0x100007ed2,121581,True
func_H_0x100007f16,122358,True
func_H_0x100007f1a,123007,True
func_H_0x100007f33,122911,True
func_H_0x1000082ae,122115,True
func_H_0x1000082f5,122039,True
func_H_0x10000833e,122041,False
func_H_0x100008418,121588,True
func_H_0x10000841c,123009,True
func_H_0x100008439,121845,False
func_H_0x10000843b,121418,False
func_H_0x100008614,121872,False
func_H_0x100008c6b,122585,False
func_H_0x100008c75,121695,True
func_H_0x100008c77,121734,True
func_H_0x100008f00,123227,True
func_H_0x100008fbb,122960,True
func_H_0x1000091fb,123265,True
func_H_0x1000091fd,121627,False
func_H_0x10000938c,123258,False
func_H_0x100009392,121750,True
func_H_0x100009543,122447,False
func_H_0x10000954e,121899,True
func_H_0x100009551,123169,False
func_H_0x100009671,122022,True
func_H_0x100009673,122197,False
func_H_0x100009677,121932,True
func_H_0x10000967b,122706,False
func_H_0x10000967d,121858,False
func_H_0x100009bc3,123302,False
func_H_0x100009eed,121838,False
func_H_0x100009f2b,122698,False
func_H_0x10000a04c,122767,False
func_H_0x10000a04e,122353,True
func_H_0x10000a052,121955,False
func_H_0x10000a058,122836,True
func_H_0x10000a95b,123180,False
func_H_0x10000a965,121875,False
func_H_0x10000a967,122876,True
func_H_0x10000a96b,122412,False
func_H_0x10000acb3,122645,True
func_H_0x10000ada4,121951,False
func_H_0x10000b1fa,121975,True
func_H_0x10000b2e6,122796,False
func_H_0x10000b44d,121933,True
func_H_0x10000b44f,123077,False
func_H_0x10000b697,121786,False
func_H_0x10000b833,121764,False
func_H_0x10000b85a,121895,False
func_H_0x10000b8a5,121709,True
func_H_0x10000bd31,122278,True
func_H_0x10000bd78,123109,True
func_H_0x10000bf6f,121523,False
func_H_0x10000bf78,122659,True
func_H_0x10000c456,122623,False
func_H_0x10000c460,122393,False
func_H_0x10000c8af,121689,True
func_H_0x10000ca37,123164,True
func_H_0x10000ce91,122750,False
func_H_0x10000ce95,121419,True
func_H_0x10000ceb3,121635,True
func_H_0x10000ceb5,121743,True
func_H_0x10000ceb7,121862,True
func_H_0x10000cec9,121740,False
func_He_0x1000038b2,121648,True
func_He_0x1000038b4,122095,False
func_He_0x1000038b6,122399,False
func_He_0x1000038b8,122525,False
func_He_0x1000038bc,122051,True
func_He_0x1000038c2,121838,False
func_He_0x1000038c4,123043,False
func_He_0x1000038c8,122847,False
func_He_0x1000038ca,122754,False
func_He_0x1000038ce,122802,True
func_He_0x1000038d6,122800,False
func_He_0x1000038da,122658,True
func_He_0x1000038e8,121525,False
func_He_0x1000038ea,121896,False
func_He_0x1000038f2,121893,True
func_He_0x1000038f4,123099,False
func_He_0x1000038fa,122198,False
func_He_0x1000038fc,122821,True
func_He_0x1000038fe,121729,False
func_He_0x100003900,122626,False
func_He_0x10000396d,123204,True
func_He_0x10000396f,122066,False
func_He_0x1000044d0,121527,False
func_He_0x100004509,122188,True
func_He_0x100005810,123095,False
func_He_0x100005812,122088,False
func_He_0x100005871,122637,False
func_He_0x100005d1b,122046,False
func_He_0x100005ec0,122121,False
func_He_0x10000616d,123028,True
func_He_0x100006175,122493,True
func_He_0x1000061d6,123122,True
func_He_0x100006b87,121769,True
func_He_0x100006b89,122004,True
func_He_0x100008063,122116,False
func_He_0x1000080ef,122104,False
func_He_0x1000092a3,122016,False
func_He_0x1000092c5,121654,False
func_He_0x1000092c9,121401,True
func_He_0x1000092d1,121481,True
func_He_0x1000092df,123167,True
func_He_0x10000a322,122832,True
func_He_0x10000a32a,123012,True
func_He_0x10000a639,122626,True
func_He_0x10000a63b,122613,True
func_He_0x10000a65c,121506,True
func_He_0x10000a65e,121781,False
func_He_0x10000a69b,122288,True
func_He_0x10000a69d,121822,True
func_He_0x10000a6a1,122227,True
func_He_0x10000b55d,121592,False
func_He_0x10000c725,122938,False
func_He_0x10000c778,121402,True
func_He_0x10000cc60,122137,False
func_He_0x10000cf4c,122027,True
func_He_0x10000cfe0,122952,False
func_He_0x10000d045,122206,True
func_Hi_0x100004a32,122173,False
func_Hn_0x100008093,122014,False
func_Hn_0x10000b712,122174,False
func_Hn_0x10000b79d,121685,False
func_Hn_0x10000b79f,122746,True
func_Hn_0x10000b7a3,123197,False
func_Hn_0x10000b7a7,121732,True
func_Hn_0x10000b809,121502,False
func_Hn_0x10000b815,123061,True
func_Hn_0x10000b817,121719,True
func_Hn_0x10000cbd3,122707,True
func_Hr_0x100004766,122018,True
func_Ht_0x100004116,122456,False
func_Ht_0x100004136,122821,False
func_Ht_0x10000413c,121415,False
func_Ht_0x100004142,123242,False
func_Ht_0x100005e68,122824,False
func_Ht_0x100006c35,122970,True
func_Ht_0x100006c4b,122607,True
func_Ht_0x100006c61,122647,True
func_Ht_0x100006c65,122395,True
func_Ht_0x100006c97,121826,False
func_Ht_0x100006ca9,123162,False
func_Ht_0x100007398,122149,True
func_Ht_0x10000739a,122998,False
func_Ht_0x10000739e,123247,False
func_Ht_0x100008e29,122480,False
func_Ht_0x100009d18,121427,True
func_Ht_0x10000aed8,122132,False
func_Ht_0x10000aedd,123107,True
func_Ht_0x10000aee0,121753,True
func_Ht_0x10000af0c,123303,True
func_Ht_0x10000af4f,122314,True
func_Ht_0x10000af51,121922,False
func_Ht_0x10000afae,121844,False
func_Ht_0x10000afba,121649,False
func_Ht_0x10000afcf,122785,False
func_Ht_0x10000afd6,122840,True
func_Ht_0x10000afd8,122767,False
func_Ht_0x10000afda,121728,False
func_Ht_0x10000afdd,122356,False
func_Ht_0x10000afe2,121821,False
func_I_0x100000127,121562,False
func_I_0x100000129,123051,True
func_I_0x10000013d,122409,False
func_I_0x100000153,122029,True
func_I_0x1000001ba,122173,False
func_I_0x1000002a4,121541,True
func_I_0x1000002aa,122086,False
func_I_0x100003817,122282,False
func_I_0x100003a4c,122695,True
func_I_0x100003a64,122310,True
func_I_0x100003a67,121868,False
func_I_0x100003b99,122849,False
func_I_0x100003bfc,121549,True
func_I_0x100003c5e,121417,True
func_I_0x100003f41,122219,True
func_I_0x100003f77,122557,True
func_I_0x1000042a4,122349,False
func_I_0x100004b8b,121857,False
func_I_0x100004b8d,121503,False
func_I_0x100004bd4,122981,True
func_I_0x100004c68,122777,False
func_I_0x100004d03,123275,True
func_I_0x100004d0d,123234,False
func_I_0x100004d11,122706,True
func_I_0x1000056f5,122479,False
func_I_0x1000056f7,122818,True
func_I_0x100005971,122638,False
func_I_0x100005975,122854,True
func_I_0x100005990,121356,True
func_I_0x10000599a,122826,True
func_I_0x1000059e6,123084,True
func_I_0x100005f5c,121340,True
func_I_0x100005f60,121817,True
func_I_0x1000060e9,121505,False
func_I_0x1000068a9,123295,False
func_I_0x1000074c1,123172,False
func_I_0x100007574,121588,True
func_I_0x100007791,123296,False
func_I_0x100007799,121468,False
func_I_0x1000077ae,121743,False
func_I_0x1000077b6,123033,False
func_I_0x100007a07,122099,True
func_I_0x100007a61,122824,True
func_I_0x100007a63,121698,False
func_I_0x100007e1f,121962,False
func_I_0x100007e29,122509,False
func_I_0x100007e3c,122522,False
func_I_0x100007e3e,121894,True
func_I_0x1000085b1,121437,True
func_I_0x100008ae7,122429,False
func_I_0x100008ce7,121483,False
func_I_0x100008da7,122846,True
func_I_0x100008dc2,123002,False
func_I_0x100008f5d,122666,True
func_I_0x100008ffb,123300,True
func_I_0x100009118,122189,False
func_I_0x1000091c6,121338,False
func_I_0x1000091cc,122511,True
func_I_0x100009242,123046,True
func_I_0x100009244,121850,False
func_I_0x10000956b,123119,True
func_I_0x100009578,121788,True
func_I_0x100009582,121408,False
func_I_0x10000961a,122723,False
func_I_0x100009bb8,123294,False
func_I_0x100009cb6,121802,True
func_I_0x100009d04,121692,True
func_I_0x100009f9f,121819,False
func_I_0x100009fa1,121772,True
func_I_0x10000a1db,121562,True
func_I_0x10000a213,123001,False
func_I_0x10000a2ee,122775,True
func_I_0x10000a3c3,122220,True
func_I_0x10000a3cb,121409,True
func_I_0x10000a3d1,122943,False
func_I_0x10000a4d8,122832,True
func_I_0x10000a4de,121778,True
func_I_0x10000a4e0,122566,False
func_I_0x10000a843,123246,False
func_I_0x10000b24e,122075,False
func_I_0x10000b4b3,122915,True
func_I_0x10000b4b7,122353,True
func_I_0x10000b4c3,122071,False
func_I_0x10000b4d6,122590,False
func_I_0x10000b4d8,121461,False
func_I_0x10000bd45,121526,False
func_I_0x10000be0b,121802,True
func_I_0x10000bffd,122162,False
func_I_0x10000c3b4,123232,True
func_I_0x10000c48b,123073,True
func_I_0x10000c4d5,122824,False
func_I_0x10000c4d9,123082,False
func_I_0x10000c85b,121861,True
func_I_0x10000c867,122507,True
func_I_0x10000c885,123000,False
func_I_0x10000c89d,123003,False
func_I_0x10000ce3f,123034,False
func_Id_0x100004785,122516,True
func_Ie_0x10000393e,121676,False
func_Ie_0x100003f01,122275,True
func_Ie_0x100004a9b,123062,True
func_Ie_0x100004a9d,121908,False
func_Ie_0x100004a9f,122038,False
func_Ie_0x1000058fd,123226,True
func_Ie_0x1000058ff,123103,False
func_Ie_0x100005913,122986,False
func_Ie_0x100005918,121875,True
func_Ie_0x100005b89,122159,False
func_Ie_0x1000064b2,122877,True
func_Ie_0x10000709c,122972,True
func_Ie_0x100007abd,123025,True
func_Ie_0x100007ad9,121500,False
func_Ie_0x100007ae1,121435,True
func_Ie_0x100008132,122082,False
func_Ie_0x100008144,123201,True
func_Ie_0x1000098d5,121355,True
func_Ie_0x10000a009,121606,True
func_Ie_0x10000a2c2,123094,False
func_Ie_0x10000a2ce,123266,False
func_Ie_0x10000a2d0,122464,False
func_Ie_0x10000a2d4,121406,False
func_Ie_0x10000a2d6,122468,False
func_Ie_0x10000a2e0,122674,True
func_Ie_0x10000a2e2,121763,False
func_Ie_0x10000a2e4,122848,True
func_Ie_0x10000a2e8,122673,True
func_Ie_0x10000a47e,122034,True
func_Ie_0x10000a6d8,121801,False
func_Ie_0x10000ab8a,122323,False
func_Ie_0x10000ab8e,122249,True
func_Ie_0x10000ab94,121571,False
func_Ie_0x10000ae0f,122630,True
func_Ie_0x10000ae9a,122598,False
func_Ie_0x10000b53b,122628,False
func_Ie_0x10000b53d,123078,False
func_Ie_0x10000b554,122145,True
func_Ie_0x10000bbd7,123068,False
func_Ie_0x10000bbd9,122686,False
func_Ie_0x10000bdc2,122386,False
func_Ie_0x10000bde6,121799,False
func_Ie_0x10000c0e7,122147,True
func_Ie_0x10000c15a,121325,True
func_Ie_0x10000c18f,121325,False
func_Ie_0x10000c718,122534,False
func_Ie_0x10000c757,121576,True
func_Ie_0x10000cdd8,122020,True
func_Ie_0x10000cde1,122702,True
func_Ie_0x10000cdf6,122670,True
func_Ii_0x10000844c,122757,False
func_Ii_0x100008454,122249,False
func_Ii_0x100008464,122370,False
func_Ii_0x1000099d1,121452,False
func_Ii_0x1000099e4,121689,True
func_Ii_0x1000099ee,121897,True
func_Ii_0x100009a5a,122100,False
func_In_0x100005375,122238,True
func_In_0x10000537d,123124,True
func_In_0x1000053ab,122375,False
func_In_0x1000053ad,122272,True
func_In_0x1000053c7,121974,True
func_In_0x10000549b,123313,False
func_In_0x1000054a0,122356,True
func_In_0x100005503,121496,False
func_In_0x10000553a,122162,False
func_In_0x10000553c,122208,True
func_In_0x100005587,123212,True
func_In_0x1000055a3,121389,False
func_In_0x1000055ab,122928,False
func_In_0x1000055cb,121734,False
func_In_0x1000055d7,121527,False
func_In_0x1000055ee,121335,False
func_Ir_0x100008459,123106,False
func_Ir_0x10000846f,121693,True
func_Ir_0x100009a92,121888,True
func_Ir_0x100009a94,123077,True
func_Ir_0x100009a96,123315,False
func_Ir_0x100009a9a,122483,False
func_Ir_0x100009a9e,123242,True
func_Ir_0x100009aa0,122513,False
func_Ir_0x100009aa2,122770,True
func_Ir_0x100009aa4,123028,True
func_Ir_0x100009aa6,121582,True
func_Ir_0x100009aa8,121561,True
func_Ir_0x100009aaa,122733,True
func_Ir_0x100009aad,121742,True
func_Ir_0x100009ab1,123036,False
func_Ir_0x100009ab7,122563,False
func_Ir_0x100009ac3,123054,False
func_Ir_0x100009ac9,121497,False
func_Ir_0x100009acd,121783,False
func_Ir_0x100009acf,121637,False
func_Ir_0x100009adb,122694,False
func_Ir_0x100009aed,121596,False
func_Is_0x100004a4a,123143,False
func_Is_0x100004a50,121527,True
func_It_0x10000864f,121682,True
func_J_0x1000001f3,121386,True
func_J_0x100000204,122243,False
func_J_0x1000035ae,122479,False
func_J_0x1000035bd,122641,True
func_J_0x1000035c5,121933,False
func_J_0x1000035cd,122733,False
func_J_0x1000035d1,122728,False
func_J_0x1000035d5,121700,True
func_J_0x1000035d9,121901,False
func_J_0x1000035e1,121620,True
func_J_0x1000035e7,121612,False
func_J_0x1000035e9,121688,False
func_J_0x10000388c,121350,True
func_J_0x100003892,122459,False
func_J_0x10000392c,122275,False
func_J_0x100003932,121967,False
func_J_0x100003a2f,123112,False
func_J_0x100003c14,122088,False
func_J_0x10000402a,122258,True
func_J_0x100004159,122800,False
func_J_0x10000424a,122674,True
func_J_0x10000424e,123051,True
func_J_0x100004274,122821,True
func_J_0x100004282,122516,True
func_J_0x100004387,121432,False
func_J_0x10000438f,123208,True
func_J_0x100004391,122518,False
func_J_0x100004488,121825,True
func_J_0x100004a78,122114,False
func_J_0x100004abf,121832,True
func_J_0x100005788,121520,False
func_J_0x1000058cc,122241,True
func_J_0x100005c3c,121387,True
func_J_0x100005f18,123028,False
func_J_0x1000062da,122589,False
func_J_0x1000062dc,121825,True
func_J_0x1000062de,122863,False
func_J_0x100006877,122942,False
func_J_0x10000687b,121868,False
func_J_0x100006ba8,123025,True
func_J_0x100006baa,121477,True
func_J_0x100006bac,122926,False
func_J_0x100006bb8,122806,True
func_J_0x100006e27,122773,True
func_J_0x100007030,122442,True
func_J_0x100007064,122196,False
func_J_0x100007066,123084,True
func_J_0x100007071,121735,True
func_J_0x100007081,122883,True
func_J_0x10000748c,121456,True
func_J_0x10000755d,121361,False
func_J_0x10000758f,122788,True
func_J_0x10000760d,122004,False
func_J_0x1000078cc,123153,True
func_J_0x1000078e5,122667,False
func_J_0x10000831d,122602,True
func_J_0x100008fde,122550,False
func_J_0x100008ff0,122299,True
func_J_0x1000093ea,122132,True
func_J_0x1000096c0,122073,True
func_J_0x100009b15,122747,False
func_J_0x100009b1a,123000,False
func_J_0x100009c99,121947,True
func_J_0x100009dec,121767,True
func_J_0x10000a13a,122277,True
func_J_0x10000a16e,122413,False
func_J_0x10000a186,122984,False
func_J_0x10000a188,121845,False
func_J_0x10000a18e,122576,False
func_J_0x10000a483,122488,True
func_J_0x10000ac27,121796,False
func_J_0x10000acb4,121762,False
func_J_0x10000ae95,121414,False
func_J_0x10000b2fc,121896,False
func_J_0x10000b46d,122678,False
func_J_0x10000b46f,121371,True
func_J_0x10000b4e1,121481,False
func_J_0x10000b4e3,122409,True
func_J_0x10000b4ef,121507,True
func_J_0x10000b83c,122097,False
func_J_0x10000bc52,123068,False
func_J_0x10000bd7b,121759,True
func_J_0x10000be30,122190,False
func_J_0x10000be49,122327,True
func_J_0x10000bf6a,121705,False
func_J_0x10000c400,122167,True
func_J_0x10000cc17,122507,True
func_J_0x10000ce5f,121815,False
func_Je_0x100005a4c,121435,True
func_Je_0x100006649,121464,False
func_Je_0x1000067c3,122225,True
func_Je_0x10000683b,122056,True
func_Je_0x100006851,122112,True
func_Je_0x10000807f,122908,True
func_Je_0x1000080d0,122412,True
func_Je_0x1000080d2,121411,True
func_Je_0x1000080d4,121667,True
func_Je_0x1000080d8,122932,False
func_Je_0x100009d88,122662,False
func_Je_0x10000aee5,122208,False
func_Je_0x10000b31f,121685,True
func_Je_0x10000b32f,123231,True
func_Je_0x10000b342,122154,True
func_Je_0x10000b3c9,121881,False
func_Je_0x10000b3cb,122778,True
func_Je_0x10000b3d1,122999,True
func_Je_0x10000b3d3,121527,False
func_Je_0x10000b40b,121320,False
func_Je_0x10000b41c,121576,False
func_Je_0x10000c300,122093,False
func_Je_0x10000c30c,121333,True
func_Je_0x10000c922,123151,False
func_Je_0x10000c926,121459,False
func_Je_0x10000c97d,121960,True
func_Je_0x10000c993,122645,False
func_Jt_0x100004420,121889,True
func_Jt_0x100004426,121565,False
func_Jt_0x100004428,123119,False
func_Jt_0x10000447b,122033,False
func_Jt_0x1000058df,121921,False
func_Jt_0x100005d00,122948,False
func_Jt_0x100005d06,122723,False
func_Jt_0x100005df9,122929,False
func_Jt_0x100005dfb,121562,False
func_Jt_0x100005dfd,122533,True
func_Jt_0x10000613e,121729,True
func_Jt_0x1000062b7,123290,True
func_Jt_0x100006a31,122556,False
func_Jt_0x100006a33,122541,True
func_Jt_0x100006a3b,122384,True
func_Jt_0x100006a3f,122848,True
func_Jt_0x100006a43,123219,True
func_Jt_0x100006a45,121732,True
func_Jt_0x100006a47,123293,True
func_Jt_0x100006a49,122911,False
func_Jt_0x100007145,121801,False
func_Jt_0x100007147,121367,True
func_Jt_0x100007149,121912,True
func_Jt_0x10000714b,122241,True
func_Jt_0x100007151,122973,False
func_Jt_0x1000092aa,122822,False
func_Jt_0x10000acc9,122649,False
func_Jt_0x10000acd4,121870,True
func_Jt_0x10000ace2,122542,False
func_Jt_0x10000acee,121543,False
func_Jt_0x10000c17c,121781,True
func_Jt_0x10000c17e,122509,True
func_Jt_0x10000c660,123049,False
func_Jt_0x10000c684,122196,True
func_Jt_0x10000c68c,121822,False
func_Jt_0x10000c7d6,121391,False
func_Ju_0x10000844e,122974,True
func_Ju_0x10000847c,122190,False
func_Ju_0x100008482,121586,False
func_K_0x1000001f4,123281,True
func_K_0x1000001f6,123186,False
func_K_0x1000001fa,122955,False
func_K_0x100003b2f,122474,False
func_K_0x100003ed2,123293,True
func_K_0x100003ed8,122101,True
func_K_0x100003fae,121876,True
func_K_0x100003fb2,121626,True
func_K_0x100003fb4,121911,True
func_K_0x100004018,123028,False
func_K_0x10000401a,122546,True
func_K_0x10000418d,122050,True
func_K_0x100004195,121702,True
func_K_0x100004198,121385,False
func_K_0x1000041c1,122655,False
func_K_0x10000423f,122574,False
func_K_0x100004241,122692,False
func_K_0x100004a93,122232,False
func_K_0x100004ab8,123260,True
func_K_0x100005786,122992,True
func_K_0x100005789,122155,False
func_K_0x10000578d,123095,False
func_K_0x100005791,122455,False
func_K_0x100005793,121477,True
func_K_0x100005b7c,122640,False
func_K_0x100005c67,123008,False
func_K_0x100006db5,121971,True
func_K_0x100006dbb,122074,False
func_K_0x100006dbd,121355,True
func_K_0x100006de1,121476,True
func_K_0x100006de6,122770,True
func_K_0x100006de8,121787,True
func_K_0x100006dea,123068,False
func_K_0x100006df1,121907,True
func_K_0x100006f6d,121762,False
func_K_0x100006f6f,122726,True
func_K_0x100006f79,123269,True
func_K_0x100006f7b,121775,False
func_K_0x100006f7f,121393,False
func_K_0x100006f89,121685,True
func_K_0x100006fb9,121927,False
func_K_0x10000705d,121326,True
func_K_0x100007079,122878,True
func_K_0x10000740c,121870,False
func_K_0x100007412,121420,True
func_K_0x1000075f7,122162,True
func_K_0x10000773d,122317,False
func_K_0x100007741,121693,True
func_K_0x100007744,123274,False
func_K_0x1000078ce,122129,False
func_K_0x1000078d2,121565,False
func_K_0x1000078d8,122663,True
func_K_0x1000078da,123194,True
func_K_0x1000078e2,121676,False
func_K_0x100007c01,121405,False
func_K_0x100007c03,121366,True
func_K_0x100008412,123088,True
func_K_0x100008bab,123247,False
func_K_0x100008bad,122944,True
func_K_0x100008baf,121684,False
func_K_0x100008bb1,122382,True
func_K_0x100008bb3,122738,False
func_K_0x100008bbb,122552,False
func_K_0x100008bbd,122073,True
func_K_0x100008bbf,122777,False
func_K_0x100008bc1,123280,False
func_K_0x100008bc3,121995,True
func_K_0x100008bc7,122163,True
func_K_0x100008bc9,122107,True
func_K_0x100008bcf,122402,True
func_K_0x100008bd5,123197,False
func_K_0x100008bd9,122196,False
func_K_0x100008bdb,122154,True
func_K_0x100008fb4,123064,True
func_K_0x1000098c8,122498,False
func_K_0x100009b1c,122651,False
func_K_0x100009de6,121423,False
func_K_0x100009de8,122027,True
func_K_0x100009ded,123249,True
func_K_0x100009fae,122925,False
func_K_0x10000a469,123207,True
func_K_0x10000a471,122717,False
func_K_0x10000adc6,121914,True
func_K_0x10000b07f,121353,True
func_K_0x10000b08b,122522,True
func_K_0x10000b1f8,122289,True
func_K_0x10000b205,122452,False
func_K_0x10000b20d,123248,True
func_K_0x10000b20f,123048,True
func_K_0x10000b246,123032,False
func_K_0x10000b248,122210,False
func_K_0x10000b24a,122889,True
func_K_0x10000b2a8,122980,True
func_K_0x10000b2b4,122489,False
func_K_0x10000b52c,122744,True
func_K_0x10000b542,122933,True
func_K_0x10000b544,121850,True
func_K_0x10000bbc2,123014,True
func_K_0x10000bbe5,123123,True
func_K_0x10000bc4a,123183,False
func_K_0x10000bc4c,122159,True
func_K_0x10000bc7b,121818,True
func_K_0x10000bc92,121634,False
func_K_0x10000bc9f,121635,False
func_K_0x10000bcb0,123071,True
func_K_0x10000be31,122954,False
func_K_0x10000be33,122143,True
func_K_0x10000be35,123105,True
func_K_0x10000c062,123199,True
func_K_0x10000c06b,121692,False
func_K_0x10000c0fa,122126,True
func_K_0x10000c0fc,123229,False
func_K_0x10000c20a,121589,False
func_K_0x10000c3fd,122104,True
func_K_0x10000c476,122661,False
func_K_0x10000c705,122449,False
func_K_0x10000cc4e,123192,False
func_K_0x10000cd5f,122023,False
func_K_0x10000cd69,123174,True
func_K_0x10000cd6d,123261,False
func_K_0x10000cd6f,121982,False
func_K_0x10000cf23,122162,True
func_Ke_0x100004d87,122632,False
func_Ke_0x100004d9d,122498,False
func_Ke_0x100004da3,121772,False
func_Ke_0x100004da7,123207,True
func_Ke_0x100004dab,122486,False
func_Ke_0x100004db1,122979,True
func_Ke_0x100005eae,122632,True
func_Ke_0x100007379,121714,True
func_Ke_0x10000737c,122020,True
func_Ke_0x100007380,123167,False
func_Ke_0x100007382,122951,False
func_Ke_0x100007389,122795,True
func_Ke_0x100009073,122422,False
func_Ke_0x100009079,121505,True
func_Ke_0x100009095,122455,False
func_Ke_0x10000909f,122912,False
func_Ke_0x1000090a3,121876,False
func_Ke_0x1000090a5,122377,True
func_Ke_0x1000090b2,122563,True
func_Ke_0x100009481,121562,True
func_Ke_0x1000094be,122012,False
func_Ke_0x10000a621,122518,True
func_Ke_0x10000a645,121348,True
func_Ke_0x10000a649,122474,True
func_Ke_0x10000a657,122087,True
func_Ke_0x10000bfd4,122773,False
func_Ke_0x10000c627,123222,True
func_Ke_0x10000c68f,121510,True
func_Ke_0x10000c72d,122582,True
func_Ke_0x10000c7dd,122712,False
func_Ke_0x10000c7df,122123,False
func_Ke_0x10000c7e1,122235,False
func_Ke_0x10000c7e5,122983,True
func_Ke_0x10000c7e9,122700,True
func_Ke_0x10000c7f3,122045,True
func_Ke_0x10000c7f7,122607,False
func_Ke_0x10000c804,121832,True
func_Ko_0x100008518,122209,False
func_Ko_0x10000851a,122513,True
func_Ko_0x10000851e,122049,False
func_Kr_0x100000800,121724,False
func_Kr_0x100000804,121927,True
func_Kr_0x100000806,121378,True
func_Kr_0x10000080a,122155,False
func_Kr_0x10000080c,122331,False
func_Kr_0x10000080e,122646,True
func_Kr_0x100000810,123181,True
func_Kr_0x100000814,123034,False
func_Kr_0x100000816,122830,True
func_Kr_0x10000081c,122958,True
func_Kr_0x100003445,122269,False
func_Kr_0x100003455,122673,True
func_Kr_0x10000664f,122790,False
func_Kr_0x100006653,122434,False
func_Kr_0x100006668,121671,False
func_Kr_0x100009db2,122013,True
func_Kt_0x10000079f,123041,False
func_Kt_0x100006823,122279,False
func_Kt_0x100006834,122220,True
func_Kt_0x10000cb6d,122440,True
func_Ku_0x100008881,121675,True
func_L_0x100000103,123047,False
func_L_0x1000001c0,122185,False
func_L_0x100000286,123035,False
func_L_0x1000033da,122903,True
func_L_0x1000033dc,122912,True
func_L_0x100003a17,121943,False
func_L_0x100003a1d,122366,True
func_L_0x100003a1f,122093,True
func_L_0x100003adc,121328,False
func_L_0x100004258,121953,False
func_L_0x10000425a,122905,False
func_L_0x10000426f,122819,False
func_L_0x100004b65,123106,False
func_L_0x100004e06,122690,False
func_L_0x100004e0e,121653,False
func_L_0x1000056fc,122718,True
func_L_0x1000056fe,122598,False
func_L_0x10000598e,123195,True
func_L_0x100005bfd,122807,True
func_L_0x100005f24,123316,False
func_L_0x100006001,123198,False
func_L_0x100006030,121802,False
func_L_0x100006210,122210,False
func_L_0x1000064c6,121881,False
func_L_0x1000064c8,121616,True
func_L_0x100006505,122432,False
func_L_0x100006523,121336,False
func_L_0x1000074d3,121599,True
func_L_0x1000075ad,121443,False
func_L_0x100007cc6,121926,False
func_L_0x100007cd5,122416,False
func_L_0x100007e44,123037,False
func_L_0x100007e48,121433,True
func_L_0x100007f6e,122673,False
func_L_0x100008cbe,122562,False
func_L_0x100008cc0,123303,True
func_L_0x100008cf1,123202,False
func_L_0x100008d86,122547,True
func_L_0x100008d88,122047,False
func_L_0x100008d9e,122973,False
func_L_0x1000090cf,122398,True
func_L_0x1000090d3,121557,False
func_L_0x1000090df,122425,True
func_L_0x1000090e1,121768,True
func_L_0x100009150,123071,True
func_L_0x100009159,123105,False
func_L_0x100009193,121802,False
func_L_0x1000092fe,122532,False
func_L_0x100009315,122193,False
func_L_0x10000931b,122351,True
func_L_0x100009327,122055,True
func_L_0x100009509,123036,True
func_L_0x100009c16,122271,False
func_L_0x100009cd9,122227,False
func_L_0x100009f0b,121604,True
func_L_0x100009f15,123145,True
func_L_0x100009f19,122211,False
func_L_0x10000a0b5,122544,True
func_L_0x10000a110,122401,True
func_L_0x10000a115,122369,True
func_L_0x10000a1d6,121992,True
func_L_0x10000a43e,121845,False
func_L_0x10000a440,122764,True
func_L_0x10000a442,121371,True
func_L_0x10000a444,122864,False
func_L_0x10000ab3e,122605,False
func_L_0x10000ac00,121676,False
func_L_0x10000b0e1,121686,False
func_L_0x10000b102,122266,False
func_L_0x10000b105,123158,False
func_L_0x10000b1f1,123163,False
func_L_0x10000b832,121734,False
func_L_0x10000b8e5,123308,True
func_L_0x10000b8e9,121789,False
func_L_0x10000be17,121875,False
func_L_0x10000c013,121838,True
func_L_0x10000c017,122529,True
func_L_0x10000c1a2,121408,False
func_L_0x10000c1a6,121946,False
func_L_0x10000c1bf,121345,True
func_L_0x10000c4e2,122097,False
func_L_0x10000c8aa,121384,False
func_L_0x10000c8e7,122785,False
func_L_0x10000ce98,121904,False
func_L_0x10000cf3a,122189,True
func_L_0x10000cfef,121423,True
func_L_0x10000d00e,122274,False
func_Le_0x100004d84,122524,True
func_Le_0x100005dbc,122154,False
func_Le_0x100005dbf,121569,False
func_Le_0x100005dd2,122870,True
func_Le_0x100006404,122928,False
func_Le_0x100007327,123130,False
func_Le_0x100007387,122235,False
func_Le_0x1000073a3,122177,True
func_Le_0x100007b5b,122978,False
func_Le_0x100007b6e,121507,False
func_Le_0x100007b7b,123074,True
func_Le_0x100007b8c,121801,False
func_Le_0x100008e40,122175,True
func_Le_0x100008e44,122721,False
func_Le_0x100008e48,123263,False
func_Le_0x100008e4e,122198,True
func_Le_0x100008e54,122198,True
func_Le_0x100008e5c,121906,True
func_Le_0x100008e5e,122597,True
func_Le_0x100008e62,121965,True
func_Le_0x100008e64,122765,False
func_Le_0x100008e68,122753,False
func_Le_0x100008e7a,122144,True
func_Le_0x100008e7c,123120,True
func_Le_0x100008e80,121791,True
func_Le_0x100008e88,122846,False
func_Le_0x100008e8a,121381,False
func_Le_0x100008e8c,123031,False
func_Le_0x10000945d,122537,True
func_Le_0x1000094b2,121399,True
func_Le_0x1000094bf,123045,True
func_Le_0x1000094c1,122595,True
func_Le_0x10000a5fd,123306,False
func_Le_0x10000a5ff,122343,True
func_Le_0x10000a605,121400,True
func_Le_0x10000a607,122077,False
func_Le_0x10000a609,122923,True
func_Le_0x10000a614,122756,True
func_Le_0x10000a61a,123111,False
func_Le_0x10000bfe0,122325,False
func_Le_0x10000c597,123168,True
func_Li_0x10000b78e,122138,False
func_Li_0x10000b7b0,122223,True
func_Li_0x10000b7b2,121635,True
func_Li_0x10000b7b4,123288,False
func_Li_0x10000b7b8,122241,False
func_Li_0x10000b7be,123206,False
func_Li_0x10000b7c2,122265,False
func_Li_0x10000b7c6,123175,True
func_Li_0x10000b7ca,122790,False
func_Li_0x10000b7cc,122658,False
func_Li_0x10000b7ce,121985,False
func_Li_0x10000ba7f,122489,True
func_Li_0x10000bad4,122929,True
func_Li_0x10000cba5,122285,False
func_Ln_0x100005e63,122994,False
func_Ln_0x100006bd7,121388,True
func_Ln_0x10000949a,121515,False
func_Ln_0x10000c0a0,122821,False
func_Ln_0x10000c0a8,121791,False
func_Ln_0x10000c0aa,121564,True
func_Ln_0x10000c73c,121904,True
func_Ln_0x10000cc6e,123240,False
func_Ln_0x10000cc72,121661,True
func_Lr_0x100006e82,122749,True
func_Lr_0x100006e84,123187,True
func_Lr_0x100006e86,122509,False
func_Lr_0x100006e88,123141,True
func_Lr_0x100006e8c,121965,False
func_Lr_0x100006e8e,122265,True
func_Lr_0x100006e90,122742,False
func_Lr_0x100006e92,121714,False
func_Lr_0x100006e94,122383,False
func_Lr_0x100006e96,121961,True
func_Lr_0x100006ea1,123148,False
func_Lr_0x100006ee8,123114,False
func_Lr_0x100006ef6,122353,True
func_Lr_0x100006f33,122432,True
func_Lr_0x100006f35,123242,True
func_Lr_0x100006f46,122326,True
func_Lr_0x100006f58,123305,True
func_Lr_0x100006f64,122804,False
func_Lr_0x10000cb1d,122124,True
func_Lr_0x10000cbb2,122111,True
func_Lu_0x100003687,122170,True
func_M_0x1000001e7,122181,True
func_M_0x1000001eb,122181,False
func_M_0x100003573,123271,False
func_M_0x100003897,121322,False
func_M_0x10000391d,122869,False
func_M_0x100003925,123314,False
func_M_0x100003b0e,123307,False
func_M_0x100003b91,122251,False
func_M_0x100003c38,123039,True
func_M_0x10000429b,122673,False
func_M_0x100004cb5,122835,False
func_M_0x1000051fa,122396,False
func_M_0x1000051fc,123135,False
func_M_0x100005202,121456,True
func_M_0x1000057a1,123288,False
func_M_0x1000057b9,123127,True
func_M_0x1000057c3,122442,True
func_M_0x100005853,122500,False
func_M_0x100005948,123071,False
func_M_0x10000594a,121779,False
func_M_0x10000594c,122612,False
func_M_0x10000594f,122917,True
func_M_0x10000599f,121729,True
func_M_0x1000059a3,122608,True
func_M_0x1000059a5,121632,False
func_M_0x1000059a7,122363,False
func_M_0x1000059ad,121405,True
func_M_0x1000059af,121794,True
func_M_0x1000059cc,122146,True
func_M_0x100005b73,121859,False
func_M_0x100005c4a,122810,False
func_M_0x100005db3,122157,True
func_M_0x100005f35,123019,False
func_M_0x100006006,121485,False
func_M_0x100006008,122221,True
func_M_0x10000600a,122524,True
func_M_0x10000600c,121716,False
func_M_0x10000600e,122024,True
func_M_0x100006012,121859,False
func_M_0x1000061e9,122073,True
func_M_0x1000061fc,122283,False
func_M_0x10000621b,122912,True
func_M_0x10000621e,121951,False
func_M_0x10000622a,122502,True
func_M_0x10000622c,121473,True
func_M_0x10000622e,122859,True
func_M_0x100006232,123116,True
func_M_0x1000063de,123090,True
func_M_0x10000657c,122842,False
func_M_0x100006583,123140,True
func_M_0x1000065a0,123181,True
func_M_0x100006616,122189,True
func_M_0x100006876,122806,True
func_M_0x100006d6b,121763,True
func_M_0x100006e02,121780,True
func_M_0x100006e08,121893,True
func_M_0x100006e0a,121787,True
func_M_0x1000070bd,123199,False
func_M_0x1000070c7,122445,False
func_M_0x100007280,121912,True
func_M_0x100007286,121557,False
func_M_0x10000728a,122977,False
func_M_0x1000072c0,122161,True
func_M_0x1000072d1,123314,True
func_M_0x100007465,123073,True
func_M_0x100007488,122497,True
func_M_0x10000750c,122596,False
func_M_0x1000076c8,122775,True
func_M_0x1000076cd,121958,True
func_M_0x10000777f,121785,False
func_M_0x100007787,121711,True
func_M_0x100007789,122052,True
func_M_0x1000077c8,122304,True
func_M_0x100007bd6,122447,True
func_M_0x100007bd8,121461,False
func_M_0x100007bdc,122990,False
func_M_0x100007be4,122242,False
func_M_0x100007be9,121432,False
func_M_0x100007beb,121750,True
func_M_0x100007c46,122143,False
func_M_0x100007c48,122729,True
func_M_0x100007e24,121925,True
func_M_0x100007f1c,122123,True
func_M_0x100007f79,121332,True
func_M_0x1000082ce,122403,True
func_M_0x100008435,122894,True
func_M_0x100008ee8,122547,False
func_M_0x100008efe,121543,False
func_M_0x100008f3d,121648,True
func_M_0x100008f3f,122499,True
func_M_0x100008f47,122870,False
func_M_0x1000091eb,122812,True
func_M_0x1000091f1,122991,True
func_M_0x1000091f9,122351,False
func_M_0x100009383,122646,False
func_M_0x100009398,122478,True
func_M_0x10000939a,122932,True
func_M_0x10000953d,121496,True
func_M_0x10000953f,121828,False
func_M_0x100009546,123255,True
func_M_0x100009553,122556,True
func_M_0x100009675,123042,True
func_M_0x100009f27,122573,True
func_M_0x100009f29,122991,False
func_M_0x10000a2f2,122935,False
func_M_0x10000a373,122483,True
func_M_0x10000a963,122017,True
func_M_0x10000ad9e,122608,False
func_M_0x10000ada0,123277,True
func_M_0x10000ada2,123100,False
func_M_0x10000ada6,123046,True
func_M_0x10000ada8,123152,True
func_M_0x10000adaa,122438,False
func_M_0x10000aeb0,122594,False
func_M_0x10000b003,121409,True
func_M_0x10000b010,121930,True
func_M_0x10000b257,122578,True
func_M_0x10000b261,123060,True
func_M_0x10000b2d6,121622,False
func_M_0x10000b2ec,123010,False
func_M_0x10000b2ee,121913,True
func_M_0x10000b4fd,122227,True
func_M_0x10000b835,122706,True
func_M_0x10000bd6f,122784,False
func_M_0x10000bd71,123035,False
func_M_0x10000bd75,121568,False
func_M_0x10000c458,122286,False
func_M_0x10000c45b,122697,False
func_M_0x10000c6cf,122001,False
func_M_0x10000c8b1,123149,True
func_M_0x10000cc04,122123,True
func_M_0x10000cc08,122372,False
func_M_0x10000cc0c,122865,False
func_M_0x10000ce43,122780,False
func_M_0x10000cebb,122046,True
func_M_0x10000cecf,121718,False
func_Me_0x100003951,122961,True
func_Me_0x100004521,122636,False
func_Me_0x100004527,121924,True
func_Me_0x100005809,121530,False
func_Me_0x100005d13,121855,False
func_Me_0x100005d1e,121594,True
func_Me_0x100005d28,123300,False
func_Me_0x100005ebd,121701,True
func_Me_0x100006173,121584,False
func_Me_0x100006189,122769,True
func_Me_0x1000061e0,122674,False
func_Me_0x1000061e4,121718,True
func_Me_0x100006b5f,121844,False
func_Me_0x100006b63,121440,False
func_Me_0x100006b67,122338,True
func_Me_0x100006b69,122746,True
func_Me_0x100006b6f,123057,True
func_Me_0x100006b73,122915,True
func_Me_0x100006b77,122908,False
func_Me_0x100006b7b,122471,True
func_Me_0x100006b81,122067,True
func_Me_0x100006cdd,121732,False
func_Me_0x100006d08,122080,True
func_Me_0x100006d11,122558,True
func_Me_0x100006d15,121368,True
func_Me_0x100007aaa,121782,True
func_Me_0x100007aac,123268,True
func_Me_0x10000804e,122691,True
func_Me_0x100008050,122513,False
func_Me_0x100008052,121758,True
func_Me_0x100008054,121579,True
func_Me_0x1000093cf,121718,False
func_Me_0x1000093d7,121732,False
func_Me_0x10000a328,121650,False
func_Me_0x10000b0c2,121399,False
func_Me_0x10000b580,121886,False
func_Me_0x10000b589,122331,True
func_Me_0x10000c169,123166,True
func_Me_0x10000c720,123050,True
func_Me_0x10000c772,122303,True
func_Me_0x10000c774,123077,True
func_Me_0x10000ce2e,121392,True
func_Me_0x10000ce30,121354,False
func_Me_0x10000cfdf,123316,True
func_Me_0x10000cfe3,122394,False
func_Me_0x10000cfeb,122961,False
func_Mn_0x100005365,121333,True
func_Mn_0x100005367,122048,True
func_Mn_0x100005435,123133,True
func_Mn_0x10000543f,122057,False
func_Mn_0x100005469,122941,False
func_Mn_0x100005482,123257,True
func_Mn_0x1000054ae,121542,False
func_Mn_0x1000054db,121634,True
func_Mn_0x1000054e7,122495,False
func_Mn_0x100005510,121836,True
func_Mn_0x100005522,121599,False
func_Mn_0x100005533,122105,False
func_Mn_0x100005537,122275,False
func_Mr_0x100003652,122536,False
func_Mr_0x10000365a,122439,False
func_Mr_0x100003660,121939,True
func_Mr_0x100003662,121399,True
func_Mr_0x100003666,122690,True
func_Mr_0x100003668,122568,False
func_Mr_0x10000366a,121690,False
func_Mr_0x10000366e,121401,False
func_Mr_0x100003670,122676,True
func_Mr_0x100006e2f,121790,True
func_Mt_0x1000040b2,122474,True
func_Mt_0x1000040b4,121935,False
func_Mt_0x1000040bc,123008,False
func_Mt_0x1000040c0,122292,False
func_Mt_0x1000040c8,122815,True
func_Mt_0x1000040cc,121715,True
func_Mt_0x1000040ce,122846,True
func_Mt_0x1000040d0,122499,True
func_Mt_0x1000040d4,122788,True
func_Mt_0x10000411c,121671,True
func_Mt_0x100004120,122602,False
func_Mt_0x10000412a,121720,False
func_Mt_0x10000413a,121981,False
func_Mt_0x10000413e,122888,True
func_Mt_0x100004d60,123283,True
func_Mt_0x100005e65,123235,True
func_Mt_0x100005e6f,122578,False
func_Mt_0x100007b61,123239,False
func_Mt_0x100008445,122692,False
func_Mt_0x100008df3,122420,False
func_N_0x100003403,121565,True
func_N_0x100003581,122449,False
func_N_0x100003585,122784,True
func_N_0x10000358f,121838,False
func_N_0x100003597,121767,False
func_N_0x10000359f,122347,False
func_N_0x1000035ab,121547,False
func_N_0x1000037b5,122211,True
func_N_0x100003825,121974,False
func_N_0x1000038a1,123183,False
func_N_0x100003919,122278,False
func_N_0x10000392b,122988,True
func_N_0x100003bf3,121652,True
func_N_0x100003c45,122552,True
func_N_0x100004054,121763,False
func_N_0x100004058,122280,False
func_N_0x100004219,121685,False
func_N_0x100004226,122644,False
func_N_0x10000438a,123089,True
func_N_0x1000051ff,123120,True
func_N_0x10000579f,122855,True
func_N_0x1000057b7,121680,False
func_N_0x1000057ba,122183,False
func_N_0x1000057c0,122551,False
func_N_0x100005f2a,121423,True
func_N_0x100005f2d,121521,True
func_N_0x10000603c,123090,False
func_N_0x1000060e0,122036,False
func_N_0x100006230,121514,True
func_N_0x100006233,123027,False
func_N_0x100006581,121840,False
func_N_0x100006585,122478,True
func_N_0x10000659c,122482,False
func_N_0x100006fc8,122017,True
func_N_0x10000704c,123244,False
func_N_0x1000070c0,121373,True
func_N_0x100007117,123272,True
func_N_0x100007121,123223,False
func_N_0x100007271,121874,True
func_N_0x1000072da,121849,True
func_N_0x100007466,123134,True
func_N_0x100007497,121796,False
func_N_0x100007594,122666,False
func_N_0x100007598,121603,True
func_N_0x10000768e,122443,True
func_N_0x1000076e3,122630,True
func_N_0x100007bde,121707,False
func_N_0x100007c3e,122219,True
func_N_0x100007c78,121745,False
func_N_0x100007d0c,121626,False
func_N_0x100007e22,121549,False
func_N_0x100007ed0,121809,False
func_N_0x1000082e4,121323,True
func_N_0x1000082e6,121572,False
func_N_0x100008314,122581,False
func_N_0x100008320,121713,False
func_N_0x10000840a,121320,False
func_N_0x100008440,122124,True
func_N_0x100008c6d,122688,True
func_N_0x100008c6f,121472,False
func_N_0x100008c7f,121976,True
func_N_0x100008ed2,121388,False
func_N_0x100008ed4,122226,False
func_N_0x100008ed6,121777,False
func_N_0x100008eda,122637,True
func_N_0x100008edd,123117,True
func_N_0x100008ee6,122715,False
func_N_0x100008f37,123124,False
func_N_0x100008f3b,121921,True
func_N_0x100008f43,121376,True
func_N_0x100008fb7,123065,False
func_N_0x100009203,122654,True
func_N_0x100009205,122288,False
func_N_0x10000938e,122247,False
func_N_0x100009548,122620,True
func_N_0x10000954b,121855,True
func_N_0x1000096bf,121348,True
func_N_0x100009c7b,122659,False
func_N_0x100009eea,121614,False
func_N_0x100009f24,122876,False
func_N_0x10000a07a,122840,False
func_N_0x10000a07c,122743,False
func_N_0x10000a07e,122151,False
func_N_0x10000a084,121878,False
func_N_0x10000a086,122032,False
func_N_0x10000a08a,123065,True
func_N_0x10000a08e,121695,False
func_N_0x10000ac15,123254,True
func_N_0x10000ac19,122370,True
func_N_0x10000ac1b,122047,False
func_N_0x10000b0fb,122718,False
func_N_0x10000b255,122671,False
func_N_0x10000bd7a,121447,True
func_N_0x10000bd86,122246,True
func_N_0x10000be62,122757,False
func_N_0x10000be68,122654,False
func_N_0x10000bf38,122304,True
func_N_0x10000c451,121778,True
func_N_0x10000c454,122726,True
func_N_0x10000c78b,123103,True
func_N_0x10000cc15,122220,False
func_N_0x10000cd42,122586,False
func_N_0x10000cebd,121904,True
func_N_0x10000ced0,121514,False
func_Ne_0x10000395a,123145,False
func_Ne_0x100003973,121744,False
func_Ne_0x10000451b,122071,False
func_Ne_0x10000451d,121412,True
func_Ne_0x10000451f,121729,True
func_Ne_0x10000452b,122627,True
func_Ne_0x100005864,121853,True
func_Ne_0x100005caf,121554,False
func_Ne_0x100005cb7,121889,True
func_Ne_0x100005d10,123052,False
func_Ne_0x100005e19,121559,False
func_Ne_0x10000616f,122642,False
func_Ne_0x100006171,122362,False
func_Ne_0x100006181,122406,True
func_Ne_0x100006183,123180,False
func_Ne_0x100006b25,121704,True
func_Ne_0x100006b2d,122732,False
func_Ne_0x100006b83,123292,False
func_Ne_0x100006b85,121656,True
func_Ne_0x100006d01,122790,False
func_Ne_0x100006d13,122530,True
func_Ne_0x100006d3f,122195,True
func_Ne_0x100006d45,122639,False
func_Ne_0x100009256,121663,False
func_Ne_0x10000a637,123179,False
func_Ne_0x10000a63e,122463,False
func_Ne_0x10000a695,123256,False
func_Ne_0x10000a697,121549,False
func_Ne_0x10000a699,121657,False
func_Ne_0x10000a69f,121982,True
func_Ne_0x10000b58b,122154,True
func_Ne_0x10000b58f,122063,False
func_Ne_0x10000bfb4,121496,False
func_Ne_0x10000c3e6,122705,True
func_Ne_0x10000c76e,122385,True
func_Ne_0x10000c776,122533,False
func_Ne_0x10000c9d9,122843,True
func_Ne_0x10000ce6e,121490,True
func_Ne_0x10000cfcf,121521,False
func_Ni_0x10000363d,122819,False
func_Ni_0x10000376b,123016,False
func_Ni_0x10000cb05,122259,False
func_Ni_0x10000cb3a,122548,False
func_Ni_0x10000cb3e,121525,False
func_Ni_0x10000cb44,121933,True
func_Ni_0x10000cb85,122906,False
func_Ni_0x10000cb87,121473,False
func_Ni_0x10000cb9b,122983,False
func_Nn_0x10000082f,122093,False
func_Nn_0x100000831,121853,True
func_Nn_0x100000833,121412,False
func_Nn_0x100000836,123066,False
func_Nn_0x10000083a,121507,True
func_Nn_0x100005a42,121731,False
func_Nn_0x10000717c,121872,False
func_Nn_0x100007196,121622,True
func_Nn_0x1000071a6,121629,True
func_Nn_0x1000071ca,122839,True
func_Nn_0x10000720f,122488,True
func_Nn_0x100007211,121682,False
func_Nn_0x100007219,122434,True
func_Nn_0x100007237,122589,True
func_Nn_0x10000af3b,121386,False
func_Nn_0x10000b32b,121477,True
func_Nn_0x10000c0b3,123192,False
func_Nn_0x10000c0bd,123301,False
func_Nn_0x10000c0c5,121799,True
func_Nn_0x10000c389,122398,True
func_Nn_0x10000c998,122203,False
func_No_0x10000cbc3,121435,False
func_Nt_0x100004d46,122088,False
func_Nt_0x100004d4a,122643,True
func_Nt_0x100004d4e,122725,True
func_Nt_0x100007b34,123233,True
func_Nt_0x100007b37,121893,False
func_Nt_0x100007b3b,121935,True
func_Nt_0x100007b5d,123215,True
func_Nt_0x100008527,121774,False
func_Nt_0x100008df0,123292,True
func_Nt_0x100008e05,122963,True
func_Nt_0x10000949c,121408,False
func_Nt_0x10000949f,122560,False
func_Nt_0x10000b166,121696,False
func_Nt_0x10000b175,122233,True
func_Nt_0x10000b17e,121671,True
func_Nt_0x10000b1ce,122499,False
func_Nt_0x10000ca26,122677,True
func_Nt_0x10000cc6b,122873,True
func_Nu_0x100008853,122059,True
func_Nu_0x100008893,122665,False
func_Nu_0x100008968,122515,True
func_O_0x1000001e6,121443,True
func_O_0x100000220,121838,False
func_O_0x100003398,122368,False
func_O_0x100003871,122989,True
func_O_0x100003875,121510,True
func_O_0x100003883,121620,True
func_O_0x100003929,122853,False
func_O_0x100003935,121971,True
func_O_0x100003b12,121765,True
func_O_0x100003b8d,122915,True
func_O_0x100003be4,122926,True
func_O_0x100003c08,122188,True
func_O_0x100003c3e,123200,True
func_O_0x100003c50,121376,False
func_O_0x100004c23,121348,False
func_O_0x100004c33,123126,True
func_O_0x100004ca7,121359,True
func_O_0x100004cb9,122735,True
func_O_0x100004cc0,122837,True
func_O_0x100005784,122122,False
func_O_0x1000057aa,122173,True
func_O_0x1000057b0,121692,True
func_O_0x1000057b2,122327,True
func_O_0x10000584b,122964,True
func_O_0x1000059c8,122634,True
func_O_0x1000059ce,121610,True
func_O_0x1000059d0,121384,True
func_O_0x1000059d2,121856,True
func_O_0x1000059d4,121997,False
func_O_0x1000059d7,122059,True
func_O_0x100005d64,123091,False
func_O_0x100006005,121750,False
func_O_0x100006059,122671,False
func_O_0x100006061,123251,False
func_O_0x1000060df,122561,True
func_O_0x100006223,123084,True
func_O_0x1000062d5,122929,False
func_O_0x1000062e1,122991,True
func_O_0x10000650b,121937,False
func_O_0x100006614,122337,True
func_O_0x100006618,122991,True
func_O_0x100006865,122049,False
func_O_0x100006870,121951,False
func_O_0x100006d8c,121373,True
func_O_0x100006d92,122270,True
func_O_0x100006d99,122976,False
func_O_0x100006da2,121978,False
func_O_0x100006da4,122393,False
func_O_0x100006da8,121485,False
func_O_0x100006fc3,123057,True
func_O_0x100006fcd,121744,False
func_O_0x100007246,122153,False
func_O_0x10000724d,121526,False
func_O_0x10000724f,121429,False
func_O_0x1000072b1,122743,False
func_O_0x1000072b3,121474,False
func_O_0x1000072b7,122632,False
func_O_0x1000072cd,121648,False
func_O_0x1000072d6,123160,False
func_O_0x10000745d,122021,False
func_O_0x100007507,123293,False
func_O_0x10000750b,123079,False
func_O_0x100007692,122858,False
func_O_0x1000076c4,121760,True
func_O_0x1000076c6,123226,True
func_O_0x1000076db,122973,True
func_O_0x1000076e1,121321,True
func_O_0x1000078a5,122047,True
func_O_0x1000078a9,122733,True
func_O_0x1000078ad,121785,False
func_O_0x1000078b8,122343,False
func_O_0x100007a66,122694,False
func_O_0x100007b03,123207,True
func_O_0x100007b0d,121742,True
func_O_0x100007c74,122052,True
func_O_0x100007c76,123142,True
func_O_0x100007c8c,122776,False
func_O_0x100007f14,122152,True
func_O_0x100007f18,122292,False
func_O_0x100007f2a,122736,True
func_O_0x100007f30,122181,True
func_O_0x100007f37,123220,True
func_O_0x1000082c8,121366,False
func_O_0x1000082ec,121781,True
func_O_0x1000082f0,121610,False
func_O_0x1000082f2,121458,False
func_O_0x10000832f,121864,False
func_O_0x100008343,121811,False
func_O_0x1000085c0,122872,True
func_O_0x100008d3d,121856,False
func_O_0x100008da2,122420,True
func_O_0x100009019,122080,False
func_O_0x10000901f,121563,False
func_O_0x1000091ee,121882,True
func_O_0x100009644,122101,True
func_O_0x100009646,123243,False
func_O_0x10000965d,122477,False
func_O_0x100009661,121362,True
func_O_0x100009663,122019,True
func_O_0x100009f1b,121328,False
func_O_0x10000a05a,122686,False
func_O_0x10000a0b6,122795,False
func_O_0x10000a0b8,122508,True
func_O_0x10000a0ba,122379,False
func_O_0x10000a0bc,122109,True
func_O_0x10000a0c2,122911,False
func_O_0x10000a0c4,123159,False
func_O_0x10000a344,122147,True
func_O_0x10000a35d,122245,True
func_O_0x10000a39c,121341,True
func_O_0x10000a739,122034,True
func_O_0x10000a73d,123289,False
func_O_0x10000ad4c,122058,False
func_O_0x10000ad50,122496,False
func_O_0x10000ad52,122606,True
func_O_0x10000b002,121941,True
func_O_0x10000b016,121430,False
func_O_0x10000b2e5,123170,True
func_O_0x10000b42b,121638,True
func_O_0x10000b479,122423,True
func_O_0x10000b89a,123273,True
func_O_0x10000bb4f,121445,False
func_O_0x10000bf3e,121652,True
func_O_0x10000bf41,121454,True
func_O_0x10000bf46,122250,False
func_Oe_0x10000394f,121334,True
func_Oe_0x100003959,122604,False
func_Oe_0x100003961,121753,True
func_Oe_0x10000396c,122205,False
func_Oe_0x1000043a9,121577,True
func_Oe_0x1000044c5,122235,True
func_Oe_0x1000044d4,122100,False
func_Oe_0x100005808,122428,False
func_Oe_0x10000580f,122426,True
func_Oe_0x100005b8f,122035,False
func_Oe_0x100005b91,123298,True
func_Oe_0x100005cf7,121326,True
func_Oe_0x100005e03,122456,True
func_Oe_0x100005e23,122220,False
func_Oe_0x100005eb6,121561,True
func_Oe_0x100006252,123218,True
func_Oe_0x100006a08,123035,True
func_Oe_0x100006a52,121624,True
func_Oe_0x100006b43,122988,False
func_Oe_0x100006d41,122467,False
func_Oe_0x100006d47,121591,False
func_Oe_0x100006d55,123177,False
func_Oe_0x100007126,122200,True
func_Oe_0x100007132,122339,True
func_Oe_0x100007ab8,122325,False
func_Oe_0x1000093b5,121439,True
func_Oe_0x1000093b9,123294,True
func_Oe_0x1000093bd,122254,False
func_Oe_0x1000093c4,123300,False
func_Oe_0x1000093c6,122371,True
func_Oe_0x1000093c8,121942,False
func_Oe_0x1000093db,121992,True
func_Oe_0x1000093df,122491,True
func_Oe_0x10000b0ba,121667,False
func_Oe_0x10000b0c0,121791,False
func_Oe_0x10000b0c8,123213,False
func_Oe_0x10000b0d0,121596,False
func_Oe_0x10000b0d2,122528,True
func_Oe_0x10000b57f,121549,True
func_Oe_0x10000b93a,121743,False
func_Oe_0x10000c167,123052,False
func_Oe_0x10000c16d,122474,True
func_Oe_0x10000cf48,122835,True
func_Oe_0x10000cf4a,122017,True
func_Oe_0x10000cfd5,122684,False
func_Oe_0x10000cfd7,122197,True
func_Oi_0x10000081e,123066,True
func_Oi_0x10000664d,121586,False
func_Oi_0x100006662,121488,False
func_On_0x100004d70,122369,False
func_On_0x100007b3c,122627,True
func_On_0x100007b4f,122657,True
func_On_0x100008dfd,122331,False
func_On_0x100008dff,122064,False
func_On_0x100008e01,122097,False
func_On_0x100008e03,122630,True
func_On_0x100009475,121483,False
func_On_0x10000b15e,121606,False
func_On_0x10000c73b,122034,True
func_Oo_0x100004f15,121620,False
func_Oo_0x100004f17,123019,False
func_Oo_0x100004f1b,122091,False
func_Oo_0x100004f1d,123186,True
func_Oo_0x10000556e,122244,True
func_Or_0x10000505a,122292,True
func_Or_0x100005064,122084,True
func_Or_0x100005088,123185,False
func_Or_0x1000050c8,123266,True
func_Or_0x10000556d,123073,False
func_P_0x1000001c2,122423,False
func_P_0x100000222,122891,True
func_P_0x1000033d7,121952,True
func_P_0x100003402,123123,True
func_P_0x100003824,121398,False
func_P_0x10000382f,121559,True
func_P_0x10000386f,122969,False
func_P_0x100003879,123062,True
func_P_0x100003ac4,123082,False
func_P_0x100003af5,122357,True
func_P_0x100003bee,122690,True
func_P_0x100003bf6,121664,True
func_P_0x100004032,122120,True
func_P_0x100004298,122579,False
func_P_0x10000433f,121753,False
func_P_0x100004b58,122759,True
func_P_0x100004b5a,121614,True
func_P_0x100004c26,121996,True
func_P_0x100004c2e,123102,False
func_P_0x100004c47,122605,True
func_P_0x100004c4a,121991,False
func_P_0x100004c4f,122955,False
func_P_0x100004cb7,121489,False
func_P_0x100005797,122443,True
func_P_0x1000057ac,123295,True
func_P_0x1000057b6,122943,False
func_P_0x10000599e,122220,False
func_P_0x100005d66,121723,True
func_P_0x100005d68,122571,True
func_P_0x100006065,122680,True
func_P_0x100006869,121407,False
func_P_0x10000686b,122550,False
func_P_0x100006d9c,122761,False
func_P_0x100006fd1,123245,False
func_P_0x100007120,122413,False
func_P_0x10000724b,122856,True
func_P_0x100007251,121769,True
func_P_0x10000726a,122236,True
func_P_0x1000072d8,123211,True
func_P_0x10000745b,121446,False
func_P_0x100007487,122365,True
func_P_0x1000074d8,122799,True
func_P_0x10000750f,122379,True
func_P_0x1000075b0,122234,False
func_P_0x100007672,122633,True
func_P_0x100007677,122259,False
func_P_0x100007679,123064,True
func_P_0x100007683,122439,True
func_P_0x1000076e6,122937,True
func_P_0x1000076e8,121714,False
func_P_0x1000078a2,122188,False
func_P_0x1000078a7,121526,True
func_P_0x1000078ab,123052,True
func_P_0x1000078af,121832,False
func_P_0x1000078b6,122714,False
func_P_0x1000079bc,122301,True
func_P_0x1000079c0,122237,False
func_P_0x1000079c2,122649,False
func_P_0x100007a7b,122103,False
func_P_0x100007aa8,121444,False
func_P_0x100007dea,121681,True
func_P_0x1000082ee,122761,True
func_P_0x10000832b,122756,True
func_P_0x100008347,121876,False
func_P_0x10000834b,122644,False
func_P_0x1000085c2,122384,True
func_P_0x100008b6a,121340,False
func_P_0x10000900c,122479,False
func_P_0x10000901b,122257,True
func_P_0x1000091e6,122017,True
func_P_0x1000091f8,121352,False
func_P_0x10000920e,122663,True
func_P_0x100009371,121697,False
func_P_0x10000939d,122136,False
func_P_0x100009665,123298,False
func_P_0x100009ee1,122367,False
func_P_0x100009ee4,123306,True
func_P_0x10000a056,123168,False
func_P_0x10000a06f,123089,True
func_P_0x10000a0be,121833,False
func_P_0x10000a0c0,122024,True
func_P_0x10000a2ef,121780,True
func_P_0x10000a346,121478,True
func_P_0x10000a36d,121643,True
func_P_0x10000a438,121374,True
func_P_0x10000ad45,121753,True
func_P_0x10000ad47,122678,False
func_P_0x10000ad49,123096,True
func_P_0x10000ad4e,121380,False
func_P_0x10000afe6,122064,False
func_P_0x10000afe8,122024,True
func_P_0x10000b006,121469,True
func_P_0x10000b446,122356,True
func_P_0x10000b8a0,121594,True
func_P_0x10000b8a4,121873,True
func_P_0x10000bb4d,121636,True
func_P_0x10000bf75,122545,True
func_P_0x10000cd36,121679,False
func_P_0x10000cd39,121518,False
func_P_0x10000ce40,123071,True
func_Pe_0x10000079b,123255,False
func_Pe_0x1000007fb,121385,True
func_Pe_0x100000856,121454,False
func_Pe_0x100000880,121431,False
func_Pe_0x100003cce,122234,True
func_Pe_0x100003cd4,121966,True
func_Pe_0x100003cd8,121480,False
func_Pe_0x100003cde,122071,False
func_Pe_0x100003ce2,122594,True
func_Pe_0x100003ce8,122564,True
func_Pe_0x100003cea,121338,False
func_Pe_0x100003cec,122603,False
func_Pe_0x100003cf2,123290,False
func_Pe_0x100003cf6,123212,False
func_Pe_0x100003cf8,121366,False
func_Pe_0x100003d00,122349,True
func_Pe_0x100003d04,122926,False
func_Pe_0x100003d0a,121672,False
func_Pe_0x100003d0c,121570,True
func_Pe_0x100003d12,123046,False
func_Pe_0x100003d14,122179,True
func_Pe_0x100003d18,122316,False
func_Pe_0x100003d1e,123055,False
func_Pe_0x100003d20,122835,True
func_Pe_0x100003d22,123176,True
func_Pe_0x100003d26,122667,False
func_Pe_0x100003d2a,122112,True
func_Pe_0x100003d2c,123115,True
func_Pe_0x100003d2e,122896,False
func_Pe_0x100003d32,121579,False
func_Pe_0x100003d38,121693,False
func_Pe_0x100003d3a,121778,True
func_Pe_0x100003d3e,123194,False
func_Pe_0x100003d40,121579,True
func_Pe_0x100003d42,121741,True
func_Pe_0x100003d4a,122543,False
func_Pe_0x100003d4c,123054,True
func_Pe_0x100003d4e,123175,False
func_Pe_0x100003d52,122087,True
func_Pe_0x100003d56,122160,True
func_Pe_0x100003d58,122612,False
func_Pe_0x100005a21,122950,True
func_Pe_0x100005a23,123246,True
func_Pe_0x100005a29,121715,True
func_Pe_0x100005a31,121883,True
func_Pe_0x100005a33,122103,True
func_Pe_0x100005a39,122423,False
func_Pe_0x100005a3d,123222,True
func_Pe_0x100005a4f,122565,True
func_Pe_0x100005a59,123261,False
func_Pe_0x100005a5b,122015,True
func_Pe_0x100005a5d,121422,True
func_Pe_0x100005a67,121915,False
func_Pe_0x100005a6b,122283,False
func_Pe_0x100005a6f,122102,False
func_Pe_0x100005a73,122275,True
func_Pe_0x100005a75,122417,True
func_Pe_0x100005a77,123043,False
func_Pe_0x100005a79,122819,False
func_Pe_0x100005a7d,121826,True
func_Pe_0x10000807c,121569,True
func_Pe_0x10000a777,122154,False
func_Pe_0x10000a779,122983,False
func_Pe_0x10000a77b,122396,False
func_Pe_0x10000a77d,122510,False
func_Pe_0x10000a77f,122436,False
func_Pe_0x10000a781,121633,False
func_Pe_0x10000a785,123088,True
func_Pe_0x10000a787,122960,True
func_Pe_0x10000a78b,121762,True
func_Pe_0x10000a78f,122769,True
func_Pe_0x10000a797,121421,True
func_Pe_0x10000a799,122132,False
func_Pe_0x10000a79d,121958,True
func_Pe_0x10000a7a1,122327,False
func_Pe_0x10000a7ad,122801,True
func_Pe_0x10000a7b3,122775,True
func_Pe_0x10000af0e,121815,False
func_Pe_0x10000af2e,122233,False
func_Pe_0x10000af58,121781,False
func_Pe_0x10000af5a,122854,False
func_Pe_0x10000af61,123014,True
func_Pe_0x10000af63,122222,False
func_Pi_0x100005319,122489,True
func_Pi_0x100005324,123053,False
func_Pi_0x100005392,121329,False
func_Pi_0x100005398,122521,True
func_Pi_0x10000539b,122679,True
func_Pi_0x100005514,121343,True
func_Pi_0x10000551a,121940,True
func_Pi_0x10000553e,123291,True
func_Pi_0x1000055b9,123239,False
func_Pi_0x1000055bb,122193,False
func_Pi_0x1000055f8,121845,False
func_Pn_0x100008652,123252,True
func_Pn_0x1000086fb,122068,False
func_Pn_0x1000086fd,121855,False
func_Pn_0x100008702,122895,False
func_Pn_0x1000087bf,121490,True
func_Pn_0x1000087c9,123036,True
func_Pn_0x1000087f3,121543,False
func_Pn_0x100008838,122536,False
func_Pn_0x10000888f,123099,True
func_Po_0x1000036bc,123029,True
func_Po_0x1000036be,123077,True
func_Pr_0x100006ea3,122741,True
func_Pr_0x100006ef8,121325,False
func_Pr_0x100006f04,123286,False
func_Pr_0x100006f27,121451,True
func_Pr_0x100006f4e,122243,True
func_Pr_0x100006f56,121555,True
func_Pr_0x100006f60,122498,True
func_Pr_0x10000cb22,122515,True
func_Pr_0x10000cb2a,121739,True
func_Pr_0x10000cb30,121723,False
func_Pr_0x10000cb61,122347,True
func_Pr_0x10000cb67,121732,False
func_Pr_0x10000cbb3,121999,True
func_Pr_0x10000cbb5,122435,True
func_Pr_0x10000cbb9,121442,False
func_Pr_0x10000cbbb,122877,False
func_Q0_0x100004f0d,122069,False
func_Q0_0x100004f19,122718,True
func_Q_0x100000106,121787,True
func_Q_0x100000108,122305,False
func_Q_0x10000010a,122695,False
func_Q_0x100000110,122172,False
func_Q_0x1000033df,121943,False
func_Q_0x1000033e1,122182,False
func_Q_0x100003406,122301,True
func_Q_0x100003818,123057,False
func_Q_0x10000381a,122099,True
func_Q_0x10000381c,123185,False
func_Q_0x100003820,122857,False
func_Q_0x10000382e,122850,False
func_Q_0x10000386e,122825,False
func_Q_0x100003c0a,121358,True
func_Q_0x10000426d,121919,False
func_Q_0x100004271,123140,False
func_Q_0x1000042ad,122025,True
func_Q_0x1000042c0,122365,False
func_Q_0x1000043c7,122531,True
func_Q_0x100004b6a,122146,True
func_Q_0x100004b6c,121505,True
func_Q_0x100004b6e,121954,True
func_Q_0x100004b74,121654,False
func_Q_0x1000051ef,122754,True
func_Q_0x1000056ff,122393,True
func_Q_0x100005c47,122523,False
func_Q_0x100006034,122666,True
func_Q_0x100006038,122159,True
func_Q_0x10000603a,122334,True
func_Q_0x1000061f3,122655,False
func_Q_0x10000657e,123024,False
func_Q_0x10000661c,122970,False
func_Q_0x100006b8f,122211,False
func_Q_0x10000701e,121426,True
func_Q_0x100007551,123246,True
func_Q_0x100007696,122128,False
func_Q_0x10000769b,122772,False
func_Q_0x100007c3b,122023,True
func_Q_0x100007cde,121338,False
func_Q_0x100007ce4,121481,True
func_Q_0x100007cf0,123040,False
func_Q_0x100007cf2,122842,False
func_Q_0x100007de8,121382,True
func_Q_0x100007e5d,121339,False
func_Q_0x100007e60,122302,False
func_Q_0x100007e95,121563,True
func_Q_0x100007e99,122887,False
func_Q_0x100008250,122696,True
func_Q_0x100008292,121741,False
func_Q_0x1000082d1,121819,True
func_Q_0x100008605,121361,True
func_Q_0x10000861f,122675,True
func_Q_0x100008a1a,122976,False
func_Q_0x100008c0a,121453,False
func_Q_0x100009023,123274,True
func_Q_0x100009105,122270,True
func_Q_0x100009116,121838,False
func_Q_0x1000091dd,121390,False
func_Q_0x1000092f4,121835,True
func_Q_0x1000092f6,121709,True
func_Q_0x1000092f8,122798,True
func_Q_0x1000092fa,121747,True
func_Q_0x100009321,122628,False
func_Q_0x100009505,123059,False
func_Q_0x100009507,122895,False
func_Q_0x10000950d,121514,False
func_Q_0x1000097a9,121829,False
func_Q_0x100009c0c,122039,False
func_Q_0x100009c18,122471,True
func_Q_0x100009cbe,123236,True
func_Q_0x100009e71,121342,True
func_Q_0x100009e73,122977,True
func_Q_0x100009e77,122348,True
func_Q_0x100009f0f,123041,True
func_Q_0x100009f17,121988,False
func_Q_0x10000a04b,122692,False
func_Q_0x10000a136,123242,True
func_Q_0x10000a361,121836,False
func_Q_0x10000a363,122368,False
func_Q_0x10000a36f,122511,False
func_Q_0x10000a37b,121474,True
func_Q_0x10000a448,122342,False
func_Q_0x10000a73f,122173,True
func_Q_0x10000ab3c,122467,False
func_Q_0x10000abfe,122266,False
func_Q_0x10000ad76,122304,False
func_Q_0x10000b128,122006,False
func_Q_0x10000b2f4,121647,False
func_Q_0x10000b2f6,122357,False
func_Q_0x10000b42e,122993,True
func_Q_0x10000b461,123103,True
func_Q_0x10000b473,123299,False
func_Q_0x10000b475,122840,False
func_Q_0x10000bd2d,122365,True
func_Q_0x10000bd6c,122325,True
func_Q_0x10000be0c,122164,True
func_Q_0x10000be2e,122072,False
func_Q_0x10000be41,121496,True
func_Q_0x10000c00d,122008,False
func_Q_0x10000c015,123145,False
func_Q_0x10000c1a0,123104,False
func_Q_0x10000c85e,122024,False
func_Q_0x10000c860,122759,False
func_Q_0x10000c862,122639,False
func_Q_0x10000c88e,122296,True
func_Q_0x10000c8b6,121704,False
func_Q_0x10000c8de,123010,True
func_Q_0x10000cd0b,122748,True
func_Q_0x10000cd3b,123148,False
func_Q_0x10000d009,122271,False
func_Qe_0x100003954,122848,True
func_Qe_0x100003962,121450,False
func_Qe_0x10000450e,122532,True
func_Qe_0x10000452c,121675,True
func_Qe_0x100005cfb,122889,True
func_Qe_0x100005d14,123274,True
func_Qe_0x100005d1f,122496,False
func_Qe_0x100005d2b,121497,False
func_Qe_0x100005ddf,121816,False
func_Qe_0x100005df0,121844,False
func_Qe_0x100005e13,122166,False
func_Qe_0x100005e1c,122335,False
func_Qe_0x100005e1e,123051,True
func_Qe_0x100006177,121946,True
func_Qe_0x10000618f,121535,True
func_Qe_0x1000061d9,122531,False
func_Qe_0x100006b23,121445,False
func_Qe_0x100007918,122539,True
func_Qe_0x10000791c,121367,False
func_Qe_0x10000791e,122891,True
func_Qe_0x100007924,123114,True
func_Qe_0x100007934,122535,False
func_Qe_0x100007987,123264,True
func_Qe_0x10000804a,122018,True
func_Qe_0x1000080e4,123025,False
func_Qe_0x1000080e8,122448,True
func_Qe_0x1000092bd,122521,True
func_Qe_0x1000092cd,122614,True
func_Qe_0x1000092d9,121685,False
func_Qe_0x1000092db,121535,True
func_Qe_0x1000093c1,121516,True
func_Qe_0x100009904,122251,True
func_Qe_0x10000a74a,122126,False
func_Qe_0x10000a754,122458,False
func_Qe_0x10000a756,123075,False
func_Qe_0x10000a75a,122336,False
func_Qe_0x10000a764,123028,True
func_Qe_0x10000a766,121493,False
func_Qe_0x10000b55f,122293,True
func_Qe_0x10000c171,121877,True
func_Qe_0x10000c9da,122180,True
func_Qe_0x10000c9de,122576,False
func_Qe_0x10000ca07,122030,True
func_Qe_0x10000ca0b,122028,True
func_Qe_0x10000ca31,123012,True
func_Qe_0x10000cfe5,121794,False
func_Qe_0x10000d043,121467,True
func_Qi_0x10000cb4d,122067,True
func_Qi_0x10000cb51,122134,False
func_Qn_0x10000060a,122510,True
func_Qn_0x100000847,122036,True
func_Qn_0x100000849,121940,False
func_Qn_0x10000084d,122460,False
func_Qn_0x100000852,123055,True
func_Qn_0x100000865,122844,True
func_Qn_0x10000086a,121426,True
func_Qn_0x10000087c,123072,True
func_Qn_0x100006777,122024,False
func_Qn_0x100006779,121703,False
func_Qn_0x10000677b,122096,True
func_Qn_0x10000677d,122025,False
func_Qn_0x10000677f,122728,False
func_Qn_0x100006781,121488,False
func_Qn_0x100006783,121837,True
func_Qn_0x100006785,121606,False
func_Qn_0x100006789,122004,True
func_Qn_0x10000678d,122143,False
func_Qn_0x10000678f,121869,True
func_Qn_0x100006793,121556,True
func_Qn_0x100006795,122095,False
func_Qn_0x100006799,122249,True
func_Qn_0x10000679b,122980,True
func_Qn_0x1000067a1,121467,False
func_Qn_0x1000067a5,121918,True
func_Qn_0x1000067a7,121517,True
func_Qn_0x1000067a9,122858,True
func_Qn_0x1000067ad,122127,False
func_Qn_0x1000067bb,121956,True
func_Qn_0x1000067bd,121909,True
func_Qn_0x1000067bf,123273,True
func_Qn_0x10000683f,122991,False
func_Qn_0x100006841,121341,False
func_Qn_0x100006845,122383,True
func_Qn_0x100006847,121817,False
func_Qn_0x100006849,121348,True
func_Qn_0x10000684f,122980,True
func_Qn_0x100006857,122896,False
func_Qn_0x10000685f,122336,False
func_Qn_0x10000af68,123056,True
func_Qn_0x10000afb1,122429,True
func_Qo_0x10000851c,121388,False
func_Qt_0x100005045,122346,True
func_Qt_0x10000504f,122527,True
func_Qt_0x100005053,121768,True
func_Qt_0x100005074,121748,False
func_Qt_0x10000508c,123111,True
func_Qt_0x100005092,122034,False
func_Qt_0x1000050a0,121589,True
func_Qt_0x1000050a4,122905,True
func_Qt_0x1000050aa,123187,True
func_Qt_0x1000050ac,121531,False
func_Qt_0x1000050b0,122509,False
func_Qt_0x1000050c2,121875,False
func_Qt_0x1000050cc,122432,True
func_Qt_0x1000050da,122138,False
func_Qt_0x1000050e4,122387,False
func_Qt_0x1000050ea,122449,True
func_Qt_0x1000050ee,122340,False
func_Qt_0x1000050f2,121337,True
func_Qt_0x1000050f6,122241,True
func_Qt_0x10000510e,122806,False
func_Qt_0x100005114,122452,False
func_Qt_0x10000511a,121535,False
func_Qt_0x100005138,121485,False
func_Qt_0x100005175,122233,False
func_Qt_0x100005179,121985,False
func_Qt_0x10000517f,123023,False
func_Qt_0x100005181,122495,False
func_Qt_0x100005567,122375,False
func_Qu_0x10000cbc0,122423,True
func_R0_0x10000494c,121894,False
func_R_0x1000001e9,123134,False
func_R_0x1000001ed,121894,True
func_R_0x1000001ef,121367,True
func_R_0x100003891,121454,False
func_R_0x100003926,122839,True
func_R_0x100003a21,121489,False
func_R_0x100003bf1,121962,True
func_R_0x100003c3b,122744,True
func_R_0x100003c3f,122293,True
func_R_0x100003c4a,121461,False
func_R_0x100004150,122124,True
func_R_0x10000421b,121886,True
func_R_0x100004299,121412,False
func_R_0x10000436b,122827,True
func_R_0x1000043f5,122578,False
func_R_0x100005781,122729,True
func_R_0x10000579b,122117,False
func_R_0x10000579d,122965,False
func_R_0x1000057a6,122922,True
func_R_0x1000057c5,121980,False
func_R_0x1000057c7,122727,True
func_R_0x100005859,123022,False
func_R_0x10000591c,121847,True
func_R_0x1000059a1,122525,False
func_R_0x1000059a9,122086,False
func_R_0x1000059ab,121679,True
func_R_0x100005c48,122484,True
func_R_0x100005c4d,122796,True
func_R_0x100005c53,122199,True
func_R_0x100006010,122024,True
func_R_0x10000605b,122713,False
func_R_0x1000061eb,122818,True
func_R_0x1000061f1,123157,True
func_R_0x1000061f4,123284,False
func_R_0x1000061f8,123087,True
func_R_0x1000061fa,122663,False
func_R_0x100006224,122129,True
func_R_0x100006226,121707,True
func_R_0x100006228,123250,False
func_R_0x10000657f,122208,True
func_R_0x1000069b1,121792,False
func_R_0x100006bb5,123095,False
func_R_0x100006d90,122835,False
func_R_0x100006e0e,122947,False
func_R_0x100006e26,121853,False
func_R_0x100007076,123176,True
func_R_0x100007284,123073,False
func_R_0x100007288,121961,False
func_R_0x100007461,122420,False
func_R_0x100007589,122583,False
func_R_0x10000758b,122914,False
func_R_0x100007596,121591,False
func_R_0x100007be0,122825,False
func_R_0x100007be2,121415,False
func_R_0x100007c42,121373,True
func_R_0x100007c44,121970,False
func_R_0x100007eba,121472,False
func_R_0x100007ebc,122352,False
func_R_0x100007ec1,123316,True
func_R_0x100007ec3,121328,True
func_R_0x100007ec7,121383,True
func_R_0x100007f25,121388,True
func_R_0x1000082c9,121530,True
func_R_0x1000082cb,122698,False
func_R_0x100008330,121418,False
func_R_0x100008408,122200,False
func_R_0x100008419,121854,True
func_R_0x10000842f,122201,False
func_R_0x100008e94,121445,False
func_R_0x100008eca,121576,False
func_R_0x100008ecc,122753,False
func_R_0x100008ee3,122455,True
func_R_0x100008f35,122766,True
func_R_0x100008f41,122983,True
func_R_0x1000091e9,122347,False
func_R_0x1000091ef,123040,True
func_R_0x1000091f3,122957,False
func_R_0x10000937f,121860,False
func_R_0x100009381,122467,False
func_R_0x100009385,122789,True
func_R_0x100009387,123081,False
func_R_0x100009389,122092,True
func_R_0x100009390,121985,True
func_R_0x100009394,122102,False
func_R_0x100009396,122084,False
func_R_0x100009532,122272,False
func_R_0x100009535,122296,True
func_R_0x10000953b,123299,False
func_R_0x100009541,122077,False
func_R_0x10000967f,121818,True
func_R_0x100009ee5,122893,True
func_R_0x100009ee8,123088,True
func_R_0x10000a080,121798,False
func_R_0x10000ac3b,121789,False
func_R_0x10000adcd,122556,False
func_R_0x10000aead,122498,True
func_R_0x10000b018,122623,False
func_R_0x10000b08f,122184,True
func_R_0x10000b259,121568,True
func_R_0x10000b25b,122781,True
func_R_0x10000b25d,121741,False
func_R_0x10000b25f,123304,False
func_R_0x10000b263,122638,True
func_R_0x10000b2f8,121684,True
func_R_0x10000b841,121685,False
func_R_0x10000b86e,122904,True
func_R_0x10000bd6d,122155,False
func_R_0x10000bd73,121506,True
func_R_0x10000be66,121655,False
func_R_0x10000be6a,121841,False
func_R_0x10000cc06,123297,False
func_R_0x10000cc0e,122047,False
func_R_0x10000cc11,122961,False
func_R_0x10000cc13,122059,True
func_R_0x10000ce41,123000,True
func_R_0x10000ce45,122194,False
func_R_0x10000ce93,122555,False
func_R_0x10000cec6,122746,True
func_R_0x10000cecb,121763,True
func_R_0x10000cff1,123032,True
func_Re_0x100004519,122192,False
func_Re_0x1000057ed,122818,True
func_Re_0x100005873,122186,False
func_Re_0x100005ca3,122466,True
func_Re_0x100005d0c,122765,True
func_Re_0x100005d34,123249,False
func_Re_0x100005e05,121462,True
func_Re_0x100005ebe,121958,True
func_Re_0x100005ec2,121659,True
func_Re_0x1000061e1,121913,True
func_Re_0x1000069f1,121924,True
func_Re_0x100006b2b,122442,False
func_Re_0x100006b31,122273,False
func_Re_0x100006d04,122506,False
func_Re_0x100006d49,122867,True
func_Re_0x100008047,123177,False
func_Re_0x1000092c7,123111,True
func_Re_0x10000a324,122797,True
func_Re_0x10000a5f2,122458,True
func_Re_0x10000a5f4,121995,True
func_Re_0x10000a5f6,122636,False
func_Re_0x10000a743,121668,False
func_Re_0x10000b0da,122421,False
func_Re_0x10000c770,122730,True
func_Re_0x10000cc5e,121388,True
func_Re_0x10000cc64,123059,True
func_Re_0x10000cf56,121492,True
func_Re_0x10000cfaa,121970,False
func_Re_0x10000cfc3,122080,False
func_Re_0x10000d01e,122023,True
func_Ri_0x100000826,123247,True
func_Ri_0x100006666,121339,False
func_Rn_0x100004748,122947,False
func_Rn_0x100004772,123238,False
func_Rn_0x100004776,121511,False
func_Rn_0x10000477a,121524,True
func_Rn_0x1000047d2,123214,False
func_Rn_0x100004840,121924,False
func_Rn_0x1000049c6,121832,False
func_Rn_0x1000049e1,123184,False
func_Rn_0x100004a5a,122094,True
func_Rn_0x100004a5c,122490,True
func_Ro_0x100004f29,122951,True
func_Rr_0x100003616,123205,True
func_Rr_0x100003676,122334,True
func_Rr_0x100006e32,121597,False
func_Rt_0x10000534a,121969,False
func_Rt_0x100005353,122761,True
func_Rt_0x100005358,122719,False
func_Rt_0x100005377,122788,False
func_Rt_0x100005381,123046,False
func_Rt_0x100005385,122354,False
func_Rt_0x100005389,121485,True
func_Rt_0x10000538d,122239,False
func_Rt_0x1000053a0,121485,True
func_Rt_0x1000053bc,121572,True
func_Rt_0x1000053cf,122290,False
func_Rt_0x1000053d1,121977,False
func_Rt_0x1000053df,121578,True
func_Rt_0x1000053e1,122684,False
func_Rt_0x1000053e3,122280,True
func_Rt_0x1000053e7,123010,True
func_Rt_0x1000053e9,122803,True
func_Rt_0x1000053eb,122503,False
func_Rt_0x1000053ef,123120,False
func_Rt_0x1000053f1,121855,True
func_Rt_0x1000053f5,122530,False
func_Rt_0x1000053f9,121682,False
func_Rt_0x100005441,123271,False
func_Rt_0x100005447,122513,False
func_Rt_0x10000544b,121947,False
func_Rt_0x100005463,121768,False
func_Rt_0x100005465,121554,True
func_Rt_0x100005467,123161,True
func_Rt_0x10000546b,122858,False
func_Rt_0x100005471,123070,False
func_Rt_0x100005475,121759,False
func_Rt_0x100005477,121676,False
func_Rt_0x10000547b,121419,False
func_Rt_0x100005484,122245,False
func_Rt_0x100005486,122398,True
func_Rt_0x1000054a6,122891,False
func_Rt_0x1000054b5,121562,True
func_Rt_0x1000054b7,123254,True
func_Rt_0x1000054bb,121618,False
func_Rt_0x1000054c9,122316,True
func_Rt_0x1000054d4,121704,False
func_Rt_0x1000054d7,121609,False
func_Rt_0x1000054d9,121455,True
func_Rt_0x100005557,123173,True
func_Rt_0x10000555b,122614,False
func_Rt_0x10000557e,122426,True
func_Rt_0x100005580,122605,True
func_Rt_0x1000055a0,122701,True
func_Rt_0x1000055a5,121645,False
func_Rt_0x1000055ad,122717,False
func_Rt_0x1000055fb,123120,True
func_Ru_0x100003689,122433,True
func_Ru_0x100003691,122267,True
func_Ru_0x100003697,123229,True
func_Ru_0x100003699,121678,True
func_Ru_0x10000369b,121403,True
func_Ru_0x10000369d,122247,False
func_Ru_0x1000036a1,122560,False
func_Ru_0x1000036a9,121784,False
func_Ru_0x1000036b0,122051,False
func_Ru_0x10000849e,122892,True
func_Ru_0x100008517,122002,True
func_S_0x1000002d8,123049,True
func_S_0x10000099a,123071,False
func_S_0x10000383e,122670,True
func_S_0x10000393d,121867,True
func_S_0x100003aed,123163,False
func_S_0x100003bd7,121954,False
func_S_0x100003c2e,122682,True
func_S_0x100003c30,123100,True
func_S_0x100003c32,122182,False
func_S_0x100003c87,121360,True
func_S_0x100003d61,121935,False
func_S_0x100003d76,123298,False
func_S_0x100003dac,123119,True
func_S_0x100003e77,122891,True
func_S_0x100004210,121616,True
func_S_0x100004215,123166,False
func_S_0x10000426b,122046,False
func_S_0x1000042a2,122065,False
func_S_0x100004324,123025,True
func_S_0x100004326,122853,True
func_S_0x100004b1b,121667,True
func_S_0x100004bb3,121993,True
func_S_0x100004bbd,121482,True
func_S_0x100004bf2,121820,False
func_S_0x100004bf4,122257,False
func_S_0x100004bfa,123202,False
func_S_0x100004c71,123250,True
func_S_0x100004c75,121987,True
func_S_0x100004c7d,122679,False
func_S_0x100004c7f,121531,True
func_S_0x100004cc4,122925,True
func_S_0x100004cee,122535,True
func_S_0x100004cf1,123058,True
func_S_0x100004d27,122713,True
func_S_0x100004d35,122573,True
func_S_0x100004df4,122344,True
func_S_0x1000051d3,121655,True
func_S_0x100005629,123122,False
func_S_0x1000056d4,121680,True
func_S_0x1000056da,122228,True
func_S_0x100005946,123222,False
func_S_0x1000059f4,122978,True
func_S_0x100005b45,122368,False
func_S_0x100005fbc,121999,True
func_S_0x100005fc8,122195,False
func_S_0x100005fdb,122414,False
func_S_0x1000060dd,122137,True
func_S_0x100006504,122888,False
func_S_0x100006716,122566,False
func_S_0x1000069a1,123004,False
func_S_0x1000069aa,122929,False
func_S_0x1000069ae,122318,False
func_S_0x10000741f,122335,True
func_S_0x100007439,121509,True
func_S_0x10000744d,123126,True
func_S_0x100007476,122179,True
func_S_0x10000751b,123142,False
func_S_0x10000789c,122049,True
func_S_0x10000799e,122838,True
func_S_0x1000079f9,123028,True
func_S_0x100007aa0,122284,True
func_S_0x100007d6b,121900,True
func_S_0x100007dcc,122097,True
func_S_0x100007e91,122994,True
func_S_0x100007f47,121471,True
func_S_0x10000823d,122500,True
func_S_0x100008585,122714,True
func_S_0x1000085ab,121353,False
func_S_0x100008604,123284,True
func_S_0x1000089a0,121896,False
func_S_0x100008a97,122309,True
func_S_0x100008b5c,123159,True
func_S_0x100008c0f,122811,False
func_S_0x100008c11,121872,True
func_S_0x100008cb4,123124,False
func_S_0x100008d00,122583,False
func_S_0x100008d2c,122776,False
func_S_0x100008d30,122760,False
func_S_0x100008d6d,122612,True
func_S_0x100008d72,121934,False
func_S_0x100008db9,122075,False
func_S_0x1000090ee,121953,False
func_S_0x100009112,121640,False
func_S_0x1000091b9,121556,True
func_S_0x1000091bd,122473,True
func_S_0x1000091bf,122314,True
func_S_0x1000091c2,121601,True
func_S_0x100009362,121811,False
func_S_0x10000963c,121637,False
func_S_0x10000985c,121884,False
func_S_0x100009af2,121417,True
func_S_0x100009c05,122168,True
func_S_0x100009d13,121330,True
func_S_0x100009d15,122472,True
func_S_0x10000a034,123009,True
func_S_0x10000a03c,122373,True
func_S_0x10000a0de,122942,False
func_S_0x10000a5a4,122508,True
func_S_0x10000a703,122300,False
func_S_0x10000a7de,122037,False
func_S_0x10000a803,123089,True
func_S_0x10000a805,122783,True
func_S_0x10000a86d,121384,False
func_S_0x10000a877,122365,True
func_S_0x10000a889,122004,True
func_S_0x10000a88b,121452,True
func_S_0x10000a89c,122467,True
func_S_0x10000a8ad,122590,True
func_S_0x10000a8af,121931,False
func_S_0x10000a8c5,123051,False
func_S_0x10000a8e0,121862,True
func_S_0x10000a8e2,122127,False
func_S_0x10000a8e4,122523,True
func_S_0x10000a8ea,122733,True
func_S_0x10000a8f4,122035,False
func_S_0x10000a90e,122493,True
func_S_0x10000a917,122354,True
func_S_0x10000a919,122965,False
func_S_0x10000a920,122342,True
func_S_0x10000a92a,123110,True
func_S_0x10000a93d,122041,True
func_S_0x10000a93f,121923,True
func_S_0x10000a974,122652,False
func_S_0x10000a987,122300,False
func_S_0x10000a992,121367,False
func_S_0x10000a99c,122550,False
func_S_0x10000a99e,122667,True
func_S_0x10000a9a6,121384,True
func_S_0x10000a9ba,123076,True
func_S_0x10000a9ce,122224,False
func_S_0x10000a9d0,121376,False
func_S_0x10000a9d2,121449,False
func_S_0x10000aa01,123228,False
func_S_0x10000aa1a,123048,False
func_S_0x10000aa3d,122687,True
func_S_0x10000aa46,123212,True
func_S_0x10000aa5a,121485,True
func_S_0x10000aad1,122846,True
func_S_0x10000ab85,122499,False
func_S_0x10000ad6d,121798,False
func_S_0x10000ad8b,122648,False
func_S_0x10000b03c,123185,False
func_S_0x10000b0e0,123026,False
func_S_0x10000bc0b,122727,False
func_S_0x10000bc11,122921,True
func_S_0x10000bc18,122203,False
func_S_0x10000be51,121543,False
func_S_0x10000c102,122890,True
func_S_0x10000c106,122770,False
func_S_0x10000c108,122191,False
func_S_0x10000c1e1,121979,False
func_S_0x10000c27a,121811,False
func_S_0x10000c426,122997,True
func_S_0x10000c89a,121318,True
func_S_0x10000c8a9,121387,True
func_S_0x10000cead,122381,True
func_Se_0x100003fc2,121710,True
func_Se_0x100003fd9,122476,True
func_Se_0x100004375,122842,True
func_Se_0x100004aa6,123209,False
func_Se_0x100004e86,121612,True
func_Se_0x100004e88,121706,True
func_Se_0x100004e8a,122522,False
func_Se_0x100004e90,121950,True
func_Se_0x100004e9d,122293,False
func_Se_0x10000588e,123055,False
func_Se_0x100005892,123159,True
func_Se_0x10000589d,122837,True
func_Se_0x100005ba6,122738,True
func_Se_0x100005ba8,122085,False
func_Se_0x1000063e5,121508,False
func_Se_0x1000064a8,121749,False
func_Se_0x1000064ac,122963,False
func_Se_0x100007022,121987,True
func_Se_0x10000707a,122235,False
func_Se_0x100007083,122643,False
func_Se_0x1000073e3,123238,False
func_Se_0x1000073e5,122522,True
func_Se_0x1000073e7,122839,False
func_Se_0x1000073eb,121853,False
func_Se_0x1000073ed,121737,False
func_Se_0x1000075fa,122570,True
func_Se_0x100007600,121542,True
func_Se_0x100007604,121869,False
func_Se_0x100007650,122325,True
func_Se_0x100007654,122936,True
func_Se_0x100007656,122083,False
func_Se_0x100007a29,123029,True
func_Se_0x100007a35,121936,False
func_Se_0x100007b33,121481,True
func_Se_0x100008fdf,122879,True
func_Se_0x100009837,123084,True
func_Se_0x100009b0b,123310,False
func_Se_0x100009cad,122059,False
func_Se_0x10000a026,122522,False
func_Se_0x10000a475,122343,True
func_Se_0x10000a6ce,121914,True
func_Se_0x10000a6d0,122919,True
func_Se_0x10000b283,121480,False
func_Se_0x10000b2ae,122848,False
func_Se_0x10000b2d0,121918,True
func_Se_0x10000b51b,121873,False
func_Se_0x10000b547,123003,True
func_Se_0x10000b55c,121878,True
func_Se_0x10000bbde,121402,True
func_Se_0x10000c20d,122575,True
func_Se_0x10000c211,122939,True
func_Se_0x10000c706,121562,False
func_Se_0x10000c712,122895,True
func_Se_0x10000c714,121840,True
func_Se_0x10000c716,123020,True
func_Se_0x10000cd75,122212,True
func_Se_0x10000cd9f,122266,False
func_Se_0x10000cdb3,123037,True
func_Se_0x10000cdb9,122607,False
func_Se_0x10000cdc6,122235,True
func_Se_0x10000cdc8,122546,True
func_Se_0x10000cdcc,121712,False
func_Se_0x10000cdce,122953,False
func_Se_0x10000cdd4,122867,True
func_Se_0x10000cdda,121604,False
func_Se_0x10000ce20,122926,True
func_Si_0x1000054ca,121447,False
func_Si_0x1000054ff,122024,False
func_Si_0x100005523,121749,True
func_Si_0x1000055b6,123184,True
func_Si_0x1000055dd,123275,False
func_Si_0x1000055f1,122374,True
func_Sr_0x10000b784,122292,False
func_Sr_0x10000b786,122856,True
func_Sr_0x10000b788,121798,True
func_Sr_0x10000b78c,122384,False
func_Sr_0x10000b7c8,122055,False
func_Sr_0x10000b99c,121837,False
func_Sr_0x10000b99e,122431,True
func_Sr_0x10000ba74,122248,False
func_Sr_0x10000ba85,122002,False
func_Sr_0x10000ba8a,121927,True
func_Sr_0x10000baa8,121475,False
func_Sr_0x10000bab6,122989,False
func_Sr_0x10000bab8,121585,True
func_Sr_0x10000bac2,122509,False
func_Sr_0x10000bae6,121982,False
func_Sr_0x10000bb0d,122211,True
func_Sr_0x10000cb4c,122295,True
func_St_0x100004de9,122563,True
func_St_0x100005e77,123103,True
func_St_0x100005e79,122239,False
func_St_0x100005e81,123139,True
func_St_0x100005e87,122097,False
func_St_0x100005e91,122478,False
func_St_0x100005e95,122453,False
func_St_0x100005ea8,122724,False
func_St_0x100005eca,122303,True
func_St_0x100005ed0,121843,False
func_St_0x100005ed2,121902,False
func_St_0x100006ce2,122448,False
func_St_0x100006ce5,122579,True
func_St_0x100006ce7,122521,True
func_St_0x100006ced,121822,False
func_St_0x100009027,121383,True
func_St_0x100009077,122290,False
func_St_0x1000090c5,121889,True
func_St_0x100009295,122850,False
func_St_0x100009297,122390,True
func_St_0x100009299,122930,True
func_St_0x10000929d,122219,True
func_St_0x100009451,122040,True
func_St_0x100009490,122229,False
func_St_0x1000094ad,123314,False
func_St_0x1000094c9,121940,True
func_St_0x1000094cf,121898,False
func_St_0x10000a629,122182,True
func_St_0x10000a62b,122996,True
func_St_0x10000acdb,122349,False
func_St_0x10000bfcd,121409,True
func_St_0x10000c624,123044,True
func_St_0x10000c743,123237,True
func_St_0x10000c816,122316,False
func_St_0x10000c81d,121362,False
func_St_0x10000c824,122900,True
func_St_0x10000c833,121484,True
func_St_0x10000c842,122358,False
func_St_0x10000c849,121949,True
func_Su_0x10000b7ec,122917,True
func_Su_0x10000b7fc,123024,True
func_Su_0x10000ba58,122283,False
func_Su_0x10000ba5a,123252,True
func_Sx_0x100004a4e,122641,False
func_T_0x1000001c7,121674,False
func_T_0x10000381e,122672,False
func_T_0x100003ac2,122026,False
func_T_0x10000405b,123106,False
func_T_0x100004337,122745,False
func_T_0x10000433b,121653,True
func_T_0x100004480,122421,False
func_T_0x1000044b5,123230,True
func_T_0x100004b68,122780,True
func_T_0x100004c2a,121876,False
func_T_0x100004c31,121403,False
func_T_0x100004c3c,121568,False
func_T_0x100004c51,122702,False
func_T_0x100004c54,123173,True
func_T_0x1000059d6,122295,False
func_T_0x100005b72,123152,True
func_T_0x1000060e4,121746,False
func_T_0x10000650e,122174,True
func_T_0x100006513,121435,True
func_T_0x100006907,121617,False
func_T_0x100006b90,122600,False
func_T_0x100007694,122263,False
func_T_0x100007cae,122193,True
func_T_0x100007cb0,121702,False
func_T_0x100007cd3,122077,True
func_T_0x100007ce0,121370,False
func_T_0x100007ce7,122299,True
func_T_0x100007cf4,122328,False
func_T_0x100007e97,122356,False
func_T_0x100007e9b,121919,True
func_T_0x100007e9f,123107,True
func_T_0x100007f70,122029,False
func_T_0x100008290,122541,True
func_T_0x100008294,122263,True
func_T_0x100008296,121874,False
func_T_0x100008298,121766,False
func_T_0x100008341,121814,True
func_T_0x1000085bf,121368,False
func_T_0x10000861d,121958,False
func_T_0x100008621,122049,True
func_T_0x100008d81,122076,True
func_T_0x100008d84,121451,True
func_T_0x100008da1,122381,False
func_T_0x10000900a,122172,False
func_T_0x100009017,121775,True
func_T_0x10000931e,122371,False
func_T_0x10000950b,122176,False
func_T_0x1000098c2,122226,False
func_T_0x100009e75,121351,False
func_T_0x100009e79,123151,False
func_T_0x100009e7b,123117,False
func_T_0x100009e7d,122783,True
func_T_0x100009e7f,121990,True
func_T_0x10000a35f,122273,True
func_T_0x10000a365,122758,False
func_T_0x10000a95a,123074,True
func_T_0x10000aeaf,122908,False
func_T_0x10000b008,121554,True
func_T_0x10000b01a,122681,False
func_T_0x10000b0e2,122617,True
func_T_0x10000b0e6,121522,False
func_T_0x10000b2e9,122152,True
func_T_0x10000b2f1,122428,False
func_T_0x10000b430,122047,True
func_T_0x10000b45d,122501,False
func_T_0x10000b4da,122589,False
func_T_0x10000bd2f,122185,False
func_T_0x10000be0e,122731,False
func_T_0x10000be2a,121711,True
func_T_0x10000be2c,122698,True
func_T_0x10000be43,123094,False
func_T_0x10000be45,121399,False
func_T_0x10000be5b,122556,True
func_T_0x10000be5f,122589,False
func_T_0x10000c011,122630,False
func_T_0x10000c037,122353,True
func_T_0x10000c19e,123127,False
func_T_0x10000c1c2,122374,True
func_T_0x10000c1c4,121884,True
func_T_0x10000c864,121627,False
func_T_0x10000c890,122026,True
func_T_0x10000c8b4,122533,False
func_T_0x10000c8b7,121618,True
func_T_0x10000cc10,123301,True
func_T_0x10000cd3d,122961,False
func_T_0x10000cee2,121899,False
func_T_0x10000cf3b,122476,True
func_Te_0x1000057f2,123283,False
func_Te_0x10000581b,121397,True
func_Te_0x10000581d,122331,False
func_Te_0x10000586c,122405,True
func_Te_0x1000058d6,121924,False
func_Te_0x1000058d8,121770,True
func_Te_0x1000058da,121332,True
func_Te_0x100005c90,121378,False
func_Te_0x100005c92,122000,False
func_Te_0x100005ca6,121657,True
func_Te_0x100005cb9,122671,True
func_Te_0x100005d35,122493,False
func_Te_0x100005e11,122319,False
func_Te_0x100005e9b,122209,True
func_Te_0x100005ea3,122209,True
func_Te_0x10000624a,121384,True
func_Te_0x100006253,122875,False
func_Te_0x100006257,123260,True
func_Te_0x10000626e,121487,True
func_Te_0x1000062ac,121381,False
func_Te_0x100006b2e,121428,False
func_Te_0x10000a76e,122827,True
func_Te_0x10000bfb5,122359,True
func_Te_0x10000bfbb,123177,False
func_Te_0x10000bfbf,122758,False
func_Te_0x10000bfc3,121533,False
func_Te_0x10000c077,121605,True
func_Te_0x10000c07b,122112,False
func_Te_0x10000c083,121368,True
func_Te_0x10000c087,122634,True
func_Te_0x10000c08d,122672,False
func_Te_0x10000c093,122075,True
func_Te_0x10000c582,121806,True
func_Te_0x10000cc7b,122098,False
func_Te_0x10000cc7d,122301,False
func_Te_0x10000cce5,121756,True
func_Te_0x10000cce7,122216,True
func_Te_0x10000cced,123052,True
func_Te_0x10000ccef,121952,True
func_Te_0x10000cf4e,123166,False
func_Te_0x10000cfad,123019,True
func_Te_0x10000cfc4,123167,True
func_Ti_0x10000b7d3,122526,True
func_Ti_0x10000ba5d,121803,True
func_Ti_0x10000cb53,122505,False
func_Ti_0x10000cb57,122958,True
func_Tn_0x100004d61,123121,True
func_Tn_0x100004d63,122371,True
func_Tn_0x100004d66,121376,False
func_Tn_0x100005a20,123187,True
func_Tn_0x100008e16,121802,False
func_Tn_0x100009d19,121861,True
func_Tn_0x100009d1b,122555,True
func_Tn_0x100009d1f,122715,True
func_Tn_0x100009d21,123060,False
func_Tn_0x100009d25,123017,True
func_Tn_0x100009d2b,121853,False
func_Tn_0x100009d35,123110,True
func_Tn_0x100009d39,122696,False
func_Tn_0x100009d3b,121942,False
func_Tn_0x100009d3d,121731,False
func_Tn_0x100009d3f,122453,True
func_Tn_0x100009d41,121928,False
func_Tn_0x100009d49,123001,True
func_Tn_0x100009d53,122262,True
func_Tn_0x100009d59,122146,False
func_Tn_0x100009d5b,123121,True
func_Tn_0x100009d5d,123215,False
func_Tn_0x100009d5f,122369,True
func_Tn_0x100009d61,121666,False
func_Tn_0x100009d63,121442,True
func_Tn_0x100009d65,121356,True
func_Tn_0x100009d67,122788,False
func_Tn_0x100009d6b,121946,False
func_Tn_0x100009d6f,122640,False
func_Tn_0x100009d77,122747,False
func_Tn_0x100009d7d,121782,True
func_Tn_0x100009d7f,122795,True
func_Tn_0x10000a770,122982,True
func_Tn_0x10000af60,121382,True
func_To_0x10000863b,121615,False
func_To_0x1000088e3,121600,True
func_Tr_0x100005a40,122130,True
func_Tr_0x10000717d,121513,True
func_Tr_0x1000071cc,121869,False
func_Tr_0x100007226,123249,True
func_Tr_0x10000c0ad,121590,False
func_Tr_0x10000c0af,121527,False
func_Tr_0x10000c0b5,122017,True
func_Tr_0x10000c0b7,121470,False
func_Tr_0x10000c0b9,121466,False
func_Tr_0x10000c0bf,121422,True
func_Tr_0x10000c0c1,122033,True
func_Tr_0x10000c0c7,122550,False
func_Tr_0x10000c927,122228,True
func_Tr_0x10000c994,121922,False
func_Tr_0x10000c996,122981,True
func_Tt_0x100000601,121399,False
func_Tt_0x100000607,121492,True
func_Tt_0x100000845,122912,False
func_Tt_0x100000867,121375,False
func_Tt_0x100003cca,121998,True
func_Tt_0x100005a47,123294,False
func_Tt_0x100006787,121828,True
func_Tt_0x10000678b,122464,False
func_Tt_0x100006791,123213,False
func_Tt_0x100006797,122359,True
func_Tt_0x10000679d,122365,True
func_Tt_0x10000679f,122050,False
func_Tt_0x1000067ab,121743,False
func_Tt_0x1000067af,122968,True
func_Tt_0x1000067b1,121922,True
func_Tt_0x1000067b3,122549,True
func_Tt_0x1000067b5,121626,False
func_Tt_0x1000067b7,122931,False
func_Tt_0x1000067b9,122281,True
func_Tt_0x100006837,122298,False
func_Tt_0x10000685b,122336,False
func_Tt_0x100009d8f,122921,False
func_Tt_0x10000aeed,121541,True
func_Tt_0x10000aef2,121838,False
func_Tt_0x10000aef4,123108,True
func_Tt_0x10000af1b,121988,True
func_Tt_0x10000af25,122906,False
func_Tt_0x10000af27,122063,True
func_Tt_0x10000af39,122513,True
func_Tt_0x10000c91e,123063,False
func_Tt_0x10000c985,122505,False
func_Tt_0x10000c99d,122509,True
func_Tt_0x10000c9a2,121803,True
func_U_0x10000010c,122189,True
func_U_0x10000010e,123084,True
func_U_0x100000112,122620,False
func_U_0x1000005df,122922,False
func_U_0x1000005e1,122090,False
func_U_0x1000005e3,123211,False
func_U_0x1000005e5,122311,False
func_U_0x1000005e7,123133,True
func_U_0x1000033d6,122510,True
func_U_0x100003822,122274,False
func_U_0x100003a36,121642,False
func_U_0x100003ba8,123054,False
func_U_0x100003be1,121516,False
func_U_0x100003c1a,121645,True
func_U_0x1000042a9,122462,False
func_U_0x1000043f2,122848,True
func_U_0x100004b55,122540,True
func_U_0x100004e02,121702,False
func_U_0x100004e04,121976,True
func_U_0x100004e08,121543,False
func_U_0x100004e0a,122359,False
func_U_0x100004e0c,121323,False
func_U_0x100004e10,122722,True
func_U_0x1000057a5,122956,False
func_U_0x100005c51,122714,True
func_U_0x100005d5d,123220,True
func_U_0x100006036,121793,True
func_U_0x10000606c,123158,False
func_U_0x1000064c3,122759,True
func_U_0x1000064ca,122138,False
func_U_0x100006525,122884,False
func_U_0x100006906,123062,True
func_U_0x100006b07,122603,False
func_U_0x100006df5,122572,False
func_U_0x100006f6c,122170,True
func_U_0x1000070e7,122884,True
func_U_0x1000074b2,122744,False
func_U_0x10000751f,121330,True
func_U_0x100007586,122606,False
func_U_0x100007666,122500,False
func_U_0x10000777e,122177,False
func_U_0x100007a65,122214,False
func_U_0x100007a7a,121879,True
func_U_0x100007ce2,121820,False
func_U_0x100007cea,123017,False
func_U_0x100007cec,121944,False
func_U_0x100007cee,122657,False
func_U_0x100007e46,121897,True
func_U_0x100007e62,122124,False
func_U_0x100007e64,121490,False
func_U_0x10000825c,123278,False
func_U_0x10000825e,122110,True
func_U_0x100008262,121656,True
func_U_0x10000828e,123201,True
func_U_0x1000082a7,121331,True
func_U_0x1000082c6,121874,True
func_U_0x1000082d5,122317,False
func_U_0x1000082eb,122071,False
func_U_0x10000832e,123119,True
func_U_0x1000085e6,122874,True
func_U_0x100008612,122980,False
func_U_0x100008617,123300,False
func_U_0x100008619,122415,True
func_U_0x10000861b,122133,False
func_U_0x100008c07,122546,False
func_U_0x100009190,121911,False
func_U_0x1000092f2,122739,True
func_U_0x1000092fc,122979,True
func_U_0x10000930d,122272,True
func_U_0x100009311,122284,True
func_U_0x100009324,122597,True
func_U_0x10000934b,121570,True
func_U_0x100009511,123313,True
func_U_0x100009c12,122893,False
func_U_0x100009e81,123116,True
func_U_0x100009f09,122280,False
func_U_0x100009f0d,123143,True
func_U_0x100009f13,122051,False
func_U_0x10000a1ca,121431,True
func_U_0x10000a436,122340,True
func_U_0x10000a43a,122196,True
func_U_0x10000a43c,122464,False
func_U_0x10000a446,122102,False
func_U_0x10000aa24,122728,False
func_U_0x10000aa27,122104,True
func_U_0x10000ab40,121363,False
func_U_0x10000ac01,122277,True
func_U_0x10000ac03,121724,False
func_U_0x10000ad74,121852,False
func_U_0x10000ad78,122629,True
func_U_0x10000b108,121366,True
func_U_0x10000b10a,122412,False
func_U_0x10000b1e7,122466,True
func_U_0x10000b477,122424,False
func_U_0x10000b693,122733,True
func_U_0x10000b695,122160,True
func_U_0x10000b8ea,122395,False
func_U_0x10000be10,122283,True
func_U_0x10000bf93,122488,True
func_U_0x10000c00f,122677,False
func_U_0x10000c19c,121640,False
func_U_0x10000c1a4,122645,True
func_U_0x10000c41d,122953,False
func_U_0x10000c420,122472,False
func_U_0x10000c4ee,121980,True
func_U_0x10000c8a4,121925,True
func_U_0x10000c8e3,121608,False
func_U_0x10000c8e5,122299,True
func_U_0x10000c9b7,122899,False
func_U_0x10000cd3f,122781,True
func_U_0x10000ce5e,122691,True
func_U_0x10000cec8,122982,False
func_U_0x10000d00c,122677,False
func_Ue_0x100004434,122766,True
func_Ue_0x100004449,121370,True
func_Ue_0x100004d55,123253,False
func_Ue_0x100005db9,121523,False
func_Ue_0x100005dbb,122513,True
func_Ue_0x100005dc6,121535,True
func_Ue_0x100005dd0,122921,True
func_Ue_0x100005dd6,122691,False
func_Ue_0x100005dda,121465,False
func_Ue_0x100005ddc,123017,True
func_Ue_0x100005eac,123266,False
func_Ue_0x100007317,121384,True
func_Ue_0x10000731b,122223,True
func_Ue_0x10000731d,123139,True
func_Ue_0x100007325,122087,True
func_Ue_0x100007332,122578,False
func_Ue_0x10000738d,122872,False
func_Ue_0x1000073ab,122640,True
func_Ue_0x1000073ad,121579,False
func_Ue_0x1000073b5,122700,True
func_Ue_0x1000073b7,122534,True
func_Ue_0x1000073c6,121650,False
func_Ue_0x1000073ca,122362,False
func_Ue_0x100007b46,123304,False
func_Ue_0x100007b72,122137,False
func_Ue_0x100007b79,122352,True
func_Ue_0x100007b8a,121669,False
func_Ue_0x100007b9a,122338,False
func_Ue_0x100007b9c,123264,True
func_Ue_0x10000907d,122072,True
func_Ue_0x10000909b,121609,True
func_Ue_0x100009452,122865,True
func_Ue_0x100009484,122567,False
func_Ue_0x100009486,122973,True
func_Ue_0x10000a653,121812,True
func_Ue_0x10000af0b,122666,False
func_Ue_0x10000c599,123001,False
func_Ue_0x10000c65c,123240,True
func_Ue_0x10000c690,122548,False
func_Ue_0x10000c6a4,121557,True
func_Ue_0x10000c6a6,121585,False
func_Ui_0x1000007fe,122590,False
func_Ui_0x100006655,122247,False
func_Ui_0x1000067f9,122216,True
func_Uo_0x100008633,122765,True
func_Uo_0x100008637,122774,True
func_Uo_0x100008639,122783,True
func_Uo_0x100008947,122160,False
func_Ur_0x10000360f,122180,False
func_Ur_0x100006e2b,121602,False
func_Ur_0x100006e2d,121696,False
func_Ur_0x100006e9b,122305,False
func_Ur_0x100006e9f,121400,False
func_Ur_0x100006ec2,122654,False
func_Ur_0x100006ecd,121824,True
func_Ur_0x100006ed7,122270,True
func_Ur_0x100006ed9,122757,True
func_Ur_0x100006edb,122681,True
func_Ur_0x100006edd,121669,True
func_Ur_0x100006ee6,121466,False
func_Ur_0x100006f00,121599,False
func_Ur_0x100006f0f,122651,True
func_Ur_0x100006f19,121551,True
func_Ur_0x100006f21,121973,True
func_Ur_0x100006f23,122152,False
func_Ur_0x100006f25,123043,True
func_Ur_0x100006f29,123200,False
func_Ur_0x100006f2f,121727,True
func_Ur_0x100006f39,122496,False
func_Ur_0x100006f52,121661,True
func_Ur_0x100006f54,121961,False
func_Ur_0x100006f62,121500,False
func_Ur_0x10000cbb7,122347,True
func_Ur_0x10000cbbd,122488,True
func_Ut_0x1000040ba,123104,False
func_Ut_0x1000040be,121486,False
func_Ut_0x1000040c4,121739,False
func_Ut_0x1000040c6,122775,True
func_Ut_0x1000040d2,123159,True
func_Ut_0x100004118,122202,False
func_Ut_0x10000411e,121564,True
func_Ut_0x100004126,121982,False
func_Ut_0x100004128,123061,False
func_Ut_0x10000412e,121609,False
func_Ut_0x100004134,122869,False
func_Ut_0x100004140,122417,False
func_Ut_0x100004d5e,121890,True
func_Ut_0x100004d75,122380,True
func_Ut_0x100006c23,122266,False
func_Ut_0x100006c29,122231,False
func_Ut_0x100006c37,122945,True
func_Ut_0x100006c49,122853,False
func_Ut_0x100006c57,123292,False
func_Ut_0x100006c63,123246,True
func_Ut_0x100006c69,122434,False
func_Ut_0x100006c71,121525,False
func_Ut_0x100006c75,122361,False
func_Ut_0x100006c79,122117,False
func_Ut_0x100006c7d,122084,False
func_Ut_0x100006c7f,122294,True
func_Ut_0x100006c81,121778,True
func_Ut_0x100006c8b,123018,False
func_Ut_0x100006c93,121469,False
func_Ut_0x100006c9f,122990,True
func_Ut_0x100008e24,122231,False
func_Uu_0x100005345,122968,True
func_Uu_0x10000553f,121320,True
func_Uu_0x100005541,122207,False
func_Uu_0x100005545,121739,False
func_Uu_0x100005548,122772,True
func_Uu_0x1000055bf,122821,False
func_V_0x1000001fc,121491,False
func_V_0x100003899,121737,False
func_V_0x100003b3f,123004,False
func_V_0x100003b43,122530,True
func_V_0x100003fb8,122851,False
func_V_0x100003fba,122393,True
func_V_0x100003fbc,121790,True
func_V_0x100004016,123225,True
func_V_0x10000415f,122112,False
func_V_0x100004172,122632,False
func_V_0x1000041b9,122417,True
func_V_0x100004243,122401,True
func_V_0x100004346,121319,True
func_V_0x10000436f,122161,True
func_V_0x100004378,121593,True
func_V_0x10000578b,121667,True
func_V_0x10000585e,122450,False
func_V_0x100005c65,121985,False
func_V_0x100005f1b,121321,False
func_V_0x10000631b,121949,False
func_V_0x10000653a,122669,False
func_V_0x100006540,122431,False
func_V_0x100006de3,122750,True
func_V_0x100006dee,122452,False
func_V_0x100006f77,121355,False
func_V_0x100006f7d,121790,False
func_V_0x100007408,121879,False
func_V_0x10000740a,122263,True
func_V_0x10000755e,121527,True
func_V_0x10000763b,122335,False
func_V_0x1000078d6,121628,True
func_V_0x100007bff,122971,True
func_V_0x100007d0d,123034,False
func_V_0x100007d13,122371,False
func_V_0x100008415,123209,True
func_V_0x100008bb5,122140,True
func_V_0x100008bb7,122773,False
func_V_0x100008bc5,122267,True
func_V_0x100008bd1,122567,True
func_V_0x100008bdf,121947,False
func_V_0x100008f60,122977,False
func_V_0x100008f98,122092,True
func_V_0x100008f9a,123109,True
func_V_0x1000093eb,121733,False
func_V_0x1000093ed,121418,True
func_V_0x100009c70,121967,True
func_V_0x100009c9f,121586,True
func_V_0x100009dea,123313,False
func_V_0x10000a45d,122565,False
func_V_0x10000a463,122877,True
func_V_0x10000a46f,121580,True
func_V_0x10000a473,123300,False
func_V_0x10000aeb6,122887,False
func_V_0x10000aeb8,121378,False
func_V_0x10000b085,122698,True
func_V_0x10000b089,122153,False
func_V_0x10000b092,122999,True
func_V_0x10000bbb6,121930,True
func_V_0x10000bbba,122395,True
func_V_0x10000bbcc,121409,False
func_V_0x10000be37,122767,False
func_V_0x10000be39,121920,True
func_V_0x10000c0f6,122361,False
func_V_0x10000c761,121810,True
func_V_0x10000cd14,123041,True
func_V_0x10000cd18,123248,True
func_V_0x10000cd1c,122727,False
func_V_0x10000cd65,122794,True
func_V_0x10000cd67,121506,False
func_V_0x10000cec1,122383,True
func_V_0x10000cec3,123071,True
func_V_0x10000cee3,121904,True
func_V_0x10000cf1b,122849,False
func_V_0x10000cf1f,121781,False
func_V_0x10000cf27,122066,True
func_V_0x10000cf29,121342,True
func_Ve_0x100005dcc,122200,True
func_Ve_0x10000731f,123247,True
func_Ve_0x100007321,122859,True
func_Ve_0x100007323,122027,False
func_Ve_0x10000737e,121582,False
func_Ve_0x100007384,121659,False
func_Ve_0x10000738b,123113,False
func_Ve_0x1000073c8,122895,True
func_Ve_0x100008dce,122898,False
func_Ve_0x100009069,121611,False
func_Ve_0x10000908d,122449,False
func_Ve_0x10000a643,123117,False
func_Ve_0x10000a647,122768,False
func_Ve_0x10000a64b,121387,False
func_Ve_0x10000a64f,121968,False
func_Ve_0x10000a651,122084,False
func_Ve_0x10000a655,122146,False
func_Ve_0x10000bfd0,122152,True
func_Ve_0x10000bfd2,122533,True
func_Ve_0x10000bfd6,121390,False
func_Ve_0x10000bfd8,123209,True
func_Ve_0x10000c59f,122313,True
func_Ve_0x10000c744,123205,False
func_Ve_0x10000d02f,122125,True
func_Vi_0x1000036b5,122821,True
func_Vn_0x100004efd,122433,False
func_Vn_0x10000504b,121813,True
func_Vn_0x100005056,122717,False
func_Vn_0x100005062,123142,False
func_Vn_0x100005078,121674,True
func_Vn_0x10000507e,121766,True
func_Vn_0x10000509c,123024,True
func_Vn_0x1000050b8,123022,False
func_Vn_0x1000050be,122059,True
func_Vn_0x1000050c0,121652,True
func_Vn_0x1000050fe,121594,True
func_Vn_0x100005128,122245,True
func_Vn_0x10000512c,121358,False
func_Vn_0x100005159,122813,True
func_Vn_0x10000515b,122238,False
func_Vn_0x10000517b,121703,False
func_Vn_0x10000519d,121721,False
func_Vn_0x1000051a5,122667,True
func_Vn_0x100005575,122520,True
func_Vr_0x100003638,122474,False
func_Vr_0x100003757,122910,True
func_Vt_0x100005236,122847,True
func_Vu_0x100006f3f,122939,True
func_Vu_0x10000cb2d,121614,True
func_W_0x100000123,121506,False
func_W_0x100000215,123089,False
func_W_0x100000217,122254,False
func_W_0x1000002e3,122912,True
func_W_0x1000002e5,122984,True
func_W_0x1000002e7,122317,True
func_W_0x1000002ed,122861,False
func_W_0x1000002ef,121410,True
func_W_0x1000005da,123082,True
func_W_0x1000008fd,122250,True
func_W_0x100003a3b,122189,True
func_W_0x100003a61,121473,True
func_W_0x100003a6e,122758,False
func_W_0x100003a72,122440,True
func_W_0x100003a74,123096,False
func_W_0x100003a78,121562,True
func_W_0x100003b21,121573,False
func_W_0x100003b75,122508,False
func_W_0x100003b77,122955,False
func_W_0x100003c6e,122381,False
func_W_0x100003df3,121984,True
func_W_0x10000414b,122345,False
func_W_0x1000042cc,122641,True
func_W_0x1000045b8,121615,False
func_W_0x1000045ba,121596,False
func_W_0x100004bd2,121691,True
func_W_0x100004bdc,122612,False
func_W_0x100004c00,121723,True
func_W_0x100004c04,122819,True
func_W_0x100004d22,122621,True
func_W_0x100005651,121801,False
func_W_0x1000056d5,122921,False
func_W_0x1000056f3,121787,True
func_W_0x10000583c,122024,True
func_W_0x1000058a9,123245,True
func_W_0x100005fe8,122433,False
func_W_0x1000060a1,121608,False
func_W_0x1000060a5,121591,False
func_W_0x10000636f,122935,True
func_W_0x100006a93,121857,True
func_W_0x100006fee,122750,True
func_W_0x100006ff0,121817,True
func_W_0x10000779b,121407,True
func_W_0x1000077b4,122426,True
func_W_0x10000798f,122776,True
func_W_0x1000079bb,122984,True
func_W_0x100007a8e,121344,False
func_W_0x100007c4e,121808,True
func_W_0x100007c59,123282,True
func_W_0x100007ca3,122031,True
func_W_0x100007ccb,122372,True
func_W_0x100007ea4,122912,False
func_W_0x10000834f,121460,True
func_W_0x100008595,121365,False
func_W_0x100008c3d,122260,False
func_W_0x100008cae,121678,True
func_W_0x100008d1d,122930,False
func_W_0x100008db5,122442,False
func_W_0x100008f5b,123286,True
func_W_0x100009152,122765,True
func_W_0x10000916d,121493,False
func_W_0x10000917a,122125,True
func_W_0x1000094ef,122372,False
func_W_0x1000094f1,121865,False
func_W_0x100009576,122836,False
func_W_0x10000972c,122113,True
func_W_0x1000098dd,122078,True
func_W_0x1000098df,121737,True
func_W_0x100009b08,122499,False
func_W_0x100009b99,122414,False
func_W_0x100009f8f,123163,True
func_W_0x10000a10d,122729,False
func_W_0x10000a23e,121973,False
func_W_0x10000a3a7,121411,True
func_W_0x10000a44c,121386,False
func_W_0x10000a4ae,122115,False
func_W_0x10000a4b2,121460,False
func_W_0x10000a5ea,123123,False
func_W_0x10000a8f5,122952,False
func_W_0x10000a8f7,122963,True
func_W_0x10000a9df,121521,True
func_W_0x10000a9ea,122506,True
func_W_0x10000ab12,122193,False
func_W_0x10000ab14,122459,True
func_W_0x10000abfb,122781,True
func_W_0x10000b252,121995,False
func_W_0x10000b4c0,122586,True
func_W_0x10000b68b,121406,True
func_W_0x10000bd29,121905,False
func_W_0x10000be52,123277,True
func_W_0x10000c3b9,122420,True
func_W_0x10000c429,122467,True
func_W_0x10000c490,121997,False
func_W_0x10000c4cb,122467,True
func_W_0x10000d096,122847,False
func_Wa_0x10000478b,122513,True
func_Wa_0x10000478d,123216,False
func_We_0x100004537,122155,True
func_We_0x100005817,121350,True
func_We_0x100005819,122940,False
func_We_0x100005d24,122908,True
func_We_0x100005de8,123253,True
func_We_0x100005e0c,122633,False
func_We_0x100005e16,122523,False
func_We_0x100006145,121921,True
func_We_0x100006254,121530,True
func_We_0x100006259,122052,True
func_We_0x10000625d,122942,True
func_We_0x1000062b4,122556,False
func_We_0x100006a0e,123206,True
func_We_0x100006a2e,121568,False
func_We_0x100006b3a,123084,False
func_We_0x100006b3e,121836,False
func_We_0x10000791a,123187,False
func_We_0x100007920,122434,True
func_We_0x100007acb,122651,True
func_We_0x1000092a7,122239,False
func_We_0x1000092b6,121652,False
func_We_0x10000b93d,121610,False
func_We_0x10000b947,122998,False
func_We_0x10000b94b,122461,True
func_We_0x10000b94d,123259,True
func_We_0x10000b94f,122569,False
func_We_0x10000b953,122660,True
func_We_0x10000b959,122471,True
func_We_0x10000b961,123009,True
func_We_0x10000b963,121955,False
func_We_0x10000b965,122237,True
func_We_0x10000b967,122355,False
func_We_0x10000b96b,122885,True
func_We_0x10000b971,121472,False
func_We_0x10000b973,122314,True
func_We_0x10000b977,121350,False
func_We_0x10000b979,122215,True
func_We_0x10000b97b,121759,False
func_We_0x10000b97d,121903,True
func_We_0x10000bfe7,122942,False
func_We_0x10000c081,122216,False
func_We_0x10000c172,122206,True
func_We_0x10000c536,123170,True
func_We_0x10000c538,122042,True
func_We_0x10000c53c,123261,True
func_We_0x10000c53e,121861,True
func_We_0x10000c540,121780,False
func_We_0x10000c542,121879,True
func_We_0x10000c54a,122254,True
func_We_0x10000c54c,122108,True
func_We_0x10000c54e,122555,True
func_We_0x10000c552,122448,True
func_We_0x10000c55c,121792,False
func_We_0x10000c564,121435,True
func_We_0x10000c568,123167,False
func_We_0x10000c56a,121581,False
func_We_0x10000c56c,121684,False
func_We_0x10000c576,122105,False
func_We_0x10000c57a,121543,True
func_We_0x10000c57e,121367,True
func_We_0x10000c680,122863,False
func_We_0x10000cce1,121867,False
func_We_0x10000cce3,122312,False
func_We_0x10000ccf1,121335,False
func_We_0x10000cfb2,122101,False
func_We_0x10000cfe6,121838,True
func_Wi_0x1000050dc,121901,False
func_Wi_0x10000511e,122599,False
func_Wn_0x100006828,121612,True
func_Wn_0x100008083,122371,False
func_Wn_0x10000b3ee,121441,True
func_Wn_0x10000b3f4,122772,False
func_Wn_0x10000b3f6,123053,True
func_Wn_0x10000b3f8,123210,True
func_Wn_0x10000b3fc,121477,False
func_Wn_0x10000b400,121632,False
func_Wn_0x10000ca97,123296,True
func_Wn_0x10000caf7,121670,False
func_Wn_0x10000cb78,123139,False
func_Wt_0x10000532c,121638,False
func_Wt_0x10000532f,122616,False
func_Wt_0x100005338,121639,False
func_Wt_0x100005355,121598,False
func_Wt_0x10000535d,122899,False
func_Wt_0x10000535f,122688,True
func_Wt_0x10000537b,121522,True
func_Wt_0x10000537f,122099,True
func_Wt_0x100005383,121798,False
func_Wt_0x100005387,122697,True
func_Wt_0x1000053a3,122467,True
func_Wt_0x1000053a5,122419,True
func_Wt_0x1000053b7,123134,False
func_Wt_0x1000053bf,122691,True
func_Wt_0x1000053c1,121961,False
func_Wt_0x1000053d3,122109,True
func_Wt_0x1000053d5,123140,True
func_Wt_0x1000053d7,122841,False
func_Wt_0x1000053d9,122326,True
func_Wt_0x1000053db,121786,True
func_Wt_0x1000053dd,123274,False
func_Wt_0x1000053fb,121404,True
func_Wt_0x1000053ff,122969,False
func_Wt_0x100005403,121973,False
func_Wt_0x10000540f,122979,True
func_Wt_0x100005421,122140,False
func_Wt_0x100005433,121323,True
func_Wt_0x100005443,123224,True
func_Wt_0x100005445,122419,True
func_Wt_0x100005449,121902,False
func_Wt_0x10000544f,121682,True
func_Wt_0x100005451,123171,True
func_Wt_0x100005453,121728,False
func_Wt_0x100005455,121370,True
func_Wt_0x100005457,121929,True
func_Wt_0x10000546d,122543,False
func_Wt_0x10000546f,122243,False
func_Wt_0x100005473,121570,True
func_Wt_0x10000548a,122176,True
func_Wt_0x10000548c,123183,True
func_Wt_0x100005490,123124,False
func_Wt_0x1000054a2,121827,False
func_Wt_0x1000054aa,122899,False
func_Wt_0x1000054b3,121837,False
func_Wt_0x1000054be,121751,True
func_Wt_0x1000054cd,122078,False
func_Wt_0x1000054cf,122703,True
func_Wt_0x1000054d1,123270,True
func_Wt_0x10000552a,122553,False
func_Wt_0x10000552c,122359,True
func_Wt_0x10000555e,122162,False
func_Wt_0x10000557c,122126,False
func_Wt_0x100005582,121387,False
func_Wt_0x100005589,122644,True
func_Wt_0x100005592,122837,True
func_Wt_0x100005594,123176,True
func_Wt_0x100005596,122874,True
func_Wt_0x100005598,122676,False
func_Wt_0x10000559a,122749,True
func_Wt_0x10000559c,121348,True
func_Wt_0x1000055c9,121974,True
func_Wt_0x1000055cf,122903,True
func_Wt_0x1000055e8,122267,False
func_Wt_0x1000055ec,122242,False
func_Wt_0x100005605,121476,False
func_Wu_0x100004a11,123195,False
func_Wu_0x100004a3f,121574,False
func_X_0x10000389d,121329,False
func_X_0x100003b31,122359,False
func_X_0x100003b33,121592,False
func_X_0x100003b35,123163,False
func_X_0x100003b37,122696,True
func_X_0x100003b39,121665,True
func_X_0x100003e39,121773,False
func_X_0x100003fbe,122238,False
func_X_0x100004012,123082,False
func_X_0x100004171,122772,False
func_X_0x10000418c,122776,False
func_X_0x10000423e,122466,False
func_X_0x100004278,122980,False
func_X_0x100004381,123182,True
func_X_0x100004383,122896,True
func_X_0x100004aa5,122285,True
func_X_0x100005c58,121495,True
func_X_0x100005c69,122716,False
func_X_0x10000637a,121928,True
func_X_0x100006381,121685,True
func_X_0x100006385,122056,False
func_X_0x1000064a3,122862,True
func_X_0x10000652d,122441,True
func_X_0x100006534,121757,True
func_X_0x100006536,121476,False
func_X_0x100006538,122312,False
func_X_0x10000653c,121774,True
func_X_0x10000653e,122402,True
func_X_0x100006548,121831,True
func_X_0x1000065f6,121762,False
func_X_0x1000065f8,121510,True
func_X_0x100006600,121329,False
func_X_0x100006602,122642,True
func_X_0x100006606,122060,True
func_X_0x100006608,122412,False
func_X_0x10000660c,123252,False
func_X_0x10000702d,121318,False
func_X_0x100007061,122851,True
func_X_0x10000706a,123029,True
func_X_0x100007406,123203,False
func_X_0x10000758d,121536,False
func_X_0x1000078ca,122315,False
func_X_0x1000078dc,122286,True
func_X_0x1000078de,122977,False
func_X_0x1000078e0,121795,False
func_X_0x100007c05,121690,True
func_X_0x100007c07,121406,False
func_X_0x100007c12,121427,False
func_X_0x100007c79,122930,True
func_X_0x100007c7d,122856,False
func_X_0x100007cf9,122797,False
func_X_0x100007d0a,122437,True
func_X_0x100007d15,122636,True
func_X_0x100007d17,122178,False
func_X_0x100008d40,121966,False
func_X_0x100008f96,121490,True
func_X_0x1000098ce,121869,False
func_X_0x100009b3a,122360,True
func_X_0x100009bcc,121470,True
func_X_0x10000a45b,122772,False
func_X_0x10000a45f,122252,True
func_X_0x10000a461,122017,False
func_X_0x10000a46b,121328,False
func_X_0x10000a498,123120,True
func_X_0x10000aeba,122971,True
func_X_0x10000b087,123144,False
func_X_0x10000b08d,121853,True
func_X_0x10000b2dd,123132,True
func_X_0x10000b47b,122266,True
func_X_0x10000b667,123248,True
func_X_0x10000b66a,121930,True
func_X_0x10000b670,123162,False
func_X_0x10000b672,122093,True
func_X_0x10000bb5e,123059,False
func_X_0x10000bbb4,121596,False
func_X_0x10000bbc4,122034,False
func_X_0x10000bbca,123129,True
func_X_0x10000bbce,121423,True
func_X_0x10000bbd0,121466,True
func_X_0x10000bbe3,123292,False
func_X_0x10000be3c,121615,True
func_X_0x10000be3e,121474,False
func_X_0x10000bf68,122901,False
func_X_0x10000cd0e,122142,False
func_X_0x10000cd10,121565,True
func_X_0x10000cd12,122859,False
func_X_0x10000cd16,123212,True
func_X_0x10000cd1a,122883,True
func_X_0x10000cd1e,122207,False
func_X_0x10000cd24,122323,True
func_X_0x10000cf11,122803,False
func_X_0x10000cf2b,121635,False
func_X_0x10000cf2d,121703,True
func_X_0x10000cff7,122188,False
func_Xe_0x10000863e,121433,True
func_Xe_0x100008644,121731,True
func_Xe_0x100008709,121891,False
func_Xe_0x10000870f,122876,True
func_Xe_0x100008711,122575,True
func_Xe_0x100008717,123242,False
func_Xe_0x10000872d,123273,False
func_Xe_0x10000872f,122063,True
func_Xe_0x10000873d,122054,False
func_Xe_0x10000873f,123232,False
func_Xe_0x100008754,121369,False
func_Xe_0x100008759,122187,True
func_Xe_0x10000875d,121732,True
func_Xe_0x100008763,122298,True
func_Xe_0x10000876d,121637,False
func_Xe_0x10000876f,123260,False
func_Xe_0x100008785,122168,False
func_Xe_0x10000878b,121620,True
func_Xe_0x10000878d,121609,False
func_Xe_0x100008790,121360,True
func_Xe_0x100008793,121837,False
func_Xe_0x100008796,122675,True
func_Xe_0x10000879f,121814,True
func_Xe_0x1000087a5,121342,True
func_Xe_0x1000087b1,122864,False
func_Xe_0x1000087b4,122976,True
func_Xe_0x1000087b7,123122,False
func_Xe_0x1000087bd,121884,False
func_Xe_0x1000087cb,122427,True
func_Xe_0x1000087d5,122590,False
func_Xe_0x1000087d9,122157,True
func_Xe_0x1000087db,121636,False
func_Xe_0x1000087dd,123195,False
func_Xe_0x1000087df,121800,True
func_Xe_0x1000087e1,121337,True
func_Xe_0x1000087e7,122418,False
func_Xe_0x1000087e9,123299,True
func_Xe_0x1000087fb,122329,False
func_Xe_0x100008801,123118,True
func_Xe_0x100008803,121588,False
func_Xe_0x100008805,121710,True
func_Xe_0x100008816,122289,True
func_Xe_0x10000881a,122802,True
func_Xe_0x10000881e,122488,True
func_Xe_0x100008845,122201,True
func_Xe_0x10000884a,121699,False
func_Xe_0x100008865,122686,True
func_Xe_0x10000886d,123239,False
func_Xe_0x100008879,123070,True
func_Xe_0x10000889e,121836,True
func_Xe_0x1000088a7,122191,False
func_Xe_0x1000088b4,122682,True
func_Xe_0x1000088bf,122471,True
func_Xe_0x1000088c1,122192,False
func_Xe_0x1000088dd,122812,False
func_Xe_0x1000088fa,122836,False
func_Xe_0x1000088fc,122544,True
func_Xe_0x100008902,121603,True
func_Xe_0x100008904,122702,True
func_Xe_0x10000890b,123173,False
func_Xe_0x10000890f,122087,True
func_Xe_0x100008914,122886,True
func_Xe_0x10000891e,123246,False
func_Xe_0x10000892f,121338,True
func_Xe_0x100008970,121857,True
func_Xe_0x100008974,121986,True
func_Xr_0x1000049e7,121714,True
func_Xr_0x1000049ed,122862,True
func_Xr_0x1000049f1,122186,True
func_Xr_0x1000049f9,122090,False
func_Xr_0x1000049fd,121864,False
func_Xr_0x1000049ff,122209,True
func_Xr_0x100004a01,122432,False
func_Xr_0x100004a03,122629,False
func_Xr_0x100004a05,122324,False
func_Xr_0x100004a0b,121539,True
func_Xr_0x100004a21,121608,True
func_Xr_0x100004a25,121411,True
func_Xr_0x100004a27,123003,False
func_Xr_0x100004a29,121700,False
func_Xr_0x100004a2b,122226,False
func_Xr_0x100004a34,122000,True
func_Xr_0x100004a36,123096,False
func_Xr_0x100004a41,122141,True
func_Xt_0x1000067fe,121689,False
func_Xt_0x100006800,123287,False
func_Xt_0x100006804,122089,False
func_Xt_0x100006806,121756,False
func_Xt_0x100006810,121379,True
func_Xt_0x100006812,121400,False
func_Xt_0x10000682c,122785,False
func_Xt_0x10000b3df,122749,False
func_Xt_0x10000b3e8,122940,False
func_Xt_0x10000b3ea,122216,True
func_Xt_0x10000ca73,122947,True
func_Xt_0x10000ca7d,123216,True
func_Xt_0x10000ca7f,122194,True
func_Xt_0x10000ca83,122590,False
func_Xt_0x10000ca91,121928,True
func_Xt_0x10000ca9b,121327,False
func_Xt_0x10000ca9d,123188,True
func_Xt_0x10000caa1,122655,False
func_Xt_0x10000caa3,122228,True
func_Xt_0x10000caa9,121496,True
func_Xt_0x10000caab,121940,False
func_Xt_0x10000caad,123019,True
func_Xt_0x10000cab5,121686,True
func_Xt_0x10000cabb,122428,False
func_Xt_0x10000cabd,122151,True
func_Xt_0x10000cac1,122345,True
func_Xt_0x10000cac7,122243,True
func_Xt_0x10000cad1,122613,True
func_Xt_0x10000cad3,121800,False
func_Xt_0x10000cad5,121853,True
func_Xt_0x10000cadd,122997,True
func_Xt_0x10000caf1,122975,False
func_Xt_0x10000caf3,121688,False
func_Xt_0x10000cb03,121896,False
func_Xt_0x10000cbce,122746,True
func_Xt_0x10000cbd9,122914,True
func_Xu_0x10000475f,121981,True
func_Ye_0x100005d36,123074,True
func_Ye_0x10000613d,121591,False
func_Ye_0x100006143,122639,False
func_Ye_0x100006248,123116,False
func_Ye_0x10000624f,121469,True
func_Ye_0x100006261,122452,False
func_Ye_0x1000062ad,123067,False
func_Ye_0x100006b38,121525,True
func_Ye_0x100006cf6,123164,False
func_Ye_0x100006cf8,122508,False
func_Ye_0x100007926,122693,True
func_Ye_0x100007acf,121517,False
func_Ye_0x1000099c0,122917,True
func_Ye_0x10000b941,121375,False
func_Ye_0x10000c580,123277,False
func_Ye_0x10000c640,123180,False
func_Ye_0x10000c64b,122738,False
func_Ye_0x10000c727,123190,True
func_Ye_0x10000cfb4,121766,True
func_Ye_0x10000d02b,122539,True
func_Ye_0x10000d037,122696,True
func_Ye_0x10000d039,122851,False
func_Yi_0x100003693,121362,True
func_Yi_0x10000369f,121700,True
func_Yi_0x1000036ab,121405,True
func_Yi_0x1000036ad,122797,True
func_Yi_0x1000036b3,121396,True
func_Yi_0x1000084a0,122535,False
func_Yi_0x10000850b,122564,False
func_Yi_0x10000850d,122596,False
func_Yi_0x100008511,121883,True
func_Yi_0x100008513,121714,True
func_Yn_0x1000007f4,121816,True
func_Yn_0x1000007f6,122906,False
func_Yn_0x10000473f,121560,False
func_Yn_0x100006829,123143,False
func_Yn_0x100008099,122466,True
func_Yn_0x10000809b,122439,False
func_Yn_0x10000809f,122435,True
func_Yn_0x1000080a1,123283,False
func_Yn_0x1000080a3,123287,True
func_Yn_0x1000080a5,122770,False
func_Yn_0x1000080a9,123237,True
func_Yn_0x1000080ad,122249,False
func_Yn_0x1000080b1,121637,False
func_Yn_0x1000080b3,122034,True
func_Yn_0x1000080c1,122220,False
func_Yr_0x1000040a7,122822,False
func_Yr_0x1000067d0,121563,True
func_Yr_0x1000067d4,121757,False
func_Yr_0x1000067d6,122102,True
func_Yr_0x1000067dc,122624,True
func_Yr_0x1000071b8,121432,False
func_Yr_0x1000080c9,121849,False
func_Yr_0x10000af40,122419,False
func_Yr_0x10000af44,123240,True
func_Yr_0x10000c0dd,122226,False
func_Yr_0x10000c0e1,121550,False
func_Yt_0x100004741,122463,False
func_Yt_0x100004746,122497,False
func_Yt_0x100004750,122473,False
func_Yt_0x10000475e,122560,True
func_Yt_0x100004764,123069,False
func_Yt_0x100004767,122352,False
func_Yt_0x10000476a,122350,False
func_Yt_0x100004778,122331,False
func_Yt_0x100004796,121646,True
func_Yt_0x100004798,122989,True
func_Yt_0x10000479e,122616,True
func_Yt_0x1000047a4,122107,False
func_Yt_0x1000047a8,121418,True
func_Yt_0x1000047aa,122456,True
func_Yt_0x1000047ac,122640,True
func_Yt_0x1000047b0,122006,True
func_Yt_0x1000047b2,121348,False
func_Yt_0x1000047bc,122427,True
func_Yt_0x1000047c0,121658,False
func_Yt_0x1000047c2,122858,True
func_Yt_0x1000047c4,122729,False
func_Yt_0x1000047c6,122740,False
func_Yt_0x1000047c8,122432,False
func_Yt_0x1000047ca,123170,True
func_Yt_0x1000047ce,123199,False
func_Yt_0x1000047d8,122747,False
func_Yt_0x1000047da,122717,True
func_Yt_0x1000047dc,122842,True
func_Yt_0x1000047e0,121957,True
func_Yt_0x1000047ea,122660,True
func_Yt_0x1000047ec,121448,True
func_Yt_0x1000047ee,121807,True
func_Yt_0x1000047f0,123047,False
func_Yt_0x1000047f4,122239,True
func_Yt_0x1000047f8,122211,True
func_Yt_0x1000047fa,122684,False
func_Yt_0x1000047fc,123198,False
func_Yt_0x1000047fe,123070,False
func_Yt_0x100004800,122478,False
func_Yt_0x100004802,121518,False
func_Yt_0x100004808,122783,False
func_Yt_0x10000480a,122059,False
func_Yt_0x10000480c,122579,False
func_Yt_0x100004810,122662,True
func_Yt_0x100004812,122693,True
func_Yt_0x100004818,122323,True
func_Yt_0x10000481c,121447,True
func_Yt_0x100004826,122226,False
func_Yt_0x100004828,121716,True
func_Yt_0x10000483c,121514,False
func_Yt_0x100004842,121698,False
func_Yt_0x100004848,122794,False
func_Yt_0x10000484a,123208,False
func_Yt_0x10000484c,122920,True
func_Yt_0x100004850,121617,False
func_Yt_0x100004854,122696,False
func_Yt_0x100004856,122473,True
func_Yt_0x100004858,123088,False
func_Yt_0x10000485e,123079,True
func_Yt_0x100004860,122084,True
func_Yt_0x100004862,122766,False
func_Yt_0x100004864,122114,True
func_Yt_0x100004866,123123,False
func_Yt_0x100004868,121617,False
func_Yt_0x10000486c,121598,False
func_Yt_0x10000486e,121571,False
func_Yt_0x100004874,123166,True
func_Yt_0x100004878,121448,False
func_Yt_0x10000487a,122067,True
func_Yt_0x10000487c,122678,True
func_Yt_0x10000487e,122363,True
func_Yt_0x100004880,122449,True
func_Yt_0x100004884,123037,False
func_Yt_0x100004888,122951,True
func_Yt_0x10000488a,121774,True
func_Yt_0x10000488e,122094,False
func_Yt_0x100004890,122535,False
func_Yt_0x100004892,122097,False
func_Yt_0x100004898,123310,False
func_Yt_0x10000489c,121800,False
func_Yt_0x1000048a2,121844,True
func_Yt_0x1000048a4,122691,True
func_Yt_0x1000048ae,122802,False
func_Yt_0x1000048b2,121345,True
func_Yt_0x1000048b6,122205,False
func_Yt_0x1000048c2,123138,False
func_Yt_0x1000048d0,122390,False
func_Yt_0x1000048d2,122620,True
func_Yt_0x1000048d6,122607,True
func_Yt_0x1000048d8,123174,True
func_Yt_0x1000048da,121963,True
func_Yt_0x1000048dc,122365,False
func_Yt_0x1000048e2,121969,False
func_Yt_0x1000048e4,121493,True
func_Yt_0x1000048e6,121356,True
func_Yt_0x1000048e8,122463,True
func_Yt_0x1000048ea,122790,True
func_Yt_0x1000048ec,122771,False
func_Yt_0x1000048ee,122754,False
func_Yt_0x1000048f2,121776,True
func_Yt_0x1000048fa,122851,True
func_Yt_0x1000048fe,121747,False
func_Yt_0x100004902,122074,False
func_Yt_0x100004908,122064,True
func_Yt_0x10000490c,123236,False
func_Yt_0x100004910,121492,False
func_Yt_0x100004916,122415,True
func_Yt_0x10000491c,122103,False
func_Yt_0x100004922,122750,True
func_Yt_0x100004926,121424,True
func_Yt_0x10000492e,123163,False
func_Yt_0x100004932,122028,False
func_Yt_0x100004934,121961,True
func_Yt_0x100004936,122345,True
func_Yt_0x10000493e,121879,True
func_Yt_0x100004942,121744,False
func_Yt_0x100004944,121487,True
func_Yt_0x100004952,122340,True
func_Yt_0x100004954,122089,True
func_Yt_0x100004958,122228,False
func_Yt_0x10000495a,123123,True
func_Yt_0x100004960,121422,True
func_Yt_0x100004966,121757,True
func_Yt_0x100004968,122265,False
func_Yt_0x10000496a,122154,False
func_Yt_0x10000496c,122176,False
func_Yt_0x10000496e,122556,False
func_Yt_0x100004976,123068,False
func_Yt_0x100004978,123242,False
func_Yt_0x10000497e,123172,False
func_Yt_0x100004980,123267,True
func_Yt_0x100004982,122873,True
func_Yt_0x100004988,123020,True
func_Yt_0x10000498c,122495,False
func_Yt_0x100004990,123077,True
func_Yt_0x100004992,122269,True
func_Yt_0x100004994,122105,True
func_Yt_0x100004996,122376,True
func_Yt_0x10000499a,122536,True
func_Yt_0x1000049a6,122448,False
func_Yt_0x1000049a8,122979,True
func_Yt_0x1000049aa,123122,True
func_Yt_0x1000049b2,122396,False
func_Yt_0x1000049ba,121427,False
func_Yt_0x1000049bc,121669,False
func_Yt_0x1000049be,121888,False
func_Yt_0x1000049d7,122573,True
func_Yt_0x1000049dd,122484,False
func_Yt_0x1000049e4,123087,True
func_Yt_0x100004a64,122110,False
func_Yu_0x10000533b,123174,True
func_Yu_0x10000533f,123311,True
func_Yu_0x100005341,121908,True
func_Yu_0x100005347,122240,True
func_Yu_0x100005543,121562,True
func_Yu_0x100005550,122175,True
func_Z_0x1000035c3,121340,False
func_Z_0x1000035cb,122117,True
func_Z_0x1000035cf,122592,False
func_Z_0x1000037b3,122553,True
func_Z_0x1000037b6,122398,True
func_Z_0x1000037d7,122436,True
func_Z_0x1000037d9,122065,True
func_Z_0x1000037db,122670,True
func_Z_0x1000037dd,122498,False
func_Z_0x1000037df,122112,True
func_Z_0x1000037e1,123278,False
func_Z_0x1000037e3,123309,True
func_Z_0x1000037e7,122993,True
func_Z_0x1000037e9,121555,False
func_Z_0x1000037eb,121747,True
func_Z_0x1000037ed,121423,False
func_Z_0x1000037f3,122968,True
func_Z_0x10000388e,122866,True
func_Z_0x100003894,123197,True
func_Z_0x1000038a2,121570,True
func_Z_0x100003a24,121825,False
func_Z_0x100003a31,122826,False
func_Z_0x100003a33,123234,True
func_Z_0x100003b92,122873,True
func_Z_0x100003c0e,122784,False
func_Z_0x100004155,122653,False
func_Z_0x10000415d,121979,True
func_Z_0x10000416f,122188,False
func_Z_0x100004342,121333,True
func_Z_0x1000043da,121714,True
func_Z_0x1000043dc,121985,True
func_Z_0x100004485,122918,False
func_Z_0x100004ac1,121530,True
func_Z_0x100004ac3,122616,False
func_Z_0x100004ac5,122122,False
func_Z_0x100004acb,123052,True
func_Z_0x100004b86,122604,False
func_Z_0x1000058d0,121988,False
func_Z_0x100005c5e,121371,True
func_Z_0x10000605f,122866,False
func_Z_0x10000652f,121367,True
func_Z_0x10000654f,122622,True
func_Z_0x10000655b,123175,True
func_Z_0x10000655d,122431,True
func_Z_0x1000065f1,123125,True
func_Z_0x100006baf,122027,True
func_Z_0x100006e23,122999,False
func_Z_0x100006fc9,121637,False
func_Z_0x100007029,122098,True
func_Z_0x10000748b,121913,True
func_Z_0x100007492,121898,True
func_Z_0x100007553,122999,False
func_Z_0x100007564,122833,True
func_Z_0x100007ebf,123085,True
func_Z_0x1000085c8,123113,False
func_Z_0x1000085ce,122448,True
func_Z_0x1000085d0,123158,True
func_Z_0x1000085d6,122381,True
func_Z_0x1000085d8,122282,False
func_Z_0x100008d57,121807,True
func_Z_0x100008d59,122050,False
func_Z_0x100008d98,122687,False
func_Z_0x100008d9b,122330,False
func_Z_0x100008ff2,122355,False
func_Z_0x1000098c3,122329,False
func_Z_0x1000098c7,123204,False
func_Z_0x100009b0d,122798,False
func_Z_0x100009b32,122846,False
func_Z_0x100009b3e,121620,True
func_Z_0x100009b40,123192,False
func_Z_0x100009b43,122150,False
func_Z_0x100009c6e,123210,False
func_Z_0x100009c74,121986,False
func_Z_0x100009c9d,121424,True
func_Z_0x10000a13e,122266,True
func_Z_0x10000a174,123316,True
func_Z_0x10000a176,122608,True
func_Z_0x10000a17c,122196,True
func_Z_0x10000a184,121514,True
func_Z_0x10000a378,122970,True
func_Z_0x10000acb6,122565,True
func_Z_0x10000acb8,122972,True
func_Z_0x10000b013,121385,True
func_Z_0x10000b27c,122910,True
func_Z_0x10000b2d8,123138,False
func_Z_0x10000b2ff,121871,True
func_Z_0x10000b614,121956,False
func_Z_0x10000b616,121412,True
func_Z_0x10000b669,121670,True
func_Z_0x10000b83e,123060,False
func_Z_0x10000bd32,121453,True
func_Z_0x10000bd34,122596,True
func_Z_0x10000bd38,122595,True
func_Z_0x10000bd7d,121988,False
func_Z_0x10000bd7f,122065,True
func_Z_0x10000bd87,122716,False
func_Z_0x10000bd89,122644,False
func_Z_0x10000bf65,123022,False
func_Z_0x10000c3ca,123050,False
func_Z_0x10000cff6,122745,False
func_Ze_0x1000038ba,121578,False
func_Ze_0x1000038be,122915,False
func_Ze_0x1000038c0,122529,False
func_Ze_0x1000038c6,123292,True
func_Ze_0x1000038cc,121500,True
func_Ze_0x1000038d0,122445,False
func_Ze_0x1000038d2,122090,True
func_Ze_0x1000038d4,121446,False
func_Ze_0x1000038d8,122473,True
func_Ze_0x1000038dc,122062,True
func_Ze_0x1000038de,121438,False
func_Ze_0x1000038e0,122139,False
func_Ze_0x1000038e2,122254,False
func_Ze_0x1000038e4,122152,False
func_Ze_0x1000038e6,122092,False
func_Ze_0x1000038ec,122254,True
func_Ze_0x1000038ee,121449,False
func_Ze_0x1000038f0,122895,True
func_Ze_0x1000038f6,121914,True
func_Ze_0x1000038f8,123218,False
func_Ze_0x100003902,123138,True
func_Ze_0x100003904,122517,False
func_Ze_0x100003906,122706,False
func_Ze_0x1000044ca,122892,True
func_Ze_0x1000044ce,121655,True
func_Ze_0x10000452e,122699,True
func_Ze_0x100005814,123029,False
func_Ze_0x100005867,121627,True
func_Ze_0x100005ca0,122650,True
func_Ze_0x100005cf8,122610,True
func_Ze_0x100005d16,122166,True
func_Ze_0x100005dee,121737,False
func_Ze_0x100005df4,122862,False
func_Ze_0x100006b27,121938,True
func_Ze_0x100007937,122501,False
func_Ze_0x100008045,121927,False
func_Ze_0x1000092bb,121407,False
func_Ze_0x1000092c1,123041,True
func_Ze_0x1000092c3,121388,False
func_Ze_0x1000092cb,122267,False
func_Ze_0x1000092cf,121623,True
func_Ze_0x1000092e1,122890,False
func_Ze_0x10000a326,123031,False
func_Ze_0x10000a640,121795,False
func_Ze_0x10000a758,122527,False
func_Ze_0x10000a76c,121908,True
func_Ze_0x10000c721,121320,True
func_Ze_0x10000c723,121531,False
func_Ze_0x10000cc5c,122603,False
func_Ze_0x10000cc62,122424,True
func_Ze_0x10000cd03,123030,True
func_Ze_0x10000cfc7,122797,False
func_Ze_0x10000cfd9,122743,False
func_Ze_0x10000d041,121739,False
func_Ze_0x10000d047,122341,True
func_Zi_0x100008653,123027,False
func_Zi_0x100008890,122611,False
func_Zi_0x1000088a8,122940,True
func_Zi_0x10000897a,122216,False
func_Zn_0x1000040a5,123086,False
func_Zn_0x100006645,122733,False
func_Zn_0x10000664a,123241,True
func_Zn_0x100006652,123059,True
func_Zn_0x10000666b,122718,True
func_Zn_0x100006675,122354,False
func_Zn_0x10000670f,121928,False
func_Zn_0x1000067e6,121341,True
func_Zn_0x1000071ae,123136,True
func_Zn_0x100009dd4,123105,False
func_Zn_0x10000c319,121833,False
func_Zn_0x10000c31f,121475,True
func_Zn_0x10000c323,122980,False
func_Zn_0x10000c329,122579,True
func_Zn_0x10000c341,121385,True
func_Zn_0x10000c343,122932,False
func_Zn_0x10000c352,123303,True
func_Zn_0x10000c366,121788,True
func_Zn_0x10000c368,121501,False
func_Zr_0x10000b3e5,123046,True
func_Zr_0x10000c332,121861,True
func_Zt_0x100004f20,122330,True
func_Zt_0x100004f22,121885,True
func_Zt_0x100004f2d,121670,True
func_Zt_0x100004f2f,121995,False
func_Zt_0x100004f31,121355,False
func_Zt_0x10000505c,121498,True
func_Zt_0x100005066,121870,True
func_Zt_0x10000506e,121340,True
func_Zt_0x100005086,123247,False
func_Zt_0x10000509e,121694,False
func_Zt_0x1000050a8,122163,False
func_Zt_0x1000050ba,122923,True
func_Zt_0x1000050c6,121542,True
func_Zt_0x1000050d0,123001,False
func_Zt_0x1000050fa,121669,True
func_Zt_0x1000050fc,122293,False
func_Zt_0x100005106,122619,True
func_Zt_0x10000511c,122259,False
func_Zt_0x100005120,121992,False
func_Zt_0x100005126,123086,True
func_Zt_0x10000512a,122401,False
func_Zt_0x100005148,121691,False
func_Zt_0x100005171,121394,False
func_Zt_0x100005199,121700,True
func_Zt_0x10000519b,121408,True
func_a_0x10000009d,122612,False
func_a_0x1000000a9,121721,False
func_a_0x100000136,121616,True
func_a_0x10000023f,122193,True
func_a_0x1000002f4,122127,True
func_a_0x100000330,121868,False
func_a_0x100000336,122812,True
func_a_0x10000037b,121812,True
func_a_0x100000393,121836,True
func_a_0x1000003ac,122861,True
func_a_0x1000003b4,122585,True
func_a_0x1000003fc,121423,True
func_a_0x10000040c,121948,True
func_a_0x100000452,121382,True
func_a_0x100000458,121845,True
func_a_0x10000047c,122464,True
func_a_0x10000048c,122915,True
func_a_0x10000049e,123019,False
func_a_0x1000004e8,121549,False
func_a_0x10000053b,122848,True
func_a_0x10000054d,122840,True
func_a_0x10000055f,122382,False
func_a_0x10000058d,122674,False
func_a_0x1000005b2,121701,False
func_a_0x1000005c8,122822,True
func_a_0x1000005ca,121509,False
func_a_0x10000089e,123196,True
func_a_0x10000094c,121868,True
func_a_0x10000094f,122470,False
func_a_0x10000337b,122986,True
func_a_0x100003a8a,122572,False
func_a_0x100003b57,122425,True
func_a_0x100003c7e,122362,True
func_a_0x100003de6,122068,True
func_a_0x100003e15,121790,True
func_a_0x100003e70,121513,False
func_a_0x10000417e,122848,False
func_a_0x1000045a7,121515,True
func_a_0x1000045b4,121456,False
func_a_0x1000045c8,121955,False
func_a_0x100004ba0,122249,True
func_a_0x100004c88,121338,False
func_a_0x100004ccb,123222,True
func_a_0x100005216,123131,False
func_a_0x100005615,121995,False
func_a_0x100005b01,123065,False
func_a_0x100005c7a,121491,False
func_a_0x100005d83,122663,True
func_a_0x100005f90,121649,False
func_a_0x100005fd2,121458,True
func_a_0x10000636d,122691,True
func_a_0x1000068cd,121454,True
func_a_0x10000694b,121879,True
func_a_0x10000695d,122716,False
func_a_0x100006962,122919,False
func_a_0x100006967,122077,False
func_a_0x100006a83,121517,False
func_a_0x100006aac,122138,True
func_a_0x100006feb,121534,False
func_a_0x10000723f,122445,True
func_a_0x10000747c,121824,True
func_a_0x1000074a2,122819,False
func_a_0x1000074c0,123093,False
func_a_0x10000790b,121478,False
func_a_0x10000798a,121475,True
func_a_0x1000079f8,122076,False
func_a_0x100008247,121843,False
func_a_0x100008254,121618,True
func_a_0x100008283,121941,False
func_a_0x10000834e,121360,False
func_a_0x100008582,121430,True
func_a_0x10000862c,122679,True
func_a_0x100008a8b,122549,True
func_a_0x100008b50,122217,True
func_a_0x100008cd1,121881,True
func_a_0x100008d61,121635,False
func_a_0x100008d69,122807,True
func_a_0x100008db8,122790,False
func_a_0x10000924e,123141,True
func_a_0x1000095f7,121577,False
func_a_0x100009668,122267,True
func_a_0x100009700,122560,True
func_a_0x100009755,121378,False
func_a_0x10000976b,122097,True
func_a_0x100009c3b,122209,False
func_a_0x10000a3ce,123081,True
func_a_0x10000a40a,122408,False
func_a_0x10000a54a,121520,True
func_a_0x10000a551,123258,True
func_a_0x10000a561,123281,False
func_a_0x10000a5a3,122722,False
func_a_0x10000a5c7,122570,True
func_a_0x10000a5d5,121407,False
func_a_0x10000a81b,121887,True
func_a_0x10000a84b,123093,False
func_a_0x10000a861,121458,True
func_a_0x10000a87e,122183,False
func_a_0x10000a979,122139,False
func_a_0x10000a98d,121398,True
func_a_0x10000a9a1,122119,False
func_a_0x10000a9bd,121613,True
func_a_0x10000a9c7,122029,False
func_a_0x10000aa14,122424,False
func_a_0x10000aa39,122287,True
func_a_0x10000aa4b,122319,True
func_a_0x10000aa66,122816,False
func_a_0x10000ac44,121608,True
func_a_0x10000ac4d,122941,False
func_a_0x10000ac5b,122604,True
func_a_0x10000b027,122045,True
func_a_0x10000b032,122899,False
func_a_0x10000b053,121623,True
func_a_0x10000b05b,122044,False
func_a_0x10000b072,121543,True
func_a_0x10000b49a,121912,False
func_a_0x10000b5af,122683,False
func_a_0x10000b5fc,121700,True
func_a_0x10000b686,122077,False
func_a_0x10000b825,122141,False
func_a_0x10000b82c,121985,True
func_a_0x10000b882,122754,False
func_a_0x10000b905,123084,True
func_a_0x10000bd4e,122713,True
func_a_0x10000bf03,121927,True
func_a_0x10000bf09,121376,True
func_a_0x10000bf0f,122269,True
func_a_0x10000bff4,121525,True
func_a_0x10000c1cc,123085,True
func_a_0x10000c257,122301,True
func_a_0x10000c425,121641,True
func_a_0x10000c5b6,122696,True
func_a_0x10000c87b,121351,True
func_a_0x10000cd06,122249,True
func_a_0x10000d0ca,122112,True
func_a_0x10000d0d4,121350,False
func_ae_0x100003aa2,122447,True
func_ae_0x100003aa4,121593,False
func_ae_0x100003ab0,122533,False
func_ae_0x100003ab2,122428,False
func_ae_0x100003ab4,122931,True
func_ae_0x100003abc,122184,True
func_ae_0x100003e68,121378,True
func_ae_0x100003f06,122836,True
func_ae_0x1000041cc,122303,True
func_ae_0x10000572f,123039,True
func_ae_0x100005733,122544,True
func_ae_0x100005735,122397,False
func_ae_0x100005737,122754,True
func_ae_0x100005745,121443,True
func_ae_0x100005754,122489,True
func_ae_0x100005758,122057,True
func_ae_0x100005760,121820,False
func_ae_0x100005a17,123255,True
func_ae_0x100005a1b,123290,True
func_ae_0x100005af2,123051,False
func_ae_0x100005af4,121626,False
func_ae_0x100005af6,122639,False
func_ae_0x100005b98,123313,False
func_ae_0x100005b9a,122911,False
func_ae_0x10000630e,121674,True
func_ae_0x100006310,122744,False
func_ae_0x100006328,123179,True
func_ae_0x100007a2a,121676,True
func_ae_0x100007a30,121625,True
func_ae_0x100007aa9,123130,True
func_ae_0x10000813b,121370,True
func_ae_0x10000983b,122659,False
func_ae_0x100009f38,122946,True
func_ae_0x100009f63,121365,True
func_ae_0x100009f69,121818,False
func_ae_0x100009f6d,123064,False
func_ae_0x100009f71,121901,True
func_ae_0x100009f73,122550,False
func_ae_0x100009f79,123251,False
func_ae_0x100009f83,122508,False
func_ae_0x100009f85,123199,False
func_ae_0x100009f89,121722,False
func_ae_0x10000a2c8,121898,True
func_ae_0x10000a627,121623,True
func_ae_0x10000aabb,122250,False
func_ae_0x10000ab92,121382,False
func_ae_0x10000aba3,122014,False
func_ae_0x10000abc1,122402,False
func_ae_0x10000b531,122459,False
func_ae_0x10000c0e9,123057,True
func_ae_0x10000c22b,122932,True
func_ae_0x10000c71d,122316,False
func_ae_0x10000c755,123109,True
func_ae_0x10000cdf7,122706,True
func_ae_0x10000ce7b,122437,False
func_ae_0x10000ce7d,122679,True
func_ae_0x10000ce83,121487,True
func_ae_0x10000ce85,122036,True
func_ae_0x10000ce87,121363,False
func_ae_0x10000d017,121349,False
func_ae_0x10000d01c,122162,False
func_ae_0x10000d04a,121864,True
func_ae_0x10000d07a,123055,False
func_ai_0x100003601,123114,True
func_ai_0x100003609,122871,True
func_ai_0x10000360b,122983,False
func_ai_0x10000b7e6,122496,True
func_ai_0x10000b7e8,123187,False
func_ai_0x10000b7f6,121822,True
func_ai_0x10000b7fe,122916,True
func_ai_0x10000cba6,121454,False
func_ai_0x10000cbae,122803,True
func_an_0x100000808,121706,False
func_an_0x100000812,121417,False
func_an_0x100000818,121647,True
func_an_0x10000081a,121450,False
func_an_0x100000820,121580,True
func_an_0x100000822,122028,False
func_an_0x100000824,122698,False
func_an_0x100000828,122416,False
func_an_0x10000342b,122401,False
func_an_0x10000342d,122910,True
func_an_0x100003435,122946,False
func_an_0x10000343b,123074,True
func_an_0x10000343f,122924,False
func_an_0x100003441,122885,True
func_an_0x100003642,122094,True
func_an_0x100006660,123208,True
func_at_0x100004d57,123211,True
func_at_0x100004d72,121444,False
func_at_0x10000614b,122130,False
func_at_0x10000614d,121666,False
func_at_0x100006151,122784,False
func_at_0x100006159,122893,True
func_at_0x10000615b,122366,True
func_at_0x100006167,122126,True
func_at_0x100007b94,122859,False
func_at_0x100008529,122679,False
func_at_0x100008e0e,123041,True
func_at_0x1000090af,123092,False
func_at_0x100009465,121490,False
func_at_0x10000946f,122027,False
func_at_0x100009471,122560,False
func_at_0x100009473,122074,True
func_at_0x10000b160,122421,True
func_at_0x10000b170,122078,True
func_at_0x10000b174,121938,True
func_at_0x10000b178,121640,False
func_at_0x10000b17c,121441,False
func_at_0x10000b1b4,123188,True
func_at_0x10000b1c0,123030,False
func_at_0x10000b1d6,121986,True
func_at_0x10000c099,123130,True
func_at_0x10000cc6d,122924,True
func_b_0x100000152,123128,False
func_b_0x1000001d8,122846,True
func_b_0x1000002e9,121628,True
func_b_0x1000002eb,121713,True
func_b_0x1000002f1,122849,False
func_b_0x1000005dc,122746,False
func_b_0x100000902,121407,False
func_b_0x100003392,123183,False
func_b_0x1000039db,122086,True
func_b_0x1000039df,122127,True
func_b_0x1000039e1,122708,False
func_b_0x100003a49,122731,False
func_b_0x100003a70,121864,False
func_b_0x100003a76,122775,True
func_b_0x100003b50,122747,True
func_b_0x100003b79,122508,True
func_b_0x100003b7b,122387,True
func_b_0x100003bfb,122208,True
func_b_0x100003c23,121656,False
func_b_0x100003c9a,122020,True
func_b_0x100003c9c,121544,True
func_b_0x100003ca0,122191,True
func_b_0x100003dd3,121651,False
func_b_0x100003dd9,122429,True
func_b_0x100003e86,122108,False
func_b_0x1000041eb,121328,False
func_b_0x1000041f4,121850,True
func_b_0x1000041fe,122364,True
func_b_0x1000045b6,121550,True
func_b_0x1000045bc,122374,True
func_b_0x100004b1c,122239,False
func_b_0x100004b33,122739,True
func_b_0x100004be6,123101,False
func_b_0x100004bec,121395,True
func_b_0x100004c16,121389,True
func_b_0x100004d05,122294,False
func_b_0x1000051b1,121654,False
func_b_0x10000565b,121805,True
func_b_0x100005661,121746,False
func_b_0x100005665,121490,False
func_b_0x100005672,121673,False
func_b_0x100005707,122044,True
func_b_0x100005d5b,122952,True
func_b_0x100005fa7,123125,True
func_b_0x100005fe1,122178,True
func_b_0x100005feb,122090,True
func_b_0x100006104,122410,True
func_b_0x1000062d4,121407,False
func_b_0x100006528,121382,True
func_b_0x1000065a4,122112,False
func_b_0x10000743c,123104,True
func_b_0x1000079c7,122384,True
func_b_0x100007c57,121702,True
func_b_0x100007e8a,121382,False
func_b_0x100007e8d,122130,False
func_b_0x100007efc,122548,False
func_b_0x100007eff,122711,True
func_b_0x100007f01,122442,False
func_b_0x100007f8d,121871,False
func_b_0x100008cb7,123223,False
func_b_0x100008d70,123274,True
func_b_0x100008db0,123286,True
func_b_0x100008ef4,123063,False
func_b_0x100008f53,122666,False
func_b_0x100008f55,122465,True
func_b_0x100008f59,122105,True
func_b_0x100009165,121516,False
func_b_0x100009168,122340,False
func_b_0x100009211,121521,True
func_b_0x100009241,122591,False
func_b_0x1000094f3,123053,True
func_b_0x1000094f5,123263,False
func_b_0x1000094f9,122951,False
func_b_0x100009560,122550,False
func_b_0x1000098e1,122805,False
func_b_0x1000098ec,122653,True
func_b_0x100009b68,122011,True
func_b_0x100009cd1,121428,False
func_b_0x10000a05d,123120,True
func_b_0x10000a19c,121364,False
func_b_0x10000a218,123053,True
func_b_0x10000a452,121482,False
func_b_0x10000a4b4,121340,True
func_b_0x10000a5de,122326,True
func_b_0x10000a5ed,121868,True
func_b_0x10000a709,121855,True
func_b_0x10000a851,121557,False
func_b_0x10000a905,122314,False
func_b_0x10000ab06,121834,False
func_b_0x10000ae39,122485,False
func_b_0x10000b49b,122791,True
func_b_0x10000b4b6,122002,False
func_b_0x10000b4c9,122987,False
func_b_0x10000bff7,121663,False
func_b_0x10000c3bd,122990,True
func_b_0x10000c42b,122493,False
func_b_0x10000c4a8,122668,False
func_b_0x10000c887,122194,True
func_b_0x10000cf31,123283,True
func_b_0x10000cf3f,122302,True
func_be_0x100003976,122559,False
func_be_0x100003978,121347,False
func_be_0x100003ee0,122847,False
func_be_0x100003ee2,123274,True
func_be_0x100003ee6,122605,False
func_be_0x100003ee8,121347,False
func_be_0x100003eea,122633,False
func_be_0x100003eec,123250,True
func_be_0x100003eee,121885,False
func_be_0x100003ef0,121513,True
func_be_0x1000044fc,122551,True
func_be_0x100004e58,121488,True
func_be_0x100004e5a,122548,True
func_be_0x100004e63,121956,True
func_be_0x100004e73,122018,True
func_be_0x100004ea0,122337,False
func_be_0x100004ea6,121852,True
func_be_0x10000573e,121774,True
func_be_0x100005827,121611,True
func_be_0x10000582c,122388,True
func_be_0x100005862,121555,False
func_be_0x100005907,122609,True
func_be_0x100005b4b,122977,True
func_be_0x100005b51,121539,False
func_be_0x100005b53,122400,True
func_be_0x100005b5a,122961,False
func_be_0x100005b67,122845,False
func_be_0x100005b6e,122379,False
func_be_0x100005b8e,122156,True
func_be_0x100005eb5,122216,False
func_be_0x1000063b0,121711,True
func_be_0x1000063b4,122048,True
func_be_0x1000063b6,122220,True
func_be_0x1000070a9,122533,True
func_be_0x1000070ad,123000,False
func_be_0x1000070af,122250,True
func_be_0x1000070b3,122094,False
func_be_0x1000070b5,121767,True
func_be_0x100007ac6,121327,False
func_be_0x100008057,122004,False
func_be_0x100008059,122721,False
func_be_0x100008137,122229,False
func_be_0x10000813e,121397,True
func_be_0x1000093b4,122604,True
func_be_0x10000983e,122771,False
func_be_0x10000a31c,121871,False
func_be_0x10000a32d,122258,True
func_be_0x10000a339,121781,True
func_be_0x10000ab9e,122510,True
func_be_0x10000aba0,123056,True
func_be_0x10000aba4,122348,False
func_be_0x10000aba6,122314,True
func_be_0x10000abaa,122701,True
func_be_0x10000abb3,123163,False
func_be_0x10000abb5,122237,False
func_be_0x10000abc2,122330,True
func_be_0x10000b0b1,121997,False
func_be_0x10000b564,123197,True
func_be_0x10000c3d4,122928,True
func_be_0x10000c3da,121888,True
func_be_0x10000c3dc,122018,True
func_be_0x10000c3e2,121838,False
func_be_0x10000cc4f,121769,False
func_be_0x10000cc57,123165,True
func_be_0x10000ccfd,122944,False
func_be_0x10000cf59,122447,True
func_bi_0x10000cbc1,122677,False
func_bo_0x10000b7f9,122680,False
func_bo_0x10000cb5a,121946,False
func_bo_0x10000cb5e,122716,True
func_br_0x100004131,121879,True
func_br_0x100004143,122262,True
func_br_0x100004145,121637,False
func_br_0x100006c89,123301,False
func_br_0x100008e13,121745,True
func_br_0x100008e25,122468,True
func_br_0x10000af2a,122973,True
func_br_0x10000afbc,122493,False
func_bt_0x100004d9b,122597,False
func_bt_0x100004d9f,122150,False
func_bt_0x100004daf,121640,False
func_bt_0x100005e75,121903,True
func_bt_0x100005e7b,123043,True
func_bt_0x100005eaa,121426,False
func_bt_0x100006a2f,122255,False
func_bt_0x10000906b,123143,True
func_bt_0x10000907b,123008,True
func_bt_0x100009085,123088,True
func_bt_0x100009087,122555,True
func_bt_0x100009089,122552,False
func_bt_0x10000908b,121414,False
func_bt_0x10000909d,122357,True
func_bt_0x1000090b8,122920,True
func_bt_0x100009492,122775,True
func_bt_0x1000094a2,122490,True
func_bt_0x10000acd7,122704,False
func_bt_0x10000acd9,122210,True
func_bt_0x10000c746,122342,True
func_bt_0x10000c7fe,122155,True
func_bt_0x10000c800,121374,True
func_bt_0x10000c802,123025,True
func_bt_0x10000c80a,121740,False
func_bt_0x10000c812,122300,True
func_bt_0x10000c814,122056,False
func_bt_0x10000c81f,122543,True
func_bt_0x10000c827,121707,True
func_bt_0x10000c82d,122721,False
func_bt_0x10000c83a,122290,True
func_bt_0x10000c847,122439,True
func_bt_0x10000c84b,121866,False
func_bt_0x10000ca1f,123256,False
func_bt_0x10000ca21,121451,False
func_bt_0x10000d02e,121453,False
func_bu_0x10000cbc5,122544,True
func_bu_0x10000cbc7,121833,True
func_c2_0x1000088f0,122354,False
func_c_0x100000046,121832,True
func_c_0x1000000f9,121588,True
func_c_0x1000000fd,122327,True
func_c_0x100000162,122555,False
func_c_0x10000020d,122921,False
func_c_0x10000033c,122540,True
func_c_0x100000387,122811,True
func_c_0x100000418,122080,False
func_c_0x100000445,122702,True
func_c_0x100000490,121508,True
func_c_0x100000537,123287,True
func_c_0x100000540,121642,True
func_c_0x100000543,121784,True
func_c_0x100000548,123099,True
func_c_0x10000056b,121619,True
func_c_0x1000005d3,121669,False
func_c_0x1000008c6,122864,False
func_c_0x1000008d5,123037,True
func_c_0x100000965,122424,True
func_c_0x100003849,122300,False
func_c_0x100003855,122502,True
func_c_0x100003995,122456,False
func_c_0x1000039e6,121989,True
func_c_0x100003b5c,121591,False
func_c_0x100003c35,122049,False
func_c_0x100003c84,122366,True
func_c_0x100003d5d,122619,False
func_c_0x100003d7b,122559,False
func_c_0x100003db8,121406,False
func_c_0x100003dc5,122889,False
func_c_0x100004203,121495,False
func_c_0x1000042f4,121779,True
func_c_0x100004305,122777,True
func_c_0x100004ad3,123145,False
func_c_0x100004b19,122478,False
func_c_0x100004bbc,121615,False
func_c_0x100004bc7,121449,False
func_c_0x100004bf1,122751,False
func_c_0x100004c70,121336,False
func_c_0x100004c9c,122005,False
func_c_0x100004cc3,122875,False
func_c_0x100004cf6,121760,False
func_c_0x100004d3b,121955,False
func_c_0x10000522d,123193,False
func_c_0x100005691,121963,False
func_c_0x1000056bb,121983,False
func_c_0x100005a0b,121770,True
func_c_0x100005c18,123149,False
func_c_0x100005c7f,123002,True
func_c_0x1000060a0,121472,False
func_c_0x1000060fb,122089,False
func_c_0x100006125,121325,True
func_c_0x100006919,123061,True
func_c_0x10000692b,122331,True
func_c_0x1000073d1,121984,False
func_c_0x100007450,121555,False
func_c_0x1000074d2,123106,True
func_c_0x10000753e,121429,True
func_c_0x1000075bb,121708,True
func_c_0x100007775,122353,True
func_c_0x1000079b0,122860,True
func_c_0x1000079c6,122471,True
func_c_0x100007a9e,121639,True
func_c_0x100007c5c,121864,True
func_c_0x100007f4c,121376,False
func_c_0x100008069,121549,True
func_c_0x1000085ec,121650,False
func_c_0x1000089d2,122505,True
func_c_0x1000089de,122959,False
func_c_0x1000089ef,122894,False
func_c_0x100008a81,122723,False
func_c_0x100008ae6,122649,False
func_c_0x100008c0e,122227,False
func_c_0x100008c1b,122080,False
func_c_0x100008c1e,121319,False
func_c_0x100008cff,123147,False
func_c_0x100008d2b,121413,True
func_c_0x10000919f,122266,False
func_c_0x10000958d,121788,False
func_c_0x10000959e,122507,False
func_c_0x100009778,122400,True
func_c_0x1000097d4,122987,False
func_c_0x100009897,121694,True
func_c_0x100009b74,121723,False
func_c_0x100009ba1,122997,False
func_c_0x10000a275,122796,True
func_c_0x10000a44b,122732,True
func_c_0x10000a4a1,123288,False
func_c_0x10000a523,121541,True
func_c_0x10000a569,123014,False
func_c_0x10000a570,122398,True
func_c_0x10000a7d5,122453,False
func_c_0x10000a7f0,123147,False
func_c_0x10000a7ff,121607,False
func_c_0x10000a808,122364,False
func_c_0x10000a823,123134,False
func_c_0x10000a82d,121908,True
func_c_0x10000a886,123199,False
func_c_0x10000a88e,123194,True
func_c_0x10000a898,121722,True
func_c_0x10000a8e7,122478,True
func_c_0x10000a926,123001,False
func_c_0x10000a997,122500,True
func_c_0x10000a9ab,122883,True
func_c_0x10000aae7,122882,False
func_c_0x10000ab29,121567,True
func_c_0x10000ac7d,123211,True
func_c_0x10000ae70,121321,True
func_c_0x10000b024,123303,True
func_c_0x10000b04e,122190,False
func_c_0x10000b13f,122018,True
func_c_0x10000b4f3,123063,True
func_c_0x10000b678,122595,False
func_c_0x10000b691,122888,True
func_c_0x10000b88f,122769,False
func_c_0x10000b90c,121356,False
func_c_0x10000be4e,122620,True
func_c_0x10000c260,121571,False
func_c_0x10000c6c2,123012,False
func_c_0x10000cbe5,121446,True
func_c_0x10000ceaa,121811,True
func_c_0x10000d083,122651,True
func_c_0x10000d0b9,122917,True
func_ce_0x100003e2a,121897,True
func_ce_0x100003f0c,121765,False
func_ce_0x100003fd1,121832,False
func_ce_0x100003fd7,121757,False
func_ce_0x100004025,122376,True
func_ce_0x1000043a0,121348,False
func_ce_0x100005889,123134,False
func_ce_0x100005896,121847,False
func_ce_0x10000589e,123244,True
func_ce_0x1000058d4,122508,False
func_ce_0x100005a1d,122831,False
func_ce_0x100005b7d,123069,True
func_ce_0x100005ba4,122587,False
func_ce_0x100005ee1,121496,True
func_ce_0x100006324,122625,False
func_ce_0x10000632e,123263,False
func_ce_0x1000063af,121911,True
func_ce_0x1000064bc,122218,False
func_ce_0x1000064be,123311,True
func_ce_0x1000064e3,122223,True
func_ce_0x100006f81,122886,False
func_ce_0x10000707b,122369,True
func_ce_0x1000073db,122508,False
func_ce_0x100007601,123098,True
func_ce_0x100007d03,122408,False
func_ce_0x100008127,121901,True
func_ce_0x100008fe6,121377,False
func_ce_0x1000093f3,121329,True
func_ce_0x100009839,121734,False
func_ce_0x100009843,122083,True
func_ce_0x100009f3e,122278,True
func_ce_0x10000a008,123133,False
func_ce_0x10000a02b,122309,False
func_ce_0x10000a02f,123268,True
func_ce_0x10000a49b,123138,False
func_ce_0x10000a6b5,122961,True
func_ce_0x10000acc1,122193,False
func_ce_0x10000acc3,121688,True
func_ce_0x10000b2c4,122880,True
func_ce_0x10000b2cc,122908,False
func_ce_0x10000bde5,122484,False
func_ce_0x10000bdec,122586,True
func_ce_0x10000bebc,122723,False
func_ce_0x10000bebe,121520,True
func_ce_0x10000bec0,122595,True
func_ce_0x10000bec2,121477,True
func_ce_0x10000bed0,121604,False
func_ce_0x10000bed9,122183,False
func_ce_0x10000bedb,122735,False
func_ce_0x10000bee7,121358,False
func_ce_0x10000beea,122483,True
func_ce_0x10000bf96,121615,True
func_ce_0x10000bf98,121838,True
func_ce_0x10000bf9a,122270,False
func_ce_0x10000bf9c,122703,False
func_ce_0x10000bfaa,121583,True
func_ce_0x10000bfac,122783,False
func_ce_0x10000bfae,122773,False
func_ce_0x10000c158,122100,True
func_ce_0x10000c192,122674,True
func_ce_0x10000c752,121478,False
func_ce_0x10000cde5,121777,False
func_ce_0x10000cdea,121585,True
func_ce_0x10000cdf0,122948,False
func_cn_0x100004d7b,121405,True
func_cn_0x100005e59,121355,True
func_cn_0x100008df1,123151,False
func_cn_0x100008e0f,123075,False
func_cn_0x100008e11,121851,False
func_cn_0x100009478,122625,True
func_cr_0x10000844b,121317,True
func_cr_0x100009a8e,121332,True
func_cr_0x100009a90,122740,True
func_cr_0x100009a98,121976,False
func_cr_0x100009ac5,122587,False
func_cr_0x100009ac7,123033,True
func_cr_0x100009ad9,123009,False
func_cr_0x100009adf,121885,False
func_cs_0x1000088ef,121691,True
func_ct_0x100004435,122849,True
func_ct_0x100004437,121325,True
func_ct_0x100004441,121923,False
func_ct_0x100004443,122102,False
func_ct_0x100004445,122257,False
func_ct_0x100004d45,122180,True
func_ct_0x100006436,121365,False
func_ct_0x100007328,122807,False
func_ct_0x10000732b,121530,True
func_ct_0x100008e33,122678,True
func_ct_0x10000948d,122767,False
func_ct_0x1000094a5,122996,False
func_ct_0x1000094a7,121895,False
func_ct_0x1000094b0,121871,True
func_ct_0x10000b1be,121491,False
func_ct_0x10000b1c8,122284,False
func_ct_0x10000b1d0,123129,True
func_ct_0x10000c732,121332,True
func_dA_0x1000088f2,121719,True
func_de_0x100003f0f,121899,False
func_de_0x100003fd0,122614,True
func_de_0x100003fd6,122227,False
func_de_0x100003fdc,123093,False
func_de_0x100004027,123139,True
func_de_0x100004a94,121538,False
func_de_0x100004aa9,122663,False
func_de_0x100004e92,122773,True
func_de_0x100004e98,122585,False
func_de_0x100004ead,121478,False
func_de_0x100005877,121578,True
func_de_0x100005879,121380,False
func_de_0x100005881,122689,True
func_de_0x100005891,121882,False
func_de_0x1000062ee,122372,True
func_de_0x1000063e1,121663,False
func_de_0x1000063e7,121815,True
func_de_0x1000063f5,123075,False
func_de_0x100007016,122726,True
func_de_0x100007074,122111,True
func_de_0x1000073d8,122016,True
func_de_0x1000073e9,121537,True
func_de_0x1000073ef,121719,True
func_de_0x1000073f1,122495,False
func_de_0x1000073f3,123274,True
func_de_0x100007606,121610,False
func_de_0x10000763c,121742,True
func_de_0x10000764c,123171,True
func_de_0x10000764e,121934,False
func_de_0x100007652,122648,True
func_de_0x100007658,122451,True
func_de_0x10000765a,123103,True
func_de_0x10000765c,122420,False
func_de_0x10000765e,121741,True
func_de_0x100007734,121619,False
func_de_0x100007d07,121608,True
func_de_0x100008fe1,122927,False
func_de_0x100009ca8,122650,False
func_de_0x10000a6b9,121765,True
func_de_0x10000a6bd,122199,False
func_de_0x10000a6c3,121715,True
func_de_0x10000a6c6,121318,False
func_de_0x10000a6d6,121962,True
func_de_0x10000ae0c,122870,True
func_de_0x10000b07c,122388,True
func_de_0x10000b281,121601,False
func_de_0x10000b2ad,122086,False
func_de_0x10000b53a,122396,True
func_de_0x10000b546,121497,False
func_de_0x10000bbe0,122618,True
func_de_0x10000bdd2,122295,False
func_de_0x10000bdd7,122240,True
func_de_0x10000bde9,122417,False
func_de_0x10000be81,122906,True
func_de_0x10000c215,122648,False
func_de_0x10000c217,121435,False
func_de_0x10000c46f,122710,False
func_de_0x10000c473,121478,False
func_de_0x10000c708,122419,True
func_de_0x10000c75c,122626,False
func_de_0x10000c764,121657,True
func_de_0x10000c766,123259,False
func_de_0x10000c768,122223,False
func_de_0x10000c76a,121522,False
func_de_0x10000cd20,122097,True
func_de_0x10000cd79,122447,False
func_de_0x10000cdb5,121419,False
func_de_0x10000cdbf,121473,False
func_de_0x10000cdc4,122247,False
func_de_0x10000cdca,122718,False
func_de_0x10000cdd0,122833,False
func_de_0x10000cdd2,121924,True
func_de_0x10000cdd6,122100,True
func_de_0x10000cdec,122374,True
func_de_0x10000ce22,122455,False
func_de_0x10000ce39,121763,True
func_de_0x10000cf15,122316,True
func_dn_0x100005a3f,121948,True
func_dn_0x1000067a3,122923,True
func_dn_0x1000067c1,122322,False
func_dn_0x100006853,122225,False
func_dn_0x100008078,121496,False
func_dn_0x10000807a,122586,True
func_dn_0x100008081,122077,True
func_dn_0x1000080da,121922,False
func_dn_0x10000af11,123049,True
func_dn_0x10000c27d,123167,True
func_dn_0x10000c27f,122761,True
func_dn_0x10000c306,122176,False
func_dn_0x10000c308,123061,False
func_dn_0x10000c30a,122612,False
func_dn_0x10000c30e,121662,True
func_dn_0x10000c371,121697,False
func_dn_0x10000c3a9,123167,False
func_dn_0x10000c92a,121808,True
func_dn_0x10000c93d,122917,True
func_dn_0x10000c93f,123227,False
func_dn_0x10000c941,121378,False
func_dn_0x10000c943,123145,True
func_dn_0x10000c945,122617,True
func_dn_0x10000c949,123248,True
func_dn_0x10000c94d,122419,True
func_dn_0x10000c94f,122406,True
func_dn_0x10000c951,121659,False
func_dn_0x10000c955,121822,False
func_dn_0x10000c95b,121463,False
func_dn_0x10000c95f,123060,False
func_dn_0x10000c965,121449,True
func_dn_0x10000c96d,122718,True
func_dn_0x10000c96f,122145,False
func_dn_0x10000c979,122118,True
func_dn_0x10000c97b,122220,True
func_dn_0x10000c97f,123138,True
func_dn_0x10000c981,121984,False
func_dn_0x10000c983,123190,True
func_dn_0x10000c98d,122927,True
func_dt_0x10000083c,122106,False
func_dt_0x100004096,122547,False
func_dt_0x1000067c7,123283,False
func_dt_0x100009db1,121319,True
func_dt_0x10000af3c,123059,False
func_dt_0x10000af3e,123046,True
func_dt_0x10000af42,121399,True
func_dt_0x10000af46,123023,False
func_dt_0x10000c0d8,121797,False
func_dt_0x10000c326,123178,True
func_dt_0x10000c35a,121927,False
func_dt_0x10000c35c,122952,True
func_dt_0x10000c361,123258,True
func_dt_0x10000c363,122216,True
func_dt_0x10000c38a,122364,True
func_dt_0x10000c394,122131,False
func_du_0x100004a0f,122013,True
func_du_0x100004a39,122575,True
func_du_0x100004a45,122971,True
func_e_0x100000042,122701,False
func_e_0x100000255,122261,False
func_e_0x10000025c,121721,False
func_e_0x100000385,122751,False
func_e_0x1000003c4,122253,False
func_e_0x1000003fa,122577,True
func_e_0x100000433,121843,False
func_e_0x100000473,122151,True
func_e_0x1000004ed,122003,True
func_e_0x1000005a4,123138,False
func_e_0x1000005fc,123175,True
func_e_0x1000008c9,123218,False
func_e_0x1000008d3,122282,False
func_e_0x1000008e5,122222,True
func_e_0x1000008f5,121694,True
func_e_0x10000090f,122956,False
func_e_0x100000916,122178,True
func_e_0x10000091e,121412,True
func_e_0x10000093d,123082,False
func_e_0x1000009ac,123251,True
func_e_0x10000338a,121740,True
func_e_0x10000454d,121784,True
func_e_0x100004550,122747,True
func_e_0x100004553,122370,True
func_e_0x100004558,123135,False
func_e_0x10000455f,121402,False
func_e_0x100004574,122011,False
func_e_0x10000457c,123130,False
func_e_0x100004581,122425,True
func_e_0x100004585,121682,False
func_e_0x100004599,122993,False
func_e_0x100004ad9,121704,False
func_e_0x100005230,123144,True
func_e_0x100005640,121930,False
func_e_0x100005696,122628,False
func_e_0x10000586d,123267,True
func_e_0x1000058dc,122662,False
func_e_0x100005afd,122062,True
func_e_0x100005b1b,123206,True
func_e_0x100005b3e,122742,True
func_e_0x100005d20,121830,True
func_e_0x100005d22,123032,True
func_e_0x100005d38,121926,True
func_e_0x100005de2,123035,True
func_e_0x100005dea,121683,True
func_e_0x100005df8,121771,True
func_e_0x100005ec5,121441,True
func_e_0x10000625a,122594,True
func_e_0x10000625e,121498,False
func_e_0x100006264,122698,False
func_e_0x100006266,122945,False
func_e_0x10000626b,121603,True
func_e_0x1000063fb,122577,True
func_e_0x100006b36,122145,False
func_e_0x10000793b,123172,True
func_e_0x100007944,122481,False
func_e_0x100007ac7,121816,False
func_e_0x100007ac9,121965,True
func_e_0x100007ad2,122322,False
func_e_0x100007ad4,122839,False
func_e_0x100009585,122683,True
func_e_0x10000958a,121529,True
func_e_0x1000095aa,121756,True
func_e_0x1000095b5,122007,False
func_e_0x1000095ea,122930,False
func_e_0x1000095fa,122268,True
func_e_0x10000a4ff,121609,False
func_e_0x10000a573,123093,True
func_e_0x10000a587,121688,True
func_e_0x10000a58a,121951,True
func_e_0x10000aada,121598,True
func_e_0x10000b31e,121426,True
func_e_0x10000b5b2,121682,True
func_e_0x10000b5d3,122704,False
func_e_0x10000b609,123042,False
func_e_0x10000b93f,121372,False
func_e_0x10000b943,121667,False
func_e_0x10000b945,123013,True
func_e_0x10000b949,122840,False
func_e_0x10000b951,122704,False
func_e_0x10000b955,122038,False
func_e_0x10000b957,123074,False
func_e_0x10000b95b,122421,True
func_e_0x10000b95d,122819,True
func_e_0x10000b95f,122135,False
func_e_0x10000b969,123014,False
func_e_0x10000b96d,123190,True
func_e_0x10000b96f,123278,False
func_e_0x10000b975,122072,True
func_e_0x10000b97f,122000,False
func_e_0x10000b981,121495,False
func_e_0x10000b983,121384,True
func_e_0x10000b985,121506,True
func_e_0x10000b987,122066,False
func_e_0x10000b989,122173,True
func_e_0x10000b98b,121728,False
func_e_0x10000b98e,122572,False
func_e_0x10000b994,122783,False
func_e_0x10000c175,122871,True
func_e_0x10000c4eb,121592,False
func_e_0x10000c61a,123179,True
func_e_0x10000c63a,123183,False
func_e_0x10000c647,121379,True
func_e_0x10000c682,122569,True
func_e_0x10000c688,122402,True
func_e_0x10000c68a,123308,True
func_e_0x10000c9dc,121443,True
func_e_0x10000cbe0,122102,True
func_e_0x10000ccdb,122375,True
func_e_0x10000cfae,123133,True
func_e_0x10000cfb0,121592,False
func_e_0x10000d0d9,121554,True
func_ea_0x100004a47,123131,True
func_ee_0x1000035eb,122965,True
func_ee_0x100003a2a,121472,True
func_ee_0x100003fe0,122069,True
func_ee_0x100003fe2,122730,False
func_ee_0x10000402e,121390,False
func_ee_0x10000424c,121997,True
func_ee_0x10000424f,123300,False
func_ee_0x100004276,122665,True
func_ee_0x10000427c,123024,False
func_ee_0x100004280,122021,True
func_ee_0x10000436c,122845,False
func_ee_0x10000437f,122896,True
func_ee_0x100004385,123078,True
func_ee_0x100004a75,123044,True
func_ee_0x100004aaf,122556,False
func_ee_0x100005c6b,121764,False
func_ee_0x100006376,122262,False
func_ee_0x10000637e,121660,True
func_ee_0x1000063a1,123288,False
func_ee_0x10000652b,122999,True
func_ee_0x100006532,123272,True
func_ee_0x100006542,121634,False
func_ee_0x100006544,123077,True
func_ee_0x100006546,122339,True
func_ee_0x1000065f2,122748,False
func_ee_0x1000065f4,122300,True
func_ee_0x1000065fa,123063,True
func_ee_0x1000065fc,122581,False
func_ee_0x1000065fe,122557,True
func_ee_0x100006604,121854,True
func_ee_0x10000660a,122078,False
func_ee_0x100006ba4,121608,True
func_ee_0x10000706c,121758,True
func_ee_0x100007077,123286,True
func_ee_0x10000748d,122305,False
func_ee_0x100007560,121727,True
func_ee_0x1000075ff,121355,True
func_ee_0x10000760f,122079,True
func_ee_0x100007611,122003,False
func_ee_0x100007613,122301,False
func_ee_0x1000078d0,122573,False
func_ee_0x100007a28,121783,False
func_ee_0x100007bfb,122448,True
func_ee_0x100007c09,122443,True
func_ee_0x100007c0b,122018,True
func_ee_0x100007c0d,122574,True
func_ee_0x100007c0f,122667,True
func_ee_0x100007c7b,122517,True
func_ee_0x100007c7f,122660,False
func_ee_0x100007cfb,122028,False
func_ee_0x100007d00,122730,False
func_ee_0x100008f62,123020,False
func_ee_0x100008f65,122082,True
func_ee_0x100008f92,122832,True
func_ee_0x100008f94,121376,True
func_ee_0x100008fb2,121675,False
func_ee_0x1000098cb,122247,True
func_ee_0x100009b1e,122779,False
func_ee_0x100009bca,123152,True
func_ee_0x100009bce,123180,False
func_ee_0x100009bd0,122424,True
func_ee_0x100009bd2,123171,True
func_ee_0x100009c77,122899,True
func_ee_0x10000a178,122991,True
func_ee_0x10000a182,122857,True
func_ee_0x10000acbd,122985,False
func_ee_0x10000ad99,122742,True
func_ee_0x10000b46a,121675,False
func_ee_0x10000b47d,123121,True
func_ee_0x10000b4db,122027,True
func_ee_0x10000b4dd,123047,True
func_ee_0x10000b4e5,122073,False
func_ee_0x10000b4e7,121833,True
func_ee_0x10000b66c,121719,True
func_ee_0x10000b85f,123206,False
func_ee_0x10000bf66,121621,True
func_ee_0x10000c3cb,123109,True
func_ee_0x10000c3cd,122316,True
func_ee_0x10000c3cf,122446,False
func_ee_0x10000c3fc,122741,False
func_ee_0x10000c462,122520,False
func_ee_0x10000cffa,121997,False
func_ei_0x1000088a4,122862,False
func_ei_0x1000088ae,121809,False
func_ei_0x1000088d1,122804,True
func_en_0x1000007fd,121702,True
func_en_0x1000040ad,122829,False
func_en_0x10000663b,122617,True
func_en_0x100006641,122667,True
func_en_0x100006647,121952,True
func_en_0x100006659,123188,True
func_en_0x1000066e7,121568,True
func_en_0x1000066fd,123044,True
func_en_0x100006701,121920,True
func_en_0x1000067c5,122960,False
func_en_0x1000067cc,121933,False
func_en_0x1000067e2,121530,False
func_en_0x1000067e8,122513,False
func_en_0x1000067ec,122748,False
func_en_0x1000067ee,121835,False
func_en_0x1000080c7,122039,False
func_en_0x100009db8,122769,False
func_en_0x100009dbc,122982,True
func_en_0x100009dc8,121809,True
func_en_0x10000c345,122281,True
func_en_0x10000c34c,121904,True
func_en_0x10000c34e,123129,True
func_en_0x10000c350,122369,True
func_en_0x10000c36e,121926,False
func_eo_0x100004a3d,121863,False
func_er_0x1000035fe,121425,False
func_er_0x10000ba82,123269,False
func_er_0x10000babe,122886,True
func_er_0x10000bac4,123243,False
func_er_0x10000bae0,121498,True
func_et_0x100004d48,121862,True
func_et_0x100004d4c,122579,True
func_et_0x100004d50,121587,False
func_et_0x100004d6e,121863,False
func_et_0x100005e56,123076,False
func_et_0x100006153,121928,False
func_et_0x100006157,122412,False
func_et_0x100007b39,123081,False
func_et_0x100007b69,122318,False
func_et_0x100007b7f,122433,False
func_et_0x10000b14e,122141,False
func_et_0x10000b156,122233,True
func_et_0x10000b15c,122505,False
func_et_0x10000b16c,122130,True
func_et_0x10000b17a,123049,False
func_et_0x10000b1b7,122944,False
func_et_0x10000b1cc,123045,False
func_et_0x10000c736,123184,True
func_f_0x1000001a3,121571,False
func_f_0x1000001a7,121382,False
func_f_0x10000023c,122923,False
func_f_0x100000275,122326,True
func_f_0x1000002a2,122153,True
func_f_0x1000002d1,122362,False
func_f_0x1000002f8,122813,True
func_f_0x10000040f,122655,False
func_f_0x100000496,121906,False
func_f_0x100000523,122575,True
func_f_0x1000008dd,123041,True
func_f_0x1000008e2,121565,True
func_f_0x1000009b4,121401,False
func_f_0x1000033c9,122973,True
func_f_0x10000384b,122257,True
func_f_0x10000384f,121420,False
func_f_0x10000393a,122510,True
func_f_0x100003997,123115,False
func_f_0x1000039aa,122060,True
func_f_0x100003a04,123255,True
func_f_0x100003a07,122271,True
func_f_0x100003a45,121818,True
func_f_0x100003a8c,123155,False
func_f_0x100003b0a,122682,False
func_f_0x100003b2a,123091,True
func_f_0x100003b59,122190,True
func_f_0x100003b6b,122434,True
func_f_0x100003b6e,123258,True
func_f_0x100003c74,123307,True
func_f_0x100003c7f,123190,False
func_f_0x100003d69,121460,False
func_f_0x100003d6c,122064,True
func_f_0x100003d7d,122494,True
func_f_0x100003d80,122606,False
func_f_0x100003d9d,121600,True
func_f_0x100003da8,123314,False
func_f_0x100003dde,121386,True
func_f_0x100003de3,123126,False
func_f_0x100003f15,122344,True
func_f_0x10000405e,121585,True
func_f_0x100004aff,122421,True
func_f_0x100004c7c,123066,True
func_f_0x100004cd3,122415,True
func_f_0x1000051aa,122684,True
func_f_0x100005668,123145,True
func_f_0x100005b0b,122722,False
func_f_0x100005b2c,122316,False
func_f_0x100005bc2,121784,True
func_f_0x100005c0b,121676,True
func_f_0x100005c16,122452,False
func_f_0x100005c78,122698,True
func_f_0x100005f92,123023,True
func_f_0x100005fc7,121607,False
func_f_0x100005ff7,121872,True
func_f_0x1000060b1,123274,False
func_f_0x1000074f5,122476,True
func_f_0x10000759f,122656,False
func_f_0x10000762d,121636,True
func_f_0x100007899,122866,False
func_f_0x100007a57,121451,False
func_f_0x100007cbe,123210,False
func_f_0x100007d2e,121571,False
func_f_0x10000828a,122983,True
func_f_0x10000857e,122557,False
func_f_0x100008a05,122062,True
func_f_0x100008b12,121808,False
func_f_0x100008be3,122067,True
func_f_0x100008cad,121377,False
func_f_0x100008d28,122063,False
func_f_0x100008da6,121591,False
func_f_0x100008dc1,122790,False
func_f_0x100009115,122081,True
func_f_0x1000091a8,122223,False
func_f_0x100009253,122329,True
func_f_0x10000959b,121386,True
func_f_0x100009603,121344,False
func_f_0x1000096fd,122446,True
func_f_0x100009706,122700,True
func_f_0x10000975f,121957,False
func_f_0x100009781,123252,True
func_f_0x10000978a,121472,False
func_f_0x100009848,123111,False
func_f_0x100009864,122721,False
func_f_0x100009901,122373,False
func_f_0x100009b6f,121379,True
func_f_0x100009c3d,122338,False
func_f_0x100009c6a,123251,False
func_f_0x100009e36,121387,True
func_f_0x10000a033,121636,True
func_f_0x10000a414,123163,False
func_f_0x10000a5ae,122618,False
func_f_0x10000a5b4,121706,True
func_f_0x10000a818,123086,True
func_f_0x10000a9e4,122544,False
func_f_0x10000aa06,122744,True
func_f_0x10000abf6,123062,False
func_f_0x10000ae7b,122769,False
func_f_0x10000ae84,122951,False
func_f_0x10000b042,122583,True
func_f_0x10000b133,121813,False
func_f_0x10000b453,123227,True
func_f_0x10000b5c2,122965,False
func_f_0x10000b5ef,122521,False
func_f_0x10000b82f,121567,True
func_f_0x10000b8b9,121893,False
func_f_0x10000b8d3,122399,True
func_f_0x10000b8f2,121442,False
func_f_0x10000b8f9,122709,False
func_f_0x10000b907,121490,True
func_f_0x10000b910,121785,True
func_f_0x10000b912,121390,False
func_f_0x10000bf1a,122615,False
func_f_0x10000c005,121728,False
func_f_0x10000c10f,123108,False
func_f_0x10000c11b,123267,True
func_f_0x10000c1ad,123140,False
func_f_0x10000c434,121589,True
func_f_0x10000cf30,121794,False
func_f_0x10000d08e,122038,False
func_fa_0x100008635,121726,False
func_fe_0x100003941,121777,True
func_fe_0x100003965,122952,False
func_fe_0x100003abf,121485,False
func_fe_0x1000043af,122381,False
func_fe_0x1000044d8,121330,True
func_fe_0x100004518,123277,True
func_fe_0x100005742,121445,False
func_fe_0x1000058d5,122933,False
func_fe_0x100005908,122501,False
func_fe_0x100005b55,123017,False
func_fe_0x100005b57,121536,False
func_fe_0x100005cab,121596,True
func_fe_0x100005cf2,121665,False
func_fe_0x100005d3e,122016,True
func_fe_0x100005d40,123171,False
func_fe_0x100005eb8,122553,True
func_fe_0x100005eda,123195,True
func_fe_0x1000069e6,122701,True
func_fe_0x1000069f7,123215,False
func_fe_0x1000069fd,122297,False
func_fe_0x100006a01,121811,True
func_fe_0x100006d0f,122677,True
func_fe_0x10000712e,121402,False
func_fe_0x100007130,122839,False
func_fe_0x100007136,122467,False
func_fe_0x10000713c,122224,True
func_fe_0x100008033,122864,False
func_fe_0x1000093b7,121903,False
func_fe_0x1000093bb,122595,False
func_fe_0x1000093bf,121573,False
func_fe_0x1000093ca,122479,False
func_fe_0x10000a321,122411,False
func_fe_0x10000b0ca,121607,True
func_fe_0x10000b0ce,123107,False
func_fe_0x10000b0d6,122294,True
func_fe_0x10000b0d8,122430,False
func_fe_0x10000c16f,122147,True
func_fe_0x10000ccfe,122130,False
func_fe_0x10000ce2d,121469,True
func_fe_0x10000cfa9,122170,False
func_fe_0x10000cfb9,121498,False
func_fe_0x10000cfcd,121993,True
func_fi_0x10000b709,123111,True
func_fi_0x10000b70d,122564,False
func_fi_0x10000cb38,122632,True
func_fr_0x1000007b6,121677,True
func_fr_0x100003624,122473,False
func_fr_0x100003643,122148,True
func_fr_0x100003645,122137,True
func_fr_0x10000364b,122689,True
func_fr_0x10000364f,122704,True
func_fr_0x10000374f,123012,True
func_fr_0x100003756,122219,False
func_fr_0x100003760,122682,True
func_fr_0x100003774,121636,False
func_fr_0x100003780,122743,True
func_fr_0x100003782,123106,True
func_fr_0x10000378f,121741,False
func_fr_0x100003791,122544,True
func_fr_0x100003797,122907,True
func_fr_0x100003799,123225,False
func_fr_0x10000379b,122312,True
func_fr_0x10000379f,122091,True
func_fr_0x1000037a3,121790,True
func_fr_0x1000037a5,121965,True
func_fr_0x1000037a7,122533,True
func_fr_0x1000037ac,122229,True
func_fr_0x10000b71b,123041,True
func_fr_0x10000b80d,123052,False
func_fr_0x10000cafe,122667,False
func_ft_0x100004d42,122687,True
func_ft_0x100004d6b,121791,False
func_ft_0x100004d7f,121335,True
func_ft_0x100004da1,121731,True
func_ft_0x100004da5,121575,True
func_ft_0x100004da9,122758,True
func_ft_0x100004dad,122726,True
func_ft_0x100004db4,123284,False
func_ft_0x100006a0f,122576,False
func_ft_0x10000906d,121956,False
func_ft_0x10000906f,122806,True
func_ft_0x100009071,122565,False
func_ft_0x100009075,122818,True
func_ft_0x10000907f,121961,True
func_ft_0x100009081,122457,True
func_ft_0x100009083,122372,True
func_ft_0x100009097,122332,True
func_ft_0x100009099,122314,True
func_ft_0x1000090a1,122811,False
func_ft_0x1000090a7,122146,True
func_ft_0x1000090a9,122823,True
func_ft_0x1000090ab,121412,True
func_ft_0x1000090b4,122264,False
func_ft_0x1000090ba,123310,True
func_ft_0x1000090bc,123022,False
func_ft_0x10000929f,121534,False
func_ft_0x10000945a,121514,False
func_ft_0x1000094af,122878,True
func_ft_0x10000a659,123170,False
func_ft_0x10000bfce,122591,False
func_ft_0x10000c58a,121788,False
func_ft_0x10000c625,122704,True
func_ft_0x10000c72f,122692,False
func_ft_0x10000c7d7,122033,True
func_ft_0x10000c7d9,122910,False
func_ft_0x10000c7db,121929,True
func_ft_0x10000c7e3,122477,True
func_ft_0x10000c7e7,122596,True
func_ft_0x10000c7eb,122117,True
func_ft_0x10000c7ed,122901,True
func_ft_0x10000c7ef,123159,True
func_ft_0x10000c7f1,121936,True
func_ft_0x10000c7f5,123100,True
func_ft_0x10000c7fc,122593,True
func_ft_0x10000c818,122952,True
func_ft_0x10000c81b,122478,False
func_ft_0x10000c822,123103,True
func_ft_0x10000c82a,123019,True
func_ft_0x10000c835,122017,True
func_ft_0x10000c83d,122818,False
func_ft_0x10000c840,121735,False
func_ft_0x10000c845,122691,False
func_ft_0x10000ca1b,122832,False
func_ft_0x10000ca1d,123230,True
func_ft_0x10000ca23,121813,True
func_g_0x100000212,122014,True
func_g_0x100000421,122995,False
func_g_0x100000426,121573,False
func_g_0x1000005bf,122466,True
func_g_0x10000092f,122095,False
func_g_0x1000039ef,121852,True
func_g_0x100003a95,121396,False
func_g_0x100003bac,122007,False
func_g_0x100003c8f,121573,False
func_g_0x100003ca4,121390,True
func_g_0x100003dd6,121693,False
func_g_0x1000041e1,122307,True
func_g_0x1000042f7,122658,False
func_g_0x1000042f9,121842,False
func_g_0x100004314,123099,False
func_g_0x100004319,122880,False
func_g_0x1000043d0,122357,True
func_g_0x1000043ee,122451,True
func_g_0x100004a6e,121443,False
func_g_0x100004a70,122444,True
func_g_0x100004c79,121401,False
func_g_0x100004c81,121493,False
func_g_0x100004c85,122640,False
func_g_0x100004d10,121975,False
func_g_0x100004d25,121585,False
func_g_0x100005625,121762,False
func_g_0x100005631,121590,False
func_g_0x100005642,123185,True
func_g_0x1000056c0,121467,True
func_g_0x100005fb2,123129,False
func_g_0x10000601f,123308,False
func_g_0x1000060b6,121968,True
func_g_0x100006ad4,121754,False
func_g_0x100007001,122931,False
func_g_0x100007537,122875,True
func_g_0x10000789a,123232,False
func_g_0x1000079f5,121987,False
func_g_0x100007a19,121672,True
func_g_0x100007c63,122215,True
func_g_0x100007d31,123235,False
func_g_0x100007d33,121467,True
func_g_0x100007db6,123261,True
func_g_0x100007db9,123138,False
func_g_0x100007df0,121913,False
func_g_0x100007f45,122863,False
func_g_0x100007f49,122064,True
func_g_0x100007f4d,121980,True
func_g_0x100007f4f,122119,False
func_g_0x100007f8a,122513,False
func_g_0x100008166,122343,False
func_g_0x100008240,122375,True
func_g_0x10000828b,122288,False
func_g_0x1000085ae,122822,True
func_g_0x1000089a3,122593,True
func_g_0x100008a66,123179,True
func_g_0x100008a95,122479,True
func_g_0x100008b0e,122458,True
func_g_0x100008b44,123245,False
func_g_0x100008b47,122888,False
func_g_0x100008ca3,121563,False
func_g_0x100008d24,122131,True
func_g_0x100008d2e,122674,True
func_g_0x100008ef6,121875,False
func_g_0x100008ef8,121857,False
func_g_0x100009121,122047,True
func_g_0x100009167,123097,False
func_g_0x1000091bb,123176,False
func_g_0x100009238,122020,True
func_g_0x10000935d,123102,False
func_g_0x10000935f,122168,True
func_g_0x1000094fc,121445,False
func_g_0x10000963a,122620,False
func_g_0x10000972a,122334,False
func_g_0x100009876,121521,True
func_g_0x100009d06,121892,False
func_g_0x10000a1b1,122560,True
func_g_0x10000a1f2,123287,True
func_g_0x10000a217,121386,True
func_g_0x10000a272,122404,False
func_g_0x10000a4a2,122325,True
func_g_0x10000a70d,121833,False
func_g_0x10000a7da,123100,True
func_g_0x10000a7f3,121620,True
func_g_0x10000a895,121367,True
func_g_0x10000a89f,121747,True
func_g_0x10000a8e8,122022,False
func_g_0x10000a922,121955,False
func_g_0x10000a943,121906,True
func_g_0x10000a980,122767,False
func_g_0x10000a989,122340,False
func_g_0x10000a9b0,122504,False
func_g_0x10000aa50,122660,True
func_g_0x10000aa75,122802,True
func_g_0x10000aacd,123218,False
func_g_0x10000aacf,122149,True
func_g_0x10000aad3,121965,True
func_g_0x10000ab1b,122592,True
func_g_0x10000ab81,122045,True
func_g_0x10000ad8e,123126,True
func_g_0x10000ad95,121428,True
func_g_0x10000ae37,122246,True
func_g_0x10000b87b,121454,True
func_g_0x10000bc08,121814,True
func_g_0x10000bc14,122243,False
func_g_0x10000bc3e,122232,False
func_g_0x10000bd23,121589,True
func_g_0x10000c100,122904,False
func_g_0x10000c6c6,121736,False
func_g_0x10000cbf2,121796,False
func_g_0x10000ce8d,122696,True
func_ge_0x100003e31,121685,False
func_ge_0x100003e36,122979,True
func_ge_0x100003ef7,123293,True
func_ge_0x100003f10,121531,True
func_ge_0x100003fd3,121579,False
func_ge_0x1000041d0,121881,True
func_ge_0x100004370,122609,False
func_ge_0x100004373,123052,True
func_ge_0x100004e9a,123171,False
func_ge_0x10000589a,121976,False
func_ge_0x100005ba0,122400,True
func_ge_0x100005ba2,122580,True
func_ge_0x100006313,121712,False
func_ge_0x100006319,121408,False
func_ge_0x1000063e8,122098,False
func_ge_0x1000064a6,122372,True
func_ge_0x1000064c0,122917,False
func_ge_0x100007014,121446,True
func_ge_0x1000073d9,122873,True
func_ge_0x100007d05,121951,True
func_ge_0x100007fab,122359,False
func_ge_0x100008fe5,121962,True
func_ge_0x100009834,121658,True
func_ge_0x100009b09,122708,True
func_ge_0x10000a49d,121754,True
func_ge_0x10000a6b7,122336,True
func_ge_0x10000a6cc,123251,False
func_ge_0x10000a6d2,122249,False
func_ge_0x10000a6d4,122424,False
func_ge_0x10000a6fc,122639,False
func_ge_0x10000b2b9,121511,False
func_ge_0x10000b2bb,122003,True
func_ge_0x10000b2bf,121350,False
func_ge_0x10000b2c6,121889,True
func_ge_0x10000b2c8,121947,True
func_ge_0x10000b2ca,121521,True
func_ge_0x10000bbd2,122625,False
func_ge_0x10000bdda,122375,True
func_ge_0x10000bedd,121317,True
func_ge_0x10000bee1,123227,False
func_ge_0x10000bee3,122735,True
func_ge_0x10000bee5,121320,False
func_ge_0x10000beec,121672,False
func_ge_0x10000c066,122894,True
func_ge_0x10000c12f,123225,True
func_ge_0x10000c479,122865,True
func_ge_0x10000cddd,123070,True
func_ge_0x10000cde0,121614,False
func_ge_0x10000ce1b,122378,False
func_ge_0x10000ce1e,123314,True
func_ge_0x10000ce24,122570,True
func_ge_0x10000ce66,123280,True
func_ge_0x10000d052,121438,True
func_gi_0x10000376d,121323,True
func_gi_0x10000b708,122008,False
func_gi_0x10000cb36,123095,False
func_gi_0x10000cb83,121661,False
func_gi_0x10000cb91,122060,False
func_gi_0x10000cb93,123300,True
func_gi_0x10000cb97,121816,False
func_gi_0x10000cb99,121494,True
func_gi_0x10000cba3,122763,True
func_gr_0x100009d2d,122923,True
func_gr_0x100009d4f,122992,False
func_gr_0x100009d73,121365,False
func_gr_0x100009d75,121658,False
func_gr_0x10000a7b5,122363,True
func_gr_0x10000aed9,122488,True
func_gr_0x10000aefa,121951,False
func_gr_0x10000aefc,122079,False
func_gr_0x10000aefe,122232,True
func_gr_0x10000af03,122401,False
func_gr_0x10000af2b,121885,False
func_gr_0x10000af4c,121486,False
func_gr_0x10000afb0,122606,False
func_gt_0x10000046b,121441,False
func_h0_0x1000036b6,122783,True
func_h_0x100000553,122014,True
func_h_0x1000005d7,121995,True
func_h_0x1000008fc,121394,True
func_h_0x10000099c,122779,False
func_h_0x10000383c,122727,False
func_h_0x100003a93,122487,False
func_h_0x100003c6b,122523,True
func_h_0x100003dd0,121786,True
func_h_0x100003ea3,122224,False
func_h_0x10000405f,122638,False
func_h_0x100004063,121593,False
func_h_0x100004316,122359,False
func_h_0x10000432e,122146,True
func_h_0x100004b20,121619,False
func_h_0x100004df9,122696,False
func_h_0x1000051d0,123239,False
func_h_0x10000562b,121362,False
func_h_0x10000562f,122459,False
func_h_0x100005659,121900,True
func_h_0x10000565f,122346,True
func_h_0x1000056f2,122001,False
func_h_0x100005d6d,121911,False
func_h_0x100005f69,122408,True
func_h_0x100005fa2,122870,False
func_h_0x100006041,121657,True
func_h_0x1000060a8,122320,False
func_h_0x1000065e2,122640,True
func_h_0x100006a87,121908,False
func_h_0x100006cc5,121823,False
func_h_0x100006fec,123068,True
func_h_0x100007110,122887,False
func_h_0x10000749f,121497,False
func_h_0x1000074cf,122823,False
func_h_0x1000074e5,121387,True
func_h_0x1000074f2,123031,True
func_h_0x1000075c2,122978,False
func_h_0x1000077c7,123097,True
func_h_0x100007d2f,122803,False
func_h_0x100007d3f,121697,False
func_h_0x100007e8f,122906,False
func_h_0x100007ef5,122402,True
func_h_0x100007ef7,123278,False
func_h_0x100007f03,123016,False
func_h_0x10000806a,121849,False
func_h_0x1000082da,122944,True
func_h_0x100008af5,122161,True
func_h_0x100008af8,122448,False
func_h_0x100008b59,122640,False
func_h_0x100008b7d,121826,True
func_h_0x100008b7f,121431,False
func_h_0x100008b81,122642,False
func_h_0x100008bec,122523,False
func_h_0x100008ca5,123026,True
func_h_0x100008cea,122962,False
func_h_0x1000090f1,121425,False
func_h_0x100009629,122471,False
func_h_0x10000962d,121836,False
func_h_0x100009b66,123151,True
func_h_0x100009baa,122709,True
func_h_0x100009c40,123235,False
func_h_0x100009d00,123286,True
func_h_0x100009d11,121931,True
func_h_0x100009f8e,121859,True
func_h_0x10000a041,122469,True
func_h_0x10000a19e,123031,False
func_h_0x10000a1af,121344,False
func_h_0x10000a1f4,123022,True
func_h_0x10000a270,122644,False
func_h_0x10000a3cf,123010,False
func_h_0x10000a705,122968,False
func_h_0x10000a707,122836,False
func_h_0x10000a70b,122188,True
func_h_0x10000a70f,121978,True
func_h_0x10000a711,123300,False
func_h_0x10000a7f1,121769,True
func_h_0x10000a7f5,122223,False
func_h_0x10000a7f7,122003,True
func_h_0x10000a80e,122802,False
func_h_0x10000a810,122216,True
func_h_0x10000a812,121999,True
func_h_0x10000a824,122366,False
func_h_0x10000a879,122561,True
func_h_0x10000a8b8,122112,True
func_h_0x10000a8ba,122061,True
func_h_0x10000a976,121550,False
func_h_0x10000a9dd,122051,True
func_h_0x10000ab16,121637,False
func_h_0x10000ab1c,122191,True
func_h_0x10000ab7a,122326,False
func_h_0x10000ae43,121882,False
func_h_0x10000b6b1,123142,False
func_h_0x10000bb1a,122540,False
func_h_0x10000bc0d,123120,True
func_h_0x10000bd56,122982,False
func_h_0x10000be14,121438,True
func_h_0x10000befe,122565,True
func_h_0x10000c104,122205,True
func_h_0x10000c124,122370,True
func_h_0x10000c4b9,123259,False
func_h_0x10000c6c4,122046,False
func_h_0x10000cd0a,122394,True
func_he_0x100000797,123313,False
func_he_0x100000799,121331,False
func_he_0x10000079d,122152,True
func_he_0x100000841,122305,False
func_he_0x10000085d,122011,True
func_he_0x10000085f,122962,True
func_he_0x100000861,121367,False
func_he_0x10000087a,122542,False
func_he_0x100003cd0,122573,False
func_he_0x100003cd2,122203,False
func_he_0x100003cd6,122300,True
func_he_0x100003cda,122021,True
func_he_0x100003cdc,121396,True
func_he_0x100003ce0,121716,True
func_he_0x100003ce4,121566,True
func_he_0x100003ce6,123208,True
func_he_0x100003cee,121710,False
func_he_0x100003cf0,121838,True
func_he_0x100003cf4,122057,False
func_he_0x100003cfa,122526,True
func_he_0x100003cfc,122277,False
func_he_0x100003cfe,122979,False
func_he_0x100003d02,121726,True
func_he_0x100003d06,123192,False
func_he_0x100003d08,122816,False
func_he_0x100003d0e,122900,True
func_he_0x100003d10,121728,False
func_he_0x100003d16,122100,True
func_he_0x100003d1a,122553,False
func_he_0x100003d1c,122020,True
func_he_0x100003d24,123036,False
func_he_0x100003d28,122756,True
func_he_0x100003d30,122415,False
func_he_0x100003d34,121726,True
func_he_0x100003d36,122484,False
func_he_0x100003d3c,122178,False
func_he_0x100003d44,122421,False
func_he_0x100003d46,122684,False
func_he_0x100003d48,123154,True
func_he_0x100003d50,122952,False
func_he_0x100003d54,121536,True
func_he_0x100003d5a,121464,True
func_he_0x100005a25,122258,False
func_he_0x100005a27,122219,True
func_he_0x100005a2b,122028,False
func_he_0x100005a2d,121739,False
func_he_0x100005a35,122059,False
func_he_0x100005a37,121834,False
func_he_0x10000a79b,122989,True
func_he_0x10000a7a7,121565,True
func_he_0x10000a7af,121890,True
func_he_0x10000a7b1,121667,True
func_he_0x10000aeef,122803,True
func_he_0x10000af04,121703,False
func_he_0x10000af67,121347,True
func_he_0x10000c281,121875,True
func_hi_0x10000b7ae,122586,True
func_hi_0x10000b7b6,121681,False
func_hi_0x10000b7ba,122974,True
func_hi_0x10000b7bc,122362,True
func_hi_0x10000b7c0,121585,True
func_hi_0x10000b7c4,122752,False
func_hi_0x10000bae2,123274,True
func_hi_0x10000cb1c,121663,True
func_hn_0x100000609,123015,True
func_hn_0x100005a61,122983,False
func_hn_0x100005a8f,122809,False
func_hn_0x100005a91,122207,False
func_hn_0x100005a9b,121386,True
func_hn_0x100005a9d,121817,True
func_hn_0x100005a9f,122849,False
func_hn_0x100005aa1,122578,False
func_hn_0x100005aa3,122690,False
func_hn_0x100005aa5,122478,False
func_hn_0x100008e14,121661,False
func_hn_0x100009d47,122597,False
func_hn_0x100009d93,121447,True
func_hn_0x10000a78d,123255,False
func_hn_0x10000a7a3,122967,False
func_hn_0x10000af65,122824,True
func_hn_0x10000afc4,122956,False
func_ho_0x100004efe,121465,False
func_hr_0x100006e3a,122087,False
func_hr_0x100006e3c,122416,False
func_hr_0x100006e40,121416,True
func_hr_0x100006e8a,123180,True
func_hr_0x100006ea5,121725,False
func_hr_0x100006ea9,121911,False
func_hr_0x100006eac,121987,False
func_hr_0x100006eb0,121926,True
func_hr_0x100006eb2,123202,True
func_hr_0x100006eb4,122256,True
func_hr_0x100006eb6,122805,False
func_hr_0x100006eb8,123094,False
func_hr_0x100006eba,122306,True
func_hr_0x100006ebc,121408,False
func_hr_0x100006ec0,121958,False
func_hr_0x100006ec4,121437,False
func_hr_0x100006ecf,122873,True
func_hr_0x100006ed3,122270,True
func_hr_0x100006ee4,122884,False
func_hr_0x100006f0d,122631,True
func_hr_0x100006f11,121550,False
func_hr_0x100006f1d,122158,True
func_hr_0x100006f2b,121723,True
func_hr_0x100006f5e,122802,False
func_hr_0x100006f66,122296,False
func_ht_0x100004095,123204,True
func_ht_0x100005db8,122715,True
func_ht_0x100005dff,121708,False
func_ht_0x100005e7d,122797,True
func_ht_0x100005e7f,123250,False
func_ht_0x100005e83,122875,True
func_ht_0x100005e85,121907,False
func_ht_0x100005e8b,122219,True
func_ht_0x100005e8d,123049,True
func_ht_0x100005e93,122516,True
func_ht_0x100005e97,121435,False
func_ht_0x100005eb1,122964,True
func_ht_0x100005ed4,122296,True
func_ht_0x100006a29,122879,False
func_ht_0x100006ce0,122898,False
func_ht_0x100006ce9,123136,True
func_ht_0x100006ceb,122073,False
func_ht_0x100006cef,123197,True
func_ht_0x100006cf1,121379,False
func_ht_0x10000929b,122755,False
func_ht_0x10000946c,122879,True
func_ht_0x100009497,121328,False
func_ht_0x1000094b8,121755,False
func_ht_0x1000094ba,121830,False
func_ht_0x1000094df,122545,False
func_ht_0x10000a620,122157,True
func_ht_0x10000a62d,122771,True
func_ht_0x10000a62f,122112,True
func_ht_0x10000a634,122522,True
func_ht_0x10000c72c,122596,True
func_i1_0x1000088f4,121698,True
func_i_0x100000004,123063,False
func_i_0x100000006,122681,True
func_i_0x10000000c,122395,False
func_i_0x100000015,122066,False
func_i_0x10000002c,123243,False
func_i_0x10000003d,122506,False
func_i_0x100000083,122093,True
func_i_0x1000000cd,123108,False
func_i_0x100000172,122894,True
func_i_0x100000180,122140,True
func_i_0x1000001db,122754,False
func_i_0x100000229,122076,True
func_i_0x100000235,121490,False
func_i_0x10000024e,122899,False
func_i_0x100000252,122494,True
func_i_0x100000265,121649,True
func_i_0x10000029f,122540,False
func_i_0x1000002bb,122299,False
func_i_0x1000002c8,121407,False
func_i_0x1000002ce,121340,False
func_i_0x100000329,122566,False
func_i_0x100000355,122283,True
func_i_0x100000358,121429,False
func_i_0x100000368,122833,False
func_i_0x100000378,122853,True
func_i_0x1000003a8,122145,False
func_i_0x1000003cc,121796,False
func_i_0x1000003cf,121664,False
func_i_0x1000003d6,122737,False
func_i_0x1000003f5,122083,False
func_i_0x1000003fe,121922,False
func_i_0x100000407,121676,True
func_i_0x100000429,122319,True
func_i_0x10000044d,122416,True
func_i_0x100000460,121856,True
func_i_0x100000482,122793,False
func_i_0x1000004cc,122559,False
func_i_0x1000004db,122351,True
func_i_0x1000004fa,122951,False
func_i_0x100000508,123277,True
func_i_0x100000533,122327,True
func_i_0x100000559,122630,False
func_i_0x100000561,123171,False
func_i_0x10000057b,122023,True
func_i_0x10000057e,121863,False
func_i_0x100000584,122805,False
func_i_0x100000596,121747,True
func_i_0x1000005a1,121980,False
func_i_0x1000005a8,121782,False
func_i_0x1000005b9,122327,False
func_i_0x100000891,122378,False
func_i_0x1000008a9,122997,False
func_i_0x1000008cb,122460,True
func_i_0x1000008f0,121615,True
func_i_0x100000909,122463,True
func_i_0x100000939,122757,True
func_i_0x100000952,122794,True
func_i_0x100000956,122023,False
func_i_0x100000959,121796,False
func_i_0x100000971,122728,True
func_i_0x100000974,122659,False
func_i_0x100000977,122984,True
func_i_0x1000009b0,121502,True
func_i_0x1000035ee,122281,False
func_i_0x100003610,122533,True
func_i_0x100003612,123031,True
func_i_0x100003614,121565,True
func_i_0x100003618,122484,False
func_i_0x10000361c,123050,False
func_i_0x1000037f8,122291,True
func_i_0x10000380f,121889,True
func_i_0x10000383a,122948,True
func_i_0x10000384e,122586,False
func_i_0x100003939,122350,False
func_i_0x1000039a4,121823,True
func_i_0x1000039d1,121676,False
func_i_0x100003af3,122212,True
func_i_0x100003b02,122608,True
func_i_0x100003b69,121562,True
func_i_0x100003ca3,121839,False
func_i_0x100003d67,122611,True
func_i_0x100003d9c,122293,False
func_i_0x100003e7c,122139,True
func_i_0x1000045d1,123092,False
func_i_0x1000045df,121572,False
func_i_0x100004adc,121491,True
func_i_0x100004b28,122991,False
func_i_0x100004b92,121873,True
func_i_0x100004c3f,121927,False
func_i_0x10000520d,122649,True
func_i_0x100005213,121874,True
func_i_0x100005687,122743,False
func_i_0x1000056a0,122184,False
func_i_0x1000056dd,122515,True
func_i_0x1000056df,121567,False
func_i_0x1000056e1,122804,False
func_i_0x100005764,121890,False
func_i_0x100005769,121806,True
func_i_0x10000592b,123200,True
func_i_0x100005b13,121844,False
func_i_0x100005bd9,122734,True
func_i_0x100005c07,121679,False
func_i_0x100005d43,123036,False
func_i_0x100005fab,122986,False
func_i_0x100005ff2,121850,True
func_i_0x1000060cd,122763,False
func_i_0x1000063ad,121832,False
func_i_0x1000068a2,122924,False
func_i_0x1000068a4,121578,False
func_i_0x10000691f,122961,False
func_i_0x100006943,122190,False
func_i_0x100006947,123074,True
func_i_0x100006951,122075,False
func_i_0x100006955,121944,True
func_i_0x10000696c,123046,False
func_i_0x100006978,121988,True
func_i_0x10000697c,121891,True
func_i_0x100006aa7,122512,True
func_i_0x100006ac3,123302,False
func_i_0x100006b0e,121569,False
func_i_0x100006ba0,122648,False
func_i_0x100006f3e,122616,True
func_i_0x10000723b,122235,False
func_i_0x100007313,123001,False
func_i_0x10000741b,121508,True
func_i_0x100007429,122941,False
func_i_0x10000743f,121990,False
func_i_0x1000074ec,123044,False
func_i_0x1000075d7,121324,False
func_i_0x100007bf6,122842,False
func_i_0x100007da7,122941,True
func_i_0x100007eb2,121366,True
func_i_0x100008571,123220,False
func_i_0x1000085fc,121812,False
func_i_0x1000089d1,123243,True
func_i_0x1000089e8,123183,True
func_i_0x1000089f3,122891,True
func_i_0x1000089f7,121701,True
func_i_0x100008a04,121500,False
func_i_0x100008a41,122721,False
func_i_0x100008a61,122641,True
func_i_0x100008aa9,122810,True
func_i_0x100008aba,121341,False
func_i_0x100008ac9,122245,True
func_i_0x100008b4c,122486,False
func_i_0x100008be6,122344,True
func_i_0x100008c2a,122738,False
func_i_0x100008caa,122270,False
func_i_0x100008d27,121745,True
func_i_0x100008e8f,121969,False
func_i_0x10000919e,122574,True
func_i_0x1000091a3,122233,False
func_i_0x1000091ab,123131,True
func_i_0x1000095ae,122947,True
func_i_0x1000095fc,121496,True
func_i_0x100009764,122692,True
func_i_0x100009784,122275,True
func_i_0x100009787,122079,False
func_i_0x1000097ad,122160,False
func_i_0x1000097b7,121503,True
func_i_0x1000097e1,121629,False
func_i_0x1000098f3,121614,False
func_i_0x100009be2,121598,False
func_i_0x100009c5b,122553,True
func_i_0x100009cd0,121820,True
func_i_0x10000a060,121397,False
func_i_0x10000a0e1,121965,True
func_i_0x10000a545,121992,True
func_i_0x10000a54d,122232,True
func_i_0x10000a57a,121434,False
func_i_0x10000a5b9,121544,True
func_i_0x10000a909,122832,False
func_i_0x10000a96f,121457,True
func_i_0x10000a9f5,122337,False
func_i_0x10000aa5d,122791,True
func_i_0x10000aadd,123262,True
func_i_0x10000ac3e,121535,False
func_i_0x10000ac67,122233,True
func_i_0x10000ac6d,123102,False
func_i_0x10000ac7a,121633,False
func_i_0x10000ae19,121972,False
func_i_0x10000ae59,121558,False
func_i_0x10000b02a,123085,True
func_i_0x10000b04a,122212,True
func_i_0x10000b5ca,123102,False
func_i_0x10000b5d7,123037,True
func_i_0x10000b5f2,122519,True
func_i_0x10000bb5c,121518,False
func_i_0x10000c112,121936,True
func_i_0x10000c1d7,122872,True
func_i_0x10000c237,121998,True
func_i_0x10000c23e,122799,False
func_i_0x10000c25c,123055,False
func_i_0x10000c3c1,122834,True
func_i_0x10000c433,122076,True
func_i_0x10000c6b0,122780,False
func_i_0x10000c6ba,122102,False
func_i_0x10000cb2c,121783,True
func_i_0x10000cb63,123262,False
func_i_0x10000d0cd,122983,True
func_ie_0x100000201,121903,False
func_ie_0x100003583,123307,True
func_ie_0x1000035b0,121700,True
func_ie_0x1000037cd,122798,True
func_ie_0x1000037cf,122460,False
func_ie_0x1000037d1,122394,False
func_ie_0x1000037d3,123114,True
func_ie_0x1000037d5,123029,False
func_ie_0x1000037e5,123195,True
func_ie_0x1000037ef,122737,False
func_ie_0x1000037f1,123007,True
func_ie_0x1000037f5,121979,True
func_ie_0x100003a26,121533,False
func_ie_0x100003c4b,121697,True
func_ie_0x100003c4d,122045,False
func_ie_0x100004194,121823,False
func_ie_0x100004273,122505,True
func_ie_0x1000042d2,121962,True
func_ie_0x1000042de,122023,False
func_ie_0x10000434f,121901,False
func_ie_0x1000043d6,122140,True
func_ie_0x1000043de,123052,True
func_ie_0x1000043f6,122476,True
func_ie_0x1000043fe,122001,False
func_ie_0x100004400,122448,False
func_ie_0x1000058c9,122209,False
func_ie_0x100005c42,121360,False
func_ie_0x100005c62,121619,True
func_ie_0x100005f1e,121999,True
func_ie_0x100005f25,123190,False
func_ie_0x100006555,121920,True
func_ie_0x100006557,122183,True
func_ie_0x100007095,121330,True
func_ie_0x10000711c,122302,False
func_ie_0x100007123,122059,False
func_ie_0x100007276,121521,False
func_ie_0x1000072be,121895,True
func_ie_0x1000073d7,122798,False
func_ie_0x100007405,122095,True
func_ie_0x100007557,121878,True
func_ie_0x10000755b,122681,False
func_ie_0x100007566,122842,True
func_ie_0x100007eb8,123111,True
func_ie_0x100007ec8,121743,True
func_ie_0x100007ecb,121414,True
func_ie_0x100007f7a,121770,False
func_ie_0x100007f7c,122737,False
func_ie_0x100007f80,122275,True
func_ie_0x100007f82,123290,False
func_ie_0x1000082fe,122560,False
func_ie_0x10000840b,121335,True
func_ie_0x100008411,122253,True
func_ie_0x100008430,121836,True
func_ie_0x1000085da,122032,False
func_ie_0x100008d44,121480,True
func_ie_0x100008d46,121917,False
func_ie_0x100008d5e,123237,True
func_ie_0x100008d93,122815,True
func_ie_0x100008ed8,122048,True
func_ie_0x100008fd6,121471,True
func_ie_0x100008fda,123267,False
func_ie_0x1000093e2,123148,True
func_ie_0x10000a371,123023,True
func_ie_0x10000a740,123067,True
func_ie_0x10000ac22,121745,False
func_ie_0x10000ae92,121602,True
func_ie_0x10000aeb3,121471,False
func_ie_0x10000b0fd,121604,True
func_ie_0x10000b277,123260,False
func_ie_0x10000b27e,122682,False
func_ie_0x10000b2f9,121895,False
func_ie_0x10000b661,122553,True
func_ie_0x10000b698,121929,True
func_ie_0x10000bd36,121759,False
func_ie_0x10000bd3b,123140,True
func_ie_0x10000bd81,123154,True
func_ie_0x10000be48,121447,True
func_ie_0x10000c8ee,123307,False
func_ii_0x10000cb5c,123274,False
func_ir_0x100008707,121940,True
func_ir_0x100008733,121852,False
func_ir_0x100008737,121791,False
func_ir_0x10000874d,121567,False
func_ir_0x100008751,121773,True
func_ir_0x100008825,122516,False
func_ir_0x1000088c6,122607,False
func_ir_0x100008909,121659,False
func_ir_0x10000892d,122431,True
func_ir_0x100008934,121923,False
func_ir_0x100008953,122486,True
func_ir_0x100008976,121695,True
func_j_0x100000206,121759,True
func_j_0x1000035b9,123197,True
func_j_0x1000035bb,121564,False
func_j_0x1000035bf,123070,False
func_j_0x1000035c1,122450,False
func_j_0x1000035c7,121590,False
func_j_0x1000035c9,123028,False
func_j_0x1000035d3,123315,True
func_j_0x1000035d7,122884,False
func_j_0x1000035db,122405,False
func_j_0x1000035dd,122019,True
func_j_0x1000035df,122063,False
func_j_0x1000035e3,123039,False
func_j_0x1000035e5,121963,True
func_j_0x1000037af,123259,False
func_j_0x1000037b1,121859,True
func_j_0x100003a22,121775,False
func_j_0x100003a28,121798,False
func_j_0x100003c0c,121639,True
func_j_0x100004151,122495,False
func_j_0x100004153,122508,True
func_j_0x100004157,122360,True
func_j_0x10000415b,122359,True
func_j_0x100004169,123010,False
func_j_0x100004246,122617,False
func_j_0x100004344,122897,True
func_j_0x100004393,123045,False
func_j_0x1000043f8,122391,True
func_j_0x1000043fa,121716,False
func_j_0x1000043fc,121918,False
func_j_0x100004a91,122374,False
func_j_0x100004aad,122097,False
func_j_0x100004ac7,122746,False
func_j_0x100004ac9,122762,True
func_j_0x100004acd,122631,False
func_j_0x100004b80,121953,True
func_j_0x100005c3e,121574,False
func_j_0x100005c40,123189,False
func_j_0x100005c54,122843,True
func_j_0x100005c56,122310,True
func_j_0x100005c5a,122187,True
func_j_0x100005c5c,123148,False
func_j_0x100005c60,122830,False
func_j_0x100005c64,121456,True
func_j_0x10000613b,121499,False
func_j_0x100006559,122264,True
func_j_0x100006873,122109,True
func_j_0x100006ba6,123088,True
func_j_0x100006bb1,122309,False
func_j_0x100006bba,122874,False
func_j_0x100006e1b,121853,False
func_j_0x100006e1d,123317,True
func_j_0x100006e21,122589,False
func_j_0x100006fdb,121796,True
func_j_0x10000702c,121351,False
func_j_0x10000706e,122509,False
func_j_0x10000758c,121759,False
func_j_0x100008315,122354,True
func_j_0x100008319,122355,False
func_j_0x1000085ca,122192,False
func_j_0x1000085cc,121534,True
func_j_0x1000085d2,122496,False
func_j_0x1000085d4,123175,True
func_j_0x100008b9d,123196,True
func_j_0x100008d42,123158,True
func_j_0x100008ed0,123291,False
func_j_0x100008fee,123301,False
func_j_0x100008ff6,121384,False
func_j_0x100009013,121759,True
func_j_0x1000093f0,122541,True
func_j_0x1000096c4,121349,False
func_j_0x100009b0f,122146,True
func_j_0x100009b3c,123268,False
func_j_0x100009b45,122146,True
func_j_0x100009b47,121907,True
func_j_0x100009b49,122387,False
func_j_0x100009bc9,122657,True
func_j_0x100009c79,122351,False
func_j_0x100009c7c,121358,False
func_j_0x100009c9b,122528,False
func_j_0x10000a13c,121752,False
func_j_0x10000a170,122907,False
func_j_0x10000a17a,122117,False
func_j_0x10000a17e,122019,False
func_j_0x10000a180,122059,False
func_j_0x10000a18a,122995,False
func_j_0x10000a18c,122654,False
func_j_0x10000ac29,122820,True
func_j_0x10000acbb,122973,True
func_j_0x10000ad9b,122805,False
func_j_0x10000ae93,121695,False
func_j_0x10000aeb5,122893,True
func_j_0x10000b274,122200,True
func_j_0x10000b2fb,122157,True
func_j_0x10000b612,123281,True
func_j_0x10000b663,123228,False
func_j_0x10000b66f,121488,False
func_j_0x10000bf48,122745,True
func_j_0x10000c70d,122636,True
func_j_0x10000c70f,123015,False
func_je_0x100004d81,121988,False
func_je_0x100004d89,122708,False
func_je_0x100005dc2,121352,False
func_je_0x100005dc4,121826,False
func_je_0x100005dc8,122078,True
func_je_0x100005dca,122001,True
func_je_0x100005dce,122148,False
func_je_0x100005dd4,122179,True
func_je_0x100005dd8,122056,False
func_je_0x100006406,122334,True
func_je_0x10000640c,121606,False
func_je_0x10000640e,121564,False
func_je_0x100006416,122220,True
func_je_0x10000641a,122823,False
func_je_0x10000641e,123276,True
func_je_0x100006422,121870,False
func_je_0x100006428,121753,True
func_je_0x10000642a,122400,True
func_je_0x10000642e,121967,True
func_je_0x10000732f,122523,False
func_je_0x1000073a7,122205,True
func_je_0x1000073a9,122570,True
func_je_0x1000073af,122116,False
func_je_0x1000073ba,122908,False
func_je_0x1000073bc,122968,True
func_je_0x1000073c0,121616,False
func_je_0x1000073c2,122145,True
func_je_0x100007b41,121718,True
func_je_0x100007b43,121848,True
func_je_0x100007b4a,122308,True
func_je_0x100007b66,122074,False
func_je_0x100007b77,122736,False
func_je_0x100007b86,122786,False
func_je_0x100007b98,123001,True
func_je_0x100008e37,122636,False
func_je_0x100008e3e,122578,False
func_je_0x100008e6a,122137,True
func_je_0x100008e6e,122812,False
func_je_0x10000908f,121592,True
func_je_0x1000090be,121748,True
func_je_0x100009461,122228,True
func_je_0x100009482,123102,False
func_je_0x100009499,122260,False
func_je_0x10000a616,122130,True
func_je_0x10000a64d,121332,False
func_je_0x10000bfdc,122265,False
func_je_0x10000bfdf,123019,True
func_je_0x10000c58b,122536,False
func_je_0x10000c58f,121577,True
func_je_0x10000c591,121973,True
func_je_0x10000c593,122982,False
func_je_0x10000c595,122599,False
func_je_0x10000c59b,121812,True
func_je_0x10000c731,121539,True
func_je_0x10000d031,122098,True
func_ji_0x1000035f8,122758,True
func_ji_0x100003639,122945,True
func_ji_0x10000363b,122760,False
func_ji_0x10000cb3c,121598,True
func_ji_0x10000cb40,122396,True
func_ji_0x10000cb42,123085,False
func_ji_0x10000cb95,123181,False
func_ji_0x10000cb9d,121359,True
func_jr_0x100003746,122753,False
func_jr_0x100003759,121419,True
func_jr_0x100003761,123210,True
func_jr_0x10000376a,122941,False
func_jr_0x10000377c,121620,False
func_jr_0x10000378d,122223,False
func_jr_0x10000379d,122439,True
func_jr_0x1000037aa,121867,False
func_jr_0x10000b821,122273,False
func_jr_0x10000cb82,122507,True
func_jt_0x1000067de,121459,False
func_jt_0x1000067f2,121397,True
func_jt_0x10000c315,121728,True
func_jt_0x10000c317,121949,True
func_jt_0x10000c31d,121620,True
func_jt_0x10000c321,121698,False
func_jt_0x10000c327,121916,False
func_jt_0x10000c32b,122735,False
func_k_0x100000130,121629,False
func_k_0x100000140,122821,True
func_k_0x100000144,122594,False
func_k_0x100000219,122252,True
func_k_0x100000288,123271,True
func_k_0x100000295,122350,False
func_k_0x100000303,122958,True
func_k_0x100000309,121528,False
func_k_0x1000033bc,121881,False
func_k_0x1000033be,122854,False
func_k_0x1000033c6,121569,True
func_k_0x100003b5e,122941,False
func_k_0x100003b62,123049,True
func_k_0x100003df4,122664,False
func_k_0x100003e12,123194,False
func_k_0x100003e82,121670,False
func_k_0x100004065,122657,False
func_k_0x100004217,123186,False
func_k_0x10000423a,121542,False
func_k_0x100004266,122405,False
func_k_0x100004297,123027,False
func_k_0x1000043c4,121697,True
func_k_0x1000043f1,121830,False
func_k_0x10000447f,122204,False
func_k_0x100004b49,121719,False
func_k_0x1000051ab,123192,False
func_k_0x1000051eb,122008,True
func_k_0x1000051ed,122100,False
func_k_0x100005205,122835,False
func_k_0x1000059eb,123158,True
func_k_0x100005bf3,121582,True
func_k_0x100005bf5,121796,False
func_k_0x100005bfb,122925,False
func_k_0x100005c02,121869,True
func_k_0x100006033,122809,True
func_k_0x10000686d,122345,False
func_k_0x100006910,121476,False
func_k_0x100006912,121354,False
func_k_0x100006aba,122199,False
func_k_0x100006b09,122204,True
func_k_0x1000072d5,122914,True
func_k_0x1000073d4,122202,True
func_k_0x1000074c2,122005,True
func_k_0x100007506,123167,False
func_k_0x1000075b5,121599,False
func_k_0x1000075ce,122074,False
func_k_0x100007698,123263,False
func_k_0x1000076e5,121435,True
func_k_0x100007a79,122701,True
func_k_0x100007b11,122054,True
func_k_0x100007cc4,121712,False
func_k_0x100007cc8,123054,True
func_k_0x100007de7,121612,False
func_k_0x100007f06,122848,True
func_k_0x1000085c5,122760,True
func_k_0x1000085e1,123258,False
func_k_0x1000085e3,122145,False
func_k_0x100008b72,121503,True
func_k_0x100008bf5,122975,True
func_k_0x100008bfd,121726,True
func_k_0x100008cba,122848,False
func_k_0x100008cef,121790,True
func_k_0x100008d0d,122036,True
func_k_0x100008dc6,122832,True
func_k_0x100009212,121560,True
func_k_0x100009214,123055,False
func_k_0x100009226,122267,True
func_k_0x100009301,122601,False
func_k_0x10000933d,123027,True
func_k_0x100009352,122625,False
func_k_0x100009354,123279,False
func_k_0x100009641,122179,True
func_k_0x1000096cc,122696,True
func_k_0x1000096ce,121339,False
func_k_0x1000096d0,121456,True
func_k_0x100009b9d,121654,True
func_k_0x100009bb9,121919,True
func_k_0x100009c1a,122305,True
func_k_0x100009cc4,121411,True
func_k_0x100009cd2,121988,False
func_k_0x100009cd4,122570,False
func_k_0x100009cd6,121766,True
func_k_0x100009e8f,122558,True
func_k_0x100009ed2,122766,True
func_k_0x100009ed6,121734,False
func_k_0x100009ee3,122245,False
func_k_0x10000a10f,121446,True
func_k_0x10000a118,121520,True
func_k_0x10000a131,121709,False
func_k_0x10000a37e,122635,True
func_k_0x10000a397,122115,False
func_k_0x10000a3a5,122961,False
func_k_0x10000a4b0,122722,False
func_k_0x10000a717,122681,False
func_k_0x10000a731,122483,True
func_k_0x10000a844,121815,False
func_k_0x10000a846,123141,False
func_k_0x10000a859,121940,False
func_k_0x10000a944,122501,False
func_k_0x10000a946,121779,True
func_k_0x10000abf9,122603,True
func_k_0x10000ad72,121962,True
func_k_0x10000ad7e,122423,False
func_k_0x10000ae32,121999,False
func_k_0x10000ae34,121453,True
func_k_0x10000ae40,121842,True
func_k_0x10000b0f1,122424,False
func_k_0x10000b42d,121979,True
func_k_0x10000b610,122948,False
func_k_0x10000c1c9,122393,True
func_ke_0x100003972,122973,True
func_ke_0x100003ef3,122838,False
func_ke_0x1000043ab,122284,False
func_ke_0x1000043ad,121876,False
func_ke_0x10000441f,122223,False
func_ke_0x100005c9f,121716,True
func_ke_0x100005d0f,121390,True
func_ke_0x100005ded,122383,True
func_ke_0x100006185,122645,True
func_ke_0x100006187,121373,False
func_ke_0x10000618b,121645,True
func_ke_0x100006315,121672,True
func_ke_0x100006b61,121907,True
func_ke_0x100006b65,121860,False
func_ke_0x100006b71,122251,False
func_ke_0x100006b75,123181,False
func_ke_0x100006b79,122084,True
func_ke_0x100006b7d,121881,False
func_ke_0x100006b7f,121796,True
func_ke_0x100006d06,123301,False
func_ke_0x100006d0b,123070,False
func_ke_0x100006d0d,122414,False
func_ke_0x100006d43,122656,False
func_ke_0x100007138,121425,True
func_ke_0x100007ab6,122496,True
func_ke_0x1000093cd,121914,False
func_ke_0x1000093d1,122909,True
func_ke_0x1000093d3,122994,True
func_ke_0x1000093d5,122517,False
func_ke_0x1000093d9,122013,True
func_ke_0x1000093dd,122625,False
func_ke_0x10000aac2,123143,False
func_ke_0x10000b0b4,122983,True
func_ke_0x10000b0b6,122727,False
func_ke_0x10000b0b8,122227,True
func_ke_0x10000b0bc,122659,True
func_ke_0x10000b0be,121395,True
func_ke_0x10000b0c4,121906,False
func_ke_0x10000b0c6,122546,True
func_ke_0x10000b0d4,122315,True
func_ke_0x10000b0dc,123303,True
func_ke_0x10000b58d,122693,True
func_ke_0x10000c16b,121687,True
func_ke_0x10000c535,122281,False
func_ke_0x10000cc50,122869,True
func_ke_0x10000cc5b,123292,False
func_ke_0x10000ce27,123239,True
func_ke_0x10000ce29,122596,True
func_ke_0x10000ce6a,122582,False
func_ke_0x10000ce6c,121634,True
func_ke_0x10000cfa5,123205,True
func_ke_0x10000cfd3,122388,True
func_ki_0x10000361a,123193,True
func_ki_0x10000361e,122757,True
func_ki_0x100003620,122544,False
func_ki_0x10000cb1e,122998,False
func_ki_0x10000cb20,122091,False
func_ki_0x10000cb24,122856,True
func_ki_0x10000cbbf,123261,True
func_kn_0x10000341a,122064,False
func_kn_0x100003439,122664,False
func_kn_0x100003443,121944,True
func_kn_0x100003457,123118,False
func_kn_0x100003540,123191,True
func_kn_0x100003552,122178,True
func_kn_0x100003554,121451,True
func_kn_0x100003562,121749,True
func_kn_0x10000356c,122476,False
func_kn_0x10000664c,121976,True
func_kn_0x10000666e,121698,False
func_kn_0x10000c34a,121689,True
func_kn_0x10000ca72,121857,True
func_kt_0x10000aef0,122675,False
func_kt_0x10000af1d,123169,False
func_kt_0x10000af1f,121348,False
func_kt_0x10000af23,122472,True
func_kt_0x10000af2f,122773,True
func_kt_0x10000af31,121927,True
func_kt_0x10000af33,121577,False
func_kt_0x10000c37b,122683,True
func_kt_0x10000c39c,122176,True
func_kt_0x10000c39e,122851,False
func_kt_0x10000c920,121753,True
func_kt_0x10000c92f,121581,True
func_kt_0x10000c989,122843,False
func_kt_0x10000c98b,123229,True
func_kt_0x10000c99b,122498,False
func_kt_0x10000c99f,121948,False
func_kt_0x10000c9a7,121649,False
func_kt_0x10000c9a9,122474,False
func_kt_0x10000c9ab,122305,False
func_kt_0x10000c9ae,121565,False
func_kt_0x10000c9b0,123151,False
func_kt_0x10000c9b3,121380,False
func_l_0x10000016c,121646,False
func_l_0x10000022b,121715,True
func_l_0x10000024b,121701,False
func_l_0x1000002bc,122645,False
func_l_0x100000325,122892,True
func_l_0x100000382,122187,False
func_l_0x100000390,121558,True
func_l_0x1000003e3,122242,True
func_l_0x1000003ec,123270,False
func_l_0x1000005ce,121842,False
func_l_0x100000926,123064,False
func_l_0x1000033cd,121588,True
func_l_0x1000033d1,123306,False
func_l_0x10000380a,121782,False
func_l_0x100003868,121951,False
func_l_0x100003a9a,121857,False
func_l_0x100003c00,123296,False
func_l_0x100003c77,122365,False
func_l_0x100003c79,122515,True
func_l_0x100003d5f,122106,True
func_l_0x100003d72,122773,False
func_l_0x100003d8f,122933,True
func_l_0x100003de8,121649,False
func_l_0x100003dea,122043,False
func_l_0x100003e79,123154,False
func_l_0x100003e9d,121871,True
func_l_0x100004206,122256,False
func_l_0x10000420c,122425,False
func_l_0x100004306,121790,True
func_l_0x1000045af,122783,False
func_l_0x100004ba1,122197,True
func_l_0x100004ba5,121488,False
func_l_0x100004bad,121328,True
func_l_0x100004ca1,121424,False
func_l_0x100004cc8,122646,False
func_l_0x100004ccc,122291,True
func_l_0x100004cf3,122907,True
func_l_0x100004cfa,122472,True
func_l_0x100005622,122691,False
func_l_0x100005675,122487,False
func_l_0x1000056bc,123123,True
func_l_0x1000056c7,123059,True
func_l_0x100005834,122320,True
func_l_0x100005924,123101,False
func_l_0x100005b31,122443,True
func_l_0x100005d84,122564,False
func_l_0x100006101,121332,True
func_l_0x100006136,122146,True
func_l_0x1000068d5,122082,False
func_l_0x10000691c,123194,False
func_l_0x100006928,122025,False
func_l_0x10000694e,122164,False
func_l_0x10000695f,121617,False
func_l_0x100006a7a,122902,False
func_l_0x100006cac,122703,False
func_l_0x100006ffa,122328,True
func_l_0x100007241,122527,False
func_l_0x1000075c4,123070,True
func_l_0x10000779e,121711,False
func_l_0x1000077be,121324,True
func_l_0x100007a0f,122567,True
func_l_0x100007b01,122792,False
func_l_0x100007d55,122013,True
func_l_0x100007e28,122886,False
func_l_0x100007e7b,122883,True
func_l_0x100007e7d,121610,True
func_l_0x10000825b,122982,False
func_l_0x100008287,123251,False
func_l_0x100008577,121577,False
func_l_0x1000085f9,121833,False
func_l_0x100008601,122421,False
func_l_0x1000089c4,122555,False
func_l_0x100008ab6,122459,True
func_l_0x100008c82,122387,True
func_l_0x100008cd6,122866,False
func_l_0x100008d66,123122,True
func_l_0x100008eeb,122885,False
func_l_0x100008f4a,123174,False
func_l_0x10000936c,121464,False
func_l_0x1000095a2,122126,False
func_l_0x1000095a4,122896,False
func_l_0x1000095da,123138,False
func_l_0x1000095dc,122459,True
func_l_0x1000095de,122425,True
func_l_0x10000960d,121516,True
func_l_0x100009623,121379,True
func_l_0x10000966d,121976,False
func_l_0x1000097c2,122287,True
func_l_0x1000097c5,122573,False
func_l_0x100009b03,121865,False
func_l_0x100009b92,122605,True
func_l_0x100009bef,122437,True
func_l_0x100009e68,121635,True
func_l_0x10000a4ce,122908,True
func_l_0x10000a7fa,122073,True
func_l_0x10000a833,122075,False
func_l_0x10000a869,121998,True
func_l_0x10000a8c0,121709,False
func_l_0x10000a8dd,122621,False
func_l_0x10000a8f1,122807,False
func_l_0x10000a9fe,122236,False
func_l_0x10000aa42,121528,True
func_l_0x10000aa54,123172,True
func_l_0x10000ab37,122391,True
func_l_0x10000ad8d,122386,True
func_l_0x10000ae20,122427,False
func_l_0x10000ae82,122681,True
func_l_0x10000ae89,121560,False
func_l_0x10000b054,122410,False
func_l_0x10000b24d,122943,True
func_l_0x10000b454,121878,True
func_l_0x10000b4f4,122968,True
func_l_0x10000b88c,123233,True
func_l_0x10000b8c9,122570,False
func_l_0x10000bbea,121647,False
func_l_0x10000bf00,121330,True
func_l_0x10000bf0c,121772,True
func_l_0x10000c1e3,122494,True
func_l_0x10000c1e8,122909,True
func_l_0x10000c4ab,122797,True
func_l_0x10000ceab,122955,False
func_l_0x10000d0ba,121656,True
func_l_0x10000d0bc,121395,True
func_le_0x100003aaa,121572,False
func_le_0x100003efc,121742,True
func_le_0x100003f02,122563,True
func_le_0x100004491,123075,True
func_le_0x1000044dd,122841,False
func_le_0x100004e24,121398,True
func_le_0x100005731,122191,True
func_le_0x100005749,122282,True
func_le_0x10000574b,121610,False
func_le_0x10000575c,121965,False
func_le_0x1000057ec,122409,False
func_le_0x1000058e7,121591,False
func_le_0x1000058eb,121632,False
func_le_0x1000058f1,122565,False
func_le_0x1000058f9,121553,True
func_le_0x1000058fb,121782,False
func_le_0x10000590d,122427,False
func_le_0x100005af8,121678,False
func_le_0x100005b59,122264,False
func_le_0x100005b82,122659,True
func_le_0x100005b84,122239,False
func_le_0x100005c9d,122579,False
func_le_0x1000064a4,122086,True
func_le_0x100007a2c,122520,True
func_le_0x100007ab1,122525,True
func_le_0x100007add,122886,True
func_le_0x100007ae3,122231,True
func_le_0x100007ae5,122203,False
func_le_0x100008129,123147,True
func_le_0x100008f9d,122864,False
func_le_0x1000098d7,122456,True
func_le_0x10000a476,122280,False
func_le_0x10000a478,122152,False
func_le_0x10000aabd,122516,True
func_le_0x10000abef,122991,False
func_le_0x10000b535,122396,False
func_le_0x10000b537,121556,False
func_le_0x10000b550,121428,False
func_le_0x10000b552,122626,False
func_le_0x10000bdc3,122658,False
func_le_0x10000c15e,123054,False
func_le_0x10000cdfb,122530,False
func_le_0x10000ce67,123270,False
func_le_0x10000ce77,122106,False
func_le_0x10000ce89,122097,True
func_le_0x10000d01a,122132,False
func_le_0x10000d04e,121449,False
func_le_0x10000d07c,122402,True
func_le_0x10000d07e,121343,False
func_le_0x10000d080,122839,False
func_li_0x1000049e9,123287,True
func_li_0x1000049eb,122844,False
func_li_0x1000049ef,122959,True
func_li_0x1000049f3,122853,True
func_li_0x1000049f5,121638,True
func_li_0x1000049f7,123031,True
func_li_0x1000049fb,123164,True
func_li_0x100004a07,123020,True
func_li_0x100004a09,122816,False
func_li_0x100004a0d,121740,True
func_li_0x100004a13,121408,False
func_li_0x100004a15,121699,False
func_li_0x100004a17,122049,True
func_li_0x100004a19,123021,False
func_li_0x100004a1b,122132,True
func_li_0x100004a1d,121632,False
func_li_0x100004a1f,121893,False
func_li_0x100004a23,122826,False
func_li_0x100004a2d,122140,False
func_li_0x100004a2f,122232,False
func_lr_0x100008500,123181,True
func_lr_0x100008506,121751,True
func_lr_0x100008524,123195,False
func_lt_0x10000340d,123227,True
func_lt_0x100003410,123286,True
func_lt_0x100003414,122585,False
func_lt_0x100003416,123091,True
func_lt_0x10000341c,122568,True
func_lt_0x100003420,122585,True
func_lt_0x100003426,122536,True
func_lt_0x100003433,122024,False
func_lt_0x100003437,122005,True
func_lt_0x10000343d,121967,True
func_lt_0x100003449,121621,True
func_lt_0x10000344b,122504,True
func_lt_0x100003459,123071,True
func_lt_0x100003542,121833,False
func_lt_0x100003546,122318,False
func_lt_0x100003548,121829,True
func_lt_0x10000354a,121733,True
func_lt_0x10000354c,121779,False
func_lt_0x100003556,121369,True
func_lt_0x100003558,122261,True
func_lt_0x10000355c,121392,False
func_lt_0x100003564,121800,True
func_lt_0x100003566,121567,False
func_lt_0x10000356e,122603,True
func_lt_0x10000665f,123194,False
func_lt_0x1000071a9,122422,True
func_lt_0x10000c313,121928,True
func_lu_0x100005326,122579,True
func_lu_0x10000533a,121475,False
func_lu_0x100005394,123107,True
func_lu_0x100005396,122104,True
func_lu_0x1000054c3,121705,True
func_lu_0x100005516,122030,False
func_lu_0x10000551c,121580,False
func_lu_0x100005566,122456,False
func_lu_0x1000055f2,121910,True
func_lu_0x1000055f6,122801,False
func_m_0x100000156,121574,False
func_m_0x100000158,121963,False
func_m_0x1000002a3,122317,False
func_m_0x100003856,121632,True
func_m_0x100003858,122097,False
func_m_0x1000039d9,121856,False
func_m_0x1000039dd,122027,True
func_m_0x1000039e3,122056,True
func_m_0x100003a4b,122339,False
func_m_0x100003b5d,121875,True
func_m_0x100003b73,122340,True
func_m_0x100003b7d,122629,True
func_m_0x100003bc0,123111,True
func_m_0x100003c71,121892,False
func_m_0x100003c96,122995,False
func_m_0x100003c98,121334,False
func_m_0x100003c9e,122023,True
func_m_0x100003d63,122511,True
func_m_0x100003dad,123301,False
func_m_0x100003dd2,121328,False
func_m_0x100003ea4,122635,True
func_m_0x1000041f2,123275,False
func_m_0x1000041f6,122724,True
func_m_0x1000041f8,122531,True
func_m_0x1000041fb,123023,True
func_m_0x100004200,122015,True
func_m_0x100004211,121439,False
func_m_0x100004330,121526,False
func_m_0x100004be0,121946,False
func_m_0x100004be2,122178,True
func_m_0x100004be4,122535,True
func_m_0x100004d2a,121461,True
func_m_0x1000051ad,121968,True
func_m_0x10000562d,122670,False
func_m_0x100005633,122683,False
func_m_0x100005653,121932,True
func_m_0x100005655,121989,False
func_m_0x10000565d,121663,True
func_m_0x100005663,123054,True
func_m_0x100005671,123142,True
func_m_0x100005981,122947,True
func_m_0x1000059ef,121977,True
func_m_0x1000059f2,122485,False
func_m_0x100005c1c,122706,True
func_m_0x100005f59,122500,False
func_m_0x100005fa4,122957,True
func_m_0x100005fe7,121646,False
func_m_0x1000060a4,121571,False
func_m_0x100006718,122917,False
func_m_0x10000693c,122914,True
func_m_0x10000698f,122672,True
func_m_0x100006a92,121516,True
func_m_0x100006a9e,121855,False
func_m_0x100006caf,121588,True
func_m_0x100007055,122806,False
func_m_0x1000075be,121987,False
func_m_0x1000078a1,121937,True
func_m_0x10000798c,122631,True
func_m_0x1000079b1,122479,True
func_m_0x1000079c9,123252,True
func_m_0x1000079cb,122622,False
func_m_0x100007a13,122543,False
func_m_0x100007a5a,122863,True
func_m_0x100007d36,122569,False
func_m_0x100007d42,122858,True
func_m_0x100007e43,122758,True
func_m_0x100007ea6,122557,True
func_m_0x100007f8f,123191,False
func_m_0x1000089fa,122645,False
func_m_0x100008a11,122239,False
func_m_0x100008b5f,121867,False
func_m_0x100008b79,122761,True
func_m_0x100008b7b,121688,False
func_m_0x100008b83,122399,True
func_m_0x100008d02,122370,False
func_m_0x100008d1b,122036,True
func_m_0x100008d62,123212,True
func_m_0x100008d75,123088,True
func_m_0x100008ef2,122861,True
func_m_0x100008efa,122453,True
func_m_0x10000913d,121731,False
func_m_0x1000091b7,121358,False
func_m_0x10000962b,122063,False
func_m_0x10000962f,123158,True
func_m_0x100009631,122847,True
func_m_0x1000098e4,122337,True
func_m_0x100009b5e,122420,True
func_m_0x100009b60,121463,True
func_m_0x100009b62,122667,False
func_m_0x100009b64,123247,True
func_m_0x100009b9b,122457,True
func_m_0x100009c03,121339,False
func_m_0x100009cb5,122935,True
func_m_0x100009e6c,123027,True
func_m_0x10000a0ec,122934,True
func_m_0x10000a19a,122639,False
func_m_0x10000a40b,122169,True
func_m_0x10000a415,123150,True
func_m_0x10000a427,121756,True
func_m_0x10000a42f,122607,True
func_m_0x10000a4b6,123043,False
func_m_0x10000a52c,122723,False
func_m_0x10000a5da,123205,True
func_m_0x10000a853,122536,False
func_m_0x10000a8bd,123126,False
func_m_0x10000a9db,122584,False
func_m_0x10000aa0b,122490,False
func_m_0x10000aa0d,122402,False
func_m_0x10000aa0f,123161,True
func_m_0x10000aa77,122415,True
func_m_0x10000ab18,122505,False
func_m_0x10000ab82,122615,False
func_m_0x10000b134,121413,True
func_m_0x10000b55b,121908,False
func_m_0x10000b681,122099,True
func_m_0x10000b8cb,121463,True
func_m_0x10000bc0f,122061,True
func_m_0x10000c1d0,121638,False
func_m_0x10000c43b,121438,True
func_m_0x10000c882,122395,True
func_m_0x10000c89b,121703,True
func_m_0x10000cbef,122165,True
func_me_0x100003952,122057,True
func_me_0x1000044c6,122342,False
func_me_0x1000044c8,123043,False
func_me_0x1000044cc,121935,False
func_me_0x100004510,121714,False
func_me_0x100004530,121400,False
func_me_0x100005865,122576,True
func_me_0x100005c8f,122524,False
func_me_0x100005d29,122308,True
func_me_0x100005e9a,123090,True
func_me_0x100006a09,122874,True
func_me_0x100006b6b,122751,False
func_me_0x100006d4c,121677,True
func_me_0x100007922,122656,False
func_me_0x10000792e,121689,True
func_me_0x100008043,121709,True
func_me_0x100008048,122540,True
func_me_0x1000080ec,123156,True
func_me_0x100009290,121872,True
func_me_0x1000092a5,121368,True
func_me_0x1000092b3,122231,True
func_me_0x1000092bf,123297,True
func_me_0x1000092d4,122975,True
func_me_0x1000092d6,122471,False
func_me_0x1000092dd,122949,True
func_me_0x10000a660,122713,True
func_me_0x10000a744,121835,True
func_me_0x10000a746,123227,False
func_me_0x10000a74c,122126,True
func_me_0x10000a74e,122402,True
func_me_0x10000a750,121447,False
func_me_0x10000a752,121809,False
func_me_0x10000a75c,121649,True
func_me_0x10000a75e,121754,False
func_me_0x10000a760,121783,True
func_me_0x10000a762,123149,True
func_me_0x10000a768,121669,True
func_me_0x10000b590,121494,True
func_me_0x10000c074,121567,True
func_me_0x10000c3e7,122296,False
func_me_0x10000c3e9,122625,False
func_me_0x10000c3f5,121762,False
func_me_0x10000ca2e,122141,True
func_me_0x10000ccda,122125,True
func_me_0x10000ce6f,122383,True
func_me_0x10000ce71,122154,True
func_me_0x10000cfcb,121987,True
func_me_0x10000cfdd,122086,True
func_me_0x10000d03d,123119,True
func_me_0x10000d03f,121764,False
func_mn_0x100004744,122959,False
func_mn_0x10000474d,121914,True
func_mn_0x100004752,122108,False
func_mn_0x100004754,122112,True
func_mn_0x100004756,122991,False
func_mn_0x100004758,121839,True
func_mn_0x10000475c,122716,True
func_mn_0x100004762,122232,True
func_mn_0x10000476c,122908,True
func_mn_0x1000047be,122473,True
func_mn_0x10000494a,121615,False
func_mn_0x1000049d3,122558,False
func_mn_0x1000049d5,122540,False
func_mn_0x1000049d9,123165,True
func_mn_0x1000049df,122128,True
func_mn_0x100004a56,122128,False
func_mr_0x1000040a1,122686,True
func_mr_0x1000040a3,121729,False
func_mr_0x1000040ab,121911,True
func_mr_0x100006637,122392,True
func_mr_0x10000663d,121580,True
func_mr_0x10000663f,122027,False
func_mr_0x10000665c,122068,False
func_mr_0x1000066f3,122947,True
func_mr_0x1000066f5,121765,True
func_mr_0x1000066ff,123290,True
func_mr_0x100006708,122586,False
func_mr_0x10000670e,121725,True
func_mr_0x1000067e4,122136,False
func_mr_0x1000067ea,121932,False
func_mr_0x1000067f4,122587,True
func_mr_0x100009db4,122602,True
func_mr_0x100009db6,121410,False
func_mr_0x100009dba,121920,True
func_mr_0x100009dc0,122088,False
func_mr_0x100009dc6,123116,False
func_mr_0x100009dd0,122055,True
func_mr_0x100009dd8,123136,False
func_mr_0x100009dda,123028,True
func_mr_0x100009dde,123126,False
func_mr_0x100009de0,122147,False
func_mr_0x10000b410,122443,False
func_mr_0x10000c312,121474,False
func_mr_0x10000c365,121540,True
func_mt_0x100004439,122814,True
func_mt_0x10000443b,122500,False
func_mt_0x10000443d,123002,True
func_mt_0x10000443f,121708,False
func_mt_0x100004d82,121766,True
func_mt_0x100006400,121666,False
func_mt_0x100006438,122156,False
func_mt_0x100007b8e,121493,False
func_mt_0x100008dfa,121668,True
func_mt_0x100008dfc,122842,True
func_mt_0x100008e08,122802,True
func_mt_0x100008e0c,122410,False
func_mt_0x100008e2f,121879,True
func_mt_0x100008e39,122462,False
func_mt_0x100008e3b,121567,True
func_mt_0x100008e4a,121332,False
func_mt_0x100008e4c,121887,True
func_mt_0x100008e52,122085,True
func_mt_0x100008e58,121369,True
func_mt_0x100008e5a,122990,False
func_mt_0x100009464,122257,False
func_mt_0x10000946e,121476,False
func_mt_0x100009494,123088,False
func_mt_0x1000094aa,122650,False
func_mt_0x1000094b5,122159,False
func_mt_0x10000a60e,122445,True
func_mt_0x10000a610,123241,True
func_mt_0x10000a612,122086,False
func_mt_0x10000b180,123015,True
func_mt_0x10000bfe3,122607,False
func_mt_0x10000c59d,123021,True
func_mt_0x10000c805,122215,True
func_mu_0x10000367d,122425,False
func_mu_0x100008455,122223,False
func_mu_0x10000847e,123285,False
func_mu_0x10000849a,122569,True
func_mu_0x10000849c,121648,True
func_n_0x100000002,122206,True
func_n_0x100000013,122285,True
func_n_0x10000001b,122502,True
func_n_0x10000009a,123001,False
func_n_0x1000000a6,122911,False
func_n_0x1000000b0,122659,False
func_n_0x1000000b5,121816,False
func_n_0x10000015f,123108,False
func_n_0x10000016f,121393,False
func_n_0x100000179,122092,False
func_n_0x100000185,121339,False
func_n_0x100000195,122546,False
func_n_0x100000198,122390,False
func_n_0x100000259,121731,True
func_n_0x10000026d,122690,False
func_n_0x100000270,121628,False
func_n_0x100000272,122410,False
func_n_0x1000002af,122679,False
func_n_0x10000032c,122690,False
func_n_0x10000034c,121325,True
func_n_0x10000034f,121395,False
func_n_0x100000352,122171,True
func_n_0x1000003a1,121726,True
func_n_0x1000003b7,121821,False
func_n_0x1000003be,122982,True
func_n_0x1000003d2,121934,False
func_n_0x1000003ef,122294,True
func_n_0x1000003f1,122089,True
func_n_0x100000435,121354,True
func_n_0x10000043a,123041,True
func_n_0x100000447,121418,True
func_n_0x100000463,121726,True
func_n_0x100000465,122049,False
func_n_0x10000046c,121710,False
func_n_0x1000004a8,121572,True
func_n_0x1000004b1,121902,True
func_n_0x1000004b4,121928,False
func_n_0x1000004b7,122869,False
func_n_0x1000004c3,123162,False
func_n_0x1000004d4,121670,False
func_n_0x1000004f1,122594,True
func_n_0x1000004f8,121893,True
func_n_0x100000510,123171,True
func_n_0x100000572,122498,False
func_n_0x100000578,123309,False
func_n_0x1000005b5,122438,True
func_n_0x100000883,122288,False
func_n_0x1000008c0,121387,False
func_n_0x1000008e9,122413,False
func_n_0x100000906,123070,True
func_n_0x100000911,122677,False
func_n_0x100000918,122148,True
func_n_0x100000920,122662,True
func_n_0x100000941,121690,True
func_n_0x100000945,121860,False
func_n_0x100000949,121720,True
func_n_0x10000097d,123294,False
func_n_0x10000097f,121462,False
func_n_0x100000981,122864,False
func_n_0x100000983,122325,True
func_n_0x100000997,123308,True
func_n_0x1000009a8,122916,True
func_n_0x1000009b8,121414,False
func_n_0x100003386,122758,True
func_n_0x100003c5b,122987,True
func_n_0x100003cb5,122868,False
func_n_0x100003da4,123051,True
func_n_0x1000041d4,121557,False
func_n_0x1000041dd,121712,True
func_n_0x100004310,122970,False
func_n_0x100004548,122767,False
func_n_0x10000454a,122738,True
func_n_0x10000455b,121537,False
func_n_0x100004563,123274,False
func_n_0x100004566,123195,False
func_n_0x100004569,121769,True
func_n_0x10000456d,121765,True
func_n_0x100004570,122093,True
func_n_0x100004577,121998,True
func_n_0x100004588,122722,True
func_n_0x100004ad1,121517,True
func_n_0x100004ad6,123290,True
func_n_0x100004ae8,122294,True
func_n_0x100004aed,123067,False
func_n_0x100004af3,121867,True
func_n_0x100004b2c,122076,True
func_n_0x100004b2f,121432,True
func_n_0x100004bef,122364,True
func_n_0x100005208,121446,False
func_n_0x100005219,121468,True
func_n_0x100005685,121819,True
func_n_0x1000056e6,123238,True
func_n_0x100005b28,121639,False
func_n_0x100005b38,122265,True
func_n_0x100006fbc,121517,True
func_n_0x10000761f,121519,True
func_n_0x100007622,121665,False
func_n_0x100007624,121569,False
func_n_0x100007a87,122554,False
func_n_0x100007a9c,122895,False
func_n_0x100007da5,121381,False
func_n_0x100007dab,121569,False
func_n_0x10000862a,121435,False
func_n_0x1000089c0,122601,True
func_n_0x100008b86,123276,False
func_n_0x100008b8b,121345,False
func_n_0x100009556,123306,False
func_n_0x10000955d,122581,False
func_n_0x1000095b8,122582,True
func_n_0x1000095c0,122464,True
func_n_0x1000095c4,122089,False
func_n_0x1000095c8,121773,False
func_n_0x1000095ee,121852,False
func_n_0x10000a4ec,122102,True
func_n_0x10000a4f2,122314,True
func_n_0x10000a4f6,121774,True
func_n_0x10000a504,123013,False
func_n_0x10000a507,121504,True
func_n_0x10000a516,121666,True
func_n_0x10000a51b,122158,True
func_n_0x10000a51e,121739,False
func_n_0x10000a554,122190,False
func_n_0x10000a55b,122291,False
func_n_0x10000a57f,121986,False
func_n_0x10000a58d,121512,False
func_n_0x10000a594,123217,True
func_n_0x10000a5ca,122324,True
func_n_0x10000a7e1,122007,True
func_n_0x10000a7e9,121714,True
func_n_0x10000aad6,121474,False
func_n_0x10000aaea,122292,False
func_n_0x10000aaf3,121905,False
func_n_0x10000ae4a,123183,False
func_n_0x10000ae55,121841,False
func_n_0x10000b045,121521,False
func_n_0x10000b3db,121991,True
func_n_0x10000b3e1,122386,False
func_n_0x10000b3e3,121606,False
func_n_0x10000b3ec,123304,True
func_n_0x10000b3f0,121407,False
func_n_0x10000b3f2,121462,True
func_n_0x10000b3fa,121319,True
func_n_0x10000b3fe,121858,True
func_n_0x10000b5a4,121993,False
func_n_0x10000b5de,122134,True
func_n_0x10000b5e2,122685,False
func_n_0x10000b5ff,122273,False
func_n_0x10000c1e0,121798,False
func_n_0x10000c5a4,122759,False
func_n_0x10000c5ba,123304,True
func_n_0x10000c6ab,123228,True
func_n_0x10000c8ea,122028,True
func_n_0x10000ca89,122262,False
func_n_0x10000ca9f,122930,False
func_n_0x10000cab9,121519,False
func_n_0x10000cac5,123035,True
func_n_0x10000cac9,121528,True
func_n_0x10000cacf,123280,True
func_n_0x10000cadb,121659,True
func_n_0x10000caf5,122170,False
func_n_0x10000cbd0,122637,False
func_n_0x10000cbdc,122581,False
func_nd_0x1000088e9,121589,False
func_nd_0x1000088ed,122947,True
func_ne_0x100000202,122686,False
func_ne_0x100003898,122809,False
func_ne_0x10000389c,122515,False
func_ne_0x10000392e,121499,True
func_ne_0x100003930,121955,True
func_ne_0x100003b3d,122598,False
func_ne_0x100003b41,122538,True
func_ne_0x100003b45,122888,True
func_ne_0x100003c16,121513,True
func_ne_0x10000402c,122641,True
func_ne_0x10000416a,122815,False
func_ne_0x10000416c,122662,False
func_ne_0x100004190,122828,True
func_ne_0x100004192,122686,True
func_ne_0x1000041bf,121853,False
func_ne_0x1000041c9,121353,True
func_ne_0x100004248,123178,False
func_ne_0x10000427a,122164,True
func_ne_0x10000427e,121626,False
func_ne_0x10000438b,122527,False
func_ne_0x10000438d,121983,False
func_ne_0x100004395,122534,False
func_ne_0x100004397,122412,True
func_ne_0x100004486,123166,False
func_ne_0x100004a8f,122774,False
func_ne_0x1000058ca,122784,True
func_ne_0x100005f15,121354,False
func_ne_0x100005f1f,121592,False
func_ne_0x100006370,122633,True
func_ne_0x100006372,121381,True
func_ne_0x100006378,122643,True
func_ne_0x10000637c,122000,False
func_ne_0x100006387,122508,True
func_ne_0x100006530,123030,False
func_ne_0x100006879,122164,False
func_ne_0x100006b8d,122973,True
func_ne_0x100006ba2,122091,True
func_ne_0x100006bb3,121449,False
func_ne_0x100006bb6,122892,False
func_ne_0x10000701f,123235,False
func_ne_0x100007068,122742,False
func_ne_0x100007609,122203,True
func_ne_0x10000760b,122368,True
func_ne_0x100007615,121824,True
func_ne_0x100007617,121896,False
func_ne_0x100007619,121696,False
func_ne_0x10000761b,123249,False
func_ne_0x100007cf7,121354,True
func_ne_0x100007cfe,123307,True
func_ne_0x100007d11,122419,False
func_ne_0x100008fb0,122407,True
func_ne_0x1000096c2,121918,False
func_ne_0x1000096c6,121756,False
func_ne_0x100009b17,122716,True
func_ne_0x100009bd4,123189,False
func_ne_0x100009c72,122769,False
func_ne_0x100009c96,121896,False
func_ne_0x10000a172,123249,True
func_ne_0x10000a6a4,123281,True
func_ne_0x10000ab96,121681,False
func_ne_0x10000ad97,121585,False
func_ne_0x10000adbf,122175,False
func_ne_0x10000b279,121820,False
func_ne_0x10000b464,122679,False
func_ne_0x10000b466,123157,True
func_ne_0x10000b468,122320,True
func_ne_0x10000b4df,123104,True
func_ne_0x10000b4e9,121817,False
func_ne_0x10000b4eb,122377,True
func_ne_0x10000b4ed,121382,True
func_ne_0x10000b665,122868,False
func_ne_0x10000b674,122767,False
func_ne_0x10000b6b6,121422,False
func_ne_0x10000b83a,122203,True
func_ne_0x10000bb60,122263,False
func_ne_0x10000c751,121543,True
func_nn_0x100004f26,121685,True
func_nn_0x100004f2b,122946,False
func_nn_0x100005047,121614,True
func_nn_0x100005058,123313,True
func_nn_0x100005076,121804,False
func_nn_0x10000507c,123118,True
func_nn_0x100005082,122519,True
func_nn_0x100005084,122998,True
func_nn_0x10000508a,122319,True
func_nn_0x10000508e,122521,True
func_nn_0x100005098,121673,True
func_nn_0x1000050a2,121847,True
func_nn_0x1000050ae,121782,False
func_nn_0x1000050b2,122871,True
func_nn_0x1000050b6,122106,True
func_nn_0x1000050c4,122938,True
func_nn_0x1000050ca,121830,False
func_nn_0x1000050d4,122956,True
func_nn_0x1000050d8,122684,True
func_nn_0x1000050de,122966,True
func_nn_0x1000050e2,122552,False
func_nn_0x1000050e8,122061,True
func_nn_0x1000050ec,121537,False
func_nn_0x100005100,123047,False
func_nn_0x100005110,123014,True
func_nn_0x100005116,121573,False
func_nn_0x10000512e,121970,True
func_nn_0x100005132,122436,False
func_nn_0x10000513e,121948,False
func_nn_0x100005146,121476,True
func_nn_0x10000514b,122445,True
func_nn_0x10000514f,122122,True
func_nn_0x100005156,121969,False
func_nn_0x10000515f,123079,True
func_nn_0x100005165,121632,True
func_nn_0x100005167,122148,True
func_nn_0x100005177,122233,False
func_nn_0x10000517d,123056,True
func_nn_0x100005183,122762,True
func_nn_0x100005185,122222,False
func_nn_0x100005191,121527,False
func_nn_0x100005193,122279,False
func_nn_0x100005195,122840,False
func_nn_0x10000556b,121754,False
func_nr_0x100008472,121733,True
func_nr_0x10000848b,122353,False
func_nr_0x10000848f,122271,True
func_nr_0x100008493,121932,True
func_nr_0x1000084a3,122153,True
func_nr_0x1000084ef,121707,False
func_nr_0x1000084f1,121608,True
func_nr_0x1000084f3,121488,False
func_nr_0x1000084f5,122547,True
func_nr_0x1000084fd,121714,False
func_nr_0x100008502,121803,False
func_nr_0x1000099d5,121701,True
func_o_0x10000006a,122937,False
func_o_0x1000000f6,121498,True
func_o_0x10000014c,121661,True
func_o_0x10000025e,122257,True
func_o_0x1000002b7,122201,True
func_o_0x1000003d4,122812,False
func_o_0x1000003da,121668,False
func_o_0x1000003df,122241,False
func_o_0x1000003e2,121574,False
func_o_0x1000003e8,121913,False
func_o_0x1000003eb,123284,True
func_o_0x100000404,121693,True
func_o_0x100000424,122042,False
func_o_0x10000043c,122870,True
func_o_0x10000046e,123054,False
func_o_0x100000470,122134,False
func_o_0x1000004d7,122211,True
func_o_0x1000004df,122363,False
func_o_0x100000568,121662,False
func_o_0x10000059b,122726,False
func_o_0x1000008b9,121599,True
func_o_0x10000091b,122367,False
func_o_0x100000923,122435,False
func_o_0x100000929,122752,False
func_o_0x10000095b,122176,False
func_o_0x100000963,121588,False
func_o_0x10000096c,122421,True
func_o_0x10000399a,122871,True
func_o_0x100003a7d,123280,True
func_o_0x100003a8f,122929,False
func_o_0x100003a99,123189,True
func_o_0x100003aea,122969,False
func_o_0x100003c26,121478,True
func_o_0x100003c8e,121358,False
func_o_0x100003cae,121370,True
func_o_0x100003d8b,122621,False
func_o_0x100003d92,123015,True
func_o_0x100003da6,121957,False
func_o_0x100003dc0,122325,False
func_o_0x100003de1,122587,False
func_o_0x100003f14,122922,True
func_o_0x1000045d4,122974,False
func_o_0x100004af4,121991,True
func_o_0x100004af7,122706,True
func_o_0x100004b02,122883,True
func_o_0x100004b13,121597,False
func_o_0x100004c92,122511,True
func_o_0x100004ca4,122390,False
func_o_0x100004d34,123307,True
func_o_0x100004dfc,122354,True
func_o_0x10000568f,122340,True
func_o_0x1000056b3,122915,True
func_o_0x100005833,121810,False
func_o_0x100005936,122752,True
func_o_0x100005939,121849,False
func_o_0x100005b25,121557,False
func_o_0x100005b42,121620,True
func_o_0x100005c0a,123073,False
func_o_0x100005c10,122860,True
func_o_0x1000060b0,122024,False
func_o_0x1000068d0,123146,False
func_o_0x100006925,122916,False
func_o_0x100006932,121920,True
func_o_0x100006992,122634,False
func_o_0x100006a78,122322,True
func_o_0x100006acb,122790,True
func_o_0x100006d58,121991,True
func_o_0x1000073d0,123082,True
func_o_0x100007433,122903,True
func_o_0x100007447,123116,False
func_o_0x100007479,121566,True
func_o_0x10000749b,122654,False
func_o_0x1000074e8,122780,True
func_o_0x100007534,122340,False
func_o_0x10000756a,121834,True
func_o_0x1000075a7,121618,False
func_o_0x100007629,121762,False
func_o_0x100007911,122872,False
func_o_0x1000079a7,122823,False
func_o_0x1000079dc,121962,False
func_o_0x100007a00,122031,True
func_o_0x100007a55,121505,False
func_o_0x100007a84,121722,False
func_o_0x100007a8c,122704,True
func_o_0x100007ca2,122743,False
func_o_0x100007d6a,123227,True
func_o_0x100007da1,122499,True
func_o_0x100007e69,122130,True
func_o_0x100008165,121950,True
func_o_0x100008253,123089,True
func_o_0x10000857b,122245,False
func_o_0x10000871e,122321,True
func_o_0x100008939,122761,False
func_o_0x10000893b,121609,True
func_o_0x10000893f,121962,False
func_o_0x100008945,121994,False
func_o_0x1000089c3,121434,False
func_o_0x1000089ca,121550,False
func_o_0x1000089da,123272,False
func_o_0x100008a4e,122266,False
func_o_0x100008a55,121655,False
func_o_0x100008aa3,122603,True
func_o_0x100008ab0,121941,False
func_o_0x100008ab5,121600,False
func_o_0x100008acd,123316,False
func_o_0x100008afe,121473,False
func_o_0x100008be2,122677,True
func_o_0x100008d37,122456,True
func_o_0x100009135,123001,False
func_o_0x100009602,123072,False
func_o_0x1000096fb,122061,True
func_o_0x10000975a,122032,True
func_o_0x100009768,121835,True
func_o_0x1000097ba,123186,True
func_o_0x100009867,121903,False
func_o_0x100009879,121369,False
func_o_0x10000988c,122335,False
func_o_0x1000098fa,121329,True
func_o_0x100009900,122446,False
func_o_0x100009b02,121675,False
func_o_0x100009b6b,121469,True
func_o_0x100009bd9,122739,False
func_o_0x100009c5f,123179,True
func_o_0x100009c69,122624,False
func_o_0x100009cb4,122334,False
func_o_0x100009e35,122442,False
func_o_0x10000a065,122439,True
func_o_0x10000a425,121982,False
func_o_0x10000a526,122308,True
func_o_0x10000a5ad,123309,True
func_o_0x10000a5b3,122154,False
func_o_0x10000a7cd,122383,False
func_o_0x10000a815,122873,True
func_o_0x10000a872,123241,True
func_o_0x10000a8a2,122788,False
func_o_0x10000a8ca,121816,True
func_o_0x10000a8d4,122849,False
func_o_0x10000a92f,122443,True
func_o_0x10000a9b4,122766,True
func_o_0x10000abf4,123261,False
func_o_0x10000ac51,122583,False
func_o_0x10000b491,122859,True
func_o_0x10000b5b6,122974,True
func_o_0x10000b871,122618,False
func_o_0x10000b878,123165,True
func_o_0x10000b8ef,122922,False
func_o_0x10000b8f7,121959,False
func_o_0x10000b8fe,121613,True
func_o_0x10000bb2f,121550,True
func_o_0x10000bb55,122988,True
func_o_0x10000bef4,122434,False
func_o_0x10000c10b,122206,True
func_o_0x10000c117,122270,True
func_o_0x10000c1ab,122079,True
func_o_0x10000c253,122856,False
func_o_0x10000c263,121497,True
func_o_0x10000c267,122935,False
func_o_0x10000c270,121330,False
func_o_0x10000c850,122657,False
func_o_0x10000c895,122954,True
func_o_0x10000d0aa,123086,True
func_oa_0x1000036b8,121551,False
func_oa_0x1000036ba,122445,True
func_oe_0x1000038ab,122747,True
func_oe_0x100003aa8,122183,True
func_oe_0x100003aae,123078,True
func_oe_0x100003aba,121359,False
func_oe_0x100003edf,121680,True
func_oe_0x1000044c3,122590,False
func_oe_0x10000453e,121823,False
func_oe_0x100004540,122870,True
func_oe_0x100004e1c,122523,True
func_oe_0x100005719,121878,False
func_oe_0x10000571d,121762,False
func_oe_0x10000571f,121660,True
func_oe_0x10000572b,121707,False
func_oe_0x100005739,121957,False
func_oe_0x100005747,121327,True
func_oe_0x10000574d,121614,True
func_oe_0x100005750,122908,True
func_oe_0x100005756,122921,False
func_oe_0x10000575a,121590,True
func_oe_0x1000057f9,121512,True
func_oe_0x1000057fd,122490,False
func_oe_0x1000057ff,123172,True
func_oe_0x100005821,122429,True
func_oe_0x100005823,122656,True
func_oe_0x10000582f,122646,False
func_oe_0x10000590e,122095,True
func_oe_0x100005b77,123228,False
func_oe_0x100005b8a,122073,False
func_oe_0x100005b96,122763,False
func_oe_0x100005ee2,122719,False
func_oe_0x100005eea,122444,True
func_oe_0x10000631d,123110,False
func_oe_0x100006321,121924,False
func_oe_0x100007641,122276,True
func_oe_0x100007a31,122540,True
func_oe_0x100007ab5,121395,True
func_oe_0x100007ac2,122141,True
func_oe_0x100007fac,121432,False
func_oe_0x100007fae,122494,False
func_oe_0x100007fb2,121387,False
func_oe_0x100007fb6,122682,False
func_oe_0x10000803d,121831,True
func_oe_0x10000803f,122559,True
func_oe_0x10000805b,122379,True
func_oe_0x100008134,122453,False
func_oe_0x100008142,122457,False
func_oe_0x100009f36,122926,True
func_oe_0x100009f3f,123250,True
func_oe_0x100009f67,121950,False
func_oe_0x100009f6b,122383,False
func_oe_0x100009f6f,121827,False
func_oe_0x100009f77,121443,True
func_oe_0x100009f7f,121382,True
func_oe_0x100009f81,122449,False
func_oe_0x100009f8b,122775,True
func_oe_0x10000a6d9,121817,True
func_oe_0x10000a6fd,122784,False
func_oe_0x10000aab9,122779,False
func_oe_0x10000abb0,122906,True
func_oe_0x10000abb8,121340,True
func_oe_0x10000abc9,121654,True
func_oe_0x10000abf1,122712,False
func_oe_0x10000b533,122713,True
func_oe_0x10000b572,123237,True
func_oe_0x10000bdcb,121875,False
func_oe_0x10000beba,121707,True
func_oe_0x10000c3d1,122198,True
func_oe_0x10000c719,121495,False
func_oe_0x10000c71b,123294,False
func_oe_0x10000cdf9,122636,True
func_oe_0x10000ce62,121562,False
func_oe_0x10000ce79,122031,False
func_oe_0x10000ce7f,121737,True
func_oe_0x10000ce81,122495,True
func_oe_0x10000d078,122954,True
func_oi_0x10000681c,121958,True
func_oi_0x100006822,121961,True
func_oi_0x10000682e,122220,True
func_oi_0x100006830,122579,True
func_oi_0x10000cacb,122685,True
func_oi_0x10000cad9,122155,False
func_oi_0x10000cb7a,123268,True
func_oi_0x10000cb8a,121806,True
func_on_0x100004d58,123051,True
func_on_0x100004d95,122913,True
func_on_0x100005e57,121862,False
func_on_0x100005e5d,121736,True
func_on_0x100005e5f,122679,False
func_on_0x100005e61,121484,False
func_on_0x100005e6d,122603,False
func_on_0x100007b50,122069,True
func_on_0x100007b53,121545,False
func_on_0x100007b5e,123196,False
func_on_0x100008444,121656,False
func_on_0x100008df5,123197,True
func_on_0x100008e1b,122424,False
func_on_0x100008e20,121579,True
func_on_0x100009476,121485,True
func_on_0x10000947c,122979,False
func_on_0x10000c0a2,122853,True
func_on_0x10000c0a4,121721,False
func_on_0x10000c0a6,122599,True
func_oo_0x100008722,122566,True
func_oo_0x10000885a,121769,True
func_oo_0x10000885c,121761,True
func_oo_0x1000088d2,122236,False
func_oo_0x100008943,121566,False
func_or_0x100005a3b,122086,True
func_or_0x100005a51,122057,True
func_or_0x100005a53,122865,False
func_or_0x100005a55,122546,True
func_or_0x100005a57,122121,True
func_or_0x100005a5f,121514,True
func_or_0x100005a63,123131,True
func_or_0x100005a65,123210,True
func_or_0x100005a69,122034,True
func_or_0x100005a6d,122049,False
func_or_0x100005a71,122981,False
func_or_0x100005a7b,121929,True
func_or_0x100005a7f,122665,False
func_or_0x100005a81,122197,True
func_or_0x100005a83,121405,False
func_or_0x100005a85,123079,False
func_or_0x100005a87,122706,False
func_or_0x100005a89,123245,False
func_or_0x100005a8b,121925,True
func_or_0x100005a8d,122613,True
func_or_0x100005a93,122891,True
func_or_0x100005a95,122942,False
func_or_0x100005a97,122580,False
func_or_0x100005a99,123195,False
func_or_0x100005aa7,121329,False
func_or_0x10000a771,123205,False
func_or_0x10000a773,121644,True
func_or_0x10000a775,122430,False
func_or_0x10000a783,122100,False
func_or_0x10000a789,122881,True
func_or_0x10000a791,122365,False
func_or_0x10000a793,123210,True
func_or_0x10000a795,121353,False
func_or_0x10000a79f,122198,True
func_or_0x10000a7a9,123012,True
func_or_0x10000a7ab,121628,True
func_or_0x10000af00,122690,True
func_or_0x10000afb3,122137,True
func_ot_0x1000040b6,123169,False
func_ot_0x10000412c,123204,False
func_ot_0x100004130,122969,True
func_ot_0x100004138,122903,False
func_ot_0x100004d77,122521,True
func_ot_0x100004d79,121554,True
func_ot_0x100005e6a,121716,False
func_ot_0x100006776,122635,False
func_ot_0x100006c1f,122261,True
func_ot_0x100006c27,122822,False
func_ot_0x100006c2f,121812,True
func_ot_0x100006c33,121319,False
func_ot_0x100006c3f,121513,True
func_ot_0x100006c4d,122999,False
func_ot_0x100006c4f,121836,True
func_ot_0x100006c55,121704,False
func_ot_0x100006c5d,121648,False
func_ot_0x100006c7b,122974,True
func_ot_0x100006c8d,122004,True
func_ot_0x100006c91,122453,False
func_ot_0x100006c95,121526,True
func_ot_0x100006ca3,122812,True
func_ot_0x100007395,121969,True
func_ot_0x10000aef7,121645,False
func_ot_0x10000af53,122954,True
func_ot_0x10000afa8,122127,False
func_ot_0x10000afac,122155,True
func_ot_0x10000afb7,123117,False
func_ou_0x10000b7d4,122014,False
func_ou_0x10000b7da,123125,False
func_ou_0x10000b7f3,121766,True
func_ou_0x10000ba54,122720,False
func_ou_0x10000ba56,122600,True
func_p_0x1000001b9,123244,False
func_p_0x1000001e5,121580,False
func_p_0x100000301,122816,False
func_p_0x100000349,122892,True
func_p_0x1000005cf,122935,False
func_p_0x10000383b,122583,True
func_p_0x10000385d,122425,True
func_p_0x100003909,121401,False
func_p_0x10000399e,121851,True
func_p_0x1000039a0,121666,True
func_p_0x1000039b0,123249,False
func_p_0x1000039d6,121998,True
func_p_0x100003a9b,122878,True
func_p_0x100003ae3,122474,False
func_p_0x100003aef,122882,False
func_p_0x100003b2d,122841,False
func_p_0x100003b72,122934,False
func_p_0x100003b81,122011,False
func_p_0x100003c85,122290,True
func_p_0x100003d74,121614,True
func_p_0x100003d78,121957,True
func_p_0x100003ea7,123234,False
func_p_0x10000417f,123154,False
func_p_0x1000042f5,123002,True
func_p_0x100004321,122564,False
func_p_0x1000045dc,122717,False
func_p_0x100004bb9,121692,True
func_p_0x100004bbf,121743,False
func_p_0x100004c73,122210,True
func_p_0x100004c89,121967,True
func_p_0x100004c93,123176,True
func_p_0x100004e01,122921,False
func_p_0x100005624,121678,False
func_p_0x1000056be,121608,True
func_p_0x1000056c5,122438,False
func_p_0x1000056d8,122401,True
func_p_0x100005835,122334,False
func_p_0x100005b09,121357,False
func_p_0x100005b43,122874,True
func_p_0x100005bc3,122128,False
func_p_0x100005c88,123003,True
func_p_0x100005fca,121368,True
func_p_0x100005fd3,121860,False
func_p_0x100006222,122805,False
func_p_0x100006714,122094,True
func_p_0x1000068d9,123043,True
func_p_0x10000692f,122182,True
func_p_0x1000069a8,123189,False
func_p_0x1000069ac,122210,False
func_p_0x100006a55,121320,False
func_p_0x100007003,121447,True
func_p_0x100007007,122065,False
func_p_0x1000070fb,122377,True
func_p_0x10000757c,123156,False
func_p_0x100007790,123130,True
func_p_0x1000077bc,123254,False
func_p_0x10000789e,123229,True
func_p_0x10000798b,121577,True
func_p_0x1000079ad,122957,False
func_p_0x1000079fb,121814,False
func_p_0x100007c32,122208,True
func_p_0x100007c65,121911,True
func_p_0x100007c6b,122502,True
func_p_0x100007d91,123031,False
func_p_0x100007dbb,122511,True
func_p_0x100007f3c,122281,False
func_p_0x100008583,121634,True
func_p_0x1000089df,121526,True
func_p_0x100008a42,121868,True
func_p_0x100008a7c,122562,True
func_p_0x100008b49,121690,True
func_p_0x100008b56,121787,False
func_p_0x100008b76,121996,False
func_p_0x100008c13,121876,True
func_p_0x100008dbe,121479,True
func_p_0x1000090e8,122902,True
func_p_0x1000090ea,121751,True
func_p_0x100009182,122285,True
func_p_0x1000095e5,122493,True
func_p_0x1000095e7,121551,True
func_p_0x100009637,121514,False
func_p_0x10000963e,123300,True
func_p_0x100009669,122899,False
func_p_0x100009724,121992,True
func_p_0x1000097d1,122815,False
func_p_0x100009889,122325,True
func_p_0x100009af4,121438,False
func_p_0x100009aff,121589,True
func_p_0x100009b5a,122194,False
func_p_0x100009c08,122044,False
func_p_0x100009c60,122254,False
func_p_0x100009e6a,122864,True
func_p_0x10000a03a,121602,True
func_p_0x10000a0e2,121353,False
func_p_0x10000a1b3,122478,False
func_p_0x10000a240,121913,True
func_p_0x10000a3f7,121531,False
func_p_0x10000a3f9,122772,True
func_p_0x10000a426,123030,True
func_p_0x10000a4a7,122330,True
func_p_0x10000a52b,122520,False
func_p_0x10000a7dc,122814,True
func_p_0x10000a829,122042,True
func_p_0x10000a864,122140,False
func_p_0x10000a866,122064,False
func_p_0x10000a86f,122048,False
func_p_0x10000a881,123026,False
func_p_0x10000a883,121882,False
func_p_0x10000a893,122376,True
func_p_0x10000a8a5,122258,False
func_p_0x10000a8a7,121794,True
func_p_0x10000a8c7,122690,False
func_p_0x10000a8cf,121682,True
func_p_0x10000a8d1,121706,False
func_p_0x10000a8d8,121825,False
func_p_0x10000a8da,121534,True
func_p_0x10000a90c,123213,False
func_p_0x10000a92c,121494,False
func_p_0x10000a934,121712,False
func_p_0x10000a936,121932,False
func_p_0x10000a97e,122988,True
func_p_0x10000a994,122727,True
func_p_0x10000a9a8,122360,False
func_p_0x10000a9ae,122300,False
func_p_0x10000a9b8,122820,False
func_p_0x10000a9c2,122870,False
func_p_0x10000a9c4,123162,False
func_p_0x10000a9f9,121888,False
func_p_0x10000a9fb,122891,False
func_p_0x10000aa03,122315,False
func_p_0x10000aa18,122146,True
func_p_0x10000aa3f,121914,True
func_p_0x10000aa48,122158,True
func_p_0x10000aa4e,121906,True
func_p_0x10000aa58,123247,False
func_p_0x10000aa61,121412,True
func_p_0x10000aa63,121402,False
func_p_0x10000aa6a,121594,True
func_p_0x10000aa6c,123288,True
func_p_0x10000aa6f,123002,False
func_p_0x10000ab24,122028,True
func_p_0x10000ab26,121997,True
func_p_0x10000ab2c,122038,False
func_p_0x10000ac77,122208,True
func_p_0x10000ad3b,122586,False
func_p_0x10000ad3e,122228,False
func_p_0x10000ad6b,121341,False
func_p_0x10000b058,121453,True
func_p_0x10000b062,122688,True
func_p_0x10000b131,122031,True
func_p_0x10000b45a,122453,False
func_p_0x10000b4b1,122955,True
func_p_0x10000b5c3,122826,True
func_p_0x10000b680,122320,False
func_p_0x10000b888,121634,True
func_p_0x10000bc06,123005,True
func_p_0x10000bc44,121939,False
func_p_0x10000bd5d,121373,True
func_p_0x10000be76,122945,False
func_p_0x10000c123,121505,False
func_p_0x10000c1ee,121351,False
func_p_0x10000c24c,122107,True
func_p_0x10000c4b3,121374,True
func_p_0x10000c4b5,122716,False
func_p_0x10000c6c3,122826,True
func_p_0x10000cfee,122573,True
func_pe_0x100003efa,121809,False
func_pe_0x10000448b,123270,False
func_pe_0x10000448d,123262,True
func_pe_0x10000448f,122579,True
func_pe_0x100004493,122475,True
func_pe_0x10000585f,122247,True
func_pe_0x1000058e9,122924,True
func_pe_0x1000058ed,122028,True
func_pe_0x1000058ef,121402,True
func_pe_0x1000058f3,121948,False
func_pe_0x1000058f5,122539,False
func_pe_0x1000058f7,122474,True
func_pe_0x100005901,122024,True
func_pe_0x100005911,123166,False
func_pe_0x100005915,122722,False
func_pe_0x100005b79,122936,True
func_pe_0x100005b7e,122855,False
func_pe_0x100005b80,122498,True
func_pe_0x10000631c,121654,False
func_pe_0x1000064aa,123182,True
func_pe_0x100006d03,122355,True
func_pe_0x100007aaf,121414,True
func_pe_0x100007ac4,122598,False
func_pe_0x100007adf,121664,True
func_pe_0x100007ae7,123213,True
func_pe_0x100008146,122728,False
func_pe_0x1000098d3,122050,True
func_pe_0x10000a285,122566,False
func_pe_0x10000a2c6,123120,False
func_pe_0x10000a2dc,122487,False
func_pe_0x10000a2de,122558,True
func_pe_0x10000a2ea,122643,True
func_pe_0x10000a47a,123247,True
func_pe_0x10000ab88,123297,True
func_pe_0x10000ab8c,122050,False
func_pe_0x10000ab90,121914,False
func_pe_0x10000ab97,122110,False
func_pe_0x10000abed,122863,False
func_pe_0x10000ae9e,122008,False
func_pe_0x10000b530,121581,True
func_pe_0x10000b53f,122505,True
func_pe_0x10000bbaf,122136,False
func_pe_0x10000bbd3,122720,True
func_pe_0x10000bbd5,122424,False
func_pe_0x10000bdcf,121800,True
func_pe_0x10000c151,121419,True
func_pe_0x10000c18b,122117,True
func_pe_0x10000c22d,122906,False
func_pe_0x10000c230,122986,True
func_pe_0x10000c753,122266,False
func_pe_0x10000cd7c,123106,False
func_pe_0x10000d04c,121937,False
func_pe_0x10000d056,123135,True
func_pe_0x10000d058,122088,True
func_pi_0x100003651,123195,False
func_pi_0x100006e31,121954,False
func_pi_0x100006e9d,122850,True
func_pi_0x100006eea,121863,False
func_pi_0x100006ef0,123281,False
func_pi_0x100006f1f,123008,True
func_pi_0x100006f3b,122855,False
func_pi_0x100006f43,122330,True
func_pi_0x10000cb26,122210,False
func_pi_0x10000cb28,122735,False
func_pi_0x10000cb65,122388,True
func_pn_0x10000cb9e,123110,False
func_pr_0x100004784,122442,False
func_pt_0x1000008ef,122317,True
func_q_0x10000357f,121364,True
func_q_0x100003589,122179,True
func_q_0x100003591,122413,False
func_q_0x1000035a1,122922,True
func_q_0x1000035a5,121859,False
func_q_0x1000035a9,122764,False
func_q_0x100003827,121718,False
func_q_0x100003888,121706,True
func_q_0x1000038a4,121751,True
func_q_0x10000391a,123057,False
func_q_0x100003b94,123314,False
func_q_0x100003c13,121825,False
func_q_0x100004052,123123,False
func_q_0x10000421c,122646,False
func_q_0x10000421e,121896,False
func_q_0x100004220,123027,False
func_q_0x100004222,121642,False
func_q_0x1000042ce,122144,True
func_q_0x1000042d0,122511,True
func_q_0x1000042d4,122558,False
func_q_0x1000043d8,123188,False
func_q_0x100004a77,123239,True
func_q_0x100004b84,122945,True
func_q_0x100004e9c,121918,True
func_q_0x100005854,122113,True
func_q_0x1000058c7,123105,False
func_q_0x1000058cf,122581,False
func_q_0x1000061fd,122972,True
func_q_0x100006551,121390,True
func_q_0x100006553,121674,False
func_q_0x100006587,123038,False
func_q_0x100006611,122485,True
func_q_0x100006e16,122314,False
func_q_0x100006e20,122029,False
func_q_0x10000700f,122778,True
func_q_0x100007011,122246,False
func_q_0x100007115,122069,True
func_q_0x10000711e,123052,True
func_q_0x100007467,122448,True
func_q_0x100007491,122711,False
func_q_0x100007552,121401,False
func_q_0x1000075f6,122654,False
func_q_0x10000768c,122718,True
func_q_0x1000078e4,122998,True
func_q_0x100007ece,121674,True
func_q_0x100007f2e,122698,True
func_q_0x100007f7e,122140,True
func_q_0x1000082fa,122318,True
func_q_0x1000082fc,122322,False
func_q_0x100008323,121812,False
func_q_0x10000840d,121763,False
func_q_0x100008432,121584,True
func_q_0x10000843e,122335,False
func_q_0x100008ae1,122399,True
func_q_0x100008c7d,121578,False
func_q_0x100008d3e,122955,False
func_q_0x100008d54,123103,True
func_q_0x100008d5b,122922,True
func_q_0x100008d8f,121419,False
func_q_0x100008d91,121354,True
func_q_0x100008d95,121496,True
func_q_0x100008d97,123143,False
func_q_0x100008f64,122647,False
func_q_0x100008fd4,122384,True
func_q_0x100008fdc,121866,True
func_q_0x100008fea,122227,False
func_q_0x1000093e4,123272,False
func_q_0x100009536,122679,True
func_q_0x1000098c5,123313,True
func_q_0x100009b36,121466,True
func_q_0x100009b57,123301,True
func_q_0x100009cc1,123155,False
func_q_0x100009f1c,122143,False
func_q_0x100009f22,121684,True
func_q_0x10000a070,123133,True
func_q_0x10000a140,122216,True
func_q_0x10000a284,122686,True
func_q_0x10000a376,121497,True
func_q_0x10000ac17,122844,True
func_q_0x10000ac1e,121664,False
func_q_0x10000ac24,123199,False
func_q_0x10000ac26,122025,True
func_q_0x10000ad96,122448,False
func_q_0x10000ae04,122772,False
func_q_0x10000ae06,123034,True
func_q_0x10000ae08,122826,False
func_q_0x10000aeb1,122715,True
func_q_0x10000b0f8,122141,True
func_q_0x10000b0ff,122025,False
func_q_0x10000b301,121517,False
func_q_0x10000b463,122210,False
func_q_0x10000b47a,121529,False
func_q_0x10000b65f,121798,False
func_q_0x10000b69a,122072,True
func_q_0x10000b69c,122883,False
func_q_0x10000b69e,123052,True
func_q_0x10000b836,123040,False
func_q_0x10000b839,123222,True
func_q_0x10000b85c,122977,True
func_q_0x10000bf3a,123041,True
func_q_0x10000c703,122625,True
func_q_0x10000c785,123200,False
func_q_0x10000c78f,121845,True
func_q_0x10000c793,121867,False
func_q_0x10000c795,122619,True
func_q_0x10000cd0d,121372,True
func_q_0x10000cd86,121520,False
func_q_0x10000cddf,122855,False
func_q_0x10000cff2,121990,True
func_qa_0x10000845d,122182,True
func_qa_0x10000851f,121810,False
func_qe_0x1000067e1,121769,True
func_qe_0x10000717f,121612,False
func_qe_0x100007183,122140,False
func_qe_0x100007192,122851,True
func_qe_0x100007198,122854,True
func_qe_0x1000071a0,121905,False
func_qe_0x1000071a2,122478,False
func_qe_0x1000071b7,121800,True
func_qe_0x10000b329,121359,True
func_qe_0x10000c0c9,121734,False
func_qe_0x10000c0d0,121321,False
func_qe_0x10000c2fc,122157,False
func_qe_0x10000c384,123300,False
func_qe_0x10000c386,122377,False
func_qe_0x10000c923,122297,True
func_qn_0x10000082a,123201,True
func_qn_0x10000b999,122493,True
func_qr_0x1000067f7,121944,False
func_qr_0x1000067fa,123059,False
func_qr_0x1000067fc,122023,True
func_qr_0x100006802,122562,True
func_qr_0x100006808,122383,True
func_qr_0x10000680a,121669,True
func_qr_0x10000680c,122898,False
func_qr_0x10000680e,122935,True
func_qr_0x100006814,122891,True
func_qr_0x100006816,122429,False
func_qr_0x100006818,122435,True
func_qr_0x10000b3dd,121744,True
func_qr_0x10000b3e6,122734,True
func_qr_0x10000ca75,122617,True
func_qr_0x10000ca77,121536,False
func_qr_0x10000ca81,121501,True
func_qr_0x10000ca85,122608,True
func_qr_0x10000ca87,123150,False
func_qr_0x10000ca8b,121582,False
func_qr_0x10000ca8d,122697,True
func_qr_0x10000ca8f,121907,True
func_qr_0x10000ca93,121451,False
func_qr_0x10000ca95,123129,True
func_qr_0x10000ca99,122324,True
func_qr_0x10000caa5,122998,True
func_qr_0x10000caa7,121733,False
func_qr_0x10000caaf,121534,False
func_qr_0x10000cab1,121921,True
func_qr_0x10000cab3,121849,True
func_qr_0x10000cab7,121387,True
func_qr_0x10000cabf,121989,False
func_qr_0x10000cac3,121935,False
func_qr_0x10000cacd,122149,True
func_qr_0x10000cad7,122763,True
func_qr_0x10000cae9,123165,False
func_qr_0x10000caeb,122190,True
func_qr_0x10000caed,123086,False
func_qr_0x10000cb7c,123057,False
func_qr_0x10000cb80,122917,True
func_qt_0x1000035f4,123072,False
func_qt_0x100003626,123215,False
func_qt_0x100003628,123008,False
func_qt_0x10000362c,122382,True
func_qt_0x100003632,122830,True
func_qt_0x100003634,122091,True
func_qt_0x100003647,122616,False
func_qt_0x100003649,122869,False
func_qt_0x100003748,122140,True
func_qt_0x10000374b,121463,False
func_qt_0x10000374d,122099,False
func_qt_0x100003752,121852,False
func_qt_0x100003768,121447,False
func_qt_0x100003776,121750,False
func_qt_0x100003785,122276,True
func_qt_0x100003787,121603,True
func_qt_0x100003789,121527,False
func_qt_0x10000378b,121791,False
func_qt_0x100003793,123272,True
func_qt_0x100003795,123240,True
func_qt_0x1000037a1,121459,True
func_qt_0x10000b765,121758,True
func_qt_0x10000b7a9,121952,True
func_qt_0x10000b813,122228,True
func_qt_0x10000cae0,122801,False
func_qt_0x10000cb70,122513,False
func_qt_0x10000cb74,122447,True
func_qt_0x10000cb90,122108,True
func_qt_0x10000cbd4,121448,True
func_qu_0x100008450,122590,True
func_qu_0x100008480,122789,False
func_qu_0x10000850a,122656,False
func_qu_0x1000099cc,121866,False
func_r0_0x100004f13,122687,False
func_r_0x100000000,123212,False
func_r_0x10000000f,122769,True
func_r_0x100000018,121572,True
func_r_0x10000006f,122823,True
func_r_0x1000000f0,121535,False
func_r_0x10000015c,122634,True
func_r_0x10000017c,123022,False
func_r_0x10000018a,122920,False
func_r_0x10000018f,122147,False
func_r_0x10000019b,122458,False
func_r_0x10000019e,122700,True
func_r_0x10000022f,122918,False
func_r_0x100000232,122554,True
func_r_0x100000268,122688,False
func_r_0x10000029b,122545,False
func_r_0x1000002c5,122844,True
func_r_0x1000002d4,121592,True
func_r_0x1000002fb,122281,False
func_r_0x10000031e,122117,True
func_r_0x10000035e,122879,False
func_r_0x1000003ba,123271,True
func_r_0x1000003c9,122622,True
func_r_0x1000003d8,122668,True
func_r_0x1000003f8,121574,False
func_r_0x10000040a,121980,True
func_r_0x10000041c,121921,True
func_r_0x10000041e,122839,True
func_r_0x100000437,121495,True
func_r_0x100000449,123101,False
func_r_0x100000477,122414,True
func_r_0x100000489,121592,False
func_r_0x1000004ab,123118,True
func_r_0x1000004ae,122603,True
func_r_0x1000004ba,123113,True
func_r_0x1000004bd,122263,False
func_r_0x1000004c0,121869,True
func_r_0x1000004c6,122093,False
func_r_0x1000004ca,122033,False
func_r_0x1000004d1,121868,True
func_r_0x1000004fc,122135,False
func_r_0x100000500,123131,True
func_r_0x100000502,122730,True
func_r_0x10000050d,123283,False
func_r_0x100000516,121605,False
func_r_0x10000051c,121678,False
func_r_0x100000520,122117,False
func_r_0x100000564,123296,False
func_r_0x100000570,122219,True
func_r_0x100000574,121390,False
func_r_0x100000576,121964,True
func_r_0x1000005f0,122779,False
func_r_0x1000005f7,122958,False
func_r_0x100000889,123267,True
func_r_0x1000008b1,121812,True
func_r_0x1000008c4,123218,True
func_r_0x1000008e7,122689,True
func_r_0x1000008f7,123195,True
func_r_0x100000943,122195,True
func_r_0x10000095e,122156,True
func_r_0x10000096e,121476,True
func_r_0x100000985,121827,True
func_r_0x10000098b,122892,True
func_r_0x100003372,121808,False
func_r_0x100003378,122796,False
func_r_0x1000033d4,122717,True
func_r_0x100003813,122698,True
func_r_0x100003845,121991,False
func_r_0x100003a02,122411,False
func_r_0x100003a44,123153,True
func_r_0x100003a7b,121937,False
func_r_0x100003b28,122846,False
func_r_0x100003c7c,123013,False
func_r_0x100003cac,122179,False
func_r_0x100003cb7,123239,True
func_r_0x100003d89,123192,False
func_r_0x100003da2,122463,True
func_r_0x100003ddc,122933,False
func_r_0x100003e6c,122048,False
func_r_0x100003f39,121325,True
func_r_0x1000043cf,122670,False
func_r_0x100004545,121692,True
func_r_0x1000045c5,122919,False
func_r_0x100004b94,121748,False
func_r_0x100004b9e,122853,True
func_r_0x100004bfd,121349,False
func_r_0x100004d32,122285,True
func_r_0x100004d39,121357,True
func_r_0x100005224,122871,False
func_r_0x100005698,122698,True
func_r_0x1000059fd,121645,True
func_r_0x100005b10,122826,False
func_r_0x100005b1f,121799,True
func_r_0x100005d77,123021,True
func_r_0x10000601c,122421,False
func_r_0x10000620e,121731,False
func_r_0x100006246,121377,False
func_r_0x100006838,121996,False
func_r_0x10000693f,121652,True
func_r_0x100006959,123108,False
func_r_0x100006970,123210,False
func_r_0x100006974,122492,True
func_r_0x100006980,122250,True
func_r_0x100006a7d,122937,True
func_r_0x100006abf,122770,True
func_r_0x100006ac7,121932,False
func_r_0x100007176,122138,True
func_r_0x1000071ba,121818,False
func_r_0x10000726d,121363,True
func_r_0x10000726f,122243,False
func_r_0x100007418,122314,True
func_r_0x100007422,123257,False
func_r_0x1000074b8,122820,False
func_r_0x10000759d,122814,True
func_r_0x1000075a4,122308,True
func_r_0x100007664,122583,True
func_r_0x100007686,121756,True
func_r_0x100007dbe,121557,False
func_r_0x100007f88,123135,True
func_r_0x100008575,122565,False
func_r_0x1000089d5,121718,False
func_r_0x100008a5e,121565,False
func_r_0x100008ac3,123282,True
func_r_0x100008ac6,123148,False
func_r_0x100008afc,122677,False
func_r_0x100008b8e,123290,False
func_r_0x100008b9b,122253,True
func_r_0x10000922e,121900,False
func_r_0x10000936f,121797,False
func_r_0x1000094e5,121361,False
func_r_0x1000094ea,123290,True
func_r_0x100009559,123182,False
func_r_0x1000095f1,121973,True
func_r_0x100009609,122862,False
func_r_0x1000096f7,121397,True
func_r_0x100009739,121738,True
func_r_0x10000973b,122112,True
func_r_0x10000973d,122822,True
func_r_0x10000973f,122832,True
func_r_0x100009741,122410,True
func_r_0x100009743,121371,True
func_r_0x100009745,122463,False
func_r_0x100009747,121373,True
func_r_0x100009749,121349,False
func_r_0x10000974b,123248,True
func_r_0x10000974d,122942,False
func_r_0x10000974f,121499,False
func_r_0x100009751,122661,True
func_r_0x100009753,121404,False
func_r_0x100009762,123274,False
func_r_0x1000097b0,122593,True
func_r_0x1000097b2,122764,True
func_r_0x1000097b4,121651,False
func_r_0x1000098ef,122214,False
func_r_0x10000a063,123267,True
func_r_0x10000a407,122515,True
func_r_0x10000a41e,121931,True
func_r_0x10000a4fb,122643,False
func_r_0x10000a533,122063,False
func_r_0x10000a53b,122988,True
func_r_0x10000a565,121983,True
func_r_0x10000a56c,122157,False
func_r_0x10000a5bf,122695,True
func_r_0x10000a5cc,122857,True
func_r_0x10000a7cb,122551,True
func_r_0x10000a7e5,122532,False
func_r_0x10000a7ed,121535,False
func_r_0x10000aafd,122870,False
func_r_0x10000ac6a,121350,False
func_r_0x10000ae5f,122852,True
func_r_0x10000b01d,122621,False
func_r_0x10000b079,122742,True
func_r_0x10000b147,121396,True
func_r_0x10000b14b,123252,True
func_r_0x10000b40f,123108,False
func_r_0x10000b5a9,121342,True
func_r_0x10000b5e5,122420,True
func_r_0x10000bb18,122205,True
func_r_0x10000c0e0,122064,True
func_r_0x10000c1d3,121743,False
func_r_0x10000c1e7,122752,False
func_r_0x10000c358,121469,True
func_r_0x10000c38c,121946,False
func_r_0x10000c38e,121999,True
func_r_0x10000c390,121930,True
func_r_0x10000c439,122418,True
func_r_0x10000c5ab,121465,False
func_r_0x10000c6b5,121990,True
func_r_0x10000c6c0,121451,False
func_r_0x10000c7bb,123060,True
func_r_0x10000c7bf,122878,False
func_r_0x10000c877,122827,True
func_r_0x10000d0c2,121695,True
func_re_0x100003b3b,122758,True
func_re_0x100003e3c,121468,True
func_re_0x100003ead,122728,True
func_re_0x100003eda,122852,True
func_re_0x100003fb0,121899,True
func_re_0x100003fb6,123152,True
func_re_0x100004024,123170,True
func_re_0x100004166,122809,False
func_re_0x1000041c4,121384,True
func_re_0x100004347,123303,True
func_re_0x100004379,123271,True
func_re_0x100004a98,122077,False
func_re_0x100004ab4,121412,True
func_re_0x100004e84,121722,False
func_re_0x100004e96,121457,True
func_re_0x100004eab,121548,True
func_re_0x100004eaf,121380,True
func_re_0x1000058a1,121594,True
func_re_0x1000058a3,122805,True
func_re_0x1000058a5,122761,False
func_re_0x1000062e8,121590,True
func_re_0x1000062ea,122321,False
func_re_0x1000062f2,121325,False
func_re_0x100006374,122690,True
func_re_0x1000063a2,121382,False
func_re_0x100006db3,122523,True
func_re_0x100006f84,121998,True
func_re_0x100006f86,123050,False
func_re_0x100006f8b,122953,False
func_re_0x100006faa,121370,True
func_re_0x100006faf,121791,False
func_re_0x100007013,123081,False
func_re_0x10000705e,122579,False
func_re_0x10000772a,122766,False
func_re_0x100007739,122890,False
func_re_0x100007bfd,122853,False
func_re_0x100007d02,122432,False
func_re_0x100007d0e,121736,True
func_re_0x100008ba4,122640,True
func_re_0x100008ba9,121648,False
func_re_0x100008f9c,122069,False
func_re_0x100009b11,122972,False
func_re_0x100009b38,121472,True
func_re_0x100009ca4,121668,False
func_re_0x100009cb0,121422,False
func_re_0x100009fa6,122052,False
func_re_0x100009fac,123288,False
func_re_0x10000a001,122715,True
func_re_0x10000a003,121443,False
func_re_0x10000a010,122702,True
func_re_0x10000a018,123192,False
func_re_0x10000a01a,121551,True
func_re_0x10000a020,123121,False
func_re_0x10000a071,122442,False
func_re_0x10000a073,121968,True
func_re_0x10000a077,123069,True
func_re_0x10000a6c1,121363,False
func_re_0x10000a6dd,121521,True
func_re_0x10000a6e0,123199,False
func_re_0x10000aebb,122812,False
func_re_0x10000b07b,121546,False
func_re_0x10000b082,121834,False
func_re_0x10000b1f6,122362,False
func_re_0x10000b1ff,122990,True
func_re_0x10000b201,121465,True
func_re_0x10000b209,122790,True
func_re_0x10000b2c3,122994,False
func_re_0x10000b2d9,121870,True
func_re_0x10000b2db,123152,False
func_re_0x10000b519,122363,True
func_re_0x10000b866,121318,False
func_re_0x10000bbb2,122635,False
func_re_0x10000bcac,122253,True
func_re_0x10000bcc6,123106,True
func_re_0x10000bcd8,121644,False
func_re_0x10000bf4d,121940,False
func_re_0x10000bf4f,121775,False
func_re_0x10000bf51,121689,True
func_re_0x10000bf53,121871,True
func_re_0x10000bf5a,122475,False
func_re_0x10000c065,122679,False
func_re_0x10000c072,122840,False
func_re_0x10000c0f2,122322,True
func_re_0x10000c21f,121665,True
func_re_0x10000c223,122717,False
func_re_0x10000c233,123315,True
func_re_0x10000c46d,121587,False
func_re_0x10000c711,122260,True
func_re_0x10000c75a,122086,True
func_re_0x10000c75e,121416,True
func_re_0x10000cd22,123159,True
func_re_0x10000cd83,122461,True
func_re_0x10000cee5,122381,True
func_re_0x10000cf12,122224,False
func_ri_0x100006825,122311,False
func_ri_0x100008095,121801,False
func_ri_0x10000809d,121865,False
func_ri_0x1000080a7,121722,True
func_ri_0x1000080ab,121485,False
func_ri_0x1000080af,122209,False
func_ri_0x1000080b5,122613,True
func_ri_0x1000080b9,121427,False
func_ri_0x1000080bb,122250,True
func_ri_0x1000080bd,121943,False
func_ri_0x1000080bf,121521,False
func_ri_0x10000cb6f,121517,True
func_ri_0x10000cbd1,122376,False
func_rn_0x1000035f9,122131,False
func_rn_0x100008087,121741,True
func_rn_0x10000808b,121320,False
func_rn_0x10000808d,123051,False
func_rn_0x10000b78a,121349,False
func_rn_0x10000b790,121992,False
func_rn_0x10000b792,121807,True
func_rn_0x10000b794,122174,False
func_rn_0x10000b796,121626,False
func_rn_0x10000b99a,122877,False
func_rn_0x10000ba5f,121757,False
func_rn_0x10000ba65,122217,True
func_rn_0x10000ba76,123115,False
func_rn_0x10000ba7a,122836,False
func_rn_0x10000ba7c,123240,False
func_rn_0x10000ba90,121573,True
func_rn_0x10000ba92,123269,True
func_rn_0x10000ba9c,123059,False
func_rn_0x10000baaa,121598,False
func_rn_0x10000bac0,122083,True
func_rn_0x10000baca,121413,False
func_rn_0x10000bacc,121856,True
func_rn_0x10000bad0,123126,False
func_rn_0x10000bad8,123142,False
func_rn_0x10000bae4,122856,True
func_rn_0x10000baf5,121762,True
func_rn_0x10000baf7,123152,True
func_rn_0x10000bafd,122664,False
func_rn_0x10000baff,122805,True
func_rn_0x10000bb05,122106,True
func_rn_0x10000bb09,121786,False
func_rn_0x10000bb0f,122066,False
func_rn_0x10000bb11,121703,False
func_rn_0x10000cb08,122834,True
func_rn_0x10000cb0e,121562,True
func_rn_0x10000cb10,121646,False
func_rn_0x10000cb12,122421,False
func_rn_0x10000cb14,122924,False
func_rn_0x10000cb16,122622,False
func_rr_0x10000367c,121369,False
func_rr_0x1000099c6,123167,False
func_rr_0x1000099d6,122651,False
func_rr_0x1000099d8,121902,True
func_rr_0x1000099dc,122771,False
func_rr_0x1000099de,121468,False
func_rr_0x1000099e0,122355,False
func_rr_0x1000099e8,121491,False
func_rr_0x1000099ec,121565,False
func_rr_0x1000099f0,122736,False
func_rr_0x1000099f4,122840,True
func_rr_0x1000099f6,122646,False
func_rr_0x1000099fe,121505,False
func_rr_0x100009a00,122140,True
func_rr_0x100009a02,123092,False
func_rr_0x100009a06,122374,True
func_rr_0x100009a14,122204,False
func_rr_0x100009a18,122099,False
func_rr_0x100009a1c,122540,True
func_rr_0x100009a1e,121435,True
func_rr_0x100009a20,122600,False
func_rr_0x100009a28,122723,False
func_rr_0x100009a2c,123193,False
func_rr_0x100009a2e,122428,True
func_rr_0x100009a36,123151,True
func_rr_0x100009a48,121941,True
func_rr_0x100009a4c,121968,True
func_rr_0x100009a50,121534,True
func_rr_0x100009a64,122547,False
func_rr_0x100009a66,123313,True
func_rr_0x100009a68,121729,False
func_rr_0x100009a6a,123032,False
func_rr_0x100009a70,122758,True
func_rr_0x100009a74,121335,False
func_rr_0x100009a7a,122481,False
func_rr_0x100009a7c,122111,True
func_rr_0x100009a82,121569,True
func_rr_0x100009a84,122514,True
func_rr_0x100009a88,123266,False
func_rr_0x100009a8a,121560,False
func_rr_0x100009a8c,121418,True
func_rr_0x100009a9c,121733,True
func_rr_0x100009ab5,121416,False
func_rr_0x100009abd,122360,False
func_rr_0x100009abf,121325,False
func_rr_0x100009ad7,122880,False
func_rr_0x100009ae1,122660,True
func_rr_0x100009ae3,123189,True
func_rr_0x100009ae5,122643,False
func_rt_0x1000005ff,121445,True
func_rt_0x10000082d,123014,False
func_rt_0x100000870,122172,True
func_rt_0x100007172,122555,True
func_rt_0x10000718a,123141,True
func_rt_0x10000718e,123292,True
func_rt_0x100007190,122239,False
func_rt_0x10000719a,123038,True
func_rt_0x10000719c,121762,True
func_rt_0x1000071b1,121414,True
func_rt_0x1000071b5,123286,False
func_rt_0x1000071bd,123027,True
func_rt_0x1000071c2,122840,False
func_rt_0x1000071c4,122296,True
func_rt_0x1000071c6,122479,True
func_rt_0x10000721b,121816,True
func_rt_0x100007229,122786,False
func_rt_0x10000807d,121822,True
func_rt_0x10000aeea,122423,False
func_rt_0x10000b323,122083,False
func_rt_0x10000b32d,122812,True
func_rt_0x10000b333,121696,False
func_rt_0x10000b339,121726,True
func_rt_0x10000b33d,122547,False
func_rt_0x10000b346,122150,True
func_rt_0x10000b348,122068,True
func_rt_0x10000b34a,122171,False
func_rt_0x10000b34c,122218,True
func_rt_0x10000b34e,122433,True
func_rt_0x10000b3cd,123289,True
func_rt_0x10000b3cf,123035,True
func_rt_0x10000b3d5,122926,True
func_rt_0x10000b3d7,122192,False
func_rt_0x10000b403,121734,True
func_rt_0x10000b405,121344,False
func_rt_0x10000b409,122179,False
func_rt_0x10000c302,123316,False
func_ru_0x10000b7ee,122703,False
func_ru_0x10000b7f0,122670,False
func_ru_0x10000cb4f,122721,False
func_ru_0x10000cb55,121419,True
func_ru_0x10000cbaa,122241,True
func_s_0x100000089,122302,False
func_s_0x10000024f,123139,False
func_s_0x1000002bf,122712,False
func_s_0x100000324,121419,True
func_s_0x100000342,123147,True
func_s_0x1000003ae,121572,False
func_s_0x100000400,121551,True
func_s_0x100000415,122094,False
func_s_0x100000430,123246,False
func_s_0x1000005ab,122742,True
func_s_0x1000005bd,122527,False
func_s_0x1000005c2,122047,True
func_s_0x1000005ec,122669,False
func_s_0x1000008cf,121765,False
func_s_0x1000008f9,123058,True
func_s_0x10000090c,121358,False
func_s_0x10000096a,122744,False
func_s_0x100000990,121580,True
func_s_0x100000999,122910,True
func_s_0x100003807,121517,False
func_s_0x100003810,121401,False
func_s_0x100003a48,122869,False
func_s_0x100003ae1,121807,False
func_s_0x100003c27,122011,True
func_s_0x1000042bc,121403,True
func_s_0x1000045e0,121821,False
func_s_0x100004a68,122354,False
func_s_0x100004ae4,122348,True
func_s_0x100004b0f,122642,False
func_s_0x100004ba8,122482,False
func_s_0x100004bb0,123214,True
func_s_0x100005638,122406,False
func_s_0x100005693,123098,True
func_s_0x1000056ed,122867,True
func_s_0x100005765,123271,False
func_s_0x100005922,122479,True
func_s_0x100005c72,122276,True
func_s_0x100005c87,122925,False
func_s_0x100005f58,122402,False
func_s_0x100005f95,121837,True
func_s_0x10000601e,122071,True
func_s_0x100006103,122616,False
func_s_0x100006713,122629,False
func_s_0x100006a8e,122769,False
func_s_0x100006a97,123271,False
func_s_0x100006ffc,123274,True
func_s_0x100007054,122810,True
func_s_0x10000723c,122093,False
func_s_0x10000742a,122511,True
func_s_0x10000746f,122095,False
func_s_0x10000762a,121623,True
func_s_0x1000077b9,121874,False
func_s_0x100007c4d,122548,True
func_s_0x100007d8e,122867,False
func_s_0x100007da8,121919,True
func_s_0x10000823c,122133,False
func_s_0x100008994,123136,True
func_s_0x1000089f4,121471,True
func_s_0x100008a56,121353,True
func_s_0x100008a62,122649,False
func_s_0x100008b98,122653,False
func_s_0x100008c2c,122233,True
func_s_0x100008d1a,123187,False
func_s_0x10000917d,122251,True
func_s_0x1000091ad,122283,False
func_s_0x100009230,121545,True
func_s_0x100009357,122523,True
func_s_0x100009366,123041,False
func_s_0x10000960a,123040,True
func_s_0x100009634,121900,True
func_s_0x1000096ca,122355,False
func_s_0x100009757,122141,False
func_s_0x100009775,122243,True
func_s_0x10000985f,122136,True
func_s_0x100009af1,123149,True
func_s_0x10000a066,122553,True
func_s_0x10000a06e,121898,True
func_s_0x10000a1f1,121772,False
func_s_0x10000a4e5,121325,False
func_s_0x10000a5d7,123056,True
func_s_0x10000a8aa,122375,True
func_s_0x10000a8b3,123074,False
func_s_0x10000a91c,122270,True
func_s_0x10000a9d5,123099,False
func_s_0x10000aac9,121628,False
func_s_0x10000aae4,123212,True
func_s_0x10000aaed,122436,True
func_s_0x10000ab79,122256,False
func_s_0x10000ac56,123160,True
func_s_0x10000ae6d,121804,True
func_s_0x10000ae73,123215,False
func_s_0x10000b035,121821,False
func_s_0x10000b5d0,122772,True
func_s_0x10000b8ab,121426,True
func_s_0x10000b8f4,122882,False
func_s_0x10000b8fb,122514,False
func_s_0x10000b900,121816,True
func_s_0x10000b902,122985,False
func_s_0x10000b909,122619,True
func_s_0x10000bc1c,122249,False
func_s_0x10000bdf9,121349,False
func_s_0x10000bef5,123315,False
func_s_0x10000c113,123048,False
func_s_0x10000c118,123048,False
func_s_0x10000c196,121481,False
func_s_0x10000c1ea,122740,True
func_s_0x10000c23b,121685,True
func_s_0x10000c259,122275,False
func_s_0x10000c264,122771,True
func_s_0x10000c49b,123010,True
func_s_0x10000c79c,123138,False
func_se_0x10000393f,121963,False
func_se_0x100003943,122262,False
func_se_0x100003945,123259,True
func_se_0x100003947,121322,False
func_se_0x100003949,122495,False
func_se_0x10000394b,123102,False
func_se_0x10000394d,123023,True
func_se_0x1000044bb,122086,True
func_se_0x100004d44,122744,False
func_se_0x10000580c,122838,False
func_se_0x100005828,121470,True
func_se_0x100005b4f,122180,False
func_se_0x100005b69,122149,False
func_se_0x100005b6b,121874,False
func_se_0x100005cef,121504,True
func_se_0x100005cf4,122766,False
func_se_0x100005d0b,122499,True
func_se_0x100005d30,121951,True
func_se_0x100005d32,122140,False
func_se_0x100005e4e,122602,True
func_se_0x100005e50,121539,False
func_se_0x100005eba,121382,False
func_se_0x1000063b8,121654,True
func_se_0x100007128,122347,True
func_se_0x10000712a,122473,False
func_se_0x10000712c,122776,True
func_se_0x100007134,121461,True
func_se_0x10000713a,122727,False
func_se_0x10000713e,121400,True
func_se_0x100007aba,122164,True
func_se_0x100008035,121873,False
func_se_0x100008039,122353,True
func_se_0x10000a31e,122334,False
func_se_0x10000aac1,121447,True
func_se_0x10000b0b2,122106,False
func_se_0x10000b0cc,121596,True
func_se_0x10000c76d,123317,True
func_se_0x10000cc18,123211,False
func_se_0x10000cc1a,122101,True
func_se_0x10000cc1c,121649,True
func_se_0x10000ce33,121342,True
func_se_0x10000cfa7,122754,False
func_se_0x10000cfbb,123124,False
func_se_0x10000cfbd,122295,False
func_se_0x10000cfbf,122311,False
func_se_0x10000cfc1,121581,False
func_si_0x100000802,121604,True
func_si_0x100006664,122985,True
func_si_0x10000c331,123030,False
func_sn_0x1000063fe,123260,True
func_sn_0x100006418,123148,True
func_sn_0x10000641c,122690,False
func_sn_0x100007b47,122437,True
func_sn_0x100007b81,123171,True
func_sn_0x100009067,122201,False
func_sn_0x100009467,123020,True
func_sn_0x10000b14d,122707,False
func_sn_0x10000b151,123217,False
func_sn_0x10000b172,122445,False
func_sn_0x10000b1ba,121707,False
func_sn_0x10000b1bc,122014,False
func_sn_0x10000b1c2,121692,True
func_sn_0x10000b1c4,122143,False
func_sn_0x10000b1c6,122968,False
func_sn_0x10000b1ca,122846,False
func_sn_0x10000b1d2,123239,True
func_sn_0x10000c734,121907,False
func_sr_0x10000864c,122325,False
func_sr_0x1000086f9,121491,True
func_sr_0x100008701,122998,False
func_sr_0x100008713,122028,False
func_sr_0x100008756,122544,True
func_sr_0x100008777,121356,True
func_sr_0x10000877d,121921,False
func_sr_0x1000087c1,122246,False
func_sr_0x1000087c7,123098,False
func_sr_0x1000087d7,122972,True
func_sr_0x1000087ed,122269,True
func_sr_0x100008812,122898,True
func_sr_0x1000088c3,122168,True
func_sr_0x100008906,122436,False
func_sr_0x100008920,121739,True
func_sr_0x100008922,123030,False
func_sr_0x100008980,122262,False
func_st_0x100005a4a,121329,False
func_st_0x10000684a,122339,True
func_st_0x100006854,122569,True
func_st_0x100008076,122810,True
func_st_0x1000080cc,122704,False
func_st_0x1000080ce,122814,False
func_st_0x1000080d6,123081,False
func_st_0x1000080dc,122578,True
func_st_0x100009d8a,122996,False
func_st_0x100009d8c,122516,True
func_st_0x10000afc5,121875,True
func_st_0x10000afca,122754,True
func_st_0x10000b40d,123032,True
func_st_0x10000b41e,121735,True
func_st_0x10000b420,122988,False
func_st_0x10000b422,122435,False
func_st_0x10000b426,121420,True
func_st_0x10000c337,122252,True
func_st_0x10000c399,121862,True
func_st_0x10000c3a0,121878,False
func_st_0x10000c957,123137,True
func_st_0x10000c96b,121471,True
func_st_0x10000c991,122587,True
func_su_0x1000084bd,122746,True
func_su_0x1000084d9,123161,True
func_t_0x100008650,122209,True
func_t_0x10000870b,122942,False
func_t_0x100008715,122480,True
func_t_0x100008719,121331,True
func_t_0x10000872a,122136,True
func_t_0x100008749,122488,False
func_t_0x10000875b,122566,True
func_t_0x10000875f,122225,False
func_t_0x100008761,122367,True
func_t_0x100008765,122246,True
func_t_0x100008767,122312,False
func_t_0x100008769,122865,False
func_t_0x10000876b,121349,True
func_t_0x100008771,121393,True
func_t_0x100008773,122936,True
func_t_0x100008775,121518,False
func_t_0x100008779,123272,False
func_t_0x10000877b,121930,False
func_t_0x10000877f,122223,True
func_t_0x100008781,121707,False
func_t_0x100008783,122152,True
func_t_0x1000087b9,123164,True
func_t_0x1000087bb,121470,True
func_t_0x1000087c3,122873,True
func_t_0x1000087c5,123292,True
func_t_0x1000087cd,122614,False
func_t_0x1000087cf,122102,True
func_t_0x1000087d1,121741,True
func_t_0x1000087d3,122393,False
func_t_0x1000087eb,122169,False
func_t_0x1000087ef,122585,True
func_t_0x1000087f1,122956,True
func_t_0x1000087f5,122257,True
func_t_0x1000087f7,121916,True
func_t_0x1000087f9,123005,True
func_t_0x1000087fd,122155,True
func_t_0x1000087ff,122757,True
func_t_0x10000880c,122710,False
func_t_0x10000880e,122937,True
func_t_0x100008810,122753,True
func_t_0x100008814,123135,True
func_t_0x100008830,122727,True
func_t_0x10000883f,122497,True
func_t_0x100008841,122210,True
func_t_0x100008843,121575,True
func_t_0x100008868,122409,False
func_t_0x10000886b,121887,False
func_t_0x10000886f,121898,False
func_t_0x100008874,121675,True
func_t_0x10000887b,122526,False
func_t_0x1000088b6,122777,False
func_t_0x1000088b8,122745,False
func_t_0x1000088ca,122330,False
func_t_0x1000088d7,122832,False
func_t_0x1000088d9,121892,False
func_t_0x1000088db,122859,False
func_t_0x1000088fe,122645,False
func_t_0x100008900,122184,False
func_t_0x100008916,122396,False
func_t_0x10000891a,122587,True
func_t_0x10000891c,123022,True
func_t_0x100008927,122674,True
func_t_0x100008979,121434,True
func_t_0x10000897d,121775,True
func_te_0x100003aa1,121439,True
func_te_0x100003e20,121783,False
func_te_0x100003e24,122469,False
func_te_0x100003e2d,123220,False
func_te_0x100003e2f,121911,True
func_te_0x100003e34,121765,False
func_te_0x100003e3e,121725,False
func_te_0x100003e67,123286,True
func_te_0x100003f0b,121452,True
func_te_0x10000401f,123107,False
func_te_0x100004162,122694,False
func_te_0x1000041bc,121724,False
func_te_0x1000041cf,123313,True
func_te_0x100004e8c,121570,False
func_te_0x100004e94,121875,True
func_te_0x10000587b,122666,True
func_te_0x10000587d,123064,False
func_te_0x10000587f,121630,True
func_te_0x100005883,123068,False
func_te_0x100005887,121532,True
func_te_0x10000588d,122981,True
func_te_0x100005895,122508,True
func_te_0x100005899,122486,False
func_te_0x100006063,121346,True
func_te_0x1000063e3,122802,True
func_te_0x1000063ed,123186,True
func_te_0x1000063ef,122303,True
func_te_0x1000063f3,123158,True
func_te_0x100006db1,121749,True
func_te_0x100007018,123068,True
func_te_0x100007020,122615,True
func_te_0x10000727b,121459,True
func_te_0x10000727d,122797,True
func_te_0x1000073df,121697,False
func_te_0x1000075f8,121596,False
func_te_0x10000763e,122599,True
func_te_0x100007728,122180,True
func_te_0x10000772f,121654,False
func_te_0x100007a1c,121335,False
func_te_0x100007a20,123299,False
func_te_0x100007a26,122357,True
func_te_0x10000813a,121969,False
func_te_0x100008bcd,122111,True
func_te_0x100008fa8,122595,False
func_te_0x1000097e4,121710,True
func_te_0x100009b12,121536,False
func_te_0x10000a005,122392,True
func_te_0x10000a00d,121604,True
func_te_0x10000a466,122990,False
func_te_0x10000a6b3,121739,True
func_te_0x10000a6bb,121631,True
func_te_0x10000a6bf,123294,False
func_te_0x10000a6e5,122643,True
func_te_0x10000a6e8,122961,True
func_te_0x10000a6f1,122721,True
func_te_0x10000a6f3,122106,False
func_te_0x10000a6f8,122133,True
func_te_0x10000acbe,123019,False
func_te_0x10000b2a9,122095,False
func_te_0x10000b2ab,123217,True
func_te_0x10000b2b8,122700,True
func_te_0x10000b2de,122597,True
func_te_0x10000b2e0,122316,True
func_te_0x10000b528,121680,True
func_te_0x10000b54e,121729,True
func_te_0x10000b558,122231,False
func_te_0x10000bc85,122894,False
func_te_0x10000bccb,121910,False
func_te_0x10000bdbb,122985,True
func_te_0x10000bdbd,121804,False
func_te_0x10000bdbf,122169,True
func_te_0x10000bdeb,122339,True
func_te_0x10000bdef,122408,False
func_te_0x10000bf5f,121473,False
func_te_0x10000bf95,123126,False
func_te_0x10000c06d,121360,False
func_te_0x10000c21b,122822,True
func_te_0x10000c70a,122747,False
func_te_0x10000c762,122137,False
func_te_0x10000cd56,123257,False
func_te_0x10000cd73,121603,False
func_te_0x10000cd77,121834,False
func_te_0x10000cda1,123014,False
func_te_0x10000cda5,121404,True
func_te_0x10000cda7,123234,True
func_te_0x10000cdab,121643,False
func_te_0x10000cdaf,121490,True
func_te_0x10000cdb1,122799,False
func_te_0x10000cdb7,122164,True
func_te_0x10000cdbd,122007,True
func_te_0x10000cdc2,123007,True
func_te_0x10000cf25,121382,True
func_ti_0x10000846b,122907,True
func_ti_0x1000084a5,122762,True
func_ti_0x1000084a9,122005,True
func_ti_0x1000084ab,122300,True
func_ti_0x1000084b1,122357,True
func_ti_0x1000084c1,122735,True
func_ti_0x1000084c5,122221,False
func_ti_0x1000084cb,122128,False
func_ti_0x1000084cd,122538,True
func_ti_0x1000084d1,121472,True
func_ti_0x1000084d5,122742,True
func_ti_0x1000084d7,121777,True
func_ti_0x1000084df,122357,False
func_ti_0x1000084e1,122527,False
func_ti_0x1000084e5,123235,False
func_ti_0x1000084eb,121751,True
func_ti_0x1000084ed,121854,False
func_tn_0x100000843,121744,True
func_tn_0x10000084f,122053,False
func_tn_0x100000854,122123,False
func_tn_0x100000858,121719,False
func_tn_0x10000085a,123222,False
func_tn_0x10000086c,121594,True
func_tn_0x10000086e,121831,False
func_tn_0x100000872,121784,True
func_tn_0x100000874,123276,True
func_tn_0x100000878,123067,False
func_tn_0x100003ccc,121557,True
func_tn_0x100005a2f,121470,True
func_tn_0x10000683d,121382,True
func_tn_0x100006843,122911,True
func_tn_0x100006859,121514,True
func_tn_0x10000685d,122725,True
func_tn_0x100009d85,122524,True
func_tn_0x100009d91,122706,True
func_tn_0x10000a7a5,122135,True
func_tn_0x10000af06,121464,True
func_tn_0x10000af08,121476,False
func_tn_0x10000c92e,122654,True
func_to_0x10000845f,122681,False
func_to_0x100008515,122262,True
func_tr_0x10000083d,122757,False
func_tr_0x100004097,122486,False
func_tr_0x100004099,123050,True
func_tr_0x100006639,121693,True
func_tr_0x100006643,122046,False
func_tr_0x100006673,121479,False
func_tr_0x1000066de,121531,False
func_tr_0x1000066e2,122281,True
func_tr_0x1000066ed,123273,True
func_tr_0x1000066f1,123258,False
func_tr_0x1000066f7,121684,True
func_tr_0x1000066fb,121920,False
func_tr_0x100006703,122878,False
func_tr_0x100006706,123220,True
func_tr_0x1000067c8,122889,True
func_tr_0x1000067d8,122484,False
func_tr_0x1000067f0,122319,False
func_tr_0x100007230,123135,True
func_tr_0x100009d95,121600,True
func_tr_0x100009d97,122137,False
func_tr_0x100009d9c,122416,False
func_tr_0x100009d9e,121853,False
func_tr_0x100009da0,122696,True
func_tr_0x100009da6,121455,False
func_tr_0x100009dbe,122197,False
func_tr_0x100009dc2,121477,False
func_tr_0x100009dc4,121735,True
func_tr_0x100009dca,123099,False
func_tr_0x100009dcc,122071,False
func_tr_0x100009dce,122271,False
func_tr_0x100009dd2,121981,False
func_tr_0x100009dd6,121774,True
func_tr_0x100009ddc,121588,True
func_tr_0x100009de2,122818,True
func_tr_0x10000af47,122301,False
func_tr_0x10000b412,121585,True
func_tr_0x10000b414,122412,True
func_tr_0x10000b416,121519,False
func_tr_0x10000c0db,123277,False
func_tr_0x10000c375,122075,False
func_tt_0x10000442d,122846,True
func_tt_0x100005d02,122168,False
func_tt_0x100005d04,122646,True
func_tt_0x100005d08,123245,False
func_tt_0x10000624d,123261,False
func_tt_0x100006267,122668,False
func_tt_0x1000062b9,121796,False
func_tt_0x100006a35,121972,False
func_tt_0x100006a37,122933,False
func_tt_0x100006a39,122698,False
func_tt_0x100006a3d,122370,False
func_tt_0x100006a41,121964,True
func_tt_0x100006cdf,121943,False
func_tt_0x100006cf4,121503,True
func_tt_0x100006cfc,123135,False
func_tt_0x100006d50,123171,True
func_tt_0x100007141,121769,False
func_tt_0x10000714f,122375,True
func_tt_0x1000099be,122484,False
func_tt_0x1000099c1,121341,False
func_tt_0x1000099c3,123259,True
func_tt_0x10000accf,123155,False
func_tt_0x10000acd2,121653,True
func_tt_0x10000ace4,121593,False
func_tt_0x10000ace8,121722,True
func_tt_0x10000acf0,121801,False
func_tt_0x10000acf4,122737,False
func_tt_0x10000acf8,122654,True
func_tt_0x10000acfc,123003,True
func_tt_0x10000ad00,121541,True
func_tt_0x10000bfe8,122477,True
func_tt_0x10000c173,121848,False
func_tt_0x10000c17a,122396,False
func_tt_0x10000c621,122771,False
func_tt_0x10000c666,123142,True
func_tt_0x10000c668,122424,True
func_tt_0x10000c66a,121653,False
func_tt_0x10000c66e,122581,True
func_tt_0x10000c670,122210,False
func_tt_0x10000c676,122212,True
func_tt_0x10000c678,121666,True
func_tt_0x10000c67e,123227,False
func_tt_0x10000cfe7,122674,True
func_tt_0x10000d01f,121547,False
func_tt_0x10000d023,121897,False
func_ue_0x100003e1c,123014,True
func_ue_0x100003e1e,121431,True
func_ue_0x100003e22,122589,True
func_ue_0x100003e3a,121970,True
func_ue_0x100003ed0,122023,False
func_ue_0x100003edd,122506,True
func_ue_0x100004014,123031,True
func_ue_0x10000401c,122265,False
func_ue_0x100004021,122155,False
func_ue_0x100004160,121643,False
func_ue_0x100004164,122820,True
func_ue_0x1000041ba,121699,True
func_ue_0x1000041c2,121841,True
func_ue_0x1000041c6,122928,True
func_ue_0x1000041cb,121964,True
func_ue_0x100004a96,122264,False
func_ue_0x100004ab0,121738,True
func_ue_0x100004ab2,121640,False
func_ue_0x100004ab6,121668,True
func_ue_0x100004aba,122003,True
func_ue_0x100005885,122688,False
func_ue_0x1000062ec,122957,True
func_ue_0x1000062f0,121838,True
func_ue_0x1000063df,121926,False
func_ue_0x1000063eb,122316,False
func_ue_0x1000063f1,122500,True
func_ue_0x100006daf,123237,True
func_ue_0x100006f75,122896,False
func_ue_0x100007026,122559,True
func_ue_0x100007279,123293,False
func_ue_0x10000740e,121317,True
func_ue_0x100007410,121617,False
func_ue_0x100007414,122766,False
func_ue_0x10000772c,123244,False
func_ue_0x100007a1a,121466,False
func_ue_0x100007a38,122300,True
func_ue_0x100008bd3,123251,True
func_ue_0x100008fe3,123044,False
func_ue_0x100009ca0,123297,True
func_ue_0x100009ca2,122080,False
func_ue_0x100009ca6,122769,False
func_ue_0x100009caa,121738,False
func_ue_0x100009cac,121775,False
func_ue_0x100009fa4,121469,True
func_ue_0x100009fa8,122453,False
func_ue_0x100009faa,122993,False
func_ue_0x10000a01e,121771,False
func_ue_0x10000a022,121917,True
func_ue_0x10000a024,123305,True
func_ue_0x10000a49a,122321,False
func_ue_0x10000a6a5,122694,False
func_ue_0x10000a6ca,123292,True
func_ue_0x10000a6e3,122226,True
func_ue_0x10000a6ec,122645,False
func_ue_0x10000ae97,121760,True
func_ue_0x10000b080,122383,False
func_ue_0x10000b1fd,121339,True
func_ue_0x10000b203,122657,False
func_ue_0x10000b207,121527,False
func_ue_0x10000b20b,122595,True
func_ue_0x10000b285,121906,True
func_ue_0x10000b517,121668,True
func_ue_0x10000b523,122693,False
func_ue_0x10000b52a,123035,False
func_ue_0x10000b54c,123123,False
func_ue_0x10000b868,122125,False
func_ue_0x10000bdc6,121598,False
func_ue_0x10000bdc8,122401,False
func_ue_0x10000bde3,121705,False
func_ue_0x10000bdf2,121544,True
func_ue_0x10000bdf4,122583,True
func_ue_0x10000bdf6,123021,True
func_ue_0x10000bf57,122529,True
func_ue_0x10000c05c,121756,False
func_ue_0x10000c0f4,122867,False
func_ue_0x10000c20b,122428,True
func_ue_0x10000c20f,123304,False
func_ue_0x10000c213,122532,True
func_ue_0x10000c221,121928,True
func_ue_0x10000c225,122799,True
func_ue_0x10000c463,121349,True
func_ue_0x10000c469,121884,True
func_ue_0x10000c47b,121606,False
func_ue_0x10000cd59,121368,False
func_ue_0x10000cd71,122071,False
func_ue_0x10000cda3,122093,True
func_ue_0x10000cda9,121584,True
func_ue_0x10000cdad,122957,True
func_ue_0x10000cf19,122308,False
func_ui_0x100004f00,121892,True
func_ui_0x100004f24,121658,True
func_ui_0x1000050e6,121358,False
func_un_0x10000409b,122998,False
func_un_0x10000409d,122094,True
func_un_0x10000409f,121954,True
func_un_0x10000666d,121819,True
func_un_0x1000066d4,121568,True
func_un_0x1000066d6,121328,False
func_un_0x1000066da,122594,False
func_un_0x1000066e9,123094,False
func_un_0x1000066ef,121342,False
func_un_0x1000066f9,122488,True
func_un_0x10000670a,121612,False
func_un_0x10000670c,122287,True
func_un_0x1000067ca,122650,True
func_un_0x1000067ce,121400,True
func_un_0x1000071cd,123053,False
func_un_0x100009d9a,122807,False
func_un_0x100009da2,122557,True
func_un_0x100009da4,122829,True
func_un_0x100009da8,122099,True
func_un_0x100009daa,122778,False
func_un_0x100009dac,121599,False
func_un_0x10000b419,122537,True
func_un_0x10000c0d9,122413,False
func_un_0x10000c36c,122278,True
func_unknown_0x100000105,122599,False
func_unknown_0x10000012c,122641,True
func_unknown_0x10000012e,122825,False
func_unknown_0x1000001be,123311,False
func_unknown_0x100000280,123056,False
func_unknown_0x100000284,121633,True
func_unknown_0x10000028a,121501,True
func_unknown_0x10000028c,122585,True
func_unknown_0x1000033c0,122841,True
func_unknown_0x1000039f6,122612,True
func_unknown_0x1000039f8,121768,False
func_unknown_0x100003a15,122655,False
func_unknown_0x100003a19,122432,False
func_unknown_0x100003a1b,122281,False
func_unknown_0x100003ba6,122627,False
func_unknown_0x100004238,121549,False
func_unknown_0x10000425c,123267,True
func_unknown_0x1000042f0,123047,False
func_unknown_0x100004b72,122013,True
func_unknown_0x1000056fa,121603,True
func_unknown_0x100005947,121527,False
func_unknown_0x100005bc6,123072,True
func_unknown_0x100005bc8,121921,False
func_unknown_0x100005bcc,122609,False
func_unknown_0x100005bce,122410,True
func_unknown_0x100005bd0,122292,False
func_unknown_0x100005c00,122448,True
func_unknown_0x100005f67,121691,False
func_unknown_0x100005ff9,122798,False
func_unknown_0x100005ffb,122756,False
func_unknown_0x100005fff,122193,True
func_unknown_0x1000060de,122924,True
func_unknown_0x100006507,123200,False
func_unknown_0x100006916,123084,True
func_unknown_0x100006d6a,121977,True
func_unknown_0x1000070e5,121941,True
func_unknown_0x10000745a,121909,False
func_unknown_0x1000074ae,121917,True
func_unknown_0x1000074c3,122238,False
func_unknown_0x100007523,121429,False
func_unknown_0x100007577,122045,False
func_unknown_0x100007b02,123161,False
func_unknown_0x100007c71,121687,True
func_unknown_0x100007cad,121851,False
func_unknown_0x100007e4a,122442,True
func_unknown_0x100007e66,122454,True
func_unknown_0x100007f68,121488,False
func_unknown_0x100007f6a,121773,True
func_unknown_0x100007f6c,121954,True
func_unknown_0x100007f73,122626,False
func_unknown_0x100007f75,122558,False
func_unknown_0x100007f77,122721,False
func_unknown_0x100007f85,121705,True
func_unknown_0x100008248,122367,False
func_unknown_0x100008260,122001,False
func_unknown_0x100008268,122085,False
func_unknown_0x100008a17,122550,True
func_unknown_0x100008d0f,122967,False
func_unknown_0x1000090cd,122235,False
func_unknown_0x1000090d1,122363,False
func_unknown_0x1000090d5,122072,False
func_unknown_0x1000090d7,122434,True
func_unknown_0x1000090d9,123289,True
func_unknown_0x1000090db,121389,False
func_unknown_0x1000090dd,123053,True
func_unknown_0x100009104,121891,False
func_unknown_0x100009153,122343,True
func_unknown_0x100009155,121661,False
func_unknown_0x1000092ec,121888,False
func_unknown_0x1000092ee,122489,False
func_unknown_0x100009319,122377,False
func_unknown_0x100009341,121717,False
func_unknown_0x100009344,123288,True
func_unknown_0x10000934a,121827,True
func_unknown_0x100009513,123169,True
func_unknown_0x100009c34,122233,False
func_unknown_0x100009e70,121325,False
func_unknown_0x100009ece,121548,True
func_unknown_0x100009ede,122948,False
func_unknown_0x100009f11,122501,False
func_unknown_0x100009f2e,121377,True
func_unknown_0x10000a0ed,121801,True
func_unknown_0x10000a12f,123309,True
func_unknown_0x10000a135,123177,False
func_unknown_0x10000a1b6,122451,False
func_unknown_0x10000a1c8,122348,False
func_unknown_0x10000a1ce,121464,False
func_unknown_0x10000a399,122049,True
func_unknown_0x10000a39b,123095,False
func_unknown_0x10000a39f,122602,False
func_unknown_0x10000a725,123152,False
func_unknown_0x10000aa1e,122154,False
func_unknown_0x10000aa20,123239,False
func_unknown_0x10000aa34,122660,False
func_unknown_0x10000aa36,122991,True
func_unknown_0x10000ad4b,121906,False
func_unknown_0x10000ae30,123281,True
func_unknown_0x10000b126,121966,True
func_unknown_0x10000b12c,122569,True
func_unknown_0x10000b1d9,123007,False
func_unknown_0x10000b1de,122240,False
func_unknown_0x10000b1e9,121913,False
func_unknown_0x10000b1eb,122418,False
func_unknown_0x10000b1ef,121819,False
func_unknown_0x10000b8df,123079,False
func_unknown_0x10000bf7e,121671,False
func_unknown_0x10000bf80,121388,True
func_unknown_0x10000bff1,122781,True
func_unknown_0x10000c4e4,121466,False
func_unknown_0x10000c7ab,122475,False
func_unknown_0x10000c7ad,121378,True
func_unknown_0x10000c7af,123085,False
func_unknown_0x10000c89e,121687,True
func_unknown_0x10000c8a0,122327,True
func_unknown_0x10000ce48,121879,False
func_unknown_0x10000ce8e,122838,False
func_unknown_0x10000cf36,122869,True
func_unknown_0x10000cf38,122741,False
func_unknown_0x10000d010,123001,False
func_uo_0x100004f0a,122257,False
func_uo_0x100005570,121661,True
func_uo_0x100005572,123211,False
func_ur_0x1000007a0,122223,False
func_ur_0x1000007a6,121517,False
func_ur_0x1000007aa,122064,False
func_ur_0x1000007ae,122510,True
func_ur_0x1000007b8,122590,False
func_ur_0x1000007ba,121634,True
func_ur_0x1000007bc,122917,False
func_ur_0x1000007be,122560,False
func_ur_0x1000007c0,121567,True
func_ur_0x1000007c4,122023,False
func_ur_0x1000007c6,121922,False
func_ur_0x1000007c8,121479,True
func_ur_0x1000007ca,122110,False
func_ur_0x1000007ce,122101,False
func_ur_0x1000007da,122629,False
func_ur_0x1000007dc,121858,False
func_ur_0x1000007de,122854,False
func_ur_0x1000007e0,123214,False
func_ur_0x1000007e2,121939,True
func_ur_0x1000007e8,122323,True
func_ur_0x1000007ea,121886,True
func_ur_0x1000007ee,122225,True
func_ur_0x1000007f0,121882,False
func_ur_0x1000007f8,122780,True
func_ur_0x100008097,122813,False
func_ur_0x10000b717,121548,False
func_ur_0x10000b71d,123141,False
func_ur_0x10000b721,123045,False
func_ur_0x10000b725,123170,False
func_ur_0x10000b727,122197,False
func_ur_0x10000b72b,121594,False
func_ur_0x10000b72d,123310,True
func_ur_0x10000b731,123158,False
func_ur_0x10000b733,121665,True
func_ur_0x10000b737,122467,True
func_ur_0x10000b741,123266,False
func_ur_0x10000b749,122592,False
func_ur_0x10000b74b,121590,True
func_ur_0x10000b74d,121551,True
func_ur_0x10000b74f,122543,True
func_ur_0x10000b751,122878,False
func_ur_0x10000b755,122529,False
func_ur_0x10000b759,122251,True
func_ur_0x10000b75b,123094,True
func_ur_0x10000b75d,122127,False
func_ur_0x10000b75f,121782,True
func_ur_0x10000b761,121417,False
func_ur_0x10000b767,121460,True
func_ur_0x10000b769,121703,True
func_ur_0x10000b76b,121647,False
func_ur_0x10000b76d,123046,True
func_ur_0x10000b76f,122846,False
func_ur_0x10000b773,123165,True
func_ur_0x10000b775,122822,False
func_ur_0x10000b777,122160,False
func_ur_0x10000b77d,123162,True
func_ur_0x10000b79b,123122,False
func_ur_0x10000b7a1,123243,True
func_ur_0x10000b7d1,122380,False
func_ur_0x10000b801,122335,True
func_ur_0x10000b803,121519,False
func_ur_0x10000b805,122826,True
func_ur_0x10000b807,123247,False
func_ur_0x10000b80b,121438,False
func_ur_0x10000b819,121492,False
func_ur_0x10000b81b,121414,False
func_ur_0x10000b81d,121480,True
func_ur_0x10000b81f,121321,True
func_ur_0x10000cae2,122738,False
func_ur_0x10000cae6,123250,True
func_ut_0x100004d6d,121360,False
func_ut_0x100004d8b,121447,True
func_ut_0x100006148,121546,True
func_ut_0x100006402,121782,True
func_ut_0x100006408,122528,False
func_ut_0x10000640a,122878,True
func_ut_0x100006410,123125,True
func_ut_0x100006412,121736,True
func_ut_0x100006414,122014,False
func_ut_0x100006420,123243,True
func_ut_0x100006424,121617,False
func_ut_0x100006426,122195,False
func_ut_0x10000642c,122695,True
func_ut_0x100006432,121429,False
func_ut_0x100006434,122639,False
func_ut_0x100007319,121758,False
func_ut_0x10000738f,122476,True
func_ut_0x100007391,121660,True
func_ut_0x1000073a5,121616,True
func_ut_0x100007b36,121983,True
func_ut_0x100007b4d,123115,False
func_ut_0x100007b70,122172,True
func_ut_0x100007b88,121677,True
func_ut_0x100007b91,121660,False
func_ut_0x100007b9e,121323,True
func_ut_0x100008df8,121711,False
func_ut_0x100008e0a,122355,False
func_ut_0x100008e31,121430,False
func_ut_0x100008e35,123065,False
func_ut_0x100008e42,121712,False
func_ut_0x100008e46,121677,True
func_ut_0x100008e50,121758,False
func_ut_0x100008e56,122088,True
func_ut_0x100008e60,122811,True
func_ut_0x100008e66,121371,False
func_ut_0x100008e6c,123122,False
func_ut_0x100008e70,123197,True
func_ut_0x100008e72,122908,True
func_ut_0x100008e74,121392,True
func_ut_0x100008e76,122512,False
func_ut_0x100008e78,121504,True
func_ut_0x100008e7e,122468,True
func_ut_0x100008e82,122939,True
func_ut_0x100008e84,122406,False
func_ut_0x100008e86,121521,False
func_ut_0x1000090ad,122983,False
func_ut_0x1000090b6,122191,True
func_ut_0x10000945b,121504,True
func_ut_0x10000945f,121629,True
func_ut_0x10000948b,122763,True
func_ut_0x1000094a4,121592,False
func_ut_0x1000094c4,121740,False
func_ut_0x10000a5f9,122874,False
func_ut_0x10000a5fb,121444,True
func_ut_0x10000a601,122567,True
func_ut_0x10000a603,121748,False
func_ut_0x10000a60b,121951,False
func_ut_0x10000a618,122146,True
func_ut_0x10000bfda,121755,True
func_ut_0x10000c58d,121867,False
func_ut_0x10000c807,122373,True
func_ut_0x10000ca25,122633,True
func_ut_0x10000d033,121951,False
func_uu_0x10000b7d8,121374,False
func_uu_0x10000b7de,122416,False
func_uu_0x10000b7e0,122019,True
func_uu_0x10000b7e2,122410,False
func_uu_0x10000b7e4,122507,True
func_uu_0x10000b7f2,121709,True
func_uu_0x10000b7f8,122825,False
func_uu_0x10000cb59,122221,True
func_v_0x1000001cb,121465,False
func_v_0x100000282,122272,True
func_v_0x100000297,122513,False
func_v_0x100003397,121420,False
func_v_0x1000033c2,122918,True
func_v_0x1000039f4,122361,True
func_v_0x1000039fc,121962,False
func_v_0x1000039fe,122658,True
func_v_0x100003a7f,121934,True
func_v_0x100003bad,122660,True
func_v_0x100003bbc,123275,True
func_v_0x100003e98,122945,False
func_v_0x100003f7a,121368,True
func_v_0x100004229,122362,True
func_v_0x10000423c,122692,False
func_v_0x100004262,121869,False
func_v_0x100004264,122969,False
func_v_0x10000426c,121877,True
func_v_0x1000043d3,122967,True
func_v_0x10000441b,121758,False
func_v_0x100004b78,121538,False
func_v_0x100004c62,122850,True
func_v_0x100004c64,122783,False
func_v_0x1000051e6,121434,False
func_v_0x1000051e9,123025,False
func_v_0x100005bca,121381,False
func_v_0x100005be9,121612,False
func_v_0x100005bf7,123034,True
func_v_0x100005bf9,122586,False
func_v_0x100005ffd,121587,True
func_v_0x1000068ca,122461,False
func_v_0x1000070bc,122204,False
func_v_0x100007575,122562,True
func_v_0x1000075d1,121893,False
func_v_0x1000077c5,122954,True
func_v_0x100007a4e,122681,True
func_v_0x100007a50,123089,False
func_v_0x100007a52,122229,False
func_v_0x100007cc0,121455,False
func_v_0x100007cc2,121827,False
func_v_0x100007e94,122792,False
func_v_0x100008264,122288,True
func_v_0x100008266,122209,True
func_v_0x1000082b1,121714,True
func_v_0x100008407,122561,True
func_v_0x1000085dd,121949,True
func_v_0x1000085df,122281,True
func_v_0x1000085e8,122502,False
func_v_0x100008a14,121843,True
func_v_0x100008cb8,122011,False
func_v_0x100008cbc,122670,True
func_v_0x100008ced,121421,True
func_v_0x100009140,122143,True
func_v_0x100009183,121565,False
func_v_0x100009195,121757,False
func_v_0x10000922b,122010,False
func_v_0x100009cd8,122932,False
func_v_0x10000a129,121651,True
func_v_0x10000a12b,122296,True
func_v_0x10000a12d,121696,False
func_v_0x10000a133,122768,True
func_v_0x10000a1b8,122132,True
func_v_0x10000a1cc,121467,True
func_v_0x10000a1d0,122773,True
func_v_0x10000a1d2,122545,True
func_v_0x10000a1d4,122633,False
func_v_0x10000a34a,123258,True
func_v_0x10000a391,122143,False
func_v_0x10000a393,121618,False
func_v_0x10000a3c5,121538,True
func_v_0x10000a71b,121952,False
func_v_0x10000a71d,122971,False
func_v_0x10000a71f,122318,False
func_v_0x10000a857,122962,False
func_v_0x10000aa22,123122,True
func_v_0x10000ab38,122354,False
func_v_0x10000ab3a,122852,False
func_v_0x10000abfc,121514,True
func_v_0x10000b12a,122032,True
func_v_0x10000b12e,122188,True
func_v_0x10000b1dc,122334,False
func_v_0x10000b1ed,122703,True
func_v_0x10000b254,121345,True
func_v_0x10000b8dd,121530,False
func_v_0x10000b8e1,122261,True
func_v_0x10000b8e3,121982,False
func_v_0x10000b8e7,122092,False
func_v_0x10000bb52,123068,True
func_v_0x10000bd2c,121635,True
func_v_0x10000be58,122436,True
func_v_0x10000bf1f,122325,False
func_v_0x10000bfef,121874,False
func_v_0x10000c422,122778,False
func_v_0x10000c4dc,123131,False
func_v_0x10000c4e1,121926,True
func_v_0x10000c7a9,123174,True
func_v_0x10000c7b1,122537,True
func_v_0x10000c7b3,122557,True
func_v_0x10000c7b5,122558,False
func_v_0x10000c7b7,122495,False
func_v_0x10000c85d,123225,True
func_v_0x10000c8a2,123065,False
func_v_0x10000ce9a,122615,False
func_v_0x10000ce9c,121370,True
func_v_0x10000cf34,122090,False
func_v_0x10000d012,122520,True
func_v_0x10000d014,122701,True
func_ve_0x1000044d7,122359,True
func_ve_0x1000044db,121447,False
func_ve_0x100004506,121802,False
func_ve_0x100004508,122266,True
func_ve_0x100004514,122910,False
func_ve_0x100004516,122898,True
func_ve_0x100004525,122208,False
func_ve_0x100004e1a,122112,False
func_ve_0x100004e50,121998,True
func_ve_0x100004e55,122164,True
func_ve_0x100004e65,123241,True
func_ve_0x100004e6f,122058,True
func_ve_0x100004e71,121333,True
func_ve_0x100004e7d,123055,True
func_ve_0x100004ea2,121390,False
func_ve_0x10000573c,122133,False
func_ve_0x100005741,123260,False
func_ve_0x1000057f5,121569,False
func_ve_0x100005807,122917,True
func_ve_0x100005b4d,123149,False
func_ve_0x100005b5c,121358,True
func_ve_0x100005b5e,123052,True
func_ve_0x100005db4,121492,True
func_ve_0x100005ee7,122542,True
func_ve_0x1000063bb,121643,True
func_ve_0x1000063d8,121655,False
func_ve_0x1000070a7,122988,True
func_ve_0x1000070b7,122162,False
func_ve_0x1000070b9,122542,False
func_ve_0x100007ac0,121404,True
func_ve_0x100008041,122744,True
func_ve_0x100008062,122626,True
func_ve_0x100008fa0,122428,True
func_ve_0x10000a31a,122639,False
func_ve_0x10000a331,123259,True
func_ve_0x10000ab9c,121490,False
func_ve_0x10000aba8,121832,False
func_ve_0x10000abb1,121697,True
func_ve_0x10000abbe,122445,True
func_ve_0x10000b576,121735,True
func_ve_0x10000bddb,122556,True
func_ve_0x10000bddd,121801,False
func_ve_0x10000bddf,123309,False
func_ve_0x10000c0ea,122744,True
func_ve_0x10000c0ec,121648,False
func_ve_0x10000c0ee,122022,False
func_ve_0x10000c71f,121903,False
func_ve_0x10000cc53,121986,False
func_ve_0x10000cc69,123183,False
func_ve_0x10000cc77,121378,True
func_ve_0x10000cd01,122566,False
func_ve_0x10000ce69,122121,False
func_vn_0x10000340f,121450,False
func_vn_0x100004d51,122134,True
func_vn_0x100004d74,123177,False
func_vn_0x100004d8d,123104,True
func_vn_0x100004d8f,122132,True
func_vn_0x100004d91,121531,True
func_vn_0x100004d93,121327,True
func_vn_0x100004d97,123131,True
func_vn_0x100005e5b,122309,False
func_vn_0x100007397,121522,True
func_vn_0x100007b57,123264,False
func_vn_0x100008e1e,121392,False
func_vn_0x100008e22,121827,True
func_vn_0x10000947a,123086,True
func_vn_0x10000b157,121562,False
func_vn_0x10000b162,123265,False
func_vn_0x10000b164,123044,True
func_vn_0x10000c09a,122878,False
func_vn_0x10000c09c,123237,True
func_vn_0x10000c09e,121441,False
func_vn_0x10000c737,122266,False
func_vn_0x10000c739,122593,True
func_vn_0x10000cc70,121880,False
func_vn_0x10000cc74,121581,True
func_vt_0x100005332,121384,True
func_vt_0x100005363,121509,True
func_vt_0x100005373,121378,False
func_vt_0x10000538b,121754,False
func_vt_0x1000053ca,122848,False
func_vt_0x1000053cc,122387,False
func_vt_0x1000053e5,122398,False
func_vt_0x1000053ed,121362,False
func_vt_0x1000053f3,122984,False
func_vt_0x1000053f7,122205,False
func_vt_0x100005437,122687,False
func_vt_0x100005439,122930,True
func_vt_0x10000543b,121726,False
func_vt_0x10000543d,121584,True
func_vt_0x10000544d,122736,False
func_vt_0x10000545a,121795,False
func_vt_0x10000545f,123062,True
func_vt_0x100005461,122484,True
func_vt_0x100005488,122656,False
func_vt_0x1000054b9,123035,True
func_vt_0x1000054c2,122631,True
func_vt_0x1000054e0,121831,False
func_vt_0x1000054ec,122002,False
func_vt_0x100005508,122022,True
func_vt_0x100005555,122910,False
func_vt_0x100005559,121561,False
func_vt_0x100005584,122402,False
func_vt_0x10000559e,122428,True
func_vt_0x1000055fe,122930,True
func_vu_0x10000531e,121989,False
func_vu_0x100005518,122165,False
func_vu_0x10000554d,121560,False
func_vu_0x1000055b7,123302,False
func_vu_0x1000055bd,121609,False
func_vu_0x1000055f4,121780,True
func_w_0x1000001c5,122497,True
func_w_0x10000021c,121577,True
func_w_0x1000033e3,122202,False
func_w_0x1000038a7,122713,True
func_w_0x100003918,122208,False
func_w_0x100003a37,121416,True
func_w_0x100003b0b,121531,True
func_w_0x100003b2e,122320,True
func_w_0x100003be2,121573,False
func_w_0x100003be6,122658,True
func_w_0x100003be8,122819,False
func_w_0x100003bea,122451,True
func_w_0x100003bec,122133,False
func_w_0x100003c02,123309,False
func_w_0x100003c04,122664,False
func_w_0x100003c06,121576,True
func_w_0x100003c12,121967,True
func_w_0x100003eac,122119,True
func_w_0x100004045,122927,False
func_w_0x10000404a,121968,True
func_w_0x10000404e,122737,False
func_w_0x100004333,121857,False
func_w_0x100004335,121408,False
func_w_0x100004339,121533,False
func_w_0x100004364,122460,True
func_w_0x100004366,122024,False
func_w_0x100004b56,122592,True
func_w_0x100004b66,121495,False
func_w_0x100004b79,122078,True
func_w_0x100004b7b,121604,False
func_w_0x100004b7d,122750,True
func_w_0x100004c28,122855,False
func_w_0x100004c2c,122957,False
func_w_0x100004c41,121906,False
func_w_0x100004c43,122635,True
func_w_0x100004c45,122518,True
func_w_0x100004c4d,122536,True
func_w_0x100004c5b,123296,True
func_w_0x1000057ae,122080,True
func_w_0x1000057c2,121385,True
func_w_0x10000596b,122540,False
func_w_0x100005c1d,122971,True
func_w_0x100005d5e,123195,False
func_w_0x10000605d,122245,False
func_w_0x1000062e5,122932,False
func_w_0x100006509,122194,True
func_w_0x100006634,122618,False
func_w_0x100006721,122426,True
func_w_0x100006867,121977,True
func_w_0x100006abb,122836,False
func_w_0x100006b92,122821,False
func_w_0x100006b95,122234,True
func_w_0x100007244,122076,False
func_w_0x100007249,121459,False
func_w_0x1000074d6,122653,True
func_w_0x1000074da,122956,True
func_w_0x100007514,122504,False
func_w_0x1000075ae,121610,False
func_w_0x10000766d,123167,False
func_w_0x100007670,122352,True
func_w_0x100007674,121687,False
func_w_0x10000767b,122221,True
func_w_0x10000767d,122911,True
func_w_0x10000767f,122327,False
func_w_0x100007681,122282,True
func_w_0x100007688,123132,False
func_w_0x10000768a,121957,True
func_w_0x100007690,122086,True
func_w_0x100007699,123240,True
func_w_0x1000079be,122341,False
func_w_0x100007b05,121727,True
func_w_0x100007cb2,121472,True
func_w_0x100007cdc,123310,True
func_w_0x100007e9d,121964,True
func_w_0x1000082a9,121618,False
func_w_0x1000082ac,123179,True
func_w_0x1000082d2,122819,False
func_w_0x100008c08,121625,False
func_w_0x100008ffc,122875,True
func_w_0x10000900e,123276,True
func_w_0x100009021,122877,True
func_w_0x1000091f6,121425,True
func_w_0x100009200,121585,False
func_w_0x100009208,122947,True
func_w_0x10000920a,123303,False
func_w_0x10000920c,121769,True
func_w_0x10000950f,122051,False
func_w_0x100009642,122805,True
func_w_0x100009648,121929,False
func_w_0x10000965b,122265,False
func_w_0x10000965f,121810,True
func_w_0x100009bbe,121692,False
func_w_0x100009c09,121593,True
func_w_0x10000a0c8,122819,True
func_w_0x10000a340,123206,False
func_w_0x10000a367,122392,False
func_w_0x10000a36b,122664,False
func_w_0x10000ac1d,122280,False
func_w_0x10000afea,121706,True
func_w_0x10000afec,123141,True
func_w_0x10000b00a,121558,False
func_w_0x10000b00d,122231,False
func_w_0x10000b0e4,122894,False
func_w_0x10000b434,122311,True
func_w_0x10000b444,121985,False
func_w_0x10000b448,121359,True
func_w_0x10000b44a,121674,True
func_w_0x10000b44c,122016,True
func_w_0x10000b89c,123090,False
func_w_0x10000b89e,122466,True
func_w_0x10000b8a2,121448,False
func_w_0x10000be59,122852,False
func_w_0x10000be5d,121354,False
func_w_0x10000c1c0,121628,True
func_w_0x10000c88a,122002,True
func_w_0x10000c88c,122392,True
func_w_0x10000c8ac,123260,False
func_w_0x10000c8ba,121533,False
func_w_0x10000ce90,122286,True
func_we_0x10000395d,121401,False
func_we_0x10000395f,122491,True
func_we_0x100003967,121785,True
func_we_0x10000396a,122854,False
func_we_0x100003ee4,123211,True
func_we_0x100003ef2,122268,False
func_we_0x1000044d3,122759,True
func_we_0x100004e4e,122371,False
func_we_0x100004e77,123122,True
func_we_0x100004ea4,121668,True
func_we_0x100004ea8,122613,True
func_we_0x100005860,121591,True
func_we_0x10000590a,122011,True
func_we_0x100005b61,121825,False
func_we_0x100005b63,121797,False
func_we_0x100005b65,122812,True
func_we_0x100005db6,122879,False
func_we_0x1000069eb,123032,True
func_we_0x1000069ed,122359,True
func_we_0x1000069ef,122435,False
func_we_0x10000804d,121939,False
func_we_0x10000812f,122404,True
func_we_0x10000813c,122293,False
func_we_0x10000983c,122092,False
func_we_0x100009840,121458,True
func_we_0x10000aabf,122884,False
func_we_0x10000aac5,122638,False
func_we_0x10000abbc,122652,True
func_we_0x10000b57e,122391,False
func_we_0x10000c3d2,121844,False
func_we_0x10000c3d6,123258,False
func_we_0x10000c3d8,122632,False
func_we_0x10000c3de,121995,False
func_we_0x10000c3e0,122422,True
func_we_0x10000c3e4,122594,False
func_we_0x10000cc1e,122952,True
func_we_0x10000cc67,121515,False
func_wi_0x1000054fc,122127,True
func_wi_0x10000554f,121715,False
func_wn_0x100004d65,122204,False
func_wn_0x100005e66,122622,False
func_wn_0x100006c47,122285,True
func_wn_0x100006c6b,123057,False
func_wn_0x100006ca5,123148,False
func_wn_0x100007393,122043,False
func_wn_0x10000739c,122059,True
func_wn_0x1000073a0,123066,False
func_wn_0x100008e27,121860,True
func_wn_0x100008e2b,123109,True
func_wn_0x10000aed6,122703,False
func_wn_0x10000aee3,122429,False
func_wn_0x10000aef9,123110,False
func_wn_0x10000af56,123211,False
func_wn_0x10000afbe,122780,True
func_wn_0x10000afc0,121647,True
func_wn_0x10000afcd,122964,True
func_wn_0x10000afd4,123038,False
func_wr_0x100006e37,121778,False
func_wr_0x100006e3e,121612,False
func_wr_0x100006e43,122365,True
func_wr_0x100006ea7,121905,False
func_wr_0x100006eae,123255,False
func_wr_0x100006ebe,122657,False
func_wr_0x100006ec6,123238,False
func_wr_0x100006ec8,121816,False
func_wr_0x100006ecb,121938,True
func_wr_0x100006edf,123198,False
func_wr_0x100006ee2,122737,False
func_wr_0x100006eec,121791,True
func_wr_0x100006eee,123226,False
func_wr_0x100006ef2,122476,False
func_wr_0x100006ef4,121872,True
func_wr_0x100006efa,122435,True
func_wr_0x100006efd,123224,False
func_wr_0x100006f02,122436,True
func_wr_0x100006f06,122050,False
func_wr_0x100006f08,123255,True
func_wr_0x100006f0a,122510,True
func_wr_0x100006f13,122599,True
func_wr_0x100006f15,122156,True
func_wr_0x100006f17,123298,False
func_wr_0x100006f1b,122482,True
func_wr_0x100006f2d,122738,True
func_wr_0x100006f31,123082,True
func_wr_0x100006f37,122909,False
func_wr_0x100006f48,121541,True
func_wr_0x100006f4a,121419,False
func_wr_0x100006f4c,122573,True
func_wr_0x100006f50,121386,False
func_wr_0x100006f5a,121321,True
func_wr_0x100006f5c,123160,False
func_wr_0x100006f68,122841,False
func_wt_0x100004455,123104,False
func_wt_0x100005e89,122054,False
func_wt_0x100005e8f,121575,False
func_wt_0x100005ec8,122000,False
func_wt_0x100005ecc,122242,True
func_wt_0x1000064e1,123091,True
func_wt_0x100006a4b,122356,True
func_wt_0x100009489,123108,False
func_wt_0x1000094c7,121958,True
func_wt_0x1000094cc,123275,True
func_wt_0x1000094d2,122949,True
func_wt_0x1000094d4,122834,False
func_wt_0x1000094d6,122390,False
func_wt_0x1000094d8,122124,True
func_wt_0x1000094dd,121864,True
func_wt_0x10000a631,121381,True
func_wt_0x10000accb,121597,True
func_wt_0x10000acde,122717,True
func_wt_0x10000c3f0,122515,True
func_wt_0x10000c61d,122789,True
func_wu_0x10000476e,123061,True
func_x_0x10000016a,122698,True
func_x_0x1000002cb,122639,True
func_x_0x100000310,123125,False
func_x_0x100000420,122570,False
func_x_0x100000441,121359,True
func_x_0x100000988,121746,True
func_x_0x1000037f9,121907,False
func_x_0x100003816,121425,False
func_x_0x1000039a5,122711,True
func_x_0x100003aec,122620,True
func_x_0x100003cb0,122963,True
func_x_0x100003d84,121687,False
func_x_0x100003dab,121899,True
func_x_0x10000420a,121481,True
func_x_0x1000042ba,121627,False
func_x_0x1000045ca,123264,False
func_x_0x100004b0d,121536,True
func_x_0x100004bcf,122661,False
func_x_0x100004c99,121553,True
func_x_0x100004dfd,122775,True
func_x_0x1000051ba,122061,False
func_x_0x10000563d,121860,True
func_x_0x10000593a,122671,False
func_x_0x100005c70,123086,True
func_x_0x100005c80,121781,True
func_x_0x100006138,122066,False
func_x_0x100006d67,122038,True
func_x_0x100007006,121591,True
func_x_0x1000070e1,122634,False
func_x_0x1000070f8,122967,False
func_x_0x100007426,121625,False
func_x_0x1000075e9,122102,True
func_x_0x10000790c,122726,True
func_x_0x1000079a3,122637,True
func_x_0x1000079e6,123194,False
func_x_0x100007d57,122207,False
func_x_0x100008572,121855,False
func_x_0x100008589,122332,False
func_x_0x10000862d,121965,False
func_x_0x1000089cb,122565,False
func_x_0x1000089d6,121619,False
func_x_0x1000089e9,122299,False
func_x_0x1000089ed,121714,False
func_x_0x100008a73,123040,False
func_x_0x100008aa6,121773,True
func_x_0x100008aac,122489,True
func_x_0x100008ab1,122632,False
func_x_0x100008abb,121748,False
func_x_0x100008be7,123091,False
func_x_0x100008d38,122317,False
func_x_0x1000090e6,122417,False
func_x_0x100009170,122113,True
func_x_0x1000091b0,122189,True
func_x_0x100009251,122823,True
func_x_0x100009593,122585,True
func_x_0x100009598,122985,False
func_x_0x1000095a6,122868,True
func_x_0x1000095cb,121415,False
func_x_0x10000987d,123006,True
func_x_0x100009880,122810,False
func_x_0x1000098dc,121428,False
func_x_0x1000098fb,122333,True
func_x_0x100009bdf,122883,False
func_x_0x100009bf2,122477,False
func_x_0x100009e3a,122816,False
func_x_0x10000a0cc,122893,False
func_x_0x10000a27f,121962,True
func_x_0x10000a3fb,122205,True
func_x_0x10000a4aa,122053,True
func_x_0x10000a538,122740,True
func_x_0x10000a542,121503,True
func_x_0x10000a816,121450,False
func_x_0x10000ac4a,122359,False
func_x_0x10000ac4e,121925,False
func_x_0x10000ad3d,122968,True
func_x_0x10000ad6a,121366,True
func_x_0x10000ae76,122059,True
func_x_0x10000ae7f,122877,False
func_x_0x10000b02e,121663,False
func_x_0x10000b040,122586,True
func_x_0x10000b04f,122373,False
func_x_0x10000b05d,122024,True
func_x_0x10000b064,123305,True
func_x_0x10000b141,122190,True
func_x_0x10000b875,121687,False
func_x_0x10000c246,123220,True
func_x_0x10000c254,122628,True
func_x_0x10000c26b,122939,True
func_x_0x10000cbf1,123166,True
func_x_0x10000d08c,122066,True
func_xe_0x100003aa6,123281,True
func_xe_0x100003aac,121948,True
func_xe_0x100003ab6,121879,False
func_xe_0x100003ab8,121794,True
func_xe_0x100003efd,122843,False
func_xe_0x100003f04,122894,False
func_xe_0x1000043a3,121865,False
func_xe_0x1000043a8,121771,True
func_xe_0x1000044c1,122432,False
func_xe_0x100004e42,122522,True
func_xe_0x100004e44,122718,True
func_xe_0x100004e53,121377,True
func_xe_0x100004e5d,122735,True
func_xe_0x100004e5f,121674,True
func_xe_0x100004e61,122240,False
func_xe_0x100004e67,121447,False
func_xe_0x100004e6b,122747,False
func_xe_0x100004e6d,123002,False
func_xe_0x100004e75,121376,False
func_xe_0x100004e79,122783,True
func_xe_0x100004e81,121956,True
func_xe_0x10000571b,123146,False
func_xe_0x100005721,121696,False
func_xe_0x100005723,122967,True
func_xe_0x100005725,122702,False
func_xe_0x100005727,122402,True
func_xe_0x100005729,122562,False
func_xe_0x10000572d,121927,False
func_xe_0x10000573b,122420,False
func_xe_0x1000057fb,121547,True
func_xe_0x100005801,122350,False
func_xe_0x100005805,121466,True
func_xe_0x100005825,123183,True
func_xe_0x10000582b,121924,False
func_xe_0x100005a19,122874,False
func_xe_0x100005a1e,121530,True
func_xe_0x100005aac,122588,True
func_xe_0x100005aae,123285,False
func_xe_0x100005afa,122554,True
func_xe_0x100005b8c,122197,True
func_xe_0x100005e53,121533,True
func_xe_0x100005edd,122525,True
func_xe_0x100005edf,121342,False
func_xe_0x10000631f,123240,True
func_xe_0x100007098,122509,False
func_xe_0x100007316,123014,False
func_xe_0x100007643,122054,False
func_xe_0x100007645,123229,True
func_xe_0x100007fa8,123028,False
func_xe_0x100007fb0,122469,True
func_xe_0x10000803b,122364,True
func_xe_0x10000805f,123236,False
func_xe_0x10000812b,121802,True
func_xe_0x100008f9f,121599,False
func_xe_0x100009f3c,121864,True
func_xe_0x100009f41,122104,True
func_xe_0x100009f5d,122885,True
func_xe_0x100009f65,122854,False
func_xe_0x100009f75,122277,True
func_xe_0x100009f7b,121960,True
func_xe_0x100009f7d,122442,True
func_xe_0x100009f87,123058,True
func_xe_0x10000a2c9,121387,False
func_xe_0x10000a6ff,122460,False
func_xe_0x10000abad,123165,True
func_xe_0x10000abbb,121331,True
func_xe_0x10000abc7,121915,False
func_xe_0x10000b566,122732,False
func_xe_0x10000b568,123275,False
func_xe_0x10000b56c,122841,True
func_xe_0x10000b56e,123183,True
func_xe_0x10000b570,122540,True
func_xe_0x10000b574,121701,False
func_xe_0x10000b57a,123108,False
func_xe_0x10000c228,122603,False
func_xe_0x10000ccf4,121794,True
func_xe_0x10000ce75,121623,True
func_xe_0x10000d050,121772,True
func_xe_0x10000d053,121594,False
func_xe_0x10000d075,121339,False
func_xi_0x100008452,122150,False
func_xi_0x100008484,122693,True
func_xi_0x100008499,122704,True
func_xi_0x1000099ea,123099,True
func_xi_0x100009a46,121961,True
func_xi_0x100009a5e,122900,True
func_xn_0x1000071a8,122776,False
func_xn_0x1000071b2,121602,True
func_xn_0x10000c0bb,122580,True
func_xn_0x10000c0d2,121638,True
func_xn_0x10000c0d4,122496,False
func_xn_0x10000c0d6,122273,False
func_xn_0x10000c2f8,123180,False
func_xn_0x10000c2fa,122894,True
func_xn_0x10000c360,121755,True
func_xr_0x100008448,122596,True
func_xt_0x100008640,122245,True
func_xt_0x100008642,122963,True
func_xt_0x100008648,122601,False
func_xt_0x1000086ff,123202,False
func_xt_0x100008705,122487,True
func_xt_0x10000870d,122742,True
func_xt_0x100008731,121567,False
func_xt_0x100008735,122023,True
func_xt_0x100008739,121806,True
func_xt_0x10000873b,122717,False
func_xt_0x100008741,122479,False
func_xt_0x100008744,122686,False
func_xt_0x100008746,122247,True
func_xt_0x10000874b,123048,True
func_xt_0x10000874f,122746,False
func_xt_0x100008787,122515,False
func_xt_0x100008789,122502,True
func_xt_0x100008799,122540,False
func_xt_0x10000879c,121408,True
func_xt_0x1000087a2,123287,False
func_xt_0x1000087a8,121345,True
func_xt_0x1000087ab,122969,False
func_xt_0x1000087ae,122203,True
func_xt_0x1000087e4,122241,True
func_xt_0x100008808,121469,True
func_xt_0x100008822,122998,True
func_xt_0x100008827,121743,True
func_xt_0x10000882a,121990,True
func_xt_0x10000882c,121859,True
func_xt_0x100008834,123096,True
func_xt_0x10000883d,121935,False
func_xt_0x100008848,121450,False
func_xt_0x100008851,123081,False
func_xt_0x100008861,121786,True
func_xt_0x100008863,122899,True
func_xt_0x100008887,122031,False
func_xt_0x100008897,122954,False
func_xt_0x1000088a0,123003,False
func_xt_0x1000088a2,121502,True
func_xt_0x1000088bb,122955,False
func_xt_0x1000088bd,123253,False
func_xt_0x1000088c8,121913,False
func_xt_0x1000088e0,122672,True
func_xt_0x100008911,122620,False
func_xt_0x100008918,122281,False
func_xt_0x100008925,122600,True
func_xt_0x100008929,122173,False
func_xt_0x100008936,122973,True
func_xt_0x100008951,122552,False
func_xt_0x100008957,122800,True
func_xt_0x100008959,122411,True
func_xt_0x10000895d,122721,False
func_xt_0x10000895f,121462,False
func_xt_0x10000896b,122479,False
func_xt_0x100008984,121852,False
func_xt_0x100008987,122566,False
func_y_0x10000011b,122064,True
func_y_0x100000125,123079,True
func_y_0x1000001b1,122952,False
func_y_0x100000302,122075,False
func_y_0x1000039b7,122483,False
func_y_0x1000039bb,121971,False
func_y_0x1000039f1,121830,False
func_y_0x100003a3c,122961,False
func_y_0x100003a62,121345,False
func_y_0x100003a7e,122276,True
func_y_0x100003b24,121743,True
func_y_0x100003b51,122220,False
func_y_0x100003ded,122548,True
func_y_0x100003fdf,122080,True
func_y_0x1000042a6,121554,False
func_y_0x1000043d2,122329,True
func_y_0x100004c14,121653,True
func_y_0x100004c19,123314,False
func_y_0x100004c25,122208,True
func_y_0x100004cff,123133,False
func_y_0x10000597b,122604,False
func_y_0x100005992,123284,False
func_y_0x1000059e4,122289,True
func_y_0x1000059e8,122460,False
func_y_0x1000059ea,122757,True
func_y_0x100005f5a,122889,False
func_y_0x100005fe4,121997,False
func_y_0x100005fee,122058,False
func_y_0x100006020,121425,False
func_y_0x100006022,122798,True
func_y_0x100006024,122162,False
func_y_0x100006044,121815,False
func_y_0x100006046,121867,False
func_y_0x1000060b7,121791,False
func_y_0x100006a71,122854,True
func_y_0x100006a88,121690,False
func_y_0x100006a8a,122333,True
func_y_0x100006a9f,122389,False
func_y_0x100006aa1,121390,False
func_y_0x100006cad,121524,True
func_y_0x100006cbd,123265,True
func_y_0x1000070e2,121630,True
func_y_0x1000070ea,123022,True
func_y_0x1000070f9,121786,False
func_y_0x1000073d6,122409,False
func_y_0x10000751c,123120,False
func_y_0x100007539,122415,True
func_y_0x1000075ac,123127,True
func_y_0x1000075d0,121520,False
func_y_0x100007bf9,121414,True
func_y_0x100007de5,123149,False
func_y_0x100007df1,122199,True
func_y_0x100007e1b,122916,True
func_y_0x100007e3a,121717,False
func_y_0x100007f59,123269,False
func_y_0x1000089b5,122455,True
func_y_0x100008d0b,121963,False
func_y_0x100008db3,121417,True
func_y_0x100008dc4,122011,False
func_y_0x100009124,123195,False
func_y_0x100009132,122332,True
func_y_0x100009142,122853,True
func_y_0x10000914d,122141,False
func_y_0x1000091c4,123294,True
func_y_0x1000091ca,122036,False
func_y_0x1000091d3,121904,False
func_y_0x100009516,121832,False
func_y_0x10000956f,122617,True
func_y_0x10000957c,121325,False
func_y_0x10000960e,121715,False
func_y_0x100009610,122716,False
func_y_0x100009612,122578,True
func_y_0x100009614,122816,True
func_y_0x100009616,121512,True
func_y_0x100009670,121861,True
func_y_0x1000097a3,123260,True
func_y_0x1000097a5,121384,True
func_y_0x1000098bf,122364,True
func_y_0x100009b5c,121987,True
func_y_0x100009b81,121369,False
func_y_0x100009b87,121959,True
func_y_0x100009e91,123260,False
func_y_0x100009f91,123025,False
func_y_0x10000a105,122229,True
func_y_0x10000a10b,123024,True
func_y_0x10000a193,121800,False
func_y_0x10000a1a6,121595,True
func_y_0x10000a1ee,121712,True
func_y_0x10000a3c7,122017,False
func_y_0x10000a3c9,121999,False
func_y_0x10000a4ba,122197,True
func_y_0x10000a4d6,121870,True
func_y_0x10000aa10,122100,True
func_y_0x10000ad7d,121528,True
func_y_0x10000ae3a,122223,True
func_y_0x10000ae3c,122114,True
func_y_0x10000afe5,121572,False
func_y_0x10000b0eb,123029,True
func_y_0x10000b0ed,122720,True
func_y_0x10000b49f,122855,True
func_y_0x10000b4a3,122909,False
func_y_0x10000b4a5,121433,False
func_y_0x10000b4c5,121873,False
func_y_0x10000b899,121452,True
func_y_0x10000b8dc,122881,False
func_y_0x10000bd43,122132,False
func_y_0x10000bfff,121691,False
func_y_0x10000c02e,122539,True
func_y_0x10000c032,121695,True
func_y_0x10000c19b,121485,True
func_y_0x10000c208,122800,False
func_y_0x10000c3b7,122523,False
func_y_0x10000c48e,122634,True
func_y_0x10000c4d0,122589,True
func_y_0x10000c7a5,122275,True
func_y_0x10000c859,121936,True
func_y_0x10000d0a1,123122,True
func_y_0x10000d0a3,122989,True
func_ye_0x100003cb9,122269,True
func_ye_0x1000040b0,121979,False
func_ye_0x1000040b8,121422,True
func_ye_0x1000040c2,122129,True
func_ye_0x1000040ca,122399,True
func_ye_0x10000411a,122964,True
func_ye_0x100004d5a,121609,False
func_ye_0x100004d5c,122352,True
func_ye_0x100005e70,122534,False
func_ye_0x100006bd8,122146,False
func_ye_0x100006c21,122322,True
func_ye_0x100006c25,121597,True
func_ye_0x100006c2b,123278,True
func_ye_0x100006c2d,122524,True
func_ye_0x100006c31,122423,True
func_ye_0x100006c39,121771,False
func_ye_0x100006c3b,122454,False
func_ye_0x100006c3d,121639,True
func_ye_0x100006c41,122700,True
func_ye_0x100006c43,122458,True
func_ye_0x100006c45,121953,True
func_ye_0x100006c51,122018,True
func_ye_0x100006c53,122676,True
func_ye_0x100006c59,122350,False
func_ye_0x100006c5b,121756,True
func_ye_0x100006c5f,121485,False
func_ye_0x100006c67,121703,True
func_ye_0x100006c6d,121735,True
func_ye_0x100006c6f,122655,False
func_ye_0x100006c73,121780,True
func_ye_0x100006c77,121364,False
func_ye_0x100006c83,123153,True
func_ye_0x100006c85,121726,False
func_ye_0x100006c87,122256,True
func_ye_0x100006c8f,122869,True
func_ye_0x100006c99,123114,True
func_ye_0x100006c9b,121397,False
func_ye_0x100006c9d,122343,False
func_ye_0x100006ca1,122757,True
func_ye_0x100006ca7,122247,True
func_ye_0x100007b55,121396,True
func_ye_0x100007b5f,122385,True
func_ye_0x10000afaa,121823,True
func_yn_0x100008089,122641,False
func_yn_0x10000b781,121422,True
func_yn_0x10000b798,123143,True
func_yn_0x10000ba63,122256,True
func_yn_0x10000ba69,122142,False
func_yn_0x10000ba6c,123225,True
func_yn_0x10000ba72,121829,True
func_yn_0x10000ba84,122141,True
func_yn_0x10000ba88,122905,False
func_yn_0x10000ba8e,122163,True
func_yn_0x10000ba96,121695,False
func_yn_0x10000ba9a,122416,False
func_yn_0x10000baa2,122051,False
func_yn_0x10000baac,122434,True
func_yn_0x10000baae,122873,False
func_yn_0x10000bab3,121537,True
func_yn_0x10000babc,122664,True
func_yn_0x10000bac8,122888,True
func_yn_0x10000bad6,121920,True
func_yn_0x10000bae8,123267,False
func_yn_0x10000baef,122447,True
func_yn_0x10000baf9,121320,False
func_yn_0x10000bafb,122048,True
func_yn_0x10000bb03,123144,False
func_yn_0x10000bb07,122744,True
func_yn_0x10000bb13,121750,False
func_yn_0x10000cb06,121642,True
func_yn_0x10000cb18,121881,False
func_yr_0x100004f06,121557,False
func_yr_0x100004f08,121397,True
func_yr_0x10000505e,122696,True
func_yr_0x10000506a,123004,False
func_yr_0x10000506c,121400,False
func_yr_0x100005090,122609,True
func_yr_0x1000050ce,121320,True
func_yr_0x1000050e0,122807,True
func_yr_0x100005108,121901,False
func_yt_0x100004f33,122078,True
func_yt_0x10000533d,123036,False
func_yt_0x100005343,122103,False
func_yt_0x100005569,122303,True
func_yu_0x100004a3b,121392,True
func_yu_0x100004a43,122948,False
func_z_0x1000001f8,121500,True
func_z_0x100003eaf,121979,True
func_z_0x100003eb1,123062,False
func_z_0x100003ed4,122163,False
func_z_0x100003ed6,121596,False
func_z_0x100003fc0,122165,False
func_z_0x10000401e,122914,True
func_z_0x10000434a,121537,False
func_z_0x10000434c,122637,True
func_z_0x10000437b,123217,True
func_z_0x100004399,122472,True
func_z_0x100004abc,121711,True
func_z_0x10000578f,122859,True
func_z_0x100006067,122435,True
func_z_0x100006db7,121577,False
func_z_0x100006db9,122806,True
func_z_0x100006dbf,123267,False
func_z_0x100006dc1,121623,False
func_z_0x100006dc3,122889,False
func_z_0x100006dc5,123145,True
func_z_0x100006dec,122973,False
func_z_0x100006f71,121972,False
func_z_0x100006f73,121449,False
func_z_0x100006f8d,121803,True
func_z_0x100007277,123017,True
func_z_0x100007726,121539,False
func_z_0x100007731,121897,False
func_z_0x100007733,122522,False
func_z_0x100007737,121900,False
func_z_0x10000773b,121353,True
func_z_0x10000773f,123080,False
func_z_0x1000078d4,121544,True
func_z_0x100007917,123164,False
func_z_0x100007a3a,121776,False
func_z_0x100008ba7,122022,True
func_z_0x100008bb9,121465,False
func_z_0x100008bcb,122428,False
func_z_0x100008bd7,122319,False
func_z_0x100008bdd,121529,True
func_z_0x10000a012,122442,False
func_z_0x10000a014,122196,False
func_z_0x10000a016,122938,True
func_z_0x10000a01c,122780,True
func_z_0x10000a075,121568,True
func_z_0x10000a465,123277,False
func_z_0x10000a46c,122977,True
func_z_0x10000a481,122581,False
func_z_0x10000adc0,122765,True
func_z_0x10000adc2,121879,False
func_z_0x10000adc4,122634,True
func_z_0x10000b090,123036,True
func_z_0x10000b1f4,121654,True
func_z_0x10000b1fb,123029,False
func_z_0x10000b211,121759,False
func_z_0x10000b280,121862,False
func_z_0x10000b2b6,122229,True
func_z_0x10000b526,121750,False
func_z_0x10000b52e,122555,False
func_z_0x10000b54a,122834,True
func_z_0x10000b860,122758,False
func_z_0x10000b862,121771,False
func_z_0x10000b864,122133,False
func_z_0x10000b86a,122937,True
func_z_0x10000bbae,122695,True
func_z_0x10000bbb8,121674,False
func_z_0x10000bbbc,121467,False
func_z_0x10000bbbe,122071,True
func_z_0x10000bbc6,122949,False
func_z_0x10000bbc8,121500,True
func_z_0x10000bbdd,122469,True
func_z_0x10000bc48,123254,False
func_z_0x10000bc50,121689,True
func_z_0x10000bc8a,122491,True
func_z_0x10000bc8c,123138,True
func_z_0x10000bc8e,121839,True
func_z_0x10000bca7,121854,True
func_z_0x10000bd90,121527,False
func_z_0x10000bf49,121671,False
func_z_0x10000bf4b,122453,True
func_z_0x10000bf5e,122637,False
func_z_0x10000c05f,122439,True
func_z_0x10000c06f,121429,False
func_z_0x10000c0f8,122242,True
func_z_0x10000c21d,122067,True
func_z_0x10000c465,121584,True
func_z_0x10000c467,121690,False
func_z_0x10000c46b,122945,False
func_z_0x10000cd5b,121350,True
func_z_0x10000cd5d,123197,False
func_z_0x10000cd61,121729,True
func_z_0x10000cd63,121332,True
func_z_0x10000cd6b,121419,True
func_z_0x10000cd81,121778,False
func_z_0x10000cebe,122565,False
func_z_0x10000cf1d,121385,True
func_z_0x10000cf21,121886,False
func_ze_0x100004424,122632,True
func_ze_0x10000442a,121654,False
func_ze_0x100004431,122207,True
func_ze_0x10000444d,121618,True
func_ze_0x10000444f,121377,True
func_ze_0x100004451,121902,False
func_ze_0x100004453,123010,True
func_ze_0x10000445b,121971,True
func_ze_0x10000445d,121900,False
func_ze_0x10000445f,121666,True
func_ze_0x100004465,122314,False
func_ze_0x100004467,123005,False
func_ze_0x100004469,121833,False
func_ze_0x10000446b,122743,False
func_ze_0x100004479,122838,True
func_ze_0x1000058dd,121346,False
func_ze_0x100005cfc,122524,False
func_ze_0x100005cfe,123175,False
func_ze_0x100005df6,122805,False
func_ze_0x100005ea7,121941,False
func_ze_0x100005ec7,123092,True
func_ze_0x100005ecf,122259,False
func_ze_0x1000062b5,122149,True
func_ze_0x100006a11,123196,True
func_ze_0x100006a15,121884,True
func_ze_0x100006a17,122604,False
func_ze_0x100006a19,122345,False
func_ze_0x100006a1d,122055,False
func_ze_0x100006a21,122684,True
func_ze_0x100006a23,122290,False
func_ze_0x100007153,123260,True
func_ze_0x1000092a8,121653,True
func_ze_0x1000092ac,122164,True
func_ze_0x1000092ae,122960,True
func_ze_0x1000092b0,122665,False
func_ze_0x10000a5f8,121608,False
func_ze_0x10000a61e,121896,False
func_ze_0x10000a642,123173,False
func_ze_0x10000accd,122371,False
func_ze_0x10000ace0,122378,False
func_ze_0x10000ace6,122136,False
func_ze_0x10000c3ee,123268,False
func_ze_0x10000c64d,123313,True
func_ze_0x10000c728,121541,False
func_ze_0x10000c72a,121678,False
func_ze_0x10000c742,123096,False
func_ze_0x10000cfb5,122283,True
func_ze_0x10000d021,121421,False
func_ze_0x10000d025,123087,False
func_zo_0x100004a49,121623,True
func_zr_0x100008479,122383,False
func_zr_0x1000084ad,123062,False
func_zr_0x1000084af,121333,False
func_zr_0x1000084b9,122770,False
func_zr_0x1000084bb,122226,True
func_zr_0x1000084e3,123182,True
func_zr_0x1000084e7,122228,False
func_zr_0x1000084e9,121586,False
func_zt_0x1000040a9,121944,False
func_zt_0x1000066d8,122651,False
func_zt_0x1000066dc,122786,True
func_zt_0x1000066e0,122315,False
func_zt_0x1000066e4,122633,True
func_zt_0x1000066eb,121551,True
func_zt_0x1000067d2,122032,True
func_zt_0x1000067da,122054,False
func_zt_0x10000722c,122215,False
func_zt_0x10000722e,122423,True
func_zt_0x10000c340,121391,True
func_zt_0x10000c377,123024,True
func_zt_0x10000c395,122925,True
