func_$_0x100003447,77400,False
func_$_0x100003449,78305,False
func_$_0x10000345b,77925,True
func_$_0x100003add,77126,False
func_$_0x100003b00,77402,True
func_$_0x100003b5e,78067,True
func_$_0x100003bf0,77249,True
func_$_0x100003c9e,78196,True
func_$_0x100003cb6,78414,True
func_$_0x100003cc0,77829,True
func_$_0x1000043df,78100,True
func_$_0x1000043e1,77402,False
func_$_0x1000043e5,76865,False
func_$_0x100004477,76819,True
func_$_0x100004479,78399,True
func_$_0x100004dfb,77064,False
func_$_0x100004e07,78313,False
func_$_0x10000503b,78233,True
func_$_0x10000503d,76930,True
func_$_0x100005068,77413,True
func_$_0x100005072,77659,True
func_$_0x100005332,78344,True
func_$_0x100005338,78487,True
func_$_0x100005340,78174,False
func_$_0x10000534d,77629,False
func_$_0x100005353,77298,False
func_$_0x1000053de,76787,True
func_$_0x100005ed3,77970,False
func_$_0x100005ed5,78365,False
func_$_0x100005edd,77234,True
func_$_0x100005ee1,77432,True
func_$_0x100005ee3,78241,True
func_$_0x100005f22,77214,False
func_$_0x1000063ac,77571,True
func_$_0x10000654d,77087,False
func_$_0x100006553,77344,True
func_$_0x100006556,77901,True
func_$_0x10000655a,77468,True
func_$_0x10000655c,78074,True
func_$_0x100006560,77865,True
func_$_0x100006562,77995,True
func_$_0x100006564,78024,False
func_$_0x100006702,77154,False
func_$_0x10000696f,77314,True
func_$_0x100006c62,77356,False
func_$_0x100007430,76900,True
func_$_0x10000743a,77501,True
func_$_0x100007453,76909,False
func_$_0x10000785e,77833,False
func_$_0x100007866,78692,False
func_$_0x10000786a,78047,True
func_$_0x100007959,77129,True
func_$_0x100007bd5,78196,True
func_$_0x100007dc3,78202,True
func_$_0x1000080ac,77111,True
func_$_0x1000083e0,77314,False
func_$_0x1000083fd,77108,True
func_$_0x100008527,78117,True
func_$_0x100008529,77779,False
func_$_0x1000089c6,77014,False
func_$_0x1000089cb,77209,False
func_$e_0x100003d9f,77097,False
func_$e_0x100003da1,76940,False
func_$e_0x100003da4,78219,False
func_$e_0x100003df3,77101,False
func_$e_0x100003df9,78321,False
func_$e_0x100003e0c,77465,True
func_$e_0x100004e50,78219,True
func_$e_0x1000053f4,77484,False
func_$e_0x100006fd7,77419,False
func_$e_0x100008c9d,78554,False
func_$i_0x100003fee,78662,False
func_$i_0x100003fff,78622,True
func_$i_0x10000400a,78628,False
func_$i_0x100004119,77230,False
func_$n_0x10000077e,78495,False
func_$n_0x100000782,77046,False
func_$n_0x100000788,78390,False
func_$n_0x100005ba1,76939,True
func_$o_0x100007fad,78471,True
func_$o_0x100007faf,78457,False
func_$o_0x100009078,76783,False
func_$r_0x10000435d,78542,False
func_$t_0x100004b8b,77274,True
func_$t_0x100004b91,77594,True
func_$t_0x100004c87,77600,False
func_$t_0x100004c91,78371,False
func_$t_0x100004ca5,76805,False
func_$t_0x100004ca7,76802,False
func_$t_0x100004cab,78710,True
func_$t_0x100004cc6,77870,False
func_$t_0x100004ccc,76848,True
func_$t_0x100004cd0,78580,False
func_$t_0x100004cd2,77354,True
func_$t_0x100004cd4,78635,True
func_$t_0x100004cd6,78598,False
func_$t_0x100004cde,76908,True
func_$t_0x100004ce7,77019,False
func_$t_0x1000090b4,77603,True
func_A_0x100000241,76878,False
func_A_0x10000028c,77788,False
func_A_0x1000002fb,78366,True
func_A_0x100000362,77839,True
func_A_0x1000003f2,78227,True
func_A_0x1000004e7,78190,False
func_A_0x10000055d,77365,True
func_A_0x100000835,77057,True
func_A_0x100000847,78654,False
func_A_0x10000084c,78727,False
func_A_0x1000008bd,77733,True
func_A_0x100000925,77675,False
func_A_0x100003568,78005,True
func_A_0x100003928,78345,False
func_A_0x100003a83,78099,False
func_A_0x100003b66,78584,True
func_A_0x100003e83,76906,False
func_A_0x100004418,77528,True
func_A_0x100004434,77204,True
func_A_0x100004d77,78445,True
func_A_0x100004d83,77988,True
func_A_0x100004d87,77221,True
func_A_0x100004e16,78523,False
func_A_0x100004e77,77223,False
func_A_0x100004e8b,77084,False
func_A_0x100004eea,77800,True
func_A_0x100004f18,78121,True
func_A_0x100004f5f,78019,False
func_A_0x100004f85,78496,False
func_A_0x100004fb9,78600,False
func_A_0x100004fd2,77924,False
func_A_0x100004fe4,77304,False
func_A_0x10000505e,77568,False
func_A_0x100005086,78668,True
func_A_0x1000050a6,77728,True
func_A_0x1000050d3,78753,True
func_A_0x100005173,77061,False
func_A_0x100005176,78149,False
func_A_0x100005187,78296,True
func_A_0x10000518d,77611,False
func_A_0x1000051b1,77791,False
func_A_0x1000051e8,78227,False
func_A_0x1000051ed,78476,False
func_A_0x100005256,77074,True
func_A_0x1000055eb,77209,False
func_A_0x1000056ac,76799,True
func_A_0x100005b12,78587,False
func_A_0x100005b3e,78735,True
func_A_0x1000062d0,77256,False
func_A_0x10000632a,77634,True
func_A_0x100006363,78064,False
func_A_0x100006856,77488,False
func_A_0x10000685e,77660,True
func_A_0x100006861,78723,True
func_A_0x1000068c0,78521,True
func_A_0x1000069ad,78685,False
func_A_0x100006a34,77859,False
func_A_0x100006a59,78093,False
func_A_0x100006b0b,77448,True
func_A_0x100006b11,77865,True
func_A_0x100006b8f,77571,False
func_A_0x100006bc2,77926,True
func_A_0x100006c9c,76781,True
func_A_0x100006cbf,77638,False
func_A_0x100006d06,78308,False
func_A_0x100006d6b,77641,False
func_A_0x100006d95,77031,True
func_A_0x100006e78,78668,True
func_A_0x100006f03,77671,True
func_A_0x100006f6c,77273,False
func_A_0x10000716e,78345,True
func_A_0x10000719e,77175,True
func_A_0x10000724c,78199,True
func_A_0x1000072d3,77886,False
func_A_0x1000072d6,77495,False
func_A_0x100007411,77161,True
func_A_0x10000761c,77777,False
func_A_0x100007651,78290,True
func_A_0x100007946,78414,True
func_A_0x100007bb4,77672,True
func_A_0x100007e52,77507,False
func_A_0x100007e54,77980,True
func_A_0x100007e5b,77262,True
func_A_0x100007e67,78626,False
func_A_0x100007e70,77471,True
func_A_0x100007e72,78480,False
func_A_0x10000856c,77383,False
func_A_0x10000867b,76962,True
func_A_0x100008687,77218,True
func_A_0x100008713,77402,False
func_A_0x10000899c,76928,True
func_A_0x1000089a1,78220,False
func_Aa_0x100009066,77917,False
func_Aa_0x100009068,76826,False
func_Ad_0x10000586f,78252,True
func_Ae_0x1000037e8,77944,False
func_Ae_0x1000037ec,77730,False
func_Ae_0x1000052c4,78196,False
func_Ae_0x10000537b,77326,False
func_Ae_0x100005381,76904,True
func_Ae_0x10000538d,78526,True
func_Ae_0x100005391,77875,False
func_Ae_0x1000053b1,78113,False
func_Ae_0x1000053f8,77476,True
func_Ae_0x1000053fe,78029,False
func_Ae_0x100005400,78071,False
func_Ae_0x100005404,78230,False
func_Ae_0x100005406,78462,True
func_Ae_0x100005408,77411,True
func_Ae_0x10000541c,78404,False
func_Ae_0x100005420,76802,True
func_Ae_0x100005424,77180,False
func_Ae_0x100005489,77051,True
func_Ae_0x10000548b,77499,False
func_Ae_0x10000548f,77033,False
func_Ae_0x10000549d,78068,True
func_Ae_0x10000549f,77265,True
func_Ae_0x100006af2,77242,False
func_Ae_0x100006af4,77179,True
func_Ae_0x10000703c,77894,True
func_Ae_0x100007076,77852,True
func_Ae_0x1000073d1,78175,False
func_Ae_0x1000073e4,78699,False
func_Ae_0x100008085,76910,True
func_Ae_0x100008087,77335,False
func_Ae_0x10000808f,77001,True
func_Ae_0x10000809f,76988,True
func_Ae_0x1000080a3,77169,True
func_Ae_0x1000080a7,78318,False
func_Ae_0x10000831f,77125,True
func_Ae_0x10000853a,77373,True
func_Ae_0x100008771,77381,False
func_Ae_0x100008777,78001,True
func_Ae_0x100008789,78726,True
func_Ae_0x100008c7e,77402,False
func_Ae_0x100008c80,77060,True
func_Ae_0x100008c82,78022,False
func_Ae_0x100008ccd,77187,False
func_Ai_0x10000906e,78031,True
func_An_0x100003712,78573,False
func_An_0x100005b8b,77380,False
func_An_0x100005b91,78355,True
func_An_0x100005b93,77780,True
func_Ao_0x100007c3b,78703,False
func_Ao_0x100007d12,78404,True
func_Ao_0x100007d76,77240,False
func_Ao_0x1000090de,77137,False
func_Ar_0x100004b79,77707,False
func_Ar_0x100004b7f,77897,True
func_Ar_0x100007ece,77918,True
func_Ar_0x100007f89,78746,True
func_Ar_0x100007f8b,77835,False
func_Ar_0x100007f94,78261,True
func_Ar_0x100007faa,77825,False
func_Ar_0x100007fc0,76901,False
func_Ar_0x100007fc2,77238,True
func_Ar_0x100007fd2,77071,True
func_Ar_0x100007fd4,77036,True
func_Ar_0x100007fdf,77054,True
func_Ar_0x100007fe2,77537,True
func_Ar_0x100007fea,76953,True
func_Ar_0x100007ffa,77250,True
func_Ar_0x100008006,77768,False
func_Ar_0x100008008,77219,True
func_Ar_0x100008021,78151,True
func_Ar_0x100008027,76928,True
func_At_0x10000077d,77858,True
func_At_0x100003cfe,77045,False
func_At_0x100003d12,76807,False
func_At_0x1000050e9,77429,True
func_At_0x100005b7f,78610,False
func_At_0x100005ba7,77902,True
func_At_0x10000660c,77892,False
func_At_0x10000660e,78672,True
func_At_0x100006610,78561,False
func_At_0x100006612,77504,False
func_At_0x100006614,78607,False
func_At_0x100006662,78691,True
func_At_0x100007a71,76967,True
func_At_0x100008b07,78473,True
func_At_0x100008caa,77129,True
func_At_0x100008e99,77398,False
func_B_0x100000152,76951,True
func_B_0x1000001c5,77420,False
func_B_0x1000001de,78735,False
func_B_0x1000002a6,78738,False
func_B_0x1000002a8,76861,False
func_B_0x1000002aa,77344,True
func_B_0x1000002ac,77613,False
func_B_0x1000002bd,78441,False
func_B_0x1000034f5,77014,True
func_B_0x1000038c6,78427,True
func_B_0x100003b63,78004,False
func_B_0x100003c97,76940,True
func_B_0x10000494e,78366,False
func_B_0x100004e96,77108,True
func_B_0x100004eda,76887,False
func_B_0x100004ef7,78720,False
func_B_0x100004f22,77896,True
func_B_0x100004f26,77113,True
func_B_0x100004f39,78751,True
func_B_0x100004f56,78638,False
func_B_0x100004fa7,77597,False
func_B_0x100004fd9,77919,True
func_B_0x100004fdb,77506,True
func_B_0x100005285,77975,True
func_B_0x100005287,77993,False
func_B_0x1000056b7,77307,True
func_B_0x1000056b9,78355,False
func_B_0x100005eaf,77674,True
func_B_0x100005eb1,78033,True
func_B_0x1000062de,77039,True
func_B_0x10000630e,77490,True
func_B_0x100006354,78233,False
func_B_0x100006356,77472,True
func_B_0x1000063cb,77982,True
func_B_0x1000063dc,77461,True
func_B_0x1000063df,77115,False
func_B_0x1000064c9,77921,False
func_B_0x100006508,77514,False
func_B_0x100006510,76764,False
func_B_0x10000651b,77266,False
func_B_0x10000651d,77489,True
func_B_0x100006978,77978,False
func_B_0x1000069d4,78586,True
func_B_0x100006ce8,77372,False
func_B_0x100006dd7,78000,True
func_B_0x100006e08,77047,False
func_B_0x1000070af,77086,True
func_B_0x100007371,77824,True
func_B_0x100007417,78316,False
func_B_0x10000741b,78532,True
func_B_0x1000074e3,77053,True
func_B_0x1000074e5,77320,False
func_B_0x1000074e7,77841,True
func_B_0x10000767f,77995,False
func_B_0x1000076cc,78531,False
func_B_0x100007e3f,77733,False
func_B_0x1000083f1,77543,False
func_B_0x100008705,77047,True
func_B_0x100008707,78124,False
func_B_0x10000876e,77071,True
func_B_0x100008a4e,78486,False
func_B_0x100008d18,76809,True
func_B_0x100008e02,78606,True
func_B_0x100008e18,78165,True
func_Be_0x1000045ce,77388,False
func_Be_0x1000045d7,78126,True
func_Be_0x1000045e1,77037,True
func_Be_0x1000045e5,76848,False
func_Be_0x1000045f6,78586,True
func_Be_0x100004604,77519,False
func_Be_0x10000460a,76890,True
func_Be_0x100004610,77203,False
func_Be_0x10000463a,77293,False
func_Be_0x10000463e,77345,True
func_Be_0x100004642,77372,True
func_Be_0x100004644,78043,True
func_Be_0x100004646,78481,False
func_Be_0x10000464a,77590,True
func_Be_0x10000465c,76792,True
func_Be_0x100004694,78400,True
func_Be_0x100004696,77781,False
func_Be_0x1000046aa,77488,True
func_Be_0x1000046b3,78593,False
func_Be_0x1000046b9,77814,True
func_Be_0x1000046bc,77269,False
func_Be_0x1000046e8,78387,True
func_Be_0x1000046ec,78440,False
func_Be_0x100004710,77029,True
func_Be_0x100004713,77567,True
func_Be_0x100004729,78285,True
func_Be_0x10000472d,78708,True
func_Be_0x100004732,78343,True
func_Be_0x100004737,77338,False
func_Be_0x10000473f,78576,False
func_Be_0x100004753,76995,False
func_Be_0x10000475c,78592,False
func_Be_0x100004794,78261,True
func_Be_0x1000047c1,77067,True
func_Be_0x1000047c8,77753,True
func_Be_0x1000047ce,77015,False
func_Be_0x1000047d3,78423,True
func_Be_0x1000047d5,77349,True
func_Be_0x10000480f,78039,False
func_Be_0x10000481c,77992,True
func_Be_0x10000481e,76976,True
func_Be_0x100004827,77339,True
func_Be_0x10000483c,77654,True
func_Be_0x100004847,77880,True
func_Be_0x100004849,78054,True
func_Be_0x100004862,77192,True
func_Be_0x10000486c,77249,False
func_Be_0x10000487f,78390,False
func_Be_0x100004885,78168,True
func_Be_0x100004893,77230,False
func_Bn_0x100003fbe,78566,False
func_Bn_0x10000889f,78235,True
func_Bn_0x1000088a2,78449,True
func_Bn_0x100008fd7,78243,True
func_Bn_0x100008fe1,77120,False
func_Bn_0x100008fe9,76958,True
func_Bn_0x100008ff1,77259,False
func_Bn_0x100008ff3,78536,False
func_Bn_0x10000900b,78380,False
func_Bn_0x10000900d,78330,False
func_Bn_0x1000090f6,78598,True
func_Bo_0x100006033,78083,False
func_Bo_0x100006035,77184,True
func_Bo_0x100006160,78325,False
func_Bo_0x100006250,78343,True
func_Br_0x100004018,77308,False
func_Br_0x10000401a,78044,False
func_Br_0x100004135,78137,False
func_Bt_0x1000039db,77162,False
func_Bt_0x100008d76,77235,True
func_Bt_0x100008d84,77771,True
func_Bt_0x100008d8f,77885,False
func_Bt_0x100008d96,78678,True
func_Bt_0x100008da5,78077,True
func_Bt_0x100008db4,77390,True
func_Bt_0x100008dbb,78504,False
func_C_0x1000001c3,76930,False
func_C_0x1000004f7,76836,True
func_C_0x10000088f,77392,True
func_C_0x1000008b7,77709,False
func_C_0x10000090d,76876,True
func_C_0x100003594,77376,False
func_C_0x1000038a4,76882,True
func_C_0x1000038e4,78646,False
func_C_0x100003a5e,78003,False
func_C_0x100003a7f,78093,False
func_C_0x100003b8b,77453,True
func_C_0x10000443b,78180,True
func_C_0x1000048c1,78363,True
func_C_0x1000048d6,76861,False
func_C_0x100004ec0,78201,True
func_C_0x100004ec4,78035,True
func_C_0x100004f1e,78543,True
func_C_0x100004fb0,77091,False
func_C_0x100005001,78134,True
func_C_0x10000504d,77779,True
func_C_0x100005087,76816,True
func_C_0x10000516d,76970,True
func_C_0x100005207,78088,False
func_C_0x100005209,77389,True
func_C_0x10000520e,77791,True
func_C_0x100005218,78492,True
func_C_0x10000524e,77646,True
func_C_0x100005251,77502,True
func_C_0x1000056a2,77499,False
func_C_0x100005700,76777,True
func_C_0x100005702,76883,True
func_C_0x100005b1d,78417,False
func_C_0x100005c79,78209,True
func_C_0x100005cc9,77676,False
func_C_0x100006372,78506,False
func_C_0x1000063f7,78127,True
func_C_0x100006526,77878,True
func_C_0x1000068e2,78232,False
func_C_0x1000068e8,77039,True
func_C_0x1000068ea,77126,False
func_C_0x1000069e0,76911,True
func_C_0x100006c8d,76785,False
func_C_0x100006c8f,77795,True
func_C_0x100006c93,76934,True
func_C_0x100006d13,77224,False
func_C_0x100006d36,76771,True
func_C_0x100006dc7,77960,False
func_C_0x100006e21,78709,False
func_C_0x100006e27,77885,True
func_C_0x1000070a4,77580,False
func_C_0x10000735d,77048,False
func_C_0x100007654,77125,False
func_C_0x100007855,77942,False
func_C_0x100007e1c,76801,True
func_C_0x100007e75,76785,True
func_C_0x100008389,78413,False
func_C_0x10000848d,77572,True
func_C_0x10000855e,76867,True
func_C_0x10000866b,76993,False
func_C_0x10000868e,78585,True
func_C_0x100008732,77473,True
func_C_0x100008a14,76971,True
func_C_0x100008a37,78483,True
func_Ce_0x1000034c2,78126,False
func_Ce_0x100003557,78552,True
func_Ce_0x100003c25,78067,True
func_Ce_0x100003c27,77610,True
func_Ce_0x1000052c5,78522,False
func_Ce_0x100005399,78256,False
func_Ce_0x1000053ae,77770,False
func_Ce_0x100005415,77683,True
func_Ce_0x100005429,77725,True
func_Ce_0x1000057b1,77881,True
func_Ce_0x1000057b3,77329,False
func_Ce_0x1000057c1,77042,True
func_Ce_0x1000057c3,76857,False
func_Ce_0x1000057c7,78264,False
func_Ce_0x1000057d3,76848,False
func_Ce_0x1000057d9,78638,True
func_Ce_0x100006716,77351,True
func_Ce_0x1000067cc,77576,False
func_Ce_0x100006fab,77372,False
func_Ce_0x100006ff1,76913,False
func_Ce_0x100006ffe,78237,True
func_Ce_0x100007038,78418,True
func_Ce_0x1000075b7,78572,True
func_Ce_0x1000075ce,77973,True
func_Ce_0x100007619,77092,False
func_Ce_0x100008c92,78597,False
func_Ci_0x10000476b,78631,False
func_Ci_0x1000047d8,78462,False
func_Ci_0x10000484b,78462,True
func_Ci_0x10000488b,77705,False
func_Cn_0x100007d0a,78074,False
func_Cn_0x100007d10,77652,False
func_Cn_0x100007d2e,78329,True
func_Cn_0x100007d68,77721,False
func_Cn_0x100007d6c,77756,False
func_Cn_0x100007d7e,77312,False
func_Cn_0x100007d80,78368,False
func_Cn_0x100007d82,77554,True
func_Cn_0x100007d84,77804,False
func_Cr_0x1000005a1,77127,True
func_Cr_0x10000074d,78317,True
func_Cr_0x100000751,77323,False
func_Cr_0x100000753,78631,False
func_Cr_0x10000075b,78195,False
func_Cr_0x100000767,78528,False
func_Cr_0x100000769,76994,False
func_Cr_0x1000039c2,77740,False
func_Cr_0x100005bb0,78479,False
func_Cr_0x10000710e,77000,False
func_Cr_0x100007110,77314,False
func_Cr_0x100007112,77194,True
func_Cr_0x100007118,77432,True
func_Cr_0x10000711a,78066,False
func_Cr_0x100007120,78243,False
func_Cr_0x100007124,77657,False
func_Cr_0x100007126,77109,False
func_Cr_0x10000712c,77014,False
func_Cr_0x100007138,78689,True
func_Cr_0x100007140,78687,True
func_Cr_0x100007148,78059,True
func_Cr_0x1000079c8,76856,False
func_Cr_0x1000079ca,78593,False
func_Cr_0x1000079ce,78306,True
func_Cr_0x1000079d0,78588,False
func_Cr_0x100008611,78249,False
func_Ct_0x100003706,77813,True
func_Ct_0x10000370e,78204,True
func_Ct_0x100003714,76893,False
func_Ct_0x100003716,77991,False
func_Ct_0x100003724,78712,False
func_Ct_0x10000376e,77718,True
func_Ct_0x100003774,77847,True
func_Ct_0x100003776,78334,True
func_Ct_0x100003782,77879,False
func_Ct_0x100003788,77823,False
func_Ct_0x10000378e,76984,False
func_Ct_0x1000087ef,78283,False
func_D_0x10000013c,78552,False
func_D_0x10000013e,77824,False
func_D_0x100000140,78373,False
func_D_0x100000142,77891,True
func_D_0x1000001c7,77275,True
func_D_0x100003437,78125,False
func_D_0x10000343b,77976,True
func_D_0x1000034d9,77375,True
func_D_0x1000034de,76937,True
func_D_0x1000034e0,77107,True
func_D_0x1000036b1,77263,False
func_D_0x1000038c8,77624,True
func_D_0x100003af8,77175,True
func_D_0x100003afa,77848,False
func_D_0x100003afc,78259,False
func_D_0x100003afe,78667,False
func_D_0x100003b6e,77442,True
func_D_0x100004452,77180,False
func_D_0x100004ed8,78284,True
func_D_0x100004ee0,77045,False
func_D_0x100005027,77311,True
func_D_0x1000054f4,76854,False
func_D_0x1000054fc,77469,True
func_D_0x100005572,77623,False
func_D_0x100005574,77422,False
func_D_0x1000056cd,77115,False
func_D_0x100005b43,76775,True
func_D_0x100005cdf,78134,False
func_D_0x1000062f7,77277,False
func_D_0x100006310,77418,False
func_D_0x100006312,77138,False
func_D_0x10000631b,78195,True
func_D_0x100006340,77620,True
func_D_0x10000683e,77806,True
func_D_0x1000069f9,76775,False
func_D_0x100006cca,76990,True
func_D_0x100006de8,77634,True
func_D_0x100006e7e,76919,True
func_D_0x100006e8e,77379,True
func_D_0x100007415,78427,True
func_D_0x100007419,78234,False
func_D_0x100007664,77402,True
func_D_0x1000076c8,78032,True
func_D_0x1000076ca,77315,True
func_D_0x100007838,77895,True
func_D_0x100007a8c,77713,False
func_D_0x100008709,77157,False
func_D_0x100008a48,78119,True
func_D_0x100008a50,77820,False
func_De_0x100003559,77946,False
func_De_0x10000355b,78410,True
func_De_0x100003d64,76940,True
func_De_0x100003d68,77877,False
func_De_0x100003dba,78716,True
func_De_0x100005392,78386,True
func_De_0x1000057ac,77471,False
func_De_0x1000057b6,77226,False
func_De_0x100005da7,78482,True
func_De_0x1000067ca,78674,True
func_De_0x100006aed,77702,True
func_De_0x100006ffa,77695,False
func_De_0x1000075c2,77913,False
func_De_0x1000075d2,77757,False
func_De_0x1000075f1,77142,False
func_De_0x10000832b,78360,True
func_De_0x10000854b,77793,False
func_De_0x10000854f,78379,False
func_De_0x100008795,77840,False
func_Di_0x10000887a,77103,True
func_Di_0x1000088eb,77712,False
func_Dn_0x100004b62,77066,True
func_Dn_0x10000904a,77910,False
func_Dn_0x10000904c,78663,True
func_Dn_0x10000904e,77959,True
func_Dr_0x100005b98,77104,False
func_Dr_0x1000087ed,78061,False
func_Dr_0x10000887c,77154,True
func_Dr_0x1000088ad,77812,True
func_Dr_0x1000088c9,76866,False
func_Dr_0x1000088e9,77264,False
func_Dr_0x10000890e,78543,False
func_Dr_0x100008918,78462,True
func_Dr_0x10000891d,77007,True
func_Dt_0x100003fc3,77478,True
func_Dt_0x100003fc5,78627,False
func_E_0x10000011c,78139,False
func_E_0x100000215,78716,False
func_E_0x100000277,78076,False
func_E_0x100000291,76930,True
func_E_0x1000002e1,77596,False
func_E_0x10000055f,77085,False
func_E_0x1000034d1,77471,True
func_E_0x1000034fe,76831,False
func_E_0x1000038d5,78537,False
func_E_0x1000038d8,78113,True
func_E_0x1000038dc,77842,False
func_E_0x1000038e0,77980,True
func_E_0x1000038e2,78387,False
func_E_0x1000038e8,76945,True
func_E_0x10000390f,78701,True
func_E_0x100003956,78142,False
func_E_0x100003acd,76976,False
func_E_0x100003ba8,78030,True
func_E_0x100003bc7,77280,True
func_E_0x100003bc9,77060,False
func_E_0x100004396,78083,False
func_E_0x1000048c7,78213,False
func_E_0x100004d2e,78160,False
func_E_0x100004d72,76759,True
func_E_0x100004f11,78524,False
func_E_0x100005094,76878,True
func_E_0x1000050b5,77344,False
func_E_0x1000050ba,78612,True
func_E_0x1000050ca,76829,False
func_E_0x1000051b7,76929,True
func_E_0x10000526a,78414,True
func_E_0x10000527f,78550,True
func_E_0x10000557a,77430,False
func_E_0x10000557d,77530,False
func_E_0x10000560f,77552,True
func_E_0x100005729,77038,True
func_E_0x100005768,77613,False
func_E_0x100005b35,77754,True
func_E_0x100005c7d,77083,False
func_E_0x100005c81,76933,False
func_E_0x100005eb7,76953,False
func_E_0x100005eba,78315,True
func_E_0x1000062b5,77403,False
func_E_0x1000063f4,77556,True
func_E_0x1000068dd,78192,True
func_E_0x100006921,77178,True
func_E_0x100006ba0,78677,True
func_E_0x100006c8b,76857,True
func_E_0x100006cc6,77065,True
func_E_0x100006cc8,78162,True
func_E_0x100006d26,77450,True
func_E_0x100006df8,77570,False
func_E_0x100006e71,77412,True
func_E_0x1000070a2,76982,True
func_E_0x1000070a6,78325,True
func_E_0x100007174,77802,True
func_E_0x100007176,78462,False
func_E_0x1000071b2,77661,False
func_E_0x100007343,78458,False
func_E_0x100007345,76844,True
func_E_0x100007348,78568,True
func_E_0x100007355,78469,False
func_E_0x100007808,77202,True
func_E_0x10000784b,78379,False
func_E_0x1000078fa,78545,False
func_E_0x100007bc5,76990,True
func_E_0x100007df4,78554,False
func_E_0x10000818e,78526,True
func_E_0x10000837c,77637,False
func_E_0x10000866d,77546,True
func_E_0x100008671,78444,False
func_E_0x1000089f0,76844,True
func_E_0x100008a22,78135,False
func_E_0x100008c39,78523,False
func_E_0x100008dfa,76902,True
func_Ee_0x100000205,76869,True
func_Ee_0x100000207,77029,True
func_Ee_0x100000209,77855,True
func_Ee_0x10000346f,77773,True
func_Ee_0x100003471,78121,True
func_Ee_0x100003475,77416,True
func_Ee_0x100003477,77843,True
func_Ee_0x10000347d,78084,False
func_Ee_0x100003490,77473,True
func_Ee_0x100003499,78045,False
func_Ee_0x100003560,77653,False
func_Ee_0x100003668,77875,True
func_Ee_0x100003c3c,77048,False
func_Ee_0x1000043bc,76979,False
func_Ee_0x1000052a5,78216,True
func_Ee_0x1000055b5,78608,False
func_Ee_0x1000055b9,78697,True
func_Ee_0x1000055bb,78455,True
func_Ee_0x1000055bd,78589,True
func_Ee_0x1000055bf,78465,True
func_Ee_0x1000055c3,77436,True
func_Ee_0x1000055c7,77104,True
func_Ee_0x1000055cf,77719,True
func_Ee_0x1000055d9,77174,False
func_Ee_0x1000055dd,77254,True
func_Ee_0x1000055e1,77873,False
func_Ee_0x1000055e7,76841,True
func_Ee_0x1000057e6,78057,True
func_Ee_0x100007054,76903,True
func_Ee_0x100007060,77569,True
func_Ee_0x1000073be,77689,True
func_Ee_0x100007ec2,78748,False
func_Ee_0x100008111,77615,True
func_Ee_0x100008127,77714,False
func_Ee_0x10000812b,78235,False
func_Ee_0x1000081db,78352,True
func_Ee_0x10000830d,77727,True
func_Ee_0x100008316,78531,False
func_Ee_0x100008331,77731,False
func_Ee_0x10000833d,77993,True
func_Ee_0x100008340,78594,False
func_Ee_0x100008342,78001,True
func_Ee_0x1000085cf,77549,False
func_Ee_0x1000086ca,77576,False
func_Ee_0x1000086d4,77879,False
func_Ee_0x100008c87,76971,True
func_Ei_0x1000045ba,77698,True
func_Ei_0x1000045dc,77877,False
func_Ei_0x10000462d,78753,True
func_Ei_0x10000475f,76815,False
func_Ei_0x100004765,78324,False
func_Ei_0x100004767,77948,False
func_Ei_0x1000047b5,78050,False
func_Ei_0x100004874,77054,True
func_En_0x100003702,76760,False
func_En_0x100003708,78479,False
func_En_0x10000371c,77363,True
func_En_0x100003720,77645,False
func_En_0x100003768,77229,False
func_En_0x10000377e,77054,True
func_Eo_0x10000905d,78537,False
func_Eo_0x100009061,78272,False
func_Eo_0x1000090b9,77850,False
func_Eo_0x1000090bb,77069,False
func_Eo_0x1000090c1,77586,False
func_Er_0x10000422a,76854,False
func_Er_0x10000422c,77425,False
func_Er_0x100004232,78498,False
func_Er_0x100004236,78250,True
func_Er_0x10000423c,77980,True
func_Er_0x10000423e,77917,False
func_Er_0x100004240,76812,False
func_Er_0x100004248,76816,True
func_Er_0x10000424a,77596,False
func_Er_0x100004250,77841,True
func_Er_0x100004252,76764,False
func_Er_0x100004256,78068,True
func_Er_0x10000425a,76813,False
func_Er_0x100004260,77515,True
func_Er_0x100004264,77192,True
func_Er_0x100004270,77545,False
func_Er_0x100004272,78172,False
func_Er_0x10000427c,77726,False
func_Er_0x100004280,77148,False
func_Er_0x100004282,77645,False
func_Er_0x100004284,77499,True
func_Er_0x100004288,76877,False
func_Er_0x10000428a,77869,False
func_Er_0x10000428e,77097,True
func_Er_0x100004290,77764,False
func_Er_0x100004292,77599,False
func_Er_0x100004294,78238,True
func_Er_0x100004296,76808,False
func_Er_0x10000429a,77244,False
func_Er_0x10000429c,78019,False
func_Er_0x1000042a0,78360,True
func_Er_0x1000042a4,76768,False
func_Er_0x1000042a6,77779,True
func_Er_0x1000042a8,78142,True
func_Er_0x1000042aa,76819,True
func_Er_0x1000042b8,77978,True
func_Er_0x1000042bc,78295,False
func_Er_0x1000042c0,78685,True
func_Er_0x1000042c4,76926,False
func_Er_0x1000042ca,78442,False
func_Er_0x1000042cc,76877,True
func_Er_0x1000042d0,77026,True
func_Er_0x1000042d8,77310,False
func_Er_0x1000042da,76805,False
func_Er_0x1000042dc,77656,True
func_Er_0x1000042de,78138,True
func_Er_0x1000042e2,77950,True
func_Er_0x1000042e6,76827,False
func_Er_0x1000042ea,78377,False
func_Er_0x1000042f0,77333,True
func_Er_0x1000042f2,78432,False
func_Er_0x1000042f6,77739,True
func_Er_0x1000042fc,78687,True
func_Er_0x100004300,78716,True
func_Er_0x100004302,76888,False
func_Er_0x100004304,78400,True
func_Er_0x100004308,78418,True
func_Er_0x10000430a,77522,False
func_Er_0x10000430c,76800,True
func_Er_0x100004312,78677,True
func_Er_0x100004318,78123,True
func_Er_0x10000431c,78416,False
func_Er_0x100004320,78567,True
func_Er_0x100004322,77867,False
func_Er_0x100004326,78735,False
func_Er_0x100004328,77084,False
func_Er_0x10000432a,77344,True
func_Er_0x10000432c,76946,False
func_Er_0x10000432e,78562,True
func_Er_0x100004330,78580,False
func_Er_0x100004332,77351,True
func_Er_0x10000433a,77885,False
func_Er_0x10000433e,77523,True
func_Er_0x100004340,76950,True
func_Er_0x100004346,78405,True
func_Er_0x100004348,78446,False
func_Er_0x10000434c,77886,False
func_Er_0x10000434e,76961,True
func_Er_0x100004350,77019,True
func_Er_0x100004358,76940,True
func_Er_0x100004361,77900,True
func_Er_0x100004366,78488,False
func_Er_0x10000436e,77670,True
func_Et_0x1000045e8,77835,True
func_Et_0x100004626,77879,False
func_Et_0x10000465f,77402,True
func_Et_0x10000467a,78274,True
func_Et_0x1000046fe,77703,False
func_Et_0x100004743,77526,True
func_Et_0x100004757,77829,False
func_Et_0x10000475e,78652,False
func_Et_0x100004788,77299,True
func_Et_0x1000047bb,78028,False
func_Eu_0x10000414d,76835,False
func_F_0x1000001e9,76822,False
func_F_0x10000021c,77076,True
func_F_0x1000034db,77066,True
func_F_0x100003a6c,77801,False
func_F_0x100003a6e,77317,True
func_F_0x100003b15,78357,True
func_F_0x100003b8e,77750,True
func_F_0x100003c7a,77817,False
func_F_0x100004927,77364,True
func_F_0x100004929,77547,True
func_F_0x10000492d,76868,True
func_F_0x10000492f,78010,True
func_F_0x100004944,78244,True
func_F_0x100004e9d,78342,False
func_F_0x100004e9f,77603,True
func_F_0x100004edc,77577,False
func_F_0x100004ede,77684,False
func_F_0x100004ee4,78288,True
func_F_0x10000500c,77373,True
func_F_0x100005010,78350,False
func_F_0x100005012,76966,True
func_F_0x100005014,78247,False
func_F_0x100005016,77896,False
func_F_0x100005018,77501,True
func_F_0x100005028,77426,False
func_F_0x10000552b,77568,True
func_F_0x1000056bb,78186,True
func_F_0x1000056bd,77362,False
func_F_0x1000056bf,77269,True
func_F_0x100005d36,77388,False
func_F_0x100005e4c,78145,True
func_F_0x100005e4e,78512,True
func_F_0x100005e50,76844,True
func_F_0x100005e5a,78608,False
func_F_0x100005e5c,77312,True
func_F_0x100005e60,77072,False
func_F_0x100005ec8,78526,True
func_F_0x10000630a,77131,False
func_F_0x100006350,76842,False
func_F_0x1000063e1,77934,True
func_F_0x1000064ba,77179,False
func_F_0x1000064c6,78351,True
func_F_0x100006513,78454,False
func_F_0x1000066d1,77664,False
func_F_0x100006913,77131,True
func_F_0x100006976,77255,True
func_F_0x100006bea,76994,False
func_F_0x100006d4a,77417,True
func_F_0x100006dcf,78508,True
func_F_0x100006e15,77657,False
func_F_0x100006e17,78126,False
func_F_0x100006e1d,78464,True
func_F_0x1000070c4,77971,False
func_F_0x1000070ca,77567,True
func_F_0x10000737a,77679,False
func_F_0x1000074df,78677,True
func_F_0x100007977,78240,False
func_F_0x100007e45,77744,True
func_F_0x100007e47,78019,True
func_F_0x100007e49,78322,True
func_F_0x100008277,77825,False
func_F_0x1000083ce,77633,False
func_F_0x100008556,77333,True
func_F_0x100008573,77264,True
func_F_0x100008701,77202,False
func_F_0x100008721,78659,False
func_F_0x100008d1d,77869,True
func_F_0x100008d23,77376,True
func_F_0x100008d27,77573,True
func_F_0x100008e2f,77669,True
func_Fe_0x100003552,76922,True
func_Fe_0x100003c1d,77822,False
func_Fe_0x100003c2b,77143,True
func_Fe_0x100003c59,77667,True
func_Fe_0x100003c5b,76777,False
func_Fe_0x1000052a8,78063,False
func_Fe_0x1000052b0,76932,False
func_Fe_0x1000052bc,77885,True
func_Fe_0x1000052ca,77742,False
func_Fe_0x1000052d0,77352,True
func_Fe_0x1000052d3,76821,True
func_Fe_0x1000052d9,77984,True
func_Fe_0x1000052dd,78674,True
func_Fe_0x10000537a,77581,True
func_Fe_0x10000545a,77318,False
func_Fe_0x100006ae3,77587,True
func_Fe_0x1000073cd,76918,True
func_Fe_0x1000073e2,78653,False
func_Fe_0x1000078ca,77930,False
func_Fe_0x1000078cc,77815,True
func_Fe_0x1000078ce,76974,True
func_Fe_0x1000078d2,78466,False
func_Fe_0x100007971,78624,False
func_Fe_0x100007bf1,78696,True
func_Fe_0x100007ec6,77941,False
func_Fe_0x100008101,77391,True
func_Fe_0x100008530,78511,False
func_Fe_0x100008532,78497,False
func_Fe_0x100008536,76797,False
func_Fe_0x100008659,78445,False
func_Fe_0x1000086d5,77608,True
func_Fe_0x100008c7d,76943,False
func_Fi_0x100009053,76828,False
func_Fn_0x100004b65,76985,False
func_Fn_0x100009048,77340,True
func_Fn_0x100009050,78366,True
func_Fn_0x1000090b8,77848,True
func_Ft_0x100004612,78250,False
func_Ft_0x10000463c,78635,False
func_Ft_0x100004640,78143,False
func_Ft_0x10000464f,77108,False
func_Ft_0x100004658,77577,False
func_Ft_0x10000465a,77443,False
func_Ft_0x100004730,77572,True
func_Ft_0x100004735,78075,True
func_Ft_0x1000047a4,77740,True
func_Ft_0x100004824,77200,True
func_Ft_0x100004838,77528,True
func_Ft_0x100004840,77630,False
func_Ft_0x100004868,78146,False
func_Ft_0x10000486e,78553,True
func_Ft_0x10000487a,76952,False
func_Ft_0x100004897,77187,False
func_G_0x1000038ad,78440,True
func_G_0x100003b1e,77605,True
func_G_0x100003be7,77709,True
func_G_0x100003be9,78548,True
func_G_0x100003beb,78573,False
func_G_0x100004487,78534,False
func_G_0x100004489,76876,False
func_G_0x100004941,76890,False
func_G_0x10000496b,78384,True
func_G_0x100004dee,78055,True
func_G_0x100004f02,78635,True
func_G_0x100004f06,78123,False
func_G_0x100004f0e,78217,True
func_G_0x10000501b,78689,False
func_G_0x10000552c,78715,False
func_G_0x10000552e,77622,True
func_G_0x100005530,78740,False
func_G_0x100005534,78058,True
func_G_0x100005536,77391,True
func_G_0x10000553a,78737,True
func_G_0x100005562,78453,False
func_G_0x100005c90,77406,True
func_G_0x100005da4,78562,False
func_G_0x100005ed0,78684,False
func_G_0x100005f0e,78536,False
func_G_0x100005f29,77723,True
func_G_0x1000063c1,77845,True
func_G_0x1000063c5,76803,True
func_G_0x100006928,77301,True
func_G_0x10000692a,78303,True
func_G_0x10000692d,78577,False
func_G_0x1000069fd,78172,False
func_G_0x100006cee,78227,True
func_G_0x100006cf4,76980,True
func_G_0x100006cf8,77329,False
func_G_0x100006cfa,77629,False
func_G_0x100007680,78273,True
func_G_0x100007955,78453,False
func_G_0x100007da2,77458,True
func_G_0x100007e1f,77815,True
func_G_0x100007e29,77483,False
func_G_0x100008278,78695,False
func_G_0x10000827a,78540,True
func_G_0x100008574,78003,True
func_G_0x10000857a,77816,False
func_G_0x100008726,78551,True
func_G_0x100008dcd,78145,False
func_G_0x100008dd1,78461,False
func_G_0x100008dd5,77402,True
func_G_0x100008e27,78232,False
func_G_0x100008e2a,76871,True
func_Ga_0x100003fc7,77719,False
func_Ga_0x10000413f,77610,True
func_Ge_0x10000588f,77258,True
func_Gn_0x100007c41,78507,False
func_Gs_0x100003fcd,77929,True
func_Gs_0x100003fcf,78450,True
func_Gs_0x100003fd1,77573,True
func_Gs_0x100003fd3,78195,True
func_Gt_0x10000908f,77858,True
func_Gt_0x1000090c8,77064,True
func_H_0x10000343f,77894,False
func_H_0x100003441,77911,False
func_H_0x100003445,77939,False
func_H_0x100003455,76794,True
func_H_0x100003626,78265,True
func_H_0x10000369b,77017,True
func_H_0x1000037d9,78339,True
func_H_0x100003b0a,77318,False
func_H_0x10000439e,78185,True
func_H_0x1000043b1,77860,True
func_H_0x1000043db,78276,True
func_H_0x100004ae9,78649,False
func_H_0x100004aef,77715,False
func_H_0x100004af3,78471,False
func_H_0x100004af7,77815,False
func_H_0x100004afb,78367,True
func_H_0x100004b03,78083,True
func_H_0x100004b07,78271,False
func_H_0x100004b0b,78010,False
func_H_0x100004b0f,78037,False
func_H_0x100004d5b,77660,True
func_H_0x100004d61,77288,False
func_H_0x100004def,77868,True
func_H_0x100005034,78066,False
func_H_0x100005302,77448,False
func_H_0x100005341,76951,True
func_H_0x100005345,77116,False
func_H_0x1000053db,77778,False
func_H_0x100005667,77265,True
func_H_0x100005675,76905,True
func_H_0x100005c1a,76865,True
func_H_0x100005c52,77277,False
func_H_0x100005c56,78149,False
func_H_0x100005c60,77341,True
func_H_0x100005c62,77370,True
func_H_0x100005c6b,78496,True
func_H_0x100005c6e,77799,True
func_H_0x100005d58,77576,False
func_H_0x10000654f,76924,False
func_H_0x100006bf3,77441,True
func_H_0x100006bf6,76902,True
func_H_0x100006c64,78123,False
func_H_0x100006c6a,77690,True
func_H_0x100006c73,77853,False
func_H_0x100006faa,77831,False
func_H_0x1000070d5,78242,True
func_H_0x1000070d9,78527,True
func_H_0x100007161,77309,False
func_H_0x10000743e,77826,False
func_H_0x100007440,77249,False
func_H_0x100007885,77554,True
func_H_0x1000078c1,77829,True
func_H_0x100007aaa,76823,True
func_H_0x100007ab7,76970,True
func_H_0x100007bdc,77737,True
func_H_0x100007bde,77430,True
func_H_0x100007be0,77715,False
func_H_0x1000082b9,76905,False
func_H_0x1000082bd,77022,True
func_H_0x1000082c1,78736,True
func_H_0x1000082c9,77877,True
func_H_0x1000082d8,76828,True
func_H_0x100008dde,77539,False
func_He_0x100005f46,77760,False
func_He_0x100005f4f,77215,True
func_He_0x100006012,77801,True
func_He_0x100006018,77062,True
func_He_0x100006020,78737,True
func_He_0x100006022,77629,False
func_He_0x100006040,77202,False
func_He_0x100006042,78469,True
func_He_0x100006044,77885,True
func_He_0x100006046,78442,True
func_He_0x100006048,77440,True
func_He_0x100006050,77556,True
func_He_0x100006052,77466,True
func_He_0x10000605e,78044,True
func_He_0x100006062,77121,True
func_He_0x100006064,77541,True
func_He_0x10000609a,76780,False
func_He_0x1000060a0,78157,False
func_He_0x1000060a3,78059,True
func_He_0x1000060a6,78621,True
func_He_0x1000060af,77814,False
func_He_0x1000060b2,77999,True
func_He_0x1000060b5,78054,False
func_He_0x1000060be,77862,False
func_He_0x1000060c1,77673,False
func_He_0x1000060c4,78755,False
func_He_0x1000060c7,77548,True
func_He_0x1000060cc,77346,True
func_He_0x1000060f4,77808,False
func_He_0x100006127,77656,True
func_He_0x100006131,78092,False
func_He_0x100006135,78613,False
func_He_0x10000613a,78048,False
func_He_0x10000613d,78195,False
func_He_0x10000613f,77527,True
func_He_0x100006150,78268,False
func_He_0x100006164,77537,False
func_He_0x10000618c,78670,False
func_He_0x100006198,78507,True
func_He_0x1000061ac,77937,True
func_He_0x1000061b3,77947,False
func_He_0x1000061b5,77652,False
func_He_0x1000061b7,78130,True
func_He_0x1000061cb,77745,False
func_He_0x1000061d4,77878,False
func_He_0x1000061dd,78367,True
func_He_0x1000061df,77374,False
func_He_0x1000061f7,77460,True
func_He_0x100006211,76885,False
func_He_0x10000621e,76982,True
func_He_0x100006226,76961,False
func_He_0x100006229,78277,True
func_He_0x100006233,78218,False
func_He_0x10000623a,78723,False
func_He_0x10000623e,77930,False
func_He_0x100006242,78344,True
func_He_0x100006249,77932,False
func_He_0x10000624b,77212,True
func_He_0x100006266,77915,False
func_He_0x10000626e,78046,False
func_He_0x10000627f,77965,True
func_He_0x100006285,76919,False
func_He_0x100006293,77990,True
func_He_0x100006297,77171,False
func_Hn_0x100005f41,77282,True
func_Hn_0x10000602e,78749,False
func_Hn_0x1000061c6,77594,True
func_Hn_0x1000061f9,77423,False
func_Hn_0x10000624d,77618,False
func_Ho_0x10000906a,77924,False
func_Ho_0x10000906c,77099,True
func_Hr_0x100007c37,77157,False
func_Hr_0x100007c3d,78179,False
func_Hr_0x100007c42,76962,True
func_Hr_0x100007c48,77677,False
func_Hr_0x100007c4c,77407,True
func_Hr_0x100007c54,77833,True
func_Hr_0x100007c56,78688,True
func_Hr_0x100007c5a,77082,True
func_Hr_0x100007c5e,78480,False
func_Hr_0x100007c60,78363,True
func_Hr_0x100007c6c,78102,True
func_Hr_0x100007c7c,78040,False
func_Hr_0x100007c86,78280,True
func_Hr_0x100007c88,77253,False
func_Hr_0x100007c8a,78735,False
func_Hr_0x100007c8c,77210,True
func_Hr_0x100007c8e,78206,True
func_Hr_0x100007c90,77630,False
func_Hr_0x100007ca0,78262,False
func_Hr_0x100007ca2,77020,False
func_Hr_0x100007ca4,77675,False
func_Hr_0x100007caa,78465,False
func_Hr_0x100007cb2,77322,False
func_Hr_0x100007cbc,77274,False
func_Hr_0x100007ccc,77604,True
func_Hr_0x100007cce,77741,True
func_Hr_0x100007cd8,77734,True
func_Hr_0x100007cda,77407,True
func_Hr_0x100007cdc,78514,True
func_Hr_0x100007cde,77183,True
func_Hr_0x100007ce6,78224,True
func_Hr_0x100007d08,77635,False
func_Hr_0x100007d0c,78434,True
func_Hr_0x100007d0e,77449,True
func_Hr_0x100007d66,77584,True
func_Hr_0x100007d6a,78336,False
func_Hr_0x100007d6e,77349,True
func_Hr_0x100007d70,77763,False
func_Hr_0x100007d7a,77755,False
func_Hr_0x100007d7c,78258,False
func_Hr_0x1000090dd,77880,True
func_Ht_0x100000598,77360,True
func_Ht_0x10000074c,77705,True
func_Ht_0x100000762,77308,True
func_Ht_0x100003cf8,78072,False
func_Ht_0x100003cfa,77686,True
func_Ht_0x100003cfc,77533,True
func_Ht_0x100003d02,77008,False
func_Ht_0x100003d04,77918,True
func_Ht_0x100003d06,78181,False
func_Ht_0x100003d08,77792,True
func_Ht_0x100003d0e,77415,True
func_Ht_0x100005bad,78002,True
func_Ht_0x100006617,77487,True
func_Ht_0x100006622,76836,False
func_Ht_0x100006626,76852,False
func_Ht_0x100006630,77130,False
func_Ht_0x100006643,77437,False
func_Ht_0x100006645,78207,True
func_Ht_0x100006647,77900,False
func_Ht_0x1000079eb,76905,True
func_Hu_0x100004c02,78338,True
func_I_0x100000129,76994,True
func_I_0x1000001c4,78400,True
func_I_0x100000307,77534,False
func_I_0x10000030f,77252,False
func_I_0x100003402,77527,False
func_I_0x100003406,77845,True
func_I_0x100003859,78201,True
func_I_0x1000038c2,78131,False
func_I_0x1000038d0,77639,False
func_I_0x100003957,77205,True
func_I_0x100003ab0,77575,True
func_I_0x100003b57,77475,True
func_I_0x100003b59,77234,False
func_I_0x100004f38,77537,False
func_I_0x100004f8a,77187,True
func_I_0x100004ff2,77790,True
func_I_0x10000500b,77179,False
func_I_0x10000502d,78303,True
func_I_0x1000051dd,78036,False
func_I_0x1000053c2,77653,True
func_I_0x10000550d,77311,False
func_I_0x100005521,78257,False
func_I_0x1000055f7,77624,False
func_I_0x1000055f9,78472,True
func_I_0x1000055fb,77259,True
func_I_0x1000055fd,78558,True
func_I_0x100005601,77353,False
func_I_0x100005605,77627,False
func_I_0x1000056d8,78742,False
func_I_0x100005716,78360,True
func_I_0x100005b21,77894,True
func_I_0x100005d7d,78630,False
func_I_0x1000062c5,77455,True
func_I_0x1000062e2,78294,False
func_I_0x1000062ec,78670,False
func_I_0x1000062f5,77600,True
func_I_0x100006389,77951,False
func_I_0x100006399,78285,False
func_I_0x1000066d4,78306,False
func_I_0x100006833,77515,True
func_I_0x10000692c,78522,False
func_I_0x100006973,78452,True
func_I_0x100006be7,78605,False
func_I_0x100006de6,78418,False
func_I_0x100006dfd,78561,False
func_I_0x100006dff,78453,False
func_I_0x100006e8b,78332,True
func_I_0x100006ea2,78489,False
func_I_0x100006ea4,77618,True
func_I_0x100006ea8,77746,False
func_I_0x100007379,77052,True
func_I_0x100007632,77606,False
func_I_0x10000764b,78577,False
func_I_0x100007660,77465,True
func_I_0x100007662,78126,False
func_I_0x100007836,77116,False
func_I_0x100008294,78194,False
func_I_0x1000082a5,77376,True
func_I_0x100008567,77257,False
func_I_0x10000858f,76844,True
func_I_0x100008729,77949,False
func_I_0x100008752,76851,True
func_I_0x100008e5d,78177,True
func_Ie_0x100003c67,78451,False
func_Ie_0x100003df7,78695,True
func_Ie_0x100003e0a,78438,False
func_Ie_0x100004e37,77742,False
func_Ie_0x1000053e7,76768,False
func_Ie_0x1000070de,77442,False
func_Ie_0x1000075d9,78177,False
func_Ii_0x100007d49,76876,False
func_Ii_0x100007d4f,76813,True
func_Ii_0x100007d51,78424,False
func_Ii_0x100007d53,77812,False
func_In_0x10000862a,78582,True
func_In_0x100008632,78412,True
func_In_0x10000863f,77126,False
func_In_0x100008641,77978,False
func_In_0x1000088b5,77078,True
func_In_0x1000088c0,77682,True
func_In_0x1000088c6,78535,True
func_Ir_0x100004b98,78045,False
func_Ir_0x100004b9c,77790,False
func_Ir_0x100004cd8,77106,False
func_Ir_0x100009030,76790,False
func_Ir_0x100009032,77764,False
func_Ir_0x100009045,78479,False
func_It_0x1000039c4,78660,False
func_It_0x100003d00,77234,False
func_It_0x100003d10,77405,False
func_It_0x1000050ec,77280,True
func_It_0x100005b7b,77885,True
func_It_0x100005b7d,78364,False
func_It_0x100005b81,78705,True
func_It_0x100006624,77653,False
func_It_0x100006628,77887,True
func_It_0x10000662a,77641,True
func_It_0x10000662c,77014,True
func_It_0x10000662e,77062,True
func_It_0x100006632,78664,False
func_It_0x10000664a,78635,False
func_It_0x10000860a,78723,False
func_It_0x100008e9b,77915,True
func_It_0x100008f71,77419,True
func_J_0x100000136,78031,True
func_J_0x100000309,77453,False
func_J_0x10000030b,77305,False
func_J_0x10000030d,78159,True
func_J_0x100000582,78435,False
func_J_0x100003404,77901,True
func_J_0x100003439,77765,True
func_J_0x1000034e2,78722,False
func_J_0x1000035c3,77651,False
func_J_0x100003910,77674,True
func_J_0x10000397b,76854,True
func_J_0x100003aa5,77228,True
func_J_0x100003aa8,77288,False
func_J_0x100003b53,78201,True
func_J_0x100003b55,78699,True
func_J_0x100003b9f,78688,False
func_J_0x100003c99,77808,False
func_J_0x100003cb1,77665,True
func_J_0x1000048fc,77784,True
func_J_0x100004dec,77552,True
func_J_0x100004e20,78294,True
func_J_0x100004ee2,77266,True
func_J_0x100004f54,78517,False
func_J_0x1000051e3,77890,True
func_J_0x1000052ee,77547,False
func_J_0x1000054f2,77495,False
func_J_0x100005576,77467,False
func_J_0x1000056fc,78024,True
func_J_0x100005e84,77611,False
func_J_0x100005ece,76819,True
func_J_0x100005ee6,78519,True
func_J_0x100005ee8,77653,True
func_J_0x100005eea,77216,True
func_J_0x100005eec,77976,True
func_J_0x100005eef,76973,True
func_J_0x100005ef1,78089,False
func_J_0x100005f11,77320,False
func_J_0x1000062dc,78273,True
func_J_0x1000062e0,77645,False
func_J_0x10000632b,78034,True
func_J_0x1000064f2,76829,False
func_J_0x100006842,78200,False
func_J_0x100006902,78287,True
func_J_0x1000069ce,78603,False
func_J_0x1000069d0,77435,False
func_J_0x1000069d2,76978,True
func_J_0x1000069f7,78551,False
func_J_0x100006d6e,77792,True
func_J_0x100006dc8,77015,False
func_J_0x10000742b,78183,False
func_J_0x1000074a6,76929,False
func_J_0x10000783d,77198,True
func_J_0x100007d9d,77582,True
func_J_0x100007e3e,77755,True
func_J_0x100008290,77095,True
func_J_0x1000082a3,76810,True
func_J_0x100008358,76908,True
func_J_0x100008369,77199,False
func_J_0x10000836b,78285,True
func_J_0x10000836d,77939,False
func_J_0x10000836f,77090,True
func_J_0x100008508,78111,False
func_J_0x10000872b,76953,False
func_J_0x100008978,76949,False
func_J_0x100008dcc,76922,False
func_J_0x10000911f,78390,True
func_Ja_0x100004125,77570,True
func_Je_0x1000039ba,77692,True
func_Je_0x1000039ea,78295,True
func_Je_0x100003cde,77961,False
func_Je_0x100003d16,76790,True
func_Je_0x100003d18,78057,False
func_Je_0x100003d26,78495,False
func_Je_0x100003d28,78291,False
func_Je_0x100003d2c,76794,False
func_Je_0x100003d30,78230,False
func_Je_0x100003d32,78262,True
func_Je_0x100003d34,76985,True
func_Je_0x100003d3a,77276,False
func_Je_0x100003d3c,78633,False
func_Je_0x100003d42,77215,True
func_Je_0x100003d44,78447,True
func_Je_0x100003d46,78724,True
func_Je_0x100005deb,77978,False
func_Je_0x100005ded,77978,True
func_Je_0x100005def,77193,True
func_Je_0x100005df3,78186,True
func_Je_0x100005df9,76792,False
func_Je_0x100005dfb,78261,False
func_Je_0x100005dfd,77662,True
func_Je_0x100005dff,78226,False
func_Je_0x100005e13,77275,True
func_Je_0x100005e17,77182,True
func_Je_0x100005e1d,78732,True
func_Je_0x100005e21,78003,False
func_Je_0x100005e29,77751,False
func_Je_0x100005e3a,77454,True
func_Je_0x100006460,76929,True
func_Je_0x100006464,78758,False
func_Je_0x10000647e,77101,True
func_Je_0x100006640,78714,False
func_Je_0x10000668d,77290,True
func_Je_0x10000668f,78274,True
func_Je_0x100006691,77666,True
func_Je_0x10000669a,76841,False
func_Je_0x1000079be,78290,True
func_Je_0x1000079e1,78240,True
func_Je_0x100007a65,77944,False
func_Je_0x100007a69,78593,False
func_Je_0x100008b96,78323,False
func_Je_0x100008cc5,78605,False
func_Je_0x100008d79,78448,True
func_Je_0x100008e94,77544,True
func_Je_0x100008eab,78201,False
func_Je_0x100008eb1,76960,True
func_Je_0x100008edd,78342,False
func_Je_0x100008ee7,77033,False
func_Je_0x100008ee9,76970,True
func_Je_0x100008eeb,77512,True
func_Je_0x100008ef1,78381,True
func_Je_0x100008ef5,78368,True
func_Je_0x100008ef7,77533,False
func_Je_0x100008eff,78702,False
func_Jn_0x1000090af,77035,True
func_Jn_0x1000090f1,78431,True
func_Jo_0x100007d17,77785,True
func_Jo_0x100007d86,77896,True
func_Jo_0x1000090e0,78534,False
func_Js_0x10000906f,77649,True
func_Jt_0x1000039cc,77015,True
func_Jt_0x1000039e6,76974,False
func_Jt_0x100003e0f,77836,True
func_Jt_0x100005461,78005,False
func_Jt_0x100005463,76775,True
func_Jt_0x100007612,77248,True
func_Jt_0x100007795,77304,False
func_Jt_0x100008b8e,78685,True
func_Jt_0x100008b92,77857,True
func_Jt_0x100008ba5,77515,True
func_Jt_0x100008bd1,77921,False
func_Jt_0x100008bd7,78386,False
func_Jt_0x100008bdb,78626,True
func_Jt_0x100008bdf,78335,True
func_Jt_0x100008be1,78501,False
func_Jt_0x100008be7,78163,True
func_Jt_0x100008be9,76922,True
func_Jt_0x100008bed,77847,True
func_Jt_0x100008f27,78531,True
func_K_0x10000368f,77184,True
func_K_0x100003694,77956,False
func_K_0x100003698,76909,True
func_K_0x10000389f,77933,True
func_K_0x100003be5,76838,True
func_K_0x100003bed,77489,True
func_K_0x100003c16,77468,False
func_K_0x100003d50,78647,False
func_K_0x1000048fd,77814,False
func_K_0x100004d64,78187,True
func_K_0x100004f0c,77354,False
func_K_0x100004fc2,78662,False
func_K_0x100004fc4,77913,False
func_K_0x100004fc6,77281,False
func_K_0x100004fc8,77606,True
func_K_0x100004fca,78460,True
func_K_0x10000501d,77707,False
func_K_0x10000503a,77124,True
func_K_0x10000507b,76926,False
func_K_0x100005d7e,76960,True
func_K_0x100005d8f,78399,False
func_K_0x100005d98,78448,True
func_K_0x100005f2d,78561,False
func_K_0x1000063a4,78751,False
func_K_0x1000063a6,77982,True
func_K_0x1000063b3,77957,False
func_K_0x100006937,78181,False
func_K_0x10000696e,77393,True
func_K_0x100006c36,77232,True
func_K_0x100007588,77816,True
func_K_0x100007978,77319,True
func_K_0x100007bcf,78053,False
func_K_0x100007bd1,77255,True
func_K_0x100007bd3,77596,False
func_K_0x100007d9e,76975,True
func_K_0x100007dc2,78147,True
func_K_0x100007dfc,78257,True
func_K_0x100007e21,77611,True
func_K_0x100007e25,76880,True
func_K_0x100007e27,78491,False
func_K_0x10000827c,77320,True
func_K_0x1000084cc,77257,True
func_K_0x100008dcf,76902,False
func_Ke_0x1000034c1,78560,False
func_Ke_0x10000354a,78675,True
func_Ke_0x10000354c,77738,True
func_Ke_0x100003c4f,77248,True
func_Ke_0x100003c51,78478,False
func_Ke_0x100003c53,78034,True
func_Ke_0x100003c55,78005,True
func_Ke_0x1000052a6,77701,False
func_Ke_0x1000052ba,77243,False
func_Ke_0x1000052c8,78146,False
func_Ke_0x1000052cc,78680,True
func_Ke_0x1000052d7,77366,True
func_Ke_0x1000052db,78710,False
func_Ke_0x1000055d5,77920,False
func_Ke_0x1000055db,77674,True
func_Ke_0x100005d29,78134,True
func_Ke_0x100005d68,78015,False
func_Ke_0x100007075,77885,False
func_Ke_0x1000073c9,77930,True
func_Ke_0x1000073d7,78072,False
func_Ke_0x1000073de,76778,True
func_Ke_0x1000078c5,78627,True
func_Ke_0x1000078c8,78405,False
func_Ke_0x1000078d0,78695,False
func_Ke_0x1000078d4,77538,True
func_Ke_0x100007962,77696,False
func_Ke_0x10000831a,78390,False
func_Ke_0x100008ccc,78109,True
func_Ke_0x100008cd3,78150,False
func_Ke_0x100008cd7,78107,False
func_Ki_0x100007cf9,78412,False
func_Kr_0x100004b5f,77219,False
func_Kr_0x100004b8d,78634,False
func_Kr_0x100004b8f,76762,False
func_Kr_0x100004b9f,78499,False
func_Kr_0x100004ba1,77473,True
func_Kr_0x100004ba9,77376,True
func_Kr_0x100004bab,77274,True
func_Kr_0x100004c8c,77781,True
func_Kr_0x100004c95,78150,False
func_Kr_0x100004cb1,78409,False
func_Kr_0x100004cb3,78042,False
func_Kr_0x100004cb5,78455,False
func_Kr_0x100004cbd,77444,False
func_Kr_0x10000676a,78548,False
func_Kr_0x10000909f,78357,False
func_Kt_0x100003dee,77191,True
func_Kt_0x100003e1e,78153,True
func_Kt_0x10000658b,77180,False
func_Kt_0x100006594,78339,False
func_Kt_0x1000065a0,78259,False
func_Kt_0x1000065a6,77208,True
func_Kt_0x100008540,77147,False
func_Kt_0x1000086db,77378,True
func_Kt_0x1000086e8,76942,True
func_Kt_0x100008786,77639,False
func_Kt_0x100008799,77888,True
func_Kt_0x100008ce1,77244,False
func_L_0x100000106,78001,False
func_L_0x100000108,78456,False
func_L_0x10000010a,77104,True
func_L_0x10000010e,77576,False
func_L_0x1000001bb,76988,True
func_L_0x1000001df,77136,True
func_L_0x1000001eb,78043,True
func_L_0x1000001ed,78144,False
func_L_0x1000002ae,78257,True
func_L_0x1000034f3,78212,False
func_L_0x1000038be,78459,False
func_L_0x100003adb,77331,True
func_L_0x100003b17,77051,False
func_L_0x100003b26,78279,True
func_L_0x100004474,76952,False
func_L_0x100004486,77536,False
func_L_0x1000044ab,78021,True
func_L_0x10000492b,77668,False
func_L_0x100004940,78315,False
func_L_0x10000496f,78274,True
func_L_0x100004d4e,77970,False
func_L_0x100004d50,78659,False
func_L_0x100004d52,78082,True
func_L_0x100004e97,77277,True
func_L_0x100004e9b,78703,False
func_L_0x100004f65,76796,False
func_L_0x10000501a,77222,False
func_L_0x1000056ed,76791,False
func_L_0x100005e5e,77138,True
func_L_0x10000634b,78149,False
func_L_0x1000064bc,78545,False
func_L_0x1000064be,78173,False
func_L_0x1000064c0,77636,True
func_L_0x1000064c2,77765,True
func_L_0x1000064c4,77860,True
func_L_0x1000064d4,77522,False
func_L_0x1000064d8,78618,True
func_L_0x1000064e8,77833,False
func_L_0x10000650a,78697,False
func_L_0x1000066c5,78081,True
func_L_0x1000066c7,77496,True
func_L_0x1000066cf,77503,True
func_L_0x1000068fe,78337,True
func_L_0x100006915,77977,False
func_L_0x100006d46,78417,False
func_L_0x1000070b8,77854,False
func_L_0x1000070ba,76785,False
func_L_0x10000741e,76798,False
func_L_0x100007d97,77510,True
func_L_0x100008359,77418,False
func_L_0x10000835b,76933,True
func_L_0x1000083dd,78502,False
func_L_0x100008509,76859,True
func_L_0x100008576,77988,False
func_L_0x100008580,78217,False
func_L_0x100008e56,77476,True
func_Le_0x1000045cb,77138,False
func_Le_0x1000045df,77085,True
func_Le_0x1000045e3,76767,True
func_Le_0x1000045ea,78395,True
func_Le_0x1000045f2,77889,False
func_Le_0x1000045f4,78748,True
func_Le_0x100004614,77679,False
func_Le_0x100004618,77500,False
func_Le_0x10000461c,78074,False
func_Le_0x100004624,77324,False
func_Le_0x100004635,77445,True
func_Le_0x100004638,78034,False
func_Le_0x100004648,78346,True
func_Le_0x10000464c,77298,False
func_Le_0x100004651,78485,True
func_Le_0x100004656,77386,True
func_Le_0x10000466e,78337,False
func_Le_0x100004678,78331,True
func_Le_0x100004680,78018,False
func_Le_0x100004690,77654,True
func_Le_0x100004692,78736,True
func_Le_0x100004698,77051,True
func_Le_0x10000469b,76796,True
func_Le_0x10000469e,78213,False
func_Le_0x1000046a1,78579,False
func_Le_0x1000046a4,78533,False
func_Le_0x1000046a7,77659,True
func_Le_0x1000046ad,77486,False
func_Le_0x1000046b0,77680,False
func_Le_0x1000046b6,77110,False
func_Le_0x1000046bf,77358,True
func_Le_0x1000046c8,77925,True
func_Le_0x1000046ca,77272,True
func_Le_0x1000046da,77392,True
func_Le_0x1000046dc,77852,True
func_Le_0x1000046de,77539,True
func_Le_0x1000046e4,78201,False
func_Le_0x1000046e6,78754,False
func_Le_0x1000046ea,77922,True
func_Le_0x1000046f2,76777,True
func_Le_0x100004708,77839,False
func_Le_0x10000470c,77510,False
func_Le_0x10000470e,77037,False
func_Le_0x100004719,77139,False
func_Le_0x10000471f,78329,True
func_Le_0x100004725,78575,True
func_Le_0x100004748,77441,True
func_Le_0x10000476e,78234,False
func_Le_0x100004770,78504,False
func_Le_0x100004772,78263,False
func_Le_0x100004786,78667,False
func_Le_0x1000047ab,76812,False
func_Le_0x1000047ad,78393,True
func_Le_0x1000047af,78506,True
func_Le_0x1000047c5,77057,False
func_Le_0x1000047ca,78185,True
func_Le_0x1000047e2,77239,False
func_Le_0x1000047ee,76768,False
func_Le_0x1000047f1,77537,False
func_Le_0x10000480d,78144,False
func_Le_0x100004815,78415,False
func_Le_0x100004822,77940,False
func_Le_0x10000482b,78588,True
func_Le_0x10000482d,77112,False
func_Le_0x10000482f,77648,True
func_Le_0x100004831,78330,False
func_Le_0x10000483a,77694,True
func_Le_0x100004860,78612,False
func_Le_0x100004866,77335,True
func_Le_0x10000489a,76953,True
func_Li_0x100005860,77174,False
func_Li_0x100005862,78502,False
func_Ln_0x1000049bd,77077,True
func_Ln_0x10000861a,77591,True
func_Ln_0x10000861e,78464,False
func_Ln_0x100008626,77236,True
func_Ln_0x100008628,77330,True
func_Ln_0x10000862e,77883,True
func_Ln_0x100008636,77920,False
func_Ln_0x100008638,77461,True
func_Ln_0x1000088b9,78205,False
func_Ln_0x1000088c2,78562,True
func_Ln_0x1000088c4,78623,True
func_Ln_0x1000088de,77910,True
func_Ln_0x1000088e0,78286,True
func_Lt_0x100003fe9,78511,False
func_Lt_0x100004005,78157,False
func_Lt_0x10000400f,77566,False
func_Lt_0x10000402b,78455,False
func_Lt_0x100004031,77761,False
func_Lt_0x100004033,77841,True
func_Lt_0x10000403d,77007,True
func_Lt_0x10000403f,77431,False
func_Lt_0x100004043,77683,False
func_Lt_0x10000404b,78304,False
func_Lt_0x10000404f,77813,False
func_Lt_0x100004051,77837,False
func_Lt_0x100004055,78016,False
func_Lt_0x100004057,78131,False
func_Lt_0x100004059,77439,False
func_Lt_0x10000405b,77537,True
func_Lt_0x10000405f,78749,False
func_Lt_0x100004061,76791,False
func_Lt_0x100004069,77139,False
func_Lt_0x100004073,77332,True
func_Lt_0x100004075,77460,False
func_Lt_0x100004077,77698,False
func_Lt_0x10000407b,76818,False
func_Lt_0x10000407d,78413,False
func_Lt_0x10000407f,77346,True
func_Lt_0x100004081,77714,False
func_Lt_0x100004085,76804,True
func_Lt_0x10000408b,77671,False
func_Lt_0x10000408d,78387,True
func_Lt_0x100004091,77980,False
func_Lt_0x100004095,76777,False
func_Lt_0x100004097,78285,False
func_Lt_0x100004099,77545,True
func_Lt_0x10000409d,77784,False
func_Lt_0x1000040a3,77075,False
func_Lt_0x1000040a5,76850,False
func_Lt_0x1000040a7,77815,False
func_Lt_0x1000040a9,78437,False
func_Lt_0x1000040ab,78415,False
func_Lt_0x1000040b9,78314,False
func_Lt_0x1000040bb,77735,False
func_Lt_0x1000040bf,77535,False
func_Lt_0x1000040c3,77388,False
func_Lt_0x1000040c7,78312,True
func_Lt_0x1000040c9,78561,False
func_Lt_0x1000040cd,77504,True
func_Lt_0x1000040cf,78199,True
func_Lt_0x1000040d1,76769,True
func_Lt_0x1000040d3,77333,True
func_Lt_0x1000040e3,76983,False
func_Lt_0x1000040e5,77626,True
func_Lt_0x1000040e7,77954,False
func_Lt_0x1000040e9,76885,True
func_Lt_0x1000040ed,77016,False
func_Lt_0x1000040f1,78246,True
func_Lt_0x1000040f3,78105,False
func_Lt_0x1000040f5,78409,True
func_Lt_0x1000040f7,77219,True
func_Lt_0x1000040fb,77479,False
func_Lt_0x1000040ff,78723,True
func_Lt_0x100004105,77635,True
func_Lt_0x100004109,78065,False
func_Lt_0x10000410b,78329,True
func_Lt_0x10000411f,78252,False
func_Lt_0x100004121,77704,True
func_Lt_0x100004123,78487,False
func_Lt_0x100004129,77343,True
func_Lt_0x10000412b,77669,False
func_Lt_0x10000412d,77003,False
func_Lt_0x100004137,77775,True
func_Lt_0x100004139,77028,True
func_Lt_0x10000413d,77264,False
func_Lt_0x10000414f,77567,True
func_Lt_0x10000415d,77643,True
func_Lt_0x10000415f,77346,True
func_Lt_0x100004165,78452,False
func_Lt_0x100004169,77299,True
func_Lt_0x10000416d,77384,True
func_Lt_0x100004171,76891,True
func_Lt_0x100004175,78341,True
func_Lt_0x10000417b,76908,True
func_Lt_0x100004181,77853,True
func_Lt_0x100004183,77898,False
func_Lt_0x100004185,77834,True
func_Lt_0x100004187,78484,True
func_Lt_0x10000418b,77778,False
func_Lt_0x100004191,77177,False
func_Lt_0x100004193,77314,False
func_Lt_0x100004195,78357,True
func_Lt_0x100004197,78631,False
func_Lt_0x100004199,76826,True
func_Lt_0x10000419d,77967,True
func_Lt_0x10000419f,76843,True
func_Lt_0x1000041a3,77390,True
func_Lt_0x1000041a5,77275,False
func_Lt_0x1000041a7,78667,True
func_Lt_0x1000041a9,78496,True
func_Lt_0x1000041ab,77380,False
func_Lt_0x1000041ad,77564,True
func_Lt_0x1000041af,78170,False
func_Lt_0x1000041b5,77456,True
func_Lt_0x1000041bb,78275,True
func_Lt_0x1000041bf,76809,True
func_Lt_0x1000041c1,76820,True
func_Lt_0x1000041c3,77212,False
func_Lt_0x1000041c5,78687,False
func_Lt_0x1000041c9,78554,True
func_Lt_0x1000041cb,78002,True
func_Lt_0x1000041cd,77943,False
func_Lt_0x1000041cf,78133,True
func_Lt_0x1000041d1,77426,True
func_Lt_0x1000041d5,78382,True
func_Lt_0x1000041d7,78239,False
func_Lt_0x1000041db,78501,True
func_Lt_0x1000041e1,77384,False
func_Lt_0x1000041eb,78427,True
func_Lt_0x1000041ef,77389,True
func_Lt_0x1000041f7,78088,False
func_Lt_0x1000041f9,77808,False
func_Lt_0x1000041fb,78516,False
func_Lt_0x1000041fd,78473,True
func_Lt_0x1000041ff,78513,True
func_Lt_0x100004202,78100,True
func_Lt_0x100004207,78733,True
func_Lt_0x100004209,77672,True
func_Lt_0x10000420e,77270,True
func_Lt_0x100004211,78215,False
func_Lt_0x10000421a,78408,False
func_Lt_0x100004379,77010,True
func_Lt_0x10000437d,77784,False
func_Lt_0x100004381,78476,False
func_Lt_0x100004389,78345,True
func_M_0x10000021d,78183,False
func_M_0x1000002b4,77694,True
func_M_0x100003890,76998,False
func_M_0x100003898,77226,False
func_M_0x100003b18,77636,False
func_M_0x100003b5b,78163,False
func_M_0x100003c8d,77046,True
func_M_0x100003c9b,78595,False
func_M_0x100004476,77285,True
func_M_0x100004496,77011,True
func_M_0x100004498,77376,False
func_M_0x100004948,77656,False
func_M_0x100004d67,77084,False
func_M_0x100004df5,78739,False
func_M_0x100004df9,78523,False
func_M_0x100004dff,78412,False
func_M_0x100004f07,78329,False
func_M_0x100004f09,78197,False
func_M_0x100004f91,77104,False
func_M_0x100005033,77665,False
func_M_0x100005061,78295,False
func_M_0x100005067,78566,False
func_M_0x10000533a,76834,True
func_M_0x1000053d2,78035,False
func_M_0x1000053d4,77184,True
func_M_0x1000054db,76956,False
func_M_0x100005552,76936,False
func_M_0x100005753,76999,False
func_M_0x100005c86,78149,True
func_M_0x100005c88,78252,False
func_M_0x100005c8a,77871,True
func_M_0x100005cc6,78541,False
func_M_0x100005d8d,78044,False
func_M_0x1000063a9,77514,True
func_M_0x1000063b4,77193,False
func_M_0x1000063b6,76799,False
func_M_0x1000063bc,77396,True
func_M_0x100006567,77825,True
func_M_0x100006708,78692,False
func_M_0x10000670b,78683,True
func_M_0x10000670d,77431,True
func_M_0x1000069fe,77606,True
func_M_0x100006d9a,76920,False
func_M_0x100006da0,77851,True
func_M_0x100006da5,77598,False
func_M_0x100006dc1,77288,True
func_M_0x100007a8f,77430,True
func_M_0x100007a91,78091,False
func_M_0x100007abd,77931,False
func_M_0x100007df6,77012,True
func_M_0x1000082b6,77807,False
func_M_0x1000083d2,78184,False
func_M_0x1000084c6,77862,True
func_M_0x100008502,78276,False
func_M_0x100008524,78195,False
func_M_0x100008e1f,78473,False
func_M_0x100008e2d,78127,True
func_Me_0x1000045ed,78417,False
func_Me_0x1000045fa,78517,False
func_Me_0x10000460c,78610,True
func_Me_0x100004616,78557,False
func_Me_0x10000461a,78198,False
func_Me_0x100004622,78600,False
func_Me_0x100004654,76861,False
func_Me_0x100004664,78095,True
func_Me_0x100004666,77686,True
func_Me_0x100004668,78488,False
func_Me_0x10000466a,76867,False
func_Me_0x10000466c,77234,False
func_Me_0x100004670,77243,False
func_Me_0x100004672,77416,False
func_Me_0x100004674,76928,False
func_Me_0x100004676,77400,False
func_Me_0x10000467c,78646,False
func_Me_0x10000467e,77607,True
func_Me_0x100004682,77272,True
func_Me_0x10000468c,78336,False
func_Me_0x10000468e,77824,True
func_Me_0x1000046c2,77375,False
func_Me_0x1000046c4,78000,False
func_Me_0x1000046c6,78019,False
func_Me_0x1000046ce,77922,True
func_Me_0x1000046d0,77134,True
func_Me_0x1000046d2,78356,True
func_Me_0x1000046d6,78326,True
func_Me_0x1000046d8,78645,False
func_Me_0x1000046e0,78219,False
func_Me_0x1000046fa,78638,True
func_Me_0x100004700,77597,True
func_Me_0x100004702,78491,True
func_Me_0x100004704,77182,False
func_Me_0x100004706,77360,True
func_Me_0x100004721,77081,True
func_Me_0x10000473b,77959,True
func_Me_0x10000474c,76908,False
func_Me_0x10000474e,77754,False
func_Me_0x100004750,77460,False
func_Me_0x100004755,77509,False
func_Me_0x100004775,77925,False
func_Me_0x100004778,77769,False
func_Me_0x10000477a,77003,False
func_Me_0x100004781,76800,False
func_Me_0x1000047a9,78320,False
func_Me_0x1000047b4,78092,True
func_Me_0x1000047c3,78736,True
func_Me_0x1000047e8,76849,False
func_Me_0x100004811,77090,True
func_Me_0x100004813,77759,False
func_Me_0x100004817,77959,False
func_Me_0x100004829,77667,True
func_Me_0x100004833,77057,False
func_Me_0x100004835,77699,False
func_Me_0x100004842,77616,False
func_Me_0x100004890,77626,True
func_Mi_0x100009052,76964,False
func_Mi_0x10000905a,77058,False
func_Mi_0x10000907e,78279,False
func_Mi_0x100009082,78256,False
func_Mo_0x100007ce8,77743,True
func_Mo_0x100007cf7,77193,True
func_Mo_0x100007cfd,77994,True
func_Mo_0x100007d05,78107,False
func_Mr_0x10000074f,77537,False
func_Mr_0x100000755,77955,True
func_Mr_0x100000763,77168,False
func_Mr_0x100000765,78357,True
func_Mr_0x10000076b,77443,False
func_Mr_0x10000076d,76894,False
func_Mr_0x10000076f,76869,False
func_Mr_0x10000077a,76843,True
func_Mr_0x100007114,78441,False
func_Mr_0x100007116,78637,True
func_Mr_0x10000711c,77583,False
func_Mr_0x10000711e,77840,True
func_Mr_0x100007122,76801,False
func_Mr_0x10000712a,77465,False
func_Mr_0x10000712e,77457,True
func_Mr_0x100007130,77371,False
func_Mr_0x100007132,76924,True
func_Mr_0x100007134,78470,False
func_Mr_0x10000713e,78484,True
func_Mr_0x100007142,78549,False
func_Mr_0x100007146,77414,True
func_Mr_0x10000860b,78594,False
func_Mr_0x10000860d,77549,False
func_Mr_0x10000860f,76848,False
func_Mr_0x100008615,78118,True
func_Mt_0x100000401,77758,True
func_N_0x100000221,77625,False
func_N_0x1000002b6,77310,True
func_N_0x1000002b8,78596,True
func_N_0x100003895,77012,True
func_N_0x100003b08,77523,False
func_N_0x100003ca2,77486,True
func_N_0x1000048fe,77613,False
func_N_0x100004df3,78617,False
func_N_0x100004df7,77673,False
func_N_0x100004e02,77394,True
func_N_0x100004f71,77895,False
func_N_0x10000533c,77843,True
func_N_0x100005344,77325,True
func_N_0x10000534f,77701,False
func_N_0x100005434,78247,False
func_N_0x1000054d8,77233,False
func_N_0x100005665,78676,False
func_N_0x100005669,77116,False
func_N_0x100005671,76952,True
func_N_0x100005673,77104,False
func_N_0x100005751,77050,True
func_N_0x100005c84,77225,True
func_N_0x100005cbe,78634,False
func_N_0x100005cc0,77300,True
func_N_0x100005d92,77705,True
func_N_0x100005d9a,77388,True
func_N_0x100005da0,77225,True
func_N_0x1000066f7,77353,True
func_N_0x1000066fd,78456,False
func_N_0x100006a02,78173,False
func_N_0x100006a04,78390,True
func_N_0x100006beb,78004,True
func_N_0x100006d9e,78457,False
func_N_0x100006da3,77809,False
func_N_0x100006dbd,77356,True
func_N_0x100007446,76941,True
func_N_0x100007979,76844,False
func_N_0x100007aad,77712,True
func_N_0x10000827e,77035,True
func_N_0x1000084f3,77322,False
func_N_0x100008dd9,77162,False
func_Ne_0x100003e00,78111,False
func_Ne_0x100004e2f,78082,False
func_Ne_0x100004e4e,78675,True
func_Ne_0x100005375,77692,True
func_Ne_0x100005377,78727,False
func_Ne_0x1000053f2,78498,True
func_Ne_0x100006405,77855,True
func_Ne_0x100006fcd,78686,False
func_Ne_0x1000070e1,76900,False
func_Ne_0x1000070e5,76950,True
func_Ne_0x1000070e7,77383,True
func_Ne_0x1000070ef,78107,True
func_Ne_0x1000070f3,77395,True
func_Ne_0x1000070fb,77049,True
func_Ne_0x1000075de,78596,False
func_Ne_0x1000075e2,77444,True
func_Ne_0x1000075e6,76820,False
func_Ne_0x1000075e8,78271,False
func_Ne_0x1000075f7,78304,True
func_Ne_0x100008cee,76893,False
func_Ni_0x100007d37,77218,True
func_No_0x100007cf5,78121,False
func_No_0x100007d21,78572,True
func_No_0x100007d23,76927,True
func_No_0x100007d27,78120,True
func_No_0x100007d2b,77613,True
func_Nt_0x1000036eb,77664,False
func_Nt_0x1000036f3,78100,False
func_Nt_0x1000036fd,78723,False
func_Nt_0x100003ebf,77719,False
func_Nt_0x10000671f,78658,False
func_Nt_0x100006729,77683,True
func_Nt_0x10000672b,78407,False
func_Nt_0x10000672d,77304,False
func_Nt_0x100006739,77728,False
func_Nt_0x10000673b,77465,True
func_Nt_0x100006741,78670,False
func_Nt_0x100006745,78245,True
func_Nt_0x100006747,78369,True
func_Nt_0x10000674b,78205,False
func_Nt_0x10000674d,77282,True
func_Nt_0x10000674f,78076,True
func_Nt_0x100006757,76983,True
func_Nt_0x10000676f,76852,True
func_Nt_0x100006771,77047,True
func_Nt_0x100006775,77654,True
func_Nt_0x100006777,78236,False
func_Nt_0x100006779,77865,False
func_Nt_0x10000677b,77030,True
func_Nt_0x100006785,77718,True
func_Nt_0x100006787,77135,True
func_Nt_0x10000678b,78074,False
func_Nt_0x100006795,77808,True
func_Nt_0x10000679b,78380,True
func_Nt_0x1000067a3,77645,False
func_Nt_0x100008648,77908,True
func_Nt_0x10000864c,78618,False
func_Nt_0x10000903b,78705,True
func_Nt_0x1000090aa,77338,True
func_O_0x1000001f8,78190,False
func_O_0x1000001fc,77123,False
func_O_0x100003452,77366,False
func_O_0x100003603,77770,True
func_O_0x100003613,78688,False
func_O_0x10000361f,77015,False
func_O_0x100003671,78718,False
func_O_0x10000369c,77519,True
func_O_0x1000037a5,78375,False
func_O_0x1000037af,77174,False
func_O_0x100003ae4,78241,False
func_O_0x100003ae8,77006,True
func_O_0x100003aea,78065,False
func_O_0x1000043ba,78708,False
func_O_0x1000043d4,77854,False
func_O_0x1000043d8,77864,False
func_O_0x100004ae3,78124,False
func_O_0x100004e0c,77055,False
func_O_0x10000532d,78589,True
func_O_0x100005ce4,76984,True
func_O_0x100005d11,76842,False
func_O_0x100005d13,77569,False
func_O_0x100005d2f,78477,False
func_O_0x100005d31,77364,True
func_O_0x1000065b7,78746,False
func_O_0x100006c43,78054,False
func_O_0x100006c4a,76806,False
func_O_0x100006dd4,77976,False
func_O_0x100007859,77268,True
func_O_0x100007bac,78531,False
func_O_0x100007bb0,78268,False
func_O_0x100008114,78280,False
func_O_0x1000082db,78665,False
func_O_0x1000083ad,78467,True
func_O_0x1000083b1,78430,False
func_O_0x1000083b5,78464,True
func_O_0x1000083b7,77863,True
func_O_0x100008417,77106,False
func_O_0x1000085a0,76996,True
func_O_0x100008cfa,77601,True
func_O_0x100008d04,77656,False
func_O_0x100008d06,77709,False
func_O_0x100008d08,76874,True
func_Oa_0x100006167,77581,False
func_Oa_0x10000616b,76774,False
func_Oa_0x10000616d,77803,False
func_Oa_0x100006256,78244,True
func_Od_0x100006207,77440,True
func_Od_0x100006209,78309,True
func_Oe_0x1000007d0,76908,True
func_Oe_0x1000050f0,77839,True
func_Oe_0x1000050fe,78333,False
func_Oe_0x100005102,78176,False
func_Oe_0x100005104,76912,True
func_Oe_0x100005108,77628,True
func_Oe_0x10000510c,77991,False
func_Oe_0x10000510e,77545,True
func_Oe_0x100005110,77914,False
func_Oe_0x100005112,76776,False
func_Oe_0x100005114,77788,True
func_Oe_0x100005116,76784,True
func_Oe_0x10000511c,78218,False
func_Oe_0x10000511e,78411,True
func_Oe_0x100005122,76832,False
func_Oe_0x100005128,77061,True
func_Oe_0x10000512a,78047,False
func_Oe_0x10000512e,76981,False
func_Oe_0x100005138,77919,False
func_Oe_0x10000513c,78153,False
func_Oe_0x100005142,78749,False
func_Oe_0x100005146,78038,True
func_Oe_0x100005148,78200,False
func_Oe_0x10000514a,77312,False
func_Oe_0x10000514c,77089,False
func_Oe_0x10000514e,78483,False
func_Oe_0x100005150,77731,False
func_Oe_0x100005152,77380,True
func_Oe_0x100005154,78367,True
func_Oe_0x100005156,77191,True
func_Oe_0x10000515c,77628,False
func_Oe_0x100005160,78157,True
func_Oe_0x100005162,76922,True
func_Oe_0x100005164,78026,True
func_Oe_0x10000660b,78629,False
func_Oe_0x10000666e,78612,True
func_Oe_0x10000667a,78010,True
func_Oe_0x10000667d,78359,False
func_Oe_0x10000710d,77505,True
func_Oe_0x100007776,78578,True
func_Oe_0x1000079b2,78280,False
func_Oe_0x1000079b4,77766,True
func_Oe_0x1000079b6,77443,False
func_Oe_0x100007a04,76820,True
func_Oe_0x100008b0d,77252,True
func_Oe_0x100008f6b,78644,False
func_Oi_0x100007fa7,77229,True
func_Oi_0x100007fb1,78534,True
func_On_0x100008882,78496,True
func_On_0x1000088a9,77968,False
func_On_0x10000890b,77174,False
func_On_0x10000891b,77125,False
func_Oo_0x100004803,77176,False
func_Oo_0x100005875,78728,True
func_Or_0x100004b5c,77776,True
func_Or_0x100004b85,77841,True
func_Or_0x100004b87,76898,True
func_Or_0x100004b93,77707,True
func_Or_0x100004b95,76968,False
func_Or_0x100004ba3,78173,True
func_Or_0x100004ba5,76922,False
func_Or_0x100004ba7,77737,True
func_Or_0x100004bad,77810,False
func_Or_0x100004c8a,76988,False
func_Or_0x100004c8e,77214,False
func_Or_0x100004c99,77151,True
func_Or_0x100004c9d,77752,True
func_Or_0x100004ca1,78131,False
func_Or_0x100004caf,77639,True
func_Or_0x100004cbb,78508,False
func_Or_0x100004cc0,78457,True
func_Or_0x100004cc2,77759,True
func_Or_0x100004cc4,77091,False
func_Or_0x100004cca,78573,False
func_Or_0x100004cce,77977,True
func_Or_0x100004cda,77693,False
func_Or_0x100004cdc,77679,True
func_Or_0x100004ce0,77884,True
func_Or_0x100004ce2,76796,False
func_Or_0x100008fc0,77081,True
func_Or_0x1000090a4,78663,True
func_Ot_0x10000600c,77743,False
func_Ot_0x100006010,77451,False
func_Ot_0x100006015,78112,True
func_Ot_0x100006069,78033,False
func_Ot_0x10000608c,78587,False
func_Ot_0x10000608e,78682,True
func_Ot_0x100006092,76891,True
func_Ot_0x100006094,78601,False
func_Ot_0x100006096,78579,True
func_Ot_0x1000060d6,77632,True
func_Ot_0x1000060d8,78507,False
func_Ot_0x1000060fe,77023,True
func_Ot_0x100006104,78721,True
func_Ot_0x100006154,77569,False
func_Ot_0x10000615f,77793,True
func_Ot_0x10000618e,77649,True
func_Ot_0x1000061da,78739,True
func_Ot_0x1000061e1,77570,True
func_Ot_0x1000061ee,78170,True
func_Ot_0x100006237,78122,True
func_Ot_0x10000623c,77346,True
func_Ot_0x100006283,77821,True
func_P_0x100000105,78675,True
func_P_0x100000138,77138,True
func_P_0x10000013a,78413,False
func_P_0x100000150,78679,True
func_P_0x1000002a4,78599,False
func_P_0x100000312,78182,False
func_P_0x100003408,77385,True
func_P_0x10000342b,78256,False
func_P_0x100003676,76772,False
func_P_0x100003ad0,78054,True
func_P_0x100003b23,76953,False
func_P_0x100003b2d,77463,False
func_P_0x100003b7f,78015,True
func_P_0x100003b8c,78623,True
func_P_0x1000044a8,77910,False
func_P_0x1000048f8,76956,False
func_P_0x1000048fa,78447,False
func_P_0x100004925,77400,False
func_P_0x100004f20,77106,False
func_P_0x100004f24,78360,False
func_P_0x100004fd7,78209,False
func_P_0x100005025,78597,True
func_P_0x100005289,76873,False
func_P_0x1000056eb,77897,False
func_P_0x1000056ef,77103,True
func_P_0x100005e58,78044,False
func_P_0x100005ea4,77905,False
func_P_0x100005ea9,77538,False
func_P_0x100006352,78364,False
func_P_0x1000063cd,77816,False
func_P_0x1000064b4,77143,True
func_P_0x1000064b6,77809,True
func_P_0x100006506,77168,True
func_P_0x10000650d,78005,False
func_P_0x100006519,78276,False
func_P_0x1000066b6,77392,False
func_P_0x100006900,77106,True
func_P_0x100006917,77372,False
func_P_0x100006974,77613,True
func_P_0x100006de1,78592,False
func_P_0x100006e11,78019,False
func_P_0x100006e13,78217,True
func_P_0x100006e19,76883,False
func_P_0x100006e1b,76882,False
func_P_0x100006e31,78678,False
func_P_0x100007373,78457,False
func_P_0x1000074e9,77348,False
func_P_0x1000074eb,78223,True
func_P_0x1000074ed,78736,True
func_P_0x1000076c6,77043,True
func_P_0x100007e41,76968,True
func_P_0x100007e43,77135,True
func_P_0x10000828c,77091,False
func_P_0x1000084af,77171,True
func_P_0x100008703,77835,True
func_P_0x100008990,78253,True
func_P_0x100008d1b,76790,False
func_P_0x100008d1f,76774,True
func_P_0x100008d21,78133,True
func_P_0x100008d25,77169,True
func_P_0x100008d29,78457,True
func_P_0x100008e04,77338,True
func_P_0x100008e16,78686,True
func_P_0x100008f03,77997,True
func_Pa_0x100007d5c,78063,True
func_Pe_0x100003d5e,77541,False
func_Pe_0x100003d66,78068,False
func_Pe_0x100003d8d,77094,True
func_Pe_0x100003d94,77002,False
func_Pe_0x100003db8,77470,False
func_Pe_0x100003e1c,77284,False
func_Pe_0x10000539c,77325,False
func_Pe_0x10000657e,78230,True
func_Pe_0x100006580,77588,False
func_Pe_0x100006582,77267,False
func_Pe_0x100006584,77047,True
func_Pe_0x100006586,78283,True
func_Pe_0x1000065a2,77503,True
func_Pe_0x1000065a4,77812,False
func_Pe_0x100006aeb,78665,False
func_Pe_0x100006aef,76886,False
func_Pe_0x100008955,77053,False
func_Pi_0x100004bb9,78666,False
func_Pi_0x100004bed,78503,False
func_Pi_0x100004bef,76817,False
func_Pi_0x100007d4b,77842,False
func_Pi_0x100007d61,77923,False
func_Pi_0x100007d63,77683,True
func_Pr_0x100000760,78684,True
func_Pr_0x10000078e,78470,True
func_Pr_0x100003704,77855,True
func_Pr_0x100003710,77570,True
func_Pr_0x100003718,77213,False
func_Pr_0x10000371a,77056,False
func_Pr_0x10000371e,77499,True
func_Pr_0x100003722,76781,True
func_Pr_0x100003726,78626,True
func_Pr_0x100003766,77129,True
func_Pr_0x10000376a,78526,False
func_Pr_0x10000376c,78145,False
func_Pr_0x100003778,77275,True
func_Pr_0x10000377c,78112,False
func_Pr_0x10000378c,78339,False
func_Pu_0x100007cfb,77755,True
func_Q_0x10000345e,77562,True
func_Q_0x1000036a2,77152,False
func_Q_0x1000037d3,77680,False
func_Q_0x100003b0b,77839,False
func_Q_0x100003b3b,78695,False
func_Q_0x1000043c7,76798,True
func_Q_0x10000447c,78133,True
func_Q_0x10000447e,78168,False
func_Q_0x100004ae7,78466,False
func_Q_0x100004d04,78689,True
func_Q_0x100004d06,77235,True
func_Q_0x100004d08,77034,False
func_Q_0x100004d0a,77447,False
func_Q_0x100004d10,76930,False
func_Q_0x100004d14,77530,False
func_Q_0x100004d16,78034,False
func_Q_0x100004d18,77532,True
func_Q_0x100004d1c,77543,True
func_Q_0x100004d24,78523,False
func_Q_0x100004d26,77104,False
func_Q_0x100004d2a,78219,False
func_Q_0x100004e08,78046,False
func_Q_0x10000530e,78599,True
func_Q_0x100005c8c,78612,False
func_Q_0x100005d5c,76921,True
func_Q_0x100005d74,78458,True
func_Q_0x100005d78,78481,False
func_Q_0x100006c39,77794,False
func_Q_0x100006c5e,78612,False
func_Q_0x100006c68,77845,False
func_Q_0x100006e48,77187,False
func_Q_0x100007041,77089,True
func_Q_0x100007856,77677,False
func_Q_0x100007ba7,77568,False
func_Q_0x100007baf,77244,False
func_Q_0x100007bd6,78426,False
func_Q_0x1000080b7,77858,False
func_Q_0x100008106,77746,True
func_Q_0x100008108,78051,False
func_Q_0x10000811e,78319,False
func_Q_0x100008122,78456,False
func_Q_0x100008135,77642,True
func_Q_0x1000081a2,77089,False
func_Q_0x100008285,78210,True
func_Q_0x100008288,78726,True
func_Q_0x1000082dd,77307,True
func_Q_0x100008973,77168,True
func_Qc_0x100003fcb,78553,True
func_Qc_0x100003fd9,77686,False
func_Qe_0x10000353c,77602,False
func_Qe_0x10000354d,78560,True
func_Qe_0x100003554,78294,False
func_Qe_0x1000052be,78161,False
func_Qe_0x1000052d5,76984,False
func_Qe_0x1000052e3,77309,True
func_Qe_0x100005383,77837,False
func_Qe_0x100005387,77397,True
func_Qe_0x100005389,77961,True
func_Qe_0x1000053b5,78371,True
func_Qe_0x10000540e,77507,True
func_Qe_0x100005410,78549,False
func_Qe_0x100005412,78645,True
func_Qe_0x100005418,77824,True
func_Qe_0x100005430,78029,True
func_Qe_0x100005491,77682,True
func_Qe_0x100005d1c,77610,False
func_Qe_0x100005d1e,78109,False
func_Qe_0x100006aea,78574,True
func_Qe_0x1000073e6,77585,True
func_Qe_0x1000080fd,77188,False
func_Qe_0x1000080ff,77570,True
func_Qe_0x100008334,78197,True
func_Qe_0x100008538,77133,True
func_Qe_0x10000877d,77397,False
func_Qe_0x10000878d,78727,True
func_Qe_0x10000878f,78200,True
func_Qe_0x100008791,78391,False
func_Qe_0x100008793,77001,True
func_Qi_0x1000045da,77028,False
func_Qi_0x10000462b,77695,False
func_Qi_0x100004761,76888,False
func_Qi_0x100004763,77632,False
func_Qi_0x100004769,78407,False
func_Qi_0x10000478e,77993,False
func_Qi_0x10000479c,77303,False
func_Qi_0x1000047a0,77866,False
func_Qi_0x1000047bc,77855,False
func_Qi_0x100004888,77315,True
func_Qr_0x100004802,78594,False
func_Qr_0x1000059c4,78739,True
func_Qr_0x1000059ee,78339,False
func_Qr_0x100005a24,78043,True
func_Qr_0x100005a26,77462,True
func_Qr_0x100005a42,78714,False
func_Qr_0x100005a46,76774,False
func_Qr_0x100005a72,77210,True
func_Qr_0x100005b0b,77178,False
func_Qt_0x1000045d9,77714,True
func_Qt_0x1000045f8,78248,False
func_Qt_0x1000045fc,77749,True
func_Qt_0x100004608,77209,False
func_Qt_0x10000460d,77663,True
func_Qt_0x10000461e,78535,False
func_Qt_0x100004661,77144,False
func_Qt_0x100004684,77088,False
func_Qt_0x100004686,78349,False
func_Qt_0x100004688,76857,True
func_Qt_0x10000468a,77392,True
func_Qt_0x1000046cc,78431,True
func_Qt_0x1000046e2,77082,True
func_Qt_0x1000046ef,77953,False
func_Qt_0x1000046f4,77671,True
func_Qt_0x1000046f6,77669,False
func_Qt_0x1000046f8,78699,True
func_Qt_0x1000046fc,78201,True
func_Qt_0x10000470a,77130,True
func_Qt_0x100004717,77727,True
func_Qt_0x10000471b,77069,True
func_Qt_0x10000471d,78153,True
func_Qt_0x10000474a,77190,False
func_Qt_0x10000477c,77065,False
func_Qt_0x10000478d,77678,False
func_Qt_0x1000047d0,77294,False
func_Qt_0x1000047ea,78168,False
func_Qt_0x1000047ec,78076,True
func_Qt_0x100004819,78712,False
func_Qt_0x100004883,77832,False
func_R_0x100000223,78449,True
func_R_0x100000225,78639,True
func_R_0x10000343e,77840,False
func_R_0x100003677,77101,False
func_R_0x1000037a3,78756,True
func_R_0x100003886,77026,True
func_R_0x10000388e,77793,False
func_R_0x100003cb5,77853,False
func_R_0x100004468,78559,False
func_R_0x100004491,77453,False
func_R_0x100004d65,77880,True
func_R_0x100004e01,77857,True
func_R_0x100004e05,77520,True
func_R_0x100004f66,78140,True
func_R_0x100004f68,77265,False
func_R_0x100004f6a,77661,False
func_R_0x100004f6c,77168,True
func_R_0x100004f6e,78384,True
func_R_0x10000505f,76802,True
func_R_0x100005063,77199,False
func_R_0x100005065,78351,False
func_R_0x10000506b,77875,False
func_R_0x10000506f,76832,False
func_R_0x100005071,78158,True
func_R_0x100005075,78494,True
func_R_0x100005077,78729,True
func_R_0x1000053d0,77071,True
func_R_0x1000053d6,76816,False
func_R_0x100005554,78467,False
func_R_0x100005556,77064,True
func_R_0x10000555c,77425,True
func_R_0x100005560,77362,False
func_R_0x100005563,77771,False
func_R_0x100005637,78414,False
func_R_0x100005738,76822,True
func_R_0x100005741,77231,False
func_R_0x10000574e,77903,False
func_R_0x100005758,77747,False
func_R_0x100005d9c,78701,False
func_R_0x100005d9e,77973,True
func_R_0x100005f2b,77703,False
func_R_0x1000063be,78348,True
func_R_0x10000653b,76921,True
func_R_0x1000066f3,78655,True
func_R_0x100006a06,77718,False
func_R_0x100006bed,76977,True
func_R_0x100006bef,77599,False
func_R_0x100006cfb,77929,True
func_R_0x100006dbf,77467,True
func_R_0x100006dc3,77813,False
func_R_0x10000780b,77278,False
func_R_0x100007811,76819,True
func_R_0x100007813,78621,False
func_R_0x100007815,78707,True
func_R_0x100007884,77093,True
func_R_0x100007a8d,77209,False
func_R_0x100007a93,77987,True
func_R_0x100007ab1,77536,True
func_R_0x100007d9f,76820,False
func_R_0x1000082e2,77925,False
func_R_0x1000083f8,77747,False
func_R_0x1000084c4,78583,True
func_R_0x1000084cf,77266,False
func_R_0x1000084d1,77413,True
func_R_0x100008505,77783,False
func_R_0x1000089a9,78185,False
func_Re_0x10000480a,78065,False
func_Re_0x100005866,78226,True
func_Re_0x10000588b,77297,False
func_Re_0x1000059ad,78360,False
func_Re_0x1000059af,77293,True
func_Re_0x1000059b3,77499,True
func_Re_0x1000059b5,78727,True
func_Re_0x1000059b7,78531,False
func_Re_0x1000059b9,76911,False
func_Re_0x1000059c6,77016,True
func_Re_0x1000059ce,77631,True
func_Re_0x1000059d6,78632,False
func_Re_0x1000059e0,78650,True
func_Re_0x1000059f2,77120,False
func_Re_0x1000059f8,78115,False
func_Re_0x100005a06,78647,False
func_Re_0x100005a0a,76868,True
func_Re_0x100005a16,78111,False
func_Re_0x100005a18,77244,False
func_Re_0x100005a32,76873,True
func_Re_0x100005a38,78316,True
func_Re_0x100005a40,76892,False
func_Re_0x100005a48,77924,False
func_Re_0x100005a4e,76771,True
func_Re_0x100005a54,78240,False
func_Re_0x100005a5a,77263,False
func_Re_0x100005a5e,78465,False
func_Re_0x100005a64,77789,False
func_Re_0x100005a6a,76969,True
func_Re_0x100005a76,77994,False
func_Re_0x100005a78,77713,True
func_Re_0x100005a80,78220,True
func_Re_0x100005a86,78217,True
func_Re_0x100005a96,78399,False
func_Re_0x100005a98,78674,True
func_Re_0x100005aa0,77843,True
func_Re_0x100005aa2,77583,True
func_Re_0x100005aa4,77210,False
func_Re_0x100005aa6,77234,False
func_Re_0x100005aa8,77770,False
func_Re_0x100005abf,78040,False
func_Re_0x100005ac5,77758,True
func_Re_0x100005ac9,77211,False
func_Re_0x100005acd,77463,True
func_Re_0x100005acf,77173,False
func_Re_0x100005ad3,77481,False
func_Re_0x100005ad9,77081,True
func_Re_0x100005adb,77006,True
func_Re_0x100005ae5,77006,True
func_Re_0x100005ae7,77023,True
func_Re_0x100005aed,76840,False
func_Re_0x100005af3,78481,True
func_Re_0x100005af5,77050,True
func_Re_0x100005af7,78752,False
func_Re_0x100005af9,77916,False
func_Re_0x100005afd,78152,True
func_Re_0x100005b07,77759,True
func_Re_0x100005b09,78321,True
func_Re_0x100005b0d,76970,True
func_Ro_0x100004bf6,77207,False
func_Rr_0x10000863b,77688,True
func_Rr_0x10000863d,78247,False
func_Rr_0x100008643,77971,False
func_Rr_0x100008645,78434,True
func_Rr_0x1000088b7,77111,False
func_Rr_0x1000088e4,78358,True
func_Rr_0x1000088ed,78304,True
func_Rt_0x100003fdc,78470,True
func_Rt_0x100003fdf,77069,False
func_Rt_0x100003fe1,77926,True
func_Rt_0x100003fed,78089,False
func_Rt_0x100004007,77664,False
func_Rt_0x10000400d,77662,True
func_Rt_0x10000401d,76831,False
func_Rt_0x100004021,78245,False
func_Rt_0x100004023,78711,False
func_Rt_0x100004025,77261,False
func_Rt_0x100004027,76891,False
func_Rt_0x100004029,78055,False
func_Rt_0x10000402f,78305,True
func_Rt_0x100004035,77040,False
func_Rt_0x100004037,78267,True
func_Rt_0x10000403b,78704,True
func_Rt_0x100004041,77611,True
func_Rt_0x100004045,77943,True
func_Rt_0x100004047,78008,True
func_Rt_0x100004049,78293,False
func_Rt_0x10000404d,77953,False
func_Rt_0x100004053,78709,True
func_Rt_0x10000405d,76771,True
func_Rt_0x100004063,77475,True
func_Rt_0x100004065,77260,True
func_Rt_0x100004067,77871,False
func_Rt_0x10000406b,78274,True
func_Rt_0x10000406d,78423,False
func_Rt_0x10000406f,77811,True
func_Rt_0x100004071,77469,False
func_Rt_0x100004079,76922,False
func_Rt_0x100004083,77171,True
func_Rt_0x100004087,77583,True
func_Rt_0x100004089,76903,False
func_Rt_0x10000408f,76874,False
func_Rt_0x100004093,77591,True
func_Rt_0x10000409f,76813,False
func_Rt_0x1000040a1,78206,False
func_Rt_0x1000040ad,78330,True
func_Rt_0x1000040af,78649,True
func_Rt_0x1000040b1,77115,False
func_Rt_0x1000040b3,77728,False
func_Rt_0x1000040b5,76762,False
func_Rt_0x1000040b7,77223,True
func_Rt_0x1000040bd,78319,True
func_Rt_0x1000040cb,77946,False
func_Rt_0x1000040d5,77213,False
func_Rt_0x1000040d7,78682,True
func_Rt_0x1000040d9,78081,False
func_Rt_0x1000040db,77392,True
func_Rt_0x1000040dd,78551,True
func_Rt_0x1000040df,78322,False
func_Rt_0x1000040e1,77169,False
func_Rt_0x1000040eb,77975,True
func_Rt_0x1000040ef,78644,True
func_Rt_0x1000040f9,78060,False
func_Rt_0x1000040fd,77574,False
func_Rt_0x100004101,78260,True
func_Rt_0x100004103,78269,True
func_Rt_0x100004107,78289,False
func_Rt_0x10000410f,78141,False
func_Rt_0x100004113,76888,True
func_Rt_0x100004115,78737,True
func_Rt_0x100004117,76781,True
func_Rt_0x10000411b,76758,True
func_Rt_0x10000412f,77345,False
func_Rt_0x100004131,77996,False
func_Rt_0x10000413b,78251,True
func_Rt_0x100004141,76835,True
func_Rt_0x100004143,77864,False
func_Rt_0x100004147,78524,True
func_Rt_0x10000414b,78669,False
func_Rt_0x100004151,77645,False
func_Rt_0x100004153,78727,False
func_Rt_0x100004157,76993,False
func_Rt_0x100004159,76836,False
func_Rt_0x10000415b,76988,False
func_Rt_0x100004161,78349,False
func_Rt_0x100004163,77253,False
func_Rt_0x100004167,78721,True
func_Rt_0x10000416f,77461,False
func_Rt_0x100004173,77928,True
func_Rt_0x100004177,76798,True
func_Rt_0x100004179,78324,True
func_Rt_0x10000417d,78524,True
func_Rt_0x10000417f,77259,True
func_Rt_0x100004189,77125,True
func_Rt_0x10000418d,77732,True
func_Rt_0x10000418f,77882,False
func_Rt_0x10000419b,78533,True
func_Rt_0x1000041a1,76773,True
func_Rt_0x1000041b1,77758,False
func_Rt_0x1000041b3,78677,False
func_Rt_0x1000041b7,78225,False
func_Rt_0x1000041b9,78240,False
func_Rt_0x1000041bd,77040,True
func_Rt_0x1000041c7,77630,True
func_Rt_0x1000041d3,78397,False
func_Rt_0x1000041d9,77834,True
func_Rt_0x1000041dd,77447,False
func_Rt_0x1000041df,78419,False
func_Rt_0x1000041e3,77718,True
func_Rt_0x1000041e5,78172,False
func_Rt_0x1000041e7,77177,True
func_Rt_0x1000041e9,77450,True
func_Rt_0x1000041ed,78068,True
func_Rt_0x1000041f1,77139,False
func_Rt_0x1000041f3,77036,False
func_Rt_0x1000041f5,76825,False
func_Rt_0x100004385,78237,True
func_Rt_0x100004387,77449,True
func_S_0x1000001ac,77859,True
func_S_0x1000001af,77598,True
func_S_0x1000001ba,78384,True
func_S_0x1000002e9,76997,True
func_S_0x1000002ef,77387,True
func_S_0x1000002f1,76792,False
func_S_0x100000306,78302,True
func_S_0x100000579,77023,True
func_S_0x10000057b,77854,True
func_S_0x10000057d,77843,True
func_S_0x10000057f,77944,True
func_S_0x100000581,77446,False
func_S_0x100003590,77928,False
func_S_0x1000035c0,78513,False
func_S_0x1000036b0,77850,True
func_S_0x100003875,76818,True
func_S_0x10000390b,78454,False
func_S_0x10000390d,77125,True
func_S_0x100003959,77001,False
func_S_0x100003961,77234,True
func_S_0x100003983,77641,False
func_S_0x100003985,78267,True
func_S_0x10000398c,77031,False
func_S_0x100003ac9,78259,False
func_S_0x100003b6b,77593,False
func_S_0x100003c96,78567,False
func_S_0x100003e96,77872,False
func_S_0x100004f45,76844,True
func_S_0x100004f47,77051,False
func_S_0x100004f4b,78204,False
func_S_0x100004f53,78230,False
func_S_0x100004fb1,77362,True
func_S_0x100004fe7,77484,False
func_S_0x1000050be,76859,False
func_S_0x1000051e0,77411,False
func_S_0x100005282,78666,True
func_S_0x100005292,77342,False
func_S_0x100005500,77131,True
func_S_0x100005504,77200,True
func_S_0x10000550a,77795,False
func_S_0x10000551b,76806,False
func_S_0x10000551d,78129,False
func_S_0x10000551f,78525,True
func_S_0x1000055f3,77024,False
func_S_0x10000571c,77460,True
func_S_0x100005b2f,77794,False
func_S_0x100005b31,77372,False
func_S_0x100005b4a,77691,True
func_S_0x100005cd2,78124,True
func_S_0x100005cd6,77270,False
func_S_0x100005cd8,77331,True
func_S_0x100005cda,77830,False
func_S_0x100005e47,78262,False
func_S_0x100005e74,78664,True
func_S_0x100005e78,78630,False
func_S_0x100005e7a,78627,False
func_S_0x100005e7f,78714,False
func_S_0x100005ea1,77589,False
func_S_0x1000062c7,78631,False
func_S_0x1000062cd,77129,False
func_S_0x100006380,77432,True
func_S_0x10000638d,76823,False
func_S_0x1000066ab,77072,False
func_S_0x1000066b1,77832,False
func_S_0x10000683a,77942,False
func_S_0x1000068d3,78486,True
func_S_0x100006bfb,78710,True
func_S_0x100006c02,77793,False
func_S_0x100006c0d,78070,True
func_S_0x100007276,77981,True
func_S_0x100007634,76762,True
func_S_0x1000078f3,77757,True
func_S_0x10000815e,78574,False
func_S_0x100008365,76991,False
func_S_0x1000083a0,77886,False
func_S_0x1000083a2,77925,True
func_S_0x100008564,77490,True
func_S_0x100008928,78319,True
func_S_0x10000892f,77786,False
func_S_0x100008996,77349,False
func_S_0x1000089fb,78262,False
func_S_0x100008a01,77794,False
func_S_0x100008a39,77295,False
func_S_0x100008dfd,77473,False
func_S_0x100008e01,77380,False
func_S_0x100008e13,78471,False
func_Se_0x100003a4b,77979,True
func_Se_0x100003c6d,78410,False
func_Se_0x100003e0e,77605,False
func_Se_0x1000053ea,78247,False
func_Se_0x100005468,77654,False
func_Se_0x100006483,78030,True
func_Se_0x100006491,77678,False
func_Se_0x1000064a7,78312,True
func_Se_0x1000064a9,77102,False
func_Se_0x100006fdd,78703,False
func_Se_0x100006fe3,78042,True
func_Se_0x100006fe5,78518,True
func_Se_0x100006fe7,77288,True
func_Se_0x1000070df,77611,True
func_Se_0x1000070e9,77973,False
func_Se_0x1000070f1,78622,True
func_Se_0x1000070f7,77150,True
func_Se_0x1000070fd,77966,True
func_Se_0x10000710b,78274,False
func_Se_0x100008960,77528,True
func_Se_0x100008f25,77189,False
func_Se_0x100008f29,77782,False
func_Se_0x100008f3c,77649,True
func_Se_0x100008f4c,77407,False
func_Se_0x100008f56,78087,True
func_Se_0x100008f58,78729,True
func_Se_0x100008f63,77237,False
func_Se_0x100008f7c,77763,False
func_Se_0x100008f7e,78233,True
func_Si_0x100004bfb,76862,True
func_Sn_0x100007fac,77477,True
func_Sn_0x100007fee,78210,True
func_Sn_0x10000800c,78065,True
func_Sn_0x100008014,78156,True
func_Sn_0x100009065,78446,False
func_So_0x100007cea,78576,False
func_St_0x1000039df,77527,False
func_St_0x10000644b,77991,True
func_St_0x1000075f8,78711,False
func_St_0x100008c00,78552,True
func_T0_0x100006204,77314,False
func_T_0x1000038b0,78050,True
func_T_0x1000038b2,77356,False
func_T_0x100003ad3,77638,True
func_T_0x100003ad9,78642,False
func_T_0x100003b32,77909,True
func_T_0x100003b34,78528,True
func_T_0x100003c8a,77288,False
func_T_0x100004467,76881,False
func_T_0x10000448b,78724,True
func_T_0x100004e99,78461,False
func_T_0x100004ef8,78575,True
func_T_0x100004efc,78370,True
func_T_0x100004f00,78198,False
func_T_0x100004f8f,76777,False
func_T_0x100004fbd,77379,False
func_T_0x100005032,77979,False
func_T_0x10000534c,77281,True
func_T_0x100005532,78724,False
func_T_0x100005538,78000,True
func_T_0x10000553c,77970,True
func_T_0x100005740,77039,False
func_T_0x100005f20,78564,False
func_T_0x100005f25,76819,False
func_T_0x100005f27,77985,True
func_T_0x1000063a1,78417,False
func_T_0x1000063b1,77995,True
func_T_0x1000063b9,78319,True
func_T_0x1000063bb,77117,True
func_T_0x1000063c3,78006,False
func_T_0x1000063c7,77120,False
func_T_0x1000066c3,78239,True
func_T_0x1000066c9,77729,False
func_T_0x1000066cd,78515,True
func_T_0x100006931,78151,True
func_T_0x100006933,78476,False
func_T_0x100006b14,78320,False
func_T_0x100006cf0,78163,False
func_T_0x100006cf2,77761,False
func_T_0x100006cf6,78093,False
func_T_0x100006d2d,77142,False
func_T_0x100006d30,78217,True
func_T_0x100006e0f,78572,True
func_T_0x100007953,78686,True
func_T_0x100007957,77848,True
func_T_0x100007b54,77552,False
func_T_0x100007d99,77808,False
func_T_0x100007dc7,77818,True
func_T_0x100007df5,78075,False
func_T_0x100007e23,78205,False
func_T_0x100007e2d,78554,False
func_T_0x1000083a4,76764,True
func_T_0x1000083f4,77393,False
func_T_0x100008578,76855,True
func_T_0x100008722,78441,False
func_T_0x100008724,78143,False
func_T_0x100008d35,77964,True
func_T_0x100008e1d,76964,True
func_T_0x100008e29,78040,False
func_T_0x100008e4d,77790,False
func_Te_0x1000039a3,77541,True
func_Te_0x1000039c9,76874,False
func_Te_0x1000039e4,78230,True
func_Te_0x1000039fe,78161,False
func_Te_0x100003a06,76850,False
func_Te_0x100003a08,77618,True
func_Te_0x100003a13,76964,False
func_Te_0x100003da7,76875,True
func_Te_0x100003da9,78306,True
func_Te_0x100003dab,77681,True
func_Te_0x100003daf,77250,True
func_Te_0x100004e32,78439,True
func_Te_0x10000545c,78198,True
func_Te_0x100005460,77432,False
func_Te_0x100006444,76967,True
func_Te_0x100006497,78409,False
func_Te_0x10000649c,77962,False
func_Te_0x1000064a3,76882,True
func_Te_0x1000064a5,78465,True
func_Te_0x100006fb2,76833,False
func_Te_0x100006fb4,76947,True
func_Te_0x100006fb8,77510,True
func_Te_0x100006fc3,77153,True
func_Te_0x100006fc5,76834,True
func_Te_0x1000075ec,77762,False
func_Te_0x10000778b,78333,False
func_Te_0x1000077a0,77275,True
func_Te_0x1000077a2,76905,True
func_Te_0x1000077a4,78356,False
func_Te_0x1000077ac,77775,True
func_Te_0x1000077b0,77104,False
func_Te_0x1000085de,78376,True
func_Te_0x1000085e0,76813,False
func_Te_0x1000085e2,77203,False
func_Te_0x1000085e6,77662,False
func_Te_0x1000085e8,76916,True
func_Te_0x1000085ec,78460,True
func_Te_0x1000085f0,78492,False
func_Te_0x1000085fe,78408,False
func_Te_0x100008600,77719,True
func_Te_0x100008602,78300,False
func_Te_0x100008a93,77252,True
func_Te_0x100008f34,77090,False
func_Te_0x100008f40,77868,False
func_Te_0x100008f42,76851,False
func_Te_0x100008f44,77971,False
func_Te_0x100008f4a,76857,False
func_Te_0x100008f52,77144,False
func_Ti_0x100006205,78575,True
func_Tn_0x100007c44,77441,True
func_Tn_0x100007c6e,77100,True
func_Tn_0x100007cc2,76838,True
func_Tn_0x100007d16,77053,False
func_Tn_0x100007d72,76873,True
func_To_0x10000602f,76911,True
func_To_0x100006031,76763,False
func_To_0x10000624e,77224,True
func_To_0x100006254,78102,False
func_Tr_0x100004228,77305,True
func_Tr_0x10000422e,77249,True
func_Tr_0x100004230,78565,True
func_Tr_0x100004234,77403,True
func_Tr_0x100004238,78412,True
func_Tr_0x10000423a,78065,False
func_Tr_0x100004244,77660,True
func_Tr_0x100004246,77796,False
func_Tr_0x10000424c,78553,False
func_Tr_0x10000424e,78172,False
func_Tr_0x100004254,77542,True
func_Tr_0x100004258,77944,True
func_Tr_0x10000425c,77407,False
func_Tr_0x10000425e,76838,False
func_Tr_0x100004262,77268,True
func_Tr_0x100004266,77851,True
func_Tr_0x100004268,78378,False
func_Tr_0x10000426a,77831,True
func_Tr_0x10000426c,76978,True
func_Tr_0x100004274,78756,False
func_Tr_0x100004276,77958,False
func_Tr_0x100004278,78570,True
func_Tr_0x10000427a,78398,True
func_Tr_0x10000427e,77042,True
func_Tr_0x100004286,78359,True
func_Tr_0x10000428c,76936,True
func_Tr_0x100004298,78532,False
func_Tr_0x10000429e,76806,True
func_Tr_0x1000042a2,78747,True
func_Tr_0x1000042ac,77044,False
func_Tr_0x1000042ae,77101,False
func_Tr_0x1000042b0,78648,True
func_Tr_0x1000042b2,76841,True
func_Tr_0x1000042b4,76790,True
func_Tr_0x1000042b6,78345,False
func_Tr_0x1000042ba,78481,True
func_Tr_0x1000042be,77951,False
func_Tr_0x1000042c2,77555,False
func_Tr_0x1000042c6,77385,True
func_Tr_0x1000042c8,76925,False
func_Tr_0x1000042ce,77085,True
func_Tr_0x1000042d2,77710,False
func_Tr_0x1000042d4,76808,True
func_Tr_0x1000042d6,77659,False
func_Tr_0x1000042e0,77582,True
func_Tr_0x1000042e4,78386,True
func_Tr_0x1000042e8,78409,True
func_Tr_0x1000042ec,78646,True
func_Tr_0x1000042ee,77601,True
func_Tr_0x1000042f4,78114,False
func_Tr_0x1000042f8,77885,False
func_Tr_0x1000042fa,76847,True
func_Tr_0x100004306,77551,True
func_Tr_0x10000430e,77975,False
func_Tr_0x100004310,77052,True
func_Tr_0x100004314,76993,True
func_Tr_0x100004316,76899,True
func_Tr_0x10000431a,77498,False
func_Tr_0x10000431e,78410,True
func_Tr_0x100004324,77799,True
func_Tr_0x100004336,78165,True
func_Tr_0x100004338,76812,False
func_Tr_0x10000433c,77295,True
func_Tr_0x100004342,77680,False
func_Tr_0x100004344,76781,False
func_Tr_0x10000434a,78686,True
func_Tr_0x100004352,76806,False
func_Tr_0x100004356,77695,True
func_Tr_0x10000435a,78306,False
func_Tr_0x10000435f,76937,False
func_Tr_0x100004370,76763,False
func_Tr_0x100004374,78054,True
func_Tt_0x100004b83,77301,False
func_Tt_0x100004c9e,78505,False
func_Tt_0x1000090a0,77128,True
func_Tt_0x1000090ee,77175,False
func_U_0x1000001f2,78724,False
func_U_0x1000001fa,77219,False
func_U_0x10000347c,78324,True
func_U_0x100003508,77341,True
func_U_0x100003601,76775,False
func_U_0x100003607,77608,True
func_U_0x10000360f,76805,True
func_U_0x100003611,76986,True
func_U_0x10000366f,77972,True
func_U_0x10000369e,78617,True
func_U_0x1000036a0,77130,False
func_U_0x1000037a4,78463,False
func_U_0x1000037ac,78039,False
func_U_0x100003b0d,77664,False
func_U_0x100003b39,78219,False
func_U_0x100003bf5,76855,False
func_U_0x100003c42,78643,False
func_U_0x100003c44,78531,True
func_U_0x100003c46,78744,True
func_U_0x100003c4a,77247,False
func_U_0x1000043b3,77925,False
func_U_0x1000043d1,77093,False
func_U_0x10000449a,77868,True
func_U_0x100004b09,77001,True
func_U_0x100004cea,78394,True
func_U_0x100004cec,77865,True
func_U_0x100004d02,78211,True
func_U_0x100004d0c,78422,False
func_U_0x100004d0e,77081,False
func_U_0x100004d12,77386,False
func_U_0x100004d1a,78215,True
func_U_0x100004d1e,77148,True
func_U_0x100004d20,77950,True
func_U_0x100004d22,77471,False
func_U_0x100004d28,78374,False
func_U_0x100005d72,78191,True
func_U_0x100005d94,77431,True
func_U_0x1000065a9,77318,False
func_U_0x1000065ab,77291,False
func_U_0x1000065b1,77056,False
func_U_0x100006c71,78314,True
func_U_0x100006d3c,78308,False
func_U_0x100006e32,77689,True
func_U_0x100006e34,77213,False
func_U_0x100006e36,77584,False
func_U_0x100006e38,78561,True
func_U_0x100006e3a,77260,True
func_U_0x100006e4a,76798,True
func_U_0x100006e67,78441,True
func_U_0x100007441,77444,True
func_U_0x100007443,77497,False
func_U_0x100007880,78663,True
func_U_0x100007aba,77144,False
func_U_0x100007ba3,77765,False
func_U_0x100007ba9,77335,True
func_U_0x100008050,77075,False
func_U_0x100008116,77067,True
func_U_0x10000811c,78201,False
func_U_0x100008120,77923,True
func_U_0x10000827f,77675,True
func_U_0x1000082ce,77357,False
func_U_0x1000089d2,78156,True
func_U_0x100008c43,78543,False
func_U_0x100008cfe,77633,False
func_U_0x100008d0a,76830,True
func_U_0x100008f82,77448,True
func_Ua_0x100004bfe,76913,True
func_Ua_0x100004c04,77769,False
func_Ue_0x10000671c,78227,False
func_Ue_0x100008896,78340,True
func_Ue_0x1000088b3,78506,True
func_Ue_0x1000088d4,77331,False
func_Ue_0x1000088d6,78518,True
func_Ue_0x100008fba,77799,True
func_Ui_0x100007cff,77773,False
func_Ui_0x100007d01,78739,False
func_Ui_0x100007d03,78681,False
func_Un_0x100004001,78247,True
func_Un_0x100004003,78245,True
func_Un_0x10000402d,77029,False
func_Un_0x100004111,77521,False
func_Un_0x100004383,77766,False
func_Ur_0x100004b6a,78205,True
func_Ur_0x100004b70,78532,True
func_Ur_0x100004b72,78138,False
func_Ur_0x100004b74,78199,True
func_Ur_0x100004bb4,77491,True
func_Ur_0x10000905f,76905,True
func_Ur_0x1000090bd,77937,True
func_Ut_0x10000059c,78035,True
func_Ut_0x1000039bd,76891,False
func_Ut_0x1000039c1,76938,True
func_Ut_0x100005b72,78517,True
func_Ut_0x100006651,77834,True
func_Ut_0x100006664,77801,True
func_Ut_0x100006667,78059,False
func_Ut_0x100006678,78371,True
func_Ut_0x100008f73,78751,True
func_V_0x100000202,77837,True
func_V_0x10000344e,78298,False
func_V_0x10000352c,77845,False
func_V_0x100003530,78017,False
func_V_0x100003532,77798,False
func_V_0x100003620,76949,False
func_V_0x100003623,78551,True
func_V_0x1000037db,77276,True
func_V_0x100003bf6,76956,True
func_V_0x100003bf9,78491,True
func_V_0x100003bfb,76844,False
func_V_0x1000043b4,77094,False
func_V_0x1000043cb,77928,False
func_V_0x1000043d2,77143,True
func_V_0x1000044a3,78391,False
func_V_0x100004b14,78589,False
func_V_0x100005040,78250,True
func_V_0x10000530c,77288,True
func_V_0x10000530f,78540,False
func_V_0x100005316,78537,True
func_V_0x10000531d,78098,False
func_V_0x100005325,78577,True
func_V_0x100005327,77735,False
func_V_0x100005329,77110,False
func_V_0x1000054a8,77712,True
func_V_0x10000580d,78410,True
func_V_0x100005d17,77536,True
func_V_0x1000065b2,78037,True
func_V_0x1000065b4,77422,True
func_V_0x100006b5f,78687,False
func_V_0x100006e4e,78242,True
func_V_0x100006e69,78502,False
func_V_0x10000797e,77138,False
func_V_0x100007980,77141,True
func_V_0x100007982,77664,False
func_V_0x100007baa,78552,True
func_V_0x10000806c,77513,False
func_V_0x1000082d1,78598,False
func_V_0x10000845f,78012,True
func_V_0x10000846e,77255,True
func_V_0x100008472,78220,True
func_V_0x1000086cf,77346,False
func_Ve_0x1000005a0,78598,True
func_Ve_0x1000039a6,78601,False
func_Ve_0x1000039f4,77174,False
func_Ve_0x100003cef,77955,False
func_Ve_0x100005e09,77866,False
func_Ve_0x100005e19,76904,False
func_Ve_0x100005e3c,78275,False
func_Ve_0x100006462,76931,True
func_Ve_0x100006468,77367,True
func_Ve_0x100006470,76839,True
func_Ve_0x100006476,77919,False
func_Ve_0x100006480,77245,False
func_Ve_0x10000661f,77331,True
func_Ve_0x10000664d,76861,False
func_Ve_0x10000666a,77779,True
func_Ve_0x100006671,78441,False
func_Ve_0x100006682,78317,True
func_Ve_0x100006688,78571,False
func_Ve_0x100006698,77227,True
func_Ve_0x1000079c6,77910,False
func_Ve_0x100007a57,77998,True
func_Ve_0x100007a74,77392,False
func_Ve_0x100008ca1,76965,True
func_Ve_0x100008ca5,76845,False
func_Ve_0x100008ca9,77729,True
func_Ve_0x100008ea7,78053,True
func_Ve_0x100008ead,77747,True
func_Ve_0x100008eaf,77914,True
func_Ve_0x100008eb7,77311,True
func_Ve_0x100008ec1,78190,False
func_Ve_0x100008ec5,77322,False
func_Ve_0x100008ecb,77306,False
func_Ve_0x100008ed9,78584,False
func_Vi_0x1000045b7,77154,True
func_Vi_0x1000047e3,78203,True
func_Vi_0x10000488d,77286,False
func_Vo_0x100004805,77874,False
func_Vo_0x100004807,76840,True
func_Vo_0x10000586c,78133,False
func_Vr_0x100005b96,77333,False
func_Vr_0x100005b9a,78153,True
func_Vr_0x1000088f3,77798,False
func_Vr_0x100008910,77102,False
func_Vt_0x100003dd8,77713,True
func_Vt_0x100003de2,78648,False
func_Vt_0x100003e1f,78576,False
func_Vt_0x100004e57,77429,False
func_Vt_0x10000545b,77865,False
func_Vt_0x100006596,78198,False
func_Vt_0x100006598,78052,True
func_Vt_0x10000659a,77888,True
func_Vt_0x10000659c,77925,False
func_Vt_0x100008ce3,78057,False
func_Vt_0x100008ce9,78514,False
func_W_0x100000126,77467,False
func_W_0x100000135,78551,True
func_W_0x100000155,78692,True
func_W_0x1000001b1,78015,True
func_W_0x100000216,76762,True
func_W_0x100000275,76847,True
func_W_0x1000002eb,78161,False
func_W_0x1000002ed,77356,True
func_W_0x1000002f3,78319,True
func_W_0x1000002f5,78465,True
func_W_0x100000890,76822,False
func_W_0x100000892,77192,False
func_W_0x100000895,77780,True
func_W_0x1000034dd,78743,True
func_W_0x10000358e,77173,True
func_W_0x100003592,77418,False
func_W_0x100003963,78134,False
func_W_0x100003b52,77332,True
func_W_0x100003ba4,76842,True
func_W_0x100003be0,77749,False
func_W_0x100003be2,77097,False
func_W_0x100003e94,77794,False
func_W_0x100003e98,77879,True
func_W_0x1000048e5,77047,False
func_W_0x1000048ed,77315,False
func_W_0x1000048f1,76903,True
func_W_0x1000048f3,77931,True
func_W_0x1000048f5,77457,False
func_W_0x100004f49,78550,False
func_W_0x100004f4d,76874,False
func_W_0x100004f4f,77067,True
func_W_0x1000050bc,77588,False
func_W_0x1000050c0,78155,False
func_W_0x1000050c2,76841,False
func_W_0x1000050c4,77770,False
func_W_0x1000050c6,76774,True
func_W_0x100005508,78381,True
func_W_0x100005510,77589,False
func_W_0x1000056ad,77407,True
func_W_0x1000056af,76927,False
func_W_0x1000056e7,78526,False
func_W_0x10000576b,77736,True
func_W_0x100005b20,77911,True
func_W_0x100005b2c,77498,True
func_W_0x100005b41,77621,False
func_W_0x1000062cb,78336,False
func_W_0x1000062d8,77037,True
func_W_0x10000631f,78255,True
func_W_0x100006321,77593,False
func_W_0x100006327,77854,True
func_W_0x100006335,77070,False
func_W_0x100006386,77043,True
func_W_0x10000638f,77235,False
func_W_0x100006393,77571,False
func_W_0x1000066a9,76915,True
func_W_0x1000069e3,76838,True
func_W_0x100006f93,76905,False
func_W_0x100006f97,77194,False
func_W_0x1000071a8,77772,False
func_W_0x100007487,77656,False
func_W_0x10000764a,78398,True
func_W_0x100007655,76838,True
func_W_0x100007bc6,76837,False
func_W_0x100007bec,78695,False
func_W_0x10000815c,77167,False
func_W_0x10000826c,77943,False
func_W_0x100008381,77470,False
func_W_0x10000838c,77370,False
func_W_0x1000083ea,77055,False
func_W_0x100008584,77948,True
func_W_0x100008994,78334,False
func_W_0x100008a45,78650,False
func_W_0x100008dff,77964,True
func_Wa_0x100005877,78658,False
func_Wa_0x10000587d,76953,True
func_We_0x1000039fa,76975,True
func_We_0x100003a00,77385,False
func_We_0x100003a0c,78347,True
func_We_0x100003a0e,78562,False
func_We_0x100003c6f,78484,True
func_We_0x100003da5,78390,False
func_We_0x100003dad,78413,False
func_We_0x100003db1,77669,True
func_We_0x100003de8,78616,False
func_We_0x100003dea,77148,False
func_We_0x10000545e,77304,False
func_We_0x100005466,76841,True
func_We_0x100006455,78164,True
func_We_0x10000646b,78420,False
func_We_0x100006487,77806,True
func_We_0x100006489,77868,False
func_We_0x10000648b,78335,False
func_We_0x10000648d,77284,False
func_We_0x10000648f,78309,False
func_We_0x100006493,78135,True
func_We_0x100006499,78586,False
func_We_0x100006fd1,76800,False
func_We_0x100006fdb,77855,True
func_We_0x100006fdf,77434,True
func_We_0x100006fe1,77513,True
func_We_0x1000085f2,77170,True
func_We_0x1000085fa,78656,True
func_We_0x100008c9e,77349,False
func_We_0x100008f2c,77614,False
func_We_0x100008f2e,78421,False
func_We_0x100008f30,77654,False
func_We_0x100008f32,78740,True
func_We_0x100008f36,76864,True
func_We_0x100008f38,78619,False
func_We_0x100008f3a,77142,False
func_We_0x100008f3e,78316,False
func_We_0x100008f46,77411,True
func_We_0x100008f48,78247,False
func_We_0x100008f4e,78036,False
func_We_0x100008f50,78076,False
func_We_0x100008f5a,78616,False
func_We_0x100008f5c,77083,False
func_We_0x100008f5f,78075,False
func_We_0x100008f61,77198,False
func_Wi_0x100000774,78467,False
func_Wi_0x100000780,77411,False
func_Wi_0x100000784,77789,False
func_Wi_0x100000786,78331,True
func_Wi_0x10000078a,77973,True
func_Wi_0x10000078c,78444,False
func_Wi_0x1000079f0,77917,True
func_Wi_0x1000079f2,77886,True
func_Wi_0x1000079f4,76827,False
func_Wn_0x100004364,76856,True
func_Wn_0x10000436c,76858,True
func_Wr_0x1000087eb,77582,True
func_Wr_0x10000887e,78304,True
func_Wr_0x100008880,77398,False
func_Wr_0x100008886,77403,False
func_Wr_0x100008888,77177,True
func_Wr_0x100008912,76826,False
func_Wr_0x100008914,78491,False
func_Wr_0x100008916,76793,True
func_Wt_0x100004cad,77951,False
func_Wt_0x100009019,78427,False
func_Wt_0x100009027,77474,True
func_Wt_0x100009043,77338,True
func_Wt_0x1000090ed,77548,True
func_Wt_0x1000090f9,78452,False
func_X_0x10000021f,78459,True
func_X_0x1000002ba,77808,True
func_X_0x1000036a7,77858,True
func_X_0x100003888,77405,True
func_X_0x10000388a,78467,False
func_X_0x10000388c,77742,False
func_X_0x100003893,78497,True
func_X_0x100003b1a,78405,False
func_X_0x100003b1c,77276,True
func_X_0x100003bf2,77799,False
func_X_0x100003c14,78597,True
func_X_0x10000446a,77561,False
func_X_0x100004d56,78437,False
func_X_0x100004e11,77104,True
func_X_0x100004fbe,77127,False
func_X_0x100004fc0,77667,False
func_X_0x100005331,78277,False
func_X_0x1000054d3,78478,False
func_X_0x1000054f5,78408,False
func_X_0x1000054f7,78454,True
func_X_0x1000054f9,77858,True
func_X_0x10000555a,78494,False
func_X_0x10000555e,78458,True
func_X_0x100005755,77055,True
func_X_0x100005da2,78401,True
func_X_0x100005f2f,77447,True
func_X_0x100006dd2,77084,True
func_X_0x100007809,78636,False
func_X_0x10000780d,77164,True
func_X_0x10000780f,78012,True
func_X_0x100007975,78511,False
func_X_0x100007aaf,78726,False
func_X_0x100007ab4,78296,True
func_X_0x100007ac1,78010,True
func_X_0x100007bcd,78245,False
func_X_0x100007d9a,78584,False
func_X_0x100007dbf,77307,True
func_X_0x100007df8,77713,False
func_X_0x100007dfa,76944,True
func_X_0x1000084d4,77356,False
func_X_0x1000084f9,77415,True
func_X_0x1000084ff,77455,False
func_X_0x100008a5a,77273,True
func_X_0x100008dd3,77173,False
func_X_0x100008e21,78497,False
func_X_0x100008e24,78254,True
func_Xe_0x1000039b5,78298,False
func_Xe_0x100003a02,78603,False
func_Xe_0x100003a0a,77629,False
func_Xe_0x100003a10,76823,False
func_Xe_0x1000053ed,77975,True
func_Xe_0x100006448,78561,True
func_Xe_0x100006fbd,77269,False
func_Xe_0x100006fbf,77793,True
func_Xe_0x100006fc1,78740,False
func_Xe_0x100006fec,77324,True
func_Xe_0x1000075da,76814,False
func_Xe_0x1000075fa,78367,True
func_Xe_0x100007606,77656,False
func_Xe_0x10000760a,78131,False
func_Xe_0x10000760c,78001,True
func_Xe_0x100007610,77252,False
func_Xe_0x100007785,78137,False
func_Xe_0x100007789,77546,True
func_Xe_0x10000778f,76875,True
func_Xe_0x100007797,76811,False
func_Xe_0x1000077aa,77337,False
func_Xe_0x1000077b4,77051,True
func_Xe_0x1000085f6,78563,True
func_Xe_0x100008bab,77096,True
func_Xe_0x100008bad,77131,False
func_Xe_0x100008bb8,78041,True
func_Xe_0x100008bf1,77999,False
func_Xe_0x100008bf3,76859,True
func_Xe_0x100008bf9,78482,False
func_Xi_0x100005f5b,77694,True
func_Xi_0x100005f5d,77537,False
func_Xi_0x100005f5f,76917,False
func_Xi_0x100005f61,78156,True
func_Xi_0x100006166,78749,False
func_Xi_0x1000061a4,78556,True
func_Xi_0x1000061a6,77296,True
func_Xi_0x1000061e9,78293,False
func_Xi_0x100006289,78161,False
func_Xn_0x100008878,76965,False
func_Xn_0x100008884,77853,False
func_Xn_0x1000088aa,77245,True
func_Xn_0x100008903,78577,False
func_Xt_0x100003c60,78316,False
func_Xt_0x100003db5,76956,False
func_Xt_0x100003dff,78499,True
func_Xt_0x100004e3a,77759,True
func_Xt_0x100004e48,76961,True
func_Xt_0x100004e4b,76863,False
func_Xt_0x100004e53,77997,False
func_Xt_0x100004e59,78751,True
func_Xt_0x100006fda,77295,True
func_Xt_0x100006ffb,78336,True
func_Xt_0x1000075f2,77522,True
func_Xt_0x100008544,78735,False
func_Xt_0x1000086df,77711,False
func_Xt_0x100008c94,78050,False
func_Ye_0x1000036e2,76996,True
func_Ye_0x100008619,77127,False
func_Yi_0x100007d1b,78204,True
func_Yi_0x100007d1d,77543,True
func_Yi_0x100007d1f,77060,False
func_Yi_0x100007d25,77914,False
func_Yi_0x100007d29,78213,False
func_Yt_0x1000039b8,76805,True
func_Yt_0x100005b86,78713,True
func_Yt_0x100005bc3,78130,True
func_Yt_0x100005bfb,78322,True
func_Yt_0x100005c01,77897,True
func_Yt_0x100005c03,77482,False
func_Yt_0x100005c09,78467,True
func_Yt_0x100005c11,77376,False
func_Yt_0x100005df7,77509,True
func_Yt_0x100005e30,78710,True
func_Yt_0x10000665f,78329,True
func_Yt_0x1000079a5,77629,False
func_Yt_0x100007a10,77626,False
func_Yt_0x100007a5a,76770,False
func_Yt_0x100008b00,76800,False
func_Yt_0x100008bcd,78709,True
func_Yt_0x100008ecd,78587,False
func_Z_0x100003b60,77508,False
func_Z_0x100003c9c,78312,True
func_Z_0x100003ca0,78590,True
func_Z_0x100003cc2,78158,True
func_Z_0x100003d88,76872,False
func_Z_0x10000496c,78498,False
func_Z_0x100004ad9,78449,True
func_Z_0x100004dfd,76967,False
func_Z_0x10000506c,78496,True
func_Z_0x100005078,77277,False
func_Z_0x100005315,78508,True
func_Z_0x100005336,77428,True
func_Z_0x10000533e,78106,False
func_Z_0x1000053d8,78399,False
func_Z_0x1000053e0,78722,False
func_Z_0x1000054d4,77460,False
func_Z_0x1000054d6,78758,True
func_Z_0x100005558,77120,False
func_Z_0x100005663,77049,True
func_Z_0x10000566b,78646,False
func_Z_0x10000566d,77228,True
func_Z_0x10000566f,78213,False
func_Z_0x100005c1d,78121,True
func_Z_0x100005cb4,78410,True
func_Z_0x100005cb6,76864,False
func_Z_0x100005cbc,78672,False
func_Z_0x100005cc2,77404,False
func_Z_0x1000066ea,76794,True
func_Z_0x1000066ed,77981,True
func_Z_0x1000066f5,77058,False
func_Z_0x1000066f9,77162,True
func_Z_0x1000066fb,78328,False
func_Z_0x100006700,77495,False
func_Z_0x100006705,76969,False
func_Z_0x100006a00,78748,False
func_Z_0x100006d37,78314,True
func_Z_0x100006dba,77068,False
func_Z_0x100007860,78064,True
func_Z_0x100007862,78748,True
func_Z_0x100007864,78034,True
func_Z_0x100007868,77447,False
func_Z_0x10000797b,78198,False
func_Z_0x100007aa9,78141,False
func_Z_0x100007ea4,77431,False
func_Z_0x1000083de,76810,True
func_Z_0x100008401,77796,True
func_Z_0x1000089c8,76926,True
func_Z_0x1000089d0,77136,True
func_Za_0x100004013,77325,True
func_Za_0x100004133,76807,False
func_Ze_0x10000585f,77259,True
func_Ze_0x10000586a,78167,False
func_Ze_0x100005882,78215,True
func_Ze_0x100005890,77367,False
func_Ze_0x100005892,77929,True
func_Ze_0x1000059b1,77025,False
func_Ze_0x1000059ca,77850,True
func_Ze_0x1000059cc,77855,True
func_Ze_0x1000059d2,77989,False
func_Ze_0x1000059de,77978,True
func_Ze_0x1000059ec,77746,True
func_Ze_0x1000059f6,77402,False
func_Ze_0x100005a0e,78609,True
func_Ze_0x100005a1e,78756,True
func_Ze_0x100005a2c,78142,False
func_Ze_0x100005a2e,77658,True
func_Ze_0x100005a62,77583,False
func_Ze_0x100005a6e,77766,False
func_Ze_0x100005a8e,77641,False
func_Ze_0x100005a90,77079,True
func_Ze_0x100005a92,78114,True
func_Ze_0x100005ad7,77941,False
func_Zi_0x10000411d,77669,False
func_Zo_0x100007ceb,78230,False
func_Zo_0x100007cf3,77472,True
func_Zo_0x100007d1a,78546,True
func_Zr_0x100007c66,78712,False
func_Zr_0x100007d73,77838,False
func_Zr_0x1000090e2,77375,False
func_Zr_0x1000090e4,77023,False
func_Zt_0x100003c5e,78392,True
func_Zt_0x100003db4,77824,True
func_Zt_0x100003dd7,76971,False
func_Zt_0x100003df0,77458,True
func_Zt_0x10000539e,77792,True
func_Zt_0x100005494,77939,True
func_Zt_0x100005496,78699,True
func_Zt_0x10000658d,77573,True
func_Zt_0x10000658f,76872,False
func_Zt_0x10000659e,77457,True
func_Zt_0x100008784,76794,True
func_Zt_0x100008796,78713,False
func_Zt_0x100008ce5,77993,False
func_Zt_0x100008ce7,78293,False
func_a_0x10000001e,77361,True
func_a_0x10000009e,78154,True
func_a_0x1000000ab,78602,True
func_a_0x100000181,77690,True
func_a_0x100000252,77769,True
func_a_0x100000269,76879,False
func_a_0x100000289,76787,True
func_a_0x10000029e,77799,True
func_a_0x1000002f8,78622,True
func_a_0x100000341,76831,False
func_a_0x1000003e4,78476,True
func_a_0x1000003e8,78273,False
func_a_0x1000003ef,78541,False
func_a_0x100000405,77379,False
func_a_0x100000418,78673,False
func_a_0x100000430,76891,False
func_a_0x100000449,78218,False
func_a_0x10000047f,78471,False
func_a_0x1000004af,78614,False
func_a_0x1000004df,77782,False
func_a_0x1000004e5,77627,True
func_a_0x1000004fe,77890,False
func_a_0x100000509,77249,True
func_a_0x100000533,78403,True
func_a_0x10000053a,78632,False
func_a_0x10000058c,77809,True
func_a_0x1000007e3,76972,True
func_a_0x1000007f1,76874,False
func_a_0x10000081d,77445,False
func_a_0x100000828,78420,False
func_a_0x100000830,78303,False
func_a_0x10000089c,78055,True
func_a_0x1000008c9,78467,True
func_a_0x1000008cd,77057,False
func_a_0x1000008d1,77532,True
func_a_0x1000008db,77262,True
func_a_0x1000008fb,77605,False
func_a_0x100000921,78310,True
func_a_0x1000038eb,77300,True
func_a_0x10000398a,78640,True
func_a_0x10000399d,78690,True
func_a_0x100003a7e,77061,True
func_a_0x100003eb2,77395,False
func_a_0x100003eba,78674,False
func_a_0x10000440e,76888,True
func_a_0x10000441d,77382,False
func_a_0x1000048aa,78420,False
func_a_0x100004d81,77668,False
func_a_0x100004e7a,77180,False
func_a_0x100004e84,76861,False
func_a_0x100004eb6,78154,True
func_a_0x100004f52,76849,True
func_a_0x100004f7c,77184,False
func_a_0x100004f83,77382,False
func_a_0x100004fbc,77880,True
func_a_0x100004fd5,77411,False
func_a_0x100005050,77724,True
func_a_0x10000509b,78449,True
func_a_0x1000050d1,77893,True
func_a_0x100005185,77140,False
func_a_0x10000518a,78442,True
func_a_0x1000051a5,77131,True
func_a_0x1000051e6,76910,True
func_a_0x100005224,77186,False
func_a_0x1000052e7,76769,False
func_a_0x1000054ac,77446,False
func_a_0x1000054c5,76953,False
func_a_0x1000054c8,77098,False
func_a_0x1000062ef,78066,True
func_a_0x100006338,78689,False
func_a_0x100006366,76840,False
func_a_0x10000669e,77262,True
func_a_0x1000068b5,78222,True
func_a_0x1000068bf,77616,True
func_a_0x1000069b0,77891,True
func_a_0x100006a2f,77616,True
func_a_0x100006a3d,77014,False
func_a_0x100006a40,77671,True
func_a_0x100006a50,77664,False
func_a_0x100006af7,77174,True
func_a_0x100006bb5,76903,False
func_a_0x100006c24,77963,False
func_a_0x100006c98,77658,False
func_a_0x100006cce,77142,False
func_a_0x100006d69,77149,False
func_a_0x100006def,77610,False
func_a_0x100006eb2,77622,True
func_a_0x100006f5b,78602,True
func_a_0x100006f65,78455,True
func_a_0x100006f71,78520,True
func_a_0x100006f80,77928,False
func_a_0x1000071d7,77784,True
func_a_0x100007259,77463,True
func_a_0x100007474,78558,False
func_a_0x1000074ac,77039,True
func_a_0x1000074f8,77472,False
func_a_0x1000074fe,76934,True
func_a_0x10000755d,78680,False
func_a_0x10000756d,78124,True
func_a_0x10000763b,77444,True
func_a_0x100007668,76916,False
func_a_0x10000766d,77671,True
func_a_0x1000078de,78133,True
func_a_0x100007928,77332,False
func_a_0x100007ac4,77251,False
func_a_0x100007b0f,76828,False
func_a_0x100007b35,77465,True
func_a_0x100007d8a,78207,False
func_a_0x100007dca,77148,False
func_a_0x100007de8,78650,False
func_a_0x100007e5e,76834,True
func_a_0x100008498,77945,False
func_a_0x10000855b,77762,True
func_a_0x100008676,77966,True
func_a_0x100008683,77242,True
func_a_0x100008739,78473,True
func_ae_0x100000203,78709,True
func_ae_0x100003473,78724,False
func_ae_0x100003666,77363,True
func_ae_0x100003c32,78441,False
func_ae_0x100003c34,78479,True
func_ae_0x100005450,77886,True
func_ae_0x100005452,77097,False
func_ae_0x1000055af,78243,True
func_ae_0x1000055b3,78710,False
func_ae_0x1000055c5,76939,False
func_ae_0x1000055c9,77711,False
func_ae_0x1000055cb,77363,True
func_ae_0x1000055cd,78371,False
func_ae_0x1000055d1,78208,False
func_ae_0x1000055d3,77282,False
func_ae_0x1000055d7,77284,False
func_ae_0x1000055e3,78359,True
func_ae_0x100006715,77552,False
func_ae_0x100006c34,78156,True
func_ae_0x1000073c0,78016,False
func_ae_0x1000073cc,77805,False
func_ae_0x1000073dd,77044,True
func_ae_0x1000073ec,77401,False
func_ae_0x10000796f,77198,True
func_ae_0x100008125,77331,False
func_ae_0x100008214,77845,True
func_ae_0x10000830b,77039,False
func_ae_0x100008337,77147,True
func_ae_0x100008344,78302,False
func_ae_0x100008451,77849,True
func_ae_0x1000085d1,77390,True
func_ae_0x100008656,78588,False
func_ae_0x1000089e7,78349,False
func_ae_0x100008b32,78116,False
func_ae_0x100008cd1,78216,True
func_ai_0x100007d56,78565,False
func_an_0x100006106,77724,True
func_an_0x10000614b,78148,False
func_an_0x100006182,77618,True
func_an_0x1000061b9,77765,True
func_an_0x1000061bc,77617,True
func_an_0x100006273,77463,True
func_at_0x100005f40,77907,False
func_at_0x100005f48,78411,False
func_at_0x100005f4c,78689,False
func_at_0x100006014,77603,False
func_at_0x100006026,77406,True
func_at_0x100006028,77643,True
func_at_0x10000602a,78519,False
func_at_0x10000602c,77307,False
func_at_0x10000605c,78260,False
func_at_0x10000606e,78194,False
func_at_0x100006074,78102,False
func_at_0x10000607a,78272,True
func_at_0x10000607c,77328,True
func_at_0x10000608a,77068,True
func_at_0x100006090,77070,True
func_at_0x100006098,78258,True
func_at_0x1000060ca,77192,True
func_at_0x1000060d4,77555,False
func_at_0x1000060da,78073,False
func_at_0x1000060de,78603,True
func_at_0x1000060e2,78442,False
func_at_0x1000060e4,77098,False
func_at_0x1000060e6,78516,False
func_at_0x1000060ea,78354,False
func_at_0x1000060ec,78169,False
func_at_0x1000060ee,77795,False
func_at_0x1000060f7,77123,True
func_at_0x100006100,78251,False
func_at_0x100006102,77363,False
func_at_0x100006108,77958,False
func_at_0x10000610c,77817,True
func_at_0x100006112,77097,False
func_at_0x10000611f,77229,False
func_at_0x100006121,77111,False
func_at_0x100006123,78408,False
func_at_0x100006125,77955,True
func_at_0x100006143,78748,True
func_at_0x100006152,77262,True
func_at_0x100006156,78640,False
func_at_0x10000617e,78604,True
func_at_0x1000061b1,78341,True
func_at_0x1000061f0,77319,True
func_at_0x1000061f2,78444,True
func_at_0x100006213,78639,False
func_at_0x100006215,76850,True
func_at_0x100006219,76928,True
func_at_0x100006231,77668,False
func_at_0x100006235,78038,True
func_at_0x100006244,76877,True
func_at_0x10000626c,77674,False
func_at_0x100006290,78531,False
func_b_0x10000011d,77156,True
func_b_0x100000159,78291,False
func_b_0x1000001d2,77325,False
func_b_0x100000218,78448,True
func_b_0x10000021a,78012,False
func_b_0x100000292,78156,False
func_b_0x1000035be,78034,True
func_b_0x100003867,78142,False
func_b_0x100003869,76901,False
func_b_0x100003885,77630,False
func_b_0x100003915,77584,False
func_b_0x10000396b,77282,True
func_b_0x10000396d,77423,False
func_b_0x100003ac8,77319,False
func_b_0x100003b69,76829,True
func_b_0x100003cda,77176,False
func_b_0x100003e92,77406,True
func_b_0x100004437,77689,False
func_b_0x1000048e3,78442,False
func_b_0x1000048e9,77175,True
func_b_0x1000048ef,77530,True
func_b_0x100004eb3,77477,True
func_b_0x100004f12,76808,True
func_b_0x100004fd6,77377,True
func_b_0x100005267,77801,True
func_b_0x100005280,77747,False
func_b_0x1000056a6,78690,True
func_b_0x10000571a,78717,True
func_b_0x10000575c,77586,True
func_b_0x100005c7b,77499,False
func_b_0x100005cd4,78437,True
func_b_0x100005ebd,78145,False
func_b_0x10000632d,77702,False
func_b_0x100006382,77992,False
func_b_0x1000066ad,77191,False
func_b_0x1000066b3,76828,True
func_b_0x100006825,78361,True
func_b_0x10000697d,77617,False
func_b_0x1000069e1,77353,False
func_b_0x100006bb0,78431,False
func_b_0x100006ca6,78272,False
func_b_0x100006d28,78012,True
func_b_0x100006d99,76906,False
func_b_0x100006df1,78100,False
func_b_0x100006e7c,77284,False
func_b_0x100006e80,78373,True
func_b_0x100006e8d,78269,False
func_b_0x100006e9b,78231,False
func_b_0x1000071aa,76835,False
func_b_0x1000071ac,77633,True
func_b_0x100007274,78291,False
func_b_0x100007278,78109,True
func_b_0x10000735e,77675,True
func_b_0x100007bbc,78308,True
func_b_0x100008071,77595,True
func_b_0x100008155,76985,True
func_b_0x100008157,77982,False
func_b_0x10000815a,78703,False
func_b_0x100008163,78107,True
func_b_0x1000082a9,76903,False
func_b_0x10000838e,77756,False
func_b_0x100008700,77313,True
func_b_0x10000892d,78251,False
func_b_0x100008998,76844,True
func_b_0x1000089fd,76763,True
func_b_0x100008a15,78609,True
func_b_0x100008a41,77187,True
func_b_0x100008e0e,77341,True
func_b_0x100009110,77474,True
func_be_0x100003489,77485,True
func_be_0x10000348b,77943,False
func_be_0x100003c5d,78146,False
func_be_0x100005421,77471,True
func_be_0x10000546b,78274,False
func_be_0x10000549a,78145,True
func_be_0x100005771,77509,False
func_be_0x1000057a2,77274,True
func_be_0x1000057a6,78248,True
func_be_0x1000057a8,77613,True
func_be_0x1000057ae,76823,True
func_be_0x1000057bb,76984,False
func_be_0x1000057bd,77623,False
func_be_0x1000057bf,76790,False
func_be_0x1000057c5,77409,True
func_be_0x1000057c9,77165,False
func_be_0x1000057cb,77688,True
func_be_0x1000057cd,77472,False
func_be_0x1000057cf,78336,False
func_be_0x1000057d5,78717,True
func_be_0x1000057d7,78751,False
func_be_0x1000057db,78250,True
func_be_0x1000057df,78393,True
func_be_0x100005801,78655,False
func_be_0x100005803,77814,True
func_be_0x100006713,77254,True
func_be_0x100006718,76860,True
func_be_0x100006810,78145,False
func_be_0x100006816,77973,False
func_be_0x100006fad,76779,True
func_be_0x100006faf,78199,True
func_be_0x100006ff3,78633,True
func_be_0x100006ff8,77712,False
func_be_0x100007002,77958,False
func_be_0x10000703e,77892,False
func_be_0x10000832a,78295,True
func_be_0x100008548,78418,False
func_be_0x100008773,77525,False
func_be_0x100008781,77195,False
func_be_0x100008cda,78728,False
func_bi_0x100004baf,77000,False
func_bi_0x100009080,76973,False
func_bi_0x100009084,77964,True
func_bi_0x100009086,77155,False
func_bi_0x10000908e,78096,True
func_bn_0x100005884,78489,False
func_bn_0x100005a4c,77292,False
func_bu_0x100006038,77456,False
func_bu_0x100006169,77307,True
func_bu_0x10000616f,77402,True
func_c_0x100000131,77822,False
func_c_0x100000146,78697,True
func_c_0x100000163,77844,True
func_c_0x100000210,76896,False
func_c_0x100000244,77056,True
func_c_0x100000253,77447,False
func_c_0x1000002da,77094,False
func_c_0x1000002dd,78243,False
func_c_0x1000003bf,78276,False
func_c_0x100000413,76877,True
func_c_0x100000511,77993,False
func_c_0x10000089f,77987,False
func_c_0x10000090a,77357,False
func_c_0x1000034cb,77542,False
func_c_0x1000034f8,77528,True
func_c_0x10000383f,77492,True
func_c_0x100003ab7,77608,True
func_c_0x100003cae,76938,False
func_c_0x100003ea5,78588,True
func_c_0x100003ebb,77915,False
func_c_0x100004400,77458,False
func_c_0x1000044bd,76989,False
func_c_0x100004934,77117,False
func_c_0x100004d46,77473,True
func_c_0x100004ff6,76762,False
func_c_0x100005051,77506,True
func_c_0x1000050b7,77768,False
func_c_0x1000051be,77257,False
func_c_0x100005226,77756,False
func_c_0x100005228,78121,True
func_c_0x10000523f,77611,True
func_c_0x10000524c,77541,False
func_c_0x1000052e8,78212,True
func_c_0x10000560c,78077,True
func_c_0x10000567a,77554,False
func_c_0x1000056d1,77219,False
func_c_0x100005732,76951,False
func_c_0x100005763,76811,False
func_c_0x10000631e,78388,False
func_c_0x100006368,78620,True
func_c_0x10000652f,77488,False
func_c_0x1000068a0,77211,False
func_c_0x1000068a2,78382,False
func_c_0x1000068c7,77265,True
func_c_0x1000068ed,77515,False
func_c_0x100006920,77797,True
func_c_0x1000069d7,77298,False
func_c_0x100006a2c,77917,True
func_c_0x100006a69,77269,True
func_c_0x100006a79,78459,True
func_c_0x100006a88,77637,False
func_c_0x100006b04,77918,True
func_c_0x100006ca1,77269,False
func_c_0x100006d09,77799,True
func_c_0x100006d8b,78596,False
func_c_0x100006eef,77477,False
func_c_0x100006f8f,77266,False
func_c_0x100007189,77591,False
func_c_0x1000071cd,78742,False
func_c_0x100007201,77660,False
func_c_0x100007238,77374,False
func_c_0x10000723a,76894,False
func_c_0x100007260,77427,True
func_c_0x100007332,77194,True
func_c_0x1000074f2,77912,True
func_c_0x10000750b,77694,False
func_c_0x100007835,77544,False
func_c_0x100007934,78368,True
func_c_0x100007937,77356,True
func_c_0x10000793a,77317,False
func_c_0x10000794b,76892,False
func_c_0x100007acd,77683,False
func_c_0x100007ae9,77512,True
func_c_0x100007d94,77461,True
func_c_0x100007e59,77925,False
func_c_0x100007e60,77731,False
func_c_0x100007e62,78596,False
func_c_0x100007e69,77113,False
func_c_0x10000816b,77114,False
func_c_0x10000829d,77480,False
func_c_0x100008347,77553,True
func_c_0x10000837b,78474,True
func_c_0x1000083f0,78423,True
func_c_0x100008484,78419,True
func_c_0x10000867f,78225,False
func_c_0x100008684,77576,False
func_c_0x1000086fc,78111,False
func_c_0x10000874e,77979,False
func_c_0x1000087a9,78541,True
func_c_0x1000087c7,78737,True
func_c_0x1000087d2,77050,False
func_c_0x100008df4,78741,True
func_ce_0x100003659,78681,True
func_ce_0x100003663,78239,False
func_ce_0x1000037de,77372,False
func_ce_0x100003c2a,77477,True
func_ce_0x100004b4f,78189,False
func_ce_0x10000544f,76966,True
func_ce_0x100005456,78216,False
func_ce_0x1000055a3,78084,True
func_ce_0x100005806,77289,False
func_ce_0x100005d19,78572,False
func_ce_0x100006e3f,78475,True
func_ce_0x100006e6c,77245,False
func_ce_0x100007056,78465,False
func_ce_0x10000705a,78391,True
func_ce_0x10000795d,78182,False
func_ce_0x100007ead,76912,True
func_ce_0x100007eaf,78379,False
func_ce_0x100007eb1,78352,True
func_ce_0x100007eb7,76921,True
func_ce_0x100007eb9,76827,True
func_ce_0x100007ebb,77026,False
func_ce_0x100007ebd,78387,False
func_ce_0x100007ebf,78569,True
func_ce_0x100007ec8,77255,False
func_ce_0x100008110,77009,True
func_ce_0x100008130,78244,False
func_ce_0x100008198,78451,False
func_ce_0x10000819a,78526,False
func_ce_0x10000819c,78589,False
func_ce_0x1000081a0,78659,True
func_ce_0x1000081c4,77481,True
func_ce_0x1000081ce,78366,True
func_ce_0x1000081d3,77713,False
func_ce_0x1000081e8,78318,False
func_ce_0x100008470,77871,False
func_ce_0x1000084d9,76980,True
func_ce_0x1000084df,78550,True
func_ce_0x1000085c5,78312,False
func_ce_0x1000086bd,77602,False
func_ce_0x1000086c6,77184,True
func_ce_0x100008770,76798,False
func_ce_0x1000089dd,78592,True
func_ce_0x1000089e9,77423,False
func_ce_0x100008c8c,77960,False
func_ci_0x100007f82,78732,True
func_cr_0x100003d0b,78352,False
func_cr_0x1000050ee,78481,True
func_cr_0x100005ba5,78575,True
func_cr_0x100005ba9,77357,True
func_cr_0x100005bab,78009,False
func_cr_0x100006656,77654,True
func_cr_0x10000777a,78075,True
func_cr_0x100007a6c,77088,True
func_cr_0x100008e97,76800,False
func_cr_0x100008e9d,77210,False
func_cr_0x100008ea2,78333,True
func_ct_0x1000044de,77382,True
func_de_0x10000348d,77974,False
func_de_0x100003543,77834,False
func_de_0x1000039cb,77882,True
func_de_0x100003c1e,77733,True
func_de_0x100003c20,77121,False
func_de_0x100003c2c,76939,True
func_de_0x1000052bf,78230,True
func_de_0x10000537d,77710,False
func_de_0x1000053a9,77868,False
func_de_0x1000053fa,78073,False
func_de_0x1000053fc,78593,True
func_de_0x100005402,77296,False
func_de_0x10000540a,77388,False
func_de_0x10000540c,77394,True
func_de_0x100005414,77432,False
func_de_0x10000546d,77671,False
func_de_0x10000547d,76940,True
func_de_0x10000547f,77375,False
func_de_0x100005481,77118,False
func_de_0x100005487,78680,True
func_de_0x10000548d,77814,False
func_de_0x1000054a4,76771,False
func_de_0x100005773,77868,False
func_de_0x1000057ff,77966,True
func_de_0x100005d22,77677,False
func_de_0x100007034,78144,True
func_de_0x100008089,78255,True
func_de_0x10000808b,76985,True
func_de_0x100008091,77927,False
func_de_0x100008093,78448,True
func_de_0x100008095,77664,True
func_de_0x100008097,77515,False
func_de_0x100008099,76902,True
func_de_0x10000809b,78296,False
func_de_0x10000809d,78302,False
func_de_0x1000080a1,77924,True
func_de_0x100008313,77287,False
func_de_0x100008775,76917,True
func_de_0x10000877b,78356,False
func_de_0x10000893f,78561,True
func_de_0x100008945,77213,False
func_de_0x10000894b,77811,False
func_de_0x10000894d,77245,True
func_de_0x10000894f,78094,False
func_de_0x100008953,77958,False
func_de_0x100008c91,77569,True
func_di_0x100007f81,77505,True
func_di_0x10000800e,78142,False
func_di_0x100009097,77283,True
func_dn_0x10000426e,76854,True
func_dn_0x100004372,78312,True
func_dr_0x100003d8e,77368,False
func_dr_0x100003de4,77470,False
func_dr_0x100003e07,78642,True
func_dr_0x100004e24,78018,True
func_dr_0x100004e26,78550,False
func_dr_0x100004e3e,78323,False
func_dr_0x100004e40,78471,False
func_dr_0x100004e46,78042,True
func_dr_0x1000053a1,78702,False
func_dr_0x1000053a3,78337,True
func_dr_0x100008541,77049,True
func_dr_0x100008d4e,77015,False
func_dt_0x100003c61,78679,False
func_dt_0x100003c63,78279,False
func_dt_0x100003c65,76785,True
func_dt_0x100003c6c,77612,True
func_dt_0x100003d99,78267,False
func_dt_0x100003d9b,78649,False
func_dt_0x100003d9d,77243,True
func_dt_0x100003df5,78064,False
func_dt_0x100003e03,78414,False
func_dt_0x100006fcb,78178,False
func_dt_0x100006fcf,78228,False
func_dt_0x1000070f5,78606,False
func_dt_0x1000070f9,77495,False
func_dt_0x100007107,76889,True
func_dt_0x100007109,77333,False
func_dt_0x100008cec,77021,False
func_dt_0x100008cf0,78172,True
func_e_0x100000041,77717,False
func_e_0x10000038e,78625,False
func_e_0x1000003d4,78645,True
func_e_0x1000003f9,77054,False
func_e_0x100000421,78621,False
func_e_0x100000491,78646,True
func_e_0x10000082e,78087,False
func_e_0x100000839,78547,False
func_e_0x10000084f,77230,False
func_e_0x100000888,77743,True
func_e_0x1000008a2,78441,True
func_e_0x1000008a9,78547,False
func_e_0x100000919,77379,True
func_e_0x10000091d,77876,True
func_e_0x1000037fe,77157,False
func_e_0x100003cee,78483,False
func_e_0x100003cf2,77546,True
func_e_0x100003d1a,77381,False
func_e_0x100003d1e,78721,True
func_e_0x100003d2a,78148,True
func_e_0x100003d2e,77711,False
func_e_0x100003d36,77929,False
func_e_0x100003d38,77820,False
func_e_0x100003d3e,78209,False
func_e_0x100003d40,76987,False
func_e_0x100003d48,77194,False
func_e_0x100003e26,78436,True
func_e_0x100003e28,76986,False
func_e_0x100003e2e,77499,False
func_e_0x100003e39,78191,False
func_e_0x100003e40,77753,False
func_e_0x100003e44,78320,False
func_e_0x100003e4e,78726,True
func_e_0x100003e68,78723,False
func_e_0x100003e79,77115,True
func_e_0x1000043f5,77402,False
func_e_0x100004404,77757,False
func_e_0x10000521b,77078,True
func_e_0x10000522d,78342,True
func_e_0x100005da8,77715,False
func_e_0x100005de1,77072,False
func_e_0x100005de5,78249,True
func_e_0x100005df5,77853,False
func_e_0x100005e01,77408,False
func_e_0x100005e03,76790,False
func_e_0x100005e05,77293,False
func_e_0x100005e1b,77377,False
func_e_0x100005e36,76785,True
func_e_0x100005e38,77079,True
func_e_0x100006451,78692,True
func_e_0x10000681b,77146,False
func_e_0x10000681f,77273,True
func_e_0x100006849,78705,True
func_e_0x10000687a,77358,True
func_e_0x100006887,78101,False
func_e_0x10000688b,77638,True
func_e_0x100006892,77483,False
func_e_0x1000068a7,78277,False
func_e_0x1000068ad,77698,True
func_e_0x1000068b8,78598,False
func_e_0x100006eb9,77564,False
func_e_0x100006f28,77868,False
func_e_0x100006f34,77278,False
func_e_0x100006f3a,77025,False
func_e_0x100006f83,77089,True
func_e_0x100006f85,78051,True
func_e_0x100007179,77814,False
func_e_0x10000718c,78193,True
func_e_0x100007190,78527,False
func_e_0x100007198,78464,True
func_e_0x100007281,77415,True
func_e_0x100007285,78431,True
func_e_0x100007904,77188,True
func_e_0x10000790f,76952,True
func_e_0x100007913,76933,True
func_e_0x1000079af,77713,True
func_e_0x1000079c2,78454,True
func_e_0x100007a5e,77345,True
func_e_0x100007a61,78193,True
func_e_0x100007a63,77184,True
func_e_0x100007a76,77479,True
func_e_0x100007a7b,77385,True
func_e_0x100007a7f,77869,True
func_e_0x100007a81,77232,True
func_e_0x100007b41,76829,True
func_e_0x100008a57,78574,True
func_e_0x100008a94,78002,True
func_e_0x100008a9a,76981,True
func_e_0x100008a9c,78695,True
func_e_0x100008a9e,78253,False
func_e_0x100008aa2,77824,False
func_e_0x100008aa6,78273,True
func_e_0x100008aa8,77154,False
func_e_0x100008aac,78502,False
func_e_0x100008aae,78375,True
func_e_0x100008ab2,77035,True
func_e_0x100008aba,78172,True
func_e_0x100008abc,77867,True
func_e_0x100008ac0,77734,False
func_e_0x100008ac2,78341,False
func_e_0x100008ac6,77457,True
func_e_0x100008ac8,77719,False
func_e_0x100008aca,77636,False
func_e_0x100008acc,78622,False
func_e_0x100008ace,77206,True
func_e_0x100008ad2,78281,True
func_e_0x100008ad4,77553,False
func_e_0x100008ade,76914,False
func_e_0x100008ae0,77145,True
func_e_0x100008ae2,78017,False
func_e_0x100008ae4,77378,True
func_e_0x100008ae6,77302,True
func_e_0x100008ae8,77940,False
func_e_0x100008aec,77201,True
func_e_0x100008af4,77695,False
func_e_0x100008b98,78007,True
func_e_0x100008c1c,77011,False
func_e_0x100008d4f,78375,True
func_e_0x100008d53,77328,False
func_e_0x100008d5d,78683,False
func_e_0x100008d5f,77303,False
func_e_0x100008d67,78485,True
func_e_0x100008d69,78109,True
func_e_0x100008e92,78121,True
func_e_0x100008ed1,77159,True
func_e_0x100008eee,78345,True
func_e_0x100008ef3,77081,True
func_e_0x100008efa,78648,True
func_e_0x100009151,76926,True
func_ea_0x100007ced,77119,True
func_ea_0x100007cef,77429,True
func_ea_0x100007cf1,78320,False
func_ec_0x100003fd5,76991,True
func_ee_0x10000355f,78564,False
func_ee_0x100003563,78213,False
func_ee_0x10000365d,77224,True
func_ee_0x1000037e2,78354,True
func_ee_0x1000043c8,77260,True
func_ee_0x100004b23,77217,True
func_ee_0x100004b33,77330,False
func_ee_0x100004b3f,77996,True
func_ee_0x100004b47,77961,False
func_ee_0x100004b4d,77462,False
func_ee_0x10000544b,76771,True
func_ee_0x1000057f6,78670,True
func_ee_0x100005d1b,76813,False
func_ee_0x100005d27,77274,False
func_ee_0x100005d63,77235,False
func_ee_0x100006b5d,77732,True
func_ee_0x100006e4f,77416,False
func_ee_0x100006e51,77904,True
func_ee_0x100007042,77813,False
func_ee_0x100007073,77302,True
func_ee_0x10000708e,77478,False
func_ee_0x100007099,77795,True
func_ee_0x100007ea5,78193,False
func_ee_0x100007ea7,77740,True
func_ee_0x10000805b,77665,False
func_ee_0x100008124,78235,True
func_ee_0x100008132,77809,False
func_ee_0x100008415,77023,True
func_ee_0x100008463,78204,False
func_ee_0x100008480,77755,True
func_ee_0x1000084d7,78592,False
func_ee_0x1000084db,76772,True
func_ee_0x10000852d,78695,False
func_ee_0x1000085d8,78096,False
func_ee_0x1000085db,78502,False
func_ee_0x1000086c9,77077,True
func_ee_0x1000086d2,77253,False
func_ee_0x1000086f5,78362,False
func_ee_0x1000089d3,78348,False
func_ee_0x1000089d5,78722,False
func_ee_0x1000089d9,77702,False
func_ee_0x1000089e1,78516,True
func_ei_0x100005aef,78278,True
func_en_0x100006618,77866,True
func_en_0x100007128,77277,True
func_en_0x100007136,78702,True
func_en_0x10000713c,78546,False
func_en_0x100007144,77668,True
func_en_0x1000079ed,77457,False
func_en_0x100008613,78634,False
func_en_0x100008cb2,78109,False
func_en_0x100008cb4,76961,False
func_et_0x100004b78,77888,True
func_et_0x100007f8d,77708,False
func_et_0x100007f98,77620,False
func_et_0x100007fa4,77456,False
func_et_0x100007fb8,78739,False
func_et_0x100007fbe,76778,False
func_et_0x100007ff2,78676,True
func_et_0x100007ff8,78441,True
func_et_0x100007ffe,77641,True
func_et_0x10000800a,78512,True
func_et_0x100008010,77595,True
func_et_0x10000801d,77921,True
func_et_0x100008023,77279,True
func_et_0x10000802b,77644,False
func_f_0x100000045,78100,False
func_f_0x100000124,77433,False
func_f_0x100000321,76768,True
func_f_0x1000004e2,78493,True
func_f_0x10000090b,77479,False
func_f_0x1000034d3,77467,False
func_f_0x100003503,77237,False
func_f_0x100003811,77365,True
func_f_0x100003817,77285,True
func_f_0x10000381a,77581,False
func_f_0x10000381d,77304,False
func_f_0x10000381f,77430,True
func_f_0x100003829,77647,False
func_f_0x100003840,76992,False
func_f_0x100003842,77945,True
func_f_0x100003847,78373,True
func_f_0x100003874,77696,False
func_f_0x1000038d7,77704,True
func_f_0x100003948,78105,True
func_f_0x100003aba,77063,False
func_f_0x100003acf,76923,False
func_f_0x100003b67,77142,True
func_f_0x100003bd5,76877,False
func_f_0x1000048b8,78244,True
func_f_0x100004937,77642,True
func_f_0x100004d71,78027,False
func_f_0x100004e8e,77300,True
func_f_0x100004e90,77764,False
func_f_0x100004e95,78425,False
func_f_0x100004ffc,78758,False
func_f_0x100005057,77190,False
func_f_0x10000516b,77083,True
func_f_0x10000517a,78278,True
func_f_0x10000517c,77038,True
func_f_0x100005182,78415,True
func_f_0x1000051a0,78665,True
func_f_0x1000051cb,77255,True
func_f_0x1000051ff,76988,True
func_f_0x10000526c,78076,True
func_f_0x100005611,76943,False
func_f_0x100005623,77553,True
func_f_0x100005e67,78382,False
func_f_0x100005e96,78061,False
func_f_0x1000062b7,78719,True
func_f_0x100006309,77048,False
func_f_0x100006536,78516,True
func_f_0x100006867,78430,True
func_f_0x1000068f5,78111,False
func_f_0x1000068f7,77221,False
func_f_0x100006a91,77319,True
func_f_0x100006bfa,77641,False
func_f_0x100006c15,78187,True
func_f_0x100006cd3,78638,True
func_f_0x100006d70,78191,True
func_f_0x100006e75,78695,True
func_f_0x100006f5c,77959,True
func_f_0x10000709e,77518,False
func_f_0x1000071b1,76927,False
func_f_0x1000071df,78218,True
func_f_0x1000071e1,78143,False
func_f_0x100007365,78574,False
func_f_0x100007367,78121,False
func_f_0x100007414,78684,False
func_f_0x10000757f,77146,True
func_f_0x100007831,78520,False
func_f_0x1000078f8,76868,False
func_f_0x100007950,77049,False
func_f_0x100008392,77863,False
func_f_0x1000084ab,77452,False
func_f_0x100008741,77648,False
func_f_0x100008747,77514,False
func_f_0x1000087b8,77261,True
func_f_0x100008a18,78744,True
func_f_0x100008a1c,78027,False
func_f_0x100008a20,77899,True
func_fa_0x100005871,78743,False
func_fa_0x10000587b,77945,True
func_fe_0x1000005a3,78023,True
func_fe_0x1000007a4,77621,False
func_fe_0x1000007a6,78229,True
func_fe_0x1000007aa,76804,False
func_fe_0x1000007bc,77422,True
func_fe_0x1000007c4,77783,True
func_fe_0x1000007c6,78452,False
func_fe_0x1000007ca,77342,False
func_fe_0x1000007ce,77394,True
func_fe_0x1000039af,77272,True
func_fe_0x100004b5e,78742,False
func_fe_0x100005b7a,77095,False
func_fe_0x100005b84,77038,False
func_fe_0x100005bbe,77648,False
func_fe_0x100006603,78497,True
func_fe_0x10000663b,76997,True
func_fe_0x10000664f,78106,False
func_fe_0x10000666c,78238,False
func_fe_0x100008e96,77798,True
func_fe_0x100008ee0,78225,False
func_fe_0x100008ee4,77101,True
func_fr_0x100004972,78381,True
func_fr_0x100004974,77764,True
func_fr_0x10000497a,78208,True
func_fr_0x10000497e,78129,True
func_fr_0x100004986,77569,False
func_fr_0x10000498a,76986,False
func_fr_0x10000498e,77439,True
func_fr_0x100004991,78004,False
func_fr_0x100004997,77452,False
func_fr_0x10000499b,77756,True
func_fr_0x10000499f,77329,True
func_fr_0x1000049ab,77931,False
func_fr_0x1000049b1,77875,True
func_fr_0x1000049b5,77483,True
func_fr_0x1000049b7,77657,False
func_fr_0x1000049bb,77771,True
func_fr_0x1000049c1,78053,False
func_fr_0x100004aa8,78588,False
func_fr_0x100004aaa,78692,True
func_fr_0x100004ab4,77257,True
func_fr_0x100004abc,77391,False
func_fr_0x100004abe,77975,False
func_fr_0x100004ac6,78483,True
func_fr_0x100004acc,78181,False
func_fr_0x100004ace,77837,True
func_fr_0x10000888a,76968,True
func_fr_0x1000088ec,77821,False
func_fr_0x1000088fe,78435,True
func_fr_0x100008907,77492,False
func_ft_0x100000746,77421,True
func_ft_0x1000007b7,78342,False
func_ft_0x1000050f2,78529,True
func_ft_0x1000050f4,77444,False
func_ft_0x1000050f6,77770,False
func_ft_0x1000050f8,77624,False
func_ft_0x1000050fa,76762,False
func_ft_0x1000050fc,77571,False
func_ft_0x100005100,78325,False
func_ft_0x100005106,77724,True
func_ft_0x10000510a,77961,True
func_ft_0x100005118,78569,True
func_ft_0x10000511a,78600,True
func_ft_0x100005120,78181,False
func_ft_0x100005124,77708,True
func_ft_0x100005126,77107,False
func_ft_0x10000512c,78460,False
func_ft_0x100005130,78409,False
func_ft_0x100005132,78366,True
func_ft_0x100005134,77347,False
func_ft_0x100005136,78263,True
func_ft_0x10000513a,77289,False
func_ft_0x10000513e,78012,True
func_ft_0x100005140,77059,False
func_ft_0x100005144,77966,True
func_ft_0x100005158,78749,False
func_ft_0x10000515a,77236,False
func_ft_0x10000515e,78326,True
func_ft_0x100005e10,77195,True
func_ft_0x100006621,78112,True
func_ft_0x1000079e6,78163,False
func_ft_0x100008b09,77128,True
func_ft_0x100008b0b,76976,False
func_ft_0x100008ea4,78262,False
func_ft_0x100008f69,77355,False
func_ft_0x100008f6d,77833,True
func_ft_0x100008f6f,76942,True
func_ft_0x100008f75,78750,False
func_fu_0x1000090cf,78021,True
func_g_0x1000000fd,78469,True
func_g_0x10000016d,77627,False
func_g_0x1000001a7,77251,False
func_g_0x10000022f,77072,False
func_g_0x1000002d4,77213,False
func_g_0x10000031f,77890,False
func_g_0x10000032e,77554,True
func_g_0x10000056e,76780,False
func_g_0x100003401,77061,True
func_g_0x100003815,77055,False
func_g_0x100003825,76820,False
func_g_0x100003831,77857,True
func_g_0x100003900,78661,True
func_g_0x100003921,77330,False
func_g_0x10000394f,78228,False
func_g_0x10000399e,77052,True
func_g_0x100003a4e,77624,False
func_g_0x100003a62,77556,True
func_g_0x100003a95,77754,False
func_g_0x100003bb5,77653,False
func_g_0x100003bcb,77425,False
func_g_0x100003e8b,78093,True
func_g_0x10000493b,77076,True
func_g_0x100004d3e,76916,False
func_g_0x100004d40,76941,True
func_g_0x100004d42,76869,True
func_g_0x100004e92,78352,True
func_g_0x100004eed,78748,False
func_g_0x100004f86,78187,False
func_g_0x100004fa2,77528,False
func_g_0x1000050af,78675,False
func_g_0x100005169,77009,False
func_g_0x10000518f,78077,True
func_g_0x1000051c3,78379,True
func_g_0x1000051f5,76927,True
func_g_0x100005257,76779,True
func_g_0x1000054b0,78704,False
func_g_0x10000551a,76990,False
func_g_0x1000056ea,77886,True
func_g_0x100005708,77923,False
func_g_0x100005735,77385,True
func_g_0x100005b10,77275,True
func_g_0x100005b13,76923,False
func_g_0x100005f03,78747,True
func_g_0x100005f0b,78594,True
func_g_0x1000062ba,77333,False
func_g_0x1000062f4,77867,False
func_g_0x100006520,77638,False
func_g_0x1000066a6,76924,False
func_g_0x10000685b,78254,False
func_g_0x1000068a4,76867,True
func_g_0x100006925,76932,False
func_g_0x1000069e7,76841,True
func_g_0x100006a76,78112,False
func_g_0x100006b92,78313,False
func_g_0x100006bbf,77225,False
func_g_0x100006c2f,77421,False
func_g_0x100006c87,78418,False
func_g_0x100006d91,77089,False
func_g_0x100006f72,77175,False
func_g_0x100007167,77780,False
func_g_0x1000071cf,77332,False
func_g_0x100007270,77238,False
func_g_0x10000734c,78017,False
func_g_0x100007463,77148,True
func_g_0x1000074f5,78639,False
func_g_0x100007501,77962,True
func_g_0x100007538,77791,False
func_g_0x10000757c,78534,True
func_g_0x10000763d,78193,False
func_g_0x100007697,77222,True
func_g_0x10000784d,78433,True
func_g_0x100007949,77842,True
func_g_0x100007bb9,78433,True
func_g_0x100007de5,78393,True
func_g_0x100007e07,78704,True
func_g_0x100007e0b,77730,False
func_g_0x100007e11,77583,False
func_g_0x10000874c,77170,True
func_g_0x1000087b1,77984,False
func_g_0x10000893a,78068,False
func_g_0x100008c38,76890,False
func_ge_0x100005f44,78265,False
func_ge_0x100005f4a,78517,False
func_ge_0x100005f56,77640,True
func_ge_0x10000601c,77582,False
func_ge_0x10000601e,77493,False
func_ge_0x100006024,76855,False
func_ge_0x10000603d,78657,False
func_ge_0x10000604e,78681,False
func_ge_0x100006054,77020,True
func_ge_0x100006059,77032,False
func_ge_0x100006067,77721,False
func_ge_0x10000606c,78743,True
func_ge_0x100006070,77747,False
func_ge_0x100006072,76927,True
func_ge_0x100006076,77524,False
func_ge_0x100006078,78272,True
func_ge_0x10000607e,78388,False
func_ge_0x100006080,78596,True
func_ge_0x100006084,77112,True
func_ge_0x100006086,77861,False
func_ge_0x100006088,77029,True
func_ge_0x10000609c,77882,True
func_ge_0x10000609e,77093,True
func_ge_0x1000060a9,76943,False
func_ge_0x1000060ac,77281,True
func_ge_0x1000060b8,77647,False
func_ge_0x1000060bb,78028,False
func_ge_0x1000060ce,77935,False
func_ge_0x1000060d0,78173,False
func_ge_0x1000060d2,78201,True
func_ge_0x1000060e0,77960,False
func_ge_0x1000060e8,77854,True
func_ge_0x1000060f0,78345,False
func_ge_0x1000060f2,78516,False
func_ge_0x1000060fa,78469,False
func_ge_0x1000060fc,77315,False
func_ge_0x10000610a,77128,False
func_ge_0x10000610e,78508,True
func_ge_0x100006110,77230,True
func_ge_0x100006114,78482,False
func_ge_0x100006116,76891,True
func_ge_0x100006118,77815,True
func_ge_0x10000611b,78189,False
func_ge_0x100006129,78246,False
func_ge_0x10000612d,78179,True
func_ge_0x100006147,77994,False
func_ge_0x100006158,77380,True
func_ge_0x10000615b,77483,True
func_ge_0x10000615d,78466,False
func_ge_0x100006174,78689,False
func_ge_0x100006176,78525,True
func_ge_0x100006178,78404,True
func_ge_0x10000617b,78025,False
func_ge_0x100006180,78269,True
func_ge_0x1000061cd,78029,True
func_ge_0x1000061cf,77692,True
func_ge_0x1000061d2,77661,False
func_ge_0x1000061d6,76792,True
func_ge_0x1000061d8,77348,True
func_ge_0x1000061f4,77292,False
func_ge_0x10000620f,77969,False
func_ge_0x100006217,78417,False
func_ge_0x100006220,77278,False
func_ge_0x100006224,77635,True
func_ge_0x10000622b,77811,True
func_ge_0x10000622d,78187,False
func_ge_0x10000622f,77629,False
func_ge_0x100006260,78055,False
func_ge_0x10000629a,78301,False
func_gn_0x100005b8d,78492,False
func_gn_0x100005b8f,78270,False
func_gn_0x1000079ee,77748,True
func_gt_0x1000036e5,77458,False
func_gt_0x1000036e9,78296,False
func_gt_0x1000036ef,77778,False
func_gt_0x1000036f1,77009,False
func_gt_0x1000036f7,77692,False
func_gt_0x1000036ff,77891,True
func_gt_0x10000675b,78638,False
func_gt_0x10000675d,78280,True
func_gt_0x10000676d,77232,False
func_gt_0x100006773,78492,False
func_gt_0x100006781,77752,False
func_gt_0x100006783,76875,True
func_gt_0x100006789,77821,False
func_gt_0x10000678d,77253,False
func_gt_0x10000678f,78401,True
func_gt_0x100006791,77544,True
func_gt_0x100006793,76884,True
func_gt_0x100006797,76954,False
func_gt_0x10000679d,78727,False
func_gt_0x1000067a1,77343,True
func_gt_0x1000067a7,78352,False
func_gt_0x1000067ab,78194,False
func_gt_0x1000067af,78589,True
func_gt_0x1000067b1,77286,False
func_gt_0x1000067b3,78463,True
func_gt_0x1000067b5,78361,False
func_gt_0x1000067b7,77662,True
func_gt_0x1000067bd,77197,True
func_gt_0x1000067bf,77925,False
func_gt_0x1000067c1,77815,False
func_gt_0x1000067c3,77703,False
func_gt_0x100008650,78505,True
func_h_0x10000008b,78525,True
func_h_0x100000115,77179,False
func_h_0x10000014c,78134,False
func_h_0x1000001b4,78090,False
func_h_0x10000056f,77046,False
func_h_0x1000008be,77180,False
func_h_0x1000008c0,78295,True
func_h_0x100003501,78642,True
func_h_0x100003797,78712,False
func_h_0x10000380a,77807,False
func_h_0x100003813,77716,False
func_h_0x100003835,77074,True
func_h_0x100003852,78212,False
func_h_0x1000038c1,78727,True
func_h_0x1000038f6,77573,False
func_h_0x100003919,77533,False
func_h_0x100003946,77630,True
func_h_0x100003a98,76762,True
func_h_0x100003bd2,78310,True
func_h_0x100003eb7,76801,False
func_h_0x100004e7e,77795,True
func_h_0x100004e80,78477,False
func_h_0x100004ffa,77714,False
func_h_0x100004ffe,78224,True
func_h_0x100005059,77579,True
func_h_0x10000505b,78675,False
func_h_0x1000050ab,78041,True
func_h_0x10000517e,78013,False
func_h_0x100005180,77072,True
func_h_0x10000519e,78199,True
func_h_0x1000051a2,78130,True
func_h_0x100005213,77612,True
func_h_0x100005215,78566,True
func_h_0x1000053bb,78497,True
func_h_0x1000056b6,78456,True
func_h_0x1000056d5,78730,False
func_h_0x10000572b,77511,False
func_h_0x100005b3b,77939,False
func_h_0x100005e69,77096,False
func_h_0x100005e6b,77376,True
func_h_0x100005e70,77943,True
func_h_0x100006378,77882,False
func_h_0x10000637a,76850,False
func_h_0x1000063f3,76923,True
func_h_0x100006865,78105,True
func_h_0x1000068f0,77536,False
func_h_0x1000068f3,78073,True
func_h_0x100006a85,76871,False
func_h_0x100006a8d,78641,False
func_h_0x100006a8f,77563,True
func_h_0x100006b87,77108,True
func_h_0x100006d8c,77283,True
func_h_0x100006f92,77994,False
func_h_0x1000070ac,77401,False
func_h_0x100007273,77736,False
func_h_0x1000074b0,77520,True
func_h_0x100007508,77427,True
func_h_0x100007515,78190,True
func_h_0x100007579,77766,True
func_h_0x100007583,77797,True
func_h_0x1000077ff,78393,False
func_h_0x100007801,77363,False
func_h_0x100007de1,77756,False
func_h_0x100008194,78599,False
func_h_0x1000083bb,76982,False
func_h_0x1000083e9,78082,False
func_h_0x10000866a,78064,False
func_h_0x100008745,78163,True
func_h_0x1000087bc,77488,False
func_h_0x1000087be,78209,False
func_h_0x100008993,76829,False
func_ha_0x100003fc8,78479,False
func_ha_0x100003fd7,77150,True
func_he_0x10000347f,76862,True
func_he_0x100003537,77601,True
func_he_0x100003c57,77778,True
func_he_0x1000043bd,77976,False
func_he_0x100004d8c,78498,True
func_he_0x1000052b2,78692,True
func_he_0x1000052b4,76897,False
func_he_0x1000052b6,78413,False
func_he_0x1000052b8,78075,True
func_he_0x1000052ce,77109,False
func_he_0x1000052df,78083,False
func_he_0x1000053e3,78475,False
func_he_0x1000055ac,77866,False
func_he_0x1000055df,77084,True
func_he_0x1000055e5,77384,False
func_he_0x1000057fa,77017,False
func_he_0x100005d65,78118,False
func_he_0x100006ae6,77765,True
func_he_0x100006b60,77193,False
func_he_0x10000709a,78635,True
func_he_0x1000073d4,77184,False
func_he_0x10000740b,76763,True
func_he_0x100007964,77732,False
func_he_0x100008084,78114,True
func_he_0x1000080fc,77564,True
func_he_0x100008322,77095,False
func_he_0x100008333,76955,False
func_he_0x100008339,77893,True
func_he_0x1000084e9,77354,False
func_he_0x1000084ed,77432,True
func_he_0x100008c8f,77651,False
func_hi_0x100004b66,78034,True
func_hi_0x100004b68,78399,False
func_hi_0x100004b6c,78470,False
func_hi_0x100004b6e,77107,True
func_hi_0x100004b76,78638,True
func_hi_0x100004bb0,76985,False
func_hi_0x100004bb2,77426,False
func_hi_0x100009063,77646,True
func_hi_0x1000090bf,76879,False
func_hi_0x1000090c3,77874,True
func_hi_0x1000090c5,78316,True
func_hi_0x1000090c7,77766,False
func_hi_0x1000090cd,78406,False
func_hn_0x100004014,77883,True
func_ho_0x1000045bd,77091,False
func_ho_0x1000045c3,78244,True
func_ho_0x1000045c5,78572,True
func_ho_0x100004758,78158,False
func_ho_0x1000047dd,77023,False
func_ho_0x100004889,77080,True
func_ht_0x100000822,77447,False
func_hu_0x100004375,77877,False
func_i_0x100005f58,78311,True
func_i_0x100006183,76794,True
func_i_0x100006188,78668,False
func_i_0x10000618f,77007,False
func_i_0x1000061a3,76820,True
func_i_0x100006277,76814,False
func_i_0x100006288,77315,False
func_ie_0x100000748,78477,True
func_ie_0x10000074a,77692,False
func_ie_0x1000007a8,76878,False
func_ie_0x1000007af,77613,True
func_ie_0x1000007b3,78721,True
func_ie_0x1000036e1,77728,True
func_ie_0x100005bb6,78095,False
func_ie_0x100005bbc,77858,True
func_ie_0x100005bc7,76906,True
func_ie_0x100005bd7,77293,True
func_ie_0x100005bd9,76850,False
func_ie_0x100005bdd,77673,True
func_ie_0x100005be7,78068,True
func_ie_0x100005bef,77417,True
func_ie_0x100005bf1,78392,True
func_ie_0x100005bf7,78271,True
func_ie_0x100005bf9,77810,True
func_ie_0x100005bfd,78353,True
func_ie_0x100005bff,78456,True
func_ie_0x100005c07,78110,True
func_ie_0x100005c0b,77066,False
func_ie_0x100005c0f,77600,True
func_ie_0x100006677,77898,False
func_ie_0x1000079a3,77861,True
func_ie_0x1000079e2,78698,True
func_ie_0x100008b06,76811,True
func_ie_0x100008cc0,77534,False
func_ie_0x100008edf,78533,True
func_ii_0x100003784,78049,False
func_ii_0x10000378a,77550,True
func_io_0x100007f85,77564,False
func_io_0x100008000,77475,False
func_j_0x1000001ef,78335,True
func_j_0x1000037aa,78044,True
func_j_0x1000037e5,76983,True
func_j_0x100003b01,77690,False
func_j_0x100003b03,77895,True
func_j_0x100003b36,78531,True
func_j_0x100003b41,77186,False
func_j_0x100003bf3,78293,False
func_j_0x100003c41,77587,False
func_j_0x100003d52,78477,True
func_j_0x1000043af,78702,True
func_j_0x10000447b,77248,True
func_j_0x100004ae5,78208,False
func_j_0x100004aeb,77211,False
func_j_0x100004aed,77345,True
func_j_0x100004af1,77601,False
func_j_0x100004af5,77494,True
func_j_0x100004af9,77054,True
func_j_0x100004afd,78002,True
func_j_0x100004aff,78597,False
func_j_0x100004b01,78742,False
func_j_0x100004cf0,77760,False
func_j_0x100004d57,77230,False
func_j_0x100004d5d,78362,False
func_j_0x100004d5f,78751,False
func_j_0x100005306,77842,True
func_j_0x100005308,77251,False
func_j_0x10000530a,77010,False
func_j_0x1000053d9,77655,False
func_j_0x1000054a7,78217,True
func_j_0x10000573c,77384,False
func_j_0x100005c67,78121,True
func_j_0x100005c69,77465,False
func_j_0x100005c70,76945,False
func_j_0x100005c8e,76931,False
func_j_0x100005d39,78272,False
func_j_0x100005d56,78133,True
func_j_0x100005d5e,77479,False
func_j_0x100005d6c,78098,True
func_j_0x100005d6e,78061,False
func_j_0x100005d76,77286,False
func_j_0x1000065af,77467,True
func_j_0x1000066f0,78576,False
func_j_0x100006c6f,77490,True
func_j_0x100006c75,78516,True
func_j_0x100006d38,76980,True
func_j_0x100006d42,76907,False
func_j_0x100006d9c,78521,True
func_j_0x1000070d2,77845,True
func_j_0x1000070d7,78206,True
func_j_0x10000743c,77391,True
func_j_0x1000076f5,77311,True
func_j_0x100007887,78060,True
func_j_0x1000078bf,78551,True
func_j_0x1000078c3,77623,True
func_j_0x100007ba5,77228,False
func_j_0x100007bd8,78674,True
func_j_0x1000080b9,77255,False
func_j_0x1000082b7,78597,False
func_j_0x1000082bb,77294,True
func_j_0x1000082bf,78370,True
func_j_0x1000082c3,76954,False
func_j_0x1000082c5,78006,True
func_j_0x1000082c7,78608,True
func_je_0x100005879,78331,False
func_je_0x100005f4e,77421,False
func_ji_0x10000078f,78405,False
func_ji_0x100003791,78370,False
func_ji_0x100005b9e,78115,False
func_jn_0x100004bb6,77791,False
func_jr_0x1000036f9,77721,True
func_jr_0x1000088cc,78433,True
func_jr_0x1000088ce,77406,False
func_jr_0x1000088e6,77239,False
func_jt_0x1000047fa,78437,False
func_jt_0x1000047fe,77618,True
func_jt_0x100004800,78627,False
func_jt_0x100005868,77860,True
func_jt_0x100005889,77503,False
func_jt_0x1000059bc,77361,False
func_jt_0x1000059dc,78484,True
func_jt_0x1000059e4,78004,True
func_jt_0x1000059e8,78385,False
func_jt_0x1000059f0,78364,False
func_jt_0x100005a02,77528,False
func_jt_0x100005a04,78299,True
func_jt_0x100005a08,77604,True
func_jt_0x100005a1c,77274,True
func_jt_0x100005a2a,77247,False
func_jt_0x100005a34,78401,False
func_jt_0x100005a36,76876,False
func_jt_0x100005a44,78464,False
func_jt_0x100005a58,78519,False
func_jt_0x100005a60,78045,False
func_jt_0x100005a66,77685,True
func_jt_0x100005a74,77478,True
func_jt_0x100005a82,78680,False
func_jt_0x100005a8c,77644,False
func_jt_0x100005a94,77876,False
func_jt_0x100005aae,77580,True
func_jt_0x100005ac1,77793,False
func_jt_0x100005ae9,77490,False
func_jt_0x100005b03,78082,True
func_k_0x1000001e7,78078,True
func_k_0x1000002b3,78203,True
func_k_0x1000038a5,77352,False
func_k_0x1000038a7,76872,True
func_k_0x1000038a9,78091,False
func_k_0x1000038ab,77825,True
func_k_0x1000038b4,78487,False
func_k_0x1000038b7,76966,True
func_k_0x100003ad1,76769,False
func_k_0x100003ad5,78378,False
func_k_0x100003ad7,77828,False
func_k_0x100003aed,77834,False
func_k_0x100003b2e,78629,False
func_k_0x100003b30,78130,True
func_k_0x100003b80,78084,False
func_k_0x100003b82,77926,True
func_k_0x100003b84,76934,False
func_k_0x100003c01,78635,False
func_k_0x10000439b,77582,False
func_k_0x100004495,78178,False
func_k_0x10000494a,77427,True
func_k_0x10000494c,77218,False
func_k_0x100004e1a,77862,True
func_k_0x100004efa,77912,True
func_k_0x100004efe,77120,True
func_k_0x100004f04,78305,False
func_k_0x100004f8b,78435,False
func_k_0x100004f8d,76983,False
func_k_0x100005020,78563,True
func_k_0x10000502e,77697,False
func_k_0x100005030,78302,True
func_k_0x1000056f1,77185,True
func_k_0x100005ec9,78547,False
func_k_0x100005ecb,76980,True
func_k_0x10000633e,77279,False
func_k_0x10000634e,78548,True
func_k_0x1000063a3,78208,False
func_k_0x1000064e5,78717,True
func_k_0x1000064eb,77562,False
func_k_0x100006514,78655,True
func_k_0x1000066cb,77948,False
func_k_0x1000068fa,78521,False
func_k_0x10000692f,77176,False
func_k_0x100006935,77663,True
func_k_0x100006939,76834,False
func_k_0x100006d48,78589,True
func_k_0x100006dd1,77972,False
func_k_0x1000070b6,78370,True
func_k_0x1000070c0,78036,False
func_k_0x1000070d1,78664,False
func_k_0x100007377,78079,True
func_k_0x1000074e0,77825,True
func_k_0x100007dbd,76825,False
func_k_0x100007e2b,76940,False
func_k_0x100007e4a,77969,False
func_k_0x1000083f2,77700,True
func_k_0x1000083f6,78393,False
func_k_0x100008522,78228,True
func_k_0x10000857c,77593,False
func_k_0x10000857e,77209,True
func_k_0x100008dd7,77266,False
func_k_0x100008de1,78247,False
func_k_0x100008ded,78333,False
func_k_0x100008e52,77704,False
func_k_0x100008e54,76880,True
func_ke_0x10000059a,78637,False
func_ke_0x10000059e,77333,True
func_ke_0x100000744,78519,True
func_ke_0x10000075e,77839,False
func_ke_0x100000797,77225,False
func_ke_0x1000007c8,77640,True
func_ke_0x1000039bf,77277,True
func_ke_0x1000039d0,77242,False
func_ke_0x1000039d2,77975,True
func_ke_0x100003cf5,77533,True
func_ke_0x100005ba4,78533,True
func_ke_0x100005e0a,77212,True
func_ke_0x100005e0c,78511,False
func_ke_0x100005e0e,77068,False
func_ke_0x100005e2d,78430,True
func_ke_0x100006639,77605,True
func_ke_0x100007778,77851,True
func_ke_0x100007a07,78192,True
func_ke_0x100007a09,77324,True
func_ke_0x100008b0f,78716,False
func_ke_0x100008b11,78709,False
func_ke_0x100008b13,78352,False
func_ke_0x100008ee2,77604,False
func_ki_0x1000045d2,77089,False
func_ki_0x1000045d4,77586,True
func_ki_0x100004789,78693,False
func_ki_0x100004790,76981,True
func_ki_0x100004877,77616,False
func_kn_0x100009046,77018,False
func_ko_0x100009073,77927,False
func_ko_0x1000090d2,78405,False
func_ko_0x1000090d8,77186,False
func_kr_0x100005f53,77976,True
func_kr_0x10000600e,77634,True
func_kr_0x100006082,77599,False
func_kr_0x1000060dc,77549,False
func_kr_0x100006187,78668,False
func_kr_0x100006193,78468,True
func_kr_0x1000061e8,77444,False
func_kr_0x10000621b,77922,True
func_kt_0x100006737,77128,True
func_kt_0x100006749,78551,True
func_kt_0x10000864a,78544,True
func_kt_0x10000889b,77723,True
func_kt_0x10000889d,77261,False
func_kt_0x100008fbb,78655,False
func_kt_0x100008fbf,78651,True
func_kt_0x100008fcb,77233,False
func_kt_0x100008fd1,78633,False
func_kt_0x100008fd3,78282,True
func_kt_0x100008fd9,77610,True
func_kt_0x100008fdf,77728,True
func_kt_0x100008fe3,77146,True
func_kt_0x100008fe5,77160,True
func_kt_0x100008fe7,77631,False
func_kt_0x100008ff7,78277,False
func_kt_0x100008ff9,78095,True
func_kt_0x100008fff,77505,True
func_kt_0x100009005,78078,True
func_kt_0x100009009,78115,True
func_kt_0x100009011,78047,False
func_kt_0x100009015,77372,False
func_kt_0x100009017,77472,True
func_kt_0x10000901b,78407,True
func_kt_0x100009021,77642,False
func_kt_0x100009035,78653,True
func_kt_0x10000903f,78468,False
func_kt_0x100009041,78214,True
func_kt_0x1000090ac,77426,True
func_kt_0x1000090b2,78473,False
func_l_0x1000001d5,77765,False
func_l_0x10000032d,77059,False
func_l_0x10000038b,77106,True
func_l_0x1000004f3,78227,True
func_l_0x10000088c,76802,True
func_l_0x1000008b3,77961,False
func_l_0x1000008f8,77166,True
func_l_0x10000382d,78239,False
func_l_0x100003834,77256,False
func_l_0x1000038df,77499,True
func_l_0x1000038f2,77108,True
func_l_0x100003966,78297,False
func_l_0x100003eaa,76817,False
func_l_0x10000441a,76970,False
func_l_0x100004429,77380,True
func_l_0x1000048bd,77583,False
func_l_0x1000048cf,78563,True
func_l_0x1000048d1,76780,False
func_l_0x100004e7d,77529,True
func_l_0x100004e85,76950,True
func_l_0x100004ebb,77954,False
func_l_0x100004f64,76767,False
func_l_0x100004f94,78254,False
func_l_0x1000051a6,77725,True
func_l_0x100005240,77432,False
func_l_0x1000054c9,77851,False
func_l_0x1000054ff,77395,True
func_l_0x100005570,78078,False
func_l_0x100005719,77836,False
func_l_0x100005733,77164,False
func_l_0x100005b25,78651,False
func_l_0x100005e65,78521,False
func_l_0x100005f3b,76972,True
func_l_0x1000062a7,78594,True
func_l_0x100006339,76817,True
func_l_0x10000636b,78697,True
func_l_0x1000063ca,77583,False
func_l_0x100006400,77943,False
func_l_0x100006402,78369,False
func_l_0x100006869,76899,False
func_l_0x100006a6f,78388,False
func_l_0x100006c1b,77095,False
func_l_0x100006c21,78064,True
func_l_0x100006c25,77225,True
func_l_0x100006c27,77061,False
func_l_0x100006e70,78124,True
func_l_0x100006efa,77048,True
func_l_0x100006f5f,78258,False
func_l_0x100006f66,78061,False
func_l_0x1000071de,77906,False
func_l_0x100007266,77406,False
func_l_0x1000072d1,78242,False
func_l_0x100007467,77938,False
func_l_0x1000076e8,77413,False
func_l_0x1000078f6,77567,False
func_l_0x1000078fd,77565,True
func_l_0x100007942,78454,True
func_l_0x100007944,78593,False
func_l_0x100007ad7,78185,True
func_l_0x100007ae7,78123,False
func_l_0x100007af6,78296,True
func_l_0x100007b17,76846,False
func_l_0x100007dcf,78519,True
func_l_0x100008495,77265,True
func_l_0x1000084aa,77700,False
func_l_0x1000087b4,77684,True
func_l_0x1000087c2,77670,False
func_l_0x100008a08,77201,True
func_l_0x100009133,77513,False
func_le_0x100003ce5,77246,True
func_le_0x100003ce7,77956,False
func_le_0x100003ce9,77035,False
func_le_0x100003ceb,77565,False
func_le_0x100003d1c,77807,True
func_le_0x100003d22,77622,False
func_le_0x100003d24,78045,True
func_le_0x100003d4a,77550,False
func_le_0x100003d4c,78742,True
func_le_0x100005b4d,78346,True
func_le_0x100005df1,78608,True
func_le_0x100005e44,77036,True
func_le_0x100007722,78739,True
func_le_0x100007724,77421,False
func_le_0x100007726,78710,True
func_le_0x100007728,77948,True
func_le_0x10000772a,76771,False
func_le_0x10000772c,77600,False
func_le_0x10000772e,78290,False
func_le_0x100007730,78393,False
func_le_0x100007732,77598,True
func_le_0x100007738,77776,False
func_le_0x10000773c,77726,False
func_le_0x10000773e,77355,False
func_le_0x100007744,76984,False
func_le_0x10000774c,78386,True
func_le_0x100007756,78382,False
func_le_0x10000775a,77207,True
func_le_0x100007760,77501,False
func_le_0x100007762,77264,True
func_le_0x100007764,77587,True
func_le_0x100007768,77339,True
func_le_0x10000776c,77037,False
func_le_0x1000079a2,76805,True
func_le_0x1000079a9,77005,True
func_le_0x1000079bc,77967,True
func_le_0x1000079fe,77905,True
func_le_0x100007a00,78093,False
func_le_0x100007a4f,78319,False
func_le_0x100007a55,78321,False
func_le_0x100007a7d,78440,False
func_le_0x100007a84,76810,False
func_le_0x100007a89,77651,True
func_le_0x100008a96,78749,False
func_le_0x100008a98,77806,False
func_le_0x100008aa0,78228,True
func_le_0x100008aa4,78048,False
func_le_0x100008aaa,78665,True
func_le_0x100008ab0,77523,False
func_le_0x100008ab4,77036,False
func_le_0x100008ab6,77451,True
func_le_0x100008ab8,76810,True
func_le_0x100008abe,76913,False
func_le_0x100008ac4,76764,False
func_le_0x100008ad0,78197,True
func_le_0x100008ad6,77807,False
func_le_0x100008ad8,78364,False
func_le_0x100008ada,78536,False
func_le_0x100008adc,76781,True
func_le_0x100008aea,77034,False
func_le_0x100008aee,77370,True
func_le_0x100008af0,76841,False
func_le_0x100008af2,78116,True
func_le_0x100008af6,78369,False
func_le_0x100008af8,76982,True
func_le_0x100008afc,77799,True
func_le_0x100008afe,77965,False
func_le_0x100008b02,78088,True
func_le_0x100008bbe,77377,True
func_le_0x100008d51,77245,True
func_le_0x100008d55,77197,True
func_le_0x100008d57,77292,False
func_le_0x100008d59,78721,False
func_le_0x100008d5b,77608,True
func_le_0x100008d61,77980,True
func_le_0x100008d63,77896,True
func_le_0x100008d65,77247,True
func_le_0x100008d6b,78331,False
func_le_0x100008d72,77692,True
func_le_0x100008d74,78223,False
func_le_0x100008d78,78162,True
func_le_0x100008d86,76968,False
func_le_0x100008d91,78491,False
func_le_0x100008d99,78382,True
func_le_0x100008dac,76852,False
func_le_0x100008db7,78719,False
func_ln_0x100004b97,77288,True
func_ln_0x100004c85,77806,True
func_ln_0x100004c96,78515,True
func_ln_0x100004c9a,76981,False
func_ln_0x100004ca8,78675,False
func_ln_0x100004ce5,78341,False
func_ln_0x100009029,78373,False
func_ln_0x10000907d,77697,True
func_ln_0x1000090ae,77768,False
func_lo_0x10000905b,76895,True
func_lr_0x10000601a,77573,True
func_lr_0x10000604a,78030,True
func_lr_0x10000604c,77940,True
func_lr_0x100006057,77431,False
func_lr_0x100006060,77849,False
func_lr_0x100006138,77525,True
func_lr_0x100006262,77404,False
func_lr_0x100006268,77482,True
func_lr_0x10000627a,78444,False
func_lt_0x1000039dd,77395,True
func_lt_0x1000039e1,77149,True
func_lt_0x100003e11,77262,True
func_lt_0x100006449,77542,True
func_lt_0x10000644d,78301,False
func_lt_0x10000644f,77978,False
func_lt_0x100006459,78165,True
func_lt_0x10000646d,78633,True
func_lt_0x100008bf6,78092,False
func_lt_0x100008ea0,77114,False
func_lu_0x100004354,77543,False
func_m_0x10000011f,78527,False
func_m_0x100000121,78001,True
func_m_0x100000157,77084,False
func_m_0x1000001ab,78248,False
func_m_0x10000027f,77402,True
func_m_0x100000578,78190,True
func_m_0x1000036aa,76996,False
func_m_0x1000036af,77046,False
func_m_0x100003863,77556,False
func_m_0x100003865,77663,False
func_m_0x10000386f,77592,False
func_m_0x100003977,76947,False
func_m_0x100003a59,78554,False
func_m_0x100003a67,78306,False
func_m_0x100003b45,78109,True
func_m_0x100003bd6,78199,True
func_m_0x100003bd8,77982,True
func_m_0x100003caf,77205,True
func_m_0x100004ebe,78423,False
func_m_0x100004ec2,78720,True
func_m_0x100004ec6,77720,True
func_m_0x100004ec8,76850,True
func_m_0x100004ff1,78332,True
func_m_0x100005095,77080,True
func_m_0x100005098,78063,True
func_m_0x1000051b5,78649,False
func_m_0x100005723,76796,False
func_m_0x10000637d,77011,False
func_m_0x1000063ed,76760,True
func_m_0x1000066af,78726,False
func_m_0x1000068e4,78354,True
func_m_0x1000068e6,77128,False
func_m_0x100006bb2,78251,False
func_m_0x100006c91,77529,False
func_m_0x100006c95,76787,True
func_m_0x100006de5,77384,True
func_m_0x100006e82,76897,False
func_m_0x100006e84,78573,True
func_m_0x100006ef0,78492,False
func_m_0x10000727a,76824,False
func_m_0x10000727c,78422,True
func_m_0x100007334,78498,True
func_m_0x10000733f,77634,False
func_m_0x100007341,78158,True
func_m_0x100007349,76953,False
func_m_0x10000756a,78292,True
func_m_0x10000765f,78442,True
func_m_0x1000078ee,78488,False
func_m_0x100007be4,76879,False
func_m_0x100008160,78227,False
func_m_0x100008167,77098,False
func_m_0x100008361,78714,False
func_m_0x10000837d,76996,True
func_m_0x100008380,78456,False
func_m_0x10000866f,77946,True
func_m_0x100008931,78189,False
func_m_0x100008a3f,78018,False
func_m_0x100008a43,76852,False
func_ma_0x10000588d,77785,True
func_me_0x100003c22,78315,True
func_me_0x100003d5c,78561,False
func_me_0x100004d91,77358,True
func_me_0x100004d95,77303,False
func_me_0x100004d97,76883,True
func_me_0x100004d9d,76802,True
func_me_0x100004d9f,76766,True
func_me_0x100004da1,77976,True
func_me_0x100004da9,77528,False
func_me_0x100004dab,77942,False
func_me_0x100004daf,77444,False
func_me_0x100004db1,77528,True
func_me_0x100004db5,77224,True
func_me_0x100004dbd,78064,True
func_me_0x100004dbf,77194,True
func_me_0x100004dc1,78717,False
func_me_0x100004dc7,78316,True
func_me_0x100004dc9,78252,True
func_me_0x100004dcb,76857,True
func_me_0x100004dd3,77143,True
func_me_0x100004dd5,78092,True
func_me_0x100004ddb,78315,True
func_me_0x1000053e4,77005,False
func_me_0x100006fca,76855,False
func_me_0x10000779d,78230,False
func_me_0x1000079a1,78587,False
func_me_0x100008549,77933,False
func_me_0x10000854d,76951,False
func_me_0x100008ce0,76864,False
func_me_0x100008f22,78717,True
func_mn_0x1000059c0,77459,False
func_mn_0x1000059d0,78230,False
func_mn_0x100005a56,77130,False
func_mn_0x100005a84,77369,True
func_mt_0x100007f87,76912,False
func_mt_0x100007f91,77900,True
func_mt_0x100007f9c,77387,True
func_mt_0x100007f9e,78349,True
func_mt_0x100007fa2,77865,True
func_mt_0x100007fbc,78517,False
func_mt_0x100007fc4,76843,True
func_mt_0x100007fc8,78053,True
func_mt_0x100007fca,78475,True
func_mt_0x100007fd0,77541,True
func_mt_0x100007fd6,77677,False
func_mt_0x100007fda,78337,True
func_mt_0x100007fe6,77124,False
func_mt_0x100007fec,78641,True
func_mt_0x100007ff0,77454,True
func_mt_0x100007ff6,77481,True
func_mt_0x100008016,77030,False
func_mt_0x100008029,77668,False
func_mt_0x100008031,77211,False
func_mt_0x100008037,78691,False
func_mt_0x10000803b,78325,False
func_mt_0x10000803d,77182,True
func_mt_0x100008041,77556,True
func_n_0x100000004,77079,True
func_n_0x10000003d,76961,True
func_n_0x100000086,77332,True
func_n_0x1000000d0,78114,True
func_n_0x10000019b,78021,True
func_n_0x1000001a3,76965,True
func_n_0x10000022c,77977,True
func_n_0x100000233,78572,True
func_n_0x10000025d,78440,False
func_n_0x100000297,77721,True
func_n_0x1000002cf,78514,True
func_n_0x1000002d7,77918,True
func_n_0x100000327,78382,False
func_n_0x100000332,78425,True
func_n_0x10000034b,77767,False
func_n_0x10000035f,78142,False
func_n_0x1000003af,77412,True
func_n_0x1000003b5,77491,False
func_n_0x1000003b9,78500,False
func_n_0x1000003d9,76781,True
func_n_0x1000003dc,78545,False
func_n_0x1000003df,77371,True
func_n_0x1000003e6,78757,True
func_n_0x1000003f4,77269,False
func_n_0x100000402,77917,False
func_n_0x10000041a,77278,False
func_n_0x10000041e,78216,False
func_n_0x100000425,76840,False
func_n_0x100000483,78093,False
func_n_0x1000004ba,77884,True
func_n_0x1000004bd,78484,True
func_n_0x1000004cc,77348,True
func_n_0x1000004d5,78003,True
func_n_0x10000050d,76861,True
func_n_0x100000521,78644,True
func_n_0x100000524,77359,False
func_n_0x10000052a,77322,True
func_n_0x100000544,77063,True
func_n_0x10000055a,77314,False
func_n_0x100000568,78414,True
func_n_0x100000595,77166,False
func_n_0x100000883,78023,True
func_n_0x1000008e0,77236,False
func_n_0x1000008e3,78047,True
func_n_0x1000008e6,77588,False
func_n_0x100000902,77776,True
func_n_0x10000346a,76996,True
func_n_0x1000034c6,78143,True
func_n_0x10000358b,78075,True
func_n_0x10000384a,77720,False
func_n_0x100003872,78266,False
func_n_0x1000038a2,77032,True
func_n_0x100003a61,78757,True
func_n_0x100003b79,76854,False
func_n_0x100003bc0,78450,False
func_n_0x100003eaf,77445,True
func_n_0x1000043f8,76762,True
func_n_0x100004411,76906,True
func_n_0x1000044c0,78271,True
func_n_0x1000044cd,78358,False
func_n_0x100004b54,77661,False
func_n_0x100004d2d,76968,False
func_n_0x100004d45,77401,True
func_n_0x100004e15,78150,False
func_n_0x100004e75,76765,False
func_n_0x100004ee8,77420,False
func_n_0x1000050a5,76767,False
func_n_0x1000050c9,77847,False
func_n_0x1000051af,78309,True
func_n_0x1000051b4,78585,True
func_n_0x10000521d,77971,True
func_n_0x10000526f,77831,False
func_n_0x100005271,77336,False
func_n_0x100005273,76940,True
func_n_0x1000052ec,77462,False
func_n_0x1000053b9,78713,False
func_n_0x1000054b7,77030,False
func_n_0x1000055ea,78696,False
func_n_0x10000562a,77258,False
func_n_0x100005ef5,78145,True
func_n_0x10000635e,78416,False
func_n_0x1000068b0,77707,False
func_n_0x1000068c6,77483,True
func_n_0x100006a2a,78644,True
func_n_0x100006a5c,77360,False
func_n_0x100006a66,77770,False
func_n_0x100006b68,78247,False
func_n_0x100006b72,76852,False
func_n_0x100006b8a,77484,False
func_n_0x100006c10,77600,False
func_n_0x100006c1a,78739,True
func_n_0x100006c2e,78243,True
func_n_0x100006d88,77082,True
func_n_0x100006d94,77720,True
func_n_0x100006dc6,77951,True
func_n_0x100006ed2,77812,False
func_n_0x100006ee3,78320,False
func_n_0x100006efd,77221,False
func_n_0x100006f0e,76848,False
func_n_0x100006f18,77757,True
func_n_0x100006f6b,76973,True
func_n_0x100006f8d,77127,True
func_n_0x10000717d,76766,True
func_n_0x100007186,77647,True
func_n_0x1000071fa,77170,True
func_n_0x100007218,78748,False
func_n_0x100007221,78031,True
func_n_0x10000723d,78454,True
func_n_0x100007245,76932,False
func_n_0x100007251,76868,True
func_n_0x10000728c,77510,False
func_n_0x100007294,78756,True
func_n_0x10000729d,77384,False
func_n_0x1000072a6,78651,True
func_n_0x1000072b1,78256,True
func_n_0x1000072e2,77179,True
func_n_0x1000072f3,77093,True
func_n_0x1000072fb,78371,True
func_n_0x100007305,77072,False
func_n_0x100007316,77003,False
func_n_0x10000731e,77372,True
func_n_0x100007327,77073,True
func_n_0x100007456,77869,True
func_n_0x10000746f,77669,False
func_n_0x100007480,76966,False
func_n_0x100007518,77652,True
func_n_0x100007549,77751,True
func_n_0x10000754d,77935,False
func_n_0x100007640,78584,True
func_n_0x1000076e5,78662,True
func_n_0x1000078d8,78560,True
func_n_0x100007ad3,77003,True
func_n_0x100007af0,77938,False
func_n_0x100007b03,77207,True
func_n_0x100007b1a,77216,False
func_n_0x100007b20,78560,False
func_n_0x100007b2c,77664,True
func_n_0x100007c3f,77225,True
func_n_0x100007c46,77782,True
func_n_0x100007c4a,78205,False
func_n_0x100007c4e,78013,False
func_n_0x100007c50,77245,True
func_n_0x100007c52,77047,True
func_n_0x100007c58,77840,True
func_n_0x100007c5c,78075,True
func_n_0x100007c62,77588,False
func_n_0x100007c64,76943,True
func_n_0x100007c68,77602,False
func_n_0x100007c6a,78088,False
func_n_0x100007c70,78004,True
func_n_0x100007c72,77128,False
func_n_0x100007c74,76864,True
func_n_0x100007c76,77408,True
func_n_0x100007c78,78646,False
func_n_0x100007c7a,78297,False
func_n_0x100007c7e,78388,False
func_n_0x100007c80,77252,False
func_n_0x100007c82,77823,True
func_n_0x100007c84,77243,True
func_n_0x100007c92,77447,False
func_n_0x100007c94,78511,True
func_n_0x100007c96,77029,False
func_n_0x100007c98,77776,True
func_n_0x100007c9a,77111,False
func_n_0x100007c9c,78270,False
func_n_0x100007c9e,78128,False
func_n_0x100007ca6,77446,True
func_n_0x100007ca8,77936,True
func_n_0x100007cac,77828,True
func_n_0x100007cae,77657,True
func_n_0x100007cb0,78677,True
func_n_0x100007cb4,77943,True
func_n_0x100007cb6,77459,False
func_n_0x100007cb8,77885,True
func_n_0x100007cba,78200,True
func_n_0x100007cc0,78408,False
func_n_0x100007cc4,77839,False
func_n_0x100007cc6,77668,True
func_n_0x100007cc8,78599,False
func_n_0x100007cca,78027,True
func_n_0x100007cd0,77500,False
func_n_0x100007cd2,77442,False
func_n_0x100007cd4,78695,False
func_n_0x100007cd6,78358,True
func_n_0x100007ce0,77544,False
func_n_0x100007ce2,77569,False
func_n_0x100007ce4,77329,False
func_n_0x100007d14,78718,True
func_n_0x100007d91,78718,False
func_n_0x100007dd2,76911,False
func_n_0x100008483,78667,True
func_n_0x10000867e,78367,False
func_n_0x10000874b,77512,True
func_n_0x1000087a5,78477,True
func_n_0x1000087d1,76845,False
func_n_0x1000087df,76949,True
func_n_0x100008935,77276,True
func_n_0x100008c22,77175,False
func_n_0x100008c2e,77228,False
func_ne_0x1000001fd,77867,True
func_ne_0x100003528,78578,True
func_ne_0x100003616,77607,True
func_ne_0x10000365f,78200,True
func_ne_0x10000366b,78446,False
func_ne_0x1000037e0,78411,True
func_ne_0x1000037ef,77546,False
func_ne_0x100003d56,78337,True
func_ne_0x100004b12,77202,False
func_ne_0x100004b1f,78073,False
func_ne_0x100004b21,78479,False
func_ne_0x100004b25,77096,True
func_ne_0x100004b27,77566,False
func_ne_0x100004b2b,77243,False
func_ne_0x100004b2f,78378,True
func_ne_0x100004b35,78470,True
func_ne_0x100004b37,78704,False
func_ne_0x100004b3b,78175,False
func_ne_0x100004b3d,78214,True
func_ne_0x100004b43,78368,True
func_ne_0x100004b49,77352,True
func_ne_0x100004b4b,78427,True
func_ne_0x100005449,77668,False
func_ne_0x10000544d,78537,True
func_ne_0x1000057e2,77409,True
func_ne_0x1000057ee,77220,False
func_ne_0x100005808,78300,False
func_ne_0x100006b63,77518,False
func_ne_0x100006c3d,77692,True
func_ne_0x100007050,77755,False
func_ne_0x10000705c,78197,True
func_ne_0x10000705e,78604,False
func_ne_0x100007067,78712,True
func_ne_0x10000707a,77829,False
func_ne_0x10000707d,78637,True
func_ne_0x100007080,76918,False
func_ne_0x100007082,77862,False
func_ne_0x100007089,77374,False
func_ne_0x100007090,78679,False
func_ne_0x100007095,78070,False
func_ne_0x1000073eb,77657,False
func_ne_0x100008051,78214,False
func_ne_0x100008055,78443,False
func_ne_0x100008057,77717,False
func_ne_0x10000805d,76972,False
func_ne_0x10000805f,78668,False
func_ne_0x100008063,78397,True
func_ne_0x100008065,77385,False
func_ne_0x100008069,77911,False
func_ne_0x1000082cf,77334,False
func_ne_0x100008411,78729,False
func_ne_0x100008413,77818,True
func_ne_0x10000845d,78243,False
func_ne_0x10000847d,78387,True
func_ne_0x1000085c8,78567,False
func_ne_0x1000085cb,78617,True
func_ne_0x10000865d,76962,True
func_ne_0x100008663,77984,True
func_ne_0x1000086c0,77986,True
func_ne_0x1000086ec,77688,False
func_ne_0x1000086ef,77121,True
func_ne_0x1000089d7,78337,True
func_ne_0x1000089db,77515,True
func_ne_0x100008c7c,76951,False
func_ne_0x100008c8a,78011,False
func_ne_0x100008cd6,77801,True
func_ni_0x100004227,77830,True
func_nn_0x100006765,77538,False
func_nn_0x100008fc5,77519,True
func_nn_0x100008fc7,77341,False
func_nn_0x100008fc9,78001,False
func_nn_0x100008fcd,78717,False
func_nn_0x100008fcf,76911,False
func_nn_0x100008fd5,78626,True
func_nn_0x100008fdb,78286,True
func_nn_0x100008fdd,78563,False
func_nn_0x100008feb,78586,True
func_nn_0x100008fed,78329,False
func_nn_0x100008fef,78393,False
func_nn_0x100008ff5,77768,True
func_nn_0x100008ffb,78533,True
func_nn_0x100008ffd,78159,True
func_nn_0x100009001,78290,True
func_nn_0x100009003,76860,False
func_nn_0x100009007,77306,True
func_nn_0x10000900f,76959,False
func_nn_0x100009013,77159,True
func_nn_0x10000901d,76956,False
func_nn_0x10000901f,77554,False
func_nn_0x100009023,78254,False
func_nn_0x100009025,78122,False
func_nn_0x10000903d,77757,True
func_nn_0x100009057,78568,False
func_nn_0x1000090eb,78559,False
func_nr_0x1000039d8,78266,True
func_nr_0x1000039fc,78151,False
func_nr_0x1000053eb,78635,True
func_nr_0x100006fbb,76823,False
func_nr_0x100006fd2,78748,True
func_nr_0x100007792,76902,False
func_nr_0x10000779e,76957,True
func_nr_0x1000077b6,78160,False
func_nr_0x1000085ee,78187,True
func_nr_0x100008b8b,77299,True
func_nr_0x100008baf,77403,False
func_nr_0x100008bb1,78287,True
func_nr_0x100008bfb,78616,True
func_nt_0x1000039ec,77579,False
func_nt_0x1000039ee,77361,True
func_nt_0x1000039f0,77195,False
func_nt_0x1000039f2,77681,False
func_nt_0x1000039f6,76956,False
func_nt_0x100003ce1,78433,True
func_nt_0x100003d20,78755,False
func_nt_0x100005de7,78599,False
func_nt_0x100005de9,76863,True
func_nt_0x100005e15,78608,True
func_nt_0x100005e1f,78621,False
func_nt_0x100005e23,77009,True
func_nt_0x100005e25,77087,True
func_nt_0x100005e27,78322,False
func_nt_0x100005e32,77276,False
func_nt_0x100005e34,77543,True
func_nt_0x10000645a,77492,False
func_nt_0x10000645c,76832,True
func_nt_0x10000645e,77670,True
func_nt_0x100006466,77379,True
func_nt_0x10000646e,78126,True
func_nt_0x100006472,78479,False
func_nt_0x100006474,77366,False
func_nt_0x100006478,78048,False
func_nt_0x10000647c,76863,True
func_nt_0x100006607,78727,True
func_nt_0x100006609,76914,True
func_nt_0x100006638,76997,True
func_nt_0x100006673,78336,False
func_nt_0x100006680,77632,True
func_nt_0x10000668b,77031,True
func_nt_0x100006694,77529,True
func_nt_0x100006696,77198,False
func_nt_0x1000079e5,77168,False
func_nt_0x100007a0f,76947,False
func_nt_0x100007a67,77378,False
func_nt_0x100008afa,77721,False
func_nt_0x100008c01,76867,False
func_nt_0x100008ca3,77838,False
func_nt_0x100008ca7,78036,True
func_nt_0x100008ea9,77011,True
func_nt_0x100008eb3,78086,False
func_nt_0x100008eb5,78247,True
func_nt_0x100008eb9,76814,True
func_nt_0x100008ebb,77462,False
func_nt_0x100008ebd,77674,True
func_nt_0x100008ebf,78054,False
func_nt_0x100008ec3,77015,False
func_nt_0x100008ec7,78056,True
func_nt_0x100008ec9,78135,True
func_nt_0x100008ecf,78645,False
func_nt_0x100008ed3,77445,True
func_nt_0x100008ed5,76923,True
func_nt_0x100008ed7,78509,True
func_nt_0x100008edb,77453,True
func_nt_0x100008efc,78096,False
func_o_0x100000000,78584,True
func_o_0x100000002,77283,False
func_o_0x10000000b,78535,False
func_o_0x10000000e,78558,True
func_o_0x100000010,77139,False
func_o_0x100000018,77047,True
func_o_0x10000001b,78392,False
func_o_0x10000006a,77139,False
func_o_0x1000000b2,77181,True
func_o_0x10000015d,78210,True
func_o_0x100000160,78288,False
func_o_0x100000186,78665,False
func_o_0x10000019e,77112,True
func_o_0x100000259,77078,False
func_o_0x100000264,78163,False
func_o_0x100000337,78661,True
func_o_0x100000356,77014,False
func_o_0x10000035c,76841,True
func_o_0x1000003c8,77432,False
func_o_0x1000003cb,78496,True
func_o_0x1000003cf,77995,True
func_o_0x1000003e2,78669,False
func_o_0x1000003ea,78335,False
func_o_0x1000003f7,78077,False
func_o_0x100000416,78374,False
func_o_0x100000435,76796,False
func_o_0x100000454,76959,False
func_o_0x10000045a,77443,True
func_o_0x10000045d,77612,False
func_o_0x100000466,77774,False
func_o_0x100000469,78601,False
func_o_0x100000477,77327,False
func_o_0x100000479,77062,False
func_o_0x100000495,77552,False
func_o_0x100000497,78459,True
func_o_0x10000049f,78330,False
func_o_0x1000004b7,77438,True
func_o_0x10000051a,78741,True
func_o_0x100000547,76764,False
func_o_0x100000556,78517,True
func_o_0x1000007d5,78373,False
func_o_0x1000007fc,77578,True
func_o_0x100000810,77941,False
func_o_0x100000820,77359,False
func_o_0x100000872,77248,False
func_o_0x100000875,76760,True
func_o_0x100000880,76967,True
func_o_0x1000008a4,78228,True
func_o_0x1000008ae,77099,True
func_o_0x1000008b0,78607,True
func_o_0x1000008d3,78472,True
func_o_0x1000008dd,78204,False
func_o_0x1000008ed,77366,True
func_o_0x1000008ef,78695,True
func_o_0x1000008f1,77569,False
func_o_0x1000008f3,76874,True
func_o_0x1000008f5,77059,True
func_o_0x1000033fe,78439,False
func_o_0x10000342e,78033,False
func_o_0x100003430,77064,True
func_o_0x1000037f4,77151,False
func_o_0x100003ab3,77519,True
func_o_0x100003ac4,77307,False
func_o_0x100003e2b,78702,True
func_o_0x100003e31,78693,True
func_o_0x100003e36,77042,False
func_o_0x100003e3c,77161,True
func_o_0x100003e47,78113,False
func_o_0x100003e4b,77777,True
func_o_0x100003e53,78149,True
func_o_0x100003e56,78565,True
func_o_0x100003e5b,78393,True
func_o_0x100003e60,77409,True
func_o_0x100003e64,77126,True
func_o_0x1000043f2,78460,False
func_o_0x10000440a,78349,False
func_o_0x100004443,78310,False
func_o_0x100004449,78590,False
func_o_0x10000444c,77571,True
func_o_0x1000044d8,77652,False
func_o_0x1000048d4,76803,True
func_o_0x1000050da,78540,False
func_o_0x1000051ad,77872,True
func_o_0x10000522b,77702,True
func_o_0x100005276,78599,True
func_o_0x1000055a1,78103,False
func_o_0x100005f38,78129,True
func_o_0x100006710,78211,False
func_o_0x100006822,78741,True
func_o_0x10000684e,77615,True
func_o_0x10000686d,78085,True
func_o_0x100006871,77436,False
func_o_0x10000687e,77835,True
func_o_0x10000688e,77226,True
func_o_0x100006ebe,76769,False
func_o_0x100006ec3,78444,True
func_o_0x100006ece,77357,True
func_o_0x100006edd,77887,False
func_o_0x100006ee0,76977,False
func_o_0x100006f14,77383,True
func_o_0x100006f41,78072,True
func_o_0x100006f44,77575,False
func_o_0x100006f4c,77407,False
func_o_0x100007164,78056,True
func_o_0x100007182,77650,True
func_o_0x100007193,78157,False
func_o_0x1000072eb,76825,False
func_o_0x100007aec,76927,False
func_o_0x100007afa,77529,False
func_o_0x100007aff,77735,False
func_o_0x100007b28,78014,False
func_o_0x100007b38,77313,True
func_o_0x1000080af,77272,True
func_o_0x100008735,77050,False
func_o_0x100008744,78351,False
func_o_0x1000089a7,77856,True
func_o_0x100008b18,77090,False
func_o_0x100008b2f,77947,True
func_o_0x1000090fd,77299,True
func_oa_0x1000047f9,78263,True
func_oa_0x100004850,76884,True
func_oa_0x100004854,78254,True
func_oe_0x100003547,77028,False
func_oe_0x10000361a,77564,False
func_oe_0x10000366c,78062,False
func_oe_0x100003c3e,78611,True
func_oe_0x1000057e8,77793,False
func_oe_0x1000057f0,77288,False
func_oe_0x100006e3d,78315,True
func_oe_0x100006e6a,78429,True
func_oe_0x100007052,76906,True
func_oe_0x10000706b,77924,False
func_oe_0x10000706d,78049,True
func_oe_0x100007071,76882,False
func_oe_0x1000073b6,76967,False
func_oe_0x1000073b8,78091,True
func_oe_0x1000073bc,77306,False
func_oe_0x1000073c2,78155,True
func_oe_0x1000078c7,77374,True
func_oe_0x100007985,77903,False
func_oe_0x100008129,77718,False
func_oe_0x1000081f0,76943,False
func_oe_0x10000820f,78045,True
func_oe_0x10000830f,77296,True
func_oe_0x100008318,76774,False
func_oe_0x1000084e6,77543,True
func_oe_0x1000086cc,78006,False
func_oe_0x100008c85,77938,False
func_oi_0x100004bbb,76855,False
func_oi_0x100004bc1,77103,True
func_oi_0x100004bc3,77144,False
func_oi_0x100004bc5,77864,False
func_oi_0x100004bc9,77622,False
func_oi_0x100004bd5,77159,True
func_oi_0x100004bd7,78696,True
func_oi_0x100004be1,78447,True
func_oi_0x100004be3,78694,False
func_oi_0x100004be7,78535,True
func_oi_0x100004be9,77132,True
func_oi_0x100004beb,78688,True
func_oi_0x100004bf9,77095,False
func_oi_0x100007d31,77461,True
func_oi_0x100007d35,77008,True
func_oi_0x100007d39,77268,False
func_oi_0x100007d43,78739,True
func_oi_0x100007d47,78673,False
func_oi_0x100007d55,78253,True
func_oi_0x100007d59,78303,True
func_oi_0x100007d5b,77301,True
func_on_0x100004bbd,77167,False
func_on_0x100004bd3,77029,False
func_on_0x100004bd9,76773,False
func_on_0x100007d33,77160,False
func_on_0x100007d3d,78387,False
func_on_0x100007d3f,77748,True
func_on_0x100007d41,78096,False
func_on_0x100007d45,76924,True
func_oo_0x100004bf2,78420,False
func_oo_0x100004bf4,77650,True
func_oo_0x100007d5e,78086,True
func_or_0x1000049c3,78587,True
func_or_0x1000088af,77258,False
func_or_0x1000088f6,77285,False
func_or_0x1000088f9,78235,False
func_or_0x100008906,77715,False
func_ot_0x100005396,77952,False
func_ot_0x100005493,78724,False
func_ot_0x1000057b8,77842,False
func_ot_0x1000057d1,78445,True
func_ot_0x10000657d,78018,True
func_ot_0x10000671a,77247,True
func_ot_0x1000067c8,78024,False
func_ot_0x100006818,78497,True
func_ot_0x1000075c8,78097,False
func_ot_0x10000831d,77299,False
func_ot_0x10000832d,77640,True
func_p_0x10000028d,77321,True
func_p_0x10000028f,78178,False
func_p_0x100000353,78341,True
func_p_0x1000008b9,78457,False
func_p_0x1000034fd,77429,True
func_p_0x1000036ad,77338,False
func_p_0x100003837,77996,False
func_p_0x10000383c,78454,True
func_p_0x1000038d3,76835,True
func_p_0x1000038ec,77038,False
func_p_0x100003943,77084,False
func_p_0x10000398b,76869,False
func_p_0x100003997,77925,False
func_p_0x100003a90,78149,False
func_p_0x100003a93,76981,True
func_p_0x100003ac0,78147,True
func_p_0x100003ba6,78063,False
func_p_0x100003bc5,78446,True
func_p_0x100003e91,77024,False
func_p_0x100004394,77037,True
func_p_0x1000048b9,77135,False
func_p_0x1000048bf,77312,True
func_p_0x1000048c3,77209,True
func_p_0x1000048c5,77911,True
func_p_0x100004d74,78551,False
func_p_0x100004dde,78561,True
func_p_0x100004fe9,77297,True
func_p_0x1000050ad,78325,False
func_p_0x1000050b0,77741,True
func_p_0x10000520b,77593,True
func_p_0x10000524d,78484,False
func_p_0x100005266,78058,True
func_p_0x10000560d,78095,True
func_p_0x10000561d,78035,False
func_p_0x1000056b3,77831,False
func_p_0x100005727,76940,False
func_p_0x10000576d,77400,False
func_p_0x100005b19,78044,True
func_p_0x100005c7f,78105,False
func_p_0x100005e6d,77370,True
func_p_0x100005e93,78148,True
func_p_0x1000062b2,77170,True
func_p_0x100006374,77734,True
func_p_0x100006376,77850,False
func_p_0x1000063ec,77930,True
func_p_0x1000064ac,78241,True
func_p_0x100006528,77670,True
func_p_0x10000652b,77368,False
func_p_0x1000069de,77227,True
func_p_0x100006cd6,78101,False
func_p_0x100006d2a,78500,True
func_p_0x100006df0,78167,True
func_p_0x1000070a0,76889,False
func_p_0x1000070a8,76833,True
func_p_0x1000070aa,77427,False
func_p_0x100007172,78520,False
func_p_0x1000071a7,77271,False
func_p_0x1000071b4,78527,False
func_p_0x1000071d0,77829,False
func_p_0x1000071d2,76799,True
func_p_0x100007350,77167,False
func_p_0x100007352,77901,True
func_p_0x100007361,77533,False
func_p_0x1000074b4,77464,False
func_p_0x100007581,77781,True
func_p_0x100007585,78015,False
func_p_0x1000076ef,77962,True
func_p_0x10000782d,78023,True
func_p_0x10000782f,77087,False
func_p_0x10000784e,78601,False
func_p_0x100007bbb,78588,False
func_p_0x100007dd5,78318,False
func_p_0x10000813c,76844,False
func_p_0x10000840c,77975,False
func_p_0x100008673,77440,False
func_p_0x10000868d,76835,True
func_p_0x1000087ba,78700,False
func_p_0x100008920,76962,True
func_p_0x100008a26,78061,False
func_p_0x100008c3b,77579,True
func_pe_0x100003481,77815,True
func_pe_0x100003483,78295,True
func_pe_0x100003485,76905,False
func_pe_0x100003487,77756,False
func_pe_0x100003556,78355,True
func_pe_0x1000052c1,78701,True
func_pe_0x10000537f,78081,False
func_pe_0x1000053ad,77649,True
func_pe_0x1000053b2,78724,True
func_pe_0x100005419,77490,True
func_pe_0x10000541d,76915,False
func_pe_0x100005425,77823,False
func_pe_0x100005428,78328,True
func_pe_0x10000546f,76980,False
func_pe_0x100005471,77268,False
func_pe_0x100005473,77045,True
func_pe_0x100005475,78211,False
func_pe_0x100005477,77785,True
func_pe_0x100005479,77172,False
func_pe_0x10000547b,78214,False
func_pe_0x100005483,78477,False
func_pe_0x100005485,78113,True
func_pe_0x100005499,76834,False
func_pe_0x1000054a1,78594,True
func_pe_0x100005779,77519,True
func_pe_0x1000057a0,78185,False
func_pe_0x1000057a4,77680,False
func_pe_0x1000057aa,78511,False
func_pe_0x1000057dd,76925,False
func_pe_0x1000057fd,78679,True
func_pe_0x100005d1f,77009,False
func_pe_0x1000065ba,78118,False
func_pe_0x100006812,77963,True
func_pe_0x100006814,77888,True
func_pe_0x100006fef,78076,True
func_pe_0x100006ff6,77542,True
func_pe_0x100007000,78228,False
func_pe_0x100007032,77795,True
func_pe_0x100007036,77297,False
func_pe_0x10000703a,78327,False
func_pe_0x1000075bc,77464,False
func_pe_0x1000075be,78417,True
func_pe_0x1000075c0,77143,False
func_pe_0x10000808d,76840,True
func_pe_0x1000080a5,77261,True
func_pe_0x1000080a9,77734,True
func_pe_0x10000831b,77113,True
func_pe_0x1000086d7,77348,False
func_pe_0x100008779,77563,False
func_pe_0x10000877f,77518,False
func_pe_0x100008941,76966,False
func_pe_0x100008943,77459,False
func_pe_0x100008947,77083,True
func_pe_0x100008949,78087,True
func_pe_0x100008951,77423,False
func_pe_0x100008cd8,77313,False
func_pe_0x100008cdc,78304,True
func_pe_0x100008cde,78488,True
func_pi_0x100005f59,77251,True
func_pi_0x100005f63,78139,True
func_pi_0x1000061a0,77031,True
func_pi_0x1000061a8,78513,True
func_pi_0x1000061bd,76918,True
func_pi_0x1000061bf,77194,False
func_pi_0x1000061e3,78173,True
func_pi_0x100006252,77658,True
func_pi_0x10000628b,78666,False
func_pn_0x100000771,77249,False
func_pn_0x100005b8a,78513,False
func_pn_0x10000713a,78403,False
func_pn_0x100008cb0,78160,False
func_pn_0x100008cb5,78206,False
func_pr_0x100004009,77824,False
func_pr_0x100004011,77759,True
func_pr_0x10000401f,78637,True
func_pr_0x10000409b,78357,False
func_pr_0x1000040c5,77120,False
func_pr_0x10000420c,78063,True
func_pr_0x100004214,77765,True
func_pr_0x100004222,76932,True
func_pr_0x10000437f,78469,True
func_pt_0x1000036e3,76963,True
func_pt_0x1000036f5,78359,True
func_pt_0x10000671d,78560,False
func_pt_0x100006721,78680,False
func_pt_0x100006723,78444,False
func_pt_0x100006725,77543,True
func_pt_0x100006727,78103,False
func_pt_0x10000672f,78471,True
func_pt_0x100006731,78074,False
func_pt_0x100006733,78109,True
func_pt_0x100006735,78071,False
func_pt_0x10000673d,78522,False
func_pt_0x10000673f,77963,False
func_pt_0x100006743,78227,False
func_pt_0x100006751,78671,False
func_pt_0x100006753,78477,True
func_pt_0x100006755,78419,True
func_pt_0x100006759,77478,True
func_pt_0x10000675f,78686,True
func_pt_0x100006799,77894,False
func_pt_0x100008897,76867,False
func_pt_0x100008899,77252,False
func_pt_0x100008fbd,77011,False
func_pt_0x100009037,78710,False
func_pt_0x100009039,78278,False
func_pt_0x1000090a6,77338,False
func_pt_0x1000090a8,77881,False
func_pu_0x1000061fd,77709,True
func_q0_0x100006202,78100,False
func_q_0x100003506,78399,True
func_q_0x100003509,78737,False
func_q_0x10000350b,77198,True
func_q_0x10000352e,78070,False
func_q_0x100003535,78140,False
func_q_0x100003619,77275,False
func_q_0x10000365b,76807,True
func_q_0x1000037d6,77412,True
func_q_0x1000043d6,78479,True
func_q_0x10000449d,77910,True
func_q_0x100004b29,77934,True
func_q_0x100004b2d,77423,True
func_q_0x100004b31,78304,False
func_q_0x100004b39,77392,True
func_q_0x100004b41,77032,True
func_q_0x100004b45,78656,False
func_q_0x100005447,78468,True
func_q_0x100005455,76884,True
func_q_0x100005770,78440,False
func_q_0x100005ce0,78392,False
func_q_0x100005d33,78750,True
func_q_0x100005d60,77634,True
func_q_0x100006c48,77335,True
func_q_0x100006e3c,76896,True
func_q_0x100007058,77010,True
func_q_0x100008053,77833,False
func_q_0x100008059,77831,True
func_q_0x100008061,76921,True
func_q_0x100008067,77801,True
func_q_0x100008418,78699,True
func_q_0x100008453,77030,True
func_q_0x100008455,77338,True
func_q_0x100008457,77710,True
func_q_0x100008459,78251,True
func_q_0x10000845b,77006,True
func_q_0x100008461,78604,True
func_q_0x100008466,78188,True
func_q_0x100008468,77249,False
func_q_0x10000846a,78324,True
func_q_0x10000846c,77095,False
func_q_0x100008474,78353,True
func_q_0x100008476,77256,True
func_q_0x100008479,77673,True
func_q_0x10000847b,78453,False
func_q_0x1000085ce,76897,False
func_q_0x1000085d4,78685,True
func_q_0x100008661,78434,True
func_q_0x100008665,78096,False
func_q_0x100008667,78698,True
func_q_0x1000086c4,77520,False
func_q_0x1000086f8,77473,False
func_qe_0x100007734,77319,True
func_qe_0x100007736,77873,False
func_qe_0x10000773a,77963,True
func_qe_0x100007740,78482,False
func_qe_0x100007742,77174,True
func_qe_0x100007746,77848,False
func_qe_0x100007748,76827,True
func_qe_0x10000774a,77899,False
func_qe_0x10000774e,77799,True
func_qe_0x100007750,78107,True
func_qe_0x100007752,76903,True
func_qe_0x100007754,77367,True
func_qe_0x100007758,77670,False
func_qe_0x10000775c,78039,True
func_qe_0x10000775e,78449,False
func_qe_0x100007766,78329,True
func_qe_0x10000776a,77937,False
func_qe_0x10000776e,77246,True
func_qe_0x100007770,77040,True
func_qe_0x100007773,77695,True
func_qe_0x10000799f,77296,True
func_qe_0x1000079ac,77574,False
func_qe_0x100007a51,78268,True
func_qe_0x100007a53,77439,False
func_qe_0x100008b95,78727,False
func_qe_0x100008ca0,78115,True
func_qe_0x100008d70,78127,True
func_qe_0x100008d7c,78744,True
func_qe_0x100008d88,77682,True
func_qe_0x100008d8a,77127,False
func_qe_0x100008d8d,77688,False
func_qe_0x100008d94,77712,False
func_qe_0x100008d9c,77991,True
func_qe_0x100008d9f,77178,True
func_qe_0x100008da7,77954,True
func_qe_0x100008daf,77213,True
func_qe_0x100008db2,76948,False
func_qe_0x100008db9,78570,False
func_qe_0x100008dbd,77358,False
func_qi_0x100009071,78374,False
func_qi_0x100009075,78266,True
func_qi_0x1000090dc,77908,True
func_qn_0x1000045ef,77020,False
func_qn_0x10000477d,78112,False
func_qn_0x100004782,78564,True
func_qn_0x10000479f,78265,False
func_qn_0x1000047cc,78516,True
func_qr_0x100003ffd,76880,False
func_qr_0x10000410d,77185,False
func_qr_0x100004204,77929,False
func_qr_0x100004218,78282,False
func_qt_0x100004982,77546,False
func_qt_0x100004995,78698,True
func_qt_0x10000499d,77956,False
func_qt_0x1000049a1,78237,False
func_qt_0x1000049bf,78261,False
func_qt_0x100004aa4,77810,False
func_qt_0x100004aa6,77013,True
func_qt_0x100004ab6,78191,True
func_qt_0x100004ab8,78153,False
func_qt_0x100004aba,78158,True
func_qt_0x100004ac0,77265,False
func_qt_0x100004ac8,77000,False
func_qt_0x100004ad0,78420,False
func_qt_0x100004ad2,78115,True
func_qt_0x100004ad6,78311,False
func_qt_0x1000088dd,77460,False
func_qt_0x1000088fa,77766,False
func_qt_0x100008900,77591,True
func_r_0x100000006,78042,True
func_r_0x100000012,78423,False
func_r_0x100000015,77400,True
func_r_0x10000002c,78085,True
func_r_0x100000070,77844,True
func_r_0x10000009b,77110,True
func_r_0x1000000a8,77629,False
func_r_0x1000000b9,77167,True
func_r_0x1000000f1,77017,True
func_r_0x1000000f6,77125,True
func_r_0x100000170,77338,True
func_r_0x100000173,78745,True
func_r_0x10000017a,77505,True
func_r_0x10000017d,77106,False
func_r_0x10000018b,78040,True
func_r_0x100000191,78593,False
func_r_0x100000195,77633,True
func_r_0x100000198,78345,False
func_r_0x100000236,78707,False
func_r_0x100000256,76776,True
func_r_0x100000261,78174,True
func_r_0x100000266,78228,False
func_r_0x100000285,78088,True
func_r_0x1000002cc,76786,True
func_r_0x10000033b,77754,True
func_r_0x100000359,77669,True
func_r_0x100000369,78090,True
func_r_0x100000383,77368,False
func_r_0x1000003a9,78248,False
func_r_0x100000408,78204,True
func_r_0x10000041c,76973,False
func_r_0x100000451,77222,False
func_r_0x100000457,77651,True
func_r_0x100000460,78629,True
func_r_0x100000463,77542,False
func_r_0x100000470,78529,False
func_r_0x100000472,76808,False
func_r_0x10000047c,77723,True
func_r_0x1000004a1,77305,False
func_r_0x1000004a3,78079,True
func_r_0x1000004a7,77024,False
func_r_0x1000004a9,77872,False
func_r_0x1000004b4,76937,True
func_r_0x1000004c9,77998,True
func_r_0x1000004dd,77651,True
func_r_0x1000004ea,77924,False
func_r_0x100000506,77218,True
func_r_0x100000516,77918,False
func_r_0x100000518,78343,False
func_r_0x10000051c,78590,False
func_r_0x10000051e,77787,False
func_r_0x10000054b,76884,True
func_r_0x100000587,78367,True
func_r_0x100000591,77941,False
func_r_0x1000007db,78463,True
func_r_0x100000804,77114,False
func_r_0x100000854,78310,False
func_r_0x100000858,77789,False
func_r_0x10000085e,78241,True
func_r_0x100000867,77105,True
func_r_0x100000878,77715,False
func_r_0x10000087c,78563,False
func_r_0x10000087e,77811,False
func_r_0x10000088a,77335,True
func_r_0x100000899,78350,False
func_r_0x1000008ab,78078,False
func_r_0x100000908,78676,True
func_r_0x100000929,76836,False
func_r_0x1000033eb,78034,True
func_r_0x1000033f1,77201,True
func_r_0x1000034d6,78432,False
func_r_0x100003822,76917,False
func_r_0x100003907,78461,False
func_r_0x100003994,78156,True
func_r_0x100003996,77748,False
func_r_0x10000399b,76881,True
func_r_0x100003c95,77288,True
func_r_0x100003e23,78144,False
func_r_0x100003ea2,78419,False
func_r_0x1000043ed,77254,True
func_r_0x10000440d,77924,True
func_r_0x1000044af,77213,True
func_r_0x1000044ba,76882,False
func_r_0x10000493e,78399,True
func_r_0x100004b61,77568,False
func_r_0x100004b9a,77969,False
func_r_0x100004d49,78356,False
func_r_0x100004d7c,78613,False
func_r_0x100004f62,78035,False
func_r_0x100004fd0,77630,True
func_r_0x100005084,77482,True
func_r_0x1000050a3,77809,True
func_r_0x100005192,78389,False
func_r_0x1000051ab,78652,True
func_r_0x1000051c6,76898,False
func_r_0x1000051f8,78104,True
func_r_0x100005235,77565,False
func_r_0x100005245,77755,True
func_r_0x10000558a,77265,False
func_r_0x100005628,78722,True
func_r_0x1000056a9,77891,True
func_r_0x100005c14,76876,False
func_r_0x100005f3a,77335,False
func_r_0x100006359,78260,True
func_r_0x1000063e4,77287,True
func_r_0x100006539,77774,True
func_r_0x1000066a4,78450,False
func_r_0x1000068ba,77622,False
func_r_0x1000069a8,77241,False
func_r_0x100006a0b,77495,False
func_r_0x100006a0e,77496,True
func_r_0x100006a10,77568,True
func_r_0x100006a12,76911,True
func_r_0x100006a14,77777,False
func_r_0x100006a16,77265,True
func_r_0x100006a18,77558,True
func_r_0x100006a1a,76888,True
func_r_0x100006a1c,78328,True
func_r_0x100006a1e,77216,False
func_r_0x100006a20,77886,True
func_r_0x100006a22,77546,True
func_r_0x100006a24,77249,True
func_r_0x100006a26,77471,False
func_r_0x100006a28,77549,True
func_r_0x100006a37,77568,False
func_r_0x100006a39,78130,True
func_r_0x100006a5f,76911,True
func_r_0x100006a62,77592,True
func_r_0x100006a64,78123,False
func_r_0x100006b6d,77648,True
func_r_0x100006c20,76920,False
func_r_0x100006ec8,76880,False
func_r_0x100006eea,77023,True
func_r_0x100006ef7,77159,False
func_r_0x100006f06,77772,True
func_r_0x100006f20,77571,False
func_r_0x100006f2e,78113,False
func_r_0x100006f47,77227,True
func_r_0x100006f78,77378,True
func_r_0x1000071e6,77932,False
func_r_0x1000071ef,77877,False
func_r_0x100007206,78090,True
func_r_0x100007210,77689,False
func_r_0x10000722a,78541,False
func_r_0x1000072b9,76857,False
func_r_0x1000072c1,77671,True
func_r_0x1000072da,77712,False
func_r_0x10000730d,77500,True
func_r_0x100007482,77926,True
func_r_0x1000074a9,77585,True
func_r_0x10000751c,78691,False
func_r_0x100007532,76930,False
func_r_0x100007540,77006,False
func_r_0x100007551,77347,True
func_r_0x100007555,78219,True
func_r_0x100007559,78021,True
func_r_0x100007688,78364,True
func_r_0x10000768c,76994,True
func_r_0x1000076cf,77559,True
func_r_0x1000076e2,76857,False
func_r_0x1000076f2,78465,True
func_r_0x100007b12,77162,True
func_r_0x100008044,77909,False
func_r_0x1000080b5,77648,True
func_r_0x1000087ca,78133,True
func_r_0x100008b1f,77200,True
func_r_0x100008c27,77612,True
func_r_0x100008c36,77127,True
func_r_0x100008d2d,78466,True
func_r_0x100008df1,78732,True
func_r_0x100008e59,77491,True
func_r_0x10000902a,78395,False
func_r_0x10000902c,78000,False
func_r_0x10000902e,76814,True
func_r_0x1000090f0,77163,True
func_r_0x100009102,77044,True
func_r_0x100009124,78490,True
func_r_0x100009139,77493,True
func_r_0x100009145,78013,True
func_ra_0x100006171,77852,True
func_ra_0x1000061fa,78004,True
func_ra_0x100006200,78494,True
func_ra_0x10000620c,78443,False
func_re_0x100003443,77571,False
func_re_0x100003b05,78607,False
func_re_0x100003b38,77259,True
func_re_0x100003b5c,78074,True
func_re_0x100003bfe,77639,False
func_re_0x100003cb8,78682,False
func_re_0x100003cba,77805,False
func_re_0x100003cbc,77289,True
func_re_0x100003cbe,78357,True
func_re_0x100003d51,76845,True
func_re_0x1000043cf,77604,False
func_re_0x1000043dd,78079,True
func_re_0x1000043e3,78092,True
func_re_0x1000043e7,78355,True
func_re_0x1000043e9,77232,False
func_re_0x100005036,77531,True
func_re_0x10000503f,76859,True
func_re_0x100005351,77851,False
func_re_0x10000573e,78205,True
func_re_0x100005c54,78554,False
func_re_0x100005c5c,77394,True
func_re_0x100005c5e,77441,True
func_re_0x100005c65,77082,True
func_re_0x100005cba,77546,True
func_re_0x100005d37,77511,True
func_re_0x100005d7a,77616,True
func_re_0x100005d8b,77751,True
func_re_0x100005ed1,78265,False
func_re_0x100005ed7,77196,False
func_re_0x100005ed9,78158,True
func_re_0x100005edb,77670,True
func_re_0x100005edf,78140,True
func_re_0x1000063aa,76855,True
func_re_0x1000063ae,78609,False
func_re_0x100006549,77160,False
func_re_0x10000654b,76837,True
func_re_0x100006551,78728,False
func_re_0x100006558,78514,True
func_re_0x10000655e,78045,False
func_re_0x100006c6c,76901,False
func_re_0x100006c84,77697,False
func_re_0x10000742e,77557,False
func_re_0x100007432,77378,True
func_re_0x100007434,77413,True
func_re_0x100007436,77974,False
func_re_0x100007438,77967,True
func_re_0x100007abf,78618,False
func_re_0x100008081,78158,False
func_re_0x1000082cc,77372,False
func_re_0x1000083d3,78303,False
func_re_0x1000083d6,78133,False
func_re_0x1000083f9,76778,False
func_re_0x1000083fb,78557,False
func_re_0x1000083ff,77603,True
func_re_0x1000084c8,78539,False
func_re_0x1000084f4,76865,False
func_re_0x100008525,78173,False
func_re_0x10000852b,77483,False
func_re_0x10000893d,77377,True
func_re_0x1000089c1,78612,True
func_re_0x1000089c4,78063,False
func_re_0x100008dda,77296,False
func_re_0x100008ddc,76904,True
func_ri_0x100006194,78156,False
func_ri_0x1000061c5,76782,True
func_rn_0x1000045d1,77119,False
func_rn_0x100004620,78061,True
func_rn_0x1000046d4,78108,False
func_rn_0x1000047b1,77826,False
func_rn_0x1000047d7,77239,False
func_rn_0x100004873,78108,True
func_ro_0x10000377f,76989,False
func_ro_0x100003790,78502,True
func_ro_0x100005b95,78686,False
func_rr_0x100004b7b,77688,True
func_rr_0x100004b7d,78087,False
func_rr_0x100007ed0,78090,True
func_rr_0x100007f8f,77792,False
func_rr_0x100007f96,77984,False
func_rr_0x100007f9a,78644,True
func_rr_0x100007fb4,77212,True
func_rr_0x100007fb6,77387,True
func_rr_0x100007fba,78514,True
func_rr_0x100007fcc,77665,True
func_rr_0x100007fd8,78000,True
func_rr_0x100007fdd,78198,False
func_rr_0x100007fe4,77340,True
func_rr_0x100007fe8,78062,True
func_rr_0x100007ff4,77720,True
func_rr_0x100008002,78338,False
func_rr_0x100008012,78581,False
func_rr_0x100008019,76946,True
func_rr_0x10000801f,78161,False
func_rr_0x10000803f,78463,False
func_rr_0x100009090,78538,False
func_rr_0x100009094,78721,False
func_rt_0x100003d60,78056,False
func_rt_0x100003d62,78003,True
func_rt_0x100003d92,78275,False
func_rt_0x100003d96,78166,True
func_rt_0x100004d93,76976,True
func_rt_0x100004d99,77148,True
func_rt_0x100004d9b,76837,False
func_rt_0x100004da3,78016,True
func_rt_0x100004da5,77794,False
func_rt_0x100004da7,77797,True
func_rt_0x100004dad,78455,False
func_rt_0x100004db3,78080,True
func_rt_0x100004db7,77257,True
func_rt_0x100004db9,78679,False
func_rt_0x100004dbb,77152,False
func_rt_0x100004dc3,78354,True
func_rt_0x100004dc5,76857,True
func_rt_0x100004dcd,78699,True
func_rt_0x100004dcf,78323,False
func_rt_0x100004dd1,77223,False
func_rt_0x100004dd7,77771,True
func_rt_0x100004dd9,77817,True
func_rt_0x100005393,77460,True
func_rt_0x10000539a,78175,True
func_rt_0x100006591,76782,False
func_rt_0x10000853b,77670,True
func_rt_0x10000853d,77624,True
func_rt_0x1000086d8,78166,True
func_rt_0x1000086da,77186,False
func_rt_0x100008783,77691,True
func_rt_0x10000879b,78454,False
func_rt_0x10000879e,77209,False
func_s_0x1000000f9,76957,True
func_s_0x10000023a,78483,False
func_s_0x100000386,78213,False
func_s_0x100000390,76817,False
func_s_0x100000438,77517,False
func_s_0x10000043c,77904,False
func_s_0x100000441,76824,True
func_s_0x1000004d9,78043,True
func_s_0x10000053e,78638,True
func_s_0x100000562,77024,True
func_s_0x10000056a,77294,True
func_s_0x10000080a,78514,False
func_s_0x100000823,78196,False
func_s_0x10000082b,77937,False
func_s_0x10000083b,77875,True
func_s_0x1000008d5,78719,False
func_s_0x1000008d9,78610,True
func_s_0x100003799,77147,False
func_s_0x100003824,77636,True
func_s_0x100003918,76867,True
func_s_0x100003920,78473,False
func_s_0x10000394b,78410,True
func_s_0x100003ba3,77313,True
func_s_0x1000043ef,78000,True
func_s_0x10000442b,77756,False
func_s_0x10000442f,78211,False
func_s_0x1000044d5,78008,True
func_s_0x100004d3d,77723,True
func_s_0x100004fa5,77110,False
func_s_0x10000502c,77396,True
func_s_0x100005171,76889,True
func_s_0x10000519b,78667,True
func_s_0x1000051f0,77105,True
func_s_0x10000527c,76778,True
func_s_0x100005596,78626,True
func_s_0x100005726,77240,False
func_s_0x10000575b,76811,True
func_s_0x100005b34,78055,False
func_s_0x10000635a,78030,False
func_s_0x1000063e6,78134,True
func_s_0x1000063fc,77935,False
func_s_0x100006851,77910,False
func_s_0x100006a4d,76891,True
func_s_0x100006a94,78269,True
func_s_0x100006b01,76775,True
func_s_0x100006c14,77548,True
func_s_0x100006e20,78595,False
func_s_0x100006ee7,78283,True
func_s_0x100006f11,77775,False
func_s_0x1000071f6,78525,False
func_s_0x100007203,77120,True
func_s_0x10000720c,78358,True
func_s_0x100007263,77048,True
func_s_0x1000072c9,78450,False
func_s_0x100007323,77762,True
func_s_0x10000732f,78581,True
func_s_0x100007364,78641,True
func_s_0x10000745c,77039,True
func_s_0x100007466,78030,False
func_s_0x10000746a,78406,False
func_s_0x100007504,78116,False
func_s_0x100007524,77835,False
func_s_0x100007536,78554,False
func_s_0x100007646,77687,False
func_s_0x100007690,78209,True
func_s_0x100007adb,78145,False
func_s_0x100007ade,78707,True
func_s_0x100007af5,77530,True
func_s_0x100007bc1,76929,True
func_s_0x100007e4f,78210,False
func_s_0x100007e6c,77256,False
func_s_0x10000849e,78103,True
func_s_0x1000087ac,77275,True
func_s_0x1000087ce,77684,True
func_s_0x1000089a3,77236,False
func_s_0x100008c3f,78425,True
func_s_0x100008dc2,77471,False
func_s_0x100008e09,78068,True
func_s_0x100009132,78425,False
func_s_0x10000914c,78682,False
func_se_0x100003479,77310,False
func_se_0x100003492,78135,False
func_se_0x100003548,77273,False
func_se_0x100003551,77612,True
func_se_0x100003664,77827,False
func_se_0x100003c1a,78306,False
func_se_0x100003c36,76963,False
func_se_0x100003c38,78253,True
func_se_0x100003c3a,78137,True
func_se_0x1000043bf,77799,False
func_se_0x1000043c1,76822,False
func_se_0x100004e21,78210,False
func_se_0x1000055b1,78114,False
func_se_0x1000055b7,78010,True
func_se_0x1000055c1,76865,False
func_se_0x1000057fc,78212,True
func_se_0x100006a97,77638,True
func_se_0x100006c37,77928,True
func_se_0x1000073c6,78673,False
func_se_0x1000073da,78131,False
func_se_0x1000073e1,78503,True
func_se_0x10000795b,77701,False
func_se_0x10000795e,78255,True
func_se_0x100007960,77899,False
func_se_0x100007966,78290,False
func_se_0x100008327,77036,True
func_se_0x1000084e7,77110,True
func_se_0x1000084eb,78152,False
func_se_0x100008658,78295,False
func_se_0x100008c8d,78187,True
func_si_0x100004242,77333,True
func_si_0x100004334,77257,True
func_sn_0x100003ffa,78265,True
func_so_0x100006274,77382,True
func_so_0x10000628d,77467,False
func_sr_0x100003d98,78352,False
func_sr_0x100003df2,76933,True
func_sr_0x100004e2c,77443,True
func_sr_0x10000539f,78375,True
func_sr_0x100006588,77314,False
func_sr_0x1000086e0,78503,True
func_sr_0x1000086e4,77105,False
func_sr_0x100008956,77777,True
func_sr_0x10000895a,77000,False
func_sr_0x100008968,77075,True
func_ss_0x100004016,78531,False
func_ss_0x100004145,77723,False
func_ss_0x100004149,77182,False
func_st_0x1000059ab,78424,False
func_st_0x1000059da,77946,True
func_st_0x1000059e6,77294,False
func_st_0x100005a10,77889,True
func_st_0x100005a12,77849,False
func_st_0x100005a1a,77461,True
func_st_0x100005a22,77510,False
func_st_0x100005a3c,77190,False
func_st_0x100005a4a,77429,False
func_st_0x100005a50,78367,True
func_st_0x100005a68,77276,True
func_st_0x100005a7a,78094,False
func_st_0x100005a7e,76765,True
func_st_0x100005a88,78363,True
func_st_0x100005a8a,77282,False
func_st_0x100005a9a,78165,True
func_st_0x100005a9e,78457,True
func_st_0x100005adf,76771,False
func_t_0x100003dfb,78187,False
func_t_0x100003e08,78220,True
func_t_0x100004e3b,76902,True
func_t_0x100004e4d,77114,False
func_t_0x100004e54,77156,True
func_t_0x1000086e2,77439,True
func_t_0x100008958,77802,True
func_t_0x10000895c,78101,False
func_t_0x10000896a,78385,False
func_t_0x100008c95,76907,False
func_t_0x100008c97,77028,False
func_t_0x100008c99,77262,False
func_t_0x100008c9b,77380,False
func_t_0x100008ceb,78511,False
func_ta_0x100004127,78678,True
func_te_0x10000344c,76832,True
func_te_0x100003450,77085,False
func_te_0x10000352a,78132,False
func_te_0x100003609,77356,False
func_te_0x100003615,77093,False
func_te_0x100003627,78621,True
func_te_0x100003629,77150,False
func_te_0x100003657,78511,True
func_te_0x100003661,77954,False
func_te_0x100003673,77353,True
func_te_0x1000037d4,77431,False
func_te_0x100003ae0,77825,True
func_te_0x100003ae2,77722,False
func_te_0x100003ae6,76826,True
func_te_0x1000043b6,77563,True
func_te_0x1000043b8,77296,True
func_te_0x10000449b,77162,False
func_te_0x100005311,78067,True
func_te_0x100005319,77127,True
func_te_0x10000531b,78216,False
func_te_0x10000531f,78027,False
func_te_0x100005321,76829,False
func_te_0x100005323,77871,True
func_te_0x10000532b,77191,True
func_te_0x100005ce2,77677,False
func_te_0x100005d15,77049,False
func_te_0x100006b56,78106,True
func_te_0x100006b5b,78436,True
func_te_0x100006b65,77172,False
func_te_0x100006e45,77543,True
func_te_0x1000070db,76845,True
func_te_0x100007857,77819,True
func_te_0x100007881,78389,True
func_te_0x100007984,77833,False
func_te_0x10000810c,78252,False
func_te_0x10000810e,78626,False
func_te_0x10000811a,77196,False
func_te_0x10000812f,77607,False
func_te_0x1000082d3,77563,False
func_te_0x1000082d5,77848,True
func_te_0x1000083a5,77486,True
func_te_0x1000083af,76879,False
func_te_0x100008970,77522,False
func_te_0x100008d0c,76768,False
func_ti_0x100007cbe,78073,True
func_ti_0x100007d78,78063,True
func_tn_0x1000036e7,77252,True
func_tn_0x1000036ed,78238,True
func_tn_0x1000036fb,77948,True
func_tn_0x10000677d,78472,True
func_tn_0x10000677f,78389,False
func_tn_0x10000679f,78098,True
func_tn_0x1000067a5,76848,True
func_tn_0x1000067a9,76806,False
func_tn_0x1000067ad,78566,False
func_tn_0x1000067b9,77115,False
func_tn_0x1000067bb,78242,False
func_tn_0x1000067c5,77222,True
func_tn_0x100008647,78362,True
func_tn_0x10000864f,77147,True
func_tn_0x1000088be,77357,True
func_tr_0x1000049a7,77954,True
func_tr_0x1000049a9,77138,True
func_tr_0x1000049ad,78487,True
func_tr_0x100008620,77713,False
func_tr_0x100008622,76865,False
func_tr_0x100008624,76847,True
func_tr_0x10000862c,77509,True
func_tr_0x100008630,77698,True
func_tr_0x100008870,78017,False
func_tr_0x100008872,77565,False
func_tr_0x10000888f,78621,True
func_tr_0x100008891,77664,True
func_tr_0x1000088b2,76802,True
func_tr_0x1000088cb,76907,False
func_tr_0x1000088ef,77028,False
func_tt_0x100004976,78354,True
func_tt_0x100004978,77060,True
func_tt_0x10000497c,77059,True
func_tt_0x100004980,78535,True
func_tt_0x100004984,78174,True
func_tt_0x100004988,77192,True
func_tt_0x10000498c,77846,True
func_tt_0x100004999,78087,True
func_tt_0x1000049a5,78333,False
func_tt_0x1000049af,76763,False
func_tt_0x1000049b3,76971,True
func_tt_0x1000049b9,76966,False
func_tt_0x100004aac,78535,True
func_tt_0x100004aae,78030,True
func_tt_0x100004ab0,78376,False
func_tt_0x100004ab2,78658,True
func_tt_0x100004ac2,77922,True
func_tt_0x100004ac4,77846,True
func_tt_0x100004aca,78016,True
func_tt_0x100004ad4,78646,False
func_tt_0x10000886f,77785,True
func_tt_0x1000088db,77456,False
func_tt_0x100008904,78066,False
func_tu_0x100007c38,77983,True
func_u_0x10000008a,77523,False
func_u_0x1000002a2,77983,False
func_u_0x1000002fe,77646,False
func_u_0x100000317,76902,False
func_u_0x100000346,77717,False
func_u_0x100000373,76871,True
func_u_0x10000039b,77631,False
func_u_0x1000003bd,77088,True
func_u_0x1000003c5,77632,True
func_u_0x1000003fb,77103,False
func_u_0x10000040a,77967,True
func_u_0x10000042a,78726,False
func_u_0x10000046c,77682,False
func_u_0x10000048c,77691,True
func_u_0x1000004c3,77711,True
func_u_0x1000004ef,78003,True
func_u_0x100000504,78015,False
func_u_0x10000054e,78189,False
func_u_0x100000553,78717,True
func_u_0x100000573,78018,False
func_u_0x100000814,78039,True
func_u_0x100000851,77293,True
func_u_0x10000086a,77550,False
func_u_0x1000033f4,78742,False
func_u_0x10000356a,77206,False
func_u_0x10000382c,78079,True
func_u_0x1000038f5,77844,True
func_u_0x1000038ff,78161,False
func_u_0x100003bb2,78642,True
func_u_0x100003e90,78489,True
func_u_0x1000048cc,78327,False
func_u_0x100004d4c,77295,False
func_u_0x100004d86,78185,True
func_u_0x100004f1a,78110,True
func_u_0x100004f5d,77613,False
func_u_0x100004f9d,77544,False
func_u_0x100004fb7,77759,True
func_u_0x100004fe2,77471,True
func_u_0x100005054,77672,False
func_u_0x100005167,78186,False
func_u_0x100005194,76875,True
func_u_0x1000051eb,77884,False
func_u_0x1000055ee,77294,False
func_u_0x100005615,77025,True
func_u_0x10000561c,77993,False
func_u_0x1000056d0,77142,True
func_u_0x1000056ff,77074,False
func_u_0x100005e8b,77371,True
func_u_0x100005f06,77128,True
func_u_0x100006895,78642,True
func_u_0x1000069ab,77388,False
func_u_0x100006b0e,77826,True
func_u_0x100006ba3,77097,True
func_u_0x100006d00,78419,True
func_u_0x100006de4,78048,True
func_u_0x100006df7,77666,False
func_u_0x100006f0b,78463,True
func_u_0x100006f1c,78722,False
func_u_0x100006f25,78199,False
func_u_0x100007166,76828,True
func_u_0x1000071be,77285,True
func_u_0x1000071ec,77461,True
func_u_0x100007215,77767,True
func_u_0x10000721e,78517,True
func_u_0x100007227,77378,False
func_u_0x100007230,78143,False
func_u_0x100007233,78149,True
func_u_0x100007242,77047,False
func_u_0x100007256,77205,False
func_u_0x100007291,77528,False
func_u_0x10000729a,77462,False
func_u_0x1000072a3,77332,False
func_u_0x1000072ae,77086,False
func_u_0x1000072b6,77091,True
func_u_0x1000072be,77051,True
func_u_0x1000072c6,76812,False
func_u_0x1000072df,77624,True
func_u_0x1000072e8,78012,True
func_u_0x1000072f0,78575,True
func_u_0x1000072f8,78257,True
func_u_0x100007302,77388,False
func_u_0x10000730a,78566,False
func_u_0x100007313,77125,False
func_u_0x10000731b,78475,False
func_u_0x10000740e,77637,False
func_u_0x100007520,77926,False
func_u_0x10000752a,77287,False
func_u_0x10000752e,77847,False
func_u_0x10000753b,77997,True
func_u_0x100007545,78500,True
func_u_0x100007659,77526,False
func_u_0x100007684,77964,True
func_u_0x1000077fe,78383,False
func_u_0x100007ad0,76843,True
func_u_0x100007ddc,78676,False
func_u_0x100007e02,76923,True
func_u_0x100007e57,76787,False
func_u_0x100007e65,77767,True
func_u_0x100008364,77830,False
func_u_0x1000083e6,77835,False
func_u_0x100008487,78291,True
func_u_0x100008492,76809,False
func_u_0x10000870e,76940,True
func_u_0x10000872e,78752,False
func_u_0x1000087c1,77092,True
func_u_0x1000087c5,78251,False
func_u_0x1000087d5,77271,False
func_u_0x100008b2b,78492,False
func_u_0x100008d31,77289,True
func_u_0x10000910c,77985,False
func_u_0x100009142,78196,False
func_ue_0x100000793,78250,False
func_ue_0x1000007b1,78144,False
func_ue_0x1000007cc,77885,True
func_ue_0x1000007d2,77959,False
func_ue_0x1000039a9,78331,True
func_ue_0x1000039ad,78115,True
func_ue_0x1000039b1,78049,True
func_ue_0x1000039bc,78425,False
func_ue_0x100005b76,77302,True
func_ue_0x100005bb4,78747,False
func_ue_0x100005bba,77824,True
func_ue_0x100005bc5,78343,True
func_ue_0x100005bc9,77201,False
func_ue_0x100005bcb,76821,False
func_ue_0x100005bcf,77065,False
func_ue_0x100005bd1,76941,False
func_ue_0x100005bd5,77325,True
func_ue_0x100005be1,77179,True
func_ue_0x100005be3,77582,False
func_ue_0x100005be5,77982,False
func_ue_0x100005be9,77757,True
func_ue_0x100005bed,76863,True
func_ue_0x100005bf3,77861,True
func_ue_0x100005bf5,78017,False
func_ue_0x100005c05,78127,False
func_ue_0x100005c0d,77121,True
func_ue_0x100005e3d,78353,True
func_ue_0x100006602,78529,True
func_ue_0x100006661,77605,True
func_ue_0x100007775,78635,True
func_ue_0x1000079bf,78557,False
func_ue_0x100007a03,76929,True
func_ue_0x100008ea1,77467,False
func_un_0x100004993,78239,True
func_un_0x1000049a3,77253,False
func_un_0x10000861c,78554,True
func_un_0x100008634,76933,True
func_un_0x100008874,77408,False
func_un_0x10000888d,78356,False
func_un_0x100008893,77021,True
func_un_0x1000088fc,77870,True
func_unknown_0x100000127,77578,False
func_unknown_0x10000012b,77645,False
func_unknown_0x10000014d,78546,False
func_unknown_0x1000001b7,77744,True
func_unknown_0x100000281,77896,False
func_unknown_0x100000311,78099,False
func_unknown_0x10000343d,78601,True
func_unknown_0x100003857,78347,True
func_unknown_0x10000385f,77295,True
func_unknown_0x100003879,76850,True
func_unknown_0x10000387b,78553,False
func_unknown_0x10000387d,78704,False
func_unknown_0x1000038c4,77300,False
func_unknown_0x100003909,77734,True
func_unknown_0x100003954,77056,False
func_unknown_0x100003969,77990,True
func_unknown_0x100003975,76886,False
func_unknown_0x100003978,77890,False
func_unknown_0x100003aaa,78579,False
func_unknown_0x100003aac,76932,False
func_unknown_0x100003b89,78030,True
func_unknown_0x100004ed7,76979,True
func_unknown_0x100004f1c,78076,False
func_unknown_0x100004f1f,77540,True
func_unknown_0x100004f3e,78074,False
func_unknown_0x100004fb3,77656,True
func_unknown_0x1000051dc,76888,False
func_unknown_0x1000054de,78454,True
func_unknown_0x1000055ff,78591,True
func_unknown_0x100005603,76944,True
func_unknown_0x100005608,77320,True
func_unknown_0x1000056a4,77477,True
func_unknown_0x100005709,77621,False
func_unknown_0x10000570b,76853,True
func_unknown_0x10000570d,77494,False
func_unknown_0x10000570f,77478,False
func_unknown_0x100005b26,77084,False
func_unknown_0x100005e76,77014,True
func_unknown_0x100005e7c,77696,True
func_unknown_0x100005e81,77559,True
func_unknown_0x1000062c2,77521,False
func_unknown_0x1000062e4,78063,False
func_unknown_0x1000062f9,78390,True
func_unknown_0x1000062fb,77803,True
func_unknown_0x100006306,77585,True
func_unknown_0x10000682f,77331,False
func_unknown_0x100006835,77943,True
func_unknown_0x10000683c,78001,False
func_unknown_0x100006840,78743,False
func_unknown_0x100006844,78501,True
func_unknown_0x100006846,77959,False
func_unknown_0x1000068cd,78202,False
func_unknown_0x1000068cf,78560,True
func_unknown_0x1000069a5,76968,True
func_unknown_0x100006bfd,77148,False
func_unknown_0x100006cb8,77725,True
func_unknown_0x100006cba,78177,False
func_unknown_0x100006ce7,78048,True
func_unknown_0x100006df9,78093,True
func_unknown_0x100006dfb,78121,True
func_unknown_0x100006e23,76852,True
func_unknown_0x100006e89,78204,True
func_unknown_0x100006e98,77197,True
func_unknown_0x100006ea6,78282,False
func_unknown_0x100006eaa,78369,False
func_unknown_0x100006eac,77600,False
func_unknown_0x100006eae,76815,True
func_unknown_0x10000762f,78617,True
func_unknown_0x100007638,78270,False
func_unknown_0x1000078ef,77866,True
func_unknown_0x100008292,77099,False
func_unknown_0x100008296,78029,False
func_unknown_0x100008366,77886,False
func_unknown_0x10000855f,77580,True
func_unknown_0x10000858b,78605,True
func_unknown_0x100008593,77610,True
func_unknown_0x100008595,78252,True
func_unknown_0x100008a4d,77933,True
func_unknown_0x100008e0f,78307,True
func_unknown_0x100008e11,78145,True
func_unknown_0x100009112,77768,False
func_unknown_0x100009114,77279,True
func_unknown_0x100009119,78696,True
func_unknown_0x100009121,78559,False
func_uo_0x100004627,76903,False
func_uo_0x100004629,78699,True
func_uo_0x100004630,77184,False
func_ur_0x1000039a5,76885,True
func_ur_0x1000039da,77738,True
func_ur_0x100003e15,77824,False
func_ur_0x1000053ee,77793,False
func_ur_0x100006fd4,77346,False
func_ur_0x100007721,78725,True
func_ur_0x100007787,77718,True
func_ur_0x10000778d,77402,False
func_ur_0x100008961,77957,True
func_ur_0x100008bbc,77847,False
func_ur_0x100008bd9,78016,True
func_ur_0x100008bdd,78280,True
func_ur_0x100008be3,76769,False
func_ur_0x100008be5,78193,False
func_ur_0x100008beb,76881,False
func_ur_0x100008bef,77514,False
func_ut_0x1000047f3,77335,False
func_ut_0x1000047f6,77245,False
func_ut_0x1000047fc,78010,False
func_ut_0x100005880,77560,False
func_ut_0x100005886,76810,True
func_ut_0x1000059be,78665,False
func_ut_0x1000059c2,77356,True
func_ut_0x1000059c8,78044,False
func_ut_0x1000059d4,77862,True
func_ut_0x1000059d8,77457,True
func_ut_0x1000059e2,78646,False
func_ut_0x1000059ea,78086,True
func_ut_0x1000059f4,77461,False
func_ut_0x1000059fe,78524,False
func_ut_0x100005a00,77073,True
func_ut_0x100005a0c,78573,True
func_ut_0x100005a14,77152,True
func_ut_0x100005a20,76774,True
func_ut_0x100005a28,77614,False
func_ut_0x100005a30,77443,False
func_ut_0x100005a3a,77759,True
func_ut_0x100005a3e,77838,False
func_ut_0x100005a52,77636,False
func_ut_0x100005a5c,77061,False
func_ut_0x100005a6c,78031,False
func_ut_0x100005a70,78066,False
func_ut_0x100005a7c,76882,False
func_ut_0x100005a9c,77131,False
func_ut_0x100005aac,77832,True
func_ut_0x100005ab1,76922,True
func_ut_0x100005ab3,77413,True
func_ut_0x100005ab5,77000,True
func_ut_0x100005ab8,78446,False
func_ut_0x100005aba,77285,True
func_ut_0x100005abc,77726,True
func_ut_0x100005ac3,77025,False
func_ut_0x100005ac7,78118,False
func_ut_0x100005acb,78424,False
func_ut_0x100005ad1,76931,False
func_ut_0x100005ad5,76760,True
func_ut_0x100005add,77880,False
func_ut_0x100005ae1,77615,False
func_ut_0x100005ae3,78206,True
func_ut_0x100005aeb,78195,False
func_ut_0x100005af1,78640,False
func_ut_0x100005afb,78637,True
func_ut_0x100005aff,78722,False
func_ut_0x100005b01,76946,False
func_ut_0x100005b05,76906,False
func_v_0x1000001f0,77462,False
func_v_0x1000001f4,78154,False
func_v_0x1000001f6,78437,True
func_v_0x100003605,77051,True
func_v_0x10000360b,78479,True
func_v_0x10000360d,76872,True
func_v_0x100003ade,78036,True
func_v_0x100003c48,77539,True
func_v_0x100003c4c,77261,False
func_v_0x1000044a1,78387,False
func_v_0x100004cee,78015,True
func_v_0x100004e0a,77980,True
func_v_0x100004e0e,78078,True
func_v_0x100005d70,77927,True
func_v_0x100006b59,77118,False
func_v_0x100006c3b,77614,False
func_v_0x100006c41,78065,False
func_v_0x100006c46,77883,False
func_v_0x100006c66,77336,True
func_v_0x100006e42,77227,False
func_v_0x100006e44,77712,True
func_v_0x100006e4c,77787,True
func_v_0x100006e54,77490,True
func_v_0x10000785b,78385,True
func_v_0x10000797d,77399,False
func_v_0x100007b52,78156,False
func_v_0x100008104,78100,False
func_v_0x10000810a,78457,True
func_v_0x100008118,78167,True
func_v_0x100008137,77385,True
func_v_0x1000083a7,77176,False
func_v_0x1000083a9,78453,False
func_v_0x1000083ab,76905,False
func_v_0x1000083b3,77654,False
func_v_0x1000084d6,76919,False
func_v_0x10000896f,76839,True
func_v_0x100008c7a,78221,False
func_v_0x100008cf8,77678,False
func_v_0x100008cfc,78563,True
func_v_0x100008d00,77654,False
func_v_0x100008d02,77213,False
func_ve_0x100003538,77638,False
func_ve_0x10000353a,78172,False
func_ve_0x10000353e,78526,True
func_ve_0x100003540,77382,False
func_ve_0x100003542,78160,True
func_ve_0x1000037ea,77967,True
func_ve_0x100003c2e,78658,False
func_ve_0x100003d5b,78736,True
func_ve_0x1000052aa,78708,False
func_ve_0x1000052ac,77567,True
func_ve_0x1000052ae,77771,True
func_ve_0x100005385,78019,False
func_ve_0x10000538b,78557,False
func_ve_0x10000538f,77216,True
func_ve_0x1000053a7,78656,True
func_ve_0x1000053ab,78273,True
func_ve_0x10000542c,77506,True
func_ve_0x10000542e,77152,False
func_ve_0x100005d66,78598,False
func_ve_0x100006ae8,77674,False
func_ve_0x1000073cf,78200,False
func_ve_0x100008312,77508,False
func_ve_0x10000833a,78054,False
func_ve_0x10000852e,78404,True
func_ve_0x100008534,77497,False
func_ve_0x10000878b,78252,True
func_ve_0x1000087a1,77709,False
func_ve_0x10000893e,77905,False
func_vi_0x1000088da,76849,False
func_vi_0x1000088f5,77981,True
func_vr_0x1000039b7,78657,False
func_vr_0x1000039e8,77457,False
func_vr_0x100003e17,78184,True
func_vr_0x100008963,77025,False
func_vr_0x100008bba,76839,True
func_vr_0x100008bd3,78397,True
func_vr_0x100008bf5,78283,True
func_vr_0x100008bfd,77331,False
func_vr_0x100008f67,77234,True
func_vt_0x100007ecd,78134,False
func_vt_0x1000088d0,78504,True
func_vt_0x1000088d2,78747,True
func_w_0x100000103,76794,True
func_w_0x10000010c,77458,True
func_w_0x100000110,76865,False
func_w_0x100000112,77101,True
func_w_0x10000014e,77623,True
func_w_0x1000001be,78416,True
func_w_0x1000001c0,77678,False
func_w_0x1000001e1,77334,False
func_w_0x1000001e3,78613,False
func_w_0x1000001e5,78111,False
func_w_0x100003a68,78541,False
func_w_0x100003a6a,78206,True
func_w_0x100003a70,76974,False
func_w_0x100003a72,78071,False
func_w_0x100003a74,77854,True
func_w_0x100003a76,78712,False
func_w_0x100003b24,78057,True
func_w_0x100003b28,76903,False
func_w_0x100003b86,78676,False
func_w_0x100003c88,77272,True
func_w_0x100004482,76917,True
func_w_0x100004484,77781,True
func_w_0x10000448f,78137,True
func_w_0x1000044aa,77176,True
func_w_0x100004931,78200,True
func_w_0x100004946,78057,False
func_w_0x100004d54,77328,False
func_w_0x100004e19,77014,False
func_w_0x100004e1d,78360,False
func_w_0x100004e72,76995,True
func_w_0x100004ea1,77439,False
func_w_0x100004ea3,77283,True
func_w_0x100004f3b,78627,False
func_w_0x10000500e,77973,False
func_w_0x100005022,78371,False
func_w_0x100005044,78210,False
func_w_0x10000528a,76906,True
func_w_0x100005e52,77127,True
func_w_0x100005e54,77739,True
func_w_0x100005e56,78732,True
func_w_0x10000630c,77439,False
func_w_0x1000064dc,77436,True
func_w_0x1000064e0,78432,False
func_w_0x1000064e2,77823,True
func_w_0x1000064ee,77145,True
func_w_0x1000068fc,77162,False
func_w_0x100006903,78538,True
func_w_0x100006919,77801,True
func_w_0x10000691b,78100,False
func_w_0x10000691d,77421,True
func_w_0x100006ced,77365,False
func_w_0x100006d62,78612,True
func_w_0x100006e0d,78141,True
func_w_0x1000070b2,77058,False
func_w_0x1000070b4,77523,True
func_w_0x1000070bc,77112,True
func_w_0x1000070be,77667,False
func_w_0x1000070c2,77574,True
func_w_0x1000070c6,77418,True
func_w_0x1000070c8,76892,False
func_w_0x1000070cc,78264,False
func_w_0x100007375,76773,False
func_w_0x10000741c,78054,False
func_w_0x1000074ef,78570,False
func_w_0x100007bcc,77339,False
func_w_0x100007e1e,77696,False
func_w_0x10000835d,78730,True
func_w_0x1000083cc,77761,True
func_w_0x1000083d0,78129,True
func_w_0x1000083d9,76898,False
func_w_0x1000083db,77540,False
func_w_0x10000850b,77227,True
func_w_0x100008558,77801,False
func_w_0x10000898b,77017,False
func_w_0x10000898e,76836,True
func_wa_0x1000090d0,78005,True
func_wa_0x1000090d4,77308,True
func_wa_0x1000090d6,77054,False
func_wa_0x1000090da,78318,False
func_we_0x100003a04,77119,False
func_we_0x100003ce4,77821,False
func_we_0x100003de6,77055,False
func_we_0x100004e30,77482,False
func_we_0x100006457,77261,True
func_we_0x100006485,77987,False
func_we_0x100006495,76976,False
func_we_0x10000649e,78101,True
func_we_0x1000064a1,77677,False
func_we_0x100006fb6,77263,True
func_we_0x100006fc7,78665,False
func_we_0x1000075fc,78602,True
func_we_0x1000075fe,77464,False
func_we_0x100007600,78570,False
func_we_0x100007602,77444,True
func_we_0x100007604,77412,True
func_we_0x100007608,78497,True
func_we_0x10000760e,77491,False
func_we_0x100007799,78418,True
func_we_0x10000779b,77284,False
func_we_0x1000077a6,77058,False
func_we_0x1000077a8,77763,True
func_we_0x1000077ae,77376,True
func_we_0x1000077b2,77877,False
func_we_0x1000077b8,77595,True
func_we_0x1000077ba,78021,False
func_we_0x1000085e4,77837,False
func_we_0x1000085ea,78571,True
func_we_0x1000085f4,76965,False
func_we_0x1000085f8,77808,False
func_we_0x1000085fc,77316,False
func_we_0x100008604,76965,False
func_we_0x100008606,78626,True
func_we_0x100008608,78475,True
func_we_0x100008f65,77709,False
func_wn_0x100004bbf,77634,True
func_wn_0x100004bc7,77460,False
func_wn_0x100004bcb,77053,False
func_wn_0x100004bcd,77492,True
func_wn_0x100004bcf,78139,False
func_wn_0x100004bd1,78060,True
func_wn_0x100004bdb,78750,True
func_wn_0x100004bdd,78608,True
func_wn_0x100004bdf,78428,True
func_wn_0x100004be5,77907,False
func_wn_0x100004bf1,77163,False
func_wn_0x100007d3b,77217,True
func_wn_0x100007d4d,77057,False
func_wo_0x100007d30,78126,False
func_wt_0x100004e22,77529,False
func_wt_0x100004e28,78470,False
func_wt_0x100004e2a,77638,True
func_wt_0x100004e2e,76950,False
func_wt_0x100004e36,78291,False
func_wt_0x100004e42,77013,True
func_wt_0x100005372,78582,False
func_wt_0x1000053e5,77494,True
func_wt_0x100006fb1,77225,True
func_x_0x10000016b,77524,True
func_x_0x10000024f,77795,False
func_x_0x1000002c0,76952,True
func_x_0x100000398,77607,True
func_x_0x10000040d,77550,False
func_x_0x1000036ac,78517,False
func_x_0x100003801,78279,True
func_x_0x10000384b,76881,False
func_x_0x10000384f,77066,True
func_x_0x100003862,76935,True
func_x_0x1000038fc,78290,True
func_x_0x100003904,76968,True
func_x_0x10000391d,77130,True
func_x_0x100003925,78193,False
func_x_0x100003951,78585,True
func_x_0x100003abc,77865,False
func_x_0x100003abe,78532,True
func_x_0x100003b7a,78631,True
func_x_0x100003bb3,77439,False
func_x_0x100003e89,78719,True
func_x_0x100003ea8,77208,True
func_x_0x10000438d,77695,False
func_x_0x100004436,78256,False
func_x_0x1000048b6,77268,True
func_x_0x100004939,77288,False
func_x_0x100004eb7,78252,False
func_x_0x100004ecb,78486,False
func_x_0x100004f41,76998,False
func_x_0x100004f7e,77692,True
func_x_0x100004f80,76995,False
func_x_0x100004fa0,78220,True
func_x_0x10000509e,77289,True
func_x_0x1000050a0,77685,True
func_x_0x1000050d5,78371,True
func_x_0x1000050d7,78357,False
func_x_0x100005196,77727,True
func_x_0x100005198,77512,False
func_x_0x1000051c1,77263,True
func_x_0x1000051c7,77154,True
func_x_0x1000051f3,78070,True
func_x_0x1000053ba,78666,True
func_x_0x1000055ef,77407,False
func_x_0x100005616,77644,True
func_x_0x100005633,78117,False
func_x_0x100005760,78152,False
func_x_0x100005c73,78498,True
func_x_0x1000062db,77994,True
func_x_0x1000062f0,78022,False
func_x_0x100006858,77419,False
func_x_0x100006863,78643,False
func_x_0x1000068ca,78142,True
func_x_0x1000069b7,77527,False
func_x_0x1000069ba,78531,True
func_x_0x100006c11,77103,True
func_x_0x100006c9f,77563,False
func_x_0x100006d16,77099,False
func_x_0x100006eb6,78176,True
func_x_0x10000716b,76800,False
func_x_0x100007357,78696,False
func_x_0x10000746c,76762,True
func_x_0x100007471,78154,True
func_x_0x10000747d,77096,False
func_x_0x1000074fb,78172,False
func_x_0x100007527,77424,True
func_x_0x10000766a,78494,True
func_x_0x10000793d,78582,True
func_x_0x100007ae4,77480,False
func_x_0x100007e32,77891,True
func_x_0x100008046,77795,True
func_x_0x100008190,78479,True
func_x_0x10000829b,77312,False
func_x_0x10000848f,77431,False
func_x_0x10000849b,78257,True
func_x_0x1000084a8,78053,True
func_x_0x100008691,78119,False
func_x_0x100008710,77306,False
func_x_0x1000087da,77911,True
func_x_0x1000087e8,78733,False
func_x_0x100008d0f,77975,True
func_xa_0x1000047da,77541,True
func_xa_0x100004852,77774,False
func_xe_0x100003495,77288,True
func_xe_0x100003497,77499,False
func_xe_0x100003564,78508,False
func_xe_0x10000361c,78255,True
func_xe_0x1000037dc,77084,False
func_xe_0x1000037e7,78513,False
func_xe_0x1000037f0,78684,True
func_xe_0x100003c4e,77170,False
func_xe_0x100003d57,78153,True
func_xe_0x100003d59,78473,True
func_xe_0x100004b51,77746,False
func_xe_0x1000057e4,78301,False
func_xe_0x1000057ea,77246,False
func_xe_0x1000057ec,77509,True
func_xe_0x1000057f2,77378,False
func_xe_0x1000057f4,78211,True
func_xe_0x1000057f8,78482,False
func_xe_0x10000580a,78404,True
func_xe_0x100005d61,78104,True
func_xe_0x100006c3e,78278,True
func_xe_0x100007063,77654,False
func_xe_0x100007069,78358,False
func_xe_0x10000706f,78738,True
func_xe_0x100007085,78049,False
func_xe_0x1000073ba,77101,False
func_xe_0x1000073c4,76880,True
func_xe_0x100007ea9,78302,False
func_xe_0x100007eab,78485,False
func_xe_0x100007eb3,77600,False
func_xe_0x100007eb5,77529,False
func_xe_0x1000081d5,77670,True
func_xe_0x1000081d7,78520,False
func_xe_0x1000081f5,77028,True
func_xe_0x1000081f9,77906,False
func_xe_0x100008221,76873,False
func_xe_0x1000084e2,78236,False
func_xe_0x1000085d6,77012,True
func_xe_0x10000865f,78630,False
func_xe_0x1000086f1,78378,True
func_xe_0x1000089e4,76890,False
func_xe_0x100008cd0,78170,False
func_xi_0x100003793,77382,False
func_xi_0x100005b9c,77228,True
func_xn_0x100004b89,77479,False
func_xn_0x100004ca2,77620,False
func_xn_0x100004cb7,76931,False
func_xn_0x100004cb9,77567,False
func_xn_0x100004cc8,77829,True
func_xn_0x100006768,77864,True
func_xn_0x1000088a3,78532,True
func_xn_0x100009059,77101,True
func_xn_0x10000909d,77602,False
func_xo_0x1000042fe,78681,False
func_xo_0x100004368,77866,True
func_xo_0x10000436a,78178,True
func_xr_0x100000757,78353,False
func_xr_0x100000776,78569,True
func_xr_0x10000079d,77695,True
func_xr_0x10000661a,77771,True
func_xr_0x100006633,77101,True
func_xr_0x100006657,78632,True
func_xr_0x100006659,77209,True
func_xr_0x10000714a,77170,True
func_xr_0x10000777d,78134,False
func_xr_0x1000079cc,78271,False
func_xr_0x1000079d8,77508,True
func_xr_0x100008617,77335,False
func_xr_0x100008cab,78134,False
func_xt_0x100000795,78254,False
func_xt_0x100000799,76798,False
func_xt_0x10000079b,77189,False
func_xt_0x10000079f,77888,False
func_xt_0x1000007a1,76853,True
func_xt_0x1000007ac,78284,False
func_xt_0x1000007b9,76801,False
func_xt_0x1000007be,78527,False
func_xt_0x1000007c0,78553,True
func_xt_0x1000039a7,78203,True
func_xt_0x1000039ab,77724,True
func_xt_0x1000039ce,78721,True
func_xt_0x1000039d4,76839,True
func_xt_0x100005b78,78183,False
func_xt_0x100005b88,78730,True
func_xt_0x100005bb8,78350,True
func_xt_0x100005bc0,77708,True
func_xt_0x100005bcd,78282,True
func_xt_0x100005bd3,77309,True
func_xt_0x100005bdb,77321,True
func_xt_0x100005bdf,77719,False
func_xt_0x100005beb,77146,False
func_xt_0x10000663d,77874,True
func_xt_0x100006642,77155,False
func_xt_0x1000079b1,78708,True
func_xt_0x100007a58,78611,False
func_xt_0x100008cbc,77168,False
func_xt_0x100008cbe,77670,True
func_xt_0x100008cc1,78726,False
func_xt_0x100008f68,78288,False
func_y_0x1000002a3,78327,False
func_y_0x1000002e7,77741,True
func_y_0x100003853,78094,True
func_y_0x100003855,76927,True
func_y_0x10000385b,77905,True
func_y_0x100003877,76917,False
func_y_0x10000387f,78669,False
func_y_0x1000038ca,78748,False
func_y_0x1000038cc,78556,False
func_y_0x10000395f,78385,False
func_y_0x100003967,77995,True
func_y_0x10000397d,77883,False
func_y_0x10000397f,78414,False
func_y_0x100003981,77337,False
func_y_0x100003987,77437,False
func_y_0x100003aae,78540,False
func_y_0x100003b4f,77979,True
func_y_0x100003cb3,78159,True
func_y_0x1000048e1,77962,True
func_y_0x1000048eb,78667,False
func_y_0x100004d4d,77369,False
func_y_0x100004ed5,78284,False
func_y_0x100004fa6,76983,False
func_y_0x1000051cc,78393,True
func_y_0x1000051da,76790,False
func_y_0x100005284,77237,False
func_y_0x10000528e,77264,False
func_y_0x100005527,78354,False
func_y_0x100005571,78446,False
func_y_0x1000056d6,77900,True
func_y_0x1000056da,78649,True
func_y_0x100005b3f,78665,False
func_y_0x100005cdc,76975,True
func_y_0x1000062c9,77262,True
func_y_0x1000062d1,77584,True
func_y_0x1000062d3,77436,True
func_y_0x100006388,78655,False
func_y_0x1000063ef,76799,True
func_y_0x100006831,77521,True
func_y_0x100006838,78007,True
func_y_0x1000068cb,78526,False
func_y_0x1000068d1,76850,True
func_y_0x1000068d7,77045,False
func_y_0x1000068e0,78494,False
func_y_0x10000697b,77334,False
func_y_0x1000069fb,77372,False
func_y_0x100006bff,76898,True
func_y_0x100006c61,76773,False
func_y_0x100006c89,78586,True
func_y_0x100006ca8,77902,False
func_y_0x100006caa,77046,True
func_y_0x100006cac,78554,True
func_y_0x100006cae,76862,True
func_y_0x100006cb0,78542,False
func_y_0x100006cb2,78363,False
func_y_0x100006cb4,76861,True
func_y_0x100006cb6,76855,True
func_y_0x100006cbc,77617,False
func_y_0x100006dce,77141,True
func_y_0x100006e87,77012,False
func_y_0x100006f94,76984,False
func_y_0x100006fa2,77845,True
func_y_0x100006fa5,77374,True
func_y_0x1000071ae,76776,False
func_y_0x1000074a4,77894,False
func_y_0x100007636,76878,False
func_y_0x10000764d,76834,True
func_y_0x10000769b,77258,True
func_y_0x10000783b,77418,False
func_y_0x1000078f1,78213,False
func_y_0x100008274,77258,False
func_y_0x100008298,78050,True
func_y_0x1000082a2,77858,True
func_y_0x10000838a,78276,True
func_y_0x100008561,77474,True
func_y_0x100008566,77595,True
func_y_0x100008589,78127,True
func_y_0x10000858d,76843,True
func_y_0x100008591,78728,True
func_y_0x100008597,78493,False
func_y_0x10000859b,78695,True
func_y_0x10000859d,77990,False
func_y_0x100008699,77957,False
func_y_0x10000892b,77175,True
func_y_0x1000089f8,78190,True
func_y_0x100008a35,77968,False
func_y_0x100008a3c,78262,True
func_y_0x100008a47,77265,True
func_y_0x100008dfb,78065,False
func_y_0x100008e15,77514,True
func_y_0x100009116,77569,True
func_y_0x10000911b,78459,False
func_y_0x10000911d,78403,False
func_ye_0x1000039cd,76862,True
func_ye_0x100003cdf,76993,False
func_ye_0x1000050dc,77798,False
func_ye_0x100005de3,77475,True
func_ye_0x100005e07,77326,False
func_ye_0x100005e2b,77316,True
func_ye_0x10000647a,77675,True
func_ye_0x100006654,78383,False
func_ye_0x100006685,78449,False
func_ye_0x1000079b9,77756,False
func_ye_0x1000079c3,77547,True
func_ye_0x1000079f9,77810,False
func_ye_0x1000079fc,78519,False
func_ye_0x100007a6b,78582,True
func_ye_0x100008b04,78533,False
func_ye_0x100008c15,77456,False
func_ye_0x100008c17,77285,False
func_ye_0x100008cbb,77757,False
func_yn_0x10000370a,78016,False
func_yn_0x10000370c,77180,True
func_yn_0x100003764,76987,True
func_yn_0x10000377a,76818,False
func_yn_0x100003786,76924,False
func_yr_0x100007ed2,76977,True
func_yr_0x100007fa0,78049,True
func_yr_0x100007fa6,77935,False
func_yr_0x100007fc6,78355,True
func_yr_0x100007fce,76984,False
func_yr_0x100007ffc,78757,False
func_yr_0x100008004,78226,True
func_yr_0x10000801b,78619,False
func_yr_0x100008025,76934,True
func_yr_0x10000802d,78071,True
func_yr_0x10000802f,77007,False
func_yr_0x100008033,78536,True
func_yr_0x100008035,77508,False
func_yr_0x100008039,77344,False
func_yr_0x100009092,76763,True
func_ys_0x10000484c,77641,False
func_ys_0x10000484e,77827,False
func_ys_0x100004856,77186,False
func_yt_0x100003fc0,77347,True
func_yt_0x100003fe3,77773,False
func_yt_0x100003fe5,76930,True
func_yt_0x100003fe7,77190,True
func_yt_0x100003feb,77006,False
func_yt_0x100003ff1,77182,True
func_yt_0x100003ff3,77025,True
func_yt_0x100003ff5,77867,True
func_yt_0x100003ff8,78016,True
func_yt_0x100003ffb,77862,True
func_yt_0x100004039,77233,True
func_yt_0x1000040c1,76988,False
func_yt_0x100004155,78318,False
func_yt_0x10000416b,78280,False
func_yt_0x100004216,76872,False
func_yt_0x10000421e,78119,True
func_yt_0x100004220,77631,True
func_yt_0x100004225,78394,False
func_yt_0x10000437b,77601,True
func_z_0x10000344b,77898,False
func_z_0x100003456,78529,True
func_z_0x100003458,77535,False
func_z_0x10000345d,78096,False
func_z_0x1000036a4,77480,False
func_z_0x1000037a8,77680,True
func_z_0x100003b0f,78532,False
func_z_0x100003b3d,78220,True
func_z_0x100003b3f,78666,False
func_z_0x100003d54,78511,True
func_z_0x10000439c,77639,True
func_z_0x100004b05,76908,True
func_z_0x100004b0d,77456,False
func_z_0x100004d59,77520,True
func_z_0x100004df0,78596,False
func_z_0x100005303,78672,False
func_z_0x100005333,76987,False
func_z_0x100005346,78450,True
func_z_0x100005677,77295,False
func_z_0x10000573a,77015,False
func_z_0x100005c58,77440,False
func_z_0x100005c5a,77480,False
func_z_0x1000065ad,78110,True
func_z_0x1000066ee,76759,True
func_z_0x100006bf0,77792,False
func_z_0x100006d3a,78555,False
func_z_0x100006d3e,77374,True
func_z_0x100006d40,77927,True
func_z_0x100007b4e,78621,False
func_z_0x100007b50,77407,False
func_z_0x100007b9f,77687,True
func_z_0x100007ba1,78609,False
func_z_0x100007bda,78200,False
func_z_0x100008281,77577,True
func_z_0x100008283,78462,True
func_z_0x1000082da,78278,False
func_z_0x1000083e1,77545,False
func_z_0x100008c45,78331,True
func_za_0x10000586d,77705,False
func_za_0x100005873,77740,True
func_ze_0x100003c71,78206,False
func_ze_0x100003c73,77609,False
func_ze_0x100003de5,76964,False
func_ze_0x100004e43,77475,True
func_ze_0x100005373,77474,False
func_ze_0x1000053e8,77867,True
func_ze_0x100006fe9,77187,True
func_ze_0x1000070e3,78557,False
func_ze_0x1000070eb,77675,False
func_ze_0x1000070ed,77163,False
func_ze_0x1000070ff,78702,False
func_ze_0x100007101,77748,False
func_ze_0x100007103,77406,False
func_ze_0x100007105,78080,True
func_ze_0x1000075dc,78115,True
func_ze_0x1000075e0,77649,True
func_ze_0x1000075e4,76935,False
func_ze_0x1000075ea,77205,True
func_ze_0x1000085dd,78326,True
func_ze_0x100008f23,76879,False
func_ze_0x100008f54,78004,True
func_ze_0x100008f79,77152,True
func_zi_0x100004bb8,77500,False
func_zn_0x100004c93,76863,False
func_zn_0x100006760,76890,False
func_zn_0x100006762,77373,False
func_zn_0x100006766,77025,True
func_zn_0x1000088a4,78746,True
func_zn_0x1000090b5,77730,True
func_zs_0x100004bfc,77668,True
func_zs_0x100004c00,76928,False
func_zt_0x100000759,76789,False
func_zt_0x100000778,77660,True
func_zt_0x1000007b5,78120,True
func_zt_0x1000007c2,78664,False
func_zt_0x100003cf6,77138,False
func_zt_0x100003d0c,77756,False
func_zt_0x100005b73,78013,False
func_zt_0x100005bae,77194,False
func_zt_0x10000665c,77465,False
func_zt_0x10000777b,77980,False
func_zt_0x10000777f,78170,False
func_zt_0x1000079d2,77769,False
func_zt_0x1000079d4,77756,False
func_zt_0x1000079d6,77730,False
func_zt_0x1000079da,77753,True
func_zt_0x1000079dc,77820,False
func_zt_0x1000079de,76793,False
func_zt_0x1000079e7,77748,True
func_zt_0x1000079e9,77986,True
func_zt_0x100008cad,77475,False
func_zt_0x100008caf,76859,False
