func_$_0x100000b94,37300,True
func_$_0x100000b97,37061,False
func_$_0x100000bbd,38169,True
func_$_0x100000be3,36923,False
func_$_0x100000be8,38209,True
func_$_0x100000c1b,38372,False
func_$_0x100000c1f,38177,False
func_$_0x100000c74,38127,False
func_$_0x100000d15,37563,False
func_$_0x100000d76,36872,False
func_$_0x100000d8a,37495,False
func_$_0x100001261,37607,False
func_$_0x100002d91,38106,False
func_$_0x100002d9e,37741,False
func_$_0x100002db0,38276,True
func_$_0x100002dd8,38278,False
func_$e_0x10000023a,37565,False
func_$n_0x100002046,37380,False
func_$n_0x100002048,37407,False
func_$n_0x10000204a,36995,True
func_$n_0x10000204c,38779,False
func_$r_0x100002876,38446,True
func_$r_0x100002bfb,37969,False
func_$t_0x10000123d,37894,False
func_$t_0x10000257d,37768,True
func_A_0x100000003,37357,False
func_A_0x100000053,37584,True
func_A_0x1000001a1,37730,False
func_A_0x10000027c,38366,True
func_A_0x10000038e,38254,True
func_A_0x10000097b,37637,True
func_A_0x100000983,37189,True
func_A_0x1000009d9,38628,False
func_A_0x1000010b7,37047,True
func_A_0x1000013b3,37556,False
func_A_0x100001717,38192,False
func_A_0x100001724,37489,True
func_A_0x100001d5d,38375,False
func_A_0x1000021d9,37345,False
func_A_0x10000220f,37386,False
func_A_0x10000236c,37894,False
func_A_0x1000023fb,37865,False
func_A_0x10000255f,37315,False
func_A_0x100002631,38547,True
func_A_0x10000263e,38381,False
func_A_0x100002662,38569,False
func_A_0x1000026bc,37539,True
func_A_0x1000026fd,37773,True
func_A_0x10000297e,37470,True
func_A_0x100002988,37353,True
func_A_0x100002999,37399,False
func_A_0x100002af5,38529,False
func_A_0x100002b80,37763,False
func_A_0x100003086,38790,True
func_A_0x1000032d3,38037,True
func_A_0x10000332a,36921,False
func_A_0x100003393,38494,True
func_A_0x100003397,36845,False
func_Ae_0x100000adb,38650,True
func_Ae_0x10000102c,38551,False
func_Ae_0x100001067,37346,True
func_Ae_0x1000014b2,38299,False
func_Ae_0x1000014b6,37566,False
func_Ae_0x1000014f7,37942,True
func_Ae_0x10000150d,38576,False
func_Ae_0x10000273f,38414,True
func_Ae_0x100002743,38578,False
func_Ae_0x100002747,38065,False
func_Ae_0x100002759,38811,False
func_Ae_0x100002898,38522,False
func_Ae_0x1000028a5,37395,True
func_Ae_0x1000028a8,38013,True
func_Ae_0x1000028ad,38624,False
func_Ae_0x100002cff,37772,True
func_Ae_0x100002d0c,37911,False
func_Ae_0x100002d1d,38678,True
func_Ae_0x100002d21,37419,True
func_Ai_0x100002fad,37224,False
func_Ar_0x100002875,38791,False
func_Ar_0x1000028ee,37642,True
func_Ar_0x100002be0,37300,True
func_Ar_0x100002bf5,38124,False
func_Ar_0x1000032a5,38098,False
func_Ar_0x1000032a7,38634,True
func_At_0x100001e01,37074,False
func_At_0x100001e1e,38074,False
func_At_0x100001e2a,37602,True
func_At_0x100001e2c,37652,True
func_At_0x100001e38,37758,True
func_At_0x100001e4c,38541,False
func_At_0x100001f3a,38584,False
func_At_0x100001f4c,37629,False
func_At_0x100001f4e,38261,False
func_At_0x100001f64,37744,True
func_At_0x100001f68,37437,False
func_At_0x100001f6c,37573,False
func_B_0x10000002b,37040,False
func_B_0x1000000bc,38735,False
func_B_0x100000100,37176,True
func_B_0x100000222,38619,False
func_B_0x10000130f,37710,True
func_B_0x10000131f,38675,False
func_B_0x100001321,37011,False
func_B_0x100001323,38772,False
func_B_0x1000017ec,36916,False
func_B_0x1000017f0,38665,False
func_B_0x1000017f2,37236,False
func_B_0x10000234e,38101,False
func_B_0x100002398,37342,False
func_B_0x1000023bd,37538,True
func_B_0x100002474,37984,True
func_B_0x100002957,37396,True
func_B_0x100002a79,38136,True
func_B_0x100002b22,37025,False
func_B_0x100002b29,37471,False
func_B_0x100002e1d,38281,False
func_B_0x100002e95,37603,True
func_B_0x100002e97,38099,False
func_B_0x100002f05,37742,True
func_B_0x1000030d7,37199,False
func_B_0x100003163,38261,True
func_Be_0x100001332,38400,True
func_Be_0x100001579,37376,True
func_Be_0x100001681,37517,False
func_Be_0x1000016bb,37605,True
func_Be_0x100001d71,38228,False
func_Be_0x100001fbb,37784,True
func_Be_0x100001fc1,38382,True
func_Be_0x100001fc5,37031,True
func_Be_0x100001fc7,38209,True
func_Be_0x100001fcd,36904,False
func_Be_0x100001fd3,37790,False
func_Be_0x100001fd9,37951,False
func_Be_0x100001fdb,38773,False
func_Be_0x100001fdd,37750,True
func_Be_0x100001fe1,37288,False
func_Be_0x100001fe5,38569,True
func_Be_0x1000024cb,38635,False
func_Be_0x10000279e,38451,True
func_Be_0x1000027a4,37972,False
func_Be_0x100002ec5,36942,True
func_Be_0x100002ec8,37107,True
func_Be_0x100002ecc,38647,True
func_Be_0x100002ece,37719,False
func_Be_0x100002edc,38742,True
func_Be_0x100002ede,38197,True
func_Be_0x100002ee0,37862,False
func_Bi_0x10000208c,37199,True
func_Bn_0x100000bf1,38499,True
func_Bn_0x100000bf3,37641,True
func_Bn_0x100000bf5,37605,True
func_Bn_0x100000bf7,37840,False
func_Bn_0x100000bfb,37178,True
func_Bn_0x100000bfd,38204,True
func_Bn_0x100000bff,38805,False
func_Bt_0x100001c14,36956,False
func_Bt_0x100001c5a,36934,False
func_Bt_0x100001cf8,37101,True
func_Bt_0x100001d12,37517,False
func_C_0x100000029,37272,False
func_C_0x100000040,38603,True
func_C_0x100000102,37212,False
func_C_0x100000224,38773,True
func_C_0x10000034a,37513,False
func_C_0x1000012ea,37020,True
func_C_0x100001317,37847,True
func_C_0x1000017f4,37232,False
func_C_0x1000023a2,37158,True
func_C_0x1000023c0,38026,True
func_C_0x1000023c7,38115,False
func_C_0x1000023c9,38805,False
func_C_0x1000023cb,38652,True
func_C_0x1000023d5,37662,False
func_C_0x100002852,38283,True
func_C_0x100002949,38550,False
func_C_0x10000294b,36860,True
func_C_0x100002952,38356,True
func_C_0x100002955,38047,False
func_C_0x10000295d,38064,False
func_C_0x10000296e,37988,False
func_C_0x1000029ee,38556,True
func_C_0x100002b17,36917,False
func_C_0x100002b88,36869,True
func_C_0x100002e1f,37497,True
func_C_0x100002e25,36977,False
func_C_0x100002e48,37161,False
func_C_0x100003096,37359,False
func_C_0x1000030b5,37419,False
func_C_0x1000030b7,38154,True
func_C_0x1000030d5,37141,True
func_C_0x1000030d9,36822,False
func_Ce_0x100001e03,37264,False
func_Ce_0x100001e09,37503,False
func_Ce_0x100001e0b,37959,True
func_Ce_0x100001e0d,37408,False
func_Ce_0x100001e0f,38532,True
func_Ce_0x100001e19,38724,False
func_Ce_0x100001e22,38511,True
func_Ce_0x100001e24,38497,True
func_Ce_0x100001e26,37939,False
func_Ce_0x100001e28,38628,False
func_Ce_0x100001e2e,36931,False
func_Ce_0x100001e3c,37258,False
func_Ce_0x100001e3e,36931,True
func_Ce_0x100001e42,38323,False
func_Ce_0x100001e44,37949,True
func_Ce_0x100001e46,37502,False
func_Ce_0x100001f3c,38030,True
func_Ce_0x100001f40,36820,False
func_Ce_0x100001f44,38199,True
func_Ce_0x100001f48,38305,False
func_Ce_0x100001f4a,37814,True
func_Ce_0x100001f50,38675,False
func_Ce_0x100001f54,38071,True
func_Ce_0x100001f56,38798,True
func_Ce_0x100001f5e,37197,False
func_Ce_0x100001f60,38438,False
func_Ce_0x100001f6a,38712,False
func_Cr_0x100000ccc,37330,True
func_Cr_0x100001249,38463,True
func_Cr_0x10000124b,37845,True
func_Ct_0x10000196a,38037,False
func_D_0x10000010f,37811,True
func_D_0x100000fd8,38491,False
func_D_0x100000fdc,38265,True
func_D_0x100000fde,37971,False
func_D_0x100000fec,38254,True
func_D_0x1000011b3,37185,True
func_D_0x1000011bd,37063,False
func_D_0x1000011c9,38016,True
func_D_0x1000011e2,38169,False
func_D_0x100001557,36840,False
func_D_0x100001571,37900,False
func_D_0x100001575,37103,True
func_D_0x100001760,38369,False
func_D_0x100001f6f,37421,False
func_D_0x1000021f8,38478,True
func_D_0x100002290,37705,True
func_D_0x10000241e,36896,False
func_D_0x1000027ad,37955,False
func_D_0x1000027bb,37165,False
func_D_0x1000027c1,37531,True
func_D_0x10000285e,37856,True
func_D_0x100002a8f,38455,True
func_D_0x100002b40,36992,True
func_D_0x100002b44,38560,True
func_D_0x100002b54,38350,True
func_D_0x100002ce9,38327,False
func_D_0x100002e6c,37593,True
func_D_0x100002e6f,38099,True
func_D_0x100002e7a,38595,False
func_D_0x100002eb0,38213,False
func_D_0x10000320f,37247,True
func_D_0x100003214,37842,True
func_D_0x10000322b,38766,True
func_D_0x10000322d,38198,False
func_D_0x100003232,37517,False
func_De_0x100000bec,36856,False
func_De_0x100000c22,38183,True
func_De_0x100000c24,37798,False
func_De_0x100000c26,38246,True
func_De_0x100000c77,38397,False
func_De_0x100000c7c,37402,False
func_De_0x100000d27,38037,False
func_De_0x10000125c,36835,True
func_De_0x10000125e,38348,False
func_De_0x100002db2,37905,True
func_De_0x100002def,38210,False
func_De_0x100002df2,38246,True
func_Dr_0x100001252,36892,True
func_Dt_0x100001e50,38445,True
func_E_0x100000061,38765,False
func_E_0x1000000c9,37148,True
func_E_0x100000226,38410,False
func_E_0x10000033a,38373,False
func_E_0x10000033e,38435,True
func_E_0x1000009cb,37077,False
func_E_0x1000012e8,38024,True
func_E_0x100001311,37818,True
func_E_0x100001313,37220,False
func_E_0x100001315,37156,True
func_E_0x10000158f,38221,False
func_E_0x100002396,38236,False
func_E_0x1000023a5,36917,False
func_E_0x1000023cd,36905,True
func_E_0x1000023cf,38176,False
func_E_0x1000023d1,37736,False
func_E_0x100002471,38800,True
func_E_0x1000024ac,38420,False
func_E_0x1000026a8,38214,False
func_E_0x1000026b9,37766,False
func_E_0x1000026db,37914,False
func_E_0x100002703,37076,False
func_E_0x100002947,38755,False
func_E_0x10000294d,37339,False
func_E_0x10000294f,38352,True
func_E_0x10000295b,38732,False
func_E_0x100002b93,38152,True
func_E_0x100002e21,37602,False
func_E_0x100002e27,37385,False
func_E_0x100002e83,38791,False
func_E_0x100002e89,37524,False
func_E_0x1000030b9,37597,True
func_E_0x1000030bd,37804,False
func_E_0x1000030bf,37048,False
func_E_0x1000030c1,37829,False
func_E_0x1000030db,38447,False
func_E_0x1000030fd,37198,False
func_E_0x100003151,37870,True
func_Ee_0x100000a07,38521,True
func_Ee_0x10000104f,37176,True
func_Ee_0x1000013a1,38728,False
func_Ee_0x10000144b,38101,True
func_Ee_0x100001517,37148,True
func_Ee_0x100002751,37943,True
func_Ee_0x1000028f3,37234,False
func_Ee_0x1000028f5,37546,False
func_Ee_0x1000028f7,37762,False
func_Ee_0x1000028f9,38544,True
func_Ee_0x1000028fd,38486,False
func_Ee_0x100002915,37901,False
func_Ee_0x10000305a,38711,True
func_Ee_0x10000305c,38797,False
func_Ei_0x100000f49,38242,False
func_En_0x100002fa7,37594,False
func_En_0x100002fb1,38652,False
func_Et_0x100002872,37205,True
func_Et_0x100003297,38186,False
func_Et_0x1000032a9,37922,True
func_Et_0x1000032af,38780,True
func_F_0x1000015bd,37568,True
func_F_0x100001dff,37524,False
func_F_0x100001e05,37336,True
func_F_0x100001e07,37557,True
func_F_0x100001e11,37494,True
func_F_0x100001e13,36874,False
func_F_0x100001e15,37413,False
func_F_0x100001e17,37411,True
func_F_0x100001e1b,37477,True
func_F_0x100001e30,38452,False
func_F_0x100001e40,37347,True
func_F_0x100001e48,38058,True
func_F_0x100001e4e,37308,False
func_F_0x100001f3e,38198,True
func_F_0x100001f42,38685,True
func_F_0x100001f46,36936,True
func_F_0x100001f52,37694,True
func_F_0x100001f58,37963,True
func_F_0x100001f5a,36821,True
func_F_0x100001f5c,36982,False
func_F_0x100001f62,38793,False
func_Fe_0x10000193f,38634,False
func_Fe_0x100001981,36888,True
func_Fe_0x100001a43,38795,True
func_Fe_0x100001a51,37638,True
func_Fi_0x100000f2e,37952,True
func_Fn_0x1000015c6,37442,True
func_Ft_0x100001179,37418,False
func_Ft_0x100001689,37866,False
func_Ft_0x1000016b3,37996,False
func_Ft_0x100002ee2,36957,True
func_Ft_0x1000031a7,37147,False
func_G_0x100000ad9,38153,True
func_G_0x100000ae1,37008,False
func_G_0x100000ae5,37092,False
func_G_0x100000ae7,37239,False
func_G_0x100000ae9,37003,True
func_G_0x100000aef,37846,False
func_G_0x100000af1,38807,False
func_G_0x100000b05,37193,False
func_G_0x10000135e,37716,True
func_G_0x100001360,37224,True
func_G_0x100001432,38723,True
func_G_0x1000014ed,37402,True
func_G_0x1000014ef,37333,False
func_G_0x1000014f3,37251,True
func_G_0x1000014fd,37358,True
func_G_0x100001513,37115,False
func_G_0x100002741,36920,True
func_G_0x100002745,38454,True
func_G_0x100002755,36832,False
func_G_0x10000275b,38552,True
func_G_0x10000275d,37595,False
func_G_0x10000276c,38731,False
func_G_0x100002770,37070,False
func_G_0x100002899,37887,True
func_G_0x1000028a9,37626,True
func_G_0x100002907,36927,False
func_G_0x10000290d,37123,True
func_G_0x10000291b,38666,False
func_G_0x100002d01,37821,False
func_G_0x100002d06,37768,True
func_G_0x100002d0a,38727,True
func_G_0x100002d1b,37224,False
func_G_0x100002d1f,38755,False
func_Ge_0x10000194b,38060,False
func_Ge_0x100001959,38587,True
func_Ge_0x10000196d,37765,False
func_Ge_0x10000196f,38793,False
func_Ge_0x100001971,37341,False
func_Ge_0x10000198d,37467,True
func_Ge_0x100001a17,38704,True
func_Ge_0x100001aa7,38503,False
func_Ge_0x100001aab,38306,True
func_Ge_0x100001acd,37382,False
func_Ge_0x100001bb7,38066,False
func_Ge_0x100001bc8,37369,False
func_Gn_0x100000ddc,37876,False
func_Gn_0x100000de1,38797,False
func_Gr_0x100000c06,38596,True
func_Gr_0x100000c08,38542,False
func_Gr_0x100000c0a,37586,False
func_Gr_0x100000c0c,37664,False
func_Gr_0x100000c10,37395,True
func_Gr_0x100000c12,37470,True
func_Gr_0x100000c16,38734,True
func_H_0x1000000e2,37999,True
func_H_0x100000107,37708,False
func_H_0x1000009f7,38205,True
func_H_0x1000009fb,37425,False
func_H_0x1000009fd,37896,False
func_H_0x100000a02,38076,True
func_H_0x100000fe2,38784,True
func_H_0x100000ffe,37813,False
func_H_0x100001002,38176,True
func_H_0x100001004,38234,False
func_H_0x1000010a2,36952,False
func_H_0x1000011b5,37710,True
func_H_0x1000011e8,38709,True
func_H_0x100001f80,37345,True
func_H_0x100001f84,37278,True
func_H_0x100001f86,38227,True
func_H_0x100001f92,37444,True
func_H_0x100001f94,38302,True
func_H_0x100001f96,36960,False
func_H_0x100002186,37165,False
func_H_0x10000218a,37108,True
func_H_0x1000021f4,38723,False
func_H_0x100002276,38619,False
func_H_0x10000227e,37586,False
func_H_0x100002282,37022,True
func_H_0x100002292,37757,True
func_H_0x10000237e,38253,False
func_H_0x10000238b,38220,True
func_H_0x10000238d,37034,True
func_H_0x1000027ae,37987,True
func_H_0x1000027b2,37942,False
func_H_0x1000027d6,37938,True
func_H_0x1000027d8,38047,True
func_H_0x1000028d9,37154,False
func_H_0x100002cd3,37293,False
func_H_0x100002cde,37400,False
func_H_0x100003220,38520,True
func_He_0x100002fac,38714,False
func_Hr_0x100000f33,36822,False
func_Hr_0x100000f35,36970,True
func_Hr_0x100000f37,37580,False
func_Hr_0x100002085,37251,True
func_Ht_0x100000c92,37154,False
func_Ht_0x100000dd9,38230,False
func_Ht_0x1000015dd,37891,True
func_Ht_0x100001652,36897,True
func_Ht_0x100001657,36972,True
func_Ht_0x10000166b,36890,False
func_I_0x100000021,38568,True
func_I_0x100000031,38244,False
func_I_0x100000228,37415,False
func_I_0x10000034b,38247,True
func_I_0x100000353,38680,True
func_I_0x1000009de,38491,False
func_I_0x10000113e,36925,True
func_I_0x100001140,37975,True
func_I_0x10000118b,37288,False
func_I_0x1000012ed,37820,True
func_I_0x1000013c8,38576,False
func_I_0x100001590,38595,True
func_I_0x1000022de,38492,False
func_I_0x100002314,38424,False
func_I_0x1000023a6,37821,True
func_I_0x1000023bb,37620,False
func_I_0x1000023d6,38657,False
func_I_0x100002403,38591,False
func_I_0x100002432,37437,True
func_I_0x100002472,37042,True
func_I_0x1000024ad,37353,True
func_I_0x100002705,38437,False
func_I_0x10000277b,38083,False
func_I_0x1000029f6,37365,True
func_I_0x1000029f8,37959,False
func_I_0x100002a2b,37441,True
func_I_0x100002b20,37517,False
func_I_0x100002b8a,37548,False
func_I_0x100002b8c,37096,True
func_I_0x100002b8e,38151,False
func_I_0x100002f16,37206,True
func_I_0x100003166,38612,True
func_In_0x10000205f,37145,False
func_In_0x100002063,37478,False
func_In_0x100002065,38054,True
func_In_0x100002067,38600,True
func_In_0x10000206b,37004,True
func_In_0x10000206d,38302,True
func_In_0x100002079,38587,False
func_In_0x10000207f,36880,False
func_In_0x100002083,37183,False
func_Io_0x100002094,37762,True
func_Io_0x100002098,37160,False
func_Ir_0x100000e82,36871,True
func_It_0x1000028e0,38678,False
func_It_0x1000028ec,38370,True
func_It_0x100002d35,38810,True
func_It_0x1000032a3,37277,True
func_J_0x10000192e,38613,True
func_J_0x100001933,38122,False
func_J_0x100001955,37103,False
func_J_0x100001957,38594,False
func_J_0x100001961,38014,False
func_J_0x100001975,38441,True
func_J_0x10000198f,37680,False
func_J_0x10000199b,38475,True
func_J_0x10000199d,38632,True
func_J_0x1000019a5,36824,False
func_J_0x1000019ad,38608,False
func_J_0x1000019af,38372,True
func_J_0x1000019b1,37106,True
func_J_0x1000019b3,38433,False
func_J_0x1000019bd,38042,False
func_J_0x1000019bf,38113,True
func_J_0x1000019c5,38506,False
func_J_0x1000019c7,38296,False
func_J_0x1000019cb,36914,True
func_J_0x1000019cd,37716,True
func_J_0x1000019cf,38039,True
func_J_0x1000019d1,38162,True
func_J_0x1000019d5,37640,True
func_J_0x1000019d7,37639,True
func_J_0x1000019dd,37822,False
func_J_0x1000019df,37532,True
func_J_0x1000019e3,38407,True
func_J_0x1000019e9,38557,False
func_J_0x1000019ed,38448,True
func_J_0x1000019ef,37223,False
func_J_0x1000019f1,37456,True
func_J_0x1000019f7,38128,True
func_J_0x1000019f9,38434,False
func_J_0x1000019fb,37518,True
func_J_0x1000019fd,38679,False
func_J_0x100001a01,37349,True
func_J_0x100001a05,37957,False
func_J_0x100001a07,37410,False
func_J_0x100001a0b,37260,True
func_J_0x100001a0f,38691,False
func_J_0x100001a1b,37860,False
func_J_0x100001a1f,38689,True
func_J_0x100001a21,37876,False
func_J_0x100001a25,38656,False
func_J_0x100001a2b,38455,True
func_J_0x100001a2d,37965,True
func_J_0x100001a2f,37426,True
func_J_0x100001a31,38568,False
func_J_0x100001a35,37117,False
func_J_0x100001a3b,37527,True
func_J_0x100001a3f,36820,True
func_J_0x100001a45,38445,False
func_J_0x100001a4b,38065,True
func_J_0x100001a4f,37963,False
func_J_0x100001a57,37232,False
func_J_0x100001a61,38302,False
func_J_0x100001a63,38432,True
func_J_0x100001a69,38031,True
func_J_0x100001a6d,37904,True
func_J_0x100001a71,36977,True
func_J_0x100001a75,38696,False
func_J_0x100001a7b,37762,True
func_J_0x100001a7f,38558,False
func_J_0x100001a87,37681,False
func_J_0x100001a8b,38050,False
func_J_0x100001a91,37995,False
func_J_0x100001a99,37471,True
func_J_0x100001a9d,38332,False
func_J_0x100001a9f,38019,False
func_J_0x100001aa1,37329,False
func_J_0x100001aa3,37462,False
func_J_0x100001ab5,38784,False
func_J_0x100001ab9,38675,False
func_J_0x100001abd,38555,True
func_J_0x100001abf,37087,True
func_J_0x100001ac7,38147,False
func_J_0x100001acb,37632,True
func_J_0x100001acf,37021,False
func_J_0x100001ad3,36869,False
func_J_0x100001ad7,38498,False
func_J_0x100001adb,37986,False
func_J_0x100001add,38409,True
func_J_0x100001ae1,38123,True
func_J_0x100001ae7,37858,False
func_J_0x100001afb,37194,False
func_J_0x100001b01,36913,False
func_J_0x100001b05,37210,False
func_J_0x100001b0b,37746,False
func_J_0x100001b15,38154,False
func_J_0x100001b17,38776,False
func_J_0x100001b1f,36937,False
func_J_0x100001b21,38355,True
func_J_0x100001b23,37710,True
func_J_0x100001b27,36881,True
func_J_0x100001b2b,38177,True
func_J_0x100001b2f,37535,True
func_J_0x100001b33,38203,True
func_J_0x100001b3d,37894,False
func_J_0x100001b3f,38754,False
func_J_0x100001b41,36912,True
func_J_0x100001b47,38583,False
func_J_0x100001b4d,37233,False
func_J_0x100001b51,38154,False
func_J_0x100001b55,37087,False
func_J_0x100001b57,37455,False
func_J_0x100001b59,37664,True
func_J_0x100001b67,37195,False
func_J_0x100001b6b,38441,True
func_J_0x100001b6d,37850,False
func_J_0x100001b6f,37332,True
func_J_0x100001b71,37958,False
func_J_0x100001b73,37838,False
func_J_0x100001b7b,37512,True
func_J_0x100001b7d,38482,True
func_J_0x100001b81,38186,True
func_J_0x100001b85,37871,True
func_J_0x100001b89,38279,True
func_J_0x100001b8f,37044,True
func_J_0x100001b93,36971,True
func_J_0x100001b95,38708,False
func_J_0x100001b9b,37515,False
func_J_0x100001b9f,38121,False
func_J_0x100001ba5,37509,True
func_J_0x100001ba7,37946,True
func_J_0x100001bab,38053,True
func_J_0x100001bad,38802,True
func_J_0x100001baf,38533,True
func_J_0x100001bb2,37959,True
func_J_0x100001bc1,37236,True
func_J_0x100001bd2,38511,True
func_J_0x100001d2d,37745,False
func_J_0x100001d2f,37156,False
func_J_0x100001d39,38576,True
func_Je_0x100000cd5,37469,True
func_Je_0x100000ce1,37756,False
func_Je_0x100000dd0,37532,True
func_Je_0x100000dd6,37229,False
func_Je_0x1000015d9,36824,True
func_Je_0x1000015eb,37835,False
func_Je_0x1000015f2,38791,True
func_Je_0x1000015f4,37629,True
func_Je_0x100001640,38252,True
func_Je_0x100001644,37375,True
func_Je_0x100001646,38761,False
func_Je_0x10000164c,38120,True
func_Je_0x100001650,38485,False
func_Je_0x100001660,37231,False
func_Je_0x100001666,38593,False
func_Jn_0x100000f29,38162,False
func_Jn_0x100000f5a,37624,False
func_Jn_0x100000f5c,36947,False
func_Jr_0x10000193d,38137,True
func_Jr_0x100001941,38567,True
func_Jr_0x100001a37,37118,True
func_Jt_0x100000cac,38339,False
func_Jt_0x100000cb2,37228,False
func_Jt_0x100000cb6,36829,True
func_Jt_0x100000cbb,37385,True
func_Jt_0x100000dd2,38248,False
func_Jt_0x100000dd4,37773,True
func_Jt_0x10000124e,38380,False
func_Jt_0x1000015d7,37541,False
func_Jt_0x1000015db,38524,True
func_Jt_0x1000015e3,38743,True
func_Jt_0x1000015e5,37458,True
func_Jt_0x1000015e9,37413,False
func_Jt_0x1000015ed,36826,False
func_Jt_0x1000015ef,37854,True
func_Jt_0x1000015f6,36974,True
func_Jt_0x1000015f8,38242,False
func_K_0x100000b88,37758,False
func_K_0x100000b8b,37903,False
func_K_0x100000bbb,37383,True
func_K_0x100000bda,36892,False
func_K_0x100000be1,36916,False
func_K_0x100000be6,37245,False
func_K_0x100000cbf,37688,True
func_K_0x100000d60,37772,False
func_K_0x100000d81,38704,True
func_K_0x100000d90,36911,True
func_K_0x100000d9d,37877,True
func_K_0x100000da1,38105,False
func_K_0x100000da3,37387,False
func_K_0x100000db3,37043,True
func_K_0x100000dbb,37670,False
func_K_0x100000dc6,36899,True
func_K_0x100000dec,38372,False
func_K_0x100002568,38077,True
func_K_0x100002d89,37944,True
func_K_0x100002d96,36875,True
func_K_0x100002dde,38766,False
func_K_0x100002de3,38704,False
func_Ke_0x100000cf7,37184,True
func_Ke_0x100000cf9,38399,True
func_Ke_0x100000cfb,38094,True
func_Ke_0x100000cff,37260,False
func_Ke_0x100000d09,38575,False
func_Ke_0x100000d1f,38029,False
func_Ke_0x10000126c,36871,True
func_Ke_0x10000126e,37690,False
func_Ke_0x100002d7e,37356,True
func_Ke_0x100002ddd,37315,True
func_Ke_0x100002dec,37795,False
func_Kn_0x1000015ca,37078,False
func_L_0x1000001df,38666,False
func_L_0x1000001e1,38659,False
func_L_0x1000001e5,37787,True
func_L_0x1000001f3,37809,False
func_L_0x1000001f5,37495,False
func_L_0x10000102f,38171,True
func_L_0x100001073,38500,True
func_L_0x100001084,38756,False
func_L_0x100001352,38107,True
func_L_0x100001356,37181,True
func_L_0x10000140f,38296,False
func_L_0x100001411,37677,True
func_L_0x100001415,36927,False
func_L_0x1000014b4,38357,True
func_L_0x1000016ae,38095,True
func_L_0x1000016bd,37275,False
func_L_0x100001d72,38390,False
func_L_0x100001d78,37638,False
func_L_0x100001d7a,36987,True
func_L_0x100001d80,38639,True
func_L_0x100001d86,37328,False
func_L_0x100001d8c,37082,False
func_L_0x1000028b0,37840,False
func_L_0x1000028b2,37685,True
func_L_0x100002ee5,37434,False
func_L_0x100003187,38438,True
func_L_0x100003278,37829,False
func_L_0x10000327e,38174,True
func_L_0x100003280,38037,False
func_L_0x100003284,37008,True
func_L_0x100003288,37227,False
func_L_0x100003290,37793,True
func_Le_0x100002036,37573,True
func_Lt_0x100000c7a,37195,True
func_Lt_0x100000c7f,38086,True
func_Lt_0x100000d03,38617,False
func_Lt_0x100000d05,38392,True
func_Lt_0x100000d17,36996,True
func_Lt_0x100002db4,37228,False
func_Lt_0x100002dbb,37658,True
func_Lt_0x100002dc2,37544,False
func_M_0x10000000e,38322,False
func_M_0x100000065,38533,True
func_M_0x10000033c,37486,False
func_M_0x100000fc1,38799,False
func_M_0x1000010ed,38252,True
func_M_0x100001485,37136,True
func_M_0x10000151a,38446,False
func_M_0x10000233d,37005,True
func_M_0x100002341,38796,True
func_M_0x100002343,37597,True
func_M_0x1000023ba,37403,True
func_M_0x100002431,38768,True
func_M_0x1000024d9,37956,False
func_M_0x10000254b,37418,True
func_M_0x10000254f,37101,False
func_M_0x100002551,36898,True
func_M_0x1000026b6,38387,True
func_M_0x10000270f,37971,False
func_M_0x10000299a,37430,False
func_M_0x100002aea,37825,False
func_M_0x100002b98,38151,False
func_M_0x100002c32,38492,True
func_M_0x100002e23,38454,True
func_M_0x100002e85,37014,False
func_M_0x100002e87,37833,True
func_M_0x100002e8e,36915,False
func_M_0x100002e90,38305,True
func_M_0x1000030bb,37646,True
func_M_0x1000030c3,37675,False
func_M_0x100003156,36982,True
func_Me_0x1000001e9,37694,False
func_Me_0x1000001ed,37124,False
func_Me_0x1000001f1,38558,True
func_Me_0x100001031,38086,True
func_Me_0x100001033,37676,False
func_Me_0x100001065,37857,False
func_Me_0x10000107c,38440,True
func_Me_0x100001363,37461,False
func_Me_0x1000013ef,38353,False
func_Me_0x100001413,38183,False
func_Me_0x10000141a,36955,True
func_Me_0x100002894,37270,True
func_Me_0x1000028b4,38539,True
func_Me_0x100002ee3,38621,True
func_Mr_0x100002daf,37572,False
func_Mt_0x100001d0b,38419,True
func_N_0x1000010bd,37440,True
func_N_0x1000010c1,37186,True
func_N_0x1000010c3,37022,False
func_N_0x1000010c7,37265,False
func_N_0x10000110c,37725,True
func_N_0x100001113,38048,False
func_N_0x100001115,37448,True
func_N_0x100001117,36925,False
func_N_0x10000111b,37934,False
func_N_0x10000153f,38174,True
func_N_0x10000177e,38746,False
func_N_0x100001db9,38192,True
func_N_0x1000021f7,38686,False
func_N_0x100002271,38437,False
func_N_0x10000240a,37801,False
func_N_0x100002495,37617,False
func_N_0x1000024b5,37609,False
func_N_0x100002b49,38102,True
func_N_0x100002b51,37999,True
func_N_0x100002b57,38472,True
func_N_0x100002b5d,37667,True
func_N_0x100002c45,38075,True
func_N_0x100002c47,37051,False
func_N_0x100002c49,38085,True
func_N_0x100002c99,37578,True
func_N_0x100002eb2,37175,False
func_Ne_0x100000df2,37454,False
func_Ne_0x100002045,37313,False
func_Nr_0x100000ba2,37839,False
func_Nr_0x100000ba5,37819,True
func_Nr_0x100000ba9,37048,False
func_Nr_0x100000bab,36866,True
func_Nt_0x100000afa,36833,False
func_Nt_0x100002833,38578,True
func_Nt_0x10000287c,38312,True
func_Nt_0x100002bf1,36931,True
func_Nt_0x100002c0d,38304,True
func_Nt_0x100002c0f,37699,True
func_Nt_0x100002c11,37068,True
func_Nt_0x100002c19,38545,True
func_Nt_0x100002c1f,38628,False
func_Nt_0x100002c27,38489,False
func_Nt_0x100002c2f,38750,True
func_Nt_0x1000032b3,36863,True
func_O_0x1000000b4,38181,True
func_O_0x10000022b,38417,False
func_O_0x100000933,38187,False
func_O_0x100000f9c,37792,True
func_O_0x100000fc9,36922,False
func_O_0x1000010ce,37323,False
func_O_0x1000010d2,38670,True
func_O_0x100001553,37551,False
func_O_0x100001db3,37183,False
func_O_0x100001db7,37224,True
func_O_0x100001dcf,37142,False
func_O_0x100001dd7,37893,False
func_O_0x100001ddb,38251,True
func_O_0x100001dfc,37090,False
func_O_0x1000021e5,37737,False
func_O_0x1000021e7,37617,True
func_O_0x1000021e9,38277,True
func_O_0x1000021eb,38037,True
func_O_0x1000021ed,38609,False
func_O_0x1000021f1,37911,False
func_O_0x100002355,38789,False
func_O_0x100002359,36848,True
func_O_0x1000023e8,37449,True
func_O_0x1000023ec,37624,False
func_O_0x10000249b,38115,True
func_O_0x1000024cf,38600,True
func_O_0x1000027b6,38382,True
func_O_0x1000027d1,37974,False
func_O_0x100002923,37857,False
func_O_0x100002969,38305,False
func_O_0x100002c3f,37695,False
func_O_0x100002c4b,36924,False
func_O_0x100002eb4,37445,True
func_O_0x100002ec7,37361,False
func_O_0x10000326a,38314,True
func_O_0x10000326f,38403,True
func_Oe_0x1000000f3,38260,False
func_Oe_0x1000001f8,36975,False
func_Oe_0x10000117b,37089,False
func_Oe_0x10000157b,37094,True
func_Oe_0x100001683,37511,True
func_Oe_0x1000016b1,37409,False
func_Oe_0x100001fbf,38774,False
func_Oe_0x100001fc3,36867,False
func_Oe_0x100001fcb,38089,False
func_Oe_0x100001fcf,37992,True
func_Oe_0x100001fd7,37514,False
func_Oe_0x100001fdf,38023,True
func_Oe_0x100001fe3,38145,True
func_Oe_0x1000024c7,38638,True
func_Oe_0x1000024c9,37104,True
func_Oe_0x1000027a0,38317,True
func_Oe_0x1000027a2,38135,False
func_Oe_0x100002eca,37347,False
func_Oe_0x100002efd,37114,False
func_Oe_0x10000317d,37441,True
func_Oe_0x1000031a2,38491,True
func_On_0x100000e88,38348,True
func_On_0x100000f5e,38286,False
func_Or_0x100000eaa,37524,True
func_Or_0x100000f06,37636,True
func_P_0x100000013,36961,True
func_P_0x100000034,37447,False
func_P_0x100000043,37639,False
func_P_0x100000047,37916,False
func_P_0x10000004b,38218,True
func_P_0x10000004d,38104,True
func_P_0x10000092a,38592,False
func_P_0x10000092e,36888,False
func_P_0x100000960,38384,True
func_P_0x100000962,38234,True
func_P_0x1000009b3,38695,True
func_P_0x1000009b8,38177,False
func_P_0x1000009bd,38796,False
func_P_0x1000009bf,38598,True
func_P_0x1000009c1,38431,True
func_P_0x100000f9f,38079,False
func_P_0x100000fa1,37498,True
func_P_0x100000fa3,37346,False
func_P_0x100000fa5,37050,True
func_P_0x100000fa9,36893,False
func_P_0x100000fb1,37276,False
func_P_0x100001194,38200,True
func_P_0x10000175d,38572,False
func_P_0x10000176b,37619,True
func_P_0x100001793,37441,True
func_P_0x100001d70,36965,False
func_P_0x1000022f4,37389,False
func_P_0x10000231f,37093,False
func_P_0x100002404,37267,False
func_P_0x100002446,38602,True
func_P_0x100002454,38385,False
func_P_0x1000024b2,37707,True
func_P_0x1000026ae,38235,False
func_P_0x100002708,38473,True
func_P_0x10000270a,37140,True
func_P_0x100002962,36979,True
func_P_0x100002b63,37967,False
func_P_0x100002b76,37287,False
func_P_0x100002b7b,37095,True
func_P_0x100002ca2,38799,False
func_P_0x100002e3b,37177,False
func_P_0x100002e43,38369,False
func_Pe_0x10000133d,38295,True
func_Pe_0x100001343,37222,False
func_Pe_0x10000157d,38084,True
func_Pe_0x100001faf,38769,True
func_Pe_0x100002500,38312,False
func_Pe_0x100002506,37128,False
func_Pe_0x100002a83,37134,False
func_Pe_0x100002a87,36983,True
func_Pe_0x100002d2c,38133,True
func_Pe_0x100003185,38564,True
func_Pe_0x1000031aa,38230,False
func_Pr_0x100000b9e,38037,True
func_Pr_0x100000ba0,38019,False
func_Pr_0x100000dcf,38788,True
func_Pt_0x1000022af,38374,True
func_Pt_0x1000022b1,38245,True
func_Pt_0x1000022bb,38721,False
func_Pt_0x10000282e,38338,False
func_Pt_0x100003176,38651,True
func_Pt_0x100003292,38606,False
func_Q_0x1000001d7,38515,False
func_Q_0x100000229,38291,False
func_Q_0x1000009a0,36830,False
func_Q_0x100000a01,37583,False
func_Q_0x100000fda,38467,True
func_Q_0x100000ff1,38171,False
func_Q_0x100000ffa,37187,False
func_Q_0x100000ffc,38594,False
func_Q_0x1000010bf,37590,False
func_Q_0x1000010c5,37295,True
func_Q_0x1000010ef,37220,True
func_Q_0x10000110f,38098,True
func_Q_0x100001111,38290,False
func_Q_0x1000011b9,38588,False
func_Q_0x1000011c3,37367,False
func_Q_0x100001776,37659,True
func_Q_0x100001778,37845,True
func_Q_0x100001dbb,38002,False
func_Q_0x1000023f1,36821,False
func_Q_0x10000241c,38269,True
func_Q_0x100002420,37188,False
func_Q_0x100002422,38450,True
func_Q_0x100002424,37990,False
func_Q_0x1000024a1,37661,True
func_Q_0x1000024a9,37891,False
func_Q_0x1000024b3,38721,True
func_Q_0x1000026b0,36945,True
func_Q_0x100002a32,38784,True
func_Q_0x100002a36,38323,True
func_Q_0x100002a3c,36955,True
func_Q_0x100002a3e,37839,False
func_Q_0x100002a93,38545,True
func_Q_0x100002b3b,37111,True
func_Q_0x100002b3d,38044,False
func_Q_0x100002b43,37121,False
func_Q_0x100002b53,37154,False
func_Q_0x100002b59,38290,False
func_Q_0x100002b5b,37952,True
func_Q_0x100002c43,36999,False
func_Q_0x100002e62,36937,False
func_Q_0x100003184,38460,False
func_Qe_0x100000c29,38419,True
func_Qe_0x10000282f,38276,False
func_Qe_0x100002870,38288,False
func_Qe_0x100002874,38477,False
func_Qe_0x100002c0b,37151,False
func_Qe_0x100002c1b,38202,True
func_Qe_0x100002c24,37580,False
func_Qe_0x100003293,38538,True
func_Qe_0x100003295,37644,True
func_Qe_0x100003299,38687,True
func_Qe_0x10000329f,37221,True
func_Qe_0x1000032b1,37110,False
func_Qn_0x100001939,38347,True
func_Qn_0x10000193b,38477,False
func_Qn_0x100001943,37783,True
func_Qn_0x100001945,36970,False
func_Qn_0x100001a41,37505,False
func_Qr_0x100002f5f,38304,False
func_Qt_0x100001257,38278,False
func_Qt_0x100001280,38639,True
func_Qt_0x100001288,37491,True
func_Qt_0x100001290,36853,True
func_Qt_0x100001295,37242,True
func_Qt_0x100002be7,37482,False
func_Qt_0x100002bf6,38053,True
func_R_0x10000010b,37968,True
func_R_0x10000010d,38002,False
func_R_0x1000009a1,37312,True
func_R_0x1000009a3,37163,False
func_R_0x1000009f1,37894,True
func_R_0x1000009f3,38327,False
func_R_0x1000009f5,37443,False
func_R_0x1000009f9,37281,False
func_R_0x100000ff7,37366,False
func_R_0x100001000,37361,True
func_R_0x100001173,36899,False
func_R_0x100001325,38667,True
func_R_0x100001785,37686,True
func_R_0x100001f8a,38467,True
func_R_0x100001f8e,38651,False
func_R_0x100001f9a,37897,False
func_R_0x100001f9e,38314,False
func_R_0x100001fa2,37259,True
func_R_0x100001fa6,37813,False
func_R_0x100001faa,37219,False
func_R_0x100002188,37704,True
func_R_0x1000021a0,37275,True
func_R_0x1000021a2,38208,True
func_R_0x1000021a6,38126,True
func_R_0x1000021a8,37784,False
func_R_0x1000021aa,37975,False
func_R_0x1000021ac,36913,False
func_R_0x1000021b2,38428,False
func_R_0x1000021b6,37725,False
func_R_0x1000021b8,37471,True
func_R_0x1000021ba,38299,False
func_R_0x1000021bc,37879,True
func_R_0x1000021be,37357,False
func_R_0x1000021c0,37321,True
func_R_0x1000021c2,37290,True
func_R_0x1000021c4,37254,True
func_R_0x1000021c6,37350,False
func_R_0x1000021f2,38393,True
func_R_0x100002278,37840,False
func_R_0x10000227a,38760,True
func_R_0x10000227c,37221,False
func_R_0x100002280,37565,True
func_R_0x100002284,38551,False
func_R_0x10000228a,38661,False
func_R_0x100002387,38239,False
func_R_0x10000240b,37567,True
func_R_0x1000024a4,38761,True
func_R_0x10000278f,38364,False
func_R_0x1000027b7,36850,True
func_R_0x1000027c4,38321,True
func_R_0x1000027c7,37664,False
func_R_0x1000027d4,37962,True
func_R_0x1000028d3,37176,False
func_R_0x1000029cc,38335,True
func_R_0x1000029ce,37310,False
func_R_0x100002a6f,38130,True
func_R_0x100002c8f,38145,False
func_R_0x100002e5e,37667,False
func_R_0x100002e74,37297,True
func_R_0x100003209,38369,False
func_R_0x10000320b,38101,True
func_R_0x100003218,37645,True
func_R_0x10000321a,37562,False
func_R_0x100003273,38525,True
func_Re_0x100001178,38052,False
func_Re_0x10000133b,38372,True
func_Re_0x10000157f,38176,True
func_Re_0x100001581,38055,True
func_Re_0x1000024bb,37476,True
func_Re_0x100002508,37607,True
func_Re_0x100002a81,37991,False
func_Re_0x100002a89,37810,False
func_Re_0x100002a8b,38726,False
func_Re_0x1000031af,37896,True
func_Ri_0x100000f66,36935,True
func_Ri_0x100000f68,37606,False
func_Rn_0x100000bf9,38372,False
func_Rn_0x100000caf,38548,True
func_Rr_0x10000202d,38355,False
func_Rr_0x10000202f,38003,False
func_Rt_0x100001bf4,38001,True
func_Rt_0x100001d16,38322,True
func_Rt_0x100001d18,38639,True
func_Rt_0x100001d1e,37892,False
func_Rt_0x100001d22,37501,False
func_S_0x10000002d,38430,False
func_S_0x10000002f,37282,True
func_S_0x100000059,37412,False
func_S_0x1000000af,37776,True
func_S_0x100000104,37092,True
func_S_0x10000034f,37991,False
func_S_0x100000a5c,38696,False
func_S_0x100000f83,38447,False
func_S_0x10000113c,37078,True
func_S_0x10000130c,38190,False
func_S_0x1000013ca,37866,True
func_S_0x1000013cc,38549,True
func_S_0x10000173f,36914,False
func_S_0x1000017ee,38482,True
func_S_0x1000021e4,37454,False
func_S_0x10000232f,37222,False
func_S_0x100002378,37772,False
func_S_0x100002465,37524,False
func_S_0x100002970,37599,True
func_S_0x1000029e5,37159,False
func_S_0x1000029eb,38766,True
func_S_0x100002b1a,38151,True
func_S_0x100002b1c,37331,True
func_S_0x100002b27,37793,False
func_S_0x1000030d0,37467,False
func_S_0x1000030d3,37364,True
func_S_0x100003152,37398,False
func_S_0x100003248,38311,False
func_Se_0x100001ff4,38135,True
func_Se_0x100002020,38655,False
func_Se_0x100002022,37477,False
func_Se_0x100002026,38216,True
func_Se_0x10000203d,38042,True
func_Se_0x100002043,38712,True
func_Se_0x100002126,37909,False
func_Se_0x100002128,38334,False
func_Se_0x10000212b,37650,True
func_Se_0x10000212d,38182,False
func_Se_0x100002135,37678,False
func_Se_0x100002141,37541,False
func_Se_0x100002143,37929,False
func_Se_0x10000214b,37258,False
func_Se_0x100002157,38382,False
func_Se_0x10000215c,37314,True
func_Se_0x10000215e,37644,True
func_Se_0x100002164,37237,True
func_Se_0x10000216c,38586,False
func_Se_0x10000216e,37994,False
func_Se_0x100002170,37018,True
func_Se_0x100002176,37803,True
func_Se_0x100002178,37691,True
func_Se_0x100002183,38678,False
func_Sn_0x100000f6a,38502,True
func_St_0x100001c12,37993,True
func_St_0x100001d1a,38212,False
func_T_0x100000934,37937,True
func_T_0x100000fe4,38495,False
func_T_0x100000fee,37099,True
func_T_0x100001119,37151,False
func_T_0x1000011bb,37397,True
func_T_0x1000011c5,37081,True
func_T_0x100001541,37802,True
func_T_0x100001543,37733,True
func_T_0x100001545,38230,True
func_T_0x100001547,36911,False
func_T_0x10000156c,38433,True
func_T_0x100001586,37097,True
func_T_0x100001770,37586,True
func_T_0x100001772,37643,True
func_T_0x100001774,38323,True
func_T_0x100001783,38421,False
func_T_0x100001dd0,37799,True
func_T_0x100001dd9,38331,True
func_T_0x10000218c,38320,False
func_T_0x10000237d,38225,True
func_T_0x1000024a7,37858,True
func_T_0x1000027bd,37568,True
func_T_0x1000027bf,38340,True
func_T_0x100002860,37345,True
func_T_0x100002924,37544,False
func_T_0x10000296a,38496,True
func_T_0x100002a34,37950,False
func_T_0x100002a38,38626,False
func_T_0x100002a3a,38758,True
func_T_0x100002aac,38431,True
func_T_0x100002b4b,37028,False
func_T_0x100002c41,37191,True
func_T_0x100002e77,37669,True
func_T_0x100002e7c,37423,True
func_T_0x100003207,38283,True
func_T_0x10000320d,38234,True
func_Te_0x100002018,37863,False
func_Te_0x10000201a,38040,False
func_Te_0x10000201c,37332,False
func_Te_0x100002028,38803,False
func_Te_0x100002037,37383,True
func_Te_0x100002039,37691,True
func_Te_0x10000203b,38177,False
func_Te_0x10000214f,37437,True
func_Te_0x100002153,36942,False
func_Te_0x100002fc6,36888,True
func_Te_0x100002fe6,38129,True
func_Te_0x100002ff2,37537,False
func_Te_0x100002ff6,38032,False
func_Te_0x100002ff8,38249,True
func_Te_0x100002ffa,37619,False
func_Te_0x100002ffe,37655,False
func_Te_0x100003004,38264,False
func_Te_0x100003006,37499,False
func_Te_0x100003008,38303,True
func_Te_0x10000300a,38525,False
func_Te_0x10000300c,38292,True
func_Tr_0x100001fff,37772,True
func_Tt_0x100000c94,37564,False
func_Tt_0x100000c98,38131,False
func_Tt_0x100000ca0,37234,True
func_Tt_0x100000ca2,37319,True
func_Tt_0x100000cb4,38247,True
func_Tt_0x100001250,38328,True
func_Tt_0x1000015df,37253,False
func_Tt_0x100001656,38256,True
func_Tt_0x10000165c,37513,True
func_Tt_0x10000165e,37856,True
func_Tt_0x100001668,37260,True
func_U_0x10000102b,38443,True
func_U_0x10000103d,36868,True
func_U_0x10000103f,38462,True
func_U_0x100001078,37459,False
func_U_0x10000107f,38060,False
func_U_0x1000014eb,37314,False
func_U_0x1000014f1,37054,True
func_U_0x1000014f5,37160,False
func_U_0x1000014f9,37870,True
func_U_0x100002212,38740,False
func_U_0x100002726,37674,True
func_U_0x10000289d,37978,True
func_U_0x1000028ac,38579,True
func_U_0x1000028de,37764,True
func_U_0x100003188,37615,False
func_U_0x10000318e,37281,False
func_U_0x100003190,37452,True
func_U_0x100003192,36870,True
func_Ue_0x100000bf0,37306,True
func_Ue_0x100000c8f,36870,False
func_Ue_0x100000ccd,36965,True
func_Ue_0x100000cd0,38442,False
func_Ue_0x1000015e7,38682,False
func_Ue_0x10000163e,37330,False
func_Ue_0x100001642,36817,False
func_Ue_0x10000164e,36966,True
func_Ue_0x100001654,38325,True
func_Ue_0x10000165a,36847,False
func_Ue_0x100001664,37611,True
func_Un_0x100000c01,36846,True
func_Ut_0x100002ed0,37063,False
func_Ut_0x100003277,38410,True
func_V_0x1000000e6,37558,True
func_V_0x100001176,37164,False
func_V_0x100001330,37551,True
func_V_0x1000013ee,37273,False
func_V_0x100001578,37610,False
func_V_0x100001f7e,37399,False
func_V_0x1000024ba,38209,False
func_V_0x1000024eb,38687,True
func_V_0x1000024ef,37444,False
func_V_0x1000024f5,36924,False
func_V_0x1000024fd,37497,False
func_V_0x100002503,37365,True
func_V_0x100002792,38524,True
func_V_0x1000027aa,38047,False
func_V_0x1000027b8,38535,True
func_V_0x1000027cb,37932,False
func_V_0x1000028d4,38760,False
func_V_0x1000028d6,37596,True
func_V_0x100002cd1,38287,True
func_Ve_0x1000000ec,37071,True
func_Ve_0x1000001ce,38665,True
func_Ve_0x1000011ee,38327,False
func_Ve_0x10000132e,37305,True
func_Ve_0x100001340,38497,True
func_Ve_0x10000178a,38758,False
func_Ve_0x100002293,38245,True
func_Ve_0x100002382,37789,False
func_Ve_0x1000024ed,36937,False
func_Ve_0x1000024f1,37057,False
func_Ve_0x1000024f3,37708,False
func_Ve_0x1000024f9,38558,False
func_Ve_0x100002790,37680,True
func_Ve_0x10000279d,36966,True
func_Ve_0x1000027c8,37891,False
func_Ve_0x100002a80,37714,True
func_Ve_0x100002d2a,38776,True
func_Vi_0x100001ffd,38112,True
func_Vi_0x100002001,38257,True
func_Vi_0x100002003,38311,True
func_Vn_0x100001d00,38183,False
func_Vn_0x100001d23,37834,True
func_Vn_0x100001d25,37125,False
func_Vn_0x100001d27,38031,True
func_Vr_0x10000192c,37219,True
func_Vr_0x100002031,38494,True
func_Vt_0x100001446,37645,True
func_Vt_0x1000022b7,37917,False
func_Vt_0x1000022d6,38538,True
func_Vt_0x100002829,38744,True
func_Vt_0x10000316e,38473,False
func_Vt_0x100003178,36987,False
func_W_0x10000109d,37823,False
func_W_0x100001551,37182,True
func_W_0x10000175f,36991,True
func_W_0x10000177c,37355,False
func_W_0x100001d6c,37669,True
func_W_0x100001d6e,37321,True
func_W_0x10000229f,36915,True
func_W_0x1000022a2,36970,False
func_W_0x100002317,37402,False
func_W_0x10000235b,36909,True
func_W_0x100002361,37122,True
func_W_0x10000270b,38206,True
func_W_0x100002963,37209,True
func_W_0x100002967,38251,True
func_W_0x100002c39,37405,True
func_W_0x100002c3b,38667,False
func_W_0x100002c5c,38436,True
func_W_0x100002c60,37642,True
func_W_0x100002c66,37916,True
func_W_0x100002c6c,38484,True
func_W_0x100002c92,37277,False
func_W_0x100002c98,37458,True
func_W_0x100002e41,38303,False
func_W_0x100002eb9,37499,True
func_W_0x100002ec2,37285,True
func_W_0x10000312e,38457,True
func_W_0x100003130,36896,False
func_W_0x100003132,38570,True
func_W_0x1000031fe,37193,True
func_We_0x100001bde,36876,False
func_We_0x100001be0,38484,True
func_We_0x100001be4,38084,True
func_We_0x100001be6,37997,False
func_We_0x100001be8,36872,True
func_We_0x100001bec,36853,False
func_We_0x100001bf6,37573,True
func_We_0x100001bf8,36958,False
func_We_0x100001bfa,38493,False
func_We_0x100001c00,36927,True
func_We_0x100001c02,38415,False
func_We_0x100001c06,37802,False
func_We_0x100001c0c,37589,False
func_We_0x100001c16,37653,False
func_We_0x100001c1e,37377,False
func_We_0x100001c20,38711,True
func_We_0x100001c22,36868,True
func_We_0x100001c24,38255,True
func_We_0x100001c26,38796,False
func_We_0x100001c2a,38510,False
func_We_0x100001c2c,37243,True
func_We_0x100001c2e,37095,True
func_We_0x100001c32,37094,True
func_We_0x100001c38,38418,True
func_We_0x100001c3a,37584,True
func_We_0x100001c3e,38223,True
func_We_0x100001c40,37086,False
func_We_0x100001c42,38306,True
func_We_0x100001c46,37395,True
func_We_0x100001c4a,37048,False
func_We_0x100001c50,37270,False
func_We_0x100001c52,38776,True
func_We_0x100001c54,38224,True
func_We_0x100001c5c,38520,True
func_We_0x100001c5e,38225,True
func_We_0x100001c62,38237,False
func_We_0x100001c64,37615,False
func_We_0x100001c68,37534,False
func_We_0x100001c70,37845,True
func_We_0x100001c78,37695,True
func_We_0x100001c7c,37191,True
func_We_0x100001c80,38120,False
func_We_0x100001c84,37591,False
func_We_0x100001c86,38472,True
func_We_0x100001c8a,38470,True
func_We_0x100001c8e,37325,False
func_We_0x100001c92,38378,False
func_We_0x100001c94,36960,True
func_We_0x100001c98,38452,True
func_We_0x100001c9e,38454,False
func_We_0x100001ca4,38060,True
func_We_0x100001cac,37469,True
func_We_0x100001cb0,38760,True
func_We_0x100001cb6,38728,True
func_We_0x100001cb8,37842,False
func_We_0x100001cba,37344,True
func_We_0x100001cc2,37070,False
func_We_0x100001cc4,37108,True
func_We_0x100001cca,37247,False
func_We_0x100001cce,37862,True
func_We_0x100001cd0,38366,True
func_We_0x100001cd2,36878,False
func_We_0x100001cd6,37676,False
func_We_0x100001cdc,38208,False
func_We_0x100001ce0,37870,False
func_We_0x100001ce2,37227,True
func_We_0x100001ce4,37453,False
func_We_0x100001ce8,37837,False
func_We_0x100001cea,37488,True
func_We_0x100001cee,38476,False
func_We_0x100001cf0,37545,True
func_We_0x100001cf2,36817,False
func_We_0x100001cf4,37925,False
func_We_0x100001cf6,37885,True
func_We_0x100001cfa,37226,True
func_We_0x100001d04,37205,True
func_We_0x100001d0d,37469,True
func_We_0x100001d0f,37140,True
func_We_0x100001d14,37882,True
func_We_0x100001d1c,37027,False
func_Wr_0x1000015c8,38795,True
func_Wr_0x1000015d2,37623,False
func_Wt_0x100000e6a,37818,False
func_Wt_0x100000e70,38149,True
func_Wt_0x100000e84,38478,False
func_Wt_0x100000ef5,37438,False
func_Wt_0x100000f17,37469,False
func_Wt_0x100000f27,36890,False
func_Wt_0x100000f51,38523,True
func_Wt_0x100000f70,37495,False
func_Wt_0x100002006,38387,True
func_Wt_0x100002008,38103,True
func_Wt_0x10000200c,37193,False
func_Wt_0x100002012,38316,False
func_X_0x10000133a,38339,False
func_X_0x100001342,37792,False
func_X_0x100001583,38006,False
func_X_0x100001685,38007,True
func_X_0x1000024fa,36882,False
func_X_0x100002d32,37306,False
func_X_0x10000317b,38646,True
func_X_0x10000319e,38296,True
func_Xe_0x100001044,38636,True
func_Xe_0x10000106f,37419,True
func_Xe_0x100001273,37405,True
func_Xe_0x10000142e,37109,True
func_Xe_0x100001441,38380,False
func_Xe_0x1000022a6,36912,True
func_Xe_0x1000022a8,37231,False
func_Xe_0x1000022ae,37551,False
func_Xe_0x1000022c2,36819,False
func_Xe_0x1000022c8,37939,False
func_Xe_0x10000280a,38496,False
func_Xe_0x10000280c,37032,True
func_Xe_0x10000280e,37363,False
func_Xe_0x100002812,37751,True
func_Xr_0x100002054,38604,False
func_Xt_0x100000bea,37991,False
func_Y_0x1000000d8,37773,False
func_Y_0x1000000da,38360,False
func_Y_0x1000000de,38789,True
func_Y_0x1000000e0,37181,True
func_Y_0x1000001d1,38076,True
func_Y_0x1000001d3,38355,True
func_Y_0x1000001db,38105,True
func_Y_0x1000009ff,38087,False
func_Y_0x1000011ec,38675,True
func_Y_0x10000154c,37146,True
func_Y_0x100001f88,38606,True
func_Y_0x100001f8c,37144,False
func_Y_0x100001f90,38565,True
func_Y_0x100001f98,38329,True
func_Y_0x100001f9c,38474,True
func_Y_0x100001fa0,38040,False
func_Y_0x100001fa4,38029,False
func_Y_0x10000228d,37386,False
func_Y_0x100002380,37979,False
func_Y_0x100002426,36867,False
func_Y_0x1000027ca,37997,False
func_Y_0x100002869,37758,True
func_Y_0x100002ccf,37997,True
func_Y_0x100002cd5,37643,True
func_Y_0x100002cd8,38244,True
func_Y_0x100002ce2,37388,True
func_Y_0x100002ce6,37252,False
func_Y_0x100002e5f,38059,False
func_Ye_0x100000b06,38106,True
func_Ye_0x100001046,37149,True
func_Ye_0x10000105b,38048,True
func_Ye_0x100001433,38032,True
func_Ye_0x10000143d,37647,True
func_Ye_0x100001455,38475,True
func_Ye_0x100001500,37168,True
func_Ye_0x100001502,37199,False
func_Ye_0x100001504,38050,True
func_Ye_0x10000150a,37824,True
func_Ye_0x1000022c0,37322,False
func_Ye_0x1000022ca,38494,True
func_Ye_0x1000022cd,38258,True
func_Ye_0x1000022d5,37369,False
func_Ye_0x1000022d9,38197,True
func_Ye_0x1000022db,36870,False
func_Ye_0x100002752,38593,True
func_Ye_0x100002806,38131,False
func_Ye_0x100002808,37766,False
func_Ye_0x100002810,37395,False
func_Ye_0x100002820,38541,True
func_Ye_0x10000290f,36857,True
func_Ye_0x10000300f,36964,False
func_Ye_0x100003011,37054,True
func_Yr_0x100000e8d,38721,True
func_Yr_0x100000f55,38128,True
func_Yt_0x100001259,38548,True
func_Yt_0x100002db9,37232,False
func_Yt_0x100002df5,37694,False
func_Z_0x1000000b7,38003,False
func_Z_0x1000000b9,38581,True
func_Z_0x10000022d,37420,False
func_Z_0x1000002bf,37155,True
func_Z_0x10000092f,37395,False
func_Z_0x100000931,37000,False
func_Z_0x1000010cc,37734,False
func_Z_0x1000010d0,37782,True
func_Z_0x100001163,37715,True
func_Z_0x10000176f,37197,True
func_Z_0x100001db5,37232,True
func_Z_0x100001dbd,38286,True
func_Z_0x100001dbf,38605,True
func_Z_0x100001dd3,38424,True
func_Z_0x100001dd5,36995,False
func_Z_0x1000021ef,38715,False
func_Z_0x10000235d,36945,False
func_Z_0x1000023ea,37205,True
func_Z_0x1000023ee,37176,False
func_Z_0x10000241b,37548,False
func_Z_0x100002493,37365,True
func_Z_0x100002497,38130,True
func_Z_0x100002499,38526,False
func_Z_0x10000249d,38452,True
func_Z_0x10000249f,37075,False
func_Z_0x100002965,37477,True
func_Z_0x1000029e8,37994,True
func_Z_0x100002a31,37895,False
func_Z_0x100002b33,38665,False
func_Z_0x100002c69,38032,True
func_Z_0x100002c6f,38160,True
func_Z_0x10000326d,37311,False
func_Z_0x100003271,36841,False
func_Z_0x1000032c6,37413,True
func_Ze_0x100000c86,38293,True
func_Ze_0x100000c88,36923,True
func_Ze_0x100000c8a,37233,False
func_Ze_0x100000cc8,38513,True
func_Ze_0x100000cca,37084,True
func_Ze_0x100000cdc,38071,True
func_Ze_0x100000cdf,37201,False
func_Ze_0x100000d07,38403,True
func_Ze_0x100000d0b,37357,True
func_Ze_0x100000d19,38064,False
func_Ze_0x100000d1b,37802,True
func_Ze_0x100000d1d,36878,True
func_Ze_0x10000125a,38271,True
func_Ze_0x100001260,38009,True
func_Ze_0x100001268,38588,True
func_Ze_0x100002d86,36866,False
func_Zi_0x100000f2a,37866,False
func_Zr_0x100001cae,36879,True
func_Zt_0x100001bd7,38189,False
func_a_0x1000000cc,38099,False
func_a_0x1000001b5,36995,True
func_a_0x10000021d,37956,False
func_a_0x10000023b,36976,True
func_a_0x100000247,37816,False
func_a_0x10000024b,37361,False
func_a_0x10000027b,37290,False
func_a_0x1000002bc,37700,False
func_a_0x1000002c8,38016,True
func_a_0x1000002d0,37035,False
func_a_0x1000002f2,37113,True
func_a_0x1000002fb,37048,True
func_a_0x100000388,37457,True
func_a_0x10000039b,37654,False
func_a_0x1000003e8,36918,True
func_a_0x10000090a,36923,False
func_a_0x1000009c4,38682,False
func_a_0x1000009d4,38224,True
func_a_0x100000a5f,37053,False
func_a_0x100000b0d,37940,False
func_a_0x10000111e,37004,False
func_a_0x100001149,37948,False
func_a_0x1000012e6,38671,False
func_a_0x1000012f5,38319,False
func_a_0x1000013ae,37776,False
func_a_0x10000145b,38735,False
func_a_0x100001671,37186,False
func_a_0x10000171c,37544,False
func_a_0x100001811,38468,True
func_a_0x10000181b,37568,False
func_a_0x1000021dc,38407,True
func_a_0x1000022fc,36915,False
func_a_0x1000023a0,37618,True
func_a_0x1000023d4,37477,False
func_a_0x100002483,37670,False
func_a_0x1000024dc,37242,False
func_a_0x100002516,38272,True
func_a_0x10000253f,38268,False
func_a_0x1000025f4,38773,False
func_a_0x100002613,36892,False
func_a_0x10000261f,38666,True
func_a_0x10000262a,37387,True
func_a_0x100002658,38574,False
func_a_0x100002686,38691,True
func_a_0x10000269a,38116,True
func_a_0x100002774,37778,True
func_a_0x10000284e,38238,True
func_a_0x100002976,37876,False
func_a_0x100002a44,37216,False
func_a_0x100002a4c,36826,False
func_a_0x100002ab3,38481,False
func_a_0x100002ad5,38738,True
func_a_0x100002ae3,37967,True
func_a_0x100002af9,37715,False
func_a_0x100002cb4,37030,False
func_a_0x1000030e8,37265,False
func_a_0x1000030f2,38251,True
func_a_0x100003390,37007,True
func_ae_0x100000200,37389,True
func_ae_0x100001375,37594,True
func_ae_0x100002f00,38394,False
func_ao_0x100000f47,37498,True
func_ar_0x1000015c0,38528,False
func_ar_0x1000015c2,36944,False
func_ar_0x1000015c4,36936,False
func_ar_0x1000015d0,36910,False
func_ar_0x100001e32,38747,True
func_ar_0x100001e34,38654,False
func_ar_0x100001e36,36881,False
func_ar_0x100001e3a,36917,False
func_at_0x100000c90,37106,False
func_at_0x100000c96,37758,False
func_at_0x100000c9a,38543,False
func_at_0x100000c9c,38238,False
func_at_0x100000c9e,38126,True
func_at_0x100000ca4,37817,False
func_at_0x100000ca6,37332,True
func_at_0x100000ca8,37055,True
func_at_0x100000caa,37101,False
func_at_0x100000cd3,38027,False
func_at_0x100000cd7,38620,True
func_at_0x1000015e1,37843,True
func_at_0x10000163c,38478,False
func_at_0x100001662,37905,True
func_b_0x100000063,37952,True
func_b_0x1000000ff,38277,False
func_b_0x100000259,38272,True
func_b_0x100000340,38274,True
func_b_0x1000010bc,37846,True
func_b_0x100001dce,36960,False
func_b_0x100002339,38724,False
func_b_0x10000233b,38710,False
func_b_0x10000233f,38387,True
func_b_0x100002547,37496,False
func_b_0x100002549,36929,False
func_b_0x10000254d,37505,True
func_b_0x100002688,36921,True
func_b_0x100002701,36884,False
func_b_0x1000028b8,38646,True
func_b_0x10000293d,38423,True
func_b_0x100002a0f,38086,True
func_b_0x100002a6a,36821,False
func_b_0x100002b0c,37523,True
func_b_0x100002b95,37301,False
func_b_0x100002e8c,38645,False
func_b_0x1000030f3,38706,False
func_b_0x100003113,36971,False
func_be_0x100002121,38334,False
func_be_0x100002124,37128,True
func_be_0x100002147,37410,True
func_be_0x100002149,37316,False
func_be_0x10000214d,37894,False
func_be_0x100002160,37257,True
func_be_0x100002166,37126,False
func_be_0x100002168,38699,True
func_be_0x10000216a,38487,True
func_be_0x100002172,38284,False
func_be_0x10000217a,37738,True
func_be_0x10000217c,38347,True
func_be_0x10000217e,37562,True
func_bi_0x100002089,37055,False
func_br_0x100000cae,37291,False
func_br_0x10000166d,37347,False
func_bt_0x100000b9d,38753,False
func_bt_0x100000bdb,37913,False
func_bt_0x100000d11,37194,False
func_bt_0x100000dc3,37077,False
func_bt_0x100000dc9,37667,False
func_bt_0x100000de8,38367,True
func_bt_0x10000123a,38494,True
func_bt_0x100002daa,38355,False
func_bt_0x100002dc8,36896,False
func_c_0x100000007,37525,False
func_c_0x100000077,38280,False
func_c_0x1000003f4,36850,True
func_c_0x100000948,37843,True
func_c_0x100000955,38415,False
func_c_0x1000010b9,37774,True
func_c_0x1000011cc,38777,False
func_c_0x10000120e,38516,True
func_c_0x1000012f6,38474,False
func_c_0x100001482,37520,True
func_c_0x100001672,37001,True
func_c_0x1000016da,38533,False
func_c_0x1000016dd,37478,True
func_c_0x1000016ee,37958,False
func_c_0x100001806,38112,False
func_c_0x100001d62,37563,False
func_c_0x100001d64,38282,False
func_c_0x100001dc7,37640,False
func_c_0x10000230a,38076,False
func_c_0x100002464,37714,False
func_c_0x100002561,36983,True
func_c_0x100002563,38103,True
func_c_0x1000025f6,38083,False
func_c_0x1000025f8,38414,True
func_c_0x10000297f,37698,False
func_c_0x100002992,38359,True
func_c_0x100002a1d,37302,True
func_c_0x100002a5a,38008,True
func_c_0x100002b06,37660,True
func_c_0x100002ba0,38630,False
func_c_0x1000030e2,37726,True
func_c_0x100003307,37375,False
func_c_0x1000033a1,37066,False
func_c_0x1000033ae,37604,False
func_c_0x1000033b2,38103,False
func_ce_0x10000194d,36851,False
func_ce_0x100001951,37462,False
func_ce_0x10000197b,37415,False
func_ce_0x10000197f,37649,False
func_ce_0x10000198b,38606,True
func_ce_0x100001991,36867,True
func_ce_0x100001997,37075,False
func_ce_0x10000199f,38379,False
func_ce_0x1000019a9,37530,True
func_ce_0x1000019ab,37028,False
func_ce_0x1000019b5,37053,True
func_ce_0x1000019bb,38164,False
func_ce_0x1000019c1,38469,True
func_ce_0x1000019c3,37596,False
func_ce_0x1000019c9,36963,True
func_ce_0x1000019d3,38584,False
func_ce_0x1000019d9,38752,False
func_ce_0x1000019db,37986,False
func_ce_0x1000019e1,37976,False
func_ce_0x1000019e5,37970,False
func_ce_0x1000019e7,37619,True
func_ce_0x1000019eb,37857,True
func_ce_0x1000019f3,37409,False
func_ce_0x1000019ff,38648,True
func_ce_0x100001a03,37589,True
func_ce_0x100001a0d,37241,False
func_ce_0x100001a11,37241,True
func_ce_0x100001a13,38628,True
func_ce_0x100001a15,37299,True
func_ce_0x100001a19,38223,True
func_ce_0x100001a27,38786,True
func_ce_0x100001a39,37778,True
func_ce_0x100001a3d,37347,False
func_ce_0x100001a47,37179,False
func_ce_0x100001a49,37579,False
func_ce_0x100001a4d,37677,True
func_ce_0x100001a55,37989,False
func_ce_0x100001a5b,38263,True
func_ce_0x100001a5d,37027,False
func_ce_0x100001a65,38565,False
func_ce_0x100001a67,36968,False
func_ce_0x100001a6f,37762,False
func_ce_0x100001a73,38647,True
func_ce_0x100001a77,37554,True
func_ce_0x100001a79,37894,True
func_ce_0x100001a7d,37456,True
func_ce_0x100001a81,37591,False
func_ce_0x100001a83,37060,False
func_ce_0x100001a85,38295,True
func_ce_0x100001a89,38565,False
func_ce_0x100001a8d,37268,True
func_ce_0x100001a8f,37959,False
func_ce_0x100001a93,37277,True
func_ce_0x100001a95,38310,True
func_ce_0x100001a97,37567,False
func_ce_0x100001a9b,37485,False
func_ce_0x100001aa5,38352,False
func_ce_0x100001aad,36864,True
func_ce_0x100001aaf,36914,False
func_ce_0x100001ab1,38205,True
func_ce_0x100001ab3,37170,True
func_ce_0x100001ab7,38815,True
func_ce_0x100001abb,36930,False
func_ce_0x100001ac1,38758,True
func_ce_0x100001ac3,37479,True
func_ce_0x100001ac5,38329,False
func_ce_0x100001ac9,37119,False
func_ce_0x100001ad1,38522,True
func_ce_0x100001ad5,37261,False
func_ce_0x100001adf,37191,True
func_ce_0x100001ae3,38462,False
func_ce_0x100001ae5,38793,True
func_ce_0x100001ae9,38055,False
func_ce_0x100001aeb,37552,False
func_ce_0x100001aed,38672,True
func_ce_0x100001aef,37120,False
func_ce_0x100001af1,38638,True
func_ce_0x100001af3,38767,False
func_ce_0x100001af5,38586,False
func_ce_0x100001af7,38090,False
func_ce_0x100001af9,38338,False
func_ce_0x100001afd,37535,True
func_ce_0x100001aff,37349,True
func_ce_0x100001b03,37411,True
func_ce_0x100001b07,37882,False
func_ce_0x100001b09,37028,True
func_ce_0x100001b0d,37670,True
func_ce_0x100001b0f,37610,True
func_ce_0x100001b11,36893,True
func_ce_0x100001b13,37058,False
func_ce_0x100001b19,37554,True
func_ce_0x100001b1b,37662,True
func_ce_0x100001b1d,38510,True
func_ce_0x100001b25,36897,True
func_ce_0x100001b29,36835,True
func_ce_0x100001b2d,38631,False
func_ce_0x100001b31,37182,True
func_ce_0x100001b35,38616,False
func_ce_0x100001b37,37278,False
func_ce_0x100001b39,38516,False
func_ce_0x100001b3b,38785,True
func_ce_0x100001b43,37935,False
func_ce_0x100001b45,38799,True
func_ce_0x100001b49,37986,True
func_ce_0x100001b4b,38518,True
func_ce_0x100001b4f,37201,False
func_ce_0x100001b53,38256,False
func_ce_0x100001b5b,37238,True
func_ce_0x100001b5d,38765,True
func_ce_0x100001b5f,37027,True
func_ce_0x100001b61,37009,True
func_ce_0x100001b63,38789,True
func_ce_0x100001b65,38713,False
func_ce_0x100001b69,37422,False
func_ce_0x100001b75,37714,False
func_ce_0x100001b77,37733,True
func_ce_0x100001b79,38360,False
func_ce_0x100001b7f,38315,False
func_ce_0x100001b83,37268,False
func_ce_0x100001b87,38737,False
func_ce_0x100001b8b,38397,True
func_ce_0x100001b8d,37160,True
func_ce_0x100001b91,37669,False
func_ce_0x100001b97,37411,False
func_ce_0x100001b99,38367,True
func_ce_0x100001b9d,37975,True
func_ce_0x100001ba1,37827,True
func_ce_0x100001ba3,38361,True
func_ce_0x100001ba9,37347,False
func_ce_0x100001bb9,37163,False
func_ce_0x100001bbe,38713,True
func_ce_0x100001bc4,38436,False
func_ce_0x100001bce,38804,True
func_ce_0x100001d35,37287,False
func_ce_0x100001d3b,38105,False
func_ce_0x100001d3d,38262,False
func_ci_0x100001988,37687,False
func_ci_0x100001a59,38276,False
func_cn_0x100000ee0,38486,False
func_cn_0x100000f4d,38415,False
func_cn_0x100000f57,38280,False
func_co_0x100001d29,38427,True
func_ct_0x100000ba7,38434,True
func_ct_0x100001245,37870,False
func_ct_0x10000124d,38167,True
func_ct_0x1000015f1,38815,True
func_d_0x10000001a,37259,True
func_d_0x100000058,38040,True
func_d_0x100000098,38118,False
func_d_0x1000002ac,37743,False
func_d_0x10000091e,38508,True
func_d_0x100000956,37449,True
func_d_0x100000958,37924,False
func_d_0x10000099c,37645,False
func_d_0x1000010d9,38801,True
func_d_0x1000012e7,37948,False
func_d_0x1000013bc,38031,False
func_d_0x1000013e9,38002,False
func_d_0x1000013eb,38207,True
func_d_0x100002207,38211,True
func_d_0x100002264,37657,True
func_d_0x100002310,37320,True
func_d_0x10000241a,37881,True
func_d_0x1000024e3,37643,False
func_d_0x1000024e5,38537,True
func_d_0x100002534,38186,True
func_d_0x100002544,37178,False
func_d_0x10000260c,37645,True
func_d_0x10000260e,36979,True
func_d_0x100002632,37948,False
func_d_0x100002637,37516,False
func_d_0x100002639,37836,False
func_d_0x100002642,37196,True
func_d_0x100002646,38738,False
func_d_0x1000026e3,37466,True
func_d_0x10000284a,38716,False
func_d_0x100002989,37196,False
func_d_0x1000029bf,37678,False
func_d_0x100002a6c,37374,True
func_d_0x100002ade,38709,True
func_d_0x100002b0e,38717,False
func_d_0x100002b14,37406,False
func_d_0x100002e99,38340,True
func_d_0x100002ea9,37853,False
func_d_0x1000030b0,37579,False
func_d_0x100003124,37480,False
func_d_0x1000032db,38588,True
func_d_0x10000333d,38078,False
func_d_0x100003345,37785,True
func_d_0x10000334a,37874,True
func_d_0x10000339c,37408,False
func_de_0x100001973,37165,True
func_de_0x100001977,38079,False
func_de_0x10000197d,38097,False
func_de_0x100001993,37757,False
func_de_0x1000019b7,38617,True
func_de_0x100001a09,38001,False
func_de_0x100001bb4,37569,True
func_de_0x100001bbc,38583,True
func_de_0x100001bca,38410,False
func_de_0x100001d31,37912,True
func_de_0x100001d37,37696,False
func_dn_0x100000cb9,38436,True
func_dn_0x100001669,38401,False
func_dt_0x1000022d0,37281,True
func_dt_0x1000022d2,37517,True
func_dt_0x100002ba5,38436,True
func_e_0x1000001e3,37072,True
func_e_0x1000001e7,38663,False
func_e_0x1000001eb,38289,False
func_e_0x10000028a,36862,True
func_e_0x100000306,36837,False
func_e_0x100000321,37719,True
func_e_0x1000003d8,37166,False
func_e_0x1000003dd,36966,True
func_e_0x1000003e3,37998,False
func_e_0x1000003e6,38724,True
func_e_0x1000003ec,37169,False
func_e_0x1000003f1,38790,False
func_e_0x100001027,38370,False
func_e_0x100001029,37673,False
func_e_0x100001074,38791,True
func_e_0x10000107e,37922,False
func_e_0x100001367,37059,True
func_e_0x10000136c,36845,True
func_e_0x1000013f1,38686,True
func_e_0x1000013f3,37982,True
func_e_0x1000016c2,37193,True
func_e_0x1000016c6,37315,False
func_e_0x100001702,37034,True
func_e_0x10000173a,38463,True
func_e_0x10000179b,37183,True
func_e_0x10000179f,37572,False
func_e_0x1000017b1,38598,False
func_e_0x1000017c0,38564,False
func_e_0x1000026ce,37530,True
func_e_0x1000026f3,38373,True
func_e_0x100002880,37242,False
func_e_0x100002884,38691,True
func_e_0x100002886,37702,True
func_e_0x10000288a,37926,False
func_e_0x10000288c,38757,True
func_e_0x10000288e,37353,False
func_e_0x100002890,37945,True
func_e_0x100002892,38745,False
func_e_0x100002896,37100,False
func_e_0x10000289c,38008,True
func_e_0x1000028a0,37648,True
func_e_0x1000028a4,38698,False
func_e_0x100002933,37285,False
func_e_0x10000293b,38720,False
func_e_0x100002cfe,37095,False
func_e_0x100002ed1,37801,False
func_e_0x100002f4b,38032,True
func_e_0x100002f4f,38457,False
func_e_0x100002f58,37110,True
func_e_0x100003073,36896,False
func_e_0x10000307e,37671,True
func_e_0x1000032de,37080,False
func_e_0x1000033c4,38787,False
func_e_0x1000033d2,37542,True
func_e_0x1000033d9,37004,False
func_ee_0x100000e63,37785,False
func_ee_0x100000e6d,37296,False
func_ee_0x100000e72,37345,True
func_ee_0x100000e74,38302,False
func_ee_0x100000e76,37414,False
func_ee_0x100000e7b,36986,True
func_ee_0x100000e7d,38630,False
func_ee_0x100000e8a,37107,True
func_ee_0x100000ea1,37644,False
func_ee_0x100000ea6,37096,True
func_ee_0x100000eae,37613,True
func_ee_0x100000eb4,37301,True
func_ee_0x100000eb7,37355,True
func_ee_0x100000eb9,37737,False
func_ee_0x100000ebd,37514,True
func_ee_0x100000ebf,38255,False
func_ee_0x100000ec3,36832,False
func_ee_0x100000ec5,38384,True
func_ee_0x100000ec7,38796,True
func_ee_0x100000ecb,37492,True
func_ee_0x100000ecd,36832,True
func_ee_0x100000ed5,38688,True
func_ee_0x100000edb,38732,True
func_ee_0x100000ee7,38239,True
func_ee_0x100000ee9,37362,True
func_ee_0x100000eed,38351,True
func_ee_0x100000eef,38559,True
func_ee_0x100000ef7,37869,True
func_ee_0x100000ef9,38127,True
func_ee_0x100000eff,36942,True
func_ee_0x100000f01,37585,True
func_ee_0x100000f0f,37453,True
func_ee_0x100000f1d,37793,False
func_ee_0x100000f1f,38531,False
func_ee_0x100000f4f,38671,True
func_ee_0x100000f53,38265,True
func_ee_0x100000f6d,38527,False
func_ee_0x100000f7c,37804,False
func_ee_0x100000f7e,38707,True
func_ee_0x10000200e,38010,True
func_ee_0x100002014,37036,False
func_eo_0x100000f3c,37982,False
func_et_0x100000b8e,37558,True
func_et_0x100000b91,38178,False
func_et_0x100000bb7,37076,True
func_et_0x100000d6a,37981,False
func_et_0x100000d73,37135,True
func_et_0x100000d7a,37676,True
func_et_0x100000d92,38802,False
func_et_0x100000d94,37598,True
func_et_0x100000da5,38546,True
func_et_0x100000da8,38289,False
func_et_0x100000dac,37369,False
func_et_0x100000daf,38680,True
func_et_0x100000db1,38693,False
func_et_0x100000db8,38554,False
func_et_0x100000dc2,37504,False
func_et_0x100000dc8,37911,False
func_et_0x100001234,37301,False
func_et_0x10000123c,36850,False
func_et_0x100002d97,38357,True
func_et_0x100002da3,37307,False
func_et_0x100002da9,38280,True
func_f_0x100000349,38381,True
func_f_0x1000003f7,38772,False
func_f_0x100000974,37627,True
func_f_0x1000009ca,37633,False
func_f_0x100000fc5,36909,False
func_f_0x1000010e8,38170,False
func_f_0x100001122,38532,False
func_f_0x100001152,37833,False
func_f_0x100001155,38197,True
func_f_0x1000011f8,36889,False
func_f_0x10000230c,37552,False
func_f_0x10000230e,37052,True
func_f_0x100002488,37195,True
func_f_0x1000024e7,37874,False
func_f_0x100002522,36856,True
func_f_0x10000253a,38576,False
func_f_0x100002608,38579,True
func_f_0x10000260a,37393,False
func_f_0x100002610,38571,True
func_f_0x10000263b,37727,False
func_f_0x1000026dd,38548,False
func_f_0x1000026e0,38460,True
func_f_0x1000026e9,37153,True
func_f_0x10000297b,37888,True
func_f_0x1000029a9,37048,True
func_f_0x1000029ca,37107,False
func_f_0x100002ad6,37062,True
func_f_0x100002e1a,38534,True
func_f_0x100002eab,37807,True
func_f_0x100002f2b,36884,False
func_f_0x100002f3d,38672,True
func_f_0x1000030c6,37839,True
func_f_0x10000330a,38709,True
func_fe_0x100000a05,38229,True
func_fe_0x100001043,38617,True
func_fe_0x10000141d,37672,True
func_fe_0x100001453,38633,True
func_fe_0x10000150e,36865,True
func_fe_0x100001510,38071,False
func_fe_0x10000274c,37745,True
func_fe_0x100002818,38583,True
func_fe_0x10000281c,38726,False
func_fe_0x10000281e,37400,False
func_fe_0x100002837,37079,False
func_fe_0x100002839,37490,True
func_fe_0x10000283b,37015,True
func_fe_0x100002916,37558,False
func_fe_0x100002f59,38299,False
func_fn_0x100001986,37107,True
func_fn_0x100001a53,38558,False
func_ft_0x1000000ef,37283,False
func_ft_0x1000000f1,37020,True
func_ft_0x100001337,37363,False
func_ft_0x10000167d,38701,False
func_ft_0x100001fad,38632,False
func_ft_0x100001fb9,37947,False
func_ft_0x100001fbd,37135,True
func_ft_0x100001fc9,37582,True
func_ft_0x100001fd1,36942,False
func_ft_0x100001fd5,36841,False
func_ft_0x100001fe7,36819,False
func_ft_0x1000027a6,38468,False
func_ft_0x100002a85,37178,False
func_ft_0x100002d2d,38507,True
func_ft_0x100002ed6,38607,True
func_ft_0x100002ed8,38604,False
func_ft_0x100002eea,37704,True
func_ft_0x1000031a4,36990,False
func_g_0x10000009a,37868,False
func_g_0x1000000b2,38056,False
func_g_0x10000025b,37903,False
func_g_0x100000920,37319,True
func_g_0x100000929,37393,True
func_g_0x10000095f,38157,True
func_g_0x100000997,38685,False
func_g_0x10000099a,37324,True
func_g_0x10000099f,38223,False
func_g_0x1000009dc,38279,True
func_g_0x100001206,38362,False
func_g_0x1000012e3,38570,True
func_g_0x1000012fa,37627,False
func_g_0x1000013c5,37187,False
func_g_0x100001483,38321,True
func_g_0x100001589,38087,False
func_g_0x10000158e,37918,True
func_g_0x100001729,37059,False
func_g_0x100001d47,37424,False
func_g_0x100002517,37522,False
func_g_0x100002540,37906,True
func_g_0x100002555,37970,True
func_g_0x10000264d,36891,True
func_g_0x100002651,38572,False
func_g_0x100002655,38177,False
func_g_0x100002672,37913,False
func_g_0x100002674,38032,True
func_g_0x100002700,37934,True
func_g_0x100002a68,37175,False
func_g_0x100002aec,38584,True
func_g_0x100002f26,38338,False
func_g_0x1000030e9,38733,False
func_g_0x100003111,37598,False
func_g_0x100003120,37417,True
func_g_0x10000323f,38442,False
func_g_0x1000032d7,38604,True
func_ge_0x100000b03,37328,False
func_ge_0x100000b0a,37304,True
func_ge_0x100001049,38502,True
func_ge_0x10000106a,38206,True
func_ge_0x10000141f,38411,False
func_ge_0x100001421,38747,False
func_ge_0x100001423,38771,False
func_ge_0x100001425,38378,True
func_ge_0x100001427,37461,True
func_ge_0x100001429,38506,True
func_ge_0x10000142b,38209,True
func_ge_0x10000142d,37326,False
func_ge_0x100001506,37129,True
func_ge_0x100001508,37567,True
func_ge_0x10000274e,37554,True
func_ge_0x100002816,37498,False
func_ge_0x10000281a,38424,True
func_ge_0x100002822,37235,False
func_ge_0x100002845,38198,False
func_ge_0x100003013,37573,True
func_ge_0x10000305e,38630,False
func_ge_0x100003195,37693,True
func_ge_0x1000031ac,38276,False
func_gi_0x100000f2c,36935,False
func_gn_0x100000f3b,38076,True
func_gr_0x100000e5a,38134,True
func_gr_0x100000e5d,37788,True
func_gr_0x100000ef1,38810,True
func_gr_0x100000f65,37123,False
func_gt_0x100001055,38758,True
func_gt_0x10000143c,38453,False
func_gt_0x10000144d,38590,False
func_gt_0x100001457,38410,False
func_gt_0x100002f56,37213,True
func_gt_0x100002f5b,38164,True
func_gt_0x100002f5d,38279,True
func_gt_0x100003056,38412,True
func_gt_0x100003058,37302,False
func_h_0x100000079,37972,False
func_h_0x1000002b1,36952,True
func_h_0x100000978,38026,True
func_h_0x100000980,38354,True
func_h_0x100000988,38233,False
func_h_0x10000098b,38689,True
func_h_0x100001129,37541,True
func_h_0x10000112c,38795,False
func_h_0x100001159,38313,False
func_h_0x100001184,37426,False
func_h_0x10000145c,38260,False
func_h_0x1000016d7,38561,True
func_h_0x1000016df,37138,False
func_h_0x100001726,36895,False
func_h_0x1000017e5,37874,False
func_h_0x100001804,38488,False
func_h_0x100001dc9,37415,True
func_h_0x100002300,38669,False
func_h_0x100002333,38259,False
func_h_0x100002337,37554,True
func_h_0x1000023c3,37469,True
func_h_0x1000023e6,38055,True
func_h_0x1000024b1,38590,False
func_h_0x10000264a,37556,True
func_h_0x100002667,38493,False
func_h_0x100002697,37689,True
func_h_0x10000269b,38589,True
func_h_0x1000026d6,37919,True
func_h_0x1000029b8,38400,True
func_h_0x100002a1a,37143,True
func_h_0x100002ae9,38098,True
func_h_0x100002f3b,36816,False
func_h_0x10000312d,37400,True
func_h_0x1000032fc,38341,False
func_h_0x100003301,37031,True
func_h_0x100003304,38474,True
func_h_0x1000033ab,38580,True
func_h_0x1000033b0,38525,False
func_he_0x1000000e7,37981,False
func_he_0x1000001cc,38470,False
func_he_0x10000132c,37691,True
func_he_0x100001763,38674,False
func_he_0x100001786,38138,True
func_he_0x10000178c,37808,True
func_he_0x100002273,38094,True
func_he_0x1000024bd,38149,True
func_he_0x1000024f6,37262,False
func_he_0x1000024ff,38114,False
func_he_0x100002a76,37076,True
func_he_0x100002d26,37403,True
func_he_0x1000031a0,38048,False
func_hn_0x100002fa3,37915,False
func_hn_0x100002fa5,37771,False
func_hr_0x100001267,37705,True
func_hr_0x100001276,37571,True
func_hr_0x100001278,38334,True
func_hr_0x1000028e3,38271,True
func_hr_0x1000028e5,37955,False
func_hr_0x1000028e9,37228,False
func_ht_0x100001241,37382,True
func_ht_0x100001265,38311,True
func_ht_0x10000127e,38211,False
func_ht_0x100001284,37632,True
func_ht_0x100001292,37712,False
func_ht_0x100002d82,38732,False
func_ht_0x100002d84,36870,False
func_ht_0x100002d9c,37526,True
func_ht_0x100002db7,37314,False
func_ht_0x100002de8,36834,True
func_ht_0x100002e04,37959,True
func_ht_0x100002e06,37245,False
func_ht_0x100002e09,38543,True
func_ht_0x100002e0b,38575,True
func_ht_0x100002e0d,38377,False
func_i_0x100000088,37455,False
func_i_0x100000094,36876,False
func_i_0x100000116,37124,False
func_i_0x100000124,37639,False
func_i_0x10000014a,37464,True
func_i_0x100000160,37468,False
func_i_0x100000165,38730,True
func_i_0x100000233,38691,True
func_i_0x100000241,37219,False
func_i_0x100000295,38511,False
func_i_0x1000002af,38614,True
func_i_0x1000002db,37881,True
func_i_0x100000302,38113,True
func_i_0x10000030a,36918,True
func_i_0x10000031c,36950,False
func_i_0x10000032b,36978,False
func_i_0x100000344,37763,False
func_i_0x100000368,37105,True
func_i_0x100000373,37671,True
func_i_0x100000376,38626,False
func_i_0x10000037c,38564,False
func_i_0x1000003b2,36992,False
func_i_0x1000003d6,36843,True
func_i_0x1000008f4,38516,False
func_i_0x1000008fb,37510,True
func_i_0x10000090f,37276,False
func_i_0x100000a33,38365,False
func_i_0x100000a3a,38550,True
func_i_0x1000010e2,38413,False
func_i_0x1000011fb,37989,True
func_i_0x100001200,38463,False
func_i_0x10000134d,37098,True
func_i_0x10000147e,36928,True
func_i_0x1000016e3,38712,False
func_i_0x1000016eb,38408,True
func_i_0x100001709,37653,True
func_i_0x10000171b,38576,True
func_i_0x1000017d6,37282,True
func_i_0x100001fee,36849,True
func_i_0x1000021d8,38338,False
func_i_0x10000220e,37557,False
func_i_0x10000229a,38531,False
func_i_0x1000022f7,38121,True
func_i_0x100002304,37261,False
func_i_0x100002332,37328,True
func_i_0x100002367,37259,True
func_i_0x1000023df,38503,False
func_i_0x100002415,37866,True
func_i_0x100002438,37618,True
func_i_0x10000244d,37555,True
func_i_0x100002554,37792,True
func_i_0x100002566,38424,True
func_i_0x1000025ff,36888,True
func_i_0x100002677,37827,False
func_i_0x100002681,38434,False
func_i_0x100002779,38464,True
func_i_0x100002928,37536,False
func_i_0x100002983,37090,False
func_i_0x100002991,37637,False
func_i_0x100002995,37742,False
func_i_0x1000029a3,38687,False
func_i_0x100002a15,37276,False
func_i_0x100002ad1,37750,False
func_i_0x100002af4,38201,True
func_i_0x100003066,37060,False
func_i_0x1000030de,38289,True
func_i_0x10000330d,36872,True
func_i_0x10000331d,37799,False
func_i_0x10000334f,37891,False
func_i_0x1000033cd,38350,False
func_ie_0x10000201e,38280,False
func_ie_0x10000213e,37027,False
func_ie_0x100002144,36880,False
func_ie_0x100002151,37676,False
func_ie_0x100002181,37323,True
func_ie_0x100002f6c,37566,True
func_ie_0x100002f6e,37499,True
func_ie_0x100002f74,37077,False
func_ie_0x100002f76,37003,True
func_ie_0x100002f78,37588,True
func_ie_0x100002f7c,37963,False
func_ie_0x100002f84,38651,True
func_ie_0x100002f86,36851,True
func_ie_0x100002f8a,38304,True
func_ie_0x100002f8c,37241,False
func_ie_0x100002f9a,37090,False
func_ie_0x100002fa2,38039,True
func_ir_0x100001935,38338,True
func_ir_0x10000195f,37552,True
func_ir_0x100001a23,38242,False
func_ir_0x100001d33,37777,False
func_it_0x100000af3,38749,False
func_it_0x10000106d,38665,True
func_it_0x100001436,37769,False
func_it_0x100001442,37104,True
func_it_0x1000022cf,36871,False
func_it_0x100003170,37692,False
func_it_0x100003172,37773,True
func_it_0x100003196,38150,True
func_j_0x1000001ef,37060,False
func_j_0x100000d2b,38677,False
func_j_0x100001354,37002,False
func_j_0x100001358,37627,False
func_j_0x10000135a,37729,True
func_j_0x100001365,38545,True
func_j_0x10000136a,38593,False
func_j_0x10000136f,38206,False
func_j_0x100001373,37402,True
func_j_0x1000016b4,38194,False
func_j_0x1000016b8,38394,True
func_j_0x1000016c1,38547,False
func_j_0x100001d74,37305,False
func_j_0x100001d76,37936,True
func_j_0x100001d7c,38123,False
func_j_0x100001d7e,37837,True
func_j_0x100001d82,38755,True
func_j_0x100001d84,37016,False
func_j_0x100001d88,38790,False
func_j_0x100001d8a,37608,False
func_j_0x100002ed3,38009,False
func_j_0x100002ee7,38241,False
func_j_0x10000317f,37257,False
func_j_0x100003181,37466,False
func_j_0x10000327a,37012,False
func_j_0x10000327c,38406,False
func_j_0x100003282,37656,False
func_j_0x100003286,37676,False
func_j_0x10000328a,38197,False
func_j_0x10000328c,37326,True
func_j_0x10000328e,37277,False
func_je_0x100000af6,38163,False
func_je_0x100000af8,37267,True
func_je_0x100000afc,38756,False
func_je_0x1000022b2,37378,False
func_je_0x1000027fe,36951,True
func_je_0x10000286f,36976,True
func_je_0x1000028df,38288,True
func_je_0x100002c09,38597,True
func_je_0x100002c13,37537,False
func_je_0x100002c15,37217,True
func_je_0x100002c17,38412,False
func_je_0x100002c2d,37421,False
func_jt_0x100000e86,36971,False
func_jt_0x100000eb2,37161,True
func_jt_0x100000edd,37864,False
func_jt_0x100000f03,38617,True
func_jt_0x100000f0b,38412,True
func_jt_0x100000f0d,37219,True
func_jt_0x100000f1a,37432,True
func_jt_0x100000f21,38808,True
func_jt_0x100000f79,37224,True
func_jt_0x10000200a,38604,False
func_k_0x1000000d7,38316,True
func_k_0x100000109,38319,True
func_k_0x100000fe9,37197,True
func_k_0x100000ff5,37319,False
func_k_0x1000011c1,37182,False
func_k_0x1000011e0,38738,True
func_k_0x1000011e4,38655,True
func_k_0x1000011e6,38269,False
func_k_0x100001549,38666,True
func_k_0x10000154b,37345,False
func_k_0x100001df8,37474,True
func_k_0x10000219e,37738,False
func_k_0x1000021a4,38408,True
func_k_0x1000021ae,36950,False
func_k_0x1000021b0,38259,True
func_k_0x1000021b4,37369,False
func_k_0x10000228c,37657,False
func_k_0x100002296,36985,True
func_k_0x1000024a2,38028,True
func_k_0x1000024b7,38715,True
func_k_0x1000024c1,38554,True
func_k_0x1000026b2,37043,False
func_k_0x100002795,38631,True
func_k_0x100002797,37331,True
func_k_0x100002799,38154,False
func_k_0x10000279b,38694,False
func_k_0x1000027c3,37389,False
func_k_0x100002862,37143,False
func_k_0x100002868,37730,True
func_k_0x1000028db,38770,True
func_k_0x1000029d1,38239,False
func_k_0x100002a3f,36853,True
func_k_0x100002a7a,37310,False
func_k_0x100002a91,38265,False
func_k_0x100002b3e,38313,True
func_k_0x100002b46,37105,False
func_k_0x100002b4c,38573,True
func_k_0x100002b4e,38011,True
func_k_0x100002e5b,37998,False
func_k_0x100002e64,38542,True
func_k_0x100002e66,36969,False
func_k_0x100002e68,37738,True
func_k_0x100002e6a,37108,True
func_k_0x100002e71,36849,False
func_k_0x100003212,37000,True
func_k_0x100003216,37287,False
func_k_0x10000321c,38719,False
func_k_0x10000321e,38729,False
func_k_0x100003222,38087,True
func_k_0x100003226,36861,True
func_ke_0x10000202c,38011,False
func_ke_0x100002130,37070,True
func_ke_0x10000213a,38637,False
func_ke_0x100002162,37214,True
func_ko_0x10000208a,38496,False
func_kr_0x100000f39,38303,True
func_kr_0x100002055,38263,True
func_kr_0x100002077,37383,True
func_kr_0x100002087,38405,True
func_kr_0x100002091,38679,False
func_kt_0x100000af4,36990,False
func_kt_0x1000022c5,37644,True
func_kt_0x100002826,38242,True
func_l_0x10000003c,37728,True
func_l_0x1000000fa,37943,False
func_l_0x10000013d,38178,True
func_l_0x1000002e1,37574,False
func_l_0x100000335,37523,False
func_l_0x1000009d5,38682,False
func_l_0x1000013e0,38380,True
func_l_0x1000016f0,38140,True
func_l_0x1000016fe,38028,True
func_l_0x1000017ea,38037,True
func_l_0x10000181c,37216,False
func_l_0x100001dc2,38230,False
func_l_0x1000021dd,38670,True
func_l_0x1000022ff,37731,True
func_l_0x10000239e,37210,True
func_l_0x100002402,37299,False
func_l_0x1000024ea,36994,True
func_l_0x100002525,38237,False
func_l_0x10000266a,37886,True
func_l_0x1000026c6,38793,False
func_l_0x100002775,38238,False
func_l_0x100002996,37681,False
func_l_0x100002add,36885,True
func_l_0x100002ae4,37447,True
func_l_0x100002b03,38669,False
func_l_0x100002f04,37417,True
func_l_0x100002f19,37542,True
func_l_0x100002f39,37024,True
func_l_0x1000030a2,37093,True
func_l_0x100003110,37881,False
func_l_0x10000314e,37654,True
func_l_0x1000032cb,38448,True
func_l_0x1000033a6,38609,True
func_le_0x100000b10,37904,True
func_le_0x100001286,37757,True
func_le_0x10000128a,38465,False
func_le_0x10000128c,37342,False
func_le_0x100002be5,38396,False
func_le_0x100002beb,37030,False
func_le_0x100002dfd,38550,True
func_le_0x100002e00,37278,True
func_le_0x100002e02,36831,False
func_le_0x100002e0f,38115,True
func_lo_0x100002096,38155,True
func_lr_0x1000032ab,37657,True
func_lr_0x1000032ad,37229,False
func_lt_0x100000e5f,37780,True
func_lt_0x100000e61,38628,True
func_lt_0x100000e68,38247,True
func_lt_0x100000e7f,38186,False
func_lt_0x100000eb0,37808,True
func_lt_0x100000ed3,38778,False
func_lt_0x100000ee3,37463,True
func_lt_0x100000eeb,37888,True
func_lt_0x100000efb,38787,False
func_lt_0x100000f08,37571,True
func_lt_0x100000f11,38498,True
func_lt_0x100000f13,37063,True
func_lt_0x100000f15,38494,True
func_lt_0x100000f23,37661,True
func_lt_0x100000f25,36828,False
func_lt_0x100000f72,38563,True
func_lt_0x100000f74,38681,False
func_lt_0x100000f76,37031,False
func_lt_0x100002010,38713,False
func_m_0x100000045,38732,False
func_m_0x10000005a,37765,False
func_m_0x10000005c,36965,False
func_m_0x100000966,38347,True
func_m_0x100000968,38352,True
func_m_0x1000009a6,38583,True
func_m_0x1000009a8,38532,True
func_m_0x1000009b5,38481,False
func_m_0x100000fa7,37024,True
func_m_0x100000fab,38044,True
func_m_0x100000faf,38688,True
func_m_0x100000fb3,37970,False
func_m_0x100000fb5,37589,False
func_m_0x100001167,37334,False
func_m_0x100001753,38463,False
func_m_0x100001782,37508,True
func_m_0x100001794,38121,False
func_m_0x10000229e,38095,False
func_m_0x100002315,37013,False
func_m_0x100002351,37217,True
func_m_0x10000235f,37113,False
func_m_0x100002363,38350,True
func_m_0x10000243e,37384,True
func_m_0x100002442,37197,True
func_m_0x100002492,38397,True
func_m_0x1000026ac,38235,False
func_m_0x100002706,38537,False
func_m_0x1000029cb,37062,True
func_m_0x100002c64,37225,True
func_m_0x100002c8b,37273,True
func_m_0x100002c9e,37556,True
func_m_0x100002ca0,37505,False
func_m_0x100002e39,37043,True
func_m_0x100002e3f,37732,True
func_m_0x100003276,38774,True
func_me_0x100001931,37314,False
func_me_0x100001948,37709,True
func_me_0x100001bd0,37368,True
func_mn_0x100000dda,37200,True
func_mr_0x100000bcd,38434,False
func_mr_0x100000bcf,36915,True
func_mr_0x100000bd1,37237,True
func_mr_0x100000bd3,37561,False
func_mr_0x100000bd5,38496,False
func_mr_0x100002578,38539,True
func_mt_0x100000c1d,38744,False
func_mt_0x100000de6,38613,False
func_mt_0x100001232,38127,True
func_mt_0x100001238,38786,False
func_mt_0x100002585,37910,True
func_mt_0x100002589,37881,True
func_mt_0x100002593,36931,True
func_mt_0x10000259b,37928,True
func_mt_0x10000259f,37157,True
func_mt_0x1000025a1,38559,True
func_mt_0x1000025a7,38787,True
func_mt_0x1000025ad,38774,False
func_mt_0x1000025af,37417,True
func_mt_0x1000025b3,38007,True
func_mt_0x1000025b5,37109,True
func_mt_0x1000025b7,37388,False
func_mt_0x1000025bb,37274,False
func_mt_0x1000025bf,37113,True
func_mt_0x1000025c1,38402,True
func_mt_0x1000025c3,37613,False
func_mt_0x1000025c5,37154,True
func_mt_0x1000025cb,38023,False
func_mt_0x1000025d3,37456,True
func_mt_0x1000025d5,37054,True
func_mt_0x1000025d7,38088,True
func_mt_0x1000025e1,37472,True
func_mt_0x1000025e3,37853,True
func_mt_0x1000025e7,38002,True
func_mt_0x1000025e9,38182,False
func_mt_0x1000025f1,36920,False
func_mt_0x100002dca,38381,True
func_mt_0x100002dcd,38306,False
func_n_0x10000195c,37252,False
func_n_0x100001a29,38729,True
func_ne_0x100000bcc,38702,True
func_ne_0x100000bee,38794,True
func_ne_0x100000d8e,37122,True
func_ne_0x100001236,38608,False
func_ne_0x100001244,38724,True
func_ne_0x10000257f,38759,False
func_ne_0x100002581,37317,False
func_ne_0x100002583,38255,True
func_ne_0x100002587,38113,True
func_ne_0x10000258b,38794,True
func_ne_0x10000258d,38490,False
func_ne_0x10000258f,38476,True
func_ne_0x100002591,37111,False
func_ne_0x100002595,37025,True
func_ne_0x100002597,37633,False
func_ne_0x100002599,37979,False
func_ne_0x10000259d,38708,True
func_ne_0x1000025a3,38081,True
func_ne_0x1000025a5,36840,False
func_ne_0x1000025a9,37355,False
func_ne_0x1000025ab,38304,False
func_ne_0x1000025b1,37302,False
func_ne_0x1000025b9,37295,False
func_ne_0x1000025bd,36875,True
func_ne_0x1000025c7,37939,False
func_ne_0x1000025c9,37765,True
func_ne_0x1000025cd,36957,False
func_ne_0x1000025cf,37076,False
func_ne_0x1000025d1,37799,False
func_ne_0x1000025d9,38025,True
func_ne_0x1000025db,37049,True
func_ne_0x1000025dd,38085,False
func_ne_0x1000025df,37113,True
func_ne_0x1000025e5,38375,False
func_ne_0x1000025eb,38382,False
func_ne_0x1000025ed,38280,False
func_ne_0x1000025ef,37817,True
func_ne_0x100002d9f,36969,True
func_ne_0x100002da1,38718,True
func_ne_0x100002da5,37001,False
func_ne_0x100002da7,38436,True
func_ni_0x10000209a,37613,True
func_ni_0x10000209c,37327,True
func_nr_0x100000f3e,37536,True
func_nr_0x100000f40,37559,True
func_nr_0x10000208e,37903,False
func_nr_0x100002093,38513,True
func_nt_0x100001bd8,36952,False
func_nt_0x100001bda,37015,True
func_nt_0x100001bdc,37040,True
func_nt_0x100001be2,37551,False
func_nt_0x100001bea,38520,False
func_nt_0x100001bee,37891,True
func_nt_0x100001bf0,38468,True
func_nt_0x100001bf2,38572,False
func_nt_0x100001bfc,38522,False
func_nt_0x100001bfe,38687,True
func_nt_0x100001c04,37173,False
func_nt_0x100001c08,38551,False
func_nt_0x100001c0a,38390,False
func_nt_0x100001c0e,37311,False
func_nt_0x100001c10,38531,True
func_nt_0x100001c18,37244,True
func_nt_0x100001c1a,38216,True
func_nt_0x100001c1c,38738,False
func_nt_0x100001c28,37542,False
func_nt_0x100001c30,37758,False
func_nt_0x100001c34,38393,False
func_nt_0x100001c36,37388,True
func_nt_0x100001c3c,36868,False
func_nt_0x100001c44,37392,True
func_nt_0x100001c48,38564,True
func_nt_0x100001c4c,38346,False
func_nt_0x100001c4e,37169,True
func_nt_0x100001c56,38306,False
func_nt_0x100001c58,38797,True
func_nt_0x100001c60,38249,False
func_nt_0x100001c66,38243,True
func_nt_0x100001c6a,38566,False
func_nt_0x100001c6c,38253,True
func_nt_0x100001c6e,38654,True
func_nt_0x100001c72,36903,False
func_nt_0x100001c74,38034,True
func_nt_0x100001c76,38547,False
func_nt_0x100001c7a,37308,False
func_nt_0x100001c7e,37369,False
func_nt_0x100001c82,38104,True
func_nt_0x100001c88,37709,False
func_nt_0x100001c8c,38023,True
func_nt_0x100001c90,37639,True
func_nt_0x100001c96,38699,False
func_nt_0x100001c9a,38175,False
func_nt_0x100001c9c,37408,True
func_nt_0x100001ca0,37969,False
func_nt_0x100001ca2,37162,True
func_nt_0x100001ca6,38616,False
func_nt_0x100001ca8,36836,True
func_nt_0x100001caa,37883,True
func_nt_0x100001cb2,38061,True
func_nt_0x100001cb4,37869,False
func_nt_0x100001cbc,37758,True
func_nt_0x100001cbe,38177,True
func_nt_0x100001cc0,38409,False
func_nt_0x100001cc6,36964,True
func_nt_0x100001cc8,37571,True
func_nt_0x100001ccc,36915,False
func_nt_0x100001cd4,36838,True
func_nt_0x100001cd8,37565,True
func_nt_0x100001cda,36930,True
func_nt_0x100001cde,38301,False
func_nt_0x100001ce6,37917,True
func_nt_0x100001cec,38015,False
func_nt_0x100001cfc,37094,True
func_nt_0x100001cfe,36976,True
func_nt_0x100001d02,37360,True
func_nt_0x100001d06,37099,True
func_nt_0x100001d08,38043,True
func_o_0x100000069,37992,False
func_o_0x100000085,38611,False
func_o_0x1000000a2,37888,True
func_o_0x10000011d,38448,True
func_o_0x100000143,37026,True
func_o_0x1000001c3,37392,False
func_o_0x1000001c6,38673,True
func_o_0x100000235,37473,False
func_o_0x10000023f,38538,True
func_o_0x100000243,38156,True
func_o_0x100000245,37486,False
func_o_0x100000262,37732,False
func_o_0x100000268,38771,False
func_o_0x10000026b,37402,False
func_o_0x100000272,37269,False
func_o_0x100000287,38359,True
func_o_0x10000028d,38054,True
func_o_0x10000028f,37714,False
func_o_0x1000002a2,37537,False
func_o_0x1000002a4,36903,True
func_o_0x1000002d7,37403,True
func_o_0x1000002e9,37443,False
func_o_0x100000327,37392,False
func_o_0x10000032e,38460,False
func_o_0x10000036b,37599,False
func_o_0x100000381,38339,True
func_o_0x100000384,38366,True
func_o_0x1000003a4,38062,True
func_o_0x1000003ba,38264,False
func_o_0x1000003c2,38135,True
func_o_0x1000003c9,37353,False
func_o_0x1000003cd,37757,False
func_o_0x1000003d2,37984,False
func_o_0x1000003e0,38814,True
func_o_0x100000915,38409,False
func_o_0x10000131a,37338,False
func_o_0x1000016e8,38780,True
func_o_0x1000016f3,37743,True
func_o_0x100001705,37619,True
func_o_0x100001737,37952,True
func_o_0x100001798,38065,False
func_o_0x1000017a2,38094,False
func_o_0x1000017a7,36991,False
func_o_0x1000017aa,37390,True
func_o_0x1000017ad,37464,True
func_o_0x1000017b4,38039,True
func_o_0x1000017b9,37301,True
func_o_0x1000017bc,38681,True
func_o_0x1000017c3,36868,False
func_o_0x1000017c8,38539,True
func_o_0x1000017ca,38504,True
func_o_0x10000180e,37124,False
func_o_0x100001d4e,38154,False
func_o_0x10000255d,38682,False
func_o_0x100002973,38582,True
func_o_0x100002e13,37146,True
func_o_0x100002f45,37640,True
func_o_0x100002f48,37358,False
func_o_0x100002f53,38130,False
func_o_0x100003061,36869,False
func_o_0x10000306d,38015,False
func_o_0x100003070,38799,True
func_o_0x100003140,38083,True
func_o_0x100003149,38308,True
func_o_0x1000032e2,37490,False
func_o_0x1000032e6,36909,False
func_o_0x100003359,37770,False
func_o_0x100003379,38004,True
func_o_0x1000033b5,38336,True
func_o_0x1000033bf,37549,False
func_o_0x1000033c8,38287,False
func_oe_0x100002024,38638,False
func_oe_0x10000202a,36822,False
func_oe_0x100002034,37845,False
func_oe_0x10000203f,38604,True
func_oe_0x100002041,38484,False
func_oe_0x10000212f,37939,False
func_oe_0x10000213d,36843,True
func_oe_0x100002155,37513,False
func_oe_0x100002159,37254,True
func_oe_0x100002fb4,37049,True
func_oe_0x100002fb6,38748,False
func_oe_0x100002fb8,37057,False
func_oe_0x100002fba,37792,False
func_oe_0x100002fc2,36879,False
func_oe_0x100002fc4,38149,False
func_oe_0x100002fd0,38702,True
func_oe_0x100002fd2,37380,False
func_oe_0x100002fd6,37158,True
func_oe_0x100002fda,38804,True
func_oe_0x100002fdc,37235,False
func_oe_0x100002fde,37404,True
func_oe_0x100002fe2,36937,False
func_oe_0x100002fe4,37837,True
func_oe_0x100002fe8,37637,True
func_oe_0x100002fea,38655,True
func_oe_0x100002fec,38603,True
func_oe_0x100002fee,38438,False
func_oe_0x100002ff0,37998,False
func_oe_0x100002ff4,38327,False
func_oe_0x100002ffc,38717,False
func_oe_0x100003000,37807,False
func_oe_0x100003002,37032,False
func_on_0x100000c14,37144,True
func_or_0x1000015be,38473,True
func_or_0x1000015cc,38763,True
func_or_0x1000015d4,37615,False
func_or_0x100001e4a,37679,True
func_p_0x1000001a2,38698,True
func_p_0x1000002b2,38451,True
func_p_0x100000339,36820,True
func_p_0x100000926,37438,True
func_p_0x100000949,37577,True
func_p_0x10000095c,38462,False
func_p_0x1000009da,37310,True
func_p_0x1000010db,37099,True
func_p_0x1000010ea,38396,False
func_p_0x10000131e,38148,False
func_p_0x1000013ba,38106,False
func_p_0x1000013e5,38512,True
func_p_0x100001818,38270,False
func_p_0x100001d49,38152,True
func_p_0x100002346,38501,True
func_p_0x1000023a4,36848,False
func_p_0x100002536,37739,True
func_p_0x100002538,37765,True
func_p_0x1000025fa,36856,False
func_p_0x100002687,37535,False
func_p_0x1000026e5,37161,True
func_p_0x10000298b,37568,True
func_p_0x100002a0d,37104,True
func_p_0x100002b10,37545,True
func_p_0x100002b12,37506,False
func_p_0x100002b92,38706,True
func_p_0x100002cab,38075,True
func_p_0x100002cad,37065,True
func_p_0x100002cb0,38026,False
func_p_0x100002ea6,37135,False
func_p_0x100002f29,37836,False
func_p_0x1000030ab,38576,True
func_p_0x1000030ae,38551,True
func_p_0x1000030b3,38143,False
func_p_0x100003122,37740,False
func_p_0x100003155,37072,True
func_p_0x100003239,36927,False
func_p_0x10000323b,38193,False
func_p_0x100003241,37532,False
func_p_0x100003243,37797,False
func_p_0x100003245,38541,False
func_p_0x1000032d9,37964,False
func_p_0x1000032f9,38308,False
func_p_0x100003340,37947,True
func_p_0x100003343,38751,True
func_p_0x10000334c,37146,True
func_pi_0x100001982,38666,False
func_pi_0x100001984,38149,False
func_pn_0x100002057,38195,True
func_pn_0x100002059,37220,False
func_pn_0x10000205b,38511,False
func_pn_0x10000205d,37517,False
func_pn_0x100002061,37525,False
func_pn_0x100002069,37027,False
func_pn_0x10000206f,38083,False
func_pn_0x100002071,37650,True
func_pn_0x100002073,37273,True
func_pn_0x100002075,37259,False
func_pn_0x10000207b,37616,True
func_pn_0x10000207d,37460,False
func_pn_0x100002081,37691,True
func_pr_0x100000bc3,37339,True
func_pr_0x100000bd7,36925,True
func_pr_0x100001247,37319,True
func_pr_0x10000257b,37884,False
func_pt_0x1000000ed,37480,False
func_pt_0x1000001de,38274,False
func_pt_0x100001333,38273,True
func_pt_0x10000167e,38274,False
func_pt_0x100001686,37119,True
func_pt_0x1000016ab,37064,True
func_pt_0x100001feb,38373,False
func_pt_0x1000022a5,37132,False
func_pt_0x100002ed9,37256,True
func_pt_0x100002eff,37083,True
func_pt_0x10000316b,38115,True
func_q_0x10000009c,37523,True
func_q_0x1000000d6,38176,False
func_q_0x100000221,36921,True
func_q_0x1000003f8,37433,False
func_q_0x10000094b,37064,True
func_q_0x10000094d,38545,False
func_q_0x100000952,38334,True
func_q_0x100000fc3,38433,False
func_q_0x100001089,37084,False
func_q_0x100001180,38102,True
func_q_0x1000012de,37169,False
func_q_0x1000013e6,36962,True
func_q_0x1000014ad,37370,False
func_q_0x1000014af,38420,True
func_q_0x1000017eb,37848,False
func_q_0x100002205,38128,True
func_q_0x100002395,37355,True
func_q_0x10000264f,36957,True
func_q_0x100002653,37260,True
func_q_0x10000266e,38463,True
func_q_0x100002670,37962,True
func_q_0x1000029a0,37202,True
func_q_0x100002a57,37059,False
func_q_0x100002ab8,38811,False
func_q_0x100002b87,37846,False
func_q_0x100002c4e,36963,False
func_q_0x100002e7f,37030,False
func_q_0x100002e9c,37206,True
func_q_0x1000030f5,37337,True
func_q_0x1000030ff,36876,False
func_q_0x100003115,37902,False
func_q_0x10000323d,38661,False
func_qe_0x100002c00,38058,True
func_qe_0x100002d7d,37567,False
func_qt_0x1000001c2,37815,True
func_r_0x100000001,38235,False
func_r_0x10000006d,37250,False
func_r_0x10000007c,38408,False
func_r_0x100000082,37111,True
func_r_0x10000008b,38612,True
func_r_0x1000000a5,38763,False
func_r_0x1000000a9,37792,False
func_r_0x100000120,38496,True
func_r_0x100000147,38729,False
func_r_0x100000189,38404,False
func_r_0x10000019c,38020,False
func_r_0x1000001b2,38557,True
func_r_0x100000251,37833,False
func_r_0x10000026e,38441,False
func_r_0x100000277,37904,False
func_r_0x10000027f,37039,False
func_r_0x100000284,37746,True
func_r_0x100000291,38256,False
func_r_0x100000293,37057,False
func_r_0x100000299,38485,False
func_r_0x10000029d,37790,True
func_r_0x1000002a6,37263,True
func_r_0x1000002c5,38751,False
func_r_0x1000002ce,38770,True
func_r_0x1000002d3,37979,False
func_r_0x1000002d5,37089,False
func_r_0x1000002d9,37408,True
func_r_0x1000002de,38347,True
func_r_0x100000304,38133,True
func_r_0x100000316,37325,True
func_r_0x100000330,38565,True
func_r_0x100000358,37109,False
func_r_0x10000035a,38341,False
func_r_0x100000360,37282,False
func_r_0x10000036d,37656,False
func_r_0x100000393,38450,False
func_r_0x10000039f,37740,False
func_r_0x1000003a8,38756,True
func_r_0x1000003bd,37539,True
func_r_0x1000003c4,37901,True
func_r_0x1000003ef,37419,True
func_r_0x10000091b,37781,False
func_r_0x1000010e0,37297,True
func_r_0x1000013bf,38063,True
func_r_0x1000016f6,37723,True
func_r_0x100001731,37202,False
func_r_0x1000017fe,37535,False
func_r_0x10000180b,36946,True
func_r_0x100001d56,38360,True
func_r_0x100001dcc,37825,False
func_r_0x1000021c9,37491,False
func_r_0x1000021e0,37190,False
func_r_0x1000023e4,37720,True
func_r_0x10000245f,37787,True
func_r_0x100002480,38703,True
func_r_0x100002514,37180,False
func_r_0x10000252c,38406,True
func_r_0x100002618,37687,True
func_r_0x10000261a,37139,False
func_r_0x100002660,37548,False
func_r_0x10000267d,37365,False
func_r_0x10000267f,37036,True
func_r_0x1000026ed,38130,False
func_r_0x1000029b0,37009,False
func_r_0x100002b7e,38692,True
func_r_0x100002cbc,37655,False
func_r_0x100002e18,37754,True
func_r_0x100002e93,37156,True
func_r_0x100002f30,38129,False
func_r_0x100003077,37460,True
func_r_0x100003084,38115,True
func_r_0x1000032c9,37326,False
func_r_0x100003316,38088,True
func_r_0x100003325,37748,True
func_r_0x100003361,38739,True
func_r_0x100003369,37791,False
func_r_0x100003371,36918,True
func_r_0x100003381,37596,False
func_r_0x1000033b9,38656,False
func_re_0x100001035,38576,True
func_re_0x100001037,36902,False
func_re_0x100001039,37884,False
func_re_0x10000103b,38133,False
func_re_0x100001041,37276,False
func_re_0x100001053,37947,True
func_re_0x100001063,36997,False
func_re_0x10000140d,37452,True
func_re_0x100001417,37806,False
func_re_0x10000144a,38484,False
func_re_0x1000014fb,38062,False
func_re_0x100002882,37788,False
func_re_0x100002888,38664,True
func_re_0x1000028a1,37651,True
func_re_0x10000318a,37121,False
func_re_0x10000318c,37092,True
func_rr_0x10000196b,37653,False
func_rr_0x1000019a1,37704,True
func_rr_0x100001a1d,38153,True
func_rr_0x100001aa9,38745,True
func_rt_0x100000c84,37680,False
func_rt_0x100000c8c,38167,True
func_rt_0x100000cc4,38359,False
func_rt_0x100000cc6,38266,True
func_rt_0x100000cf3,38720,True
func_rt_0x100000cf5,37285,False
func_rt_0x100000cfd,37566,True
func_rt_0x100000d01,38234,True
func_rt_0x100000d0d,38588,True
func_rt_0x100000d0f,38773,True
func_rt_0x100000d13,37877,False
func_rt_0x100001231,38720,False
func_rt_0x10000126a,37204,True
func_rt_0x100002dd2,36942,False
func_s_0x10000006f,37010,False
func_s_0x10000013c,38181,True
func_s_0x100000140,37617,True
func_s_0x100000255,37410,True
func_s_0x10000029b,37728,True
func_s_0x1000002a9,37784,False
func_s_0x1000002b8,37389,False
func_s_0x100000313,37775,True
func_s_0x100000319,37927,False
func_s_0x10000035d,38217,True
func_s_0x100000396,37794,False
func_s_0x10000039c,37758,False
func_s_0x1000003ae,37205,False
func_s_0x1000003b7,38655,False
func_s_0x1000003f3,38210,True
func_s_0x1000008fe,37068,True
func_s_0x100000973,38321,False
func_s_0x100000fb9,38517,False
func_s_0x1000010d5,36911,True
func_s_0x100001125,37202,True
func_s_0x1000011f2,37736,False
func_s_0x1000012d5,38063,False
func_s_0x1000016e5,37555,False
func_s_0x10000171f,37206,False
func_s_0x1000017dd,38314,False
func_s_0x100001801,37171,False
func_s_0x100001d41,38528,False
func_s_0x100001d53,38775,True
func_s_0x100002203,37971,True
func_s_0x100002452,37990,True
func_s_0x100002478,38482,True
func_s_0x10000252e,37705,True
func_s_0x100002692,38530,False
func_s_0x1000026c1,37671,True
func_s_0x1000029b7,38038,False
func_s_0x1000029be,38325,False
func_s_0x100002b01,38204,True
func_s_0x100002b9d,37263,True
func_s_0x100002ca5,37354,True
func_s_0x10000311f,38584,True
func_s_0x10000314c,37012,True
func_s_0x100003313,38586,False
func_s_0x10000331a,38435,False
func_s_0x100003322,37549,True
func_s_0x100003356,38718,True
func_s_0x10000335e,37804,True
func_s_0x100003366,37245,False
func_s_0x10000336d,37629,False
func_s_0x100003376,38799,True
func_s_0x10000337e,37273,True
func_s_0x100003391,37851,True
func_se_0x100000adf,37095,True
func_se_0x100000aeb,37570,False
func_se_0x100000b01,38557,False
func_se_0x10000105e,37976,True
func_se_0x10000135c,37907,False
func_se_0x10000144f,37296,False
func_se_0x1000016be,37045,True
func_se_0x100002724,37853,False
func_se_0x100002729,37791,True
func_se_0x10000272d,37273,True
func_se_0x100002731,38096,False
func_se_0x100002735,38790,True
func_se_0x100002737,38072,False
func_se_0x10000273b,37894,True
func_se_0x100002749,36914,True
func_se_0x10000274b,37683,True
func_se_0x100002762,37209,True
func_se_0x100002764,37216,True
func_se_0x100002768,36954,True
func_se_0x10000276a,38388,False
func_se_0x100002905,37905,True
func_se_0x100002909,37653,False
func_se_0x10000290b,38216,True
func_se_0x100002920,37710,True
func_se_0x100002d08,38267,True
func_se_0x100002d0f,37293,True
func_se_0x100002d13,37853,True
func_se_0x100002d15,37696,False
func_se_0x100002d19,37436,False
func_si_0x100000f58,38223,True
func_sn_0x100001ff9,36986,True
func_so_0x100001a5f,37031,True
func_sr_0x100001274,37125,False
func_sr_0x1000028e7,37206,True
func_sr_0x100002bed,36930,True
func_sr_0x100002bfc,38621,True
func_sr_0x100002bfe,37836,True
func_sr_0x100002c02,38456,False
func_sr_0x100002c06,37974,True
func_st_0x100001271,37101,True
func_st_0x100001282,38548,True
func_st_0x10000128e,38461,False
func_st_0x1000028e2,38446,True
func_st_0x100002be1,37265,True
func_st_0x100002be3,38289,True
func_st_0x100002be9,37457,False
func_t_0x100001335,37012,True
func_t_0x100001fe9,37750,True
func_t_0x100002d2f,36891,True
func_t_0x10000316d,38749,True
func_ta_0x100000f32,38437,False
func_te_0x100000ad7,37231,False
func_te_0x100000aed,37880,False
func_te_0x10000104e,37739,False
func_te_0x10000105f,37610,True
func_te_0x100001068,37214,True
func_te_0x10000141c,37365,False
func_te_0x100001452,38338,False
func_te_0x1000014ff,37360,True
func_te_0x100001514,37693,True
func_te_0x100002727,37567,False
func_te_0x10000272b,37576,False
func_te_0x10000272f,38711,False
func_te_0x100002733,37372,False
func_te_0x100002739,38362,True
func_te_0x10000273d,37096,False
func_te_0x100002757,38160,False
func_te_0x100002760,38674,True
func_te_0x100002766,38039,False
func_te_0x1000027fd,36956,False
func_te_0x10000286e,36864,True
func_te_0x1000028f1,37291,False
func_te_0x1000028fb,37347,False
func_te_0x1000028ff,37156,False
func_te_0x100002901,38000,True
func_te_0x100002903,38718,True
func_te_0x100002919,38695,True
func_te_0x10000291d,37501,True
func_te_0x100002d03,37838,True
func_te_0x100002d11,37064,False
func_te_0x100002d17,37807,False
func_tn_0x10000204e,37399,True
func_tn_0x100002050,38399,False
func_tn_0x100002052,38639,False
func_tr_0x1000015ce,37396,False
func_tr_0x100001e20,38088,False
func_tr_0x100001f66,38410,True
func_tt_0x100001ff6,37716,True
func_tt_0x10000211f,36870,False
func_tt_0x100002136,36988,True
func_tt_0x100002139,38120,False
func_tt_0x100002174,37773,True
func_tt_0x100002f60,36933,True
func_tt_0x100002f62,38299,True
func_tt_0x100002f64,38588,False
func_tt_0x100002f66,37934,False
func_tt_0x100002f68,36828,False
func_tt_0x100002f6a,38145,False
func_tt_0x100002f70,38587,True
func_tt_0x100002f72,36905,True
func_tt_0x100002f7e,38405,False
func_tt_0x100002f80,37717,False
func_tt_0x100002f82,37890,True
func_tt_0x100002f88,38168,True
func_tt_0x100002f8e,38206,False
func_tt_0x100002f90,37939,True
func_tt_0x100002f92,38770,True
func_tt_0x100002f94,37305,True
func_tt_0x100002f96,37841,True
func_tt_0x100002f98,37391,True
func_tt_0x100002f9c,38161,True
func_tt_0x100002f9e,37683,False
func_tt_0x100002fa0,37893,False
func_tt_0x100002fbc,37376,False
func_tt_0x100002fbe,37814,False
func_tt_0x100002fc0,38394,False
func_tt_0x100002fc8,37988,True
func_tt_0x100002fca,38706,False
func_tt_0x100002fcc,37781,True
func_tt_0x100002fce,37367,False
func_tt_0x100002fd4,37917,False
func_tt_0x100002fd8,37930,False
func_tt_0x100002fe0,37517,True
func_u_0x100000090,37589,True
func_u_0x10000009f,37303,False
func_u_0x100000119,37757,False
func_u_0x10000012a,38510,True
func_u_0x10000012d,38063,False
func_u_0x10000030d,37605,True
func_u_0x100000390,38249,True
func_u_0x100000397,37491,False
func_u_0x10000091d,38549,True
func_u_0x1000009ce,37339,True
func_u_0x100000a37,37685,True
func_u_0x10000112f,38002,True
func_u_0x10000158b,36830,False
func_u_0x1000016ce,38737,False
func_u_0x100001715,37378,False
func_u_0x100001d69,37097,True
func_u_0x1000021e3,38150,False
func_u_0x10000229b,37029,False
func_u_0x1000022f9,38413,False
func_u_0x100002305,38314,True
func_u_0x100002313,38185,True
func_u_0x100002369,38234,False
func_u_0x1000023e1,38040,False
func_u_0x100002417,38539,True
func_u_0x10000243a,38769,False
func_u_0x100002449,37547,False
func_u_0x10000244f,37782,False
func_u_0x100002461,38502,True
func_u_0x100002485,38722,False
func_u_0x1000024dd,38213,False
func_u_0x1000024e0,37509,False
func_u_0x10000252f,37199,True
func_u_0x100002601,37615,False
func_u_0x100002604,37797,True
func_u_0x100002615,38279,False
func_u_0x10000261c,36888,False
func_u_0x100002625,36897,False
func_u_0x10000262c,37242,True
func_u_0x10000262e,37968,False
func_u_0x10000265b,37362,True
func_u_0x10000265d,37164,True
func_u_0x100002678,37023,False
func_u_0x100002683,38424,True
func_u_0x1000026be,37774,False
func_u_0x1000026c3,37316,True
func_u_0x100002984,37030,True
func_u_0x1000029a4,37788,True
func_u_0x1000029ab,36888,False
func_u_0x1000029b4,36923,False
func_u_0x100002a07,37379,True
func_u_0x100002a49,37804,False
func_u_0x100002ab5,37223,False
func_u_0x100002afe,37948,False
func_u_0x100002b60,37726,False
func_u_0x100002ba2,37229,False
func_u_0x100002e9f,37315,True
func_u_0x100002f41,37136,False
func_u_0x1000032eb,38555,False
func_u_0x10000339f,38278,True
func_u_0x1000033a3,37752,True
func_ue_0x10000194f,37033,True
func_ue_0x100001953,37851,False
func_ue_0x100001963,38198,True
func_ue_0x100001966,37462,False
func_ue_0x100001968,37154,True
func_ue_0x100001995,36891,False
func_ue_0x100001999,38242,True
func_ue_0x1000019a3,38321,False
func_ue_0x1000019a7,37364,True
func_ue_0x1000019b9,37755,True
func_ue_0x1000019f5,37837,False
func_ue_0x100001a6b,37503,True
func_ue_0x100001ad9,37105,False
func_ue_0x100001bc6,38429,False
func_ue_0x100001bd5,37796,False
func_ui_0x100000dde,37330,True
func_un_0x100000f5f,38265,True
func_unknown_0x100000011,37109,True
func_unknown_0x100000015,37091,True
func_unknown_0x100000022,37056,True
func_unknown_0x100000024,37303,True
func_unknown_0x100000032,38079,True
func_unknown_0x100000049,37177,False
func_unknown_0x10000005e,38147,False
func_unknown_0x1000000bd,38606,True
func_unknown_0x100000938,37072,False
func_unknown_0x10000093a,37032,False
func_unknown_0x10000093c,38361,True
func_unknown_0x100000945,37324,True
func_unknown_0x100000970,38532,False
func_unknown_0x1000009ba,37891,False
func_unknown_0x100001144,38282,False
func_unknown_0x100001192,38468,False
func_unknown_0x10000121e,37196,True
func_unknown_0x1000013c6,38144,True
func_unknown_0x1000013db,38087,False
func_unknown_0x10000176d,38588,False
func_unknown_0x100002319,37126,False
func_unknown_0x100002379,37996,True
func_unknown_0x10000237b,37302,False
func_unknown_0x100002390,37649,True
func_unknown_0x100002406,38641,False
func_unknown_0x100002408,37515,True
func_unknown_0x100002434,38302,True
func_unknown_0x10000243d,36991,True
func_unknown_0x100002458,38530,True
func_unknown_0x1000029e7,37622,True
func_unknown_0x100002b61,36956,True
func_unknown_0x100002c8d,37559,False
func_unknown_0x100002c95,38317,True
func_unknown_0x100002e45,37993,False
func_unknown_0x100002eb8,38814,True
func_unknown_0x10000308e,37528,False
func_unknown_0x100003090,37754,False
func_unknown_0x100003094,37510,True
func_unknown_0x100003099,37359,True
func_unknown_0x10000309f,38606,True
func_unknown_0x10000324f,38359,False
func_uo_0x100000f30,37477,True
func_uo_0x100000f46,36963,False
func_ut_0x100001820,37215,True
func_ut_0x100001ff8,37066,False
func_ut_0x100002132,38674,True
func_ut_0x100002f7a,37783,False
func_v_0x100000106,37944,True
func_v_0x100000964,37900,True
func_v_0x10000096a,37905,True
func_v_0x10000096c,36956,False
func_v_0x100000a62,37406,False
func_v_0x100000fad,38529,False
func_v_0x100001165,37558,True
func_v_0x100001169,38669,False
func_v_0x10000116b,38468,False
func_v_0x10000116d,38374,False
func_v_0x10000116f,38059,False
func_v_0x100001171,36883,True
func_v_0x100001224,37909,True
func_v_0x100001229,38448,True
func_v_0x10000154f,37521,False
func_v_0x100001556,37985,True
func_v_0x100002353,38131,True
func_v_0x100002357,38189,False
func_v_0x100002391,37106,False
func_v_0x1000023d8,37961,False
func_v_0x100002440,38105,False
func_v_0x100002444,37421,False
func_v_0x100002c58,38340,True
func_v_0x100002c72,37437,True
func_v_0x100002e37,38548,False
func_v_0x100002e3d,36850,True
func_v_0x100002eae,37570,False
func_v_0x100003134,37178,True
func_ve_0x1000001f9,37355,True
func_ve_0x1000001fc,38445,True
func_ve_0x1000001fe,38505,False
func_ve_0x100001008,36869,False
func_ve_0x100001371,38395,True
func_ve_0x1000016ac,36895,True
func_ve_0x1000016b6,38611,False
func_ve_0x10000286d,38084,False
func_ve_0x1000031a5,38244,True
func_vr_0x10000195a,38578,True
func_vr_0x100001978,37919,False
func_vt_0x100001243,37391,True
func_vt_0x100002c04,38377,True
func_vt_0x100002dbe,37920,False
func_vt_0x100002dc0,36971,False
func_vt_0x100002dc5,38295,False
func_vt_0x100002dd0,38257,True
func_vt_0x100002ddb,37789,False
func_vt_0x100002de6,38512,False
func_vt_0x100002df7,38687,False
func_vt_0x100002dfa,37432,True
func_w_0x1000000b3,37487,False
func_w_0x1000000bf,37325,False
func_w_0x10000034d,38603,True
func_w_0x100000351,38555,True
func_w_0x1000010a5,38681,False
func_w_0x1000010a9,37844,False
func_w_0x1000010ab,37413,True
func_w_0x1000010ad,36855,True
func_w_0x1000010af,38501,False
func_w_0x10000118d,38693,False
func_w_0x100001220,37165,True
func_w_0x100001222,38526,True
func_w_0x1000013c3,36930,True
func_w_0x1000013dd,37868,False
func_w_0x10000226f,37711,False
func_w_0x100002350,36928,True
func_w_0x100002453,36954,True
func_w_0x1000026ab,38197,True
func_w_0x1000029f2,38021,False
func_w_0x1000029f4,37094,True
func_w_0x1000029fa,37463,False
func_w_0x1000029fc,37074,True
func_w_0x1000029fe,38684,True
func_w_0x100002a00,38394,True
func_w_0x100002a02,38039,False
func_w_0x100002a04,37641,True
func_w_0x100002b23,38634,True
func_w_0x100002b2d,38366,False
func_w_0x100002cbe,37456,True
func_w_0x100002e2a,38234,True
func_w_0x100002f09,37303,True
func_w_0x100003136,36982,True
func_w_0x10000324d,38589,True
func_w_0x100003257,36866,True
func_w_0x10000325b,37066,False
func_w_0x10000325d,38657,True
func_w_0x10000325f,37250,False
func_w_0x100003261,36876,True
func_w_0x100003263,36834,True
func_we_0x100000e79,37031,False
func_we_0x100000ea3,37516,False
func_we_0x100000ea8,37928,True
func_we_0x100000eac,37151,False
func_we_0x100000ebb,38063,False
func_we_0x100000ec1,38459,False
func_we_0x100000ecf,37171,False
func_we_0x100000ed1,38132,False
func_we_0x100000ed7,38199,True
func_we_0x100000ed9,37298,False
func_we_0x100002005,37554,False
func_wn_0x100000c02,37304,False
func_wn_0x100000c04,37525,False
func_wn_0x100000c0e,38483,False
func_wr_0x100001ffc,38204,True
func_wr_0x100002fa9,38531,False
func_wr_0x100002faf,38448,True
func_wt_0x100000afe,38790,False
func_wt_0x100002831,38404,True
func_wt_0x10000287a,37087,False
func_wt_0x100002bdc,36895,False
func_wt_0x100002bf3,37434,False
func_wt_0x100002bf9,37269,False
func_wt_0x100002c1d,38564,False
func_wt_0x100002c22,38141,False
func_wt_0x100002c29,37797,True
func_wt_0x100002c2b,38114,True
func_wt_0x10000329b,37835,False
func_wt_0x10000329d,38125,False
func_wt_0x1000032a1,37352,True
func_x_0x100000139,38792,False
func_x_0x100000258,38793,True
func_x_0x10000097c,38447,True
func_x_0x100000984,37080,True
func_x_0x1000009c5,36873,False
func_x_0x100001199,37369,True
func_x_0x1000016d2,38807,False
func_x_0x1000017e3,37120,True
func_x_0x100001d67,38372,True
func_x_0x100001dc5,38767,True
func_x_0x1000021ca,36974,True
func_x_0x100002204,38545,True
func_x_0x1000023fd,37547,True
func_x_0x1000023ff,37400,False
func_x_0x10000247b,38763,True
func_x_0x10000247d,38341,False
func_x_0x100002527,38633,False
func_x_0x100002529,37430,False
func_x_0x100002627,37556,True
func_x_0x100002644,38663,True
func_x_0x100002665,37883,False
func_x_0x100002695,38147,False
func_x_0x10000269f,38171,True
func_x_0x1000026c9,38268,False
func_x_0x1000026cb,38142,False
func_x_0x1000026e7,37032,True
func_x_0x100002849,37254,True
func_x_0x10000292c,36966,False
func_x_0x100002aba,37050,False
func_x_0x100002ada,37303,True
func_x_0x100002cb9,36999,False
func_x_0x100002f3f,38538,False
func_x_0x100003087,38048,False
func_x_0x10000308b,37636,True
func_x_0x1000030df,38117,False
func_x_0x100003237,38011,True
func_x_0x1000032cc,37502,False
func_x_0x1000032d0,37320,False
func_x_0x10000332e,37166,False
func_xe_0x1000000dc,37133,False
func_xe_0x1000000e4,38496,False
func_xe_0x1000001cb,38187,True
func_xe_0x1000001d5,38799,True
func_xe_0x1000001d8,37573,False
func_xe_0x100000a04,37333,False
func_xe_0x100001762,38384,True
func_xe_0x100001df9,37512,True
func_xe_0x100001f82,37021,False
func_xe_0x100001fa8,38434,True
func_xe_0x100002272,37466,True
func_xe_0x100002286,38382,False
func_xe_0x100002288,37786,False
func_xe_0x1000024b8,37479,True
func_xe_0x1000024c2,37339,True
func_xe_0x1000024c4,38546,False
func_xe_0x10000250b,37395,True
func_xe_0x1000027b0,37976,False
func_xe_0x1000027d2,38209,True
func_xe_0x100002863,37248,False
func_xe_0x100002865,38008,True
func_xe_0x100002a70,37406,True
func_xe_0x100002a72,37429,False
func_xe_0x100002ccb,38140,False
func_xe_0x100002ccd,36925,False
func_xe_0x100002cda,37940,False
func_xe_0x100002cdc,37706,False
func_xe_0x100002ce0,37825,False
func_xe_0x100002ce4,38015,True
func_xr_0x100001444,37554,False
func_xr_0x1000022bd,37214,False
func_xr_0x100002825,37202,False
func_xr_0x10000282c,38541,True
func_xr_0x100003199,37821,False
func_xt_0x100001056,38460,False
func_xt_0x10000106b,37426,False
func_xt_0x1000013a2,38456,True
func_xt_0x1000013aa,38051,False
func_xt_0x100001438,37312,True
func_xt_0x10000143f,37780,True
func_xt_0x10000221d,37327,False
func_xt_0x100002227,37101,True
func_xt_0x10000222b,37641,False
func_xt_0x10000222d,38376,True
func_xt_0x10000222f,38767,False
func_xt_0x100002241,38539,True
func_xt_0x100002249,37162,False
func_xt_0x10000224f,37038,True
func_xt_0x100002251,37933,True
func_xt_0x10000225b,37322,False
func_xt_0x10000225d,37474,True
func_xt_0x10000225f,38061,True
func_xt_0x100002261,37118,True
func_xt_0x1000022b6,38722,True
func_xt_0x1000022ba,37706,False
func_xt_0x10000283e,37973,True
func_xt_0x100002842,37943,False
func_xt_0x100002910,37862,True
func_xt_0x100003174,37044,True
func_y_0x10000000f,37195,True
func_y_0x100000017,36917,True
func_y_0x100000026,37593,True
func_y_0x100000036,37809,True
func_y_0x100000041,37757,True
func_y_0x10000004f,38695,True
func_y_0x10000092c,38594,True
func_y_0x1000010a7,38348,False
func_y_0x1000010b1,37341,True
func_y_0x1000010b3,38014,True
func_y_0x1000012eb,38803,True
func_y_0x10000158c,37519,False
func_y_0x100001752,37557,True
func_y_0x100001791,37989,True
func_y_0x10000231b,37961,False
func_y_0x10000231d,37078,True
func_y_0x1000023e7,38601,False
func_y_0x100002456,37560,False
func_y_0x100002713,37883,False
func_y_0x1000029f0,37355,True
func_y_0x100002a11,37041,True
func_y_0x100002a2c,38577,False
func_y_0x100002b79,37019,False
func_y_0x100002c76,37745,True
func_y_0x100002f07,38172,True
func_y_0x100003092,37865,False
func_y_0x100003097,37425,False
func_y_0x10000309b,37399,False
func_y_0x10000324b,38165,False
func_y_0x100003251,38117,True
func_y_0x100003253,37290,True
func_y_0x100003255,37163,False
func_y_0x100003259,37119,False
func_y_0x100003265,38446,False
func_ye_0x100000b78,38032,True
func_ye_0x100000bc0,38183,True
func_ye_0x100000bca,37913,False
func_ye_0x100000bdf,38143,False
func_ye_0x100000cc1,38413,False
func_ye_0x100000d6d,36872,True
func_ye_0x100000d70,38082,True
func_ye_0x100000d83,38126,True
func_ye_0x100000d86,37465,False
func_ye_0x100000d96,37871,False
func_ye_0x100000d9f,38554,True
func_ye_0x100000db6,37398,False
func_ye_0x100000dbd,37219,False
func_ye_0x100000dc0,37590,False
func_ye_0x100000dee,38323,True
func_ye_0x100002d87,36840,True
func_ye_0x100002d8b,38153,False
func_ye_0x100002d8d,37781,True
func_ye_0x100002d8f,37903,False
func_ye_0x100002d93,38209,True
func_ye_0x100002dc7,38170,False
func_ye_0x100002dd3,36820,False
func_ye_0x100002dd5,37257,True
func_ye_0x100002de0,38283,True
func_ye_0x100002ded,37709,True
func_yn_0x100001d20,37342,True
func_yr_0x100001936,37520,False
func_yr_0x100001a33,38102,True
func_yt_0x10000127c,38119,True
func_yt_0x1000012d2,38227,False
func_yt_0x1000027ff,36944,False
func_yt_0x100002801,37501,False
func_yt_0x100002803,37874,True
func_z_0x100001174,38250,True
func_z_0x100001326,38507,True
func_z_0x100001328,37242,True
func_z_0x10000132a,38210,False
func_z_0x100001765,37730,False
func_z_0x100001767,37425,True
func_z_0x100002388,38776,True
func_z_0x1000024c6,37921,True
func_z_0x100002505,37897,True
func_z_0x100002a74,38350,False
func_z_0x100002d24,37618,True
func_z_0x100002d28,38240,True
func_ze_0x100001058,37977,True
func_ze_0x1000013a4,37744,True
func_ze_0x1000013a6,37161,False
func_ze_0x1000013a8,37530,True
func_ze_0x100001434,37993,True
func_ze_0x100002219,37433,False
func_ze_0x10000221b,38021,True
func_ze_0x10000221f,37101,False
func_ze_0x100002221,37056,True
func_ze_0x100002223,37714,False
func_ze_0x100002225,38019,True
func_ze_0x100002229,37320,True
func_ze_0x100002231,38688,True
func_ze_0x100002233,38248,True
func_ze_0x100002235,37161,False
func_ze_0x100002237,37720,True
func_ze_0x100002239,37329,False
func_ze_0x10000223b,38605,True
func_ze_0x10000223d,37904,True
func_ze_0x10000223f,37640,False
func_ze_0x100002243,37670,False
func_ze_0x100002245,37817,False
func_ze_0x100002247,38186,False
func_ze_0x10000224b,37692,True
func_ze_0x10000224d,37050,True
func_ze_0x100002253,38692,True
func_ze_0x100002255,38267,False
func_ze_0x100002257,38780,True
func_ze_0x100002259,37051,False
func_ze_0x1000022aa,37015,False
func_ze_0x1000022ac,38394,False
func_ze_0x1000022c4,38162,False
func_ze_0x100002814,37839,False
func_ze_0x100002824,36917,False
func_ze_0x10000283d,38387,True
func_ze_0x100002841,37776,False
func_ze_0x100002912,36955,True
func_ze_0x100003198,38720,False
