func_$_0x100000205,208942,True
func_$_0x100002e9f,209763,True
func_$_0x100002ea1,208337,False
func_$_0x100002ea5,209327,False
func_$_0x100002ea7,209052,False
func_$_0x100002ea9,209515,True
func_$_0x100002ead,208795,False
func_$_0x100002eb5,209110,False
func_$_0x100002eb7,208268,False
func_$_0x100002eb9,209517,True
func_$_0x100002ebb,209123,True
func_$_0x100002ebf,209911,True
func_$_0x100002ec3,209272,False
func_$_0x100002f86,209327,False
func_$_0x100002f9e,208690,True
func_$_0x1000034f0,208481,False
func_$_0x1000034f7,208264,False
func_$_0x100003502,209173,False
func_$_0x100003512,209398,True
func_$_0x100003624,208233,False
func_$_0x100003f5b,209047,True
func_$_0x100003f61,209064,True
func_$_0x100003f67,209959,True
func_$_0x1000046bf,209837,True
func_$_0x1000046c3,209228,False
func_$_0x100004ac8,209706,False
func_$_0x100004aca,208286,True
func_$_0x1000052ae,209969,True
func_$_0x100005305,208394,True
func_$_0x100005307,209302,True
func_$_0x100005315,208280,False
func_$_0x100005321,209368,True
func_$_0x100005323,209569,False
func_$_0x100005332,208360,False
func_$_0x1000054dc,208252,False
func_$_0x100005607,208562,True
func_$_0x100005611,208786,False
func_$_0x1000060cd,209838,True
func_$_0x1000060cf,208322,True
func_$_0x1000060d1,209281,True
func_$_0x1000060d3,209233,True
func_$_0x100006389,209158,False
func_$_0x100006a3c,209360,True
func_$_0x100006a40,209165,False
func_$_0x100006f99,209400,True
func_$_0x1000070b9,209822,True
func_$_0x10000748a,208270,True
func_$_0x10000748c,208145,True
func_$_0x100007498,208411,False
func_$e_0x10000166a,209409,False
func_$e_0x100001670,209291,False
func_$e_0x100001674,208762,True
func_$e_0x100001678,209471,True
func_$e_0x10000167c,208150,False
func_$e_0x10000356a,208422,True
func_$e_0x1000035c7,209638,True
func_$e_0x10000388b,209750,True
func_$e_0x100005922,209142,False
func_$e_0x100005dc4,208461,False
func_$e_0x1000063e4,208939,True
func_$e_0x10000682e,208878,True
func_$e_0x100006834,208159,True
func_$e_0x100006836,208623,False
func_$e_0x100006b80,209551,False
func_$e_0x100007346,208258,False
func_$n_0x100002d2c,208282,False
func_$n_0x100006cd7,208715,False
func_$n_0x10000770e,208364,False
func_$n_0x10000773e,208207,False
func_$n_0x100007742,208996,False
func_$n_0x100007748,209918,False
func_$n_0x10000774c,209248,True
func_$n_0x10000774e,209270,True
func_$n_0x100007756,209734,False
func_A0_0x100002380,208909,False
func_A0_0x1000023cc,209097,False
func_A0_0x1000023d0,210030,False
func_A0_0x1000023f8,210081,False
func_A0_0x1000023fe,210075,True
func_A0_0x100002400,208519,False
func_A_0x100000094,209475,True
func_A_0x100000121,208970,False
func_A_0x10000080d,208937,False
func_A_0x1000008a4,209271,True
func_A_0x1000015fb,208686,False
func_A_0x10000192f,209341,True
func_A_0x100001935,209816,False
func_A_0x100001938,210120,False
func_A_0x10000195e,209645,False
func_A_0x100001960,208827,False
func_A_0x10000197e,209771,False
func_A_0x100001992,209583,False
func_A_0x100001a01,209869,True
func_A_0x100001a79,209319,True
func_A_0x100001b42,209432,True
func_A_0x100001c0a,208325,False
func_A_0x100001c6e,208463,False
func_A_0x100001c9d,209501,True
func_A_0x100002f0c,208202,False
func_A_0x10000301e,208292,True
func_A_0x100003034,208555,True
func_A_0x10000305b,209079,True
func_A_0x1000031bc,209438,True
func_A_0x10000324f,209505,False
func_A_0x10000326f,209089,False
func_A_0x100003328,210021,False
func_A_0x100003344,208213,True
func_A_0x10000335d,208598,False
func_A_0x1000033b5,209659,True
func_A_0x1000033c4,208662,True
func_A_0x10000341b,209294,True
func_A_0x100003931,209098,True
func_A_0x100003933,208255,True
func_A_0x100003936,208261,False
func_A_0x100003c6a,209750,False
func_A_0x100003daa,209780,True
func_A_0x100003dc3,209884,True
func_A_0x100003e39,209077,True
func_A_0x100003eec,209389,True
func_A_0x100003f4d,209025,True
func_A_0x100004007,209467,True
func_A_0x10000400f,208411,True
func_A_0x1000041a2,209499,False
func_A_0x100004214,209180,False
func_A_0x100004218,208183,True
func_A_0x10000435d,208144,False
func_A_0x10000435f,208919,True
func_A_0x100004413,209270,False
func_A_0x100004434,209823,True
func_A_0x100004462,210043,False
func_A_0x1000045b2,208970,True
func_A_0x1000045d0,208161,False
func_A_0x1000047f6,210113,True
func_A_0x1000048ff,209995,True
func_A_0x100004a60,209382,True
func_A_0x100004a8f,209125,True
func_A_0x100004ab2,208689,False
func_A_0x100004b68,208896,True
func_A_0x100004ff1,209536,False
func_A_0x1000052a8,209361,True
func_A_0x1000054a6,209016,False
func_A_0x100005615,208181,True
func_A_0x10000569e,209448,True
func_A_0x1000058b3,208622,True
func_A_0x10000598c,209293,True
func_A_0x100005c05,209531,True
func_A_0x100006a76,208527,True
func_A_0x100006de6,209741,False
func_A_0x100006e80,209019,True
func_A_0x1000072e3,209435,False
func_Ae_0x100001591,209365,True
func_Ae_0x1000015a9,209282,False
func_Ae_0x1000015ab,208371,True
func_Ae_0x1000015ad,209721,True
func_Ae_0x1000015af,209175,False
func_Ae_0x100001681,208745,False
func_Ae_0x10000168b,208724,True
func_Ae_0x1000016a5,208884,True
func_Ae_0x100001e29,209935,True
func_Ae_0x100002452,209291,True
func_Ae_0x100002458,209726,True
func_Ae_0x100003478,208583,False
func_Ae_0x1000035cf,209997,True
func_Ae_0x1000035d1,208695,True
func_Ae_0x1000035d3,209160,True
func_Ae_0x1000035dd,209495,False
func_Ae_0x1000035e1,209138,True
func_Ae_0x1000035e3,208799,False
func_Ae_0x1000035e5,208911,True
func_Ae_0x1000035f1,209013,False
func_Ae_0x1000035f5,209558,False
func_Ae_0x100003660,208408,True
func_Ae_0x100003667,209492,True
func_Ae_0x100003d82,208904,True
func_Ae_0x100003d86,209862,True
func_Ae_0x10000405e,208499,True
func_Ae_0x100004060,209624,False
func_Ae_0x100004064,208689,True
func_Ae_0x10000464c,208147,True
func_Ae_0x100004651,209600,False
func_Ae_0x10000466c,209092,True
func_Ae_0x100004b33,209103,False
func_Ae_0x100004b42,208861,False
func_Ae_0x100005732,209335,True
func_Ae_0x100005736,210081,True
func_Ae_0x10000573a,209722,True
func_Ae_0x100005742,209174,True
func_Ae_0x100005746,209522,False
func_Ae_0x100005748,209759,True
func_Ae_0x10000574a,208918,False
func_Ae_0x10000574c,208623,False
func_Ae_0x100005750,209034,False
func_Ae_0x100005752,209390,True
func_Ae_0x1000057f7,209733,True
func_Ae_0x100005802,209517,True
func_Ae_0x100005805,209954,False
func_Ae_0x1000059bf,209054,False
func_Ae_0x1000059cb,209049,True
func_Ae_0x1000059cd,208697,False
func_Ae_0x1000059d3,209200,False
func_Ae_0x1000059e7,208303,False
func_Ae_0x100005ead,209354,True
func_Ae_0x100005eaf,208958,True
func_Ae_0x100005ebb,209244,True
func_Ae_0x100005ebd,209924,True
func_Ae_0x100005ec1,209534,True
func_Ae_0x100005ec3,209551,True
func_Ae_0x100005ec7,210104,True
func_Ae_0x100005ec9,208986,True
func_Ae_0x100005ecb,209775,True
func_Ae_0x100006014,208237,True
func_Ae_0x10000612e,208140,False
func_Ae_0x10000641d,208289,False
func_Ae_0x100006828,208895,True
func_Ae_0x100006884,209029,True
func_Ae_0x100006886,209981,True
func_Ae_0x10000688f,209792,False
func_Ae_0x1000069c8,208807,False
func_Ae_0x1000069d4,208363,True
func_Ae_0x1000069db,208973,True
func_Ae_0x1000069dd,208974,True
func_Ae_0x1000069e1,209321,False
func_Ae_0x1000069e7,209000,True
func_Ae_0x1000069f3,209271,True
func_Ae_0x100006aff,209691,False
func_Ae_0x100006b37,209180,True
func_Ae_0x100006b3d,209548,True
func_Ae_0x100006b3f,209827,True
func_Ae_0x100006b41,208986,False
func_Ae_0x100006b4a,209677,True
func_Ae_0x100006b57,210098,False
func_Ae_0x100006b5b,208611,False
func_Ae_0x100006b5d,208812,True
func_Ae_0x100006b64,208831,False
func_Ae_0x100006ef2,208305,True
func_Ai_0x1000020c5,209842,False
func_An_0x100001ad1,208957,False
func_An_0x100003294,208798,False
func_An_0x100003a37,209539,True
func_An_0x100003a76,209180,True
func_An_0x100004c22,209568,True
func_An_0x100004cd2,208403,False
func_An_0x100004cea,210093,False
func_An_0x100005777,209280,False
func_An_0x100005bd4,208783,True
func_An_0x100005cc3,208153,True
func_An_0x100005cc7,209155,False
func_An_0x100007272,208719,False
func_An_0x100007355,209089,False
func_Ao_0x100002d90,208288,True
func_At_0x100003534,209133,True
func_At_0x100003573,209478,True
func_At_0x100003a96,208826,True
func_At_0x100004274,208965,True
func_At_0x100004276,208530,False
func_At_0x100004280,208943,False
func_At_0x100004290,208663,True
func_At_0x100004292,208137,False
func_At_0x100004294,209702,True
func_At_0x100004298,208600,False
func_At_0x1000049f6,208841,True
func_At_0x100004a1d,209534,True
func_At_0x1000065b1,209714,False
func_At_0x100006648,208263,True
func_At_0x1000066a5,208536,False
func_At_0x100006b6f,208975,True
func_At_0x100006b71,209521,False
func_At_0x100007256,209913,False
func_At_0x10000728a,209180,True
func_At_0x100007294,210036,True
func_At_0x100007298,208383,True
func_At_0x10000729c,209056,False
func_At_0x1000072a0,208934,True
func_At_0x1000072a4,208902,False
func_B0_0x100002e2c,208582,True
func_B0_0x100007740,208419,False
func_B_0x10000012c,208484,True
func_B_0x1000001b5,209150,True
func_B_0x1000001b8,209717,False
func_B_0x1000002a5,210072,True
func_B_0x100001519,209551,True
func_B_0x100001702,208495,True
func_B_0x1000017eb,208529,False
func_B_0x10000197f,208969,False
func_B_0x100001a4d,208938,True
func_B_0x100001a66,210003,False
func_B_0x100001a6b,208875,False
func_B_0x100001a7a,209025,True
func_B_0x100001b87,208280,True
func_B_0x100001b89,208725,False
func_B_0x100001b8d,209594,False
func_B_0x100001ba2,209875,False
func_B_0x100001c29,208885,True
func_B_0x100001c2b,209635,False
func_B_0x100001da5,208717,True
func_B_0x100002a84,208931,True
func_B_0x100002a9b,210049,False
func_B_0x1000030b5,208788,True
func_B_0x1000030e0,208672,True
func_B_0x100003147,208229,False
func_B_0x1000031ab,209011,True
func_B_0x100003390,210002,True
func_B_0x100003436,210079,False
func_B_0x100003438,209487,False
func_B_0x100003448,209953,True
func_B_0x1000037aa,209261,False
func_B_0x100003bad,210095,False
func_B_0x100003bc4,208713,False
func_B_0x100003c6b,209040,True
func_B_0x100003e20,209563,False
func_B_0x100003e27,208615,False
func_B_0x100003e31,209482,True
func_B_0x100003ed8,209954,False
func_B_0x100003ee0,209642,True
func_B_0x100004000,208344,False
func_B_0x100004008,210121,True
func_B_0x1000040c2,209986,False
func_B_0x1000040c8,208526,False
func_B_0x1000040ca,209046,True
func_B_0x1000041c9,209562,False
func_B_0x100004250,208978,True
func_B_0x100004453,208739,True
func_B_0x100004455,210068,False
func_B_0x1000045c0,208864,False
func_B_0x100004900,209567,True
func_B_0x10000526d,209675,False
func_B_0x100005479,208800,False
func_B_0x10000558f,208342,True
func_B_0x1000055a6,208736,False
func_B_0x100005794,209579,True
func_B_0x100005799,210039,False
func_B_0x1000057a6,208468,True
func_B_0x1000057b8,208745,True
func_B_0x1000057bc,209309,True
func_B_0x1000057c0,208713,False
func_B_0x1000057cc,209268,False
func_B_0x100005b85,208308,True
func_B_0x100005b87,208625,True
func_B_0x100005c08,208722,True
func_B_0x100005c69,208133,False
func_B_0x100005d62,208689,True
func_B_0x100005d74,208192,False
func_B_0x100005eeb,208364,False
func_B_0x1000066c9,209517,True
func_B_0x1000068ed,210120,True
func_B_0x100006aba,209840,False
func_B_0x100006abe,208261,False
func_B_0x100006ac0,208141,False
func_B_0x100006ac6,208664,True
func_B_0x100006aef,209650,True
func_B_0x100006f0a,209125,True
func_B_0x100006f48,208235,False
func_B_0x1000070ca,209246,False
func_B_0x1000074b6,209075,False
func_B_0x1000074c9,208224,False
func_B_0x1000077e6,209776,True
func_Be_0x100001aea,208256,False
func_Be_0x100001b36,208239,True
func_Be_0x100001db4,209512,True
func_Be_0x100001db7,209522,True
func_Be_0x100001dba,208886,False
func_Be_0x100001dbe,209474,True
func_Be_0x100001df0,209402,True
func_Be_0x100001df8,209865,False
func_Be_0x100001e04,208858,False
func_Be_0x100001e12,209931,False
func_Be_0x100003a81,209994,False
func_Be_0x100003a83,209298,False
func_Be_0x100003a86,208381,False
func_Be_0x100005e09,208483,True
func_Be_0x10000656f,208721,False
func_Be_0x1000066ac,209936,False
func_Be_0x100007246,209985,True
func_Be_0x10000726f,208646,False
func_Be_0x100007630,209873,False
func_Be_0x100007632,209189,True
func_Bn_0x100004f48,209315,True
func_Bn_0x100004f58,208880,False
func_Bn_0x100004f68,209584,False
func_Bn_0x100004f6e,209965,False
func_Bn_0x100004f70,209267,True
func_Bn_0x100005197,210058,False
func_Bn_0x10000772c,208722,False
func_Bn_0x100007732,208537,False
func_Bn_0x100007738,209037,False
func_Bn_0x100007798,209627,False
func_Bn_0x10000779c,209857,True
func_Bn_0x1000077a0,210125,True
func_Bn_0x1000077a2,209570,True
func_Bn_0x1000077a4,208551,True
func_Bt_0x10000356f,209629,True
func_Bt_0x100003571,209528,True
func_Bt_0x10000429d,208735,False
func_Bt_0x100004856,209776,False
func_Bt_0x100004896,208706,True
func_Bt_0x10000489a,209982,True
func_Bt_0x10000489e,208657,True
func_Bt_0x1000048a0,208486,True
func_Bt_0x1000048a6,209527,True
func_Bt_0x1000048a8,208579,True
func_Bt_0x1000049fe,209120,True
func_Bt_0x100004a07,209609,False
func_Bt_0x100005bbb,208525,True
func_Bt_0x100005bc1,209364,True
func_Bt_0x100005bc3,208865,True
func_Bt_0x100005bc5,208251,True
func_Bt_0x100005bc7,209630,False
func_Bt_0x100005bcb,209509,True
func_Bt_0x100005bcd,209988,False
func_Bt_0x100005bdf,208472,False
func_Bt_0x100005cbe,209616,True
func_Bt_0x100005ccc,209563,False
func_Bt_0x100005cce,208821,False
func_Bt_0x100005cf3,208898,False
func_Bt_0x100005d00,208399,False
func_Bt_0x100005d0a,209306,True
func_Bt_0x100005d0e,209714,True
func_Bt_0x100005d22,209123,False
func_Bt_0x100005d2a,208482,False
func_Bt_0x100005d2c,208568,False
func_Bt_0x100005d2e,209830,True
func_Bt_0x100005d30,208479,True
func_Bt_0x100005d32,208159,False
func_Bt_0x100005d34,208786,False
func_Bt_0x100005d3a,209840,False
func_Bt_0x100005d40,209907,True
func_Bt_0x100005d42,209957,False
func_Bt_0x100005d48,208914,False
func_Bt_0x100005d4a,209151,True
func_Bt_0x100005dc9,208363,False
func_Bt_0x100005dcf,208225,False
func_Bt_0x100005dd3,210069,False
func_Bt_0x100005dd9,208790,True
func_Bt_0x100005de1,208945,False
func_Bt_0x100005de5,209449,False
func_Bt_0x100005deb,209334,True
func_Bt_0x100005def,208900,True
func_Bt_0x100005df1,209120,False
func_Bt_0x100005df3,208914,True
func_Bt_0x100005df9,208643,False
func_Bt_0x100005dfb,209436,False
func_Bt_0x100005dfd,208264,False
func_Bt_0x100005e01,208151,False
func_Bt_0x100005e03,208351,False
func_Bt_0x100005e05,209301,False
func_Bt_0x100005e13,209885,False
func_Bt_0x10000663c,208185,False
func_Bt_0x10000664c,209967,True
func_Bt_0x100006b75,208701,False
func_Bt_0x1000072ac,208810,True
func_Bt_0x1000072b4,209919,True
func_Bt_0x100007420,209301,False
func_C0_0x100004f10,209928,False
func_C0_0x100004f12,208266,False
func_C0_0x100004f14,209010,True
func_C0_0x100004f18,209910,True
func_C0_0x100006d36,208209,True
func_C0_0x100006d40,208863,True
func_C0_0x10000770f,209304,True
func_C0_0x100007711,209219,True
func_C_0x100000131,209817,True
func_C_0x10000015e,210011,True
func_C_0x100000162,208468,True
func_C_0x1000001db,208472,True
func_C_0x100000814,208864,False
func_C_0x1000008a5,208178,True
func_C_0x1000008aa,208246,False
func_C_0x100001544,208603,False
func_C_0x100001547,208669,True
func_C_0x1000017e5,209961,True
func_C_0x100001975,209187,True
func_C_0x100001977,209742,True
func_C_0x100001a71,209458,False
func_C_0x100001a73,210088,False
func_C_0x100001a75,208848,False
func_C_0x100001ba1,209445,True
func_C_0x100001c13,208383,False
func_C_0x100001caf,208539,False
func_C_0x100001f44,208813,True
func_C_0x100002a94,209042,True
func_C_0x100002ee8,209614,True
func_C_0x10000305e,209895,True
func_C_0x100003062,208740,True
func_C_0x100003064,209283,True
func_C_0x100003066,210125,True
func_C_0x100003074,208877,True
func_C_0x1000030eb,208321,True
func_C_0x1000030ed,208467,False
func_C_0x1000030ef,208746,True
func_C_0x1000030f1,209447,True
func_C_0x1000030f3,209352,False
func_C_0x1000030f8,208928,True
func_C_0x100003190,209964,False
func_C_0x1000031bd,210098,False
func_C_0x100003239,209254,False
func_C_0x1000036f4,208304,True
func_C_0x100003799,209215,False
func_C_0x100003ac6,209990,True
func_C_0x100003ac8,208418,False
func_C_0x100003aca,208828,False
func_C_0x100003ad0,208567,False
func_C_0x100003dd8,209649,True
func_C_0x100003eb3,208716,False
func_C_0x100003ebb,208248,False
func_C_0x100003ecc,208607,False
func_C_0x100003f4b,208619,True
func_C_0x100003f50,208774,True
func_C_0x100004095,208830,True
func_C_0x1000040a2,208855,True
func_C_0x1000040ba,209530,True
func_C_0x1000041cb,209465,True
func_C_0x100004386,209664,True
func_C_0x1000044f2,208846,True
func_C_0x1000044f8,208570,True
func_C_0x1000045be,209332,True
func_C_0x1000045dd,208546,True
func_C_0x10000469e,208921,True
func_C_0x100004708,208339,False
func_C_0x1000048e6,209169,False
func_C_0x100004e16,209101,True
func_C_0x100005041,208445,True
func_C_0x10000557f,209560,True
func_C_0x10000558c,208306,True
func_C_0x1000055bf,209215,False
func_C_0x1000057ca,209059,False
func_C_0x100005c0a,209748,False
func_C_0x100005c6b,209778,True
func_C_0x100005c6f,208781,True
func_C_0x100005eed,209622,True
func_C_0x100005ef1,209766,True
func_C_0x10000632a,208968,True
func_C_0x1000066b9,209864,False
func_C_0x1000066bd,209338,False
func_C_0x1000066bf,209813,False
func_C_0x1000066c1,208469,True
func_C_0x1000066c3,208451,True
func_C_0x1000066c5,209540,True
func_C_0x1000066c7,209400,False
func_C_0x1000068ea,209902,False
func_C_0x1000068ec,208700,False
func_C_0x1000068f0,208894,True
func_C_0x100006af7,209630,False
func_C_0x100006dea,208851,False
func_C_0x100006efa,208761,False
func_C_0x100007022,209358,True
func_C_0x10000705c,210118,False
func_Ce_0x100003282,209689,False
func_Ce_0x100003a2b,209391,False
func_Ce_0x100003a2f,209240,True
func_Ce_0x100005770,208759,True
func_Ce_0x100005cc2,210102,True
func_Ce_0x100006bf2,208401,False
func_Ce_0x10000734a,209976,True
func_Ce_0x100007350,208635,False
func_Cn_0x100005ad5,209713,True
func_Cn_0x100005b40,209819,True
func_Cn_0x100005b42,208756,False
func_Cn_0x100006474,208380,False
func_Cn_0x10000647d,208922,False
func_Cn_0x10000647f,208881,False
func_Cn_0x1000064ab,208783,False
func_Cn_0x100006c7c,209574,False
func_Cn_0x100006c90,208488,False
func_Cn_0x100006ccc,208758,True
func_Ct_0x100003a20,209042,True
func_Ct_0x100003a64,209414,False
func_Ct_0x100004286,209815,True
func_Ct_0x10000486b,208828,False
func_Ct_0x100004898,210011,False
func_Ct_0x10000489c,208196,True
func_Ct_0x1000048a2,208185,True
func_Ct_0x1000048a4,209389,False
func_Ct_0x1000048aa,209257,True
func_Ct_0x1000048ac,209830,True
func_Ct_0x10000577b,208966,False
func_Ct_0x100005bbf,208482,True
func_Ct_0x100005cc0,209126,True
func_Ct_0x100005cf1,208347,True
func_Ct_0x100005cf7,209011,False
func_Ct_0x100005cf9,209586,False
func_Ct_0x100005d02,208447,False
func_Ct_0x100005d06,209886,True
func_Ct_0x100005d08,209912,False
func_Ct_0x100005d0c,208375,True
func_Ct_0x100005d10,209168,False
func_Ct_0x100005d12,209134,False
func_Ct_0x100005d16,208707,False
func_Ct_0x100005d18,209463,True
func_Ct_0x100005d1c,209075,True
func_Ct_0x100005d20,209600,True
func_Ct_0x100005d24,208229,False
func_Ct_0x100005d26,209645,True
func_Ct_0x100005d28,208441,True
func_Ct_0x100005d44,208695,False
func_Ct_0x100005dc5,209073,True
func_Ct_0x100005dc7,208495,False
func_Ct_0x100005dcb,209744,False
func_Ct_0x100005dcd,208610,False
func_Ct_0x100005dd1,209719,False
func_Ct_0x100005dd5,209073,True
func_Ct_0x100005dd7,210056,False
func_Ct_0x100005ddb,208502,True
func_Ct_0x100005ddd,208710,True
func_Ct_0x100005ddf,209980,False
func_Ct_0x100005de3,209434,True
func_Ct_0x100005de7,210013,False
func_Ct_0x100005de9,208390,True
func_Ct_0x100005ded,209475,False
func_Ct_0x100005df5,209225,True
func_Ct_0x100005df7,209873,True
func_Ct_0x100005dff,209246,True
func_Ct_0x100005e07,208979,True
func_Ct_0x100005e0b,209560,False
func_Ct_0x100005e0d,209668,False
func_Ct_0x1000065b9,208394,False
func_Ct_0x1000072ad,209107,False
func_Ct_0x100007628,208295,True
func_Ct_0x10000762a,208756,True
func_D_0x100000112,208665,False
func_D_0x100000118,209020,True
func_D_0x10000011a,208618,True
func_D_0x10000011e,208898,False
func_D_0x100000149,209247,True
func_D_0x10000014b,208437,True
func_D_0x10000014d,208376,True
func_D_0x10000014f,209057,False
func_D_0x100000291,209457,False
func_D_0x1000002b6,209881,False
func_D_0x1000002ba,209915,True
func_D_0x1000002bc,208323,False
func_D_0x10000151a,209424,True
func_D_0x100001707,208598,False
func_D_0x1000019df,210036,False
func_D_0x100001bf0,209861,False
func_D_0x100001bf9,210011,True
func_D_0x100001bfb,210012,True
func_D_0x100001c30,208451,False
func_D_0x10000253f,209455,False
func_D_0x100002acf,209041,True
func_D_0x100002ad5,208196,False
func_D_0x100002ee9,208884,False
func_D_0x100002eeb,209160,True
func_D_0x100002eed,208781,True
func_D_0x100002fae,210030,False
func_D_0x100003035,209328,False
func_D_0x1000030c3,208667,False
func_D_0x100003162,208405,False
func_D_0x100003166,209390,False
func_D_0x1000031b0,209919,True
func_D_0x1000031b2,208668,False
func_D_0x10000337e,209176,True
func_D_0x1000036c0,208204,False
func_D_0x1000036f7,208686,True
func_D_0x1000036f9,208931,False
func_D_0x100003701,209834,False
func_D_0x100003807,208893,True
func_D_0x1000038c4,208610,False
func_D_0x1000038ca,208977,False
func_D_0x1000038cc,208690,False
func_D_0x1000038d0,208443,True
func_D_0x10000391c,208684,True
func_D_0x100003927,208835,False
func_D_0x100003929,209777,False
func_D_0x100003ad3,208642,True
func_D_0x10000401e,209299,False
func_D_0x10000402e,210096,True
func_D_0x100004189,209722,True
func_D_0x10000418b,208155,False
func_D_0x100004248,209679,True
func_D_0x10000436d,209638,True
func_D_0x10000436f,208449,False
func_D_0x1000045f4,209907,False
func_D_0x1000046a1,209300,True
func_D_0x10000476a,210002,False
func_D_0x100004967,209786,False
func_D_0x100004a9b,208912,True
func_D_0x10000528c,209690,True
func_D_0x100005294,209185,False
func_D_0x1000057a7,208496,True
func_D_0x100005faf,208492,True
func_D_0x10000632b,209156,False
func_D_0x100006333,209302,False
func_D_0x100006337,209862,False
func_D_0x10000633b,208936,False
func_D_0x10000633d,209167,False
func_D_0x10000633f,208183,True
func_D_0x100006341,209442,True
func_D_0x1000068de,209114,True
func_D_0x100006adf,208887,False
func_D_0x100006be6,208982,False
func_D_0x100006f19,208456,True
func_D_0x100006f1d,208236,True
func_D_0x1000073c6,209503,False
func_D_0x1000073cc,208306,False
func_D_0x1000073ce,208486,True
func_D_0x1000073d0,208488,False
func_De_0x100001ec3,208199,True
func_De_0x1000035bf,209489,True
func_De_0x100003636,209921,False
func_De_0x100003638,208190,True
func_De_0x10000363a,209591,False
func_De_0x100003642,208979,False
func_De_0x100003872,208516,False
func_De_0x100003874,208957,True
func_De_0x10000426a,208663,True
func_De_0x1000043e3,209262,True
func_De_0x100004855,210030,True
func_De_0x100005927,208295,True
func_De_0x1000063e0,209159,True
func_De_0x100006645,208382,False
func_De_0x100006b67,208568,False
func_De_0x100006b69,208202,True
func_De_0x100006b6d,209177,False
func_De_0x100006bc3,208840,True
func_De_0x100006bc5,208996,False
func_De_0x100006bc7,209877,True
func_De_0x100006bc9,208286,False
func_De_0x100006bcb,208149,True
func_De_0x100006bcd,208912,True
func_Di_0x100002d7f,209481,False
func_Di_0x100002d8b,209347,True
func_Di_0x100002d8d,209797,True
func_Di_0x100002d93,210080,False
func_Dn_0x100001aa4,210093,True
func_Dn_0x100001ab0,209722,True
func_Dn_0x100004c36,208957,True
func_Dn_0x100004c38,209547,False
func_Dn_0x100004c40,209374,False
func_Dn_0x100004cda,209043,True
func_Dn_0x100006232,209010,True
func_Dn_0x100007573,209090,False
func_Dn_0x1000075aa,209792,False
func_Dt_0x100000487,208918,True
func_Dt_0x10000182f,208184,True
func_Dt_0x100001846,208399,True
func_Dt_0x100004c50,208229,False
func_Dt_0x100005f56,208855,True
func_Dt_0x1000065a0,209814,False
func_E0_0x100002d2e,209005,False
func_E0_0x100002d30,210036,False
func_E0_0x100007744,209136,True
func_E_0x100000128,208892,False
func_E_0x10000012a,208866,True
func_E_0x100000135,208752,False
func_E_0x100000279,209169,True
func_E_0x100000312,208542,True
func_E_0x100000314,208153,False
func_E_0x10000031a,209080,True
func_E_0x10000081d,209363,False
func_E_0x100001983,208420,False
func_E_0x100001993,209340,False
func_E_0x1000019d9,208999,False
func_E_0x1000019db,209104,False
func_E_0x1000019e3,208305,True
func_E_0x100001a45,208532,True
func_E_0x100001a69,208867,True
func_E_0x100001c2d,209677,False
func_E_0x100001d61,209797,True
func_E_0x1000030e6,209201,True
func_E_0x100003191,209648,False
func_E_0x1000036be,209383,False
func_E_0x1000036d0,208328,False
func_E_0x1000036ea,208509,False
func_E_0x1000037ae,208879,True
func_E_0x1000037b0,209967,True
func_E_0x100003817,208592,True
func_E_0x100003baf,208349,False
func_E_0x100003c6c,208165,False
func_E_0x100003cb9,209528,True
func_E_0x100003cc6,209413,False
func_E_0x100003ce9,209511,False
func_E_0x100003e10,209541,False
func_E_0x100003e22,209571,True
func_E_0x100003eaf,208617,True
func_E_0x100003ece,209830,False
func_E_0x100003ed0,209710,False
func_E_0x100003ed2,210089,True
func_E_0x100003ee2,209730,True
func_E_0x100003ef0,208433,False
func_E_0x100003fcd,208635,True
func_E_0x1000040a8,209200,False
func_E_0x1000040c0,208943,True
func_E_0x1000041b4,209523,False
func_E_0x10000425b,209588,True
func_E_0x10000444d,209860,False
func_E_0x100004451,209875,False
func_E_0x1000046ad,209604,True
func_E_0x100004733,208744,False
func_E_0x1000048e7,209500,False
func_E_0x1000048f1,208190,True
func_E_0x10000499d,209682,False
func_E_0x100005497,209705,False
func_E_0x100005499,209950,False
func_E_0x10000556e,209756,True
func_E_0x100005570,209763,True
func_E_0x100005b80,209592,True
func_E_0x100005b83,209993,False
func_E_0x1000060fb,208598,True
func_E_0x1000060ff,210071,True
func_E_0x1000065fa,209702,False
func_E_0x10000670b,209278,False
func_E_0x1000068af,208418,True
func_E_0x10000697e,208837,True
func_E_0x100006f02,208254,False
func_E_0x100006f04,208355,True
func_E_0x100006f08,209250,False
func_E_0x100006f68,209836,True
func_E_0x10000715b,210062,False
func_E_0x100007161,209520,True
func_E_0x100007163,209915,False
func_E_0x1000074ce,208897,True
func_E_0x1000077ea,208251,True
func_E_0x1000077ef,209076,True
func_E_0x1000077f1,209029,True
func_Ee_0x100001661,209187,True
func_Ee_0x100001663,209703,False
func_Ee_0x100001665,208558,True
func_Ee_0x100001667,209717,False
func_Ee_0x100001694,210017,False
func_Ee_0x100001d28,209885,True
func_Ee_0x100001d2a,208266,False
func_Ee_0x100001d2c,208707,False
func_Ee_0x100001e6c,209156,False
func_Ee_0x100001e9b,208277,True
func_Ee_0x100001eb6,209114,False
func_Ee_0x10000256b,210015,True
func_Ee_0x10000261e,209050,True
func_Ee_0x100002f37,209331,True
func_Ee_0x100002f39,209541,False
func_Ee_0x100002f3b,208854,True
func_Ee_0x100002f3d,209658,True
func_Ee_0x100002f3f,208415,False
func_Ee_0x100002f43,208818,False
func_Ee_0x100002f47,209595,True
func_Ee_0x100002f49,208306,True
func_Ee_0x100002f4b,209082,True
func_Ee_0x100002f4d,209423,False
func_Ee_0x100002f4f,208651,True
func_Ee_0x100002f51,208406,False
func_Ee_0x100002f55,208170,False
func_Ee_0x100002f59,208593,True
func_Ee_0x100002f61,208669,True
func_Ee_0x100002f65,210076,False
func_Ee_0x100002f67,208180,False
func_Ee_0x100002f6d,209271,False
func_Ee_0x100002f6f,209294,True
func_Ee_0x100002f73,209740,False
func_Ee_0x100003987,208695,False
func_Ee_0x10000398d,209240,True
func_Ee_0x100003997,209658,True
func_Ee_0x1000039a4,209019,True
func_Ee_0x100005521,208333,False
func_Ee_0x100005531,209087,False
func_Ee_0x100006093,208993,False
func_Ee_0x100006407,208547,False
func_Ee_0x100006409,208682,False
func_Ee_0x1000068a0,208251,True
func_Ee_0x100006e07,209109,True
func_Ee_0x100007337,209572,True
func_Ee_0x10000733d,209397,False
func_Ee_0x10000738f,208570,False
func_Ee_0x1000075f6,208627,True
func_En_0x100002763,210092,False
func_En_0x100002786,208425,False
func_En_0x1000027a7,208678,True
func_En_0x1000027b5,210062,True
func_En_0x100002879,209295,True
func_En_0x1000028a3,209472,True
func_En_0x10000291a,208684,True
func_En_0x100002958,208634,True
func_Et_0x100004f02,208907,True
func_Et_0x100004f0c,208425,False
func_Et_0x100006d08,209889,True
func_Et_0x100006d10,208999,True
func_Et_0x100006d12,208609,False
func_Et_0x100006d14,208712,True
func_Et_0x100006d1a,208286,False
func_Et_0x100006d26,208182,True
func_Et_0x100006d28,208839,False
func_F_0x100000151,208249,False
func_F_0x100000153,209518,True
func_F_0x1000002c9,208538,True
func_F_0x100000825,208130,False
func_F_0x10000153d,210017,False
func_F_0x10000161c,209917,False
func_F_0x1000017e7,208638,False
func_F_0x1000019dd,208999,True
func_F_0x100001bee,208635,False
func_F_0x100001bf2,209631,False
func_F_0x100001c18,208945,False
func_F_0x100001c69,210112,True
func_F_0x100001d52,208159,False
func_F_0x100001d62,209963,True
func_F_0x100001da9,209125,True
func_F_0x10000253d,208990,True
func_F_0x100002a9c,210064,False
func_F_0x100002a9e,209369,False
func_F_0x100002acb,208504,True
func_F_0x100002f83,208829,True
func_F_0x100003077,208568,False
func_F_0x100003081,208236,False
func_F_0x1000030e3,209296,False
func_F_0x100003173,208505,True
func_F_0x1000036f5,209502,True
func_F_0x10000372d,209121,False
func_F_0x10000374d,209449,True
func_F_0x1000038d3,209562,False
func_F_0x100003914,210030,True
func_F_0x100003be4,208876,True
func_F_0x100003c6f,209792,False
func_F_0x100003ceb,208155,False
func_F_0x100003f11,208441,False
func_F_0x100003fe1,208361,True
func_F_0x100004024,209660,True
func_F_0x100004026,209544,False
func_F_0x10000402c,208320,False
func_F_0x10000409c,208935,True
func_F_0x10000418d,209289,False
func_F_0x10000418f,209879,False
func_F_0x100004191,209036,True
func_F_0x100004193,208719,False
func_F_0x100004197,208518,True
func_F_0x10000424a,209105,False
func_F_0x10000424c,209202,False
func_F_0x10000436b,209901,True
func_F_0x100004381,208624,True
func_F_0x1000045f6,209277,False
func_F_0x100004762,209035,False
func_F_0x100004764,208437,False
func_F_0x100004766,209039,True
func_F_0x10000496d,209941,True
func_F_0x100004fbb,210012,False
func_F_0x100005051,209590,False
func_F_0x10000548f,208738,True
func_F_0x1000058d9,209198,False
func_F_0x100005972,209455,False
func_F_0x1000059ba,208141,False
func_F_0x100005d75,209905,False
func_F_0x100006343,209011,False
func_F_0x1000069a1,208363,True
func_F_0x1000073c2,209067,False
func_F_0x1000073c4,209302,False
func_F_0x1000073c8,208817,True
func_F_0x1000073ca,208399,False
func_F_0x1000074de,208736,False
func_Fe_0x100001b05,209761,True
func_Fe_0x100001db0,209682,True
func_Fe_0x100001db2,209615,False
func_Fe_0x100001e16,209029,True
func_Fe_0x100003a40,208890,True
func_Fe_0x100003a75,209987,False
func_Fe_0x100003a8d,208928,True
func_Fe_0x100003a99,209813,False
func_Fe_0x100003a9c,208772,False
func_Fe_0x10000576d,209794,False
func_Fe_0x100005807,209109,True
func_Fe_0x100005be1,208302,True
func_Fe_0x100005cca,208271,False
func_Fe_0x100005cf5,209887,False
func_Fe_0x100005cfb,209926,False
func_Fe_0x100005cfd,209377,False
func_Fe_0x100005d04,209360,False
func_Fe_0x100005d14,209401,True
func_Fe_0x100005d1a,209092,True
func_Fe_0x100005d1e,209536,True
func_Fe_0x100006563,208768,True
func_Fe_0x1000065b2,209039,True
func_Fe_0x1000065b4,209750,False
func_Fe_0x1000066a8,209274,False
func_Fe_0x1000066aa,209289,True
func_Fe_0x1000072b7,209026,True
func_Fe_0x10000762c,209812,True
func_Fn_0x100004c6b,208175,False
func_Fn_0x100004c70,208826,False
func_Fn_0x100005ce1,209463,True
func_Fn_0x100007548,209137,False
func_Fn_0x100007556,208793,True
func_Fn_0x10000755b,209647,False
func_Fn_0x10000755d,209026,False
func_Fn_0x10000755f,209895,False
func_Fn_0x100007561,209152,False
func_Fn_0x100007563,208502,True
func_Fn_0x10000756d,208235,False
func_Fn_0x10000756f,209379,False
func_Fn_0x10000757d,209422,True
func_Fn_0x100007587,208642,False
func_Fn_0x10000758b,209657,True
func_Fn_0x100007593,208158,False
func_Fn_0x100007597,208953,True
func_Fn_0x1000075a1,208204,False
func_Fn_0x1000075b1,209389,False
func_Fn_0x1000075c5,209340,True
func_Ft_0x100005837,209163,True
func_Ft_0x100005841,208879,True
func_Ft_0x100005847,209295,True
func_Ft_0x10000584f,208904,True
func_Ft_0x100005853,209174,False
func_Ft_0x100005a3d,208289,True
func_Ft_0x100005a3f,209567,False
func_Ft_0x100005ac3,209484,False
func_Ft_0x100005ac7,209770,True
func_Ft_0x100005ac9,209344,False
func_Ft_0x100005af6,209347,False
func_Ft_0x100005b37,209696,True
func_Ft_0x100005b65,210048,True
func_Ft_0x100005b6c,209494,True
func_Ft_0x100005b70,209297,True
func_Ft_0x100005b72,209678,True
func_Ft_0x100005b77,209323,False
func_Ft_0x100005e58,208938,False
func_Ft_0x100005e5c,208142,True
func_Ft_0x100005ef7,208945,False
func_Ft_0x100005f1b,209791,True
func_Ft_0x100005f36,208675,False
func_Ft_0x100005f52,209393,False
func_Ft_0x100006467,209234,True
func_Ft_0x10000655d,208326,False
func_Ft_0x100006cd1,209658,True
func_G_0x10000155a,209160,False
func_G_0x10000156c,209857,True
func_G_0x100001cbf,209788,False
func_G_0x10000245e,210110,False
func_G_0x100002469,208952,False
func_G_0x100002ea3,208301,False
func_G_0x100002eab,208341,False
func_G_0x100002eaf,209747,False
func_G_0x100002eb1,208420,True
func_G_0x100002eb3,209947,False
func_G_0x100002ebd,208639,False
func_G_0x100002ec1,208605,False
func_G_0x100002ec5,208784,True
func_G_0x100002ec7,208749,False
func_G_0x100003508,208790,True
func_G_0x10000362a,209643,True
func_G_0x1000039c4,209928,True
func_G_0x100003e5c,209588,False
func_G_0x100003f5d,209001,True
func_G_0x100003f63,209178,True
func_G_0x1000046c1,209459,True
func_G_0x100004ace,208546,False
func_G_0x100004aec,209082,True
func_G_0x100004b2d,209934,False
func_G_0x100004b2f,209346,False
func_G_0x100004b31,208524,True
func_G_0x100004bdb,208431,False
func_G_0x100004df4,209927,True
func_G_0x100004fb4,208332,False
func_G_0x10000530d,210008,False
func_G_0x100005317,208812,False
func_G_0x100005334,208387,False
func_G_0x100005486,209801,False
func_G_0x100005488,209544,True
func_G_0x10000548b,209165,False
func_G_0x1000055e7,208492,True
func_G_0x10000560d,209526,True
func_G_0x10000560f,210081,False
func_G_0x1000056ec,209445,True
func_G_0x1000056ef,209566,True
func_G_0x100005fe0,208732,True
func_G_0x10000613e,209578,False
func_G_0x10000661b,208386,False
func_G_0x10000676a,209138,False
func_G_0x100006782,208897,False
func_G_0x100006e4f,208335,True
func_G_0x100006e5f,209005,True
func_G_0x100006e61,208883,False
func_G_0x100006e6d,209849,True
func_G_0x100006f7f,209418,True
func_G_0x100006f8d,209494,False
func_G_0x100006f90,208597,False
func_G_0x100007030,208925,False
func_G_0x1000070a5,208923,True
func_G_0x100007191,209033,False
func_G_0x100007193,209127,True
func_G_0x10000719b,208957,False
func_G_0x100007476,209275,True
func_G_0x100007478,210089,False
func_G_0x10000747e,208812,False
func_G_0x100007482,209060,True
func_G_0x100007486,208821,True
func_Ge_0x10000063e,208269,True
func_Ge_0x100000640,208607,True
func_Ge_0x100000646,209534,True
func_Ge_0x10000064c,209399,False
func_Ge_0x100000652,209883,False
func_Ge_0x100000656,208439,True
func_Ge_0x100000658,208797,True
func_Ge_0x10000065a,210097,False
func_Ge_0x10000065c,209599,False
func_Ge_0x100000660,209762,True
func_Ge_0x100000668,209239,False
func_Ge_0x100001820,209250,True
func_Ge_0x100002b17,208947,False
func_Ge_0x100002b1b,208491,False
func_Ge_0x100002b20,209055,False
func_Ge_0x100002b24,208638,True
func_Ge_0x100002b26,208992,False
func_Ge_0x100002b2a,209468,False
func_Ge_0x100002b30,209156,False
func_Ge_0x100002b32,208688,False
func_Ge_0x100002b39,209019,False
func_Ge_0x100002b3d,208129,False
func_Ge_0x100002b3f,208349,False
func_Ge_0x100002b41,209413,True
func_Ge_0x100002b53,208488,False
func_Ge_0x100002b57,209710,True
func_Ge_0x100002b59,209736,True
func_Ge_0x100002b5b,209881,True
func_Ge_0x100002c40,210054,False
func_Ge_0x100002c46,209409,False
func_Ge_0x100002c48,208299,False
func_Ge_0x100002c56,209120,False
func_Ge_0x100002c5a,208847,True
func_Ge_0x100002c5e,209213,False
func_Ge_0x100002c62,208705,False
func_Ge_0x100002c64,209711,True
func_Ge_0x100002c6c,208442,False
func_Ge_0x100005ae2,208260,True
func_Ge_0x100006ca1,209491,False
func_Ge_0x100006caa,209842,True
func_Gi_0x100002937,208822,True
func_Gi_0x10000293d,208958,False
func_Gi_0x10000297e,209233,True
func_Gn_0x100004e98,208196,False
func_Gn_0x100006283,209018,False
func_Gn_0x100007684,209353,True
func_Gn_0x1000076e9,209777,True
func_Gn_0x10000776e,208809,True
func_Gn_0x1000077c4,208719,True
func_Gt_0x1000050dd,208218,False
func_Gt_0x10000585e,209909,True
func_Gt_0x100005860,208578,False
func_Gt_0x100005862,208734,False
func_Gt_0x10000586a,208323,True
func_Gt_0x10000586c,208448,False
func_Gt_0x10000586e,208689,False
func_Gt_0x100005870,208418,False
func_Gt_0x10000648f,208212,True
func_Gt_0x100006491,208127,False
func_Gt_0x100006493,208219,True
func_Gt_0x100006cc7,208695,True
func_H_0x1000001f7,208611,False
func_H_0x10000154b,208449,True
func_H_0x1000017d6,208732,True
func_H_0x100001bcb,209459,False
func_H_0x100001c02,208285,True
func_H_0x100001c04,208181,True
func_H_0x100001d67,208341,False
func_H_0x100001d69,209769,True
func_H_0x100001d6d,208694,False
func_H_0x100001d6f,208443,False
func_H_0x100001d88,209656,False
func_H_0x100001d91,208646,True
func_H_0x100001e1d,209062,False
func_H_0x100002429,208452,True
func_H_0x100002444,209415,False
func_H_0x100002466,208796,False
func_H_0x100002c7d,210086,False
func_H_0x100002ef4,209998,False
func_H_0x100002f99,208932,True
func_H_0x100003202,209350,False
func_H_0x100003206,209750,False
func_H_0x100003214,209136,False
func_H_0x1000034f5,210063,True
func_H_0x1000034fb,208723,False
func_H_0x1000034fd,210027,False
func_H_0x100003959,208849,True
func_H_0x100003968,209036,True
func_H_0x1000039be,209794,False
func_H_0x1000039c0,209526,False
func_H_0x100003b09,209823,False
func_H_0x100003b11,209995,False
func_H_0x100003b17,208890,False
func_H_0x100003e90,209638,True
func_H_0x100003e92,209683,True
func_H_0x100003f5a,209508,True
func_H_0x1000046d6,208477,False
func_H_0x1000049dc,208208,False
func_H_0x100004bba,209594,True
func_H_0x100004fdf,208858,False
func_H_0x1000052b0,208905,True
func_H_0x1000053a4,208459,False
func_H_0x1000054be,208570,False
func_H_0x1000054c2,208574,False
func_H_0x1000055da,208841,True
func_H_0x1000055dd,209967,False
func_H_0x100005703,209787,False
func_H_0x100005fc3,208171,True
func_H_0x100006068,209253,True
func_H_0x1000060cc,209071,False
func_H_0x100006386,208415,True
func_H_0x10000671e,209173,True
func_H_0x1000068d7,208337,True
func_H_0x100006955,209971,False
func_H_0x100006aa3,208860,False
func_H_0x100006e1d,209907,True
func_H_0x1000074ed,209571,False
func_H_0x10000751d,209662,False
func_He_0x10000158f,209492,True
func_He_0x1000015a4,208391,False
func_He_0x1000015e1,208333,True
func_He_0x100001683,209026,False
func_He_0x10000169b,208218,False
func_He_0x10000169d,209079,False
func_He_0x1000016a1,209029,True
func_He_0x1000016a3,208490,False
func_He_0x100001e25,209513,False
func_He_0x100001e27,208699,True
func_He_0x100001e2b,210086,False
func_He_0x1000035e9,209860,True
func_He_0x1000035f9,209181,False
func_He_0x100004b36,209616,True
func_He_0x100004b38,209813,True
func_He_0x100004b3c,208204,False
func_He_0x10000573c,208762,True
func_He_0x1000057fa,209185,True
func_He_0x100005800,208175,False
func_He_0x1000059ee,209798,True
func_He_0x100005eb5,208463,True
func_He_0x100005ed3,208183,True
func_He_0x100006560,209339,True
func_He_0x1000067a5,209479,False
func_He_0x1000067a9,208831,True
func_He_0x1000067ab,208838,False
func_He_0x10000682c,209213,False
func_He_0x100006846,209513,True
func_He_0x100006887,209374,True
func_He_0x100006fc9,209287,True
func_Hn_0x10000277e,208760,False
func_Hn_0x1000027cd,208854,False
func_Hn_0x1000028e8,209446,False
func_Hn_0x100002a27,208282,False
func_Ht_0x100001835,209705,True
func_Ht_0x100001a9d,209909,False
func_Ht_0x100001aa1,209762,True
func_Ht_0x100001ade,208278,False
func_Ht_0x100001ae0,208983,False
func_Ht_0x100001ae2,208138,True
func_Ht_0x100004c07,208268,False
func_Ht_0x100004c15,208748,False
func_Ht_0x100004c1b,208864,False
func_Ht_0x100004c1d,209422,True
func_Ht_0x100004c79,208926,False
func_Ht_0x100005cd4,209662,True
func_Ht_0x100005cd6,209223,False
func_Ht_0x100005cdf,209851,False
func_Ht_0x100005ce3,209037,True
func_Ht_0x100005ce9,209051,True
func_Ht_0x100005ced,208884,False
func_Ht_0x1000075b4,209950,False
func_Ht_0x1000075c0,209520,False
func_I0_0x100001dc6,208853,True
func_I0_0x100001dcc,208485,True
func_I0_0x100001dce,209656,True
func_I0_0x100001ddc,209098,True
func_I0_0x100007551,209581,False
func_I_0x100000138,209163,True
func_I_0x100000145,208178,False
func_I_0x1000001cf,209036,True
func_I_0x1000002c7,209680,True
func_I_0x10000031b,210124,False
func_I_0x100001603,208155,True
func_I_0x100001607,208653,False
func_I_0x100001609,209231,False
func_I_0x100001764,209015,True
func_I_0x100001be1,208684,False
func_I_0x100001d64,209718,False
func_I_0x100001d82,208252,True
func_I_0x100003083,209046,True
func_I_0x100003749,208536,True
func_I_0x10000374b,209813,False
func_I_0x1000038be,208258,False
func_I_0x1000038c0,208565,False
func_I_0x100003900,209138,False
func_I_0x100003aee,208399,True
func_I_0x100003cbd,209799,True
func_I_0x100003cc7,209304,False
func_I_0x100003cc9,208414,True
func_I_0x100003ccb,209422,False
func_I_0x100003ccf,209969,True
func_I_0x100003e13,208353,True
func_I_0x100003f0c,208664,False
func_I_0x100003ffb,209742,True
func_I_0x100004022,209437,True
func_I_0x100004028,210081,True
func_I_0x10000402a,208229,False
func_I_0x1000040ac,208203,True
func_I_0x10000422b,210118,False
func_I_0x100004367,208349,True
func_I_0x100004369,210032,False
func_I_0x100004371,208651,True
func_I_0x100004373,208756,True
func_I_0x100004377,208251,False
func_I_0x100004379,209500,False
func_I_0x10000469c,209205,True
func_I_0x100004724,209613,True
func_I_0x100004760,209284,False
func_I_0x100004768,209703,True
func_I_0x1000048ce,208714,True
func_I_0x1000048d4,209143,True
func_I_0x100004969,209458,True
func_I_0x10000496b,208648,False
func_I_0x10000500f,208714,False
func_I_0x10000526f,209309,True
func_I_0x1000060f7,209062,True
func_I_0x1000060fd,209685,True
func_I_0x100006969,209059,False
func_I_0x10000697a,210022,False
func_I_0x100006add,209773,True
func_I_0x100006bea,208196,False
func_I_0x100007024,209706,True
func_I_0x1000073bf,210082,True
func_I_0x1000074cc,209048,True
func_Ie_0x100002e46,208674,False
func_Ie_0x100002e61,208544,True
func_Ie_0x100004e9b,208218,False
func_Ie_0x100004ea1,208547,True
func_Ie_0x100004ea3,209372,False
func_Ie_0x100004ea5,208532,False
func_Ie_0x100004eab,208466,True
func_Ie_0x100004eb9,208844,False
func_Ie_0x100004ebd,208481,False
func_Ie_0x100004ec1,209151,False
func_Ie_0x100004ec3,209000,True
func_Ie_0x100004ec5,209777,False
func_Ie_0x100004ecb,208363,True
func_Ie_0x100004ecd,209692,True
func_Ie_0x100004ed1,209621,False
func_Ie_0x100004ed3,210001,True
func_Ie_0x100004ed5,208310,True
func_Ie_0x100004ed7,208748,True
func_Ie_0x100004edb,208469,False
func_Ie_0x100004edd,209008,True
func_Ie_0x100004edf,209903,False
func_Ie_0x100004eeb,209964,False
func_Ie_0x100004eef,209985,False
func_Ie_0x100004ef3,209474,False
func_Ie_0x100004efb,209547,True
func_Ie_0x100004f1d,209770,True
func_Ie_0x100004f1f,208878,False
func_Ie_0x100004f21,209374,False
func_Ie_0x100004f23,209426,False
func_Ie_0x100004f29,208154,True
func_Ie_0x100004f83,209911,True
func_Ie_0x100004f85,208429,False
func_Ie_0x100004f87,208181,False
func_Ie_0x100004f89,209450,True
func_Ie_0x100004f93,208876,False
func_Ie_0x100004f9b,208708,True
func_Ie_0x100006259,209524,False
func_Ie_0x10000625d,208206,True
func_Ie_0x10000626a,209940,True
func_Ie_0x10000628a,208314,False
func_Ie_0x1000076ee,209393,False
func_Ie_0x10000776a,209638,True
func_Ie_0x10000777f,208780,True
func_Ii_0x100007735,209078,True
func_In_0x10000063d,209989,True
func_In_0x10000069d,209991,False
func_In_0x1000025d1,208495,True
func_In_0x1000025f7,209139,True
func_In_0x100002605,208796,True
func_In_0x100002607,208804,False
func_In_0x10000260d,208611,True
func_In_0x100002617,209298,True
func_In_0x100005b02,209164,True
func_In_0x100005b1f,208644,False
func_In_0x100005b21,209748,False
func_In_0x100005b23,209161,True
func_In_0x1000064a9,208224,False
func_It_0x100001ac8,208330,True
func_It_0x100001de1,208556,True
func_It_0x100003298,208346,False
func_It_0x1000032a4,209428,False
func_It_0x1000032aa,209076,True
func_It_0x1000032ac,209281,False
func_It_0x1000032ae,209816,True
func_It_0x1000032b0,209138,True
func_It_0x1000032b4,208171,False
func_It_0x1000032b6,208989,True
func_It_0x1000032be,210043,True
func_It_0x1000032c6,209622,True
func_It_0x1000032ca,208507,False
func_It_0x1000032ce,208294,True
func_It_0x1000032d0,208321,False
func_It_0x1000032d2,209199,False
func_It_0x1000032da,209355,True
func_It_0x1000032e0,209247,True
func_It_0x1000032e2,209787,True
func_It_0x1000032e8,208310,False
func_It_0x1000032ea,208751,False
func_It_0x1000032f0,209405,True
func_It_0x1000032f4,208670,True
func_It_0x1000032f8,208238,False
func_It_0x1000032fa,208302,True
func_It_0x1000032fc,209370,False
func_It_0x1000032fe,208988,False
func_It_0x100003302,209339,True
func_It_0x100003304,209007,False
func_It_0x10000330a,209075,True
func_It_0x100003a4e,208135,False
func_It_0x100003a50,210115,False
func_It_0x100003a52,208245,True
func_It_0x100003a6d,208724,True
func_It_0x100003a78,208373,False
func_It_0x100003a7b,209879,True
func_It_0x100004c04,208870,False
func_It_0x100004c0d,208865,False
func_It_0x100004c10,208843,True
func_It_0x100004c60,208322,True
func_It_0x100004c65,209352,False
func_It_0x100004c67,209150,True
func_It_0x100004cc9,209983,False
func_It_0x100004ccc,210066,False
func_It_0x100004ce8,209974,False
func_It_0x100005cbb,208699,False
func_It_0x10000663f,209726,False
func_It_0x100006bf3,208683,True
func_It_0x100007364,209579,False
func_J0_0x100002d43,208882,False
func_J0_0x100006cf9,208397,True
func_J_0x1000019a9,208528,False
func_J_0x1000019ab,208517,False
func_J_0x1000019ae,208190,False
func_J_0x1000019b4,209214,True
func_J_0x1000019c9,208140,True
func_J_0x100001be2,208556,True
func_J_0x100001c19,209415,False
func_J_0x100001d54,209399,False
func_J_0x100001d66,209926,True
func_J_0x100002aef,210042,False
func_J_0x100002fb3,209349,True
func_J_0x100003042,208210,True
func_J_0x1000030ae,208407,False
func_J_0x1000030c6,209712,True
func_J_0x100003112,209471,False
func_J_0x10000343e,208583,False
func_J_0x1000036c1,209133,False
func_J_0x1000037e5,208847,False
func_J_0x1000038f3,208710,False
func_J_0x100003920,209935,True
func_J_0x100003971,209259,True
func_J_0x100003ae3,208699,False
func_J_0x100003ae7,209722,True
func_J_0x100003be0,209412,False
func_J_0x100003c04,209211,True
func_J_0x100003f6f,208142,False
func_J_0x100003fc9,208178,True
func_J_0x1000046b6,209478,True
func_J_0x100004fb1,208277,True
func_J_0x10000505a,208818,False
func_J_0x10000505c,208467,False
func_J_0x10000505e,208582,False
func_J_0x100005291,208708,False
func_J_0x10000547d,208254,True
func_J_0x100005560,209959,True
func_J_0x1000056d7,209161,True
func_J_0x1000056e4,208580,False
func_J_0x1000056e7,210041,False
func_J_0x100005714,208195,False
func_J_0x100005949,209367,True
func_J_0x100005969,208296,False
func_J_0x10000596d,209545,True
func_J_0x100005c1a,208879,True
func_J_0x1000067c2,208592,False
func_J_0x1000067ca,209482,True
func_J_0x100006923,208335,False
func_J_0x1000069a3,208569,True
func_J_0x1000069c2,209240,False
func_J_0x100007512,208804,False
func_Je_0x100000485,209781,True
func_Je_0x1000018bc,209283,False
func_Je_0x100004c52,208798,True
func_Je_0x100005839,209886,True
func_Je_0x10000583f,208623,True
func_Je_0x100005855,208704,False
func_Je_0x100005857,208449,True
func_Je_0x100005afa,208362,True
func_Je_0x100005b4d,208161,True
func_Je_0x100005b6e,209724,True
func_Je_0x100005f01,209423,True
func_Je_0x100005f03,209033,False
func_Je_0x100005f0b,208137,False
func_Je_0x100005f0f,209303,True
func_Je_0x100005f13,208455,True
func_Je_0x100005f15,208486,False
func_Je_0x100005f1f,208710,False
func_Je_0x100005f21,209793,True
func_Je_0x100005f23,208352,False
func_Je_0x100005f34,208811,True
func_Je_0x100005f40,209626,True
func_Je_0x100005f46,208262,False
func_Je_0x100005f48,208882,True
func_Je_0x100005f4c,209810,False
func_Je_0x100005f50,208603,False
func_Je_0x10000654a,208623,True
func_Je_0x1000065a3,209299,True
func_Je_0x100006cb0,209390,False
func_Jn_0x100000642,209362,False
func_Jn_0x10000064e,208556,True
func_Jn_0x1000025af,209394,True
func_Jn_0x100002b4d,209674,False
func_Jn_0x100002b4f,208217,False
func_Jn_0x100002b51,208549,False
func_Jn_0x100005aeb,208197,False
func_Jt_0x100001f6d,208788,False
func_Jt_0x100004e99,208664,True
func_Jt_0x100004f1b,208283,True
func_Jt_0x100004f25,210112,False
func_Jt_0x100004f27,208432,True
func_Jt_0x100004f45,209967,True
func_Jt_0x100004f7f,209631,True
func_Jt_0x100004f81,209172,False
func_Jt_0x100004f91,209823,True
func_Jt_0x100004f95,209490,False
func_Jt_0x100004f97,208933,False
func_Jt_0x100004f99,209956,False
func_Jt_0x100004f9d,208938,True
func_Jt_0x100005884,209951,False
func_Jt_0x10000588c,209888,True
func_Jt_0x10000626c,210111,True
func_Jt_0x10000626e,209054,True
func_Jt_0x1000076ec,209600,False
func_Jt_0x1000076f0,209848,False
func_Jt_0x1000076f2,209161,False
func_Jt_0x100007778,209025,False
func_Jt_0x100007783,208738,True
func_K_0x10000020a,209566,True
func_K_0x10000173f,209408,False
func_K_0x100001745,209151,True
func_K_0x100001749,208423,False
func_K_0x10000174d,209555,False
func_K_0x10000174f,209330,False
func_K_0x100001d03,208203,False
func_K_0x100002fa1,209513,False
func_K_0x1000031d4,208614,True
func_K_0x1000034d9,208430,False
func_K_0x10000405b,208927,True
func_K_0x10000432a,209295,True
func_K_0x100004abf,208904,True
func_K_0x100004ae8,208523,False
func_K_0x100004e01,208782,False
func_K_0x100004e32,209987,True
func_K_0x100004e36,208645,False
func_K_0x100004e38,208875,False
func_K_0x10000532f,209046,False
func_K_0x1000054cc,209317,False
func_K_0x1000054ce,209598,True
func_K_0x1000055b3,209767,True
func_K_0x1000055b5,209682,True
func_K_0x1000055bb,208261,True
func_K_0x100005fde,208801,False
func_K_0x100006098,208211,True
func_K_0x1000061c5,209725,False
func_K_0x1000061c7,209820,False
func_K_0x1000066fc,208959,True
func_K_0x100006704,209681,True
func_K_0x100006746,209378,False
func_K_0x100006771,208851,True
func_K_0x1000067b1,209288,False
func_K_0x1000067fc,209662,False
func_K_0x10000695a,208727,False
func_K_0x100006a41,209572,False
func_K_0x100006a45,209993,False
func_K_0x10000717a,209863,False
func_K_0x1000072ea,209189,False
func_K_0x1000073ab,210037,False
func_K_0x1000073b1,209377,True
func_Ke_0x100001d35,209167,True
func_Ke_0x100001d39,208681,True
func_Ke_0x100001d3b,209997,True
func_Ke_0x100001ea2,209670,False
func_Ke_0x100002fde,208318,True
func_Ke_0x1000035bc,209797,False
func_Ke_0x100003888,208651,True
func_Ke_0x100004833,209030,True
func_Ke_0x100004844,208589,False
func_Ke_0x1000048b5,208637,False
func_Ke_0x10000591e,209556,True
func_Ke_0x100005bb0,209370,True
func_Ke_0x100005bb2,209285,True
func_Ke_0x100005bb6,209792,False
func_Ke_0x1000063e2,208653,False
func_Ke_0x1000063fb,209045,True
func_Ke_0x1000063ff,209268,False
func_Ke_0x100006401,208232,False
func_Ke_0x100007108,209987,True
func_Ke_0x10000710c,209098,False
func_Kn_0x100004f6c,209781,False
func_Kn_0x100004f74,210117,True
func_Kn_0x1000051c3,209552,True
func_Kn_0x100007761,209798,True
func_Kt_0x100000648,209830,True
func_Kt_0x10000066a,209603,False
func_Kt_0x100002b19,209890,True
func_Kt_0x100002b28,208918,True
func_Kt_0x100002b49,209443,False
func_Kt_0x100002b65,208391,False
func_Kt_0x100002c3e,208871,True
func_Kt_0x100002c4e,208800,True
func_Kt_0x100002c52,210028,True
func_Kt_0x100002c58,209950,True
func_Kt_0x100002c60,209584,False
func_Kt_0x100002c66,208811,False
func_Kt_0x100002c68,209696,False
func_Kt_0x100002c6a,208188,True
func_Kt_0x100002c6e,209880,False
func_Kt_0x100005859,208243,True
func_L0_0x10000235d,208890,True
func_L_0x1000001f3,208139,True
func_L_0x100000224,209081,False
func_L_0x100000226,209101,False
func_L_0x100000228,208299,True
func_L_0x100001bb4,209860,False
func_L_0x100001c43,209492,False
func_L_0x100001c45,208303,False
func_L_0x100001c47,209430,False
func_L_0x100001c49,208726,False
func_L_0x100001cb4,208806,False
func_L_0x100001cb6,209930,True
func_L_0x100001cb8,209900,True
func_L_0x100001ce8,208245,True
func_L_0x100002520,210098,True
func_L_0x100002526,208779,True
func_L_0x100002aa1,209109,True
func_L_0x100002c83,210007,False
func_L_0x100002c95,208802,False
func_L_0x100002c99,209815,True
func_L_0x100002ca1,209528,False
func_L_0x100003115,209280,True
func_L_0x1000031c6,208177,True
func_L_0x1000035a5,209539,True
func_L_0x1000035b3,209021,True
func_L_0x100003675,209277,False
func_L_0x1000036a1,208333,False
func_L_0x1000036a6,209515,False
func_L_0x10000372e,209640,False
func_L_0x100003730,209309,True
func_L_0x100003734,208669,False
func_L_0x10000373a,208557,True
func_L_0x1000037d5,209644,False
func_L_0x100003cec,208985,False
func_L_0x100003e14,209751,True
func_L_0x10000404c,208822,False
func_L_0x10000491c,209959,False
func_L_0x100004a71,208255,True
func_L_0x100004bd7,209556,False
func_L_0x100004d14,208534,False
func_L_0x100004d24,208681,True
func_L_0x100004e2b,208749,True
func_L_0x100004e2d,209625,True
func_L_0x100004e2f,209612,True
func_L_0x100004fde,208769,True
func_L_0x1000055fa,209628,True
func_L_0x1000055fc,208276,True
func_L_0x100005718,208296,True
func_L_0x100005c3c,208778,True
func_L_0x100005fd5,210086,True
func_L_0x100005fdb,208955,True
func_L_0x100006065,209296,True
func_L_0x1000060ae,208330,False
func_L_0x1000060d8,209503,True
func_L_0x1000060dc,208797,True
func_L_0x10000636d,208936,False
func_L_0x100006616,208953,False
func_L_0x10000661f,209443,False
func_L_0x100006627,208319,False
func_L_0x100006629,208584,False
func_L_0x10000662b,208376,False
func_L_0x100006718,209789,False
func_L_0x10000675a,208687,True
func_L_0x10000677a,208528,True
func_L_0x1000067d7,208597,True
func_L_0x100006a36,209375,True
func_L_0x10000702b,209608,True
func_L_0x1000074d1,208306,False
func_L_0x1000074df,208259,True
func_L_0x1000074e7,210109,True
func_Le_0x100002778,208203,False
func_Le_0x100002784,209860,False
func_Le_0x100002792,209422,False
func_Le_0x100002797,209159,False
func_Le_0x10000279f,209482,False
func_Le_0x1000027a3,208257,False
func_Le_0x1000027bd,208837,True
func_Le_0x1000027c5,209155,True
func_Le_0x1000027c7,209948,False
func_Le_0x1000027ef,209334,True
func_Le_0x1000027f1,208733,True
func_Le_0x10000280d,209756,True
func_Le_0x10000280f,209130,False
func_Le_0x100002815,209378,False
func_Le_0x10000281d,209257,False
func_Le_0x10000281f,208988,True
func_Le_0x100002821,209341,False
func_Le_0x100002823,210114,False
func_Le_0x10000283b,209112,False
func_Le_0x10000283d,208620,False
func_Le_0x100002843,209833,True
func_Le_0x100002846,209196,False
func_Le_0x10000284c,208150,False
func_Le_0x100002852,208715,True
func_Le_0x100002858,209026,True
func_Le_0x10000285b,208160,True
func_Le_0x100002861,208451,False
func_Le_0x10000286d,208214,True
func_Le_0x100002881,208945,False
func_Le_0x100002883,209921,False
func_Le_0x100002885,209151,False
func_Le_0x10000288b,209112,True
func_Le_0x10000288d,208574,True
func_Le_0x100002897,208265,True
func_Le_0x1000028a5,208797,True
func_Le_0x1000028ab,209099,False
func_Le_0x1000028ad,208176,True
func_Le_0x1000028b3,208153,True
func_Le_0x1000028bc,209670,True
func_Le_0x1000028ca,208381,False
func_Le_0x1000028ce,209936,False
func_Le_0x1000028e4,209118,True
func_Le_0x1000028ed,208804,False
func_Le_0x1000028f5,209428,True
func_Le_0x1000028f8,209176,True
func_Le_0x100002903,209665,True
func_Le_0x100002909,209978,True
func_Le_0x10000290b,208968,True
func_Le_0x10000291f,208548,False
func_Le_0x10000292b,208499,True
func_Le_0x10000294a,209715,True
func_Le_0x100002951,209511,True
func_Le_0x10000295e,209762,False
func_Le_0x100002962,209890,False
func_Le_0x100002967,208476,False
func_Le_0x100002989,209548,False
func_Le_0x10000298c,209490,True
func_Le_0x1000029ac,208628,False
func_Le_0x1000029ae,208253,True
func_Le_0x1000029b0,209616,False
func_Le_0x1000029b9,208742,True
func_Le_0x1000029c4,209517,True
func_Le_0x1000029c8,208476,True
func_Le_0x1000029ca,208976,True
func_Le_0x100002a39,208333,False
func_Li_0x100002403,208174,True
func_Ln_0x10000066c,208423,True
func_Ln_0x100002b47,209302,True
func_Ln_0x100006497,208766,True
func_Ln_0x100006499,208389,True
func_Ln_0x1000064a0,209611,True
func_Ln_0x100006cb4,210032,False
func_Lo_0x10000299b,210087,True
func_Lo_0x1000029a5,209073,False
func_Lt_0x1000020a1,208211,True
func_Lt_0x1000020c0,209465,False
func_Lt_0x1000020cc,208440,True
func_Lt_0x1000020cf,210022,False
func_Lt_0x1000020db,210017,True
func_Lt_0x1000020e1,208958,True
func_Lt_0x1000020e3,208186,True
func_Lt_0x1000020e5,208171,False
func_Lt_0x1000020e7,209660,False
func_Lt_0x1000020f1,209299,False
func_Lt_0x1000020f7,208776,True
func_Lt_0x1000020ff,209737,True
func_Lt_0x100002101,208633,False
func_Lt_0x100002103,209073,False
func_Lt_0x100002107,208950,False
func_Lt_0x10000210b,209171,False
func_Lt_0x100002113,208950,True
func_Lt_0x100002115,208147,False
func_Lt_0x100002117,209305,True
func_Lt_0x10000211f,210123,False
func_Lt_0x100002123,208414,True
func_Lt_0x10000212d,209426,False
func_Lt_0x10000213b,209727,False
func_Lt_0x10000213f,208969,False
func_Lt_0x100002143,209689,True
func_Lt_0x10000214d,208675,True
func_Lt_0x100002153,209036,False
func_Lt_0x10000215d,208499,True
func_Lt_0x100002169,209735,False
func_Lt_0x100002171,208202,False
func_Lt_0x10000217f,209050,True
func_Lt_0x100002189,208341,False
func_Lt_0x10000218d,208307,True
func_Lt_0x100002193,210122,True
func_Lt_0x100002195,208784,True
func_Lt_0x10000219d,209453,False
func_Lt_0x1000021a3,208981,False
func_Lt_0x1000021a9,209367,False
func_Lt_0x1000021ab,209096,True
func_Lt_0x1000021b1,209165,True
func_Lt_0x1000021b5,209245,False
func_Lt_0x1000021b7,208652,False
func_Lt_0x1000021b9,208908,True
func_Lt_0x1000021bf,209792,True
func_Lt_0x1000021c1,209180,True
func_Lt_0x1000021c5,209941,False
func_Lt_0x1000021c7,209745,True
func_Lt_0x1000021c9,209482,False
func_Lt_0x1000021cb,208327,False
func_Lt_0x1000021cf,208747,False
func_Lt_0x1000021d1,208192,False
func_Lt_0x1000021d5,209071,False
func_Lt_0x1000021d9,209417,False
func_Lt_0x1000021db,208502,False
func_Lt_0x1000021dd,208510,True
func_Lt_0x1000021df,208744,True
func_Lt_0x1000021e5,209596,True
func_Lt_0x1000021e7,209742,True
func_Lt_0x1000021e9,209906,False
func_Lt_0x1000021eb,208360,True
func_Lt_0x1000021ef,209516,False
func_Lt_0x1000021f1,209621,True
func_Lt_0x1000021f3,208784,False
func_Lt_0x1000021f5,208287,True
func_Lt_0x1000021f9,208162,False
func_Lt_0x1000021ff,209755,True
func_Lt_0x100002201,209609,True
func_Lt_0x100002203,209132,True
func_Lt_0x10000220b,209047,False
func_Lt_0x100002211,209771,True
func_Lt_0x100002215,209349,False
func_Lt_0x100002217,209494,False
func_Lt_0x100002219,208667,True
func_Lt_0x10000221f,210025,False
func_Lt_0x100002225,209590,True
func_Lt_0x100002229,209306,False
func_Lt_0x100002231,208848,True
func_Lt_0x100002235,210004,True
func_Lt_0x100002237,209313,True
func_Lt_0x100002239,209760,False
func_Lt_0x10000223b,208977,False
func_Lt_0x100002249,210016,False
func_Lt_0x10000224d,208979,False
func_Lt_0x100002253,209438,True
func_Lt_0x100002259,208647,True
func_Lt_0x10000225d,209031,False
func_Lt_0x100002261,209419,True
func_Lt_0x100002263,208965,False
func_Lt_0x10000226b,209238,False
func_Lt_0x10000226d,208265,False
func_Lt_0x100002271,208637,True
func_Lt_0x100002273,209584,False
func_Lt_0x100002275,209719,False
func_Lt_0x100002277,208501,True
func_Lt_0x100002279,209898,False
func_Lt_0x10000227b,209742,False
func_Lt_0x100002281,209353,True
func_Lt_0x100002283,208313,False
func_Lt_0x100002285,208934,True
func_Lt_0x100002287,209118,True
func_Lt_0x100002289,209910,True
func_Lt_0x10000228d,208816,True
func_Lt_0x100002291,209349,False
func_Lt_0x100002295,209790,False
func_Lt_0x100002299,209211,True
func_Lt_0x10000229f,208990,False
func_Lt_0x1000022a1,208658,False
func_Lt_0x1000022a3,209048,False
func_Lt_0x1000022a5,209851,True
func_Lt_0x1000022a7,208355,True
func_Lt_0x1000022a9,208438,True
func_Lt_0x1000022ad,208317,True
func_Lt_0x1000022b7,209012,True
func_Lt_0x1000022bd,208788,False
func_Lt_0x1000022bf,209726,True
func_Lt_0x1000022c3,209653,False
func_Lt_0x1000022c7,208418,False
func_Lt_0x1000022c9,209309,False
func_Lt_0x1000022cd,208942,True
func_Lt_0x1000022d7,209191,True
func_Lt_0x1000022db,209310,True
func_Lt_0x1000022df,209727,True
func_Lt_0x1000022e1,208586,True
func_Lt_0x1000022e5,209723,True
func_Lt_0x1000022e9,209542,True
func_Lt_0x1000022eb,208243,True
func_Lt_0x1000022ef,210052,True
func_Lt_0x1000022f3,209570,False
func_Lt_0x1000022f7,210077,True
func_Lt_0x1000022fb,208441,True
func_Lt_0x1000022ff,208360,True
func_Lt_0x100002301,208834,True
func_Lt_0x100002305,209209,False
func_Lt_0x100002307,208373,False
func_Lt_0x100002311,208680,True
func_Lt_0x100002313,209432,True
func_Lt_0x100002315,208707,True
func_Lt_0x10000231b,209591,False
func_Lt_0x10000231d,208317,True
func_Lt_0x100002321,208400,False
func_Lt_0x100002323,209999,False
func_Lt_0x100002325,209046,False
func_Lt_0x10000232b,208327,True
func_Lt_0x10000232d,209453,False
func_Lt_0x10000232f,208681,True
func_Lt_0x100002331,209839,True
func_Lt_0x100002335,208311,True
func_Lt_0x10000233d,208861,False
func_Lt_0x100002342,209445,True
func_Lt_0x100002344,209486,True
func_Lt_0x100002350,208331,True
func_Lt_0x100002354,208311,True
func_Lt_0x100002407,208815,False
func_Lt_0x10000240f,208376,True
func_Lt_0x100002415,209168,True
func_M0_0x100002093,209469,False
func_M0_0x1000020aa,208458,True
func_M0_0x1000020c4,208159,True
func_M_0x100000200,209602,True
func_M_0x1000017d7,209312,False
func_M_0x1000017d9,208610,True
func_M_0x1000018d5,209966,True
func_M_0x100001cf0,209338,False
func_M_0x100001d14,209648,False
func_M_0x100002536,208282,True
func_M_0x100003506,208429,False
func_M_0x100003509,208482,False
func_M_0x10000362b,209353,False
func_M_0x10000362d,209761,False
func_M_0x100003f5f,208709,True
func_M_0x100003f65,208227,False
func_M_0x100004046,209953,False
func_M_0x100004082,208930,True
func_M_0x100004301,208640,False
func_M_0x10000430f,209180,False
func_M_0x100004317,209059,True
func_M_0x100004319,209269,True
func_M_0x100004324,208823,True
func_M_0x100004330,208164,False
func_M_0x10000433e,209262,False
func_M_0x1000046c4,209767,True
func_M_0x1000046c6,209633,True
func_M_0x100004aba,209407,False
func_M_0x100004da7,209323,False
func_M_0x100004e04,210068,True
func_M_0x100004e3a,208141,False
func_M_0x100004e3c,208933,True
func_M_0x1000052ff,208740,False
func_M_0x100005325,208951,False
func_M_0x1000054d4,209772,True
func_M_0x1000056f3,208754,False
func_M_0x10000601c,208582,False
func_M_0x100006026,208327,False
func_M_0x10000602a,208272,True
func_M_0x100006198,209137,False
func_M_0x100006619,209466,True
func_M_0x1000066ee,208748,False
func_M_0x1000066f1,209225,False
func_M_0x10000673c,208391,False
func_M_0x10000676d,209633,True
func_M_0x10000677d,208294,True
func_M_0x100006780,208166,False
func_M_0x100006818,209797,False
func_M_0x100006e55,209127,True
func_Me_0x100001e4c,208384,True
func_Me_0x100001e8f,209103,True
func_Me_0x100001e91,208947,False
func_Me_0x100001ead,208941,True
func_Me_0x100002feb,209501,False
func_Me_0x100002fee,208812,True
func_Me_0x100002ff6,209625,False
func_Me_0x100002ffa,208174,False
func_Me_0x100003551,208431,True
func_Me_0x100003555,208670,False
func_Me_0x100003557,208829,False
func_Me_0x100003579,208374,True
func_Me_0x10000357d,209714,True
func_Me_0x100003587,209825,True
func_Me_0x100003869,209062,True
func_Me_0x100003880,208156,True
func_Me_0x100003890,210124,True
func_Me_0x1000038a2,209077,True
func_Me_0x1000038ac,209652,False
func_Me_0x1000039a9,208745,True
func_Me_0x1000042a0,209426,True
func_Me_0x1000042a7,209628,False
func_Me_0x1000042f1,208634,False
func_Me_0x1000042f9,209431,True
func_Me_0x100005899,209737,False
func_Me_0x100006ee2,209727,False
func_Me_0x10000710f,209874,True
func_Me_0x100007113,208527,False
func_Me_0x100007115,210104,False
func_Me_0x100007117,208215,False
func_Me_0x10000711b,209559,True
func_Me_0x10000711f,208473,True
func_Me_0x100007125,208170,False
func_Me_0x10000712b,208629,True
func_Me_0x100007132,208190,True
func_Me_0x100007394,209901,False
func_Me_0x1000075f7,208904,True
func_Me_0x1000075fb,209689,True
func_Me_0x1000075ff,209780,True
func_Me_0x100007605,208856,True
func_Me_0x100007611,208531,False
func_Me_0x100007620,209829,True
func_Mn_0x100004c06,209374,False
func_Mn_0x100004cc3,208933,True
func_Mn_0x100005bda,210054,False
func_Mn_0x100005cd1,210018,True
func_Mn_0x100005cde,208199,False
func_Mn_0x10000736a,208909,False
func_Mt_0x100001de2,208285,False
func_Mt_0x100003296,208292,True
func_Mt_0x10000329a,209105,True
func_Mt_0x10000329c,209544,True
func_Mt_0x10000329e,208140,False
func_Mt_0x1000032a0,209159,False
func_Mt_0x1000032a2,208305,True
func_Mt_0x1000032a6,209119,True
func_Mt_0x1000032a8,208643,False
func_Mt_0x1000032b2,208382,True
func_Mt_0x1000032b8,209537,False
func_Mt_0x1000032ba,209578,False
func_Mt_0x1000032bc,208643,False
func_Mt_0x1000032c0,209390,True
func_Mt_0x1000032c2,209130,True
func_Mt_0x1000032c4,208547,False
func_Mt_0x1000032c8,209642,False
func_Mt_0x1000032cc,208421,True
func_Mt_0x1000032d4,208133,True
func_Mt_0x1000032d6,208137,True
func_Mt_0x1000032d8,209558,True
func_Mt_0x1000032dc,208416,True
func_Mt_0x1000032de,208734,False
func_Mt_0x1000032e4,208597,False
func_Mt_0x1000032e6,209995,True
func_Mt_0x1000032ec,208496,False
func_Mt_0x1000032ee,208450,False
func_Mt_0x1000032f2,209075,False
func_Mt_0x1000032f6,209184,True
func_Mt_0x100003300,208855,False
func_Mt_0x100003306,209385,False
func_Mt_0x100003308,209579,True
func_Mt_0x100003a39,208435,True
func_Mt_0x100003a4c,209026,True
func_Mt_0x10000486c,208743,False
func_Mt_0x100004c13,208554,False
func_Mt_0x100004c26,209395,True
func_Mt_0x100004c2a,209766,True
func_Mt_0x100004c45,208861,True
func_Mt_0x100004cd4,209570,False
func_Mt_0x100004cdf,209010,True
func_Mt_0x100004ce4,210117,False
func_Mt_0x100004ce6,209390,True
func_Mt_0x100004cf2,208240,False
func_Mt_0x100005774,208485,False
func_Mt_0x100005bd6,210088,False
func_Mt_0x100005cc5,210092,True
func_Mt_0x100007270,209904,False
func_Mt_0x100007274,208234,True
func_Mt_0x100007353,208514,False
func_Mt_0x100007369,208519,True
func_N0_0x100002cfc,210065,True
func_N0_0x100007789,210076,False
func_N_0x1000001c4,209820,False
func_N_0x1000001c7,208163,False
func_N_0x1000001f2,208354,True
func_N_0x1000002c2,208672,True
func_N_0x1000019c2,209006,False
func_N_0x1000019c7,209670,False
func_N_0x1000019cb,208428,True
func_N_0x100001c1d,208198,True
func_N_0x100001c21,209146,True
func_N_0x100002505,208415,False
func_N_0x100002ae7,209314,True
func_N_0x100002b14,209370,False
func_N_0x100002efb,209150,True
func_N_0x100003012,209516,False
func_N_0x100003036,208451,False
func_N_0x10000303a,209362,True
func_N_0x100003040,209998,True
func_N_0x1000030a8,208787,True
func_N_0x1000030ce,208333,False
func_N_0x1000030fb,208377,False
func_N_0x100003134,208593,False
func_N_0x10000337f,209373,True
func_N_0x100003381,209662,False
func_N_0x100003383,208575,True
func_N_0x100003385,210002,True
func_N_0x100003440,209825,False
func_N_0x1000037ca,208984,True
func_N_0x1000037d8,208593,True
func_N_0x1000037ea,209683,False
func_N_0x1000037ec,208677,False
func_N_0x1000037ee,208328,False
func_N_0x1000038f6,208334,True
func_N_0x100003add,210113,False
func_N_0x100003adf,208846,False
func_N_0x100003ae5,209676,False
func_N_0x100003be5,208774,True
func_N_0x100003bfc,210021,True
func_N_0x100003c00,209827,False
func_N_0x100003c21,208963,True
func_N_0x100003f1c,208768,True
func_N_0x100003fce,209721,False
func_N_0x1000040aa,208961,False
func_N_0x100004387,209912,True
func_N_0x10000438a,209763,True
func_N_0x1000043ff,209009,False
func_N_0x1000045fa,208860,False
func_N_0x1000049d8,209212,False
func_N_0x100005054,208849,True
func_N_0x100005056,208192,True
func_N_0x1000054bb,208545,False
func_N_0x10000555c,209625,False
func_N_0x10000555e,209547,False
func_N_0x1000056e2,208796,False
func_N_0x10000570e,208750,False
func_N_0x100005945,208353,True
func_N_0x100005c01,210030,False
func_N_0x10000607f,208769,True
func_N_0x100006097,208872,True
func_N_0x1000067cc,209901,False
func_N_0x1000067ce,209977,True
func_N_0x1000067d0,208719,False
func_N_0x1000067d2,208542,False
func_N_0x10000699d,208320,True
func_N_0x1000069a6,208228,False
func_N_0x100006e1f,210063,False
func_N_0x100006e88,208151,False
func_N_0x1000074b9,208674,False
func_N_0x1000074bb,208767,False
func_Ne_0x1000027b9,208954,False
func_Ne_0x1000027cb,208225,False
func_Ne_0x1000027cf,208401,True
func_Ne_0x100002804,209602,False
func_Ne_0x100002806,208856,True
func_Ne_0x100002827,208296,False
func_Ne_0x100002829,209768,True
func_Ne_0x10000282b,209433,False
func_Ne_0x10000282d,209590,True
func_Ne_0x10000286f,209871,False
func_Ne_0x100002877,208931,True
func_Ne_0x100002899,208934,False
func_Ne_0x10000289b,208161,False
func_Ne_0x10000289f,208809,False
func_Ne_0x1000028c0,208374,True
func_Ne_0x1000028f1,208327,False
func_Ne_0x1000028f3,209429,True
func_Ne_0x100002915,208355,False
func_Ne_0x100002926,208273,False
func_Ne_0x10000294e,209943,True
func_Ne_0x100002969,208795,True
func_Ne_0x10000296d,209618,False
func_Ne_0x100002974,208147,True
func_Ne_0x100002985,208430,False
func_Ne_0x1000029b4,209964,False
func_Ne_0x1000029d5,209404,True
func_Ne_0x1000029dd,210089,True
func_Ne_0x100002a2f,209741,False
func_Ni_0x100002d04,208247,True
func_Ni_0x100002d08,208516,True
func_Ni_0x100002d0a,208799,True
func_Ni_0x10000519a,209728,True
func_Nn_0x1000051ce,208139,True
func_Nn_0x100005200,208875,False
func_Nn_0x100005206,208832,False
func_Nn_0x10000522a,209708,True
func_Nn_0x10000775a,208150,False
func_Nn_0x100007797,208378,True
func_Nt_0x10000047f,208667,False
func_Nt_0x100004c59,208894,True
func_Nt_0x100004c5b,208144,False
func_Nt_0x100005acf,208707,True
func_Nt_0x100005af7,209969,True
func_Nt_0x100005b6a,209126,False
func_Nt_0x100005e1a,208227,True
func_Nt_0x100005e24,208893,True
func_Nt_0x100005e26,208188,True
func_Nt_0x100005e2c,209919,False
func_Nt_0x100005e34,210059,False
func_Nt_0x100005e3c,209711,False
func_Nt_0x100005e44,208647,False
func_Nt_0x100005e46,209035,False
func_Nt_0x100005e48,208814,True
func_Nt_0x100005e4e,208736,True
func_Nt_0x100005e50,209346,False
func_Nt_0x100005e52,209470,False
func_Nt_0x100005efa,208129,False
func_Nt_0x100006455,208130,False
func_Nt_0x100006552,208305,True
func_Nt_0x10000655b,209513,True
func_O0_0x10000279c,209009,True
func_O0_0x10000291b,209909,True
func_O0_0x100002a16,208595,False
func_O_0x100001584,208955,False
func_O_0x100001cef,209813,True
func_O_0x100002467,209945,True
func_O_0x10000246b,209109,True
func_O_0x10000250a,208730,False
func_O_0x100002f85,209107,True
func_O_0x1000031d0,208910,False
func_O_0x100003622,208567,False
func_O_0x100003626,209834,False
func_O_0x100003630,208590,False
func_O_0x1000036db,208860,False
func_O_0x1000036df,208259,False
func_O_0x100003716,209824,False
func_O_0x1000039ca,208656,False
func_O_0x100003b0a,208741,False
func_O_0x100003b0f,209208,True
func_O_0x100003e8e,208607,False
func_O_0x100003e97,209661,True
func_O_0x100003e9a,209395,False
func_O_0x100003e9c,209947,True
func_O_0x100004300,209615,True
func_O_0x100004390,208304,False
func_O_0x1000046b0,209996,True
func_O_0x1000046b2,209680,False
func_O_0x1000046b4,209199,True
func_O_0x1000046bb,209780,False
func_O_0x100004ac2,208895,True
func_O_0x100004ac4,209257,True
func_O_0x100004ac6,208920,False
func_O_0x100004acc,208676,True
func_O_0x100004dad,209512,True
func_O_0x100004fb6,208571,False
func_O_0x10000531d,209920,True
func_O_0x10000531f,208226,False
func_O_0x1000055d8,210024,False
func_O_0x100005fbd,208152,True
func_O_0x100005fbf,209283,False
func_O_0x100006618,209778,False
func_O_0x100006919,208817,True
func_O_0x10000691f,209761,False
func_O_0x100006a92,208661,True
func_O_0x100006a9c,208804,True
func_O_0x100006aa8,208436,False
func_O_0x100006e3e,209112,True
func_O_0x100006f83,208669,False
func_O_0x100006f85,209208,False
func_O_0x100006f94,208920,False
func_O_0x100006f96,209920,True
func_O_0x100006f9f,208942,False
func_O_0x100006fa3,209814,True
func_O_0x10000702e,208588,False
func_O_0x100007033,209175,False
func_O_0x1000074a4,209371,True
func_Oe_0x10000277b,208585,True
func_Oe_0x10000278e,209406,True
func_Oe_0x100002790,208602,True
func_Oe_0x1000027a1,209927,False
func_Oe_0x1000027b1,208746,True
func_Oe_0x1000027b7,208337,True
func_Oe_0x1000027c1,208942,True
func_Oe_0x1000027dd,208389,False
func_Oe_0x1000027df,209242,False
func_Oe_0x1000027e1,208849,True
func_Oe_0x1000027eb,209172,True
func_Oe_0x1000027ed,210038,False
func_Oe_0x1000027fb,209978,False
func_Oe_0x1000027fd,209223,True
func_Oe_0x100002837,209077,False
func_Oe_0x100002839,209175,True
func_Oe_0x100002840,209448,True
func_Oe_0x100002849,210012,False
func_Oe_0x10000284f,210115,False
func_Oe_0x100002855,208260,False
func_Oe_0x10000285e,209105,False
func_Oe_0x100002864,208484,True
func_Oe_0x100002891,209608,True
func_Oe_0x100002894,209965,False
func_Oe_0x1000028b5,208523,False
func_Oe_0x1000028b8,208649,False
func_Oe_0x1000028d2,208770,False
func_Oe_0x1000028d7,209292,True
func_Oe_0x1000028da,208660,True
func_Oe_0x1000028dc,208354,False
func_Oe_0x1000028fa,208539,True
func_Oe_0x100002901,209024,False
func_Oe_0x100002907,209741,True
func_Oe_0x100002941,208190,False
func_Oe_0x100002948,209773,True
func_Oe_0x10000294c,209710,False
func_Oe_0x100002965,208934,True
func_Oe_0x10000296b,209698,False
func_Oe_0x100002970,208539,False
func_Oe_0x1000029a8,208638,True
func_Oe_0x1000029aa,209077,False
func_Oe_0x1000029b7,209269,True
func_Oe_0x1000029bd,208444,False
func_Oe_0x1000029c2,208928,True
func_Oe_0x1000029c6,209523,True
func_Oe_0x1000029db,209566,False
func_Oe_0x1000029e2,208275,False
func_Oe_0x1000029ff,208751,False
func_Oe_0x100002a01,209136,True
func_Oe_0x100002a05,209160,True
func_Oe_0x100002a0b,209030,False
func_Oe_0x100002a0d,209112,False
func_Oe_0x100002a1e,209373,False
func_Oe_0x100002a32,208264,False
func_Oe_0x100002a36,209468,False
func_On_0x1000020ce,208829,True
func_Ot_0x100002096,209584,False
func_Ot_0x1000020ba,208148,False
func_Ot_0x100002105,209046,False
func_Ot_0x10000217b,209132,True
func_Ot_0x100002185,208842,False
func_Ot_0x1000021d3,209614,False
func_Ot_0x100002207,209695,False
func_Ot_0x1000022bb,209344,True
func_Ot_0x100002309,209158,True
func_Ot_0x10000230b,208913,True
func_Ot_0x10000233f,208684,True
func_Ot_0x100002347,208986,False
func_Ot_0x10000234a,208326,True
func_Ot_0x10000240b,208427,True
func_Ot_0x10000240d,209931,False
func_Ot_0x100002417,209081,False
func_P0_0x100004eff,208996,False
func_P0_0x10000771a,209371,True
func_P0_0x100007795,209586,False
func_P_0x100000114,209498,False
func_P_0x10000011c,208152,True
func_P_0x100000147,208368,True
func_P_0x1000001cd,208833,True
func_P_0x100000221,208514,False
func_P_0x10000027a,208346,True
func_P_0x100000286,209158,False
func_P_0x10000028f,209384,False
func_P_0x1000002b8,209504,True
func_P_0x1000002be,210017,False
func_P_0x1000002c0,209342,False
func_P_0x10000082a,208449,True
func_P_0x1000017b5,209552,True
func_P_0x100001bae,209674,False
func_P_0x100001bb0,209918,False
func_P_0x100001bbc,208632,False
func_P_0x100001bf7,208575,True
func_P_0x100002428,208177,False
func_P_0x1000024f8,209205,False
func_P_0x100002524,209912,True
func_P_0x100002540,209042,True
func_P_0x100002aa0,209497,True
func_P_0x100002acd,208841,True
func_P_0x100002ad1,208519,True
func_P_0x100002ad7,210022,False
func_P_0x100002eef,209669,True
func_P_0x100003079,209823,True
func_P_0x10000307f,209726,True
func_P_0x100003085,209411,False
func_P_0x10000315e,208939,False
func_P_0x100003160,209473,False
func_P_0x100003164,209294,False
func_P_0x1000031dd,209754,True
func_P_0x10000343b,208393,False
func_P_0x1000037c1,208706,False
func_P_0x1000037f2,209183,True
func_P_0x1000037f4,208929,False
func_P_0x1000038ce,208755,False
func_P_0x1000038ee,209466,True
func_P_0x100003912,209426,False
func_P_0x100003925,208274,True
func_P_0x100003aeb,209147,True
func_P_0x100003fc7,209587,True
func_P_0x100003fd0,208556,True
func_P_0x100004187,208463,False
func_P_0x100004227,209604,True
func_P_0x100004375,209546,False
func_P_0x1000045f8,209673,True
func_P_0x1000045fc,208930,False
func_P_0x100004a6e,208155,True
func_P_0x100004a97,209484,True
func_P_0x100004a99,209245,False
func_P_0x1000057ab,208777,True
func_P_0x1000057ad,210056,True
func_P_0x1000057af,209427,True
func_P_0x100005968,208176,True
func_P_0x100006335,208332,True
func_P_0x100006339,208553,False
func_P_0x1000068e0,209391,False
func_P_0x100006982,209618,False
func_P_0x10000699f,208826,True
func_P_0x100006be8,208710,True
func_P_0x100006f10,208654,True
func_P_0x100006f12,209294,False
func_P_0x100006f17,208702,False
func_P_0x100006f1b,208464,False
func_P_0x100006f1f,208832,True
func_P_0x100006fbf,209501,False
func_P_0x100007063,209901,False
func_P_0x100007067,209485,False
func_P_0x1000070ce,208332,True
func_Pe_0x1000015e2,209921,False
func_Pe_0x1000015ea,209811,True
func_Pe_0x100001d2f,210049,False
func_Pe_0x100001d34,208496,True
func_Pe_0x100001e69,209240,True
func_Pe_0x100003892,209572,False
func_Pe_0x100003894,209758,True
func_Pe_0x10000389e,209431,False
func_Pe_0x1000038a7,209572,False
func_Pe_0x1000038b0,208153,True
func_Pe_0x1000039ad,208969,True
func_Pe_0x1000042f3,209237,False
func_Pe_0x1000042fb,209494,False
func_Pe_0x100004a06,209783,False
func_Pe_0x10000591a,209620,False
func_Pe_0x1000063f2,209371,True
func_Pe_0x1000063f4,209959,False
func_Pe_0x1000063f6,209353,True
func_Pe_0x100006ed1,209829,False
func_Pe_0x100007111,209197,False
func_Pe_0x100007119,209216,False
func_Pe_0x10000711d,209668,True
func_Pe_0x100007121,209599,False
func_Pe_0x100007129,209367,True
func_Pe_0x100007134,209910,True
func_Pe_0x1000075f1,209490,False
func_Pe_0x1000075f9,208273,False
func_Pe_0x1000075fd,210043,True
func_Pe_0x100007601,208325,False
func_Pe_0x100007603,209263,False
func_Pe_0x100007607,208296,True
func_Pe_0x100007609,210117,False
func_Pe_0x10000760b,209081,False
func_Pe_0x10000760f,208686,True
func_Pe_0x100007615,209567,False
func_Pe_0x100007617,208758,False
func_Pe_0x100007619,209679,True
func_Pi_0x100006cdb,209465,False
func_Pi_0x1000077ab,209636,True
func_Pn_0x100006241,209208,False
func_Pn_0x100006290,209821,True
func_Pn_0x100006cbd,209615,True
func_Pn_0x1000076a3,209424,False
func_Pn_0x1000076ab,209645,False
func_Pn_0x1000076cb,208647,False
func_Pn_0x1000076d1,208812,False
func_Pn_0x1000076d5,209866,False
func_Pn_0x1000076e7,209818,True
func_Pn_0x100007703,208277,True
func_Pn_0x100007717,209509,True
func_Pn_0x10000777c,208820,False
func_Pn_0x1000077cd,209179,False
func_Pt_0x100000644,208595,False
func_Pt_0x100000695,208964,True
func_Pt_0x100002575,209484,False
func_Pt_0x100002b1d,209071,False
func_Pt_0x100002b22,209704,True
func_Pt_0x100002b2c,210026,True
func_Pt_0x100002b2e,209266,False
func_Pt_0x100002b34,209888,True
func_Pt_0x100002b37,208855,False
func_Pt_0x100002b3b,208330,True
func_Pt_0x100002b43,209121,True
func_Pt_0x100002b45,209103,False
func_Pt_0x100002b55,208699,False
func_Pt_0x100002b5d,209173,True
func_Pt_0x100002b5f,209698,False
func_Pt_0x100002b61,210060,True
func_Pt_0x100002b67,209651,True
func_Pt_0x100002c3c,209429,True
func_Pt_0x100002c42,209903,True
func_Pt_0x100002c44,208731,False
func_Pt_0x100002c4a,209659,True
func_Pt_0x100002c4c,209581,True
func_Pt_0x100002c50,208165,True
func_Pt_0x100002c54,209792,True
func_Pt_0x100002c5c,209904,True
func_Pt_0x100005ae4,209597,False
func_Pt_0x100005ae6,208518,False
func_Pt_0x100005ae8,209930,False
func_Q0_0x1000020b8,208431,True
func_Q_0x100001bb5,208622,True
func_Q_0x100001bb7,209720,False
func_Q_0x100001bcd,209731,True
func_Q_0x100001d55,209905,True
func_Q_0x100001d8f,209242,False
func_Q_0x10000242b,209207,True
func_Q_0x100002446,208215,True
func_Q_0x10000246e,209022,False
func_Q_0x100002474,208611,True
func_Q_0x100002506,209541,True
func_Q_0x100002508,208818,False
func_Q_0x100002518,209232,False
func_Q_0x10000252f,208641,True
func_Q_0x100002c81,208139,False
func_Q_0x100002ca3,209693,False
func_Q_0x100002ef2,209814,False
func_Q_0x100002ef6,208279,True
func_Q_0x100002ef8,209904,True
func_Q_0x100002f94,208819,False
func_Q_0x1000031c7,209457,False
func_Q_0x100003208,208391,True
func_Q_0x100003216,210027,True
func_Q_0x10000370a,209836,False
func_Q_0x10000370e,209085,False
func_Q_0x100003712,208916,True
func_Q_0x100003714,209316,True
func_Q_0x100003830,208222,False
func_Q_0x100003953,209364,False
func_Q_0x100003957,210049,True
func_Q_0x10000395b,209743,True
func_Q_0x100003962,209232,False
func_Q_0x10000396a,208352,False
func_Q_0x1000039c2,208682,True
func_Q_0x100003b25,209121,True
func_Q_0x100003b27,208724,False
func_Q_0x100003f51,208528,False
func_Q_0x100004396,208172,True
func_Q_0x100004bb8,209895,False
func_Q_0x100004bbe,208479,False
func_Q_0x100004d10,209137,True
func_Q_0x100004d1e,209303,True
func_Q_0x1000050c5,208571,True
func_Q_0x1000050c7,209966,True
func_Q_0x1000050d2,209072,True
func_Q_0x1000054bc,208433,True
func_Q_0x1000054c0,209732,False
func_Q_0x1000056e9,209465,False
func_Q_0x100005c32,209219,False
func_Q_0x100005c35,209209,True
func_Q_0x100005e9c,208898,True
func_Q_0x10000606d,209003,True
func_Q_0x10000607c,208656,True
func_Q_0x100006375,209213,False
func_Q_0x1000065fd,210091,False
func_Q_0x1000065ff,209768,False
func_Q_0x100006621,208872,False
func_Q_0x100006625,208301,False
func_Q_0x100006802,209054,True
func_Q_0x1000068d4,208336,True
func_Q_0x100006a3a,209693,True
func_Q_0x100006a94,209877,True
func_Q_0x1000074e2,209704,True
func_Q_0x10000763f,209955,False
func_Qc_0x1000029a0,210119,True
func_Qc_0x1000029a2,208157,False
func_Qe_0x1000006d6,210029,False
func_Qe_0x1000006de,209984,True
func_Qe_0x100005835,209477,False
func_Qe_0x100005843,209474,True
func_Qe_0x100005845,208352,False
func_Qe_0x100005849,208964,True
func_Qe_0x10000584b,209485,True
func_Qe_0x100005851,208172,False
func_Qe_0x100005ad3,209923,False
func_Qe_0x100005b18,209122,True
func_Qe_0x100005b68,208491,True
func_Qe_0x100005e5e,209389,False
func_Qe_0x100005f25,208304,False
func_Qe_0x100005f42,209876,False
func_Qe_0x100005f57,209557,False
func_Qe_0x100006538,208842,False
func_Qe_0x100006540,209436,True
func_Qn_0x100002d2b,209441,True
func_Qn_0x100002d3f,209798,False
func_Qn_0x100002e25,208672,False
func_Qn_0x100002e52,208233,False
func_Qn_0x100002e80,208680,False
func_Qn_0x100004f2a,208318,True
func_Qn_0x100004f8b,209920,True
func_Qn_0x100007706,208780,False
func_Qn_0x10000770c,208360,False
func_Qn_0x100007779,210014,True
func_Qn_0x100007786,209312,False
func_Qt_0x100001e57,210122,True
func_Qt_0x100001e5b,209176,False
func_Qt_0x100001ea5,209317,False
func_Qt_0x100001ebd,209773,False
func_Qt_0x100002ff1,210091,False
func_Qt_0x100003560,208960,False
func_Qt_0x1000035c9,208749,False
func_Qt_0x100003889,209989,True
func_Qt_0x1000063d2,210063,True
func_Qt_0x1000063d4,209927,False
func_Qt_0x1000063da,208319,False
func_Qt_0x10000640e,208963,True
func_Qt_0x100006414,209199,False
func_R0_0x100004f4e,209768,True
func_R0_0x100004f6a,208139,True
func_R0_0x100004f77,209908,True
func_R0_0x10000521a,208702,False
func_R0_0x10000779a,209435,True
func_R_0x10000022c,208592,True
func_R_0x1000017b6,209880,False
func_R_0x1000017cf,209615,True
func_R_0x1000017d3,208168,True
func_R_0x100001bd6,208357,True
func_R_0x100001bd9,208202,True
func_R_0x100001bfd,208586,True
func_R_0x100001c1a,208836,True
func_R_0x100001c57,208328,True
func_R_0x100001cb2,210081,True
func_R_0x100001cba,208277,False
func_R_0x100001cea,209897,False
func_R_0x100002517,209416,False
func_R_0x100002f89,209083,False
func_R_0x1000030ab,209853,False
func_R_0x1000031fb,209963,True
func_R_0x1000031ff,209191,True
func_R_0x10000320b,209174,True
func_R_0x10000320d,208258,True
func_R_0x1000035ab,208980,True
func_R_0x1000036a3,209318,True
func_R_0x100003705,209138,False
func_R_0x100003736,208455,False
func_R_0x100003738,208985,True
func_R_0x100003c11,208323,True
func_R_0x100003c13,208450,False
func_R_0x100003c1f,208792,True
func_R_0x100003cf4,209001,True
func_R_0x100003f6d,208501,True
func_R_0x100004ae7,208502,False
func_R_0x100004cf8,208235,False
func_R_0x100004cfa,208921,True
func_R_0x100004e29,209509,False
func_R_0x100004fbc,209119,False
func_R_0x100004fe3,209623,False
func_R_0x100005012,209905,True
func_R_0x10000501c,209274,True
func_R_0x100005061,209254,False
func_R_0x1000055d7,209885,False
func_R_0x100005600,209880,True
func_R_0x1000056d9,209737,True
func_R_0x10000571a,208861,False
func_R_0x10000578b,209394,True
func_R_0x1000060da,209062,False
func_R_0x100006347,209105,True
func_R_0x100006360,209655,False
func_R_0x10000636a,208391,True
func_R_0x100006774,209513,True
func_R_0x100006776,209842,True
func_R_0x1000068e3,209292,True
func_R_0x1000068e5,208734,False
func_R_0x1000068fa,209003,False
func_R_0x1000074d3,209442,False
func_R_0x1000074d7,208825,False
func_R_0x1000074dc,209166,False
func_R_0x1000074ea,208551,False
func_R_0x10000750d,208553,True
func_Re_0x100004f2e,209458,False
func_Re_0x100004f34,208435,False
func_Re_0x100004f36,208973,False
func_Re_0x100004f3e,208278,True
func_Re_0x100004f42,209013,False
func_Re_0x1000051a3,209854,True
func_Re_0x1000051c0,208279,False
func_Re_0x1000051d6,208937,False
func_Re_0x1000051dc,208195,True
func_Re_0x1000051e2,208421,False
func_Re_0x1000051e8,209819,False
func_Re_0x1000051ee,209454,False
func_Re_0x100005204,208646,True
func_Re_0x10000520a,209910,False
func_Re_0x100005210,209738,True
func_Re_0x10000521c,209666,False
func_Re_0x100005222,209666,True
func_Re_0x100005235,209655,True
func_Re_0x100005241,209474,True
func_Re_0x100005243,209849,False
func_Re_0x10000524f,208835,False
func_Re_0x100005255,209372,False
func_Re_0x100005257,208642,False
func_Re_0x100006d2f,209373,True
func_Re_0x100006d33,208710,True
func_Re_0x10000771f,208440,False
func_Re_0x100007721,208607,True
func_Re_0x100007725,209797,False
func_Re_0x100007757,208782,True
func_Ri_0x100006cf5,209108,False
func_Rn_0x10000587f,208850,True
func_Rn_0x10000620f,208801,True
func_Rn_0x10000622e,208236,False
func_Rn_0x100006273,208872,False
func_Rn_0x10000628d,209716,True
func_Rn_0x100006296,209282,True
func_Rn_0x100007683,209960,True
func_Rn_0x100007691,209014,False
func_Rn_0x100007693,209470,True
func_Rn_0x100007695,209742,False
func_Rn_0x10000769b,208403,False
func_Rn_0x10000769d,210020,True
func_Rn_0x1000076a5,209557,False
func_Rn_0x1000076a7,209319,True
func_Rn_0x1000076a9,209092,True
func_Rn_0x1000076ad,209702,True
func_Rn_0x1000076b1,209544,True
func_Rn_0x1000076b9,209333,False
func_Rn_0x1000076c1,209451,True
func_Rn_0x1000076c3,209449,False
func_Rn_0x1000076c9,208928,True
func_Rn_0x1000076d7,208439,False
func_Rn_0x1000076db,209353,False
func_Rn_0x1000076f5,208527,False
func_Rn_0x1000076f7,209782,True
func_Rn_0x1000076fd,208809,False
func_Rn_0x1000076ff,209503,False
func_Rn_0x100007701,209824,True
func_Rn_0x100007770,208829,True
func_Rn_0x1000077c2,208531,True
func_Rr_0x1000077bb,209959,True
func_Rt_0x1000027bf,209038,True
func_Rt_0x1000027e3,209447,False
func_Rt_0x1000027e5,209720,False
func_Rt_0x1000027e7,208652,True
func_Rt_0x1000027e9,208598,True
func_Rt_0x1000027f4,209256,True
func_Rt_0x1000027ff,208689,True
func_Rt_0x100002801,208886,True
func_Rt_0x1000028d5,209042,False
func_Rt_0x100002972,208325,False
func_Rt_0x1000029bf,209016,True
func_Rt_0x1000029d3,209668,False
func_Rt_0x1000029d7,209235,False
func_Rt_0x1000029e4,208772,False
func_Rt_0x100002a07,209263,True
func_Rt_0x100002a19,209078,True
func_Rt_0x100002a24,209296,True
func_S0_0x100006258,208621,True
func_S0_0x100007769,209437,True
func_S_0x100000208,209787,True
func_S_0x10000020c,209820,True
func_S_0x10000155c,209389,False
func_S_0x10000156f,209285,True
func_S_0x100001743,208867,True
func_S_0x10000174b,209861,True
func_S_0x100001751,209318,True
func_S_0x100001765,208900,True
func_S_0x100001767,208835,False
func_S_0x10000179a,210059,False
func_S_0x1000017b0,209895,True
func_S_0x1000018cf,209704,False
func_S_0x1000018f9,209847,False
func_S_0x100001cc0,208949,True
func_S_0x100001d0b,210023,True
func_S_0x100002448,208212,False
func_S_0x1000034b9,209316,True
func_S_0x1000034bd,209127,False
func_S_0x1000034bf,209954,False
func_S_0x1000034c1,209560,False
func_S_0x1000034c3,209276,False
func_S_0x100003d78,208917,False
func_S_0x100003d7b,209213,False
func_S_0x100003d7d,209773,True
func_S_0x10000404d,208449,True
func_S_0x100004053,209338,True
func_S_0x100004311,208407,True
func_S_0x100004313,209440,False
func_S_0x100004320,209082,False
func_S_0x100004326,209511,True
func_S_0x100004328,208231,False
func_S_0x10000432c,209274,False
func_S_0x10000432e,209792,True
func_S_0x100004399,208753,True
func_S_0x1000049de,210056,False
func_S_0x100004bce,209008,False
func_S_0x100004e34,209860,False
func_S_0x100004e4d,208952,False
func_S_0x10000532d,208544,True
func_S_0x1000054ca,209576,True
func_S_0x1000055a9,208413,True
func_S_0x1000055b1,208179,True
func_S_0x1000056f8,209744,False
func_S_0x1000059bc,209644,False
func_S_0x100005b96,209094,False
func_S_0x100006024,209498,True
func_S_0x100006084,209860,True
func_S_0x1000061c3,209294,False
func_S_0x1000061cf,208869,True
func_S_0x1000061d3,208601,True
func_S_0x1000061d5,209229,False
func_S_0x1000066ff,210095,False
func_S_0x10000694b,208291,False
func_S_0x100006958,210014,True
func_S_0x100006a43,209473,False
func_S_0x100006dfd,208830,False
func_S_0x100006f8b,208340,True
func_S_0x10000718c,209353,True
func_S_0x100007323,208561,False
func_S_0x10000739f,208726,True
func_S_0x1000073ad,208948,False
func_S_0x100007493,209713,False
func_Se_0x100002cf2,209602,False
func_Se_0x100002d25,209387,False
func_Se_0x100002d27,209846,False
func_Se_0x100002d35,208970,True
func_Se_0x100002d3d,208483,False
func_Se_0x100002e23,209696,True
func_Se_0x100002e3c,208947,False
func_Se_0x100002e40,208159,True
func_Se_0x100002e48,208188,False
func_Se_0x100002e4c,209651,True
func_Se_0x100002e5b,209064,True
func_Se_0x100002e5d,209849,False
func_Se_0x100002e65,208389,False
func_Se_0x100002e67,209712,True
func_Se_0x100002e6b,209164,True
func_Se_0x100002e6f,209241,False
func_Se_0x100002e71,209482,False
func_Se_0x100002e75,210051,True
func_Se_0x100002e79,209619,False
func_Se_0x100002e7b,209484,True
func_Se_0x100004e9d,209238,True
func_Se_0x100004e9f,208239,False
func_Se_0x100004ea7,209950,True
func_Se_0x100004ea9,209672,False
func_Se_0x100004ead,209618,True
func_Se_0x100004eaf,210047,False
func_Se_0x100004eb3,208920,False
func_Se_0x100004eb5,210111,False
func_Se_0x100004eb7,208283,False
func_Se_0x100004ebb,209719,False
func_Se_0x100004ebf,208677,False
func_Se_0x100004ec7,208254,True
func_Se_0x100004ec9,209227,False
func_Se_0x100004ecf,209112,False
func_Se_0x100004ed9,208468,True
func_Se_0x100004ee1,208163,True
func_Se_0x100004ee3,208231,False
func_Se_0x100004ee5,208628,False
func_Se_0x100004ee7,208320,True
func_Se_0x100004ee9,210034,True
func_Se_0x100004eed,209691,False
func_Se_0x100004ef1,208777,True
func_Se_0x100004ef5,209855,True
func_Se_0x100004ef7,208908,False
func_Se_0x100004ef9,208519,False
func_Se_0x100004efd,209774,True
func_Se_0x100004f9f,209864,False
func_Se_0x100005888,209446,False
func_Se_0x10000588a,208791,False
func_Se_0x10000625b,208318,True
func_Se_0x10000625f,209629,False
func_Se_0x100006261,209833,True
func_Se_0x1000076ea,209687,True
func_Sn_0x1000020bc,208366,True
func_Sn_0x1000020e9,209095,False
func_Sn_0x1000022ab,209889,True
func_Sn_0x1000022d1,209874,False
func_Sn_0x1000022d3,209657,False
func_Sn_0x100002411,208978,True
func_So_0x1000029e7,209426,True
func_So_0x1000029f3,209698,True
func_St_0x100001ab8,209076,True
func_St_0x100001ad8,208934,True
func_St_0x100003a36,209197,False
func_St_0x100003a65,209133,True
func_St_0x100003a67,208482,False
func_St_0x100003a69,209502,True
func_St_0x100003a6b,208970,True
func_St_0x100003a70,209591,True
func_St_0x10000488e,210015,True
func_St_0x100004c20,209999,True
func_St_0x100004cba,208413,False
func_St_0x100004cbc,208681,False
func_St_0x100004cbe,209501,False
func_St_0x100004cc0,208151,True
func_St_0x100004ced,209227,True
func_St_0x100005773,208208,True
func_St_0x100005cdb,210076,True
func_St_0x1000072cc,210058,False
func_St_0x1000072ce,209587,True
func_T0_0x100005883,208336,True
func_T0_0x100007705,210093,True
func_T0_0x10000777e,208457,False
func_T_0x1000018ce,209387,True
func_T_0x100001c00,209067,False
func_T_0x100001cbd,209267,True
func_T_0x100001d6b,208599,True
func_T_0x100001d8b,209205,True
func_T_0x100001d8d,209515,False
func_T_0x100001e1b,208705,False
func_T_0x100002b11,209127,False
func_T_0x100002e8b,209065,True
func_T_0x1000031cc,208223,True
func_T_0x1000031ce,208331,True
func_T_0x1000031d2,208607,False
func_T_0x100003389,208967,True
func_T_0x1000034ff,208601,True
func_T_0x100003501,208939,False
func_T_0x100003505,209142,True
func_T_0x1000035ae,209841,True
func_T_0x1000035b0,209521,False
func_T_0x100003628,208719,False
func_T_0x1000036d3,208704,False
func_T_0x1000036d5,209356,True
func_T_0x1000036d7,209717,True
func_T_0x1000036d9,209757,True
func_T_0x1000036dd,209726,False
func_T_0x1000036e1,208243,True
func_T_0x1000036e3,209301,True
func_T_0x1000039bc,208504,False
func_T_0x100003b06,209798,False
func_T_0x100003b13,209411,False
func_T_0x100003b15,209781,False
func_T_0x100003b1a,209897,False
func_T_0x100003b1c,209384,True
func_T_0x100003b1f,210117,True
func_T_0x100003e6d,209488,True
func_T_0x100003e95,208633,True
func_T_0x1000046b7,209190,False
func_T_0x1000046b9,208919,False
func_T_0x1000046bd,210064,True
func_T_0x1000049d9,208753,True
func_T_0x100004bbc,209991,False
func_T_0x100004d11,208128,False
func_T_0x100004fb8,210074,False
func_T_0x1000054d9,209180,True
func_T_0x1000055df,208380,True
func_T_0x100005604,209270,False
func_T_0x100005fc5,208408,False
func_T_0x100005fc7,209813,True
func_T_0x100006066,209633,False
func_T_0x100006074,209942,False
func_T_0x100006076,209473,False
func_T_0x10000607a,209156,False
func_T_0x100006378,209070,True
func_T_0x10000637a,209189,False
func_T_0x10000638d,209816,True
func_T_0x10000673a,208379,True
func_T_0x10000674b,210113,False
func_T_0x10000680b,208206,True
func_T_0x100006811,208446,False
func_T_0x1000068d5,208158,True
func_T_0x100006a8f,209698,False
func_T_0x100006a98,209600,False
func_T_0x100006a9e,209848,True
func_T_0x100006aa0,209974,True
func_T_0x100006f81,209190,False
func_T_0x100006f87,209930,True
func_T_0x100006f89,209189,False
func_T_0x100006f92,208193,True
func_T_0x100006f9b,208424,False
func_T_0x100006f9d,209658,False
func_T_0x100006fa1,208591,True
func_T_0x100007473,208868,True
func_T_0x1000074e4,208526,False
func_Te_0x10000166c,208334,True
func_Te_0x10000166e,209946,True
func_Te_0x100001672,209738,True
func_Te_0x100001676,209481,False
func_Te_0x10000167a,209916,True
func_Te_0x100002fd2,208592,True
func_Te_0x100003561,208985,False
func_Te_0x100003568,210008,True
func_Te_0x10000356c,209658,True
func_Te_0x1000035bd,209075,False
func_Te_0x100003644,210063,True
func_Te_0x1000042a9,208516,True
func_Te_0x10000483e,208220,False
func_Te_0x1000063e5,208383,False
func_Te_0x100006581,209704,False
func_Te_0x100006583,209901,False
func_Te_0x100006585,210101,False
func_Te_0x100006830,208636,False
func_Te_0x1000073f3,208451,False
func_Ti_0x100002994,208642,False
func_Ti_0x1000029e9,208899,True
func_Ti_0x1000029eb,208595,True
func_Ti_0x1000029ed,209817,False
func_Ti_0x1000029f5,209841,True
func_Tn_0x10000235e,209574,False
func_Tn_0x10000236a,209065,True
func_Tn_0x100002372,208450,True
func_Tn_0x100002374,208487,False
func_Tn_0x100002376,209774,False
func_Tn_0x10000237c,208415,True
func_Tn_0x10000237e,208690,True
func_Tn_0x100002386,208729,False
func_Tn_0x10000238a,210051,True
func_Tn_0x10000238c,208685,True
func_Tn_0x100002390,209324,True
func_Tn_0x100002392,210022,False
func_Tn_0x100002394,208400,True
func_Tn_0x10000239e,209801,True
func_Tn_0x1000023a2,208322,True
func_Tn_0x1000023a4,209051,True
func_Tn_0x1000023a6,209648,False
func_Tn_0x1000023a8,209892,True
func_Tn_0x1000023aa,209839,False
func_Tn_0x1000023ae,210032,False
func_Tn_0x1000023b0,208351,True
func_Tn_0x1000023b2,209395,False
func_Tn_0x1000023b6,209163,True
func_Tn_0x1000023b8,209363,True
func_Tn_0x1000023ba,209424,False
func_Tn_0x1000023be,209468,False
func_Tn_0x1000023c0,209111,False
func_Tn_0x1000023c2,209077,False
func_Tn_0x1000023c4,208723,True
func_Tn_0x1000023c6,208417,True
func_Tn_0x1000023ce,209001,True
func_Tn_0x1000023d6,209110,False
func_Tn_0x1000023d8,208277,False
func_Tn_0x1000023dc,208964,False
func_Tn_0x1000023e2,208539,True
func_Tn_0x1000023e4,209105,True
func_Tn_0x1000023e8,210029,False
func_Tn_0x1000023ed,208975,False
func_Tn_0x1000023f6,209373,True
func_Tn_0x1000023fa,209026,True
func_Tr_0x1000020d2,210014,False
func_Tt_0x100002fe6,210058,False
func_Tt_0x100005923,208919,True
func_Tt_0x100006561,208263,True
func_Tt_0x10000657d,208699,True
func_Tt_0x100006832,209201,True
func_Tt_0x100006b6b,209373,False
func_Tt_0x100006bb7,209918,True
func_Tt_0x100006bbd,209921,True
func_Tt_0x100006bbf,208404,False
func_Tt_0x100006bc1,209641,False
func_Tt_0x100006bcf,208398,True
func_U0_0x100002cf6,208212,False
func_U0_0x100004f2d,209072,False
func_U0_0x100007713,208916,True
func_U0_0x100007787,209827,False
func_U_0x1000001f5,209585,True
func_U_0x1000019b1,209041,False
func_U_0x1000019c4,208756,True
func_U_0x100001bd2,208352,False
func_U_0x100001bd8,209899,True
func_U_0x100001c4f,210037,False
func_U_0x100001c51,208482,True
func_U_0x100001cd2,209695,False
func_U_0x100001e46,209298,True
func_U_0x10000252a,209806,True
func_U_0x100002ae8,209172,True
func_U_0x100002af3,210016,True
func_U_0x100002c71,209385,False
func_U_0x100002ef1,209905,True
func_U_0x100002efc,209677,True
func_U_0x100002fb5,209760,True
func_U_0x100003038,209545,True
func_U_0x1000030c4,208631,True
func_U_0x1000030ca,208345,True
func_U_0x1000030cc,209953,False
func_U_0x100003110,208434,True
func_U_0x1000031c3,208224,False
func_U_0x100003219,208193,True
func_U_0x10000343c,209815,True
func_U_0x100003674,210029,False
func_U_0x1000036a0,208944,False
func_U_0x1000037cd,209899,True
func_U_0x100003be7,209312,False
func_U_0x100003bfe,208237,False
func_U_0x100003c02,208203,True
func_U_0x100003c06,208314,True
func_U_0x100003c15,209279,True
func_U_0x100003c17,209237,True
func_U_0x100003c19,208400,True
func_U_0x100003c1b,208332,True
func_U_0x100003e16,208835,True
func_U_0x100003f54,208946,True
func_U_0x100003f8a,208796,True
func_U_0x100004a68,208927,False
func_U_0x100004a73,208816,False
func_U_0x100004bd4,209979,False
func_U_0x100004bd6,208978,True
func_U_0x100004d16,208713,False
func_U_0x100004d1b,209334,False
func_U_0x1000055e6,209036,True
func_U_0x100005708,208160,True
func_U_0x100005711,208978,True
func_U_0x100005947,209538,False
func_U_0x10000596b,209466,False
func_U_0x100005bff,208954,True
func_U_0x1000067c4,208503,False
func_U_0x1000067c6,210062,False
func_U_0x1000068c2,209849,True
func_U_0x100006925,208625,True
func_U_0x10000692c,209364,False
func_U_0x100006989,209316,False
func_U_0x1000074bf,208891,False
func_U_0x1000074e9,209961,False
func_U_0x100007514,209025,False
func_U_0x100007516,210012,True
func_Ue_0x10000159a,208385,False
func_Ue_0x1000015a2,209866,False
func_Ue_0x10000168f,209770,False
func_Ue_0x100001e23,209510,True
func_Ue_0x100001e6e,208545,True
func_Ue_0x1000035e6,208678,True
func_Ue_0x1000035ea,208199,False
func_Ue_0x1000035f2,209262,True
func_Ue_0x1000035f6,208284,True
func_Ue_0x1000035fa,210009,True
func_Ue_0x100003984,209156,True
func_Ue_0x100004654,208356,True
func_Ue_0x100004658,208876,True
func_Ue_0x100005517,208556,False
func_Ue_0x100005918,208675,True
func_Ue_0x1000059d5,208213,True
func_Ue_0x1000059eb,209768,True
func_Ue_0x100006017,209758,False
func_Ue_0x1000067a1,209780,False
func_Ue_0x1000067a3,209718,False
func_Ue_0x100006ef0,210097,True
func_Ue_0x1000071b1,208537,True
func_Ue_0x100007326,208151,False
func_Ue_0x100007328,208245,False
func_Ue_0x100007336,209345,True
func_Ue_0x100007378,208380,False
func_Ui_0x1000020d8,209313,True
func_Un_0x100002d1c,209068,True
func_Un_0x100002e35,209559,True
func_Un_0x100002e39,209620,True
func_Un_0x100002e43,208466,False
func_Un_0x100004e92,208901,False
func_Un_0x100004f8c,208534,True
func_Un_0x100004f8f,210070,False
func_Un_0x100006264,210007,False
func_Ut_0x100000675,208564,True
func_Ut_0x100000677,209217,False
func_Ut_0x100000679,209782,True
func_Ut_0x10000067d,209651,False
func_Ut_0x100000681,208643,False
func_Ut_0x100000689,208782,True
func_Ut_0x10000068b,209225,False
func_Ut_0x100000691,209097,False
func_Ut_0x100000693,208466,True
func_Ut_0x1000025bf,209037,True
func_Ut_0x1000025c1,209536,True
func_Ut_0x1000025c3,209483,False
func_Ut_0x1000025c5,208537,False
func_Ut_0x1000025c7,208642,True
func_Ut_0x1000025c9,209285,True
func_Ut_0x1000025cd,209960,True
func_Ut_0x1000025cf,209285,False
func_Ut_0x1000025db,208370,True
func_Ut_0x1000025dd,208462,False
func_Ut_0x1000025e1,208873,False
func_Ut_0x1000025e5,210069,True
func_Ut_0x1000025eb,209905,True
func_Ut_0x1000025ed,209259,False
func_Ut_0x1000025ef,209421,False
func_Ut_0x1000025f1,209938,False
func_Ut_0x1000025f3,208407,True
func_Ut_0x1000025f9,209267,True
func_Ut_0x1000025fb,208838,False
func_Ut_0x1000025fd,208975,False
func_Ut_0x1000025ff,208311,False
func_Ut_0x100002601,209290,False
func_Ut_0x100002603,209505,False
func_Ut_0x100002609,209598,True
func_Ut_0x10000260b,209747,True
func_Ut_0x10000260f,208850,False
func_Ut_0x100002611,208316,True
func_Ut_0x100002613,209066,True
func_Ut_0x100002615,209986,True
func_Ut_0x100005ad8,208589,True
func_Ut_0x100005ada,209872,False
func_Ut_0x100005adc,209368,True
func_Ut_0x100005ade,208670,True
func_Ut_0x100005b1b,209892,True
func_Ut_0x100005b1d,209488,False
func_Ut_0x10000648c,208870,True
func_Ut_0x1000064ac,209601,False
func_Ut_0x1000064ae,209661,True
func_Ut_0x1000064b0,208441,False
func_Ut_0x100006c76,208569,False
func_Ut_0x100006ca7,208775,False
func_Ut_0x10000767e,209227,False
func_V_0x1000001fc,209124,True
func_V_0x1000001fe,209701,True
func_V_0x10000154c,208613,False
func_V_0x10000154e,209685,True
func_V_0x100001550,209850,False
func_V_0x100001552,208421,True
func_V_0x100001554,209634,True
func_V_0x100001556,209781,False
func_V_0x1000017db,208529,False
func_V_0x100001d11,209650,True
func_V_0x100001e1f,208743,True
func_V_0x100002460,209786,True
func_V_0x100002f9f,209351,True
func_V_0x1000034f1,209292,False
func_V_0x100003e5e,209469,True
func_V_0x100003e64,209347,True
func_V_0x100003e66,208462,False
func_V_0x100003e69,208951,True
func_V_0x100003ff0,208910,True
func_V_0x100004315,208303,False
func_V_0x10000431b,209475,False
func_V_0x10000431d,208788,False
func_V_0x100004336,209505,False
func_V_0x100004338,209061,True
func_V_0x100004343,210049,False
func_V_0x100004345,208576,False
func_V_0x10000434a,208747,False
func_V_0x100004806,209682,True
func_V_0x100004bc2,209447,True
func_V_0x100004df8,208670,True
func_V_0x100004dfe,209743,True
func_V_0x10000530b,208825,False
func_V_0x10000530f,209648,True
func_V_0x100005319,209958,True
func_V_0x10000532c,209577,True
func_V_0x1000055ea,209101,True
func_V_0x100005c43,208158,False
func_V_0x100006020,209975,True
func_V_0x100006022,209094,False
func_V_0x10000602c,209345,False
func_V_0x1000066d7,208508,True
func_V_0x1000067b3,208951,True
func_V_0x1000067b5,208505,True
func_V_0x100006814,209195,True
func_V_0x100006816,208898,False
func_V_0x100006957,209371,False
func_V_0x100006e53,209532,False
func_V_0x100006e57,209940,True
func_V_0x100006e63,209892,False
func_V_0x100006e67,209989,False
func_V_0x100006e6b,208740,False
func_V_0x100006e6f,208179,True
func_V_0x10000702c,208971,True
func_V_0x100007195,209465,True
func_V_0x100007199,209208,False
func_V_0x1000072ec,209317,False
func_Ve_0x100002d22,209153,True
func_Ve_0x100005abf,208233,False
func_Ve_0x100005b1a,208586,True
func_Ve_0x100005b56,209773,False
func_Vi_0x1000077ba,209566,True
func_Vn_0x10000062a,209330,False
func_Vn_0x10000062e,209132,False
func_Vn_0x100000630,208394,False
func_Vn_0x100005f3a,210036,False
func_Vn_0x10000645b,209288,False
func_Vn_0x10000645e,209141,True
func_Vn_0x100006c75,208668,False
func_Vn_0x100006c84,208938,False
func_Vn_0x100006c86,209378,True
func_Vn_0x100006c88,208825,False
func_W0_0x100002d0c,210006,False
func_W0_0x100002d10,208808,False
func_W0_0x100002d12,209411,False
func_W0_0x100004f71,208873,True
func_W0_0x100004f7a,209700,True
func_W0_0x100007728,209010,False
func_W0_0x10000772a,209312,False
func_W0_0x10000772e,209572,True
func_W0_0x100007730,208865,True
func_W_0x100000175,208737,True
func_W_0x100000308,209058,False
func_W_0x100000453,208416,False
func_W_0x100000762,209071,False
func_W_0x100000795,208807,False
func_W_0x100000807,209702,False
func_W_0x10000090e,208970,False
func_W_0x100001942,209889,True
func_W_0x100001a07,208136,False
func_W_0x100001a1a,208294,False
func_W_0x100001c16,208366,True
func_W_0x100001c3d,208929,True
func_W_0x100001f33,209843,True
func_W_0x100001f58,208166,False
func_W_0x100003025,208700,False
func_W_0x1000030e9,209222,False
func_W_0x1000031c1,209928,True
func_W_0x10000325d,209628,False
func_W_0x100003335,209281,True
func_W_0x10000334c,209219,True
func_W_0x10000335a,209409,True
func_W_0x1000033ef,208882,True
func_W_0x1000033fe,208959,True
func_W_0x100003694,208277,True
func_W_0x10000382b,209028,False
func_W_0x100003b3a,210055,False
func_W_0x100003b4d,208781,True
func_W_0x100003e3f,208721,False
func_W_0x100003e49,208468,False
func_W_0x100003ee5,208229,True
func_W_0x10000408b,208207,False
func_W_0x100004116,208250,False
func_W_0x1000041d8,208240,True
func_W_0x10000444a,208308,True
func_W_0x1000044ee,209192,False
func_W_0x1000045d5,208472,True
func_W_0x1000045f3,209310,True
func_W_0x1000046e8,209692,True
func_W_0x1000046fe,209268,False
func_W_0x1000047f9,208453,False
func_W_0x1000048e2,209559,False
func_W_0x10000493b,209725,False
func_W_0x100004d67,209686,True
func_W_0x100004feb,208302,True
func_W_0x100005005,210087,False
func_W_0x1000054ad,208343,False
func_W_0x1000056a6,208545,False
func_W_0x1000056ba,209453,False
func_W_0x1000056bc,210027,True
func_W_0x100005a12,209380,True
func_W_0x100005a2a,209527,False
func_W_0x100005c5f,209434,False
func_W_0x100005c85,209887,False
func_W_0x100005edb,209256,False
func_W_0x100006103,208604,False
func_W_0x100006aad,208552,False
func_W_0x10000700e,208789,False
func_We_0x10000168a,209692,True
func_We_0x100001cf4,208913,True
func_We_0x10000256d,208282,False
func_We_0x100003474,208169,True
func_We_0x10000364a,209454,False
func_We_0x10000364c,208366,True
func_We_0x10000364e,209739,True
func_We_0x100003650,210010,False
func_We_0x100003654,208240,False
func_We_0x10000366a,209750,False
func_We_0x10000366e,209568,True
func_We_0x100003671,209190,True
func_We_0x100003d84,208295,False
func_We_0x10000465d,209798,True
func_We_0x100004660,209648,True
func_We_0x100004692,210057,True
func_We_0x1000049e4,209676,False
func_We_0x1000049e6,209303,True
func_We_0x100005537,208220,True
func_We_0x10000553e,209098,False
func_We_0x1000059c1,209757,True
func_We_0x1000059c3,209111,False
func_We_0x1000059c9,208781,False
func_We_0x1000059cf,208362,False
func_We_0x1000059e1,209809,True
func_We_0x1000059e5,209164,True
func_We_0x10000613c,208172,False
func_We_0x1000061f1,209478,True
func_We_0x1000061f3,209145,False
func_We_0x10000641b,209216,True
func_We_0x100006afd,208137,True
func_We_0x100006b59,208604,True
func_We_0x100007325,209500,True
func_We_0x100007330,208562,False
func_We_0x10000737e,208739,False
func_Wo_0x10000293b,208950,True
func_Wt_0x100004f30,208194,True
func_Wt_0x100004f32,208266,True
func_Wt_0x100004f38,209853,False
func_Wt_0x100004f3a,208481,False
func_Wt_0x100004f3c,208388,True
func_Wt_0x100004f40,208533,False
func_Wt_0x1000051a7,209903,False
func_Wt_0x1000051a9,209053,True
func_Wt_0x1000051ad,209965,True
func_Wt_0x1000051b2,208738,True
func_Wt_0x1000051b4,209705,True
func_Wt_0x1000051b8,209195,True
func_Wt_0x1000051ba,208920,False
func_Wt_0x1000051be,209101,False
func_Wt_0x1000051d0,208785,False
func_Wt_0x1000051da,208882,False
func_Wt_0x1000051ec,209172,False
func_Wt_0x1000051fe,208301,False
func_Wt_0x100005202,209339,True
func_Wt_0x100005208,209058,False
func_Wt_0x100005216,209948,False
func_Wt_0x100005228,208569,False
func_Wt_0x10000522c,209270,False
func_Wt_0x10000522e,208427,True
func_Wt_0x100005233,208659,False
func_Wt_0x10000523b,209332,True
func_Wt_0x100005247,209912,False
func_Wt_0x100005249,208739,True
func_Wt_0x100006d18,209142,False
func_Wt_0x100006d2d,208976,True
func_Wt_0x100006d31,208856,True
func_Wt_0x10000771b,208212,False
func_Wt_0x10000771d,209367,False
func_Wt_0x100007723,209565,False
func_Wt_0x10000778c,208143,True
func_Wt_0x10000778e,208353,True
func_Wt_0x100007790,208941,False
func_X0_0x100004c4c,208165,True
func_X0_0x100004c4e,209593,False
func_X0_0x10000754b,208213,True
func_X0_0x10000754f,209001,False
func_X_0x10000020e,209175,False
func_X_0x10000156e,209307,True
func_X_0x1000017ae,209254,False
func_X_0x1000018d3,209176,False
func_X_0x1000018ff,209967,True
func_X_0x100001909,209282,True
func_X_0x100001ccf,208411,True
func_X_0x100001d05,208701,False
func_X_0x100001d07,208194,False
func_X_0x100001d09,208270,True
func_X_0x100001d0d,209988,False
func_X_0x100001d0f,208867,True
func_X_0x100002532,208577,False
func_X_0x100002538,208445,True
func_X_0x1000039c5,208604,False
func_X_0x1000039c7,209689,False
func_X_0x100003e8a,208160,False
func_X_0x100004042,208892,True
func_X_0x100004044,208304,True
func_X_0x100004048,209794,True
func_X_0x10000404a,208557,False
func_X_0x100004051,209076,False
func_X_0x100004057,208886,False
func_X_0x100004059,208602,True
func_X_0x10000433a,208586,True
func_X_0x10000434e,208242,True
func_X_0x100004bdc,209355,False
func_X_0x100004bde,209795,True
func_X_0x100004da9,209774,False
func_X_0x1000054d0,208534,False
func_X_0x1000054d2,208436,False
func_X_0x1000055ab,209533,True
func_X_0x1000055ad,209992,False
func_X_0x1000055af,209693,False
func_X_0x1000055b7,209057,True
func_X_0x1000055b9,208908,True
func_X_0x1000055e8,209548,False
func_X_0x100006028,209868,True
func_X_0x100006030,208214,True
func_X_0x1000061cd,208741,True
func_X_0x1000066f8,208343,True
func_X_0x100006701,209722,False
func_X_0x100006742,208695,True
func_X_0x100006744,209921,True
func_X_0x10000676b,208714,False
func_X_0x10000676f,208645,True
func_X_0x100006783,208580,True
func_X_0x10000679e,208552,False
func_X_0x10000695c,208747,False
func_X_0x10000695e,209608,False
func_X_0x1000070a9,208708,True
func_X_0x1000071b6,209295,True
func_X_0x1000073a3,209650,True
func_X_0x1000073a5,209849,False
func_X_0x1000073a7,208434,True
func_Xe_0x100001ac6,209526,False
func_Xe_0x100001aee,209142,False
func_Xe_0x100001af6,208863,False
func_Xe_0x100001de6,209463,True
func_Xe_0x100001de8,209535,False
func_Xe_0x100001dea,208298,True
func_Xe_0x100001dec,210028,True
func_Xe_0x100001df4,208471,False
func_Xe_0x100001dfe,208632,True
func_Xe_0x100001e02,209767,False
func_Xe_0x100001e06,208578,False
func_Xe_0x100001e08,208759,True
func_Xe_0x100001e0a,209841,True
func_Xe_0x100001e0c,208771,False
func_Xe_0x100003a41,209879,True
func_Xe_0x100003a47,208650,False
func_Xe_0x100003a5f,208351,False
func_Xe_0x100004289,209268,True
func_Xe_0x1000048ae,209635,False
func_Xe_0x10000577c,208805,True
func_Xe_0x100005780,208297,True
func_Xe_0x100005782,208351,True
func_Xe_0x100005808,209335,False
func_Xe_0x10000580a,209427,True
func_Xe_0x10000580c,209358,False
func_Xe_0x100005816,208703,True
func_Xe_0x10000581c,209584,True
func_Xe_0x10000581e,208388,True
func_Xe_0x100005824,208815,True
func_Xe_0x100005828,208684,True
func_Xe_0x10000582a,208662,True
func_Xe_0x10000582c,208792,True
func_Xe_0x100005832,209337,False
func_Xe_0x100005e11,209575,False
func_Xe_0x100005e15,208790,False
func_Xe_0x100006564,209358,True
func_Xe_0x100006566,208167,False
func_Xe_0x100006568,209226,False
func_Xe_0x10000656d,208437,True
func_Xe_0x100006574,209389,False
func_Xe_0x1000065ba,209002,False
func_Xe_0x100006c43,208358,False
func_Xe_0x100006c49,210073,True
func_Xe_0x100006c55,208499,True
func_Xe_0x100006c63,209941,True
func_Xe_0x100006c67,208801,False
func_Xe_0x100006c69,208953,False
func_Xe_0x100007247,208304,False
func_Xe_0x100007249,209566,False
func_Xe_0x10000762e,209274,False
func_Xi_0x1000077b4,208520,False
func_Xi_0x1000077b6,209688,False
func_Xn_0x100000632,209486,True
func_Xn_0x100000634,209117,False
func_Xn_0x100005b50,208489,True
func_Xn_0x100005b60,209011,True
func_Xn_0x100006458,209709,True
func_Xn_0x100006463,208580,True
func_Xo_0x100002d98,209933,True
func_Xt_0x1000051ab,209981,True
func_Xt_0x1000051b0,208676,True
func_Xt_0x1000051cc,209340,True
func_Xt_0x1000051d2,209749,True
func_Xt_0x1000051d8,210072,True
func_Xt_0x1000051e6,208165,True
func_Xt_0x1000051f7,208387,False
func_Xt_0x1000051fa,209521,False
func_Xt_0x100005214,208944,True
func_Xt_0x10000521e,209373,True
func_Xt_0x100005237,209407,False
func_Xt_0x10000523f,209391,True
func_Xt_0x100005259,209728,True
func_Y_0x1000001f8,208510,True
func_Y_0x1000001fa,209111,True
func_Y_0x100001558,209157,False
func_Y_0x1000017dd,209726,True
func_Y_0x1000017df,208137,False
func_Y_0x10000250b,208464,False
func_Y_0x10000250d,208702,True
func_Y_0x10000250f,209443,True
func_Y_0x100002531,209745,True
func_Y_0x100002e85,208588,False
func_Y_0x100002e87,208265,False
func_Y_0x100002e89,209131,True
func_Y_0x100002fa3,208380,False
func_Y_0x1000034f9,209286,False
func_Y_0x10000350f,208201,False
func_Y_0x100003514,209650,False
func_Y_0x100003516,209920,True
func_Y_0x100003631,208144,False
func_Y_0x1000036e7,209646,False
func_Y_0x100003c66,210025,True
func_Y_0x100003e6e,209090,True
func_Y_0x100003e85,208720,True
func_Y_0x100003e8c,208722,True
func_Y_0x100004aee,208798,False
func_Y_0x100004d21,209631,False
func_Y_0x100004dab,209453,True
func_Y_0x100004df6,209115,False
func_Y_0x100004e31,209943,True
func_Y_0x100005303,209868,False
func_Y_0x100005309,208485,True
func_Y_0x10000531b,209427,True
func_Y_0x100005482,209200,False
func_Y_0x100005484,209778,False
func_Y_0x1000054c9,209978,False
func_Y_0x1000054da,210057,True
func_Y_0x100005605,209926,True
func_Y_0x100005609,208515,True
func_Y_0x10000560b,210055,True
func_Y_0x10000601e,210074,False
func_Y_0x10000602e,209298,False
func_Y_0x10000637c,208773,True
func_Y_0x10000638b,208133,True
func_Y_0x100006812,209141,True
func_Y_0x10000691a,209369,True
func_Y_0x100006e51,208126,False
func_Y_0x100006e59,209097,True
func_Y_0x100006e5b,208288,True
func_Y_0x100006e5d,209041,True
func_Y_0x100006e65,209093,True
func_Y_0x100006e69,209195,False
func_Y_0x100006e71,208636,False
func_Y_0x100006e73,208987,True
func_Y_0x100006e75,209490,True
func_Y_0x100006e77,209840,False
func_Y_0x1000070a7,209506,False
func_Y_0x1000070b1,209839,True
func_Y_0x1000070b3,208410,False
func_Y_0x1000070b5,209570,False
func_Y_0x10000718a,208493,False
func_Y_0x100007197,209827,False
func_Y_0x10000719d,209053,False
func_Y_0x100007474,210037,False
func_Y_0x10000747a,209917,True
func_Y_0x10000747c,208524,False
func_Y_0x100007480,209234,False
func_Y_0x100007484,208269,True
func_Y_0x100007488,209553,False
func_Y_0x10000748e,209022,True
func_Ye_0x100003536,210120,False
func_Ye_0x100003538,208947,True
func_Ye_0x100003a58,209973,True
func_Ye_0x100004282,208237,True
func_Ye_0x100004866,209107,False
func_Ye_0x1000049ee,208717,True
func_Ye_0x1000049f0,209315,False
func_Ye_0x1000049f2,209669,False
func_Ye_0x1000049fb,209727,True
func_Ye_0x100005bbd,208520,True
func_Ye_0x100005bc9,209474,False
func_Ye_0x100005bcf,208601,True
func_Ye_0x100005d36,208897,False
func_Ye_0x100005d38,208409,True
func_Ye_0x100005d3c,209487,False
func_Ye_0x100005d3e,208863,True
func_Ye_0x100005d46,209577,False
func_Ye_0x100005d4c,209666,False
func_Ye_0x100005d4e,209574,False
func_Ye_0x100005e0f,209571,False
func_Ye_0x1000066a2,208806,True
func_Ye_0x100006b73,208514,False
func_Ye_0x10000723f,209640,False
func_Ye_0x100007243,208709,True
func_Ye_0x10000726b,209633,True
func_Ye_0x100007288,209619,False
func_Yn_0x100001a97,210044,True
func_Yn_0x100001a99,208903,True
func_Yn_0x100001a9b,208674,True
func_Yn_0x100001abb,208327,False
func_Yn_0x100001abd,209222,False
func_Yn_0x100004c09,208366,False
func_Yn_0x100004c19,208220,False
func_Yn_0x100004c23,208229,False
func_Yn_0x100004c7b,208307,True
func_Yn_0x100004c7d,209420,True
func_Yn_0x100005ceb,209582,False
func_Yn_0x10000755a,208225,True
func_Z0_0x10000277f,208947,False
func_Z0_0x100002781,209356,True
func_Z0_0x100002976,209517,False
func_Z0_0x100002a13,208828,False
func_Z_0x1000017ca,208641,False
func_Z_0x1000017e2,209893,False
func_Z_0x100001bd4,209095,False
func_Z_0x100001c53,208638,False
func_Z_0x100001c55,208701,True
func_Z_0x100002aeb,209660,False
func_Z_0x100002b10,209817,True
func_Z_0x100002efe,210123,True
func_Z_0x1000030a9,209958,True
func_Z_0x1000030c8,208599,True
func_Z_0x10000310c,210070,True
func_Z_0x10000310e,209580,True
func_Z_0x1000031f9,209808,True
func_Z_0x1000031fd,208856,True
func_Z_0x100003205,208279,True
func_Z_0x100003211,209261,False
func_Z_0x1000037cb,208260,True
func_Z_0x1000037d0,209799,True
func_Z_0x1000037da,208698,True
func_Z_0x100003919,208167,False
func_Z_0x100003945,209675,True
func_Z_0x100003c1d,210117,False
func_Z_0x100003c22,208716,True
func_Z_0x100003e99,209654,False
func_Z_0x100003f1d,209445,False
func_Z_0x100003f6b,208175,True
func_Z_0x100004756,208687,False
func_Z_0x100004918,208971,True
func_Z_0x10000491a,208200,True
func_Z_0x100004a66,209008,True
func_Z_0x100004a6a,208902,True
func_Z_0x100004a6c,208557,False
func_Z_0x100004a6f,209512,False
func_Z_0x100004cf6,209822,False
func_Z_0x100004cfc,208963,False
func_Z_0x100004d18,208985,False
func_Z_0x100004d28,209503,True
func_Z_0x100004fc0,209567,True
func_Z_0x100004fd9,209260,False
func_Z_0x100005060,209480,True
func_Z_0x10000528f,209172,True
func_Z_0x10000547f,208231,True
func_Z_0x1000055a8,208530,False
func_Z_0x1000055fe,210073,False
func_Z_0x10000578d,208281,False
func_Z_0x100005bfc,209286,False
func_Z_0x10000635c,209569,True
func_Z_0x100006363,208921,True
func_Z_0x100006366,209517,False
func_Z_0x100006778,209937,False
func_Z_0x10000691d,208182,False
func_Z_0x1000074d5,208324,False
func_Ze_0x100001a94,208422,False
func_Ze_0x100001af0,208691,False
func_Ze_0x100001afc,208666,True
func_Ze_0x100001afe,209628,True
func_Ze_0x100001b03,208469,False
func_Ze_0x100001daa,209145,True
func_Ze_0x100001dee,208986,True
func_Ze_0x100001dfa,209276,True
func_Ze_0x100001dfc,208162,True
func_Ze_0x100001e00,209320,False
func_Ze_0x100001e0e,209924,True
func_Ze_0x100001e10,208586,False
func_Ze_0x100001e14,210113,False
func_Ze_0x100003a28,208829,True
func_Ze_0x100003a45,209099,True
func_Ze_0x100003a97,208813,True
func_Ze_0x10000577e,208750,True
func_Ze_0x100005784,209342,False
func_Ze_0x100005812,209917,True
func_Ze_0x100005826,209343,True
func_Ze_0x100005bd3,208998,True
func_Ze_0x100006571,208319,True
func_Ze_0x10000657a,209797,True
func_Ze_0x100006bfe,209747,False
func_Ze_0x100006c00,209266,False
func_Ze_0x100006c47,210095,False
func_Ze_0x100006c4b,209618,False
func_Ze_0x100006c4d,210003,True
func_Ze_0x100006c4f,208307,False
func_Ze_0x100006c51,208927,False
func_Ze_0x100006c53,209775,True
func_Ze_0x100006c57,209879,True
func_Ze_0x100006c59,208800,False
func_Ze_0x100006c5b,209889,False
func_Ze_0x100006c5d,209949,True
func_Ze_0x100006c5f,208852,True
func_Ze_0x100006c61,208478,True
func_Ze_0x100006c65,209519,False
func_Ze_0x100007349,209593,True
func_Zn_0x1000020be,208264,False
func_Zn_0x10000233a,208675,True
func_Zn_0x10000234e,209234,False
func_Zo_0x10000298e,210105,True
func_Zt_0x1000006ab,209996,True
func_Zt_0x100005afc,209600,True
func_Zt_0x100005b39,210033,False
func_Zt_0x100005e18,208484,True
func_Zt_0x100006456,209734,False
func_Zt_0x100006c8c,208659,True
func_a0_0x1000077d0,208913,False
func_a_0x100000106,209268,False
func_a_0x100000140,209596,False
func_a_0x10000016e,208765,False
func_a_0x1000001de,208793,True
func_a_0x10000030b,209062,False
func_a_0x10000035f,210052,False
func_a_0x100000440,208883,True
func_a_0x100000772,208184,True
func_a_0x1000007c1,208317,False
func_a_0x1000007d5,208143,True
func_a_0x100000805,208962,True
func_a_0x100000842,208505,True
func_a_0x1000008a1,208697,False
func_a_0x1000008eb,209289,True
func_a_0x1000008ef,209911,False
func_a_0x10000091b,208644,True
func_a_0x10000161f,208761,True
func_a_0x100001968,208459,True
func_a_0x100001a3a,209627,False
func_a_0x100001b4f,208156,True
func_a_0x100001c7d,209402,False
func_a_0x100002482,209286,True
func_a_0x1000024bb,209642,True
func_a_0x100002568,209433,True
func_a_0x100002a6f,208634,True
func_a_0x100002ee7,209388,True
func_a_0x10000301a,209473,False
func_a_0x10000302a,209063,True
func_a_0x100003055,208194,False
func_a_0x100003171,208533,True
func_a_0x10000317e,209237,True
func_a_0x100003183,208630,True
func_a_0x1000031a1,208774,False
func_a_0x10000323c,209213,False
func_a_0x100003248,209694,True
func_a_0x10000324c,209159,True
func_a_0x10000333a,208254,False
func_a_0x10000336a,209120,False
func_a_0x1000033d3,209500,True
func_a_0x1000033d5,208509,True
func_a_0x10000367a,208778,True
func_a_0x100003782,208148,False
func_a_0x10000380e,209644,False
func_a_0x10000392c,209938,True
func_a_0x100003dad,208166,False
func_a_0x100003f2a,210042,False
func_a_0x100003fb8,209867,True
func_a_0x10000400e,208930,True
func_a_0x100004031,208764,True
func_a_0x10000413e,208203,False
func_a_0x1000041e7,209780,False
func_a_0x100004206,209692,True
func_a_0x100004404,209738,False
func_a_0x100004482,209772,True
func_a_0x1000044b6,210096,True
func_a_0x1000044e2,209776,True
func_a_0x10000452c,208781,True
func_a_0x1000045a0,209763,False
func_a_0x1000045ac,209399,False
func_a_0x100004695,209485,False
func_a_0x1000046f5,208595,True
func_a_0x100004786,209528,True
func_a_0x100004909,208458,True
func_a_0x100004ba1,209080,False
func_a_0x100004ba3,209046,True
func_a_0x100004ba6,208666,True
func_a_0x100004d35,209789,True
func_a_0x100004d41,209282,False
func_a_0x100004d44,209604,True
func_a_0x100004d59,209416,True
func_a_0x100004e0d,209689,False
func_a_0x100005066,208927,True
func_a_0x10000536b,209525,True
func_a_0x100005694,208838,False
func_a_0x1000056a3,209201,False
func_a_0x1000058c7,209586,False
func_a_0x100005a04,209880,True
func_a_0x10000681c,208647,True
func_a_0x100006a52,209484,True
func_a_0x100006a74,208911,True
func_a_0x1000077e2,209214,True
func_a_0x100007822,209728,False
func_ae_0x10000155d,208451,False
func_ae_0x10000162d,208211,False
func_ae_0x100001630,209267,False
func_ae_0x100001632,209473,False
func_ae_0x10000164f,208667,True
func_ae_0x100001653,208630,False
func_ae_0x100001655,210016,False
func_ae_0x100001754,209509,False
func_ae_0x10000179e,209830,False
func_ae_0x100001902,209035,False
func_ae_0x100001906,208594,True
func_ae_0x100001cff,209507,False
func_ae_0x100003465,208244,False
func_ae_0x10000346d,209451,True
func_ae_0x1000034b4,208165,True
func_ae_0x1000034b6,210109,True
func_ae_0x1000039cd,208299,False
func_ae_0x100003d7f,209446,True
func_ae_0x100003d81,208995,False
func_ae_0x100003e6b,209643,False
func_ae_0x100004087,208293,True
func_ae_0x1000043a0,208564,True
func_ae_0x100004bd0,209554,True
func_ae_0x100004be3,208909,True
func_ae_0x100004be5,209035,False
func_ae_0x100005310,209431,True
func_ae_0x1000058ff,208620,True
func_ae_0x100005908,209668,False
func_ae_0x10000592f,209349,True
func_ae_0x100005932,208798,False
func_ae_0x100005b97,209290,True
func_ae_0x100005b9d,208291,False
func_ae_0x100005b9f,208416,True
func_ae_0x100005ba5,208265,False
func_ae_0x100005be6,208667,False
func_ae_0x100005c50,209254,True
func_ae_0x100006087,208576,False
func_ae_0x100006099,209349,True
func_ae_0x10000609f,209338,True
func_ae_0x1000060a1,209740,True
func_ae_0x1000060a3,208953,False
func_ae_0x1000060a6,208297,True
func_ae_0x1000061e4,208871,True
func_ae_0x100006ecb,208459,False
func_ae_0x100007028,209279,True
func_ae_0x1000070aa,209742,False
func_ae_0x10000717b,208993,True
func_ae_0x100007183,208182,False
func_ae_0x100007333,208140,True
func_ae_0x100007383,208542,False
func_at_0x10000209b,209768,True
func_at_0x10000209d,209395,False
func_at_0x10000209f,210001,False
func_at_0x1000020a5,209085,False
func_at_0x1000020a9,209879,False
func_at_0x1000020b4,209351,True
func_at_0x1000020b6,209184,False
func_at_0x1000020c2,208185,False
func_at_0x1000020ca,208204,False
func_at_0x1000020dd,209640,True
func_at_0x1000020df,209182,False
func_at_0x1000020ed,208939,True
func_at_0x1000020ef,209381,False
func_at_0x1000020f3,209039,True
func_at_0x1000020f5,209083,True
func_at_0x1000020f9,209970,True
func_at_0x1000020fb,208755,False
func_at_0x1000020fd,208620,False
func_at_0x100002109,208287,False
func_at_0x10000210d,208213,True
func_at_0x10000210f,209543,False
func_at_0x100002119,209512,False
func_at_0x10000211b,210074,False
func_at_0x10000211d,209047,True
func_at_0x100002121,209449,False
func_at_0x100002125,208496,False
func_at_0x100002127,208550,False
func_at_0x100002129,208681,True
func_at_0x10000212b,208571,False
func_at_0x10000212f,208754,True
func_at_0x100002131,209875,True
func_at_0x100002133,208499,True
func_at_0x100002135,209899,False
func_at_0x100002137,209867,False
func_at_0x100002139,208776,False
func_at_0x10000213d,208605,False
func_at_0x100002141,210020,False
func_at_0x100002145,208366,False
func_at_0x100002147,209262,False
func_at_0x100002149,208607,True
func_at_0x10000214b,209376,True
func_at_0x10000214f,210069,False
func_at_0x100002151,208596,True
func_at_0x100002155,209686,False
func_at_0x100002157,208579,False
func_at_0x100002159,208429,False
func_at_0x10000215b,209063,False
func_at_0x10000215f,209930,True
func_at_0x100002161,208372,True
func_at_0x100002163,210040,True
func_at_0x100002165,208214,False
func_at_0x100002167,209354,False
func_at_0x10000216b,208376,True
func_at_0x10000216d,209698,True
func_at_0x10000216f,209793,False
func_at_0x100002173,209848,False
func_at_0x100002177,209706,False
func_at_0x100002179,208681,False
func_at_0x10000217d,208534,False
func_at_0x100002181,208149,True
func_at_0x100002183,208876,True
func_at_0x100002187,208146,True
func_at_0x10000218f,208663,True
func_at_0x100002197,209945,False
func_at_0x100002199,208719,False
func_at_0x10000219b,208144,True
func_at_0x10000219f,209973,False
func_at_0x1000021a1,209461,True
func_at_0x1000021a5,209302,False
func_at_0x1000021a7,209650,False
func_at_0x1000021ad,210083,True
func_at_0x1000021af,209867,False
func_at_0x1000021b3,209343,False
func_at_0x1000021bb,208443,False
func_at_0x1000021bd,210105,True
func_at_0x1000021c3,208250,True
func_at_0x1000021cd,208885,True
func_at_0x1000021d7,208250,False
func_at_0x1000021e1,209265,False
func_at_0x1000021e3,209578,True
func_at_0x1000021ed,209476,False
func_at_0x1000021f7,208150,True
func_at_0x1000021fb,208357,False
func_at_0x1000021fd,209079,False
func_at_0x100002205,208968,True
func_at_0x100002209,208384,True
func_at_0x10000220d,208950,True
func_at_0x10000220f,209785,False
func_at_0x100002213,209278,True
func_at_0x10000221b,208604,False
func_at_0x10000221d,208991,True
func_at_0x100002221,208519,False
func_at_0x100002223,208228,True
func_at_0x100002227,209538,False
func_at_0x10000222b,209930,False
func_at_0x10000222d,208421,True
func_at_0x10000222f,209792,False
func_at_0x100002233,208216,False
func_at_0x10000223d,209968,True
func_at_0x10000223f,208939,False
func_at_0x100002241,208860,False
func_at_0x100002243,210096,False
func_at_0x100002245,208705,False
func_at_0x100002247,208712,True
func_at_0x10000224b,208636,False
func_at_0x10000224f,210046,False
func_at_0x100002251,209170,True
func_at_0x100002255,208604,True
func_at_0x100002257,209167,False
func_at_0x10000225b,208889,True
func_at_0x10000225f,209501,False
func_at_0x100002265,209556,True
func_at_0x100002267,208922,True
func_at_0x100002269,208570,True
func_at_0x10000226f,208386,True
func_at_0x10000227d,208614,False
func_at_0x10000227f,210088,False
func_at_0x10000228b,209083,False
func_at_0x10000228f,209759,True
func_at_0x100002293,208994,False
func_at_0x100002297,208886,True
func_at_0x10000229b,209101,False
func_at_0x1000022af,209234,True
func_at_0x1000022b1,208698,False
func_at_0x1000022b3,208260,True
func_at_0x1000022b5,208993,True
func_at_0x1000022b9,208626,True
func_at_0x1000022c1,209670,False
func_at_0x1000022c5,208157,False
func_at_0x1000022cb,210117,False
func_at_0x1000022cf,209265,False
func_at_0x1000022d5,209147,False
func_at_0x1000022dd,208990,False
func_at_0x1000022e3,209721,False
func_at_0x1000022e7,209897,False
func_at_0x1000022ed,209860,True
func_at_0x1000022f1,210002,False
func_at_0x1000022f5,208957,True
func_at_0x1000022f9,208723,False
func_at_0x1000022fd,209825,True
func_at_0x100002303,208661,False
func_at_0x10000230d,208940,False
func_at_0x10000230f,209575,False
func_at_0x100002317,208656,True
func_at_0x100002319,209284,False
func_at_0x10000231f,208929,False
func_at_0x100002327,208847,False
func_at_0x100002329,209342,False
func_at_0x100002333,210036,True
func_at_0x100002338,209818,True
func_at_0x100002409,208333,True
func_at_0x100002413,209168,False
func_b0_0x100002765,208482,True
func_b0_0x100002772,210125,True
func_b0_0x100002787,209015,True
func_b0_0x100002789,209687,False
func_b0_0x100002904,210024,True
func_b0_0x100002933,209240,True
func_b0_0x100002952,208578,False
func_b_0x10000004d,209581,True
func_b_0x1000008cf,209158,True
func_b_0x100001546,208393,True
func_b_0x100001624,209438,False
func_b_0x1000018c1,208200,False
func_b_0x10000191f,208261,True
func_b_0x100001965,209305,False
func_b_0x1000019f7,209800,True
func_b_0x100001a86,208242,False
func_b_0x100001b47,208452,False
func_b_0x100001b73,208645,True
func_b_0x100001ca4,209305,False
func_b_0x100001f65,209219,True
func_b_0x100003020,209983,False
func_b_0x10000319a,208691,True
func_b_0x10000319c,209886,False
func_b_0x10000324d,208502,True
func_b_0x100003320,208722,False
func_b_0x100003322,209500,True
func_b_0x100003346,208230,False
func_b_0x100003348,209674,False
func_b_0x1000033b7,209397,True
func_b_0x1000033bf,209385,False
func_b_0x1000033f0,209854,False
func_b_0x1000033ff,209315,True
func_b_0x10000358d,210105,False
func_b_0x1000036c7,209077,False
func_b_0x10000381b,208627,True
func_b_0x100003b49,209721,False
func_b_0x100003bd4,209079,True
func_b_0x100003bdb,208997,True
func_b_0x1000041a5,209668,True
func_b_0x1000041df,209760,False
func_b_0x1000041e8,208201,True
func_b_0x1000041ea,209340,False
func_b_0x10000440f,209848,True
func_b_0x100004411,208429,True
func_b_0x1000045d2,209621,False
func_b_0x1000045e6,208250,True
func_b_0x10000472f,208159,False
func_b_0x100004783,209830,False
func_b_0x100004790,209424,False
func_b_0x1000047b3,208278,True
func_b_0x100004803,209626,False
func_b_0x100004a5e,208148,False
func_b_0x100004a8c,208695,True
func_b_0x100004ffe,209137,True
func_b_0x100005339,208614,False
func_b_0x10000554b,209350,True
func_b_0x1000055f2,208195,True
func_b_0x1000056bd,209461,False
func_b_0x1000058b1,209904,False
func_b_0x100005a39,208772,False
func_b_0x100005c8d,208531,True
func_b_0x100005c8f,208637,False
func_b_0x100005d51,208321,True
func_b_0x10000604b,209321,True
func_b_0x1000060e1,209163,False
func_b_0x10000671d,210086,True
func_b_0x100006a7a,208598,False
func_b_0x10000713b,208651,True
func_be_0x100000481,209957,False
func_be_0x1000006a9,209827,False
func_be_0x1000006ad,208309,False
func_be_0x1000006af,208684,False
func_be_0x1000006b2,209675,True
func_be_0x1000006b8,208944,True
func_be_0x1000006ba,208312,False
func_be_0x1000006c3,208568,False
func_be_0x1000006c5,208646,True
func_be_0x1000006cc,210045,False
func_be_0x1000006d4,208540,True
func_be_0x1000006d8,209877,True
func_be_0x1000006dc,209777,True
func_be_0x100001829,209131,False
func_be_0x10000182d,208347,False
func_be_0x1000018ad,209643,True
func_be_0x1000018af,208413,True
func_be_0x1000018b9,208218,False
func_be_0x10000653e,208522,False
func_be_0x100006542,208303,True
func_bi_0x1000020c7,208661,False
func_bt_0x100001eae,209205,True
func_bt_0x100001eb0,210004,True
func_bt_0x100001eb2,209947,True
func_bt_0x100002fbf,209456,False
func_bt_0x100002fc1,208629,True
func_bt_0x10000353b,208865,True
func_bt_0x10000353f,209640,False
func_bt_0x100003545,209707,False
func_bt_0x100003547,209322,True
func_bt_0x10000354b,208429,True
func_bt_0x10000354d,209842,False
func_bt_0x10000355f,210015,False
func_bt_0x10000357f,209062,True
func_bt_0x1000042f7,208934,False
func_bt_0x1000042fd,208456,True
func_bt_0x100005ba7,209121,True
func_bt_0x1000063fa,210090,True
func_bt_0x1000068a1,209079,True
func_bt_0x1000069ed,209000,False
func_bt_0x100006ed4,209690,False
func_bt_0x100006ed6,208488,False
func_bt_0x100006ed8,209581,False
func_bt_0x100006eda,208658,True
func_bt_0x100006edc,208933,False
func_bt_0x1000070d6,209568,True
func_bt_0x10000712e,209357,True
func_bt_0x100007392,208710,True
func_bt_0x100007396,209081,True
func_c0_0x100001acb,208680,False
func_c0_0x100003292,208599,True
func_c0_0x100004c46,209236,False
func_c0_0x100004c78,208131,True
func_c0_0x100004cc5,208682,True
func_c0_0x100004cdd,208736,False
func_c0_0x100007357,208812,False
func_c_0x100000004,208392,False
func_c_0x100000013,209463,True
func_c_0x100000076,209233,False
func_c_0x100000295,209469,True
func_c_0x100000299,208266,True
func_c_0x1000002b0,209774,True
func_c_0x1000002e1,208389,False
func_c_0x100000304,209125,False
func_c_0x100000378,208536,True
func_c_0x10000039b,208773,True
func_c_0x1000003d3,209107,True
func_c_0x1000003ef,208401,False
func_c_0x1000003fa,208237,False
func_c_0x100000411,208320,True
func_c_0x10000041a,208922,True
func_c_0x10000044b,208364,True
func_c_0x100000458,208493,True
func_c_0x1000006f1,209304,False
func_c_0x1000006fd,208692,False
func_c_0x10000071a,209199,False
func_c_0x100000725,208866,False
func_c_0x100000745,208728,True
func_c_0x100000779,209058,True
func_c_0x1000007a4,209295,True
func_c_0x1000007d0,209573,True
func_c_0x1000007dc,208277,True
func_c_0x100000836,209780,True
func_c_0x100000847,209530,True
func_c_0x100000852,208211,False
func_c_0x10000088d,209342,False
func_c_0x1000008e7,208782,False
func_c_0x1000008f6,208170,True
func_c_0x1000016a9,208722,False
func_c_0x100001a78,209859,True
func_c_0x100001a8d,208333,True
func_c_0x100001c8a,208774,True
func_c_0x100001f40,208127,False
func_c_0x1000024a1,208533,False
func_c_0x1000024ae,209102,False
func_c_0x100002ee0,208197,True
func_c_0x100002faa,210013,False
func_c_0x100003103,209594,False
func_c_0x100003132,208210,True
func_c_0x100003157,208298,True
func_c_0x10000316c,208276,True
func_c_0x10000326e,209522,True
func_c_0x100003277,209141,False
func_c_0x100003280,208972,True
func_c_0x10000334b,208313,False
func_c_0x100003393,209364,True
func_c_0x100003398,208390,True
func_c_0x1000033f7,209750,False
func_c_0x100003422,208697,True
func_c_0x100003690,210056,True
func_c_0x10000378e,208317,False
func_c_0x100003b77,208162,True
func_c_0x100003b98,209034,True
func_c_0x100003ba8,208447,True
func_c_0x100003c90,208171,False
func_c_0x100003db5,208693,False
func_c_0x100003e34,209078,True
func_c_0x100003e38,210030,False
func_c_0x100003e3e,208380,True
func_c_0x100003ebe,208778,True
func_c_0x100003ef4,209639,True
func_c_0x100003f91,208831,True
func_c_0x100003fe4,209203,True
func_c_0x100003ffe,209915,True
func_c_0x1000041de,209382,False
func_c_0x100004423,209364,False
func_c_0x10000445a,210041,False
func_c_0x100004479,209519,False
func_c_0x1000044d8,209180,False
func_c_0x1000046de,208448,True
func_c_0x1000046e7,209065,True
func_c_0x1000046f0,208356,False
func_c_0x10000476d,208318,True
func_c_0x10000477f,209025,True
func_c_0x1000047d8,209807,False
func_c_0x100004904,208672,False
func_c_0x10000498b,208482,False
func_c_0x100004b95,209722,True
func_c_0x100004d2b,209086,False
func_c_0x100004d39,209380,True
func_c_0x100004d8a,208166,True
func_c_0x100004faa,208779,False
func_c_0x10000506e,208536,False
func_c_0x100005075,209172,True
func_c_0x10000507c,208962,True
func_c_0x100005297,209652,True
func_c_0x100005693,209387,True
func_c_0x1000059f5,209282,True
func_c_0x1000059fc,208974,False
func_c_0x100005a15,208905,False
func_c_0x100005a21,208283,False
func_c_0x100005b8d,208178,False
func_c_0x100006acc,209165,False
func_c_0x1000077fa,208249,True
func_ce_0x100001565,208789,False
func_ce_0x1000017aa,209915,False
func_ce_0x100001904,209556,False
func_ce_0x100001cc6,208667,True
func_ce_0x100001d1d,209602,False
func_ce_0x100001d23,208957,True
func_ce_0x100001d25,208564,True
func_ce_0x100002449,208566,False
func_ce_0x100002cb6,209179,True
func_ce_0x100002cce,209553,True
func_ce_0x100002cd6,208767,False
func_ce_0x100002cda,208624,True
func_ce_0x100002cde,208489,True
func_ce_0x100002ce2,209321,True
func_ce_0x100002ce6,208657,True
func_ce_0x1000034d6,209238,False
func_ce_0x1000034dc,209700,False
func_ce_0x1000034de,208571,True
func_ce_0x1000034e0,209740,False
func_ce_0x1000034e2,209965,False
func_ce_0x1000034e6,209500,True
func_ce_0x100003d89,210052,False
func_ce_0x100003e61,208202,True
func_ce_0x10000434f,209830,False
func_ce_0x10000439a,208552,True
func_ce_0x10000439c,210088,True
func_ce_0x10000439e,209660,False
func_ce_0x1000043a2,210046,False
func_ce_0x1000043a6,208602,True
func_ce_0x100005312,209131,True
func_ce_0x10000541a,208803,False
func_ce_0x10000593b,208804,False
func_ce_0x100005b99,209548,True
func_ce_0x100005ba1,208244,False
func_ce_0x100005ba3,208569,True
func_ce_0x100005c53,209840,True
func_ce_0x100006085,208880,False
func_ce_0x10000609d,208743,True
func_ce_0x1000061d1,209046,False
func_ce_0x1000061da,209209,True
func_ce_0x100006208,209050,True
func_ce_0x1000066e2,208798,True
func_ce_0x10000694e,209617,True
func_ce_0x100006ecf,209333,False
func_ce_0x10000717f,209511,True
func_cn_0x100001aac,210090,True
func_cn_0x100001dc1,208824,False
func_cn_0x100004c2c,208371,False
func_cn_0x100004c30,208127,False
func_cn_0x100004c34,208223,True
func_cn_0x100004c3a,208869,False
func_cn_0x100004c3e,209589,True
func_cn_0x100004c42,209790,False
func_cn_0x100006690,208482,False
func_cn_0x100006c8b,208579,True
func_cn_0x10000735d,209936,True
func_cn_0x100007595,209453,False
func_ct_0x100001eb8,208215,True
func_ct_0x100002fcf,208873,True
func_ct_0x100003580,209866,False
func_ct_0x100003583,208285,True
func_ct_0x10000399b,208705,True
func_ct_0x100004264,209598,True
func_ct_0x10000483a,209186,False
func_ct_0x10000483c,209328,False
func_ct_0x10000484a,209484,True
func_ct_0x1000063d1,208302,True
func_ct_0x100006ede,208241,False
func_ct_0x100007340,209172,True
func_ct_0x100007342,208220,True
func_d_0x100000235,210085,False
func_d_0x100000246,208913,False
func_d_0x10000026e,209423,True
func_d_0x1000002e4,209752,True
func_d_0x100000320,209896,False
func_d_0x1000007a8,208269,True
func_d_0x1000007bb,209956,False
func_d_0x1000007f8,208165,False
func_d_0x10000085d,208240,False
func_d_0x10000091f,208820,False
func_d_0x10000195d,209570,True
func_d_0x100001a54,209148,True
func_d_0x100001b39,209455,True
func_d_0x100001b5d,209931,False
func_d_0x100001b99,209424,True
func_d_0x100001b9b,209636,False
func_d_0x1000024ab,209369,False
func_d_0x1000024c4,209131,False
func_d_0x100002a74,209483,True
func_d_0x100002ada,208156,False
func_d_0x100002f1a,208866,True
func_d_0x100002f1e,209455,False
func_d_0x100002fab,209693,True
func_d_0x100003017,209297,True
func_d_0x10000306b,209588,True
func_d_0x10000308b,209397,True
func_d_0x1000030bd,208989,True
func_d_0x1000030fe,208237,True
func_d_0x100003105,209555,False
func_d_0x10000312d,209411,False
func_d_0x100003159,208792,False
func_d_0x10000315c,209848,True
func_d_0x10000316e,209025,True
func_d_0x100003180,208387,True
func_d_0x1000031f8,208634,False
func_d_0x100003246,208842,True
func_d_0x100003319,208893,True
func_d_0x10000332d,209635,True
func_d_0x100003333,209207,True
func_d_0x100003341,209334,True
func_d_0x100003357,208851,True
func_d_0x100003395,209016,False
func_d_0x10000339a,209393,False
func_d_0x10000378b,208844,True
func_d_0x10000382d,209030,False
func_d_0x100003b45,209520,False
func_d_0x100003bd1,209149,True
func_d_0x100003c92,208668,True
func_d_0x100003cd3,209106,True
func_d_0x100003d19,209050,False
func_d_0x100003d22,209632,True
func_d_0x100003d28,208398,True
func_d_0x100003db2,209621,False
func_d_0x100003e45,209332,False
func_d_0x100003efd,209762,False
func_d_0x100003f27,208744,True
func_d_0x100003f93,208371,False
func_d_0x100003fc3,209718,True
func_d_0x1000040a5,208929,True
func_d_0x100004131,209748,True
func_d_0x10000442d,208673,False
func_d_0x100004433,210050,False
func_d_0x10000445f,209793,True
func_d_0x100004552,209348,True
func_d_0x100004554,209857,True
func_d_0x100004697,208130,False
func_d_0x100004b4c,209152,False
func_d_0x100004d3d,208526,True
func_d_0x100005069,209351,True
func_d_0x10000506b,208349,True
func_d_0x100005077,209496,False
func_d_0x100005087,209237,False
func_d_0x100005089,208247,True
func_d_0x10000508c,209802,False
func_d_0x1000052a2,208142,False
func_d_0x100005567,209831,False
func_d_0x100005697,209602,False
func_d_0x1000056a9,209541,True
func_d_0x10000593f,208857,True
func_d_0x100005995,209916,False
func_d_0x100005a1e,209931,True
func_d_0x100005c13,209809,False
func_d_0x1000068e9,208781,False
func_d_0x100006dfa,208954,False
func_d_0x10000713e,208419,True
func_de_0x100003a1f,208308,False
func_de_0x100003a57,209798,True
func_de_0x100003a73,210083,False
func_de_0x100003a89,208556,False
func_de_0x100003a90,208834,True
func_de_0x100003aa4,208257,False
func_de_0x100003aa7,209128,True
func_de_0x10000426d,210006,True
func_de_0x100004278,208723,False
func_de_0x1000042ac,209151,True
func_de_0x1000043d3,208383,False
func_de_0x1000043dd,209900,True
func_de_0x100004858,209138,False
func_de_0x100004862,209372,True
func_de_0x1000049f4,209367,False
func_de_0x100004a09,208150,True
func_de_0x100004a0b,208986,False
func_de_0x100004a0d,208854,False
func_de_0x100004a17,208139,False
func_de_0x100004a19,209018,False
func_de_0x100004a1b,208199,False
func_de_0x100004a23,209587,True
func_de_0x100004c49,209701,False
func_de_0x100005757,209919,True
func_de_0x10000575b,209497,False
func_de_0x10000575d,209455,True
func_de_0x100005761,209084,False
func_de_0x100005769,209714,True
func_de_0x10000669a,208158,False
func_de_0x10000669c,208164,False
func_de_0x10000683f,209425,False
func_de_0x10000725c,208202,False
func_de_0x100007262,208617,True
func_de_0x100007269,209400,True
func_de_0x1000072b0,210053,True
func_de_0x1000072b2,208561,False
func_de_0x100007417,209764,True
func_de_0x10000741b,208823,True
func_de_0x10000742b,208994,False
func_de_0x10000742d,209729,True
func_de_0x10000742f,208317,True
func_de_0x100007431,208830,True
func_de_0x100007436,209327,False
func_de_0x100007438,209658,False
func_de_0x10000743d,208666,False
func_de_0x100007440,208492,True
func_de_0x10000744c,208581,False
func_de_0x10000744e,209838,True
func_de_0x100007453,208155,False
func_de_0x100007459,208909,False
func_de_0x10000745b,210035,False
func_de_0x100007460,208782,False
func_di_0x100002d46,210062,False
func_di_0x100002d56,210025,True
func_di_0x100002d68,209389,True
func_di_0x1000077b3,209549,True
func_dn_0x1000025b0,208937,False
func_dn_0x1000025b4,209127,False
func_dn_0x100005868,209767,False
func_dn_0x100005877,209349,True
func_dn_0x100005879,209064,False
func_dn_0x10000587d,208558,False
func_dn_0x100005aec,209529,False
func_dn_0x100005aee,208958,False
func_dn_0x100006217,209913,False
func_dn_0x100006219,208353,False
func_dn_0x100006223,209985,True
func_dn_0x100006225,209136,True
func_dn_0x100006227,208452,False
func_dn_0x100006237,208996,True
func_dn_0x10000623d,209738,True
func_dn_0x100006250,209601,False
func_dn_0x100006275,209723,False
func_dn_0x100006277,208823,True
func_dn_0x10000627b,209792,False
func_dn_0x100006298,208599,True
func_dn_0x10000631b,208992,True
func_dn_0x100006cb7,209660,True
func_dn_0x100006cb9,209237,False
func_dn_0x100006cc3,209323,False
func_dn_0x100006cc5,208165,True
func_dt_0x100000784,209119,False
func_e_0x100000049,208636,True
func_e_0x1000003a4,209539,False
func_e_0x1000003e5,209612,True
func_e_0x1000003ff,209041,True
func_e_0x100000404,209005,True
func_e_0x100000431,208477,False
func_e_0x100000845,208600,False
func_e_0x100000850,209832,False
func_e_0x100000865,209782,True
func_e_0x10000089d,208800,True
func_e_0x1000008b7,210047,True
func_e_0x1000008be,208992,False
func_e_0x1000008e1,208360,False
func_e_0x100000911,208901,False
func_e_0x100000915,209246,True
func_e_0x100001914,208392,True
func_e_0x100001ec6,209218,False
func_e_0x100001ed7,208508,True
func_e_0x100001ed9,208194,True
func_e_0x100001edc,209667,True
func_e_0x100001eed,209648,True
func_e_0x100001ef1,208136,False
func_e_0x100001efd,208789,True
func_e_0x100001f08,210100,True
func_e_0x100001f11,209368,True
func_e_0x100001f2a,208800,False
func_e_0x100002485,208887,False
func_e_0x1000024d3,208780,True
func_e_0x100002554,209836,True
func_e_0x100002fd5,209361,False
func_e_0x1000033a5,208996,True
func_e_0x1000033c9,208160,True
func_e_0x1000033da,208215,True
func_e_0x100003533,210066,True
func_e_0x10000356e,208656,True
func_e_0x1000035c2,208133,False
func_e_0x10000363c,208787,True
func_e_0x100003a26,209499,True
func_e_0x100003a5b,208770,True
func_e_0x100003a9f,209617,False
func_e_0x100003ab0,209417,False
func_e_0x100003ab3,209426,False
func_e_0x100003ab5,209616,True
func_e_0x100003ab9,208601,False
func_e_0x100003b2a,209117,False
func_e_0x100003b51,209861,True
func_e_0x100003b55,208535,True
func_e_0x100003b61,208182,True
func_e_0x100003b69,209412,False
func_e_0x100003b81,209304,True
func_e_0x100003b89,209263,False
func_e_0x100003b8b,209787,False
func_e_0x100004134,209067,True
func_e_0x100004152,208285,True
func_e_0x10000415d,208810,False
func_e_0x100004163,209018,False
func_e_0x100004169,210023,False
func_e_0x1000043b3,209043,False
func_e_0x1000043b7,208831,False
func_e_0x1000043b9,209011,False
func_e_0x1000043c1,209637,True
func_e_0x1000043c9,209413,False
func_e_0x1000043cb,208125,True
func_e_0x1000043cd,209921,True
func_e_0x1000043cf,209706,False
func_e_0x1000043d1,209090,False
func_e_0x1000043db,209524,False
func_e_0x1000044ff,209618,False
func_e_0x100004b7a,208295,True
func_e_0x100004d70,209480,True
func_e_0x10000575f,209900,True
func_e_0x100005c93,208838,True
func_e_0x100005d84,209440,False
func_e_0x100006b78,209520,False
func_e_0x100006b7c,209517,True
func_e_0x100006bb5,209458,True
func_e_0x100006bd1,209025,False
func_e_0x100007827,208672,False
func_ee_0x100001585,209993,False
func_ee_0x1000015b4,208920,True
func_ee_0x1000015b6,208545,True
func_ee_0x100001657,208832,False
func_ee_0x10000175a,208888,True
func_ee_0x1000017a4,209692,False
func_ee_0x10000190f,208340,False
func_ee_0x100001cc7,209157,True
func_ee_0x100002fba,209410,True
func_ee_0x100003457,208680,True
func_ee_0x100003463,208389,True
func_ee_0x10000346f,209273,False
func_ee_0x100003471,209032,False
func_ee_0x10000347b,208326,False
func_ee_0x10000347d,208555,False
func_ee_0x100003496,210063,False
func_ee_0x100004085,208469,True
func_ee_0x10000463b,209038,False
func_ee_0x10000463d,208908,False
func_ee_0x100004645,208478,False
func_ee_0x1000049e3,209631,True
func_ee_0x100005546,208899,True
func_ee_0x100005626,208140,False
func_ee_0x10000562a,208376,False
func_ee_0x100005663,209883,False
func_ee_0x100005669,208548,False
func_ee_0x100005676,209330,False
func_ee_0x100005680,208931,True
func_ee_0x100005684,209838,True
func_ee_0x100005686,209406,False
func_ee_0x100005689,209235,True
func_ee_0x10000568d,209774,False
func_ee_0x10000590b,208522,False
func_ee_0x100005be7,208979,False
func_ee_0x100006138,208148,True
func_ee_0x100006148,209311,False
func_ee_0x100006156,209883,False
func_ee_0x1000061d7,209432,False
func_ee_0x1000061df,209412,False
func_ee_0x1000061ed,208734,False
func_ee_0x1000066e3,208808,False
func_ee_0x1000066e6,209981,False
func_ee_0x10000684c,209562,True
func_ee_0x100006e00,208874,True
func_ee_0x100006ec1,208237,True
func_ee_0x10000732d,208718,True
func_en_0x100001ebc,210026,False
func_en_0x100002fcd,208785,True
func_en_0x100002ff7,208656,False
func_en_0x100003567,208468,False
func_en_0x100003584,209008,False
func_en_0x1000042b3,208410,True
func_en_0x1000043ae,208408,True
func_en_0x10000484e,209117,True
func_en_0x10000591b,209162,True
func_en_0x10000591d,209756,False
func_en_0x10000592b,209559,False
func_en_0x100005ba8,209281,True
func_en_0x100005baa,209626,False
func_en_0x100005bae,208528,True
func_en_0x100005bb4,208626,False
func_en_0x100005bb8,208900,True
func_en_0x1000068a6,208193,False
func_en_0x1000068a8,208630,False
func_en_0x1000068aa,208196,True
func_en_0x100006ee0,209586,True
func_en_0x10000710a,209528,False
func_en_0x100007344,209481,False
func_en_0x100007397,208330,False
func_et_0x100002674,209867,True
func_ex_0x100002d96,210041,False
func_f0_0x10000063b,209979,True
func_f0_0x10000648d,209815,False
func_f0_0x100006495,208998,False
func_f0_0x10000649b,209640,True
func_f_0x10000012f,209625,True
func_f_0x1000001b4,208477,False
func_f_0x1000001d3,209099,False
func_f_0x1000002a0,208492,True
func_f_0x1000002a2,208761,False
func_f_0x1000002a4,209347,True
func_f_0x100000810,208842,True
func_f_0x1000017ea,208719,False
func_f_0x100001928,208909,True
func_f_0x100001973,208953,True
func_f_0x1000019bd,209607,True
func_f_0x1000019f3,209336,False
func_f_0x100001a59,208352,False
func_f_0x100001a5b,209278,False
func_f_0x100001b50,208546,False
func_f_0x100001b56,209440,True
func_f_0x100001c17,209845,False
func_f_0x100001cad,208591,False
func_f_0x1000024cb,209578,True
func_f_0x100002a90,209786,True
func_f_0x100002a92,208998,False
func_f_0x100002a96,209434,True
func_f_0x100002a98,208200,True
func_f_0x1000030f5,209446,True
func_f_0x100003133,209479,False
func_f_0x10000315d,209720,False
func_f_0x1000031e7,209284,False
func_f_0x100003236,209305,True
func_f_0x100003263,208199,True
func_f_0x100003267,208150,True
func_f_0x100003269,209241,False
func_f_0x10000326b,209136,True
func_f_0x100003313,208277,False
func_f_0x10000335b,208386,True
func_f_0x10000338d,209899,False
func_f_0x100003419,209299,False
func_f_0x100003431,209881,False
func_f_0x10000381c,208446,True
func_f_0x10000381e,208137,True
func_f_0x100003821,209319,False
func_f_0x100003bc6,208210,True
func_f_0x100003bce,208227,False
func_f_0x100003eb1,209498,False
func_f_0x100003eb7,208780,False
func_f_0x100003fe5,208473,True
func_f_0x100004010,209540,True
func_f_0x100004038,209240,False
func_f_0x10000410a,209457,True
func_f_0x1000041aa,209075,True
func_f_0x1000041d1,209645,True
func_f_0x100004209,210029,True
func_f_0x100004359,209631,True
func_f_0x1000044f6,208778,True
func_f_0x1000044fa,208899,False
func_f_0x1000045c2,209442,True
func_f_0x1000045c8,208888,True
func_f_0x1000045d6,208753,False
func_f_0x1000047e4,209181,True
func_f_0x100004b63,208142,False
func_f_0x10000535a,209585,True
func_f_0x100005363,209567,True
func_f_0x100005564,208264,True
func_f_0x100005568,208484,True
func_f_0x100005583,209506,True
func_f_0x100005595,209737,True
func_f_0x1000057b3,208593,True
func_f_0x10000597a,208460,True
func_f_0x100005999,209781,True
func_f_0x100005b95,209207,True
func_f_0x100005c82,208546,False
func_f_0x100005d69,208345,True
func_f_0x100005ef3,208203,False
func_f_0x100006047,208406,False
func_f_0x1000066bb,209558,False
func_f_0x1000068f9,209785,False
func_f_0x100006a7e,208678,False
func_f_0x100006ab5,208935,True
func_f_0x100006ad0,208231,True
func_f_0x100006be3,209254,False
func_f_0x100006f16,208484,False
func_f_0x10000700f,209842,False
func_f_0x10000706c,208661,True
func_f_0x1000070bf,208579,False
func_fe_0x10000158d,209855,False
func_fe_0x100001685,208687,False
func_fe_0x10000168d,208986,True
func_fe_0x100001699,209297,False
func_fe_0x10000190c,209765,False
func_fe_0x100001e2d,209593,False
func_fe_0x100002456,209660,False
func_fe_0x1000035cd,208209,True
func_fe_0x1000035d5,209522,False
func_fe_0x1000035d7,209082,True
func_fe_0x1000035d9,208228,True
func_fe_0x1000035db,209418,False
func_fe_0x1000035ee,208843,True
func_fe_0x100004062,208963,True
func_fe_0x100004066,209892,False
func_fe_0x10000464e,209888,True
func_fe_0x100004b3a,209207,True
func_fe_0x100004b3e,210096,True
func_fe_0x100004b40,209418,True
func_fe_0x100005516,208342,False
func_fe_0x10000551e,208797,True
func_fe_0x100005538,209802,False
func_fe_0x100005734,208761,True
func_fe_0x100005738,208517,True
func_fe_0x10000573e,209903,True
func_fe_0x100005740,208519,False
func_fe_0x100005744,208327,False
func_fe_0x10000574e,209637,False
func_fe_0x1000057f1,208337,False
func_fe_0x10000589d,208458,False
func_fe_0x10000589f,209702,False
func_fe_0x100005ecf,208714,True
func_fe_0x100005ed5,210092,True
func_fe_0x10000684d,208711,True
func_fe_0x100006851,209912,True
func_fe_0x100006853,208795,True
func_fe_0x10000688a,208767,False
func_fe_0x10000688d,209801,False
func_fe_0x100006b3b,209129,True
func_fe_0x100006b4f,209231,True
func_fe_0x100006e02,208887,True
func_fe_0x100006ee5,210053,False
func_fe_0x100006fcb,209409,False
func_fe_0x100006fde,209942,False
func_fe_0x1000071a2,209672,False
func_fe_0x10000732a,209023,True
func_fn_0x1000025b2,209998,True
func_fn_0x10000585a,209283,False
func_fn_0x10000585c,208956,False
func_fn_0x100005864,210081,False
func_fn_0x100005866,208171,True
func_fn_0x100006235,208840,False
func_fn_0x10000631e,209252,False
func_fn_0x100006320,209650,False
func_fn_0x10000649c,208394,False
func_fn_0x100006cb5,209459,False
func_fn_0x100006cbb,209319,True
func_fn_0x100006cbf,208332,False
func_fn_0x100006cc1,209703,False
func_ft_0x100001690,209838,False
func_ft_0x100001d2e,208861,False
func_ft_0x100001ecd,209047,False
func_ft_0x10000265f,209913,False
func_ft_0x100002661,208822,False
func_ft_0x1000035b9,209488,True
func_ft_0x10000551f,210077,False
func_ft_0x10000552e,209252,True
func_ft_0x1000057fb,209539,True
func_ft_0x100005912,208457,False
func_ft_0x1000059d8,209128,True
func_ft_0x100006847,208434,False
func_ft_0x100006e03,208574,True
func_ft_0x100006e0f,208723,False
func_ft_0x100006e13,209561,False
func_g0_0x10000239a,209800,True
func_g0_0x1000023e0,209015,False
func_g0_0x1000023f2,208903,False
func_g_0x100000127,208858,False
func_g_0x100000133,208169,True
func_g_0x1000001ba,209457,False
func_g_0x1000001ea,208471,False
func_g_0x1000001ec,209858,False
func_g_0x1000001ee,208787,True
func_g_0x1000001f0,208741,False
func_g_0x10000021d,209512,False
func_g_0x10000021f,210103,False
func_g_0x100000311,210122,False
func_g_0x10000080e,208666,True
func_g_0x100000812,208419,False
func_g_0x10000081c,210107,True
func_g_0x1000008a7,209771,True
func_g_0x100001549,209517,False
func_g_0x1000016cf,209381,True
func_g_0x1000016d3,208276,False
func_g_0x100001971,209655,False
func_g_0x10000197b,209685,True
func_g_0x100001a47,208720,True
func_g_0x100001a4f,210011,True
func_g_0x100001a51,208598,True
func_g_0x100001a6d,209858,True
func_g_0x100001a6f,209250,True
func_g_0x100001b52,208775,False
func_g_0x100001b54,209020,False
func_g_0x100001c27,208803,True
func_g_0x100001d7e,209050,False
func_g_0x1000024c7,208612,False
func_g_0x100002a58,210023,True
func_g_0x100002a5c,208999,True
func_g_0x100002a8e,210115,False
func_g_0x100003052,208932,True
func_g_0x100003060,208601,False
func_g_0x100003068,208818,False
func_g_0x100003153,209965,True
func_g_0x10000337b,208985,True
func_g_0x100003416,209292,True
func_g_0x100003434,208895,False
func_g_0x100003444,209873,False
func_g_0x100003594,208470,True
func_g_0x1000037a4,208448,False
func_g_0x100003ace,208998,True
func_g_0x100003dd6,208916,False
func_g_0x100003f0b,209190,False
func_g_0x10000409a,209842,False
func_g_0x10000409e,209713,True
func_g_0x1000040a0,210060,False
func_g_0x1000041cd,209389,True
func_g_0x1000041cf,209847,False
func_g_0x1000041f0,209047,False
func_g_0x100004207,208698,True
func_g_0x1000045b0,208255,False
func_g_0x100004ab9,208195,False
func_g_0x100004b5a,209186,False
func_g_0x100004e20,210019,False
func_g_0x10000535e,208907,True
func_g_0x10000555b,208257,False
func_g_0x100005580,209067,True
func_g_0x100005591,209070,False
func_g_0x1000055a4,208181,True
func_g_0x1000055f3,209834,False
func_g_0x100005797,210102,False
func_g_0x1000057c2,208599,True
func_g_0x1000057c4,208131,True
func_g_0x1000057c6,209409,False
func_g_0x100005b89,209049,True
func_g_0x100005c06,209540,False
func_g_0x100005d66,209130,False
func_g_0x100005d72,208681,True
func_g_0x100005d7a,208977,False
func_g_0x100005ee9,208884,True
func_g_0x100006041,209613,True
func_g_0x100006109,209107,False
func_g_0x100006a77,209831,True
func_g_0x100006ab8,208150,False
func_g_0x100006abc,208778,False
func_g_0x100006ac2,208987,True
func_g_0x100006ac4,209949,False
func_g_0x100006ac8,209073,True
func_g_0x100006af1,208347,False
func_g_0x100006af5,208348,False
func_g_0x100006af9,209086,False
func_g_0x100006f6a,208677,True
func_ge_0x100000639,209207,False
func_ge_0x1000006b6,208207,False
func_ge_0x1000006bf,208208,True
func_ge_0x1000006e0,208176,True
func_ge_0x100001823,209834,True
func_ge_0x100001836,209200,False
func_ge_0x100001838,209249,True
func_ge_0x10000188f,208178,False
func_ge_0x100001895,208526,True
func_ge_0x1000018b7,209979,True
func_ge_0x10000658a,209748,False
func_ge_0x10000658e,208727,True
func_ge_0x100006592,208203,False
func_ge_0x100006594,208517,True
func_ge_0x100006596,210046,False
func_ge_0x1000065a2,209698,True
func_ge_0x1000065ac,208347,False
func_gi_0x100002d44,209104,False
func_gi_0x100002d48,208218,False
func_gi_0x100002d4c,209367,True
func_gi_0x100002d50,209977,True
func_gi_0x100002d5a,209153,False
func_gi_0x100002d5c,209262,True
func_gi_0x100002d62,208456,True
func_gi_0x100002d64,209668,False
func_gi_0x100002d6a,208333,False
func_gi_0x100002d6c,208770,False
func_gi_0x100002d6e,209100,False
func_gi_0x100002d70,209493,False
func_gi_0x100002d74,209592,False
func_gi_0x100002d78,208840,True
func_gi_0x100002d7c,209316,False
func_gn_0x1000025b7,209551,False
func_gn_0x100002b4b,208443,True
func_gn_0x100002b63,208917,False
func_go_0x100002d83,209695,True
func_go_0x100002d8f,209143,False
func_gt_0x1000008e0,209125,True
func_h0_0x100002cf7,209581,False
func_h0_0x100002cf9,209031,False
func_h0_0x100004f00,208453,True
func_h0_0x100004f0a,209243,False
func_h0_0x100004f0e,209861,True
func_h0_0x100004f16,209519,False
func_h0_0x100006d38,208253,False
func_h_0x100000164,208912,True
func_h_0x10000029e,209314,True
func_h_0x1000002f3,209145,True
func_h_0x1000002fb,208970,False
func_h_0x10000078e,208556,True
func_h_0x1000019eb,209118,False
func_h_0x1000019ed,209966,False
func_h_0x1000019ef,208567,False
func_h_0x100001c70,208730,False
func_h_0x100001ca0,208246,True
func_h_0x100001ca2,209039,False
func_h_0x100001cee,209527,False
func_h_0x100001f42,208439,False
func_h_0x100001f46,209675,False
func_h_0x100002a57,208904,False
func_h_0x100002a64,208410,False
func_h_0x100002a6a,208441,False
func_h_0x100002a86,208657,True
func_h_0x100002a88,210094,False
func_h_0x100002a8c,209969,False
func_h_0x100002ae6,209207,False
func_h_0x100003172,209170,False
func_h_0x1000031ba,209569,True
func_h_0x100003261,209769,True
func_h_0x100003265,209934,True
func_h_0x100003403,209590,False
func_h_0x100003433,209280,True
func_h_0x100003759,209536,False
func_h_0x10000379f,208288,False
func_h_0x100003acc,209286,False
func_h_0x100003bc8,208478,False
func_h_0x100003bca,209239,False
func_h_0x100003bcc,208421,False
func_h_0x100003cc4,208505,False
func_h_0x100003eb5,210052,True
func_h_0x100003eb9,208389,True
func_h_0x100004032,208901,True
func_h_0x100004186,209432,False
func_h_0x100004216,210011,True
func_h_0x100004357,208633,False
func_h_0x10000435b,208676,False
func_h_0x10000444c,209872,True
func_h_0x1000045c4,209088,False
func_h_0x1000045e3,208637,False
func_h_0x100004b65,209315,False
func_h_0x100004e48,209219,False
func_h_0x100005357,208403,True
func_h_0x100005360,209122,False
func_h_0x100005472,208770,False
func_h_0x1000058ab,209903,False
func_h_0x100005d64,209111,False
func_h_0x100005d6c,209756,False
func_h_0x100005d6e,209684,False
func_h_0x100005d70,209553,False
func_h_0x10000603b,208781,False
func_h_0x10000603d,208264,True
func_h_0x100006045,208964,True
func_h_0x100006ae3,209403,True
func_h_0x100006bdf,209960,True
func_h_0x100006be1,208534,True
func_h_0x100006dec,210022,False
func_h_0x100006dee,208523,True
func_h_0x100006df0,208851,False
func_h_0x100006e7e,209819,False
func_he_0x100000621,208417,False
func_he_0x1000006a5,209922,True
func_he_0x1000006ca,209995,True
func_he_0x1000018a3,209990,True
func_he_0x1000018a8,209451,True
func_he_0x1000018b3,208960,False
func_he_0x100005eff,208545,False
func_he_0x100005f05,209965,False
func_he_0x100005f07,209026,True
func_he_0x100005f09,210110,False
func_he_0x100005f0d,210097,True
func_he_0x100005f11,208939,True
func_he_0x100005f17,209880,True
func_he_0x100005f19,209548,False
func_he_0x100005f28,208499,False
func_he_0x100005f2a,208594,False
func_he_0x100005f2e,209138,False
func_he_0x100005f30,208549,False
func_he_0x100005f32,209704,True
func_he_0x100005f4a,208770,False
func_he_0x100005f4e,209660,False
func_he_0x100005f54,208222,True
func_he_0x10000653a,209790,True
func_he_0x10000654c,209435,False
func_he_0x100006c73,209769,True
func_he_0x100006c81,209842,True
func_he_0x100006cad,208395,True
func_he_0x100006ddc,208498,False
func_he_0x100006dde,208492,False
func_hn_0x100001e61,208652,False
func_hn_0x100001ea3,209980,False
func_hn_0x100001ebf,209464,False
func_hn_0x100001ec1,208740,False
func_hn_0x100002fd0,209904,False
func_hn_0x100002ff3,208776,False
func_hn_0x10000428f,209081,False
func_hn_0x100006410,209103,True
func_hn_0x100006838,208548,True
func_ho_0x1000020b1,208468,True
func_ho_0x1000020d4,208737,False
func_ho_0x1000020d6,208747,True
func_ht_0x10000588e,209188,False
func_ht_0x100006269,209212,True
func_ht_0x100006286,209618,True
func_ht_0x100007781,209886,True
func_ht_0x1000077c5,208128,True
func_ht_0x1000077c7,208890,False
func_i0_0x100002e1e,208464,False
func_i0_0x100002e2f,208880,False
func_i0_0x100002e31,208351,True
func_i0_0x100007708,208910,False
func_i_0x1000020d1,208166,True
func_ie_0x100001680,208459,False
func_ie_0x100001698,208670,True
func_ie_0x1000016a0,209307,False
func_ie_0x100001cf7,209809,True
func_ie_0x100001cf9,208476,False
func_ie_0x100003477,209206,True
func_ie_0x1000035b8,209349,True
func_ie_0x100003656,210110,True
func_ie_0x100003658,209319,False
func_ie_0x10000365a,208917,True
func_ie_0x10000365c,208795,True
func_ie_0x100003666,209964,False
func_ie_0x10000366c,208149,False
func_ie_0x100004641,208125,True
func_ie_0x100004668,208172,True
func_ie_0x100004b35,209698,False
func_ie_0x10000553b,208559,False
func_ie_0x100005690,208738,False
func_ie_0x100005731,210004,True
func_ie_0x1000057cf,208246,False
func_ie_0x1000058f8,208701,False
func_ie_0x100005905,209892,True
func_ie_0x1000059c5,209096,False
func_ie_0x1000059dd,208585,False
func_ie_0x1000059df,209150,False
func_ie_0x1000059e3,208543,True
func_ie_0x1000059f1,209443,True
func_ie_0x100006132,210041,True
func_ie_0x10000614c,208157,True
func_ie_0x10000732e,208397,False
func_it_0x100001e9e,209271,False
func_it_0x100001ea0,208186,False
func_it_0x100002fbb,209437,False
func_it_0x100002fbd,209976,True
func_it_0x100002fc3,209977,True
func_it_0x100002fc5,208979,False
func_it_0x100002fc7,209787,False
func_it_0x100002fc9,210020,True
func_it_0x100002fcb,209790,True
func_it_0x100002fd9,208635,True
func_it_0x100002fe5,208994,False
func_it_0x100002fe9,210024,False
func_it_0x100002ff0,210066,True
func_it_0x10000353d,208471,True
func_it_0x100003541,209288,True
func_it_0x100003543,209605,True
func_it_0x100003549,210089,False
func_it_0x10000354f,208674,False
func_it_0x10000355b,208851,False
func_it_0x1000035ba,209031,False
func_it_0x1000042a2,209871,True
func_it_0x1000042af,208567,True
func_it_0x100004838,209848,True
func_it_0x10000640b,210097,False
func_it_0x100006ed2,210107,True
func_it_0x1000070fd,208740,False
func_it_0x1000070ff,209023,False
func_it_0x100007104,209419,True
func_it_0x100007106,208947,False
func_j_0x100000116,210121,False
func_j_0x10000027c,209888,False
func_j_0x10000027e,209202,False
func_j_0x100000280,208871,True
func_j_0x100000282,209479,False
func_j_0x100000284,209369,True
func_j_0x100000826,209921,True
func_j_0x100001605,209018,False
func_j_0x10000161a,208922,True
func_j_0x100001baa,209859,False
func_j_0x100001bac,208538,True
func_j_0x100001be6,208473,False
func_j_0x100001be8,208315,False
func_j_0x100001c4e,208168,True
func_j_0x100001d80,209168,False
func_j_0x100001d83,209868,True
func_j_0x100001d85,208152,False
func_j_0x100002503,209499,True
func_j_0x100002513,209617,False
func_j_0x100002515,209353,True
func_j_0x100002aed,209387,False
func_j_0x10000303e,208364,False
func_j_0x10000307b,209990,False
func_j_0x100003098,208146,True
func_j_0x10000309a,208661,True
func_j_0x10000309c,208141,False
func_j_0x10000309e,209402,True
func_j_0x1000030a0,208486,True
func_j_0x1000030a2,208273,False
func_j_0x1000030a6,208410,False
func_j_0x100003148,209572,True
func_j_0x1000036fb,208768,False
func_j_0x1000037e4,208773,False
func_j_0x100003804,209546,False
func_j_0x100003809,209698,False
func_j_0x1000038c8,209665,True
func_j_0x1000038e2,209320,True
func_j_0x1000038e6,209684,False
func_j_0x1000038ea,208808,False
func_j_0x100003ae1,208994,False
func_j_0x100003ae9,209034,False
func_j_0x100003f12,208257,True
func_j_0x100003f1a,208212,False
func_j_0x100003fcb,209241,True
func_j_0x10000469f,209921,False
func_j_0x100004bb1,209461,True
func_j_0x10000547c,209720,False
func_j_0x100005d88,208305,True
func_j_0x100006063,209395,False
func_j_0x100006331,208264,True
func_j_0x1000067b8,209016,False
func_j_0x1000068da,209051,False
func_j_0x1000068e2,209877,True
func_j_0x10000696a,209190,True
func_j_0x100006983,208219,True
func_j_0x100006988,209638,True
func_j_0x1000069a5,208571,True
func_j_0x100006f14,209904,False
func_j_0x10000705f,208950,False
func_j_0x100007061,209869,False
func_j_0x100007065,208580,True
func_j_0x1000073dd,209204,True
func_j_0x1000074d0,209141,False
func_je_0x100001e4b,209788,True
func_je_0x100001e50,208711,True
func_je_0x100001e68,208750,True
func_je_0x100001e8e,208174,True
func_je_0x100001e9d,208137,True
func_je_0x100001ea9,208457,False
func_je_0x100001eab,208767,False
func_je_0x100001ed0,208192,False
func_je_0x10000256e,208409,True
func_je_0x100002570,209411,True
func_je_0x10000265d,208997,False
func_je_0x100002663,208162,False
func_je_0x100003661,208532,True
func_je_0x100005894,208397,True
func_je_0x100005896,209728,True
func_je_0x10000608a,208830,True
func_je_0x100006091,208867,True
func_je_0x1000069d0,209312,True
func_je_0x100006e05,208804,False
func_je_0x100006e09,210032,True
func_je_0x100006e0b,209796,True
func_je_0x100006ee6,210050,False
func_je_0x1000070d3,208595,True
func_je_0x100007339,209382,False
func_je_0x10000733b,209663,True
func_jn_0x10000062c,209509,False
func_jn_0x100005aba,209719,False
func_jn_0x100005b29,208529,False
func_jn_0x100005b58,210012,True
func_jn_0x100005b5a,209952,False
func_jn_0x100005b61,208675,False
func_jn_0x100006488,209031,True
func_jt_0x100001669,209947,True
func_jt_0x100001d37,209925,False
func_jt_0x100001e59,209138,True
func_jt_0x100001e5d,209851,True
func_jt_0x100001e5f,209228,True
func_jt_0x100002fda,209141,True
func_jt_0x100002fe1,208627,False
func_jt_0x100003564,210102,False
func_jt_0x100003883,208434,True
func_jt_0x100004266,209417,False
func_jt_0x10000427f,209442,False
func_jt_0x1000042ab,208522,True
func_jt_0x100005754,208686,False
func_jt_0x100005bac,208579,True
func_jt_0x1000063d6,208309,True
func_jt_0x1000063d8,209626,True
func_jt_0x1000063e8,209978,False
func_jt_0x1000063fd,209042,False
func_jt_0x10000640c,208337,False
func_jt_0x100006412,208255,True
func_jt_0x10000682d,208536,False
func_jt_0x1000068a2,209779,True
func_jt_0x1000068a4,208449,True
func_jt_0x1000069e8,208148,False
func_jt_0x100007626,208408,True
func_k0_0x100002d95,209614,False
func_k_0x100000111,209142,True
func_k_0x100000136,208981,False
func_k_0x10000013a,209911,False
func_k_0x1000001cc,209526,False
func_k_0x100001513,208686,True
func_k_0x100001515,208761,True
func_k_0x100001517,208159,False
func_k_0x10000160c,209174,True
func_k_0x1000017ec,208329,False
func_k_0x1000019ad,209764,False
func_k_0x1000019e7,209002,False
func_k_0x100001ba9,209412,False
func_k_0x100001bc8,210037,False
func_k_0x100001bdf,209352,True
func_k_0x100001bed,208822,True
func_k_0x100001c4c,209675,True
func_k_0x1000024df,209624,True
func_k_0x100002a5a,209792,False
func_k_0x100002ecb,208457,False
func_k_0x100003097,209785,True
func_k_0x1000030b6,208788,True
func_k_0x1000030e1,208378,False
func_k_0x1000030f9,209800,False
func_k_0x10000310b,209979,True
func_k_0x100003175,208356,False
func_k_0x100003177,208435,True
func_k_0x10000343a,208698,False
func_k_0x100003605,209774,False
func_k_0x1000036cc,209151,False
func_k_0x1000037b1,209019,True
func_k_0x100003cbb,209165,False
func_k_0x100003ccd,208591,False
func_k_0x100003fe6,208845,True
func_k_0x100003fed,209175,True
func_k_0x100003ff3,209884,False
func_k_0x100004018,209189,True
func_k_0x10000425e,209792,True
func_k_0x10000437b,209115,True
func_k_0x10000437d,209676,True
func_k_0x10000437f,209004,True
func_k_0x10000475e,208603,False
func_k_0x1000048cb,209612,False
func_k_0x100004a94,209323,True
func_k_0x100004aa0,208615,True
func_k_0x1000054a7,209818,True
func_k_0x100005569,209395,True
func_k_0x1000056c1,209036,False
func_k_0x100005944,208700,False
func_k_0x100005970,209815,False
func_k_0x100005d7d,210077,True
func_k_0x100006110,208127,True
func_k_0x100006112,209908,False
func_k_0x100006114,208619,True
func_k_0x100006116,210100,True
func_k_0x10000611a,209294,True
func_k_0x10000671a,209047,False
func_k_0x1000067d6,209730,False
func_k_0x1000068c0,209028,True
func_k_0x10000697c,209543,True
func_k_0x100006a58,209181,True
func_k_0x10000705e,208887,True
func_k_0x1000070cd,208956,False
func_k_0x10000715d,209318,False
func_k_0x10000715f,209491,True
func_k_0x1000074b8,209414,True
func_k_0x1000074ca,209835,True
func_k_0x1000077f5,208319,True
func_k_0x1000077f7,208180,True
func_ke_0x100000623,209322,True
func_ke_0x100000625,210104,False
func_ke_0x100000627,208326,False
func_ke_0x1000006a1,209542,False
func_ke_0x1000006bd,208397,True
func_ke_0x1000006c1,209672,True
func_ke_0x1000006ce,208207,True
func_ke_0x1000006da,208829,False
func_ke_0x10000182b,210066,True
func_ke_0x10000183e,209900,True
func_ke_0x100001891,209384,True
func_ke_0x1000018a7,208614,True
func_ke_0x1000064b4,208838,True
func_ke_0x10000658c,208921,False
func_ke_0x100006590,209513,False
func_ke_0x100006598,209802,False
func_ke_0x10000659a,209979,False
func_kn_0x100002360,208956,False
func_kn_0x100002362,209895,False
func_kn_0x100002364,209472,False
func_kn_0x100002366,208379,False
func_kn_0x100002368,210106,True
func_kn_0x10000236c,208806,False
func_kn_0x10000236e,208141,True
func_kn_0x100002370,208230,True
func_kn_0x100002378,209017,False
func_kn_0x10000237a,209279,True
func_kn_0x100002382,208170,False
func_kn_0x100002384,210118,True
func_kn_0x100002388,208359,False
func_kn_0x10000238e,209359,False
func_kn_0x100002396,209443,True
func_kn_0x10000239c,209488,True
func_kn_0x1000023a0,209915,True
func_kn_0x1000023ac,209614,False
func_kn_0x1000023b4,208768,True
func_kn_0x1000023bc,209882,True
func_kn_0x1000023c8,208520,True
func_kn_0x1000023d2,209867,True
func_kn_0x1000023d4,208878,True
func_kn_0x1000023da,208510,True
func_kn_0x1000023de,208302,False
func_kn_0x1000023e6,208575,False
func_kn_0x1000023ef,208792,False
func_kn_0x1000023f4,209050,True
func_kn_0x1000023fc,208859,False
func_kn_0x100002402,209174,True
func_ko_0x100006d04,209138,False
func_kt_0x10000208a,209485,True
func_kt_0x100002cf4,208187,False
func_kt_0x100002d16,208218,False
func_kt_0x100002d29,208485,False
func_kt_0x100002d33,208931,True
func_kt_0x100002d37,208650,False
func_kt_0x100002e27,208734,False
func_kt_0x100002e2e,210009,False
func_kt_0x100002e38,209893,True
func_kt_0x100002e3d,209291,True
func_kt_0x100002e54,209571,True
func_kt_0x100002e58,208341,True
func_kt_0x100002e73,208915,False
func_kt_0x100004eb1,209071,False
func_kt_0x10000770a,208493,True
func_l0_0x10000276a,209845,False
func_l0_0x1000028fd,209302,True
func_l0_0x1000029e6,208602,False
func_l0_0x100002a28,209260,False
func_l0_0x100002a2a,208131,True
func_l0_0x100002a2c,209714,False
func_l_0x1000001bd,208299,True
func_l_0x1000002de,209646,False
func_l_0x100000414,208692,True
func_l_0x1000016aa,208581,True
func_l_0x10000194b,208143,False
func_l_0x10000194f,209380,False
func_l_0x100001969,208304,False
func_l_0x1000019fd,209883,False
func_l_0x100001a13,208193,False
func_l_0x100001a17,209559,True
func_l_0x100001a3f,209865,True
func_l_0x100001a42,208170,False
func_l_0x100001b97,210019,True
func_l_0x100001c7b,208829,True
func_l_0x100001c7e,208379,False
func_l_0x100001d7d,209443,False
func_l_0x100001f56,208206,True
func_l_0x1000024a9,209776,False
func_l_0x1000024c6,209306,False
func_l_0x100002a60,209249,False
func_l_0x100002a72,208397,False
func_l_0x100002adf,208348,True
func_l_0x10000301d,208753,True
func_l_0x100003056,208403,True
func_l_0x100003128,208201,True
func_l_0x100003141,209934,True
func_l_0x100003143,208932,False
func_l_0x10000327b,209624,True
func_l_0x10000327d,209374,False
func_l_0x10000330f,208336,True
func_l_0x10000331c,209471,True
func_l_0x10000333c,208888,True
func_l_0x10000333e,209308,False
func_l_0x100003365,208606,False
func_l_0x10000336b,209393,False
func_l_0x100003370,209589,False
func_l_0x100003748,209556,False
func_l_0x1000037f1,208161,False
func_l_0x100003ac3,208266,False
func_l_0x100003b3c,208433,True
func_l_0x100003b47,208859,True
func_l_0x100003bac,209767,False
func_l_0x100003c9d,210002,False
func_l_0x100003ca0,209228,True
func_l_0x100003e35,209524,True
func_l_0x100003e4b,209095,False
func_l_0x100003ec6,208145,False
func_l_0x100003f38,208192,True
func_l_0x100003fbf,208182,False
func_l_0x100003fec,208565,True
func_l_0x100004222,208271,False
func_l_0x100004405,209006,True
func_l_0x1000046ed,209813,True
func_l_0x1000046f2,208210,True
func_l_0x100004776,209865,True
func_l_0x1000047e7,209992,True
func_l_0x1000047fd,209468,False
func_l_0x1000048b8,209862,False
func_l_0x100004906,208446,True
func_l_0x100004a8e,209517,True
func_l_0x100004a96,208884,False
func_l_0x100004aaf,208655,True
func_l_0x100004d49,209060,True
func_l_0x100004e1f,209818,False
func_l_0x100005032,209182,True
func_l_0x100005390,209436,False
func_l_0x1000056a0,209950,False
func_l_0x1000058d1,209605,True
func_l_0x100005956,209340,False
func_l_0x100005959,208749,False
func_l_0x100005993,208337,False
func_l_0x100005a08,208264,False
func_l_0x100005a0e,208191,True
func_l_0x100006033,209863,False
func_l_0x1000068b3,209872,False
func_l_0x1000069b0,208748,True
func_l_0x100006a71,208540,True
func_l_0x100006acf,209928,False
func_l_0x100006bda,210117,True
func_l_0x100006e7d,209269,True
func_l_0x100006f45,209033,False
func_l_0x1000072e0,208424,False
func_l_0x100007802,209571,True
func_le_0x100001582,209588,False
func_le_0x100001589,209080,False
func_le_0x100001596,208972,False
func_le_0x1000015a7,208853,False
func_le_0x1000015b8,209949,True
func_le_0x10000164d,208960,True
func_le_0x1000017ab,208233,True
func_le_0x100003459,208692,True
func_le_0x10000345b,209040,False
func_le_0x10000345d,208895,False
func_le_0x10000345f,208772,False
func_le_0x100003461,209912,True
func_le_0x100003486,208937,False
func_le_0x10000348c,208500,True
func_le_0x100003490,208567,False
func_le_0x100003647,208827,False
func_le_0x100003e5a,209105,False
func_le_0x10000405d,209045,False
func_le_0x100004637,208247,False
func_le_0x100004639,209126,False
func_le_0x100004643,209005,False
func_le_0x100004667,208591,False
func_le_0x10000466b,209550,True
func_le_0x100005300,208229,True
func_le_0x10000550f,209635,True
func_le_0x100005511,209103,False
func_le_0x10000551a,209914,True
func_le_0x10000551c,209952,True
func_le_0x100005535,209471,True
func_le_0x100005541,210108,True
func_le_0x100005544,209962,True
func_le_0x100005548,208414,False
func_le_0x100005624,209557,False
func_le_0x10000566b,209857,True
func_le_0x100005673,208741,False
func_le_0x100005901,209645,False
func_le_0x100005904,208264,True
func_le_0x100005934,209033,False
func_le_0x100006136,208361,True
func_le_0x10000613a,209158,True
func_le_0x100006143,209016,False
func_le_0x10000614a,210071,False
func_le_0x10000614e,208877,False
func_le_0x100006154,208151,False
func_le_0x1000061e9,208639,False
func_le_0x1000066e8,208132,False
func_le_0x100006950,208973,True
func_le_0x100006dfe,209860,False
func_le_0x100006ec3,209295,False
func_le_0x100006ec5,209161,False
func_le_0x100006eef,209168,False
func_li_0x100006cda,208662,False
func_ln_0x100000698,209130,False
func_ln_0x100005abd,209461,False
func_ln_0x100005aff,209407,False
func_ln_0x100005b48,208571,True
func_ln_0x100005b54,209389,True
func_ln_0x100006472,209102,False
func_ln_0x100006479,208532,True
func_ln_0x10000647b,209446,False
func_ln_0x100006481,209297,True
func_ln_0x100006cce,208909,True
func_lo_0x10000519e,208752,True
func_lt_0x10000208c,208613,False
func_lt_0x10000208f,208589,True
func_lt_0x100002098,208826,True
func_lt_0x1000020a3,209688,True
func_lt_0x1000020a7,210026,True
func_lt_0x1000020af,209627,True
func_lt_0x1000020eb,208909,True
func_lt_0x100002111,209307,True
func_lt_0x100002175,208674,False
func_lt_0x10000218b,208133,True
func_lt_0x100002191,209189,False
func_lt_0x1000022d9,208723,True
func_lt_0x100002358,209235,True
func_lt_0x10000235b,209850,False
func_m0_0x100002398,208886,True
func_m0_0x1000023ca,208418,False
func_m_0x1000000dc,209180,True
func_m_0x10000015d,209288,True
func_m_0x100000254,209819,False
func_m_0x1000002eb,208505,True
func_m_0x100000328,208618,False
func_m_0x100000338,208371,False
func_m_0x10000036f,208531,True
func_m_0x1000003a1,208883,False
func_m_0x1000003af,208661,True
func_m_0x100000781,210043,True
func_m_0x1000015fd,209507,False
func_m_0x10000162a,209538,True
func_m_0x1000016ce,210109,False
func_m_0x10000196d,208507,True
func_m_0x100001970,208496,False
func_m_0x1000019ea,209430,True
func_m_0x100001a0f,209414,True
func_m_0x100001a3d,209254,False
func_m_0x100001a8e,210060,False
func_m_0x100001b4b,208520,True
func_m_0x100001b76,209785,True
func_m_0x100001b9d,209322,True
func_m_0x100001c94,208910,True
func_m_0x100001f39,209895,False
func_m_0x100001f3b,209393,True
func_m_0x100002a55,209032,True
func_m_0x100002add,208471,False
func_m_0x100002ae1,209369,True
func_m_0x100002ed9,209147,False
func_m_0x100002edb,208388,False
func_m_0x100002edd,208467,True
func_m_0x10000302d,208717,True
func_m_0x10000308e,208314,False
func_m_0x1000030c0,209642,False
func_m_0x100003126,209945,False
func_m_0x10000312e,209120,False
func_m_0x10000323f,210064,False
func_m_0x100003241,208917,False
func_m_0x100003367,209162,False
func_m_0x1000033a0,208383,False
func_m_0x1000033a2,209779,True
func_m_0x1000033a9,209401,True
func_m_0x10000340a,209863,False
func_m_0x10000358c,208764,True
func_m_0x10000367d,209295,False
func_m_0x10000369f,208405,False
func_m_0x100003793,208641,False
func_m_0x100003b3f,209520,True
func_m_0x100003bc1,209781,True
func_m_0x100003c0e,209421,True
func_m_0x100003e53,209652,False
func_m_0x100003f35,209500,False
func_m_0x10000417f,208856,False
func_m_0x100004183,209128,True
func_m_0x1000041a7,208400,False
func_m_0x1000041d5,209391,True
func_m_0x100004409,208553,False
func_m_0x100004460,208838,True
func_m_0x1000045cb,208248,True
func_m_0x1000045e9,210094,False
func_m_0x1000046e4,209851,True
func_m_0x100004770,210121,False
func_m_0x10000477c,209812,True
func_m_0x1000047a2,208382,False
func_m_0x1000048d9,208166,False
func_m_0x100004b62,208632,False
func_m_0x100004ba7,209665,True
func_m_0x100004bae,208376,True
func_m_0x100004d4c,208262,True
func_m_0x100004e13,208427,True
func_m_0x100004ff8,209220,True
func_m_0x100005028,208921,True
func_m_0x1000052a6,209474,True
func_m_0x10000557e,209672,True
func_m_0x1000056ac,209502,False
func_m_0x10000598e,208583,False
func_m_0x100005a01,209971,True
func_m_0x100005a0c,209650,False
func_m_0x100006128,209017,True
func_m_0x100006822,209076,True
func_m_0x100006a6f,209525,False
func_m_0x100006ad8,208961,False
func_m_0x100007137,209228,True
func_m_0x100007139,208500,True
func_m_0x100007144,210054,False
func_m_0x1000073b6,208573,True
func_me_0x10000386e,209685,True
func_me_0x100003870,209791,False
func_me_0x100003876,208155,False
func_me_0x100003878,209554,True
func_me_0x10000387a,209290,True
func_me_0x100003a24,210086,True
func_me_0x100003aaa,208173,True
func_me_0x100003aac,208439,False
func_me_0x100003aae,208463,False
func_me_0x1000043af,209065,False
func_me_0x1000043b1,209144,True
func_me_0x1000043bb,209103,False
func_me_0x1000043bd,209099,True
func_me_0x1000043c3,208692,False
func_me_0x1000043c5,208725,False
func_me_0x1000043d7,208827,True
func_me_0x1000043d9,209140,True
func_me_0x1000043e1,209747,False
func_me_0x100005925,208240,False
func_me_0x10000657f,209473,True
func_me_0x10000683a,209021,True
func_me_0x100006b7a,209596,False
func_me_0x100006b7e,209544,False
func_me_0x100006bb9,209803,True
func_me_0x100006bd3,208662,False
func_me_0x100006bd5,209547,False
func_me_0x1000071de,208963,True
func_me_0x100007347,208475,True
func_mi_0x100002934,208585,True
func_mn_0x1000050e0,210004,True
func_mn_0x1000050e2,209465,True
func_mn_0x1000051c2,209453,True
func_mn_0x1000051c6,208805,True
func_mn_0x1000051c8,208233,True
func_mn_0x1000051e0,208808,False
func_mn_0x100005212,208261,True
func_mn_0x100005218,208488,True
func_mn_0x100005220,208215,True
func_mn_0x100005224,209916,False
func_mn_0x100005226,208594,False
func_mn_0x100005231,209259,True
func_mn_0x100005239,209679,False
func_mn_0x100005251,210042,True
func_mn_0x100007758,208536,False
func_mn_0x10000775e,208851,True
func_mt_0x100000629,209791,True
func_mt_0x100001817,208903,False
func_mt_0x100005e30,208341,False
func_mt_0x100005f37,210123,True
func_mt_0x1000064a5,208793,False
func_mt_0x1000064a7,208418,True
func_mt_0x10000654e,208449,True
func_mt_0x100006557,209731,True
func_n0_0x100004f04,210060,True
func_n0_0x100004f06,208721,False
func_n0_0x100004f08,208988,True
func_n0_0x100006cd8,208713,False
func_n0_0x100006d0a,208174,True
func_n0_0x100006d0c,209789,False
func_n0_0x100006d0e,208220,False
func_n0_0x100006d16,208321,False
func_n0_0x100006d1c,208932,True
func_n0_0x100006d1e,209839,True
func_n0_0x100006d20,209497,True
func_n0_0x100006d22,208158,False
func_n0_0x100006d24,209997,True
func_n0_0x100006d2a,209565,True
func_n0_0x100006d3a,209229,False
func_n0_0x100006d3c,210082,True
func_n0_0x100006d3e,209411,False
func_n0_0x10000778b,208315,True
func_n_0x10000000b,208837,True
func_n_0x10000000f,209186,True
func_n_0x100000016,209837,False
func_n_0x10000002d,209968,True
func_n_0x10000007b,209934,False
func_n_0x1000000b6,209535,False
func_n_0x1000000fe,209785,False
func_n_0x100000103,208969,False
func_n_0x100000168,209769,True
func_n_0x10000016b,209607,False
func_n_0x10000017d,208763,True
func_n_0x100000191,210117,False
func_n_0x10000019a,208679,True
func_n_0x1000001a7,209323,True
func_n_0x1000001ac,208684,False
func_n_0x100000233,208182,False
func_n_0x100000239,209961,True
func_n_0x10000023c,209511,False
func_n_0x10000025e,208541,True
func_n_0x100000266,209659,True
func_n_0x100000330,208529,True
func_n_0x100000375,208591,False
func_n_0x10000037b,209505,False
func_n_0x1000003f1,208846,False
func_n_0x1000003f5,208342,True
func_n_0x100000402,208847,False
func_n_0x10000040c,208913,True
func_n_0x10000040f,209907,True
func_n_0x100000425,208373,True
func_n_0x100000427,208649,False
func_n_0x10000042b,209613,True
func_n_0x100000446,209166,True
func_n_0x100000466,209810,False
func_n_0x10000046f,209136,False
func_n_0x100000474,209664,True
func_n_0x100000477,209683,False
func_n_0x10000047a,209029,False
func_n_0x1000006e3,209691,True
func_n_0x1000006e9,208306,False
func_n_0x100000721,208354,False
func_n_0x100000729,208809,False
func_n_0x10000074a,209521,True
func_n_0x10000074d,209287,False
func_n_0x100000753,208416,False
func_n_0x10000076e,209692,False
func_n_0x100000776,208425,True
func_n_0x1000007ad,208200,True
func_n_0x1000007af,209685,False
func_n_0x1000007b1,210017,True
func_n_0x1000007b3,208968,True
func_n_0x1000007b5,209692,True
func_n_0x1000007e3,209594,True
func_n_0x10000083f,209168,True
func_n_0x10000086a,208872,True
func_n_0x10000087f,209590,False
func_n_0x10000088a,209984,True
func_n_0x10000089f,208761,True
func_n_0x1000008ae,208419,True
func_n_0x1000008c0,209477,True
func_n_0x1000008d9,208865,False
func_n_0x1000008e5,208522,False
func_n_0x1000008f1,209057,False
func_n_0x1000008f3,209060,False
func_n_0x1000008fc,209203,False
func_n_0x100001502,209862,False
func_n_0x10000157a,209657,False
func_n_0x1000015f0,208207,True
func_n_0x10000181e,208234,True
func_n_0x100001940,208309,False
func_n_0x100001a83,208316,False
func_n_0x100001a8b,209534,True
func_n_0x100001f50,208487,False
func_n_0x100001f5d,209086,True
func_n_0x100001f68,208900,False
func_n_0x100002480,210022,True
func_n_0x10000248b,210122,True
func_n_0x100002560,209244,False
func_n_0x100002ae4,208919,False
func_n_0x100002ee4,208179,True
func_n_0x100002f14,208719,True
func_n_0x100002f1d,208430,False
func_n_0x100003108,209276,False
func_n_0x10000310a,209725,True
func_n_0x100003224,208683,True
func_n_0x100003338,208318,False
func_n_0x100003351,208910,True
func_n_0x100003353,208130,True
func_n_0x100003355,209224,True
func_n_0x1000033d1,208280,True
func_n_0x100003420,209198,False
func_n_0x100003683,209022,True
func_n_0x100003766,208303,False
func_n_0x10000380c,208919,False
func_n_0x100003943,208216,True
func_n_0x100003abd,209827,False
func_n_0x100003ac1,209358,False
func_n_0x100003b2e,209670,True
func_n_0x100003c8d,209052,False
func_n_0x100003cfc,209194,False
func_n_0x100003cfe,208161,False
func_n_0x100003d00,208973,True
func_n_0x100003d02,209255,False
func_n_0x100003d04,208191,False
func_n_0x100003d06,209814,True
func_n_0x100003d08,208453,False
func_n_0x100003fc2,209698,False
func_n_0x1000040fe,208740,False
func_n_0x100004105,208572,False
func_n_0x100004119,208690,True
func_n_0x10000417c,209618,False
func_n_0x1000041d4,209520,False
func_n_0x100004402,209102,False
func_n_0x100004487,209274,False
func_n_0x100004490,209923,True
func_n_0x100004497,208126,False
func_n_0x1000044bb,208171,False
func_n_0x1000044c3,208710,True
func_n_0x100004515,208170,False
func_n_0x100004538,209765,False
func_n_0x100004540,209188,False
func_n_0x100004562,208383,False
func_n_0x100004583,208743,True
func_n_0x100004593,210035,True
func_n_0x1000045a4,209481,True
func_n_0x1000047c8,209779,False
func_n_0x1000047d0,208844,True
func_n_0x1000047d4,209361,True
func_n_0x100004988,209122,True
func_n_0x10000499a,208704,True
func_n_0x100004b46,208378,False
func_n_0x100004d7f,208420,True
func_n_0x100004d8d,208183,True
func_n_0x10000525c,208366,True
func_n_0x10000525e,210066,True
func_n_0x1000052a0,208635,True
func_n_0x1000058be,208236,False
func_n_0x10000597d,208263,False
func_n_0x100005981,209869,False
func_n_0x100005b00,208853,False
func_n_0x100005b06,208336,True
func_n_0x100005b25,210118,True
func_n_0x100005b2a,208758,True
func_n_0x100005b3a,209391,False
func_n_0x100005b49,208158,True
func_n_0x100005c18,208907,False
func_n_0x100006102,209426,False
func_n_0x100006124,210008,True
func_n_0x100006489,209834,True
func_n_0x1000066cc,208226,False
func_n_0x1000069aa,209306,True
func_n_0x100006c7a,209914,True
func_n_0x100006e7a,210096,False
func_n_0x100006f0e,208643,False
func_n_0x1000072dd,208828,False
func_n_0x1000073d4,209923,True
func_n_0x1000073d8,208952,False
func_n_0x1000074a8,208365,True
func_n_0x100007519,210038,True
func_n_0x10000780b,208526,False
func_n_0x10000781a,209522,True
func_ne_0x100001651,208671,True
func_ne_0x10000165a,208459,False
func_ne_0x100001758,209754,False
func_ne_0x1000017a2,209085,False
func_ne_0x1000018fc,208195,True
func_ne_0x100001cca,209883,True
func_ne_0x100001ccc,208148,False
func_ne_0x100001cfd,208399,False
func_ne_0x100002451,209125,False
func_ne_0x100002ce8,208898,True
func_ne_0x100003455,209221,False
func_ne_0x100003467,209022,True
func_ne_0x100003469,208412,True
func_ne_0x10000346b,208529,False
func_ne_0x10000347f,208141,True
func_ne_0x100003481,209872,True
func_ne_0x100003483,208821,False
func_ne_0x10000348a,208127,False
func_ne_0x10000348e,208212,False
func_ne_0x100003492,208916,True
func_ne_0x1000034c7,208499,False
func_ne_0x100003e58,208771,False
func_ne_0x100004332,209957,True
func_ne_0x1000043ac,208887,False
func_ne_0x100004be1,208631,False
func_ne_0x100004be7,208752,False
func_ne_0x100005665,209230,True
func_ne_0x100005667,209861,False
func_ne_0x10000566f,209863,False
func_ne_0x100005678,208558,True
func_ne_0x10000567c,209145,True
func_ne_0x10000567e,208624,False
func_ne_0x100005682,209954,False
func_ne_0x10000568b,209341,False
func_ne_0x1000058fb,209300,False
func_ne_0x100005938,208318,True
func_ne_0x100005b9b,208845,False
func_ne_0x100005c4c,210050,False
func_ne_0x10000609b,208538,True
func_ne_0x1000060a7,209979,True
func_ne_0x1000061dd,209324,True
func_ne_0x100006ec7,209420,False
func_ne_0x100006ecd,208608,True
func_ne_0x100006eeb,209442,False
func_ne_0x10000717d,209025,True
func_ne_0x100007335,208959,False
func_ne_0x10000737b,209362,False
func_ni_0x100002770,209175,False
func_ni_0x100002959,209558,True
func_nn_0x100005875,208774,True
func_nn_0x100005af0,210067,True
func_nn_0x100006211,209648,True
func_nn_0x10000622b,209513,True
func_nn_0x100006239,208587,False
func_nn_0x10000623b,208441,False
func_nn_0x100006243,209795,True
func_nn_0x100006245,209111,True
func_nn_0x100006249,208735,False
func_nn_0x10000624c,209956,True
func_nn_0x100006317,208943,False
func_nn_0x100007681,209460,True
func_nn_0x1000076b3,209590,True
func_nn_0x1000076cf,208785,True
func_nn_0x1000076f9,210039,True
func_nn_0x100007772,209807,True
func_nn_0x100007776,209298,True
func_no_0x100002991,208965,True
func_no_0x100002995,209719,True
func_no_0x100002997,208947,True
func_no_0x100002999,208301,True
func_no_0x10000299d,208244,False
func_nr_0x1000077a6,209508,False
func_nt_0x100001598,208641,True
func_nt_0x10000159c,209737,False
func_nt_0x10000159e,208805,True
func_nt_0x1000015a0,209635,True
func_nt_0x10000165c,209371,False
func_nt_0x100001686,208428,True
func_nt_0x100001d27,208654,False
func_nt_0x100002454,209429,True
func_nt_0x100004652,208927,False
func_nt_0x100004656,208717,False
func_nt_0x10000465a,208328,False
func_nt_0x100005523,209890,True
func_nt_0x100005910,209772,False
func_nt_0x1000059e9,209394,False
func_nt_0x100006015,209670,False
func_nt_0x100006019,208302,False
func_nt_0x100006089,208162,False
func_nt_0x1000067a7,208277,True
func_nt_0x1000067ad,208390,False
func_nt_0x100006849,208655,True
func_nt_0x10000684f,209854,False
func_nt_0x100006882,209697,False
func_nt_0x1000069f0,209492,False
func_nt_0x100006e15,209963,False
func_nt_0x100006ee8,208380,False
func_nt_0x1000071a5,209972,False
func_nt_0x1000071a7,208693,False
func_nt_0x1000071a9,208176,False
func_nt_0x1000071ab,208859,True
func_nt_0x1000071af,209734,False
func_oe_0x100001567,209685,True
func_oe_0x100001569,208570,False
func_oe_0x100001741,208126,False
func_oe_0x100001753,208848,True
func_oe_0x100001757,210109,True
func_oe_0x1000018d0,210099,False
func_oe_0x1000018d7,209633,False
func_oe_0x100001cc4,209678,True
func_oe_0x100001cf3,209765,True
func_oe_0x10000244f,209597,False
func_oe_0x100002cbc,208923,False
func_oe_0x100002cc0,209787,False
func_oe_0x100002cc4,210101,True
func_oe_0x100002cc8,209046,False
func_oe_0x100002ccc,209929,True
func_oe_0x100002cd0,209637,True
func_oe_0x100002cd4,208419,True
func_oe_0x100002cd8,209490,True
func_oe_0x1000031d5,208548,True
func_oe_0x1000031d7,210115,False
func_oe_0x1000034ec,208719,False
func_oe_0x100003e60,208831,True
func_oe_0x100004054,209803,True
func_oe_0x100004084,209600,False
func_oe_0x100004263,208361,True
func_oe_0x100004bc0,208435,False
func_oe_0x100004bc3,208882,True
func_oe_0x100004bc5,210119,False
func_oe_0x100004be0,209507,True
func_oe_0x100004dfc,209490,False
func_oe_0x100004e05,208509,True
func_oe_0x100005326,208974,True
func_oe_0x10000539a,209508,True
func_oe_0x10000539c,209639,False
func_oe_0x1000053d4,208273,False
func_oe_0x1000053d9,208280,True
func_oe_0x1000053db,209249,True
func_oe_0x1000053ee,208914,False
func_oe_0x1000053f6,209408,False
func_oe_0x100005427,209783,True
func_oe_0x100005c48,210072,False
func_oe_0x100005c4a,209637,True
func_oe_0x100005c56,210125,False
func_oe_0x1000061c9,209940,True
func_oe_0x1000061f8,209173,False
func_oe_0x1000061fa,209615,False
func_oe_0x100006202,209908,True
func_oe_0x10000620c,209014,False
func_oe_0x1000067fd,209371,True
func_oe_0x10000694c,209033,True
func_oe_0x100006952,208630,True
func_oe_0x100006a47,208880,True
func_oe_0x100006ec9,208901,True
func_oe_0x100007027,208346,True
func_oe_0x1000070ae,209158,True
func_oe_0x1000071db,208523,True
func_oe_0x100007495,208652,False
func_oi_0x100006cdd,209652,True
func_oi_0x100006ce7,208366,False
func_oi_0x100006cef,209629,False
func_oi_0x100006cfe,208876,True
func_oi_0x100006d00,209251,False
func_oi_0x100006d02,208908,True
func_oi_0x1000077a9,209869,True
func_oi_0x1000077af,208561,False
func_oi_0x1000077b1,208862,False
func_on_0x100001ab1,209271,True
func_on_0x100001dd6,209077,True
func_on_0x100004c2e,208697,False
func_on_0x100004c3c,208516,True
func_on_0x100007359,209194,True
func_on_0x10000735b,210006,True
func_on_0x100007558,209484,False
func_ot_0x100001e56,208907,False
func_ot_0x100001e65,208898,True
func_ot_0x100002fdd,209048,True
func_ot_0x100002fe3,208675,True
func_ot_0x100002ffc,208418,False
func_ot_0x100003553,208158,False
func_ot_0x100003559,208373,True
func_ot_0x10000355d,210041,True
func_ot_0x10000357b,209147,False
func_ot_0x10000386d,208159,True
func_ot_0x100003882,209591,True
func_ot_0x1000038a0,209062,True
func_ot_0x100004268,208622,True
func_ot_0x1000042a4,209587,True
func_ot_0x1000042b1,208883,False
func_ot_0x1000042f5,208629,True
func_ot_0x1000063f8,208428,True
func_ot_0x100007123,209081,False
func_ot_0x100007127,209607,False
func_ot_0x10000733f,208299,True
func_ot_0x100007390,209660,False
func_ot_0x10000761b,209266,True
func_ot_0x100007624,209703,False
func_p0_0x1000027ba,208542,True
func_p0_0x1000027d5,208819,True
func_p0_0x100002916,208229,False
func_p0_0x100002922,209136,False
func_p0_0x100002927,209303,False
func_p0_0x10000297b,208633,True
func_p_0x10000021a,209440,True
func_p_0x1000002f5,209809,True
func_p_0x1000002f7,209652,True
func_p_0x1000002f9,209654,False
func_p_0x1000002fd,209589,False
func_p_0x1000002ff,209674,True
func_p_0x100000301,209170,True
func_p_0x1000007fa,208973,False
func_p_0x100001625,209955,False
func_p_0x100001931,208408,True
func_p_0x100001933,209878,True
func_p_0x10000193b,209501,False
func_p_0x10000193d,209418,True
func_p_0x100001955,209093,True
func_p_0x1000019d8,209510,False
func_p_0x100001a32,209266,True
func_p_0x100001a35,208626,True
func_p_0x100001a65,209995,False
func_p_0x100001b6e,209101,True
func_p_0x100001b71,208286,False
func_p_0x100001ba6,209517,True
func_p_0x100001c25,209656,False
func_p_0x100001c72,208273,True
func_p_0x100001c90,209705,False
func_p_0x100001c92,208367,False
func_p_0x100001c95,209750,True
func_p_0x100002421,209301,True
func_p_0x100002423,210017,True
func_p_0x100002a62,208126,False
func_p_0x100002a66,210074,False
func_p_0x100002a68,208413,True
func_p_0x100002a79,209024,True
func_p_0x100002f0a,209762,True
func_p_0x100002f76,209179,True
func_p_0x100003227,209076,False
func_p_0x100003235,208584,False
func_p_0x100003258,208955,True
func_p_0x100003324,209666,True
func_p_0x100003326,209303,False
func_p_0x1000033b3,208551,True
func_p_0x1000033ba,208428,False
func_p_0x1000033c1,208774,False
func_p_0x100003401,209295,False
func_p_0x100003415,208219,True
func_p_0x100003756,209165,False
func_p_0x10000379b,209899,True
func_p_0x10000379d,208158,False
func_p_0x1000037a1,209137,True
func_p_0x100003c0a,210105,False
func_p_0x100003d2e,209037,True
func_p_0x100003dc6,208233,False
func_p_0x100003eee,209214,True
func_p_0x100003f49,209622,False
func_p_0x100003fff,208232,True
func_p_0x10000408c,208451,True
func_p_0x100004094,208931,False
func_p_0x1000041bd,208520,False
func_p_0x10000420b,208441,False
func_p_0x10000424f,209609,False
func_p_0x100004355,209705,False
func_p_0x100004361,209213,True
func_p_0x1000045c7,209027,False
func_p_0x1000048f0,209118,True
func_p_0x100004937,208248,True
func_p_0x100004ab0,209438,False
func_p_0x100004e15,210075,True
func_p_0x100004e40,208198,False
func_p_0x100005355,209538,True
func_p_0x10000535c,208958,False
func_p_0x100005367,209398,False
func_p_0x100005392,209856,True
func_p_0x100005396,209312,True
func_p_0x10000561e,209467,False
func_p_0x100005793,208400,False
func_p_0x1000058ad,209434,True
func_p_0x1000058af,208922,False
func_p_0x1000058ce,210008,True
func_p_0x100005c81,208514,False
func_p_0x100005c89,208860,False
func_p_0x10000603f,209637,True
func_p_0x10000662f,208932,True
func_p_0x100006631,209479,False
func_p_0x1000066b2,209152,False
func_p_0x100006820,208252,False
func_p_0x100006987,208405,False
func_p_0x100006bee,209233,False
func_p_0x100006f46,209697,False
func_p_0x100007057,208364,True
func_p_0x1000072e1,209086,False
func_p_0x100007469,210102,True
func_p_0x1000074b1,209551,True
func_pe_0x100000483,209984,True
func_pe_0x100000488,208884,False
func_pe_0x1000006a3,209103,False
func_pe_0x1000006a7,209983,True
func_pe_0x1000006b4,208898,False
func_pe_0x1000006c7,210093,False
func_pe_0x1000006d2,209521,False
func_pe_0x10000188d,208852,True
func_pe_0x1000018ba,209604,False
func_pe_0x100005834,208260,False
func_pe_0x100005e17,209132,True
func_pe_0x100005fac,209834,True
func_pe_0x100006484,209057,True
func_pe_0x100006486,210036,False
func_pe_0x10000653c,209902,True
func_pe_0x100006544,209225,False
func_pe_0x100006546,208892,True
func_pe_0x100006548,208709,False
func_pe_0x100006dda,209387,False
func_pi_0x100006cdf,208521,False
func_pi_0x100006ce1,208309,False
func_pi_0x100006ce3,208708,False
func_pi_0x100006ce5,209307,True
func_pi_0x100006ce9,208584,True
func_pi_0x100006ceb,208896,False
func_pi_0x100006ced,209771,False
func_pi_0x100006cf1,209067,False
func_pi_0x100006cf3,208571,False
func_pi_0x100006cf7,208786,False
func_pi_0x1000077a7,208690,True
func_pn_0x10000067b,210088,False
func_pn_0x10000067f,209483,False
func_pn_0x100000683,208938,True
func_pn_0x100000685,208258,True
func_pn_0x100000687,209073,False
func_pn_0x10000068d,208519,False
func_pn_0x10000068f,209782,False
func_pn_0x100001818,208789,False
func_pn_0x100002579,208207,False
func_pn_0x10000257b,209674,True
func_pn_0x10000257f,208611,True
func_pn_0x100002583,209327,True
func_pn_0x100002587,209471,False
func_pn_0x10000258b,209338,False
func_pn_0x100002591,209544,False
func_pn_0x100002593,209684,True
func_pn_0x100002595,208575,False
func_pn_0x10000259b,208148,False
func_pn_0x10000259d,209136,False
func_pn_0x10000259f,209227,True
func_pn_0x1000025a1,208907,False
func_pn_0x1000025a5,208319,False
func_pn_0x1000025a7,209987,True
func_pn_0x1000025ab,209206,False
func_pn_0x1000025cb,208442,False
func_pn_0x1000025d3,209490,False
func_pn_0x1000025d5,209272,True
func_pn_0x1000025d7,209478,False
func_pn_0x1000025d9,209756,True
func_pn_0x1000025df,209302,False
func_pn_0x1000025e3,209211,True
func_pn_0x1000025e7,209867,True
func_pn_0x1000025e9,209209,False
func_pn_0x1000025f5,210047,False
func_pn_0x100005b34,208390,False
func_pn_0x100006c97,210102,False
func_pn_0x100006c99,210075,False
func_pn_0x100006c9b,208305,True
func_pn_0x100006c9d,208342,False
func_pn_0x100006ca3,208400,False
func_pt_0x100004c53,208329,True
func_pt_0x100004c55,208157,True
func_pt_0x100004c57,209157,False
func_pt_0x10000583b,210106,False
func_pt_0x10000583d,208724,False
func_pt_0x10000584d,209058,False
func_pt_0x100005acb,208344,True
func_pt_0x100005acd,209147,True
func_pt_0x100005ad1,208307,True
func_pt_0x100005b5d,210020,True
func_pt_0x100005b75,208657,False
func_pt_0x100005e1c,209958,False
func_pt_0x100005e1e,208184,False
func_pt_0x100005e20,209067,True
func_pt_0x100005e22,210004,False
func_pt_0x100005e28,209289,False
func_pt_0x100005e2a,209214,True
func_pt_0x100005e2e,209503,False
func_pt_0x100005e32,209567,True
func_pt_0x100005e36,208865,True
func_pt_0x100005e38,208960,False
func_pt_0x100005e3a,210041,True
func_pt_0x100005e3e,208671,True
func_pt_0x100005e40,208870,False
func_pt_0x100005e42,208227,False
func_pt_0x100005e4a,208584,True
func_pt_0x100005e4c,208127,False
func_pt_0x100005e54,209392,True
func_pt_0x100005e56,208193,True
func_pt_0x100005e5a,208177,True
func_pt_0x100005f1c,209128,True
func_pt_0x100005f2c,208966,False
func_pt_0x100006cd3,209017,True
func_q_0x1000001c9,209290,False
func_q_0x100000828,209292,False
func_q_0x10000082c,208957,True
func_q_0x10000082e,209291,True
func_q_0x1000019a3,208438,True
func_q_0x1000019a5,209117,False
func_q_0x1000019a7,208814,True
func_q_0x1000019b8,209221,True
func_q_0x1000019be,209695,True
func_q_0x1000019c0,208155,False
func_q_0x1000019ce,208131,False
func_q_0x1000019d5,208242,False
func_q_0x100001be4,209343,True
func_q_0x100001c1f,209734,True
func_q_0x100001c42,208844,True
func_q_0x1000024f9,208753,True
func_q_0x100002ad3,209631,False
func_q_0x100002af1,208359,False
func_q_0x100002faf,210037,True
func_q_0x100002fb7,208883,False
func_q_0x10000303c,210049,False
func_q_0x10000307d,209212,False
func_q_0x1000030a4,208898,True
func_q_0x1000030b0,208730,True
func_q_0x100003387,209113,False
func_q_0x10000374e,210052,False
func_q_0x100003750,208771,True
func_q_0x100003752,209994,False
func_q_0x1000037c8,208949,True
func_q_0x1000037e2,209585,True
func_q_0x1000037e8,208718,True
func_q_0x1000038c6,209049,False
func_q_0x1000038f0,210060,False
func_q_0x1000038f9,209158,True
func_q_0x1000038fc,209815,True
func_q_0x100003916,208358,False
func_q_0x10000391f,209683,False
func_q_0x100003bde,209079,True
func_q_0x100003be2,208760,True
func_q_0x100003f14,209969,True
func_q_0x100003f16,209133,False
func_q_0x100003f18,208131,False
func_q_0x100003fef,209267,False
func_q_0x100004020,208134,True
func_q_0x100004225,209904,False
func_q_0x10000438c,209646,True
func_q_0x10000438e,210078,True
func_q_0x1000046a2,209752,True
func_q_0x1000046a4,209662,False
func_q_0x100004917,209970,False
func_q_0x100004bb3,208870,False
func_q_0x100004bb5,209269,True
func_q_0x100004e26,209174,False
func_q_0x100005052,208821,True
func_q_0x100005058,209658,True
func_q_0x1000055d1,208734,True
func_q_0x1000055d3,208765,False
func_q_0x1000055d5,209399,False
func_q_0x1000055e2,208692,True
func_q_0x1000055e4,209761,False
func_q_0x1000055f9,209932,False
func_q_0x1000056df,209055,True
func_q_0x100005717,209402,True
func_q_0x1000057a9,209932,True
func_q_0x10000594b,209702,True
func_q_0x10000594d,209969,True
func_q_0x10000594f,208291,True
func_q_0x100006081,209164,True
func_q_0x100006346,209121,False
func_q_0x100006377,208799,False
func_q_0x100006759,208628,False
func_q_0x1000068c1,208154,True
func_q_0x1000068dc,208707,True
func_q_0x100006980,208315,True
func_q_0x1000074bd,208744,True
func_qe_0x10000278c,209518,False
func_qe_0x100002795,209356,True
func_qe_0x10000279a,208780,True
func_qe_0x1000027a5,208540,False
func_qe_0x1000027a9,208414,True
func_qe_0x1000027c3,209353,True
func_qe_0x1000027c9,210066,False
func_qe_0x1000027d1,208855,True
func_qe_0x1000027d3,208364,False
func_qe_0x1000027da,208963,False
func_qe_0x1000027f6,208650,True
func_qe_0x1000027f9,209457,False
func_qe_0x100002809,210099,True
func_qe_0x10000280b,209784,True
func_qe_0x100002811,209391,False
func_qe_0x100002813,208573,True
func_qe_0x100002817,208451,False
func_qe_0x100002819,208526,False
func_qe_0x10000281b,209793,False
func_qe_0x100002825,209594,False
func_qe_0x10000282f,209982,False
func_qe_0x100002831,210026,False
func_qe_0x100002833,208739,False
func_qe_0x100002835,209022,True
func_qe_0x100002867,209800,False
func_qe_0x100002869,208650,False
func_qe_0x10000286b,209018,False
func_qe_0x100002871,209981,True
func_qe_0x100002873,208268,True
func_qe_0x100002875,208782,False
func_qe_0x10000287b,209112,False
func_qe_0x10000287d,208558,True
func_qe_0x10000287f,208957,False
func_qe_0x100002887,208437,False
func_qe_0x100002889,209797,False
func_qe_0x10000288f,209451,False
func_qe_0x10000289d,208546,True
func_qe_0x1000028a1,208286,False
func_qe_0x1000028a7,208283,False
func_qe_0x1000028a9,208218,True
func_qe_0x1000028af,208590,False
func_qe_0x1000028b1,208513,True
func_qe_0x1000028be,209142,False
func_qe_0x1000028c2,209444,True
func_qe_0x1000028c4,209687,False
func_qe_0x1000028c6,208457,True
func_qe_0x1000028e0,209058,False
func_qe_0x1000028ef,208618,False
func_qe_0x1000028fc,208361,False
func_qe_0x10000290e,209722,False
func_qe_0x100002911,208705,False
func_qe_0x100002913,210047,True
func_qe_0x100002921,208826,True
func_qe_0x100002946,209763,False
func_qe_0x100002960,209861,True
func_qe_0x100002983,208433,True
func_qe_0x100002987,208193,True
func_qe_0x1000029b2,208431,False
func_qe_0x1000029cc,208705,False
func_qe_0x1000029ce,209049,False
func_qe_0x1000029d0,209084,False
func_qe_0x100002a12,208995,False
func_qe_0x100002a22,208140,True
func_qi_0x100002939,209402,False
func_qi_0x10000297c,208258,True
func_qn_0x100001a96,208937,True
func_qn_0x100001ac9,208280,False
func_qn_0x100001acd,208844,True
func_qn_0x100001acf,208702,False
func_qn_0x10000328f,209994,True
func_qn_0x100004c18,208351,True
func_qn_0x100004c27,208789,True
func_qn_0x100004c63,208731,True
func_qn_0x100004c6a,209832,False
func_qn_0x100004cd6,208618,False
func_qn_0x100005bd8,210119,False
func_qn_0x100007284,209919,False
func_qn_0x100007367,208783,True
func_qn_0x10000736c,209292,False
func_qt_0x100002d03,209679,False
func_qt_0x100004f4a,208259,False
func_qt_0x100004f4c,208643,True
func_qt_0x100004f50,208805,False
func_qt_0x100004f52,208902,True
func_qt_0x100004f56,209284,False
func_qt_0x100004f5a,210081,True
func_qt_0x100004f60,209231,True
func_r0_0x100001dd4,209229,True
func_r0_0x100001dd8,208655,True
func_r0_0x100001dda,208228,True
func_r0_0x100004c32,208216,True
func_r0_0x100004c4b,209257,False
func_r0_0x10000735e,209353,True
func_r0_0x10000754a,208951,False
func_r_0x100000000,210035,True
func_r_0x100000002,210120,False
func_r_0x100000011,208255,True
func_r_0x100000019,209493,True
func_r_0x10000008f,209740,False
func_r_0x1000000a9,208284,False
func_r_0x1000000c0,209171,True
func_r_0x1000000c6,209733,False
func_r_0x10000017a,209990,False
func_r_0x100000184,209750,True
func_r_0x100000196,209121,True
func_r_0x10000019e,208160,True
func_r_0x1000001a1,209084,False
func_r_0x100000269,209033,False
func_r_0x10000026b,209830,True
func_r_0x1000002aa,209627,True
func_r_0x1000002d7,208477,False
func_r_0x100000343,209925,False
func_r_0x10000034e,210008,True
func_r_0x100000372,208714,False
func_r_0x100000385,208385,True
func_r_0x1000003bf,209492,False
func_r_0x1000003db,209734,False
func_r_0x1000003de,209037,False
func_r_0x1000003ed,208397,False
func_r_0x1000003f3,208503,True
func_r_0x1000003fd,208815,False
func_r_0x100000433,209087,False
func_r_0x10000044d,209246,False
func_r_0x100000463,208740,False
func_r_0x100000469,209316,False
func_r_0x10000046c,208778,False
func_r_0x10000070b,208631,True
func_r_0x10000072c,209168,True
func_r_0x100000736,209839,False
func_r_0x10000073a,209662,True
func_r_0x10000073d,209330,True
func_r_0x100000750,209180,True
func_r_0x100000759,209728,False
func_r_0x1000007b8,209110,False
func_r_0x1000007df,209033,False
func_r_0x1000007ef,208297,True
func_r_0x1000007f1,209189,True
func_r_0x100000839,209811,True
func_r_0x10000086e,209353,True
func_r_0x10000087c,208573,False
func_r_0x100000887,208444,False
func_r_0x100000893,209203,False
func_r_0x1000008b9,209178,True
func_r_0x1000008c3,209742,True
func_r_0x1000008c7,208621,True
func_r_0x1000008c9,208209,True
func_r_0x1000008e9,208870,False
func_r_0x100000903,208483,True
func_r_0x100000905,208361,False
func_r_0x100000907,208735,True
func_r_0x100000909,210061,False
func_r_0x100000923,209950,False
func_r_0x100001510,208901,False
func_r_0x100001540,208529,True
func_r_0x10000191b,208704,True
func_r_0x1000019bb,209889,True
func_r_0x100001b90,209673,True
func_r_0x100001ed4,209583,False
func_r_0x100001edf,209830,False
func_r_0x100001ee2,208359,False
func_r_0x100001ee7,208954,False
func_r_0x100001eea,208831,True
func_r_0x100001ef5,209571,True
func_r_0x100001ef8,209073,False
func_r_0x100001f00,208449,True
func_r_0x100001f05,209923,True
func_r_0x100001f0c,209636,False
func_r_0x100001f15,209461,True
func_r_0x100001f19,208262,True
func_r_0x100002488,209305,False
func_r_0x100002497,209920,False
func_r_0x10000249d,209175,False
func_r_0x1000024d8,208617,True
func_r_0x1000024db,209019,True
func_r_0x100002544,209685,False
func_r_0x100002668,208215,False
func_r_0x10000266d,209412,True
func_r_0x100002a77,209876,False
func_r_0x100003244,209610,True
func_r_0x1000033c7,209086,True
func_r_0x1000033d8,210086,False
func_r_0x100003426,208438,True
func_r_0x10000377e,208523,False
func_r_0x100003b58,209819,True
func_r_0x100003b65,208590,False
func_r_0x100003b6c,209308,True
func_r_0x100003b7e,209859,True
func_r_0x100003b83,208380,True
func_r_0x100003b92,210093,True
func_r_0x1000040d7,209632,True
func_r_0x1000040dc,209375,False
func_r_0x1000040e1,208144,True
func_r_0x1000040ea,209443,True
func_r_0x1000040ee,209442,True
func_r_0x1000040f8,209532,False
func_r_0x1000040fb,209327,False
func_r_0x100004124,209893,True
func_r_0x10000412a,209008,False
func_r_0x100004160,208811,False
func_r_0x10000416c,209129,True
func_r_0x10000441d,209104,False
func_r_0x100004467,208453,True
func_r_0x100004503,209678,True
func_r_0x100004526,209588,True
func_r_0x10000456a,209913,True
func_r_0x100004572,209169,False
func_r_0x10000457a,209935,True
func_r_0x1000046d9,208994,True
func_r_0x100004b6f,209544,False
func_r_0x100004d51,209255,True
func_r_0x100004d6a,209000,False
func_r_0x100004d7a,210047,False
func_r_0x100004d98,209136,False
func_r_0x100005e63,208629,True
func_r_0x100005e6a,208777,True
func_r_0x100005e7a,208942,True
func_r_0x1000072d3,209032,True
func_r_0x1000072d9,208967,True
func_r_0x1000077d4,209608,False
func_re_0x100001587,208894,True
func_re_0x10000158b,208598,True
func_re_0x100001594,209132,True
func_re_0x1000017a5,209547,True
func_re_0x1000017a7,208209,True
func_re_0x100001910,209869,False
func_re_0x100003472,210029,True
func_re_0x100003488,208955,False
func_re_0x10000365e,209265,True
func_re_0x10000463f,209592,True
func_re_0x1000049e8,208209,True
func_re_0x100005513,208693,True
func_re_0x100005526,209696,False
func_re_0x10000552b,209758,True
func_re_0x10000553d,209167,True
func_re_0x100005628,208573,True
func_re_0x10000566d,209652,True
func_re_0x100005671,209473,False
func_re_0x10000567a,208608,False
func_re_0x10000613f,208670,True
func_re_0x100006150,210090,False
func_re_0x1000061e1,210088,False
func_re_0x1000061e5,208969,False
func_re_0x1000061e7,209724,True
func_re_0x1000061eb,209758,False
func_re_0x1000061ef,209356,False
func_re_0x1000066ea,208889,False
func_re_0x100006b07,209462,True
func_re_0x10000737c,208610,False
func_re_0x100007380,209382,True
func_rn_0x100001825,208212,False
func_rn_0x100001827,208877,False
func_rn_0x100001831,209081,False
func_rn_0x100001833,208239,False
func_rn_0x10000183a,208239,True
func_rn_0x10000183c,209908,False
func_rn_0x100001840,208338,True
func_rn_0x100001842,209879,True
func_rn_0x100001844,208489,False
func_rn_0x100001848,208573,True
func_rn_0x100001893,209823,True
func_rn_0x100001897,209016,False
func_rn_0x10000189d,209642,True
func_rn_0x10000189f,208309,False
func_rn_0x1000018a1,209663,False
func_rn_0x1000018a5,208935,False
func_rn_0x1000018ab,208969,False
func_rn_0x1000018b1,209120,True
func_rn_0x1000018b5,209073,False
func_rn_0x100006588,208592,False
func_rn_0x10000659c,209781,True
func_rn_0x10000659e,209623,True
func_rn_0x1000065a6,208601,True
func_rn_0x1000065a8,208860,True
func_rn_0x1000065aa,209105,True
func_rt_0x100001aa8,208204,False
func_rt_0x100001ad4,209011,True
func_rt_0x100001aec,209069,True
func_rt_0x100001af4,209601,True
func_rt_0x100001af8,209738,False
func_rt_0x100001afa,209089,True
func_rt_0x100001dad,209121,True
func_rt_0x100001dbb,209500,False
func_rt_0x100001df2,208744,False
func_rt_0x100001df6,208337,False
func_rt_0x100003a43,209559,False
func_rt_0x100003a49,209420,True
func_rt_0x100004287,209663,False
func_rt_0x100004872,209870,True
func_rt_0x100004874,210078,True
func_rt_0x100004876,208186,True
func_rt_0x100004878,209536,False
func_rt_0x100004880,209221,True
func_rt_0x100004882,209499,True
func_rt_0x100004884,209744,True
func_rt_0x100004888,208786,True
func_rt_0x10000488a,208718,False
func_rt_0x10000580e,208854,True
func_rt_0x100005814,208734,False
func_rt_0x100005818,209706,True
func_rt_0x10000581a,210107,True
func_rt_0x100005820,208653,True
func_rt_0x100005822,208419,False
func_rt_0x10000582e,209763,True
func_rt_0x100005830,208264,True
func_rt_0x100005cba,209641,False
func_rt_0x100005cd0,208233,False
func_rt_0x100006577,209797,False
func_rt_0x1000065bc,208145,False
func_rt_0x1000066ad,208577,True
func_rt_0x100006c02,208130,False
func_rt_0x100006c6d,208385,True
func_s0_0x100001dc2,209148,False
func_s0_0x100001dc4,209415,False
func_s0_0x100001dc8,209498,True
func_s0_0x100001dca,208901,True
func_s0_0x100001dd0,209163,False
func_s0_0x100001dd2,209140,True
func_s0_0x100001dde,210073,False
func_s_0x100000096,208952,True
func_s_0x100000258,210048,False
func_s_0x1000002b4,209144,True
func_s_0x100000337,209335,True
func_s_0x1000003a6,208756,True
func_s_0x1000003d5,209167,False
func_s_0x10000078a,209196,False
func_s_0x1000007fd,208154,True
func_s_0x100000809,209179,False
func_s_0x10000084c,208809,True
func_s_0x100000862,208214,True
func_s_0x100000874,208427,False
func_s_0x1000008b4,209462,True
func_s_0x1000008cc,209406,True
func_s_0x1000015f5,208849,True
func_s_0x10000194a,209801,False
func_s_0x100001952,208237,False
func_s_0x100001a0a,208544,True
func_s_0x100001c6d,208845,False
func_s_0x100001d76,209915,False
func_s_0x100001f69,209728,True
func_s_0x100002493,210098,False
func_s_0x1000024b9,209088,False
func_s_0x1000024bf,209910,False
func_s_0x100002ee1,209272,True
func_s_0x100003123,208662,False
func_s_0x100003197,208185,True
func_s_0x1000031eb,208626,False
func_s_0x100003330,209683,False
func_s_0x10000349b,209857,True
func_s_0x100003790,209419,False
func_s_0x100003b42,210012,False
func_s_0x100003ba9,208411,True
func_s_0x100003cc0,208613,True
func_s_0x100003de7,209050,True
func_s_0x100003ec2,209626,False
func_s_0x100004109,209885,False
func_s_0x100004213,209922,True
func_s_0x100004244,209796,True
func_s_0x10000440c,210041,False
func_s_0x100004419,209894,True
func_s_0x100004440,210009,False
func_s_0x100004484,209784,False
func_s_0x1000044b8,209471,True
func_s_0x1000044df,208500,True
func_s_0x1000044e5,208188,True
func_s_0x100004557,209483,False
func_s_0x1000045e8,209079,False
func_s_0x1000048d7,208241,False
func_s_0x10000492e,210022,True
func_s_0x100004d32,208588,False
func_s_0x100004d4e,208632,False
func_s_0x100004fae,209061,True
func_s_0x100005049,208873,True
func_s_0x100005070,210063,False
func_s_0x100005072,209489,True
func_s_0x100005079,208807,False
func_s_0x10000507e,210099,False
func_s_0x100005080,209860,False
func_s_0x10000549e,208810,True
func_s_0x10000579f,208605,False
func_s_0x1000058bb,209453,True
func_s_0x1000058bf,209455,True
func_s_0x1000058c4,209720,False
func_s_0x1000059f9,209331,False
func_s_0x100005a17,208634,True
func_s_0x100005a22,209779,True
func_s_0x100005c76,209904,False
func_s_0x100006a6d,209163,False
func_s_0x1000074ab,209667,False
func_s_0x1000074c4,208144,True
func_sd_0x10000299e,210067,False
func_se_0x10000155f,208555,False
func_se_0x100001561,209328,False
func_se_0x10000175e,209053,False
func_se_0x100001761,209068,False
func_se_0x10000179c,209314,False
func_se_0x1000018da,209501,False
func_se_0x1000018fa,209287,True
func_se_0x100001cfc,208841,False
func_se_0x100001d15,208661,True
func_se_0x100001d17,209311,True
func_se_0x100001d19,208637,True
func_se_0x100001d1b,208793,True
func_se_0x100001d1f,209854,True
func_se_0x100001d21,208350,True
func_se_0x10000244b,208455,False
func_se_0x10000244d,208773,False
func_se_0x100002cac,209214,True
func_se_0x100002cb8,208557,False
func_se_0x100002cba,209629,False
func_se_0x100002cbe,208995,True
func_se_0x100002cc2,208594,True
func_se_0x100002cc6,208919,True
func_se_0x100002cca,208707,False
func_se_0x100002cd2,209049,False
func_se_0x100002cdc,209154,False
func_se_0x100002ce0,209853,False
func_se_0x100002ce4,209006,False
func_se_0x1000031d9,209203,True
func_se_0x100003454,209422,False
func_se_0x1000034da,209526,True
func_se_0x1000034e4,208820,True
func_se_0x1000034e8,209473,False
func_se_0x1000034ea,209332,True
func_se_0x10000404e,209699,True
func_se_0x10000406d,208772,True
func_se_0x1000043a4,210043,False
func_se_0x1000043a8,208820,False
func_se_0x1000043aa,209129,False
func_se_0x1000049df,209785,True
func_se_0x1000049e1,208421,False
func_se_0x100004ae9,210022,False
func_se_0x100005328,210008,False
func_se_0x1000053ca,208796,False
func_se_0x1000053dd,208144,True
func_se_0x1000053e1,209943,False
func_se_0x1000053fb,210022,False
func_se_0x100005415,208225,False
func_se_0x100005bea,208211,True
func_se_0x100005c44,209927,True
func_se_0x100005c46,208878,False
func_se_0x100005c58,209710,False
func_se_0x1000060ab,209272,False
func_se_0x100006204,208987,True
func_se_0x100006206,208486,False
func_se_0x10000620a,209726,False
func_se_0x1000063f1,208677,True
func_se_0x100006808,209947,False
func_se_0x1000070ac,209276,False
func_se_0x100007181,208969,True
func_si_0x100002d06,210095,False
func_si_0x100002d0e,209033,True
func_si_0x100005198,209215,True
func_si_0x10000519c,210114,True
func_si_0x100007734,208789,True
func_sn_0x1000025ba,208724,True
func_sn_0x1000025bc,209852,False
func_sn_0x100005873,208455,True
func_sn_0x10000587b,208343,False
func_sn_0x100006213,208596,True
func_sn_0x100006215,208566,True
func_sn_0x10000621b,208134,True
func_sn_0x10000621d,208987,False
func_sn_0x10000621f,208538,True
func_sn_0x100006229,208262,False
func_sn_0x100006230,208293,True
func_sn_0x100006233,208648,False
func_sn_0x100006247,209590,True
func_sn_0x100006252,209614,False
func_sn_0x100006254,209462,False
func_sn_0x100006256,209856,True
func_sn_0x100006279,209453,True
func_sn_0x10000627d,208934,True
func_sn_0x10000627f,208687,True
func_sn_0x100006281,208987,True
func_sn_0x1000076fb,209714,False
func_sn_0x100007774,208339,True
func_st_0x10000047d,209466,True
func_st_0x1000006d0,209863,False
func_st_0x100005ac5,208620,True
func_st_0x100005b4f,208575,True
func_st_0x100005ef8,208723,True
func_st_0x100005f39,208862,False
func_st_0x100005f3d,208134,True
func_st_0x100006550,208896,False
func_st_0x100006554,209451,True
func_st_0x100006559,208974,True
func_st_0x100006c83,208403,False
func_st_0x100006cd5,208410,False
func_t0_0x1000023eb,210081,False
func_t_0x100000006,208695,False
func_t_0x100000045,208275,False
func_t_0x100000187,209115,False
func_t_0x10000018b,209761,False
func_t_0x1000001a4,209389,True
func_t_0x10000023f,208882,True
func_t_0x100000257,209407,True
func_t_0x100000261,208404,True
func_t_0x1000002e7,208488,True
func_t_0x10000033c,208778,True
func_t_0x100000346,209116,False
func_t_0x10000034b,209837,False
func_t_0x100000366,208883,True
func_t_0x10000037e,208995,True
func_t_0x100000398,209433,False
func_t_0x1000003c5,208790,True
func_t_0x1000003cb,208806,False
func_t_0x1000003cf,210082,True
func_t_0x1000003e2,208515,False
func_t_0x1000003ea,209471,False
func_t_0x100000406,208483,True
func_t_0x100000409,208887,True
func_t_0x100000423,208786,True
func_t_0x10000042e,208904,False
func_t_0x10000043a,208499,False
func_t_0x100000449,209950,True
func_t_0x100000713,208814,True
func_t_0x10000072e,208621,False
func_t_0x100000738,209843,True
func_t_0x10000073f,209043,True
func_t_0x10000075f,209570,True
func_t_0x10000077f,209094,True
func_t_0x100000785,209896,False
func_t_0x10000079c,209955,False
func_t_0x10000079f,209545,True
func_t_0x1000007e6,208654,True
func_t_0x1000007f5,208530,True
func_t_0x10000083b,209511,False
func_t_0x100000895,208888,True
func_t_0x100000898,209920,False
func_t_0x1000008b1,208546,True
func_t_0x1000008f9,208618,False
func_t_0x10000090b,209359,False
func_t_0x1000014fc,208962,False
func_t_0x100001600,209808,False
func_t_0x1000016ca,208873,True
func_t_0x100001990,209345,True
func_t_0x100001a00,208619,True
func_t_0x100001a12,209689,True
func_t_0x100001a85,209853,False
func_t_0x100001b4a,209969,True
func_t_0x100001c3c,208354,False
func_t_0x1000024a0,209666,True
func_t_0x1000024a4,208660,True
func_t_0x10000254e,208712,False
func_t_0x100002ceb,209452,False
func_t_0x100002d18,208407,True
func_t_0x100002d1a,210117,False
func_t_0x100002d1e,208320,True
func_t_0x100002d20,209110,False
func_t_0x100002d23,209885,True
func_t_0x100002d39,209712,False
func_t_0x100002d3b,210027,False
func_t_0x100002d41,208881,True
func_t_0x100002e20,208347,True
func_t_0x100002e2a,210034,False
func_t_0x100002e34,208251,True
func_t_0x100002e42,210107,True
func_t_0x100002e4a,208427,True
func_t_0x100002e4e,208589,True
func_t_0x100002e50,209716,False
func_t_0x100002e56,209560,False
func_t_0x100002e5f,208823,True
func_t_0x100002e63,208334,False
func_t_0x100002e69,209235,False
func_t_0x100002e6d,209564,True
func_t_0x100002e77,208588,True
func_t_0x100002e7d,209922,False
func_t_0x100002e82,208651,False
func_t_0x100002eca,209280,True
func_t_0x100002f18,209347,False
func_t_0x100003024,208501,False
func_t_0x1000030bc,210049,False
func_t_0x10000312b,209824,True
func_t_0x10000313e,208583,True
func_t_0x1000031ea,209423,False
func_t_0x100003257,210026,True
func_t_0x100003317,208435,True
func_t_0x10000332b,208616,True
func_t_0x1000033e0,209372,True
func_t_0x10000341e,208685,False
func_t_0x10000349a,209548,True
func_t_0x10000349f,208836,False
func_t_0x10000358b,208982,True
func_t_0x100003693,209664,True
func_t_0x100003781,208495,False
func_t_0x100003786,208192,False
func_t_0x10000393a,209988,False
func_t_0x100003b6f,208384,False
func_t_0x100003c95,209743,False
func_t_0x100003cf9,209553,True
func_t_0x100003d1c,209120,False
func_t_0x100003d25,208155,False
func_t_0x100003d2b,208511,True
func_t_0x100003d93,208237,False
func_t_0x100003e44,208638,False
func_t_0x100003e52,208950,True
func_t_0x100003f22,209112,True
func_t_0x100003fb5,210044,True
func_t_0x100004006,210120,True
func_t_0x1000040e6,208282,True
func_t_0x100004111,208433,False
func_t_0x10000411f,209628,True
func_t_0x100004139,208580,False
func_t_0x100004141,208337,False
func_t_0x10000414a,209673,True
func_t_0x1000041ef,209472,True
func_t_0x100004235,209131,False
func_t_0x100004242,209773,False
func_t_0x100004416,209746,False
func_t_0x10000446f,209763,True
func_t_0x10000449f,209976,False
func_t_0x1000044a7,209151,True
func_t_0x1000044af,208334,False
func_t_0x1000044cf,208591,True
func_t_0x10000450b,208621,True
func_t_0x10000451d,208664,True
func_t_0x10000452f,209105,False
func_t_0x10000455b,209316,False
func_t_0x10000458b,210106,True
func_t_0x10000459c,208471,True
func_t_0x100004701,209367,False
func_t_0x100004703,210051,False
func_t_0x10000472a,208384,True
func_t_0x100004779,208992,True
func_t_0x100004793,209615,True
func_t_0x100004797,209796,False
func_t_0x1000047ad,209720,False
func_t_0x1000047b1,209717,False
func_t_0x1000047bb,208874,True
func_t_0x1000047c0,208838,True
func_t_0x1000047c4,208563,False
func_t_0x1000047cc,208921,False
func_t_0x10000492a,209257,True
func_t_0x100004970,209892,False
func_t_0x100004b7e,209762,False
func_t_0x100004d54,208756,True
func_t_0x100004d5f,209903,False
func_t_0x100004e96,209552,True
func_t_0x10000529e,208524,False
func_t_0x1000052ac,209459,True
func_t_0x100005790,208995,True
func_t_0x100005886,208856,False
func_t_0x1000058c3,209723,False
func_t_0x10000598b,208179,False
func_t_0x100005992,209750,True
func_t_0x100005a11,208541,True
func_t_0x100005a1a,209102,False
func_t_0x100005a25,208772,False
func_t_0x100005a2f,209727,False
func_t_0x100005c04,209113,False
func_t_0x100005e7d,209191,False
func_t_0x100006120,209888,True
func_t_0x100006122,208916,False
func_t_0x100006270,209463,False
func_t_0x100006326,209265,True
func_t_0x1000069b3,209782,False
func_t_0x100006ad5,208586,True
func_t_0x100006de1,209037,False
func_t_0x100006fb6,209490,True
func_t_0x100006fba,209933,False
func_t_0x10000773d,209414,False
func_t_0x1000077c8,209486,True
func_t_0x1000077da,210099,False
func_te_0x100002f23,209233,False
func_te_0x1000034c8,208402,True
func_te_0x1000034ca,208575,True
func_te_0x1000034cc,208671,True
func_te_0x1000034ce,208437,True
func_te_0x1000035ed,209963,False
func_te_0x1000035fd,209644,False
func_te_0x1000035ff,208848,True
func_te_0x100003601,208664,True
func_te_0x100003648,208501,False
func_te_0x100003652,208721,False
func_te_0x100004647,209806,False
func_te_0x100004663,209217,True
func_te_0x100004671,209438,True
func_te_0x100004673,208608,False
func_te_0x1000057fe,208459,False
func_te_0x1000058a1,208263,False
func_te_0x1000058a5,209210,False
func_te_0x1000058a7,208488,False
func_te_0x1000059bd,209683,False
func_te_0x1000059db,208886,False
func_te_0x100006130,210093,False
func_te_0x100006134,209015,True
func_te_0x100006145,209095,True
func_te_0x1000063ef,209796,False
func_te_0x100006422,208254,True
func_te_0x100006424,209961,True
func_te_0x100006426,209191,True
func_te_0x100006452,209413,True
func_te_0x1000067a0,209340,False
func_te_0x100006893,208674,True
func_te_0x10000689e,209870,False
func_te_0x1000069c5,209038,False
func_te_0x1000069d2,208600,True
func_te_0x100006b35,209470,False
func_te_0x100006b39,208850,True
func_te_0x100006b46,209660,False
func_te_0x100006fc0,208782,False
func_te_0x100006fc4,209605,True
func_te_0x100006fcd,209724,False
func_te_0x100006fcf,209800,True
func_te_0x100006fd1,210083,True
func_te_0x100006fd6,209087,False
func_te_0x100006fda,209819,True
func_te_0x100006fe0,209889,False
func_te_0x100007184,209945,False
func_te_0x100007186,209185,False
func_te_0x100007384,208557,True
func_te_0x100007386,209188,True
func_te_0x100007388,208642,True
func_te_0x10000738a,209870,True
func_te_0x10000738c,208138,False
func_ti_0x100004e93,209431,False
func_ti_0x100007746,209147,False
func_ti_0x10000774a,209906,False
func_tn_0x100001a9f,209456,False
func_tn_0x100001aa3,209861,True
func_tn_0x100001aae,209640,False
func_tn_0x100001ac2,208582,True
func_tn_0x100001ada,209250,False
func_tn_0x100001adc,210031,False
func_tn_0x100001ae4,208513,True
func_tn_0x100001ae6,209427,False
func_tn_0x100004c7f,210105,True
func_tn_0x100005cd2,209868,True
func_tn_0x100005ce5,209198,True
func_tn_0x100005ce7,208828,True
func_tn_0x100006587,208933,True
func_tn_0x100007546,209868,True
func_tn_0x10000757b,208382,False
func_tn_0x10000759b,209132,False
func_tn_0x10000759d,208579,True
func_tn_0x10000759f,208940,True
func_tn_0x1000075a5,209435,True
func_tn_0x1000075a9,208743,False
func_tn_0x1000075ad,208411,True
func_tn_0x1000075af,209188,True
func_tn_0x1000075b7,208942,False
func_tn_0x1000075b9,209813,True
func_tn_0x1000075bb,210028,True
func_tn_0x1000075bd,209388,False
func_tn_0x1000075c2,208145,False
func_tt_0x10000064a,209458,True
func_tt_0x100000650,210108,False
func_tt_0x100000654,209963,False
func_tt_0x10000065e,209366,False
func_tt_0x100000662,208331,False
func_tt_0x100000664,209086,True
func_tt_0x100000666,208827,True
func_tt_0x10000066f,208571,False
func_tt_0x100000671,209628,False
func_tt_0x100000673,209211,True
func_tt_0x100002577,209331,False
func_tt_0x10000257d,209403,False
func_tt_0x100002581,209521,True
func_tt_0x100002585,209318,False
func_tt_0x100002589,208378,True
func_tt_0x10000258d,209003,False
func_tt_0x10000258f,209961,True
func_tt_0x100002597,209276,False
func_tt_0x100002599,209423,True
func_tt_0x1000025a3,208145,True
func_tt_0x1000025a9,208380,True
func_tt_0x1000025ad,209477,True
func_tt_0x100005b0d,208778,True
func_tt_0x100006c91,209204,True
func_tt_0x100006c93,209361,False
func_tt_0x100006c95,208906,True
func_tt_0x100006c9f,208649,True
func_tt_0x100006ca5,209804,True
func_u_0x10000010a,208456,False
func_u_0x100000177,208625,False
func_u_0x1000001e9,209245,True
func_u_0x10000029d,208357,False
func_u_0x1000002cc,209570,True
func_u_0x10000032a,209895,True
func_u_0x10000077c,209737,False
func_u_0x1000008cd,208216,True
func_u_0x100001628,208263,False
func_u_0x1000017e9,208159,True
func_u_0x100001943,208848,True
func_u_0x100001947,210023,False
func_u_0x100001953,209833,True
func_u_0x10000195a,208183,False
func_u_0x100001a0b,209852,True
func_u_0x100001a37,209244,False
func_u_0x100001ba8,208514,False
func_u_0x100001f41,208691,False
func_u_0x100002f09,209604,False
func_u_0x10000302f,208243,True
func_u_0x100003031,209198,True
func_u_0x100003152,209013,False
func_u_0x10000319e,209726,True
func_u_0x1000031f1,209289,False
func_u_0x1000031f3,209916,False
func_u_0x1000031f5,209638,True
func_u_0x100003226,209198,True
func_u_0x100003251,209244,True
func_u_0x100003311,208148,True
func_u_0x1000033f2,209365,False
func_u_0x100003408,209772,True
func_u_0x100003814,208657,True
func_u_0x100003940,208776,True
func_u_0x100003b4b,209286,True
func_u_0x100003b9c,209550,False
func_u_0x100003b9e,208716,True
func_u_0x100003bd7,208988,False
func_u_0x100003bd9,208442,False
func_u_0x100003de4,208772,False
func_u_0x100003e1f,208265,True
func_u_0x100003ead,208793,True
func_u_0x100003efa,210112,False
func_u_0x100003f98,210023,True
func_u_0x100003fb9,208753,True
func_u_0x100004091,208766,True
func_u_0x1000040d4,209723,True
func_u_0x100004353,209917,False
func_u_0x10000442e,210011,True
func_u_0x100004430,208831,True
func_u_0x100004436,209698,False
func_u_0x1000044f1,209901,False
func_u_0x1000047ff,209227,True
func_u_0x100004801,210045,False
func_u_0x100004997,209860,True
func_u_0x100004b60,210031,False
func_u_0x100005002,209862,True
func_u_0x10000502c,208249,False
func_u_0x10000503f,208697,False
func_u_0x10000549f,209883,False
func_u_0x1000058aa,209379,False
func_u_0x1000058cd,208596,True
func_u_0x100005975,208434,False
func_u_0x100005988,209670,True
func_u_0x100005a0a,208826,True
func_u_0x100005b7a,209185,False
func_u_0x100005b92,210089,False
func_u_0x100006104,209736,True
func_u_0x100006824,208345,True
func_u_0x100006968,209020,False
func_u_0x100006aab,209903,False
func_u_0x100007803,209548,False
func_u_0x100007805,208650,False
func_ue_0x10000165d,208416,True
func_ue_0x10000165f,209658,True
func_ue_0x100001692,208808,True
func_ue_0x100001e64,208231,True
func_ue_0x100002572,208370,False
func_ue_0x10000261a,210020,False
func_ue_0x10000261c,209247,False
func_ue_0x100002665,208140,True
func_ue_0x100002f29,209762,False
func_ue_0x100002f2b,209976,True
func_ue_0x100002f2d,209051,True
func_ue_0x100002f2f,208541,True
func_ue_0x100002f31,209660,True
func_ue_0x100002f33,208719,False
func_ue_0x100002f35,209843,False
func_ue_0x100002f41,210049,True
func_ue_0x100002f45,208710,True
func_ue_0x100002f53,208685,False
func_ue_0x100002f57,209763,True
func_ue_0x100002f5b,208466,False
func_ue_0x100002f5d,208139,False
func_ue_0x100002f5f,209476,False
func_ue_0x100002f63,208575,False
func_ue_0x100002f69,208748,True
func_ue_0x100002f6b,209599,False
func_ue_0x100002f71,209896,True
func_ue_0x100003532,209465,True
func_ue_0x10000387e,210034,True
func_ue_0x10000388e,208328,False
func_ue_0x100003896,209828,False
func_ue_0x100003898,208133,False
func_ue_0x10000389a,209777,True
func_ue_0x10000389c,209481,False
func_ue_0x1000038b2,208987,False
func_ue_0x1000038b4,210068,True
func_ue_0x100003989,209741,False
func_ue_0x10000398b,209139,True
func_ue_0x10000398f,209410,True
func_ue_0x100003991,209197,True
func_ue_0x100003993,209581,False
func_ue_0x100003995,209987,False
func_ue_0x100003999,208671,False
func_ue_0x10000399e,210075,True
func_ue_0x1000039a0,208984,True
func_ue_0x1000039a7,209263,True
func_ue_0x1000039b7,209791,False
func_ue_0x1000039b9,209991,True
func_ue_0x10000552f,208280,True
func_ue_0x100005898,208700,False
func_ue_0x1000059d6,209488,False
func_ue_0x100005a3c,209691,False
func_ue_0x10000608c,209822,True
func_ue_0x100006404,209544,False
func_ue_0x100006417,209237,True
func_ue_0x1000075f3,208417,False
func_ue_0x100007613,208584,False
func_ue_0x100007636,208518,True
func_ui_0x1000020ad,208252,False
func_ui_0x10000229d,208358,False
func_un_0x100001af2,208444,False
func_un_0x100001b00,208563,False
func_un_0x100003a33,209923,True
func_un_0x10000486e,209892,True
func_un_0x100004870,209909,True
func_un_0x10000487a,208789,True
func_un_0x10000487c,210090,False
func_un_0x10000487e,208438,True
func_un_0x100004886,209205,True
func_un_0x100004894,209113,False
func_un_0x10000656b,208380,False
func_un_0x1000065be,209944,True
func_un_0x10000663d,209180,True
func_un_0x100006c6b,210119,True
func_un_0x100006c6f,209238,True
func_un_0x100007370,208170,False
func_unknown_0x100000206,208921,False
func_unknown_0x100001564,209277,True
func_unknown_0x10000162f,209827,True
func_unknown_0x100001747,208411,True
func_unknown_0x10000175d,209383,False
func_unknown_0x100001798,208739,True
func_unknown_0x1000017a0,208266,True
func_unknown_0x1000017b2,210080,False
func_unknown_0x100001901,208501,True
func_unknown_0x10000190b,209192,True
func_unknown_0x100001cc2,210097,True
func_unknown_0x100001e20,208654,True
func_unknown_0x100002cae,209681,False
func_unknown_0x1000034b3,208850,True
func_unknown_0x1000034bb,208341,False
func_unknown_0x1000034c5,209814,False
func_unknown_0x100003d8b,209658,True
func_unknown_0x100004666,209628,True
func_unknown_0x100004abb,209309,False
func_unknown_0x100004abd,209575,True
func_unknown_0x100004dfa,209791,False
func_unknown_0x100004dff,209713,False
func_unknown_0x100004e07,210077,False
func_unknown_0x100004e09,209943,False
func_unknown_0x10000539e,208589,True
func_unknown_0x1000053a2,209075,False
func_unknown_0x1000053ff,208715,True
func_unknown_0x100005623,208921,False
func_unknown_0x1000056f4,208936,False
func_unknown_0x1000056f6,208980,False
func_unknown_0x1000056fa,208185,True
func_unknown_0x1000056fc,208337,True
func_unknown_0x1000061cb,210037,False
func_unknown_0x1000061fe,209821,True
func_unknown_0x100006200,209605,True
func_unknown_0x100006705,208162,True
func_unknown_0x10000673d,210033,True
func_unknown_0x10000673f,208872,True
func_unknown_0x100006920,208484,True
func_unknown_0x100006bf1,209528,True
func_unknown_0x1000070b6,208150,True
func_unknown_0x1000073a1,208529,False
func_unknown_0x1000073a9,209635,True
func_unknown_0x1000073af,208158,True
func_unknown_0x1000073b3,208957,True
func_unknown_0x10000748f,208898,False
func_unknown_0x100007491,210071,True
func_ut_0x100002091,210107,True
func_ut_0x10000234c,209132,False
func_ut_0x100002356,208481,True
func_v_0x100000144,209070,False
func_v_0x10000015f,209038,False
func_v_0x1000001c0,209273,False
func_v_0x10000021b,208811,False
func_v_0x1000002b5,208592,True
func_v_0x100000821,209199,True
func_v_0x10000160b,210082,False
func_v_0x1000016d1,209918,True
func_v_0x100001704,209219,False
func_v_0x100001981,209816,True
func_v_0x100001985,210078,True
func_v_0x100001987,210121,False
func_v_0x10000198d,208727,False
func_v_0x100001a43,208196,False
func_v_0x100001a55,208798,False
func_v_0x100001a57,208993,True
func_v_0x100001b8b,209327,True
func_v_0x100001c5a,208442,True
func_v_0x100002fb2,208611,False
func_v_0x1000030b3,209460,True
func_v_0x1000030c1,208354,False
func_v_0x100003184,209154,True
func_v_0x100003193,208414,False
func_v_0x1000031ad,209546,True
func_v_0x1000031b5,209847,True
func_v_0x1000034a1,210107,True
func_v_0x1000037a8,208169,True
func_v_0x1000037b5,209591,True
func_v_0x1000037b7,209499,False
func_v_0x100003815,209947,True
func_v_0x1000038b7,208627,False
func_v_0x100003bb1,208801,False
func_v_0x100003bb3,209305,False
func_v_0x100003bb5,208741,True
func_v_0x100003bb9,208597,False
func_v_0x100003c8a,208323,True
func_v_0x100003ce5,209884,False
func_v_0x100003e24,208786,False
func_v_0x100003ed4,209448,True
func_v_0x100003ed6,208862,False
func_v_0x100003eda,209148,True
func_v_0x100003edc,208811,True
func_v_0x100003ede,209721,False
func_v_0x100004034,209513,False
func_v_0x1000040a6,208181,True
func_v_0x1000040b7,208669,False
func_v_0x1000040c4,210120,True
func_v_0x1000040c6,208373,True
func_v_0x1000040cc,209744,True
func_v_0x1000041b0,210059,False
func_v_0x1000041b2,209283,True
func_v_0x1000041b6,208749,False
func_v_0x1000041b8,208209,False
func_v_0x1000041ba,209407,False
func_v_0x1000041c6,208140,True
func_v_0x100004364,208472,True
func_v_0x10000444f,209175,False
func_v_0x1000044f4,209861,True
func_v_0x1000045e0,209542,False
func_v_0x100004722,209192,False
func_v_0x1000048e9,208939,True
func_v_0x1000048f3,210051,True
func_v_0x100004b5b,209948,True
func_v_0x100005042,209128,False
func_v_0x100005044,209776,True
func_v_0x100005495,209032,False
func_v_0x10000549b,210047,False
func_v_0x1000054a9,208460,False
func_v_0x100005584,210024,True
func_v_0x10000558d,208632,False
func_v_0x10000579a,208970,False
func_v_0x1000057ba,209579,False
func_v_0x1000057be,209804,False
func_v_0x100005c66,209479,True
func_v_0x1000060e4,209973,False
func_v_0x1000060f9,208127,True
func_v_0x100006a20,208354,False
func_v_0x100006a5c,208667,False
func_v_0x100006a6a,209689,True
func_v_0x100006f00,209930,False
func_v_0x100006f06,209651,True
func_v_0x100006f65,208327,False
func_v_0x100007020,208889,False
func_v_0x1000070bd,210058,False
func_v_0x1000070c0,208736,True
func_v_0x100007167,209315,True
func_v_0x1000074b2,208708,True
func_v_0x1000074b4,208461,False
func_v_0x1000077f3,209712,False
func_ve_0x1000015e4,208440,True
func_ve_0x1000015e6,209363,False
func_ve_0x1000015e8,208606,False
func_ve_0x1000015ec,209604,False
func_ve_0x100003635,208802,True
func_ve_0x100003886,209019,True
func_ve_0x1000038a4,208993,True
func_ve_0x1000038a9,208684,True
func_ve_0x1000038ae,208643,False
func_ve_0x100003985,208182,True
func_ve_0x1000039a2,209886,True
func_ve_0x1000039ab,208609,False
func_ve_0x1000039af,208316,True
func_ve_0x1000039b1,208759,True
func_ve_0x1000039b3,209690,False
func_ve_0x1000039b5,208221,True
func_ve_0x10000608e,208934,True
func_ve_0x1000070d4,209627,False
func_ve_0x1000075ed,209568,True
func_ve_0x1000075ef,208737,False
func_ve_0x10000760d,208560,True
func_ve_0x10000761e,208574,False
func_ve_0x100007622,208611,True
func_ve_0x100007639,208206,True
func_ve_0x10000763b,209272,True
func_vn_0x100002574,209157,True
func_vn_0x100005abb,209503,False
func_vn_0x100005b15,210015,False
func_vn_0x100005b2e,210109,True
func_vn_0x100005b3c,209107,True
func_vn_0x100005b3e,208929,False
func_vn_0x100005b44,208365,True
func_vn_0x10000646a,209843,True
func_vn_0x10000646c,209083,True
func_vn_0x10000646e,209294,False
func_vn_0x100006470,209176,True
func_vn_0x100006c8d,209828,True
func_vo_0x100002d7e,208461,False
func_vt_0x100003575,208797,True
func_vt_0x10000363d,208327,True
func_vt_0x10000363f,209969,False
func_vt_0x100003a80,208749,False
func_vt_0x100004270,209645,True
func_vt_0x100004272,210005,False
func_vt_0x100004284,208635,True
func_vt_0x10000428c,208678,True
func_vt_0x100004296,209740,True
func_vt_0x100004a02,209623,False
func_vt_0x100004a04,209631,False
func_vt_0x100004a0f,209661,True
func_vt_0x100004a13,209537,False
func_vt_0x100004a1f,209699,False
func_vt_0x1000065b7,209482,True
func_vt_0x100006638,209404,True
func_vt_0x10000663a,209105,False
func_vt_0x10000664a,209969,True
func_vt_0x10000683b,209284,False
func_vt_0x10000683d,209467,True
func_vt_0x100007260,209055,True
func_vt_0x10000728e,208943,True
func_vt_0x100007290,208294,False
func_vt_0x100007292,208364,False
func_vt_0x100007296,208648,True
func_vt_0x10000729a,208652,False
func_vt_0x10000729e,210105,False
func_vt_0x1000072a2,208959,True
func_vt_0x1000072a6,209829,True
func_vt_0x1000073f4,209900,True
func_vt_0x1000073f8,208681,False
func_vt_0x1000073fa,209695,True
func_vt_0x1000073fc,208832,True
func_vt_0x100007400,209075,True
func_vt_0x100007406,209881,True
func_vt_0x10000740a,209588,False
func_vt_0x10000740e,208996,True
func_vt_0x100007410,208174,False
func_vt_0x100007627,209109,True
func_w0_0x100007719,209332,True
func_w0_0x100007767,208883,False
func_w_0x100000222,208566,True
func_w_0x100001bcf,208159,True
func_w_0x100001bfe,209933,True
func_w_0x100001c06,209281,True
func_w_0x100002476,209101,True
func_w_0x10000247a,208513,True
func_w_0x10000251a,209825,True
func_w_0x10000251c,208448,False
func_w_0x10000251e,208549,False
func_w_0x10000252b,209393,True
func_w_0x10000252d,208421,False
func_w_0x100002c8b,209052,False
func_w_0x100002c8f,209170,True
func_w_0x100002c93,208210,False
func_w_0x100002c97,209633,True
func_w_0x100002c9f,208367,True
func_w_0x100002f8a,208316,False
func_w_0x100002f8c,209111,False
func_w_0x100002f8e,209889,False
func_w_0x100002f90,208424,False
func_w_0x100002f92,208832,True
func_w_0x100002f96,209065,True
func_w_0x100002f98,209745,False
func_w_0x1000031cb,209662,False
func_w_0x100003200,208449,True
func_w_0x10000320e,209356,True
func_w_0x1000034f4,209276,False
func_w_0x100003511,208762,True
func_w_0x1000035b4,209763,True
func_w_0x100003706,208977,False
func_w_0x100003708,208316,False
func_w_0x10000370c,208952,True
func_w_0x100003710,208190,True
func_w_0x100003732,208848,False
func_w_0x1000037d1,209442,False
func_w_0x1000037db,208971,False
func_w_0x1000037dd,208493,True
func_w_0x1000037df,209769,False
func_w_0x100003955,209995,False
func_w_0x10000395d,209614,False
func_w_0x100003964,208251,True
func_w_0x100003966,208487,True
func_w_0x10000396c,208308,False
func_w_0x10000396e,209245,False
func_w_0x100003b0d,209908,False
func_w_0x100003b22,208228,False
func_w_0x100003cee,209668,True
func_w_0x100003e18,209849,False
func_w_0x100003e1b,208265,False
func_w_0x100003e88,208618,False
func_w_0x100003eaa,209840,True
func_w_0x100004394,209156,True
func_w_0x100004757,209598,True
func_w_0x100004759,208938,False
func_w_0x100004d26,208357,True
func_w_0x100004e27,208585,True
func_w_0x100004fb3,209046,False
func_w_0x100004fbd,209472,True
func_w_0x10000501d,209722,True
func_w_0x1000050cd,209110,True
func_w_0x1000050cf,209445,False
func_w_0x1000050d6,209686,True
func_w_0x1000050d8,209954,False
func_w_0x100005481,208462,True
func_w_0x1000054c4,209757,True
func_w_0x1000054d7,209730,False
func_w_0x1000056db,208131,True
func_w_0x100005c39,209519,False
func_w_0x100005c41,209616,False
func_w_0x100005fc1,209848,True
func_w_0x100005fc9,209413,False
func_w_0x100005fcf,209217,False
func_w_0x100005fd3,208736,False
func_w_0x100006070,208396,True
func_w_0x10000635e,208265,False
func_w_0x1000065fb,209866,False
func_w_0x100006749,209731,False
func_w_0x10000674e,208512,False
func_w_0x100006752,208258,True
func_w_0x1000067c8,208325,True
func_w_0x100006804,208571,False
func_w_0x10000680d,209856,False
func_w_0x10000680f,209765,False
func_w_0x1000068fb,210109,False
func_w_0x100006928,208298,True
func_w_0x10000692d,208201,False
func_w_0x100006945,208575,False
func_w_0x100006949,208422,True
func_w_0x100006961,210047,True
func_w_0x100006965,208961,False
func_w_0x100006a4e,209720,False
func_w_0x100006e1b,209355,False
func_w_0x100006e20,209366,False
func_w_0x100006e22,208333,False
func_w_0x100006f7a,209487,True
func_we_0x100001ec8,209898,True
func_we_0x100002fd3,208939,False
func_we_0x1000035c0,208746,True
func_we_0x100003a3e,208230,True
func_we_0x100003a62,209608,True
func_we_0x100003a92,209828,False
func_we_0x100003aa1,209634,False
func_we_0x100003ab7,209230,True
func_we_0x10000427a,208859,False
func_we_0x1000043b5,208627,True
func_we_0x1000043bf,209875,False
func_we_0x1000043c7,209841,False
func_we_0x1000043d5,208698,False
func_we_0x1000043df,209617,True
func_we_0x10000485a,210052,True
func_we_0x10000485c,208887,False
func_we_0x100004860,209659,False
func_we_0x100005755,209081,False
func_we_0x100005759,208144,False
func_we_0x100005763,208968,False
func_we_0x100005765,209665,False
func_we_0x100005767,209769,True
func_we_0x10000576b,209181,False
func_we_0x100005bba,208534,True
func_we_0x100006841,208531,False
func_we_0x10000725e,209030,False
func_we_0x1000072a8,208621,True
func_we_0x1000072aa,208680,False
func_we_0x100007423,208828,False
func_we_0x100007462,208798,True
func_we_0x100007464,209648,True
func_wi_0x1000077ad,209707,False
func_wn_0x1000025b8,209757,True
func_wn_0x100005880,208126,True
func_wn_0x100005af1,209620,False
func_wn_0x100006221,208571,False
func_wn_0x10000623e,208667,True
func_wn_0x100006292,209713,True
func_wn_0x10000767f,209020,True
func_wn_0x100007689,209915,True
func_wn_0x10000768b,209046,True
func_wn_0x10000768d,209574,False
func_wn_0x10000768f,209073,True
func_wn_0x100007697,208976,False
func_wn_0x100007699,208867,False
func_wn_0x10000769f,208885,True
func_wn_0x1000076a1,208720,False
func_wn_0x1000076af,209939,True
func_wn_0x1000076b5,208988,False
func_wn_0x1000076b7,208370,False
func_wn_0x1000076bb,209866,True
func_wn_0x1000076bd,210045,True
func_wn_0x1000076bf,209705,False
func_wn_0x1000076c5,209258,False
func_wn_0x1000076c7,208720,False
func_wn_0x1000076cd,209036,True
func_wn_0x1000076d3,208837,False
func_wn_0x1000076d9,208546,False
func_wn_0x1000076dd,208398,False
func_wn_0x1000076df,208912,False
func_wn_0x1000076e1,208959,True
func_wn_0x1000076e3,209569,False
func_wn_0x1000076e5,208447,False
func_wt_0x100001e52,208620,False
func_wt_0x100001e54,209576,False
func_wt_0x100001ecf,209073,False
func_wt_0x100003663,208973,False
func_wt_0x10000590e,209280,False
func_wt_0x100005914,210110,True
func_wt_0x100005916,209417,False
func_wt_0x10000641f,209288,False
func_wt_0x100006e0d,209336,True
func_wt_0x100006e11,209917,False
func_wt_0x1000071a3,208830,True
func_wt_0x1000071ad,209286,False
func_wt_0x1000071b3,208538,True
func_x0_0x100004f64,210006,False
func_x0_0x100004f66,208543,False
func_x0_0x100004f76,210083,False
func_x0_0x100004f7c,208148,True
func_x0_0x1000051c9,208800,True
func_x0_0x100007727,209196,False
func_x_0x1000000ac,208676,True
func_x_0x1000000b9,210075,True
func_x_0x100000157,208854,False
func_x_0x1000001b0,209254,False
func_x_0x100000215,208527,True
func_x_0x100000249,208256,True
func_x_0x10000025b,208173,True
func_x_0x1000002da,210112,True
func_x_0x100000340,209229,False
func_x_0x100000352,208556,True
func_x_0x100000358,208977,True
func_x_0x10000038d,209879,True
func_x_0x1000003b2,209448,True
func_x_0x10000041d,209182,False
func_x_0x100000436,209457,False
func_x_0x10000044f,208951,False
func_x_0x100000471,208408,True
func_x_0x10000079a,208966,True
func_x_0x1000007c9,208236,True
func_x_0x1000007ec,209011,True
func_x_0x100000800,209927,False
func_x_0x100000818,209976,False
func_x_0x100000867,208594,True
func_x_0x100000891,208971,False
func_x_0x100001505,209009,True
func_x_0x1000018c0,209923,False
func_x_0x1000019f6,210122,True
func_x_0x100001b95,210042,False
func_x_0x100001f53,208541,False
func_x_0x100001f60,209680,False
func_x_0x10000241b,209955,False
func_x_0x100002551,209004,True
func_x_0x100002a49,209749,False
func_x_0x100002ed8,208434,False
func_x_0x100002f0f,208383,False
func_x_0x100003015,208860,True
func_x_0x100003089,209221,True
func_x_0x100003146,209303,False
func_x_0x1000031ee,208437,False
func_x_0x100003279,208660,True
func_x_0x10000330d,208926,True
func_x_0x100003363,208891,True
func_x_0x10000339d,209267,True
func_x_0x10000342d,209474,False
func_x_0x100003773,209694,True
func_x_0x100003826,209105,False
func_x_0x100003b35,209405,False
func_x_0x100003b9b,208182,True
func_x_0x100003c09,208959,False
func_x_0x100003d0a,209363,False
func_x_0x100003d8e,208258,True
func_x_0x100003d97,209896,True
func_x_0x100003ddb,208567,False
func_x_0x100003e48,208195,True
func_x_0x100003ec5,208931,False
func_x_0x1000040d0,209212,False
func_x_0x100004102,209130,False
func_x_0x10000411c,208996,True
func_x_0x100004127,209768,False
func_x_0x100004146,209708,False
func_x_0x10000417e,209861,False
func_x_0x10000419a,209812,True
func_x_0x10000423d,208958,False
func_x_0x10000446c,208810,False
func_x_0x100004475,209699,True
func_x_0x10000448c,209190,True
func_x_0x100004494,209092,True
func_x_0x10000449c,209417,True
func_x_0x1000044a4,208972,True
func_x_0x1000044ac,208968,False
func_x_0x1000044c0,209175,False
func_x_0x1000044ca,209337,False
func_x_0x1000044d5,208207,True
func_x_0x100004512,209374,False
func_x_0x10000451a,208755,False
func_x_0x100004523,208323,False
func_x_0x100004535,208605,True
func_x_0x10000453d,208979,False
func_x_0x100004546,210000,False
func_x_0x100004549,209749,False
func_x_0x10000455f,208490,False
func_x_0x100004567,208395,False
func_x_0x10000456f,208281,False
func_x_0x100004577,208333,False
func_x_0x100004580,209753,True
func_x_0x100004588,209362,False
func_x_0x100004590,208366,False
func_x_0x100004599,209887,True
func_x_0x1000046eb,208165,True
func_x_0x100004727,208609,True
func_x_0x100004773,209749,True
func_x_0x10000479b,209045,False
func_x_0x10000479f,209820,False
func_x_0x1000047a5,208971,True
func_x_0x1000047a9,209103,False
func_x_0x1000047b6,209855,False
func_x_0x1000048dc,209554,True
func_x_0x1000048ed,209359,False
func_x_0x1000048f7,208233,True
func_x_0x100004922,208500,True
func_x_0x100004926,209200,False
func_x_0x10000498e,208982,True
func_x_0x100004a5d,209693,False
func_x_0x100004e1b,210063,False
func_x_0x100004fa3,209138,True
func_x_0x100004fe6,208300,True
func_x_0x100004fee,208589,False
func_x_0x100005023,209195,False
func_x_0x100005083,208179,True
func_x_0x100005274,208509,True
func_x_0x1000055ef,209448,False
func_x_0x1000056af,208341,True
func_x_0x1000058b6,208759,False
func_x_0x100005954,208979,True
func_x_0x100005c12,209958,True
func_x_0x100005e76,208635,False
func_x_0x100005ed8,209244,True
func_x_0x100006126,209943,True
func_x_0x10000662e,209749,True
func_x_0x1000069ad,208565,False
func_x_0x100006a5f,209701,True
func_x_0x100006df9,208918,False
func_x_0x1000072df,209607,False
func_x_0x100007817,208654,False
func_xe_0x1000015b1,209905,True
func_xe_0x100001e22,209843,False
func_xe_0x1000034d0,208263,True
func_xe_0x1000034d2,209382,False
func_xe_0x1000035df,208420,False
func_xe_0x100004068,209547,True
func_xe_0x10000406a,208251,False
func_xe_0x10000464a,208305,False
func_xe_0x100005661,208563,True
func_xe_0x1000057f4,210010,False
func_xe_0x1000058a3,208846,True
func_xe_0x10000590d,209114,False
func_xe_0x1000059c7,208904,True
func_xe_0x1000059d1,209501,False
func_xe_0x100005eab,208395,False
func_xe_0x100005eb1,208200,True
func_xe_0x100005eb3,208756,True
func_xe_0x100005eb7,210120,False
func_xe_0x100005eb9,208221,False
func_xe_0x100005ebf,209085,True
func_xe_0x100005ec5,209029,False
func_xe_0x100005ecd,209494,True
func_xe_0x100005ed1,209112,False
func_xe_0x100006152,208531,True
func_xe_0x1000063eb,208277,False
func_xe_0x1000063ed,208530,True
func_xe_0x10000682a,209845,False
func_xe_0x100006891,209005,False
func_xe_0x100006895,208511,True
func_xe_0x100006897,209358,False
func_xe_0x100006899,208276,False
func_xe_0x10000689c,210111,True
func_xe_0x1000069c3,208634,False
func_xe_0x1000069ca,210091,True
func_xe_0x1000069cc,209187,False
func_xe_0x1000069ce,209172,False
func_xe_0x1000069e3,209838,True
func_xe_0x1000069e5,208346,False
func_xe_0x100006b01,208434,False
func_xe_0x100006b03,209425,False
func_xe_0x100006b05,208396,False
func_xe_0x100006b44,209241,False
func_xe_0x100006b48,209209,True
func_xe_0x100006b4d,209829,True
func_xe_0x100006b51,208827,False
func_xe_0x100006b53,209157,False
func_xe_0x100006b55,209931,True
func_xe_0x100006eec,209402,False
func_xe_0x100006fc2,208557,False
func_xe_0x100006fc6,209328,True
func_xe_0x100006fd3,208703,False
func_xe_0x100006fd8,208909,True
func_xe_0x100006fdc,208612,True
func_xe_0x10000700b,209042,False
func_xe_0x100007377,209348,True
func_xe_0x10000738e,208594,True
func_xi_0x100002d4a,208271,False
func_xi_0x100002d4e,208193,False
func_xi_0x100002d52,209878,True
func_xi_0x100002d54,209703,True
func_xi_0x100002d58,208365,True
func_xi_0x100002d5e,209483,True
func_xi_0x100002d60,208681,True
func_xi_0x100002d66,209824,False
func_xi_0x100002d72,208792,False
func_xi_0x100002d76,209337,True
func_xi_0x100002d7a,209116,False
func_xi_0x1000077b8,208193,False
func_xn_0x100000636,209684,True
func_xn_0x100005b32,208550,False
func_xn_0x100005b53,209434,False
func_xn_0x100005b5e,208517,True
func_xn_0x100006460,210107,False
func_xn_0x100006469,209583,True
func_xn_0x100006cb3,209878,True
func_xo_0x1000029ef,208427,False
func_xo_0x1000029f1,209854,False
func_xr_0x100002d81,209261,True
func_xr_0x100002d85,209407,True
func_xr_0x100002d87,209773,False
func_xr_0x100002d89,208948,False
func_xt_0x100000699,209835,True
func_xt_0x10000069b,209564,True
func_xt_0x10000181a,208622,False
func_xt_0x10000181c,208994,False
func_xt_0x100005ae1,208243,False
func_xt_0x100005b04,209876,False
func_xt_0x100005b08,209015,False
func_xt_0x100005b0f,209461,True
func_xt_0x100005b11,209261,True
func_xt_0x100005b13,209641,True
func_xt_0x100005b2c,208390,False
func_xt_0x100005b46,210082,True
func_xt_0x100006476,209404,False
func_xt_0x100006c78,209883,False
func_xt_0x100006c7e,209363,True
func_y0_0x100004f54,210018,False
func_y0_0x100004f5c,208152,True
func_y0_0x100004f5e,209480,False
func_y0_0x100004f62,208442,False
func_y0_0x10000779e,209292,False
func_y_0x10000022a,208980,False
func_y_0x100001bb2,209875,False
func_y_0x100001bb9,209831,False
func_y_0x100001bca,209492,True
func_y_0x100001d59,209596,False
func_y_0x100001d8a,209422,False
func_y_0x100001e1a,209268,False
func_y_0x100002464,208603,True
func_y_0x100002470,208576,True
func_y_0x100002472,209762,False
func_y_0x100002478,209938,False
func_y_0x10000247c,208373,True
func_y_0x100002c7f,209809,True
func_y_0x100002c85,209669,True
func_y_0x100002c87,209280,True
func_y_0x100002c89,209873,True
func_y_0x100002c8d,208661,False
func_y_0x100002c91,209747,True
func_y_0x100002c9b,208512,True
func_y_0x100002c9d,208942,True
func_y_0x100002ca5,208552,False
func_y_0x100002ca7,208249,False
func_y_0x100002ca9,208522,True
func_y_0x100002f9c,208719,True
func_y_0x100002fa6,209522,False
func_y_0x1000031c4,209380,True
func_y_0x100003213,209064,True
func_y_0x1000035a7,208584,True
func_y_0x1000035a9,209994,True
func_y_0x1000035ad,209741,True
func_y_0x1000036d2,208710,True
func_y_0x10000372b,209627,True
func_y_0x10000373c,209425,True
func_y_0x1000037d3,208136,True
func_y_0x100003960,209019,True
func_y_0x100003c65,210102,False
func_y_0x100003cf0,209412,True
func_y_0x100003cf2,208798,True
func_y_0x100004392,209074,True
func_y_0x10000475b,209638,True
func_y_0x10000491e,209514,False
func_y_0x100004bd9,209430,False
func_y_0x100004fdb,210066,False
func_y_0x100005010,209800,True
func_y_0x100005014,208209,True
func_y_0x100005016,209058,True
func_y_0x100005018,209952,True
func_y_0x10000501a,209114,True
func_y_0x1000050c1,208720,False
func_y_0x1000050c3,208543,False
func_y_0x1000050c9,208812,False
func_y_0x1000050cb,209351,False
func_y_0x1000054c7,208926,False
func_y_0x1000054e1,209763,True
func_y_0x100005602,209386,True
func_y_0x100005702,209849,False
func_y_0x10000572f,209337,True
func_y_0x100005c37,209760,False
func_y_0x100005fcb,209274,False
func_y_0x100005fcd,208283,False
func_y_0x100005fd1,209831,True
func_y_0x100005fd7,209615,False
func_y_0x100005fd9,208182,False
func_y_0x100006073,209668,False
func_y_0x1000060d6,208818,False
func_y_0x1000060de,209762,True
func_y_0x100006371,208506,False
func_y_0x100006623,209859,False
func_y_0x100006800,210043,True
func_y_0x100006806,208667,False
func_y_0x100006927,208501,False
func_y_0x100006943,209699,False
func_y_0x100006963,210011,False
func_y_0x100006a34,209165,False
func_y_0x100006a38,208520,False
func_y_0x100006a3e,208865,False
func_y_0x100006a4a,209202,True
func_y_0x100006a4c,210015,False
func_y_0x100006e19,210080,True
func_ye_0x100001aaa,210079,True
func_ye_0x100001ab6,208928,True
func_ye_0x100001ad6,208395,True
func_ye_0x100001dab,208494,True
func_ye_0x100003a29,210054,True
func_ye_0x100003a2d,208519,False
func_ye_0x100003a31,210024,True
func_ye_0x100003a4b,209169,True
func_ye_0x10000488c,209916,True
func_ye_0x10000576e,209856,False
func_ye_0x100005810,209555,False
func_ye_0x1000065c0,209405,False
func_ye_0x1000065c2,208461,False
func_ye_0x1000072b8,208373,False
func_ye_0x10000734c,208932,True
func_ye_0x10000734e,209808,True
func_ye_0x100007352,209419,True
func_yn_0x100004c4a,209483,False
func_yn_0x100004cc2,208562,True
func_yn_0x100004cce,208652,True
func_yn_0x100004cd0,209704,False
func_yn_0x100006bf5,209789,True
func_yn_0x100006bf7,209622,False
func_yn_0x100006bf9,210030,True
func_yn_0x100006bfb,208401,False
func_yn_0x100007365,209622,True
func_yt_0x100002cfd,210109,True
func_yt_0x100002cff,209770,False
func_yt_0x100002d01,209191,False
func_yt_0x100004f47,210122,True
func_yt_0x1000050de,209750,False
func_yt_0x1000051a1,208822,False
func_yt_0x1000051a5,209303,False
func_yt_0x1000051b6,209503,False
func_yt_0x1000051bc,208988,False
func_yt_0x1000051d4,209718,True
func_yt_0x1000051de,208289,False
func_yt_0x1000051e4,209406,True
func_yt_0x1000051ea,208487,False
func_yt_0x1000051f0,209955,True
func_yt_0x1000051f2,208299,False
func_yt_0x1000051f5,208550,True
func_yt_0x1000051fc,208413,False
func_yt_0x10000520c,208321,True
func_yt_0x10000520e,209847,True
func_yt_0x10000523d,208492,True
func_yt_0x100005245,210092,True
func_yt_0x10000524b,208490,True
func_yt_0x10000524d,209085,False
func_yt_0x100005253,208959,False
func_yt_0x10000775c,208952,True
func_z_0x1000001c3,208350,True
func_z_0x100000316,209322,False
func_z_0x100000318,208152,True
func_z_0x10000081f,208376,True
func_z_0x100000823,208689,False
func_z_0x100001995,209356,False
func_z_0x100001997,209410,True
func_z_0x100001999,209390,True
func_z_0x10000199b,209468,True
func_z_0x10000199d,209494,True
func_z_0x1000019e1,210021,True
func_z_0x100001b82,210095,True
func_z_0x100001b85,208425,False
func_z_0x100003076,209452,False
func_z_0x1000031af,209122,False
func_z_0x1000031b6,208580,True
func_z_0x1000031c2,209108,False
func_z_0x1000036c4,209341,False
func_z_0x1000036c8,209961,True
func_z_0x1000037bb,209255,False
func_z_0x100003cb7,208853,True
func_z_0x100003ce7,209993,True
func_z_0x100003f96,209017,True
func_z_0x1000041ac,209098,False
func_z_0x1000041ae,209047,True
func_z_0x100004223,209666,True
func_z_0x100004229,209816,True
func_z_0x100004247,208674,True
func_z_0x1000045de,208654,True
func_z_0x10000469a,208887,True
func_z_0x1000048d0,208970,False
func_z_0x1000048d2,209056,False
func_z_0x100004a9e,209716,False
func_z_0x100004b5d,208197,True
func_z_0x100004bb7,209643,False
func_z_0x100004cf5,209812,False
func_z_0x1000050c0,209190,False
func_z_0x100005493,208316,True
func_z_0x10000556c,208400,True
func_z_0x100005572,209620,False
func_z_0x100005d7c,208416,True
func_z_0x1000060e2,208900,True
func_z_0x10000610e,208528,True
func_z_0x100006118,209767,True
func_z_0x10000611d,208292,True
func_z_0x100006a66,208517,True
func_z_0x100006af3,209792,False
func_z_0x100006be5,209633,True
func_z_0x100006f61,210059,False
func_z_0x100006f63,209769,True
func_z_0x1000075c9,208270,False
func_z_0x1000077e8,208595,True
func_z_0x1000077ec,210024,False
func_ze_0x100001db6,209307,False
func_ze_0x1000035c3,208909,True
func_ze_0x100003a5d,209208,True
func_ze_0x100003a7e,210032,True
func_ze_0x100003a8b,210099,True
func_ze_0x10000426b,208884,True
func_ze_0x10000427c,210043,False
func_ze_0x10000429a,209417,False
func_ze_0x10000485e,209164,True
func_ze_0x100004864,209495,True
func_ze_0x100004893,209192,False
func_ze_0x1000049f8,209822,False
func_ze_0x100004a00,208176,True
func_ze_0x100004a11,208426,True
func_ze_0x100004a15,208347,False
func_ze_0x100004a21,209252,True
func_ze_0x1000065af,208179,False
func_ze_0x100006646,208265,True
func_ze_0x100006696,209206,False
func_ze_0x100006698,208976,False
func_ze_0x10000669e,208520,True
func_ze_0x1000066a0,208176,True
func_ze_0x100006bbb,210105,False
func_ze_0x10000723c,209627,True
func_ze_0x10000726d,208734,True
func_ze_0x1000073f6,209732,True
func_ze_0x1000073fe,208624,True
func_ze_0x100007402,208872,True
func_ze_0x100007404,209573,False
func_ze_0x100007408,209565,False
func_ze_0x10000740c,209610,False
func_ze_0x100007412,208488,True
func_ze_0x100007419,210026,True
func_ze_0x10000741d,210033,True
func_ze_0x10000741f,209558,False
func_ze_0x100007434,209183,False
func_ze_0x10000743b,208842,True
func_ze_0x100007443,208139,True
func_ze_0x100007446,208523,True
func_ze_0x100007456,209032,False
func_ze_0x10000745e,209068,False
func_zn_0x100004c6d,209487,False
func_zn_0x100004c72,209682,True
func_zn_0x100004c80,208284,False
func_zn_0x100007358,209273,True
func_zn_0x10000754e,209704,False
func_zn_0x100007554,209369,True
func_zn_0x100007565,209927,False
func_zn_0x100007567,208164,False
func_zn_0x100007569,208701,True
func_zn_0x10000756b,209805,False
func_zn_0x100007571,208189,True
func_zn_0x100007575,208786,True
func_zn_0x100007577,208726,False
func_zn_0x100007579,209012,True
func_zn_0x10000757f,208683,False
func_zn_0x100007581,208998,False
func_zn_0x100007583,209162,False
func_zn_0x100007585,209111,False
func_zn_0x100007589,208545,False
func_zn_0x10000758d,208430,False
func_zn_0x10000758f,209922,False
func_zn_0x100007591,209096,True
func_zn_0x100007599,209917,False
func_zn_0x1000075a3,209621,False
func_zn_0x1000075a7,208280,True
func_zt_0x100001aab,209561,False
func_zt_0x100001ab9,209141,False
func_zt_0x100001abf,209860,True
func_zt_0x100001ac1,208226,False
func_zt_0x100002b1f,208787,True
func_zt_0x100005cd8,209787,True
func_zt_0x100006c45,209860,False
